csv_path,status,rows,window_count,true_label,true_label_name,predicted_label,predicted_label_name,score,decision_scope,decision_reason,decision_window_count,attack_window_count,attack_window_fraction,correct_if_labeled,authentic_score_mean,authentic_score_max,modified_altitude_score_max,modified_speed_score_max,modified_position_score_max,all_authentic_score_max,all_modified_altitude_score_max,all_modified_speed_score_max,all_modified_position_score_max,error
poison/poisceb/datapoiscebpar/poisalt_ceb_3e31b26e.csv,ok,374,16,1,modified_altitude,1,modified_altitude,0.9999995231628418,all_windows,qualified_attack_window,16,8,0.5,True,0.48308664560317993,0.9913849830627441,0.9999995231628418,0.026915481314063072,0.033369988203048706,0.9913849830627441,0.9999995231628418,0.026915481314063072,0.033369988203048706,
poison/poisceb/datapoiscebpar/poisalt_ceb_3e333998.csv,ok,351,14,1,modified_altitude,1,modified_altitude,0.9999904632568359,all_windows,qualified_attack_window,14,7,0.5,True,0.4846150279045105,0.9936256408691406,0.9999904632568359,0.028070058673620224,0.6189064979553223,0.9936256408691406,0.9999904632568359,0.028070058673620224,0.6189064979553223,
poison/poisceb/datapoiscebpar/poisalt_ceb_3e3a6fe9.csv,ok,336,14,1,modified_altitude,1,modified_altitude,1.0,all_windows,qualified_attack_window,14,7,0.5,True,0.4917394518852234,0.9997840523719788,1.0,0.023314418271183968,0.027417398989200592,0.9997840523719788,1.0,0.023314418271183968,0.027417398989200592,
poison/poisceb/datapoiscebpar/poisalt_ceb_3e3af6b6.csv,ok,281,10,1,modified_altitude,1,modified_altitude,1.0,all_windows,qualified_attack_window,10,9,0.9,True,0.09677256643772125,0.9577934741973877,1.0,0.010337595827877522,0.019982481375336647,0.9577934741973877,1.0,0.010337595827877522,0.019982481375336647,
poison/poisceb/datapoiscebpar/poisalt_ceb_3e3d2ac0.csv,ok,332,13,1,modified_altitude,1,modified_altitude,1.0,all_windows,qualified_attack_window,13,9,0.6923076923076923,True,0.3009440004825592,0.9929885864257812,1.0,0.00399006949737668,0.04152882099151611,0.9929885864257812,1.0,0.00399006949737668,0.04152882099151611,
poison/poisceb/datapoiscebpar/poisalt_ceb_3e3d6a76.csv,ok,315,12,1,modified_altitude,1,modified_altitude,1.0,all_windows,qualified_attack_window,12,9,0.75,True,0.2462083250284195,0.9986377358436584,1.0,0.006488645914942026,0.05847225338220596,0.9986377358436584,1.0,0.006488645914942026,0.05847225338220596,
poison/poisceb/datapoiscebpar/poisalt_ceb_3e3d76da.csv,ok,280,10,1,modified_altitude,1,modified_altitude,1.0,all_windows,qualified_attack_window,10,6,0.6,True,0.38083210587501526,0.9845924973487854,1.0,0.01841101609170437,0.006528990343213081,0.9845924973487854,1.0,0.01841101609170437,0.006528990343213081,
poison/poisceb/datapoiscebpar/poisalt_ceb_3e40837d.csv,ok,505,24,1,modified_altitude,1,modified_altitude,0.9983192086219788,all_windows,qualified_attack_window,24,8,0.3333333333333333,True,0.6494052410125732,0.9941256046295166,0.9983192086219788,0.6901165246963501,0.020954042673110962,0.9941256046295166,0.9983192086219788,0.6901165246963501,0.020954042673110962,
poison/poisceb/datapoiscebpar/poisalt_ceb_3e493aea.csv,ok,304,12,1,modified_altitude,1,modified_altitude,0.9999777674674988,all_windows,qualified_attack_window,12,9,0.75,True,0.24781806766986847,0.9920085072517395,0.9999777674674988,0.006117470562458038,0.42573776841163635,0.9920085072517395,0.9999777674674988,0.006117470562458038,0.42573776841163635,
poison/poisceb/datapoiscebpar/poisalt_ceb_3e4bb0ba.csv,ok,379,16,1,modified_altitude,1,modified_altitude,0.9999998807907104,all_windows,qualified_attack_window,16,9,0.5625,True,0.42924872040748596,0.9906895756721497,0.9999998807907104,0.00537865562364459,0.015213802456855774,0.9906895756721497,0.9999998807907104,0.00537865562364459,0.015213802456855774,
poison/poisceb/datapoiscebpar/poisalt_ceb_3e501ab1.csv,ok,363,15,1,modified_altitude,1,modified_altitude,1.0,all_windows,qualified_attack_window,15,8,0.5333333333333333,True,0.381245881319046,0.987332284450531,1.0,0.07552140951156616,0.04704412445425987,0.987332284450531,1.0,0.07552140951156616,0.04704412445425987,
poison/poisceb/datapoiscebpar/poisalt_ceb_3e50b1fe.csv,ok,340,14,1,modified_altitude,1,modified_altitude,0.999902069568634,all_windows,qualified_attack_window,14,11,0.7857142857142857,True,0.2043246030807495,0.9644086956977844,0.999902069568634,0.015321311540901661,0.019389715045690536,0.9644086956977844,0.999902069568634,0.015321311540901661,0.019389715045690536,
poison/poisceb/datapoiscebpar/poisalt_ceb_3e53b807.csv,ok,338,14,1,modified_altitude,1,modified_altitude,1.0,all_windows,qualified_attack_window,14,9,0.6428571428571429,True,0.3531317412853241,0.9939278364181519,1.0,0.0059635634534060955,0.016025016084313393,0.9939278364181519,1.0,0.0059635634534060955,0.016025016084313393,
poison/poisceb/datapoiscebpar/poisalt_ceb_3e5425d4.csv,ok,368,16,1,modified_altitude,1,modified_altitude,1.0,all_windows,qualified_attack_window,16,9,0.5625,True,0.43328773975372314,0.9965239763259888,1.0,0.0056067053228616714,0.006643590051680803,0.9965239763259888,1.0,0.0056067053228616714,0.006643590051680803,
poison/poisceb/datapoiscebpar/poisalt_ceb_3e546be4.csv,ok,349,14,1,modified_altitude,1,modified_altitude,1.0,all_windows,qualified_attack_window,14,9,0.6428571428571429,True,0.2768714129924774,0.8664392232894897,1.0,0.06270568072795868,0.054336078464984894,0.8664392232894897,1.0,0.06270568072795868,0.054336078464984894,
poison/poisceb/datapoiscebpar/poisalt_ceb_3e579969.csv,ok,368,16,1,modified_altitude,1,modified_altitude,1.0,all_windows,qualified_attack_window,16,8,0.5,True,0.4454927444458008,0.9781495928764343,1.0,0.0443619005382061,0.017644112929701805,0.9781495928764343,1.0,0.0443619005382061,0.017644112929701805,
poison/poisceb/datapoiscebpar/poisalt_ceb_3e5f3e78.csv,ok,331,13,1,modified_altitude,1,modified_altitude,1.0,all_windows,qualified_attack_window,13,7,0.5384615384615384,True,0.44387370347976685,0.9878019690513611,1.0,0.021633200347423553,0.012868016958236694,0.9878019690513611,1.0,0.021633200347423553,0.012868016958236694,
poison/poisceb/datapoiscebpar/poisalt_ceb_3e66722b.csv,ok,274,10,1,modified_altitude,1,modified_altitude,0.9986935257911682,all_windows,qualified_attack_window,10,7,0.7,True,0.29818734526634216,0.9952396154403687,0.9986935257911682,0.0077153099700808525,0.006623172666877508,0.9952396154403687,0.9986935257911682,0.0077153099700808525,0.006623172666877508,
poison/poisceb/datapoiscebpar/poisalt_ceb_3e68cadd.csv,ok,325,13,1,modified_altitude,1,modified_altitude,0.9999998807907104,all_windows,qualified_attack_window,13,7,0.5384615384615384,True,0.4146345257759094,0.9529060125350952,0.9999998807907104,0.05080314725637436,0.06558449566364288,0.9529060125350952,0.9999998807907104,0.05080314725637436,0.06558449566364288,
poison/poisceb/datapoiscebpar/poisalt_ceb_3e6c9276.csv,ok,369,16,1,modified_altitude,1,modified_altitude,1.0,all_windows,qualified_attack_window,16,10,0.625,True,0.3621465861797333,0.9884682297706604,1.0,0.021008946001529694,0.018196003511548042,0.9884682297706604,1.0,0.021008946001529694,0.018196003511548042,
poison/poisceb/datapoiscebpar/poisalt_ceb_3e6d4241.csv,ok,327,13,1,modified_altitude,1,modified_altitude,1.0,all_windows,qualified_attack_window,13,8,0.6153846153846154,True,0.3736386001110077,0.9882341027259827,1.0,0.011483786627650261,0.010120825842022896,0.9882341027259827,1.0,0.011483786627650261,0.010120825842022896,
poison/poisceb/datapoiscebpar/poisalt_ceb_3e703572.csv,ok,324,13,1,modified_altitude,1,modified_altitude,1.0,all_windows,qualified_attack_window,13,6,0.46153846153846156,True,0.525226891040802,0.9978902339935303,1.0,0.022634750232100487,0.026474878191947937,0.9978902339935303,1.0,0.022634750232100487,0.026474878191947937,
poison/poisceb/datapoiscebpar/poisalt_ceb_3e7480bb.csv,ok,313,12,1,modified_altitude,1,modified_altitude,0.9999972581863403,all_windows,qualified_attack_window,12,10,0.8333333333333334,True,0.16021393239498138,0.9761993288993835,0.9999972581863403,0.22724592685699463,0.030667703598737717,0.9761993288993835,0.9999972581863403,0.22724592685699463,0.030667703598737717,
poison/poisceb/datapoiscebpar/poisalt_ceb_3e77701f.csv,ok,410,18,1,modified_altitude,1,modified_altitude,1.0,all_windows,qualified_attack_window,18,8,0.4444444444444444,True,0.541213870048523,0.9948910474777222,1.0,0.01269778423011303,0.02713817171752453,0.9948910474777222,1.0,0.01269778423011303,0.02713817171752453,
poison/poisceb/datapoiscebpar/poisalt_ceb_3e8c2986.csv,ok,379,16,1,modified_altitude,1,modified_altitude,0.9999998807907104,all_windows,qualified_attack_window,16,8,0.5,True,0.4908583164215088,0.9945688247680664,0.9999998807907104,0.0106209060177207,0.015443610958755016,0.9945688247680664,0.9999998807907104,0.0106209060177207,0.015443610958755016,
poison/poisceb/datapoiscebpar/poisalt_ceb_3e8fc79a.csv,ok,297,11,1,modified_altitude,1,modified_altitude,1.0,all_windows,qualified_attack_window,11,10,0.9090909090909091,True,0.07791706919670105,0.8549759984016418,1.0,0.08622622489929199,0.08299650996923447,0.8549759984016418,1.0,0.08622622489929199,0.08299650996923447,
poison/poisceb/datapoiscebpar/poisalt_ceb_3e92469e.csv,ok,325,13,1,modified_altitude,1,modified_altitude,1.0,all_windows,qualified_attack_window,13,7,0.5384615384615384,True,0.44682663679122925,0.9854045510292053,1.0,0.012836729176342487,0.023066101595759392,0.9854045510292053,1.0,0.012836729176342487,0.023066101595759392,
poison/poisceb/datapoiscebpar/poisalt_ceb_3e9395bd.csv,ok,294,11,1,modified_altitude,1,modified_altitude,0.9991438388824463,all_windows,qualified_attack_window,11,7,0.6363636363636364,True,0.3306540250778198,0.9500729441642761,0.9991438388824463,0.039034176617860794,0.031437911093235016,0.9500729441642761,0.9991438388824463,0.039034176617860794,0.031437911093235016,
poison/poisceb/datapoiscebpar/poisalt_ceb_3e93b2d9.csv,ok,306,12,1,modified_altitude,1,modified_altitude,1.0,all_windows,qualified_attack_window,12,9,0.75,True,0.24393314123153687,0.9791128635406494,1.0,0.007110356818884611,0.011217305436730385,0.9791128635406494,1.0,0.007110356818884611,0.011217305436730385,
poison/poisceb/datapoiscebpar/poisalt_ceb_3e9641ad.csv,ok,368,16,1,modified_altitude,1,modified_altitude,1.0,all_windows,qualified_attack_window,16,9,0.5625,True,0.43409448862075806,0.9984278082847595,1.0,0.00494570704177022,0.006696621887385845,0.9984278082847595,1.0,0.00494570704177022,0.006696621887385845,
poison/poisceb/datapoiscebpar/poisalt_ceb_3e9af3eb.csv,ok,380,16,1,modified_altitude,1,modified_altitude,1.0,all_windows,qualified_attack_window,16,8,0.5,True,0.4824773073196411,0.9934359788894653,1.0,0.02621644362807274,0.06174253299832344,0.9934359788894653,1.0,0.02621644362807274,0.06174253299832344,
poison/poisceb/datapoiscebpar/poisalt_ceb_3e9b47c3.csv,ok,356,15,1,modified_altitude,1,modified_altitude,0.9968223571777344,all_windows,qualified_attack_window,15,8,0.5333333333333333,True,0.45507270097732544,0.9729087352752686,0.9968223571777344,0.15144436061382294,0.025867585092782974,0.9729087352752686,0.9968223571777344,0.15144436061382294,0.025867585092782974,
poison/poisceb/datapoiscebpar/poisalt_ceb_3e9f288f.csv,ok,396,17,1,modified_altitude,1,modified_altitude,1.0,all_windows,qualified_attack_window,17,11,0.6470588235294118,True,0.3505200445652008,0.9711868166923523,1.0,0.038760699331760406,0.018216023221611977,0.9711868166923523,1.0,0.038760699331760406,0.018216023221611977,
poison/poisceb/datapoiscebpar/poisalt_ceb_3e9f427d.csv,ok,300,11,1,modified_altitude,1,modified_altitude,1.0,all_windows,qualified_attack_window,11,8,0.7272727272727273,True,0.25889161229133606,0.9715185761451721,1.0,0.010953046381473541,0.04517624154686928,0.9715185761451721,1.0,0.010953046381473541,0.04517624154686928,
poison/poisceb/datapoiscebpar/poisalt_ceb_3ea18fc1.csv,ok,354,15,1,modified_altitude,1,modified_altitude,1.0,all_windows,qualified_attack_window,15,10,0.6666666666666666,True,0.3285628855228424,0.9952120780944824,1.0,0.010405207984149456,0.005530118010938168,0.9952120780944824,1.0,0.010405207984149456,0.005530118010938168,
poison/poisceb/datapoiscebpar/poisalt_ceb_3ea27a49.csv,ok,326,13,1,modified_altitude,1,modified_altitude,1.0,all_windows,qualified_attack_window,13,8,0.6153846153846154,True,0.3770532011985779,0.992243230342865,1.0,0.06329432874917984,0.015352840535342693,0.992243230342865,1.0,0.06329432874917984,0.015352840535342693,
poison/poisceb/datapoiscebpar/poisalt_ceb_3ea4e474.csv,ok,357,15,1,modified_altitude,1,modified_altitude,0.9999153017997742,all_windows,qualified_attack_window,15,8,0.5333333333333333,True,0.4555743634700775,0.9925232529640198,0.9999153017997742,0.01461528055369854,0.019475121051073074,0.9925232529640198,0.9999153017997742,0.01461528055369854,0.019475121051073074,
poison/poisceb/datapoiscebpar/poisalt_ceb_3ea56fc5.csv,ok,272,10,1,modified_altitude,1,modified_altitude,0.9815966486930847,all_windows,qualified_attack_window,10,4,0.4,True,0.5957533121109009,0.9517819285392761,0.9815966486930847,0.04483584314584732,0.04249151423573494,0.9517819285392761,0.9815966486930847,0.04483584314584732,0.04249151423573494,
poison/poisceb/datapoiscebpar/poisalt_ceb_3ea85858.csv,ok,368,16,1,modified_altitude,1,modified_altitude,1.0,all_windows,qualified_attack_window,16,8,0.5,True,0.49277520179748535,0.9962138533592224,1.0,0.010018749162554741,0.012159477919340134,0.9962138533592224,1.0,0.010018749162554741,0.012159477919340134,
poison/poisceb/datapoiscebpar/poisalt_ceb_3eac3581.csv,ok,321,13,1,modified_altitude,1,modified_altitude,1.0,all_windows,qualified_attack_window,13,8,0.6153846153846154,True,0.38152509927749634,0.9974186420440674,1.0,0.004963896237313747,0.012370382435619831,0.9974186420440674,1.0,0.004963896237313747,0.012370382435619831,
poison/poisceb/datapoiscebpar/poisalt_ceb_3eac426b.csv,ok,326,13,1,modified_altitude,1,modified_altitude,0.9993639588356018,all_windows,qualified_attack_window,13,7,0.5384615384615384,True,0.45685136318206787,0.9960101246833801,0.9993639588356018,0.017002416774630547,0.0854332372546196,0.9960101246833801,0.9993639588356018,0.017002416774630547,0.0854332372546196,
poison/poisceb/datapoiscebpar/poisalt_ceb_3eb0c211.csv,ok,381,16,1,modified_altitude,1,modified_altitude,0.9985503554344177,all_windows,qualified_attack_window,16,8,0.5,True,0.4841631352901459,0.9860459566116333,0.9985503554344177,0.39281079173088074,0.027905981987714767,0.9860459566116333,0.9985503554344177,0.39281079173088074,0.027905981987714767,
poison/poisceb/datapoiscebpar/poisalt_ceb_3eb1117e.csv,ok,315,12,1,modified_altitude,1,modified_altitude,1.0,all_windows,qualified_attack_window,12,7,0.5833333333333334,True,0.38905856013298035,0.9908693432807922,1.0,0.06119498237967491,0.03768913820385933,0.9908693432807922,1.0,0.06119498237967491,0.03768913820385933,
poison/poisceb/datapoiscebpar/poisalt_ceb_3eb43ed1.csv,ok,354,15,1,modified_altitude,1,modified_altitude,0.9999996423721313,all_windows,qualified_attack_window,15,8,0.5333333333333333,True,0.45602402091026306,0.9945023059844971,0.9999996423721313,0.02374834194779396,0.013398607261478901,0.9945023059844971,0.9999996423721313,0.02374834194779396,0.013398607261478901,
poison/poisceb/datapoiscebpar/poisalt_ceb_3eb5439f.csv,ok,293,11,1,modified_altitude,1,modified_altitude,1.0,all_windows,qualified_attack_window,11,6,0.5454545454545454,True,0.43300482630729675,0.980891764163971,1.0,0.019642703235149384,0.026425836607813835,0.980891764163971,1.0,0.019642703235149384,0.026425836607813835,
poison/poisceb/datapoiscebpar/poisalt_ceb_3ebbb4fb.csv,ok,331,13,1,modified_altitude,1,modified_altitude,1.0,all_windows,qualified_attack_window,13,9,0.6923076923076923,True,0.2942436635494232,0.9752193689346313,1.0,0.023128081113100052,0.006184686906635761,0.9752193689346313,1.0,0.023128081113100052,0.006184686906635761,
poison/poisceb/datapoiscebpar/poisalt_ceb_3ebbca4e.csv,ok,364,15,1,modified_altitude,1,modified_altitude,1.0,all_windows,qualified_attack_window,15,11,0.7333333333333333,True,0.25723597407341003,0.9850894212722778,1.0,0.014945314265787601,0.019658038392663002,0.9850894212722778,1.0,0.014945314265787601,0.019658038392663002,
poison/poisceb/datapoiscebpar/poisalt_ceb_3ebf228b.csv,ok,356,15,1,modified_altitude,1,modified_altitude,0.9999995231628418,all_windows,qualified_attack_window,15,8,0.5333333333333333,True,0.45224082469940186,0.9926913976669312,0.9999995231628418,0.02975335530936718,0.03892073780298233,0.9926913976669312,0.9999995231628418,0.02975335530936718,0.03892073780298233,
poison/poisceb/datapoiscebpar/poisalt_ceb_3ec015cb.csv,ok,321,13,1,modified_altitude,1,modified_altitude,1.0,all_windows,qualified_attack_window,13,7,0.5384615384615384,True,0.4176778495311737,0.980693519115448,1.0,0.05213780701160431,0.022243721410632133,0.980693519115448,1.0,0.05213780701160431,0.022243721410632133,
poison/poisceb/datapoiscebpar/poisalt_ceb_3ec27de9.csv,ok,401,18,1,modified_altitude,1,modified_altitude,0.9991655945777893,all_windows,qualified_attack_window,18,10,0.5555555555555556,True,0.4356958866119385,0.9913122653961182,0.9991655945777893,0.13376490771770477,0.0631658211350441,0.9913122653961182,0.9991655945777893,0.13376490771770477,0.0631658211350441,
poison/poisceb/datapoiscebpar/poisalt_ceb_3ec35abb.csv,ok,298,11,1,modified_altitude,1,modified_altitude,0.9931930303573608,all_windows,qualified_attack_window,11,6,0.5454545454545454,True,0.4183810353279114,0.9921350479125977,0.9931930303573608,0.07494481652975082,0.026535209268331528,0.9921350479125977,0.9931930303573608,0.07494481652975082,0.026535209268331528,
poison/poisceb/datapoiscebpar/poisalt_ceb_3ec729dc.csv,ok,336,14,1,modified_altitude,1,modified_altitude,1.0,all_windows,qualified_attack_window,14,8,0.5714285714285714,True,0.42418405413627625,0.9985085129737854,1.0,0.010480121709406376,0.01376581285148859,0.9985085129737854,1.0,0.010480121709406376,0.01376581285148859,
poison/poisceb/datapoiscebpar/poisalt_ceb_3ec99989.csv,ok,332,13,1,modified_altitude,1,modified_altitude,1.0,all_windows,qualified_attack_window,13,8,0.6153846153846154,True,0.34098535776138306,0.9800097346305847,1.0,0.05953118950128555,0.06962991505861282,0.9800097346305847,1.0,0.05953118950128555,0.06962991505861282,
poison/poisceb/datapoiscebpar/poisalt_ceb_3eca29db.csv,ok,355,15,1,modified_altitude,1,modified_altitude,1.0,all_windows,qualified_attack_window,15,8,0.5333333333333333,True,0.4599721133708954,0.9968583583831787,1.0,0.8984970450401306,0.01276435051113367,0.9968583583831787,1.0,0.8984970450401306,0.01276435051113367,
poison/poisceb/datapoiscebpar/poisalt_ceb_3eca98ca.csv,ok,323,13,1,modified_altitude,1,modified_altitude,1.0,all_windows,qualified_attack_window,13,11,0.8461538461538461,True,0.1497960239648819,0.9842681288719177,1.0,0.07258343696594238,0.018865419551730156,0.9842681288719177,1.0,0.07258343696594238,0.018865419551730156,
poison/poisceb/datapoiscebpar/poisalt_ceb_3ecd551b.csv,ok,348,14,1,modified_altitude,1,modified_altitude,1.0,all_windows,qualified_attack_window,14,7,0.5,True,0.4800231158733368,0.9934887290000916,1.0,0.034052807837724686,0.0349547304213047,0.9934887290000916,1.0,0.034052807837724686,0.0349547304213047,
poison/poisceb/datapoiscebpar/poisalt_ceb_3ecd7dd5.csv,ok,327,13,1,modified_altitude,1,modified_altitude,0.9997804760932922,all_windows,qualified_attack_window,13,9,0.6923076923076923,True,0.27682653069496155,0.9583924412727356,0.9997804760932922,0.04627618193626404,0.11473028361797333,0.9583924412727356,0.9997804760932922,0.04627618193626404,0.11473028361797333,
poison/poisceb/datapoiscebpar/poisalt_ceb_3ecd92be.csv,ok,347,14,1,modified_altitude,1,modified_altitude,0.7913317680358887,all_windows,qualified_attack_window,14,6,0.42857142857142855,True,0.548452615737915,0.9704381823539734,0.7913317680358887,0.7402266263961792,0.02970028482377529,0.9704381823539734,0.7913317680358887,0.7402266263961792,0.02970028482377529,
poison/poisceb/datapoiscebpar/poisalt_ceb_3ecd9c1d.csv,ok,373,16,1,modified_altitude,1,modified_altitude,1.0,all_windows,qualified_attack_window,16,11,0.6875,True,0.29110991954803467,0.9606289863586426,1.0,0.036665093153715134,0.017350424081087112,0.9606289863586426,1.0,0.036665093153715134,0.017350424081087112,
poison/poisceb/datapoiscebpar/poisalt_ceb_3ece6491.csv,ok,480,23,1,modified_altitude,1,modified_altitude,1.0,all_windows,qualified_attack_window,23,5,0.21739130434782608,True,0.7694385647773743,0.9981234669685364,1.0,0.025215476751327515,0.04304955527186394,0.9981234669685364,1.0,0.025215476751327515,0.04304955527186394,
poison/poisceb/datapoiscebpar/poisalt_ceb_3ed79631.csv,ok,378,16,1,modified_altitude,1,modified_altitude,1.0,all_windows,qualified_attack_window,16,9,0.5625,True,0.4138050675392151,0.9853848218917847,1.0,0.03046894632279873,0.01812891475856304,0.9853848218917847,1.0,0.03046894632279873,0.01812891475856304,
poison/poisceb/datapoiscebpar/poisalt_ceb_3ed81622.csv,ok,311,12,1,modified_altitude,1,modified_altitude,1.0,all_windows,qualified_attack_window,12,6,0.5,True,0.48614344000816345,0.9938400387763977,1.0,0.01777499169111252,0.028960831463336945,0.9938400387763977,1.0,0.01777499169111252,0.028960831463336945,
poison/poisceb/datapoiscebpar/poisalt_ceb_3ed9d416.csv,ok,317,12,1,modified_altitude,1,modified_altitude,0.9999998807907104,all_windows,qualified_attack_window,12,7,0.5833333333333334,True,0.4094083607196808,0.9893478751182556,0.9999998807907104,0.007815715856850147,0.008512207306921482,0.9893478751182556,0.9999998807907104,0.007815715856850147,0.008512207306921482,
poison/poisceb/datapoiscebpar/poisalt_ceb_3edac4f1.csv,ok,335,13,1,modified_altitude,1,modified_altitude,0.9999995231628418,all_windows,qualified_attack_window,13,9,0.6923076923076923,True,0.21731996536254883,0.7551953792572021,0.9999995231628418,0.07466669380664825,0.03403315320611,0.7551953792572021,0.9999995231628418,0.07466669380664825,0.03403315320611,
poison/poisceb/datapoiscebpar/poisalt_ceb_3edad482.csv,ok,346,14,1,modified_altitude,1,modified_altitude,0.9986717104911804,all_windows,qualified_attack_window,14,7,0.5,True,0.4641769528388977,0.9805441498756409,0.9986717104911804,0.13077180087566376,0.031784746795892715,0.9805441498756409,0.9986717104911804,0.13077180087566376,0.031784746795892715,
poison/poisceb/datapoiscebpar/poisalt_ceb_3ee31976.csv,ok,470,22,1,modified_altitude,1,modified_altitude,1.0,all_windows,qualified_attack_window,22,8,0.36363636363636365,True,0.6231885552406311,0.9978992938995361,1.0,0.012888098135590553,0.01811087131500244,0.9978992938995361,1.0,0.012888098135590553,0.01811087131500244,
poison/poisceb/datapoiscebpar/poisalt_ceb_3ee600ee.csv,ok,369,16,1,modified_altitude,1,modified_altitude,0.9996300935745239,all_windows,qualified_attack_window,16,8,0.5,True,0.48934289813041687,0.9827766418457031,0.9996300935745239,0.16070963442325592,0.03297613933682442,0.9827766418457031,0.9996300935745239,0.16070963442325592,0.03297613933682442,
poison/poisceb/datapoiscebpar/poisalt_ceb_3ee6c6d1.csv,ok,342,14,1,modified_altitude,1,modified_altitude,1.0,all_windows,qualified_attack_window,14,9,0.6428571428571429,True,0.3328222632408142,0.9662652015686035,1.0,0.03628048673272133,0.03928603231906891,0.9662652015686035,1.0,0.03628048673272133,0.03928603231906891,
poison/poisceb/datapoiscebpar/poisalt_ceb_3ee6fd61.csv,ok,343,14,1,modified_altitude,1,modified_altitude,1.0,all_windows,qualified_attack_window,14,8,0.5714285714285714,True,0.42125263810157776,0.9915606379508972,1.0,0.006027198396623135,0.012559095397591591,0.9915606379508972,1.0,0.006027198396623135,0.012559095397591591,
poison/poisceb/datapoiscebpar/poisalt_ceb_3ee762b3.csv,ok,398,17,1,modified_altitude,1,modified_altitude,1.0,all_windows,qualified_attack_window,17,9,0.5294117647058824,True,0.46711573004722595,0.9986980557441711,1.0,0.0036388065200299025,0.007435393054038286,0.9986980557441711,1.0,0.0036388065200299025,0.007435393054038286,
poison/poisceb/datapoiscebpar/poisalt_ceb_3eeaa2d3.csv,ok,371,16,1,modified_altitude,1,modified_altitude,1.0,all_windows,qualified_attack_window,16,9,0.5625,True,0.4029598832130432,0.9662246108055115,1.0,0.02037627063691616,0.07684484124183655,0.9662246108055115,1.0,0.02037627063691616,0.07684484124183655,
poison/poisceb/datapoiscebpar/poisalt_ceb_3eee9fa6.csv,ok,366,15,1,modified_altitude,1,modified_altitude,1.0,all_windows,qualified_attack_window,15,9,0.6,True,0.3967471122741699,0.9976078867912292,1.0,0.00362657243385911,0.009471546858549118,0.9976078867912292,1.0,0.00362657243385911,0.009471546858549118,
poison/poisceb/datapoiscebpar/poisalt_ceb_3eefc093.csv,ok,322,13,1,modified_altitude,1,modified_altitude,1.0,all_windows,qualified_attack_window,13,7,0.5384615384615384,True,0.432670921087265,0.9774486422538757,1.0,0.049437880516052246,0.04254451394081116,0.9774486422538757,1.0,0.049437880516052246,0.04254451394081116,
poison/poisceb/datapoiscebpar/poisalt_ceb_3ef274f9.csv,ok,340,14,1,modified_altitude,1,modified_altitude,1.0,all_windows,qualified_attack_window,14,8,0.5714285714285714,True,0.4210621416568756,0.9959005117416382,1.0,0.018146689981222153,0.019335780292749405,0.9959005117416382,1.0,0.018146689981222153,0.019335780292749405,
poison/poisceb/datapoiscebpar/poisalt_ceb_3ef2a84a.csv,ok,311,12,1,modified_altitude,1,modified_altitude,1.0,all_windows,qualified_attack_window,12,9,0.75,True,0.24667716026306152,0.9908831715583801,1.0,0.004917652811855078,0.004329262301325798,0.9908831715583801,1.0,0.004917652811855078,0.004329262301325798,
poison/poisceb/datapoiscebpar/poisalt_ceb_3f031544.csv,ok,290,11,1,modified_altitude,1,modified_altitude,1.0,all_windows,qualified_attack_window,11,7,0.6363636363636364,True,0.3426946997642517,0.9674379229545593,1.0,0.021211739629507065,0.018160909414291382,0.9674379229545593,1.0,0.021211739629507065,0.018160909414291382,
poison/poisceb/datapoiscebpar/poisalt_ceb_3f058428.csv,ok,322,13,1,modified_altitude,1,modified_altitude,0.9999992847442627,all_windows,qualified_attack_window,13,10,0.7692307692307693,True,0.21942536532878876,0.952897310256958,0.9999992847442627,0.019961295649409294,0.019476745277643204,0.952897310256958,0.9999992847442627,0.019961295649409294,0.019476745277643204,
poison/poisceb/datapoiscebpar/poisalt_ceb_3f05b121.csv,ok,310,12,1,modified_altitude,1,modified_altitude,1.0,all_windows,qualified_attack_window,12,7,0.5833333333333334,True,0.41276511549949646,0.9947704076766968,1.0,0.0027852084022015333,0.008961405605077744,0.9947704076766968,1.0,0.0027852084022015333,0.008961405605077744,
poison/poisceb/datapoiscebpar/poisalt_ceb_3f068856.csv,ok,321,13,1,modified_altitude,1,modified_altitude,1.0,all_windows,qualified_attack_window,13,11,0.8461538461538461,True,0.14317359030246735,0.9615573883056641,1.0,0.04761017486453056,0.024190545082092285,0.9615573883056641,1.0,0.04761017486453056,0.024190545082092285,
poison/poisceb/datapoiscebpar/poisalt_ceb_3f07d673.csv,ok,312,12,1,modified_altitude,1,modified_altitude,1.0,all_windows,qualified_attack_window,12,8,0.6666666666666666,True,0.3224398195743561,0.9771331548690796,1.0,0.017949622124433517,0.01778724230825901,0.9771331548690796,1.0,0.017949622124433517,0.01778724230825901,
poison/poisceb/datapoiscebpar/poisalt_ceb_3f0abaf5.csv,ok,329,13,1,modified_altitude,1,modified_altitude,0.9999801516532898,all_windows,qualified_attack_window,13,8,0.6153846153846154,True,0.37932106852531433,0.9936134815216064,0.9999801516532898,0.011436155997216702,0.010089411400258541,0.9936134815216064,0.9999801516532898,0.011436155997216702,0.010089411400258541,
poison/poisceb/datapoiscebpar/poisalt_ceb_3f0ac143.csv,ok,310,12,1,modified_altitude,1,modified_altitude,0.9640060663223267,all_windows,qualified_attack_window,12,8,0.6666666666666666,True,0.3437427580356598,0.9610266089439392,0.9640060663223267,0.08711060136556625,0.28762468695640564,0.9610266089439392,0.9640060663223267,0.08711060136556625,0.28762468695640564,
poison/poisceb/datapoiscebpar/poisalt_ceb_3f11191c.csv,ok,331,13,1,modified_altitude,1,modified_altitude,0.9993684887886047,all_windows,qualified_attack_window,13,6,0.46153846153846156,True,0.5031957626342773,0.9885817170143127,0.9993684887886047,0.033258840441703796,0.04376239702105522,0.9885817170143127,0.9993684887886047,0.033258840441703796,0.04376239702105522,
poison/poisceb/datapoiscebpar/poisalt_ceb_3f115f15.csv,ok,346,14,1,modified_altitude,1,modified_altitude,0.9998934864997864,all_windows,qualified_attack_window,14,8,0.5714285714285714,True,0.41820287704467773,0.9890203475952148,0.9998934864997864,0.011850216425955296,0.037478990852832794,0.9890203475952148,0.9998934864997864,0.011850216425955296,0.037478990852832794,
poison/poisceb/datapoiscebpar/poisalt_ceb_3f11b153.csv,ok,333,13,1,modified_altitude,1,modified_altitude,1.0,all_windows,qualified_attack_window,13,7,0.5384615384615384,True,0.4319881796836853,0.9882559776306152,1.0,0.02502993494272232,0.018675707280635834,0.9882559776306152,1.0,0.02502993494272232,0.018675707280635834,
poison/poisceb/datapoiscebpar/poisalt_ceb_3f128481.csv,ok,301,11,1,modified_altitude,1,modified_altitude,1.0,all_windows,qualified_attack_window,11,10,0.9090909090909091,True,0.09055532515048981,0.9960987567901611,1.0,0.0016487727407366037,0.0026383167132735252,0.9960987567901611,1.0,0.0016487727407366037,0.0026383167132735252,
poison/poisceb/datapoiscebpar/poisalt_ceb_3f1417b4.csv,ok,339,14,1,modified_altitude,1,modified_altitude,0.9999998807907104,all_windows,qualified_attack_window,14,8,0.5714285714285714,True,0.41932910680770874,0.9877703785896301,0.9999998807907104,0.00604918273165822,0.013291224837303162,0.9877703785896301,0.9999998807907104,0.00604918273165822,0.013291224837303162,
poison/poisceb/datapoiscebpar/poisalt_ceb_3f18588d.csv,ok,316,12,1,modified_altitude,1,modified_altitude,1.0,all_windows,qualified_attack_window,12,7,0.5833333333333334,True,0.4132944643497467,0.997922420501709,1.0,0.0064735449850559235,0.010530006140470505,0.997922420501709,1.0,0.0064735449850559235,0.010530006140470505,
poison/poisceb/datapoiscebpar/poisalt_ceb_3f1e0122.csv,ok,377,16,1,modified_altitude,1,modified_altitude,1.0,all_windows,qualified_attack_window,16,8,0.5,True,0.47211891412734985,0.9950706958770752,1.0,0.06655173748731613,0.06262360513210297,0.9950706958770752,1.0,0.06655173748731613,0.06262360513210297,
poison/poisceb/datapoiscebpar/poisalt_ceb_3f22920a.csv,ok,383,16,1,modified_altitude,1,modified_altitude,0.9999995231628418,all_windows,qualified_attack_window,16,9,0.5625,True,0.4378001093864441,0.9991937875747681,0.9999995231628418,0.02012641355395317,0.04151381924748421,0.9991937875747681,0.9999995231628418,0.02012641355395317,0.04151381924748421,
poison/poisceb/datapoiscebpar/poisalt_ceb_3f231894.csv,ok,358,15,1,modified_altitude,1,modified_altitude,0.9999819397926331,all_windows,qualified_attack_window,15,8,0.5333333333333333,True,0.4579750895500183,0.9926175475120544,0.9999819397926331,0.009332135319709778,0.009490949101746082,0.9926175475120544,0.9999819397926331,0.009332135319709778,0.009490949101746082,
poison/poisceb/datapoiscebpar/poisalt_ceb_3f26b79d.csv,ok,359,15,1,modified_altitude,1,modified_altitude,1.0,all_windows,qualified_attack_window,15,9,0.6,True,0.34615978598594666,0.9148581624031067,1.0,0.13591346144676208,0.013489850796759129,0.9148581624031067,1.0,0.13591346144676208,0.013489850796759129,
poison/poisceb/datapoiscebpar/poisalt_ceb_3f27383d.csv,ok,377,16,1,modified_altitude,1,modified_altitude,0.9999998807907104,all_windows,qualified_attack_window,16,9,0.5625,True,0.4207124412059784,0.986924946308136,0.9999998807907104,0.025126347318291664,0.02497893013060093,0.986924946308136,0.9999998807907104,0.025126347318291664,0.02497893013060093,
poison/poisceb/datapoiscebpar/poisalt_ceb_3f2df8d5.csv,ok,318,12,1,modified_altitude,1,modified_altitude,1.0,all_windows,qualified_attack_window,12,10,0.8333333333333334,True,0.1612066924571991,0.9931449890136719,1.0,0.01844125986099243,0.0198777187615633,0.9931449890136719,1.0,0.01844125986099243,0.0198777187615633,
poison/poisceb/datapoiscebpar/poisalt_ceb_3f2e5138.csv,ok,307,12,1,modified_altitude,1,modified_altitude,0.9999551177024841,all_windows,qualified_attack_window,12,6,0.5,True,0.4714049994945526,0.9789348840713501,0.9999551177024841,0.049634676426649094,0.0156480073928833,0.9789348840713501,0.9999551177024841,0.049634676426649094,0.0156480073928833,
poison/poisceb/datapoiscebpar/poisalt_ceb_3f2f870b.csv,ok,317,12,1,modified_altitude,1,modified_altitude,0.9999998807907104,all_windows,qualified_attack_window,12,7,0.5833333333333334,True,0.39165055751800537,0.9851584434509277,0.9999998807907104,0.04824310541152954,0.03232120722532272,0.9851584434509277,0.9999998807907104,0.04824310541152954,0.03232120722532272,
poison/poisceb/datapoiscebpar/poisalt_ceb_3f31991c.csv,ok,333,13,1,modified_altitude,1,modified_altitude,0.9999998807907104,all_windows,qualified_attack_window,13,9,0.6923076923076923,True,0.2700493037700653,0.9695523977279663,0.9999998807907104,0.04517003893852234,0.027117425575852394,0.9695523977279663,0.9999998807907104,0.04517003893852234,0.027117425575852394,
poison/poisceb/datapoiscebpar/poisalt_ceb_3f32a47a.csv,ok,325,13,1,modified_altitude,1,modified_altitude,1.0,all_windows,qualified_attack_window,13,7,0.5384615384615384,True,0.4544188678264618,0.9961379766464233,1.0,0.01631893217563629,0.021145980805158615,0.9961379766464233,1.0,0.01631893217563629,0.021145980805158615,
poison/poisceb/datapoiscebpar/poisalt_ceb_3f350a36.csv,ok,347,14,1,modified_altitude,1,modified_altitude,1.0,all_windows,qualified_attack_window,14,9,0.6428571428571429,True,0.35522428154945374,0.9990350008010864,1.0,0.002062123268842697,0.0047112018801271915,0.9990350008010864,1.0,0.002062123268842697,0.0047112018801271915,
poison/poisceb/datapoiscebpar/poisalt_ceb_3f36961f.csv,ok,355,15,1,modified_altitude,1,modified_altitude,1.0,all_windows,qualified_attack_window,15,9,0.6,True,0.3962334990501404,0.9951340556144714,1.0,0.06428974866867065,0.7342038154602051,0.9951340556144714,1.0,0.06428974866867065,0.7342038154602051,
poison/poisceb/datapoiscebpar/poisalt_ceb_3f38c5e9.csv,ok,292,11,1,modified_altitude,1,modified_altitude,0.9999902248382568,all_windows,qualified_attack_window,11,5,0.45454545454545453,True,0.52028489112854,0.9625438451766968,0.9999902248382568,0.04163965955376625,0.23425371944904327,0.9625438451766968,0.9999902248382568,0.04163965955376625,0.23425371944904327,
poison/poisceb/datapoiscebpar/poisalt_ceb_3f3a089b.csv,ok,337,14,1,modified_altitude,1,modified_altitude,0.9969421029090881,all_windows,qualified_attack_window,14,7,0.5,True,0.48209983110427856,0.9930328130722046,0.9969421029090881,0.040904320776462555,0.03454634174704552,0.9930328130722046,0.9969421029090881,0.040904320776462555,0.03454634174704552,
poison/poisceb/datapoiscebpar/poisalt_ceb_3f3b17b4.csv,ok,319,12,1,modified_altitude,1,modified_altitude,0.9903492331504822,all_windows,qualified_attack_window,12,5,0.4166666666666667,True,0.561831533908844,0.9933975338935852,0.9903492331504822,0.03724237531423569,0.04475584998726845,0.9933975338935852,0.9903492331504822,0.03724237531423569,0.04475584998726845,
poison/poisceb/datapoiscebpar/poisalt_ceb_3f3c5f7a.csv,ok,279,10,1,modified_altitude,0,authentic,0.9916410446166992,all_windows,no_qualified_attack_window,10,0,0.0,False,0.9521085619926453,0.9916410446166992,0.0621785931289196,0.030112160369753838,0.030108299106359482,0.9916410446166992,0.0621785931289196,0.030112160369753838,0.030108299106359482,
poison/poisceb/datapoiscebpar/poisalt_ceb_3f3cafab.csv,ok,318,12,1,modified_altitude,1,modified_altitude,1.0,all_windows,qualified_attack_window,12,11,0.9166666666666666,True,0.08109970390796661,0.9713405966758728,1.0,0.005841038655489683,0.051544614136219025,0.9713405966758728,1.0,0.005841038655489683,0.051544614136219025,
poison/poisceb/datapoiscebpar/poisalt_ceb_3f3d1e29.csv,ok,328,13,1,modified_altitude,1,modified_altitude,1.0,all_windows,qualified_attack_window,13,8,0.6153846153846154,True,0.3796035349369049,0.9942923188209534,1.0,0.003713522804901004,0.011621944606304169,0.9942923188209534,1.0,0.003713522804901004,0.011621944606304169,
poison/poisceb/datapoiscebpar/poisalt_ceb_3f3d31b6.csv,ok,335,13,1,modified_altitude,1,modified_altitude,1.0,all_windows,qualified_attack_window,13,8,0.6153846153846154,True,0.3817874491214752,0.9954074025154114,1.0,0.0016686763847246766,0.008399971760809422,0.9954074025154114,1.0,0.0016686763847246766,0.008399971760809422,
poison/poisceb/datapoiscebpar/poisalt_ceb_3f3dbc16.csv,ok,347,14,1,modified_altitude,1,modified_altitude,1.0,all_windows,qualified_attack_window,14,9,0.6428571428571429,True,0.33313754200935364,0.9634986519813538,1.0,0.02269238978624344,0.07027743756771088,0.9634986519813538,1.0,0.02269238978624344,0.07027743756771088,
poison/poisceb/datapoiscebpar/poisalt_ceb_3f3ec2d5.csv,ok,441,20,1,modified_altitude,1,modified_altitude,0.9995572566986084,all_windows,qualified_attack_window,20,8,0.4,True,0.5773646235466003,0.9973896741867065,0.9995572566986084,0.02348971739411354,0.11318795382976532,0.9973896741867065,0.9995572566986084,0.02348971739411354,0.11318795382976532,
poison/poisceb/datapoiscebpar/poisalt_ceb_3f3eeccf.csv,ok,310,12,1,modified_altitude,1,modified_altitude,0.9967871308326721,all_windows,qualified_attack_window,12,7,0.5833333333333334,True,0.359984427690506,0.9807046055793762,0.9967871308326721,0.32913050055503845,0.016249125823378563,0.9807046055793762,0.9967871308326721,0.32913050055503845,0.016249125823378563,
poison/poisceb/datapoiscebpar/poisalt_ceb_3f41083f.csv,ok,326,13,1,modified_altitude,1,modified_altitude,0.9999998807907104,all_windows,qualified_attack_window,13,9,0.6923076923076923,True,0.296795517206192,0.9955747127532959,0.9999998807907104,0.011338653042912483,0.021587315946817398,0.9955747127532959,0.9999998807907104,0.011338653042912483,0.021587315946817398,
poison/poisceb/datapoiscebpar/poisalt_ceb_3f418d21.csv,ok,326,13,1,modified_altitude,1,modified_altitude,0.9999166131019592,all_windows,qualified_attack_window,13,8,0.6153846153846154,True,0.3821050226688385,0.9963405132293701,0.9999166131019592,0.05573427304625511,0.03315988555550575,0.9963405132293701,0.9999166131019592,0.05573427304625511,0.03315988555550575,
poison/poisceb/datapoiscebpar/poisalt_ceb_3f429596.csv,ok,368,16,1,modified_altitude,1,modified_altitude,0.9995605945587158,all_windows,qualified_attack_window,16,8,0.5,True,0.5044590830802917,0.9975699186325073,0.9995605945587158,0.0452512763440609,0.17181627452373505,0.9975699186325073,0.9995605945587158,0.0452512763440609,0.17181627452373505,
poison/poisceb/datapoiscebpar/poisalt_ceb_3f433bd0.csv,ok,365,15,1,modified_altitude,1,modified_altitude,0.9999998807907104,all_windows,qualified_attack_window,15,8,0.5333333333333333,True,0.4589007496833801,0.9975855350494385,0.9999998807907104,0.016921715810894966,0.007165790535509586,0.9975855350494385,0.9999998807907104,0.016921715810894966,0.007165790535509586,
poison/poisceb/datapoiscebpar/poisalt_ceb_3f459476.csv,ok,318,12,1,modified_altitude,1,modified_altitude,1.0,all_windows,qualified_attack_window,12,8,0.6666666666666666,True,0.32397639751434326,0.983034610748291,1.0,0.015126088634133339,0.012046252377331257,0.983034610748291,1.0,0.015126088634133339,0.012046252377331257,
poison/poisceb/datapoiscebpar/poisalt_ceb_3f45cc56.csv,ok,351,14,1,modified_altitude,1,modified_altitude,1.0,all_windows,qualified_attack_window,14,8,0.5714285714285714,True,0.4156554341316223,0.9968020915985107,1.0,0.022168125957250595,0.03622801974415779,0.9968020915985107,1.0,0.022168125957250595,0.03622801974415779,
poison/poisceb/datapoiscebpar/poisalt_ceb_3f46b29e.csv,ok,333,13,1,modified_altitude,1,modified_altitude,0.9924376010894775,all_windows,qualified_attack_window,13,9,0.6923076923076923,True,0.3096611201763153,0.9742529392242432,0.9924376010894775,0.6687177419662476,0.01769324578344822,0.9742529392242432,0.9924376010894775,0.6687177419662476,0.01769324578344822,
poison/poisceb/datapoiscebpar/poisalt_ceb_3f4abe0e.csv,ok,317,12,1,modified_altitude,1,modified_altitude,0.9999105334281921,all_windows,qualified_attack_window,12,8,0.6666666666666666,True,0.3386211097240448,0.9908302426338196,0.9999105334281921,0.05525732785463333,0.19898565113544464,0.9908302426338196,0.9999105334281921,0.05525732785463333,0.19898565113544464,
poison/poisceb/datapoiscebpar/poisalt_ceb_3f4aeb9f.csv,ok,366,15,1,modified_altitude,1,modified_altitude,1.0,all_windows,qualified_attack_window,15,8,0.5333333333333333,True,0.45420387387275696,0.9951686859130859,1.0,0.020408861339092255,0.03293205052614212,0.9951686859130859,1.0,0.020408861339092255,0.03293205052614212,
poison/poisceb/datapoiscebpar/poisalt_ceb_3f4b104b.csv,ok,352,15,1,modified_altitude,1,modified_altitude,0.9999243021011353,all_windows,qualified_attack_window,15,8,0.5333333333333333,True,0.38207271695137024,0.9691030979156494,0.9999243021011353,0.19425006210803986,0.01298565324395895,0.9691030979156494,0.9999243021011353,0.19425006210803986,0.01298565324395895,
poison/poisceb/datapoiscebpar/poisalt_ceb_3f4c3f9f.csv,ok,310,12,1,modified_altitude,1,modified_altitude,0.9999994039535522,all_windows,qualified_attack_window,12,6,0.5,True,0.48855671286582947,0.9930458068847656,0.9999994039535522,0.010572977364063263,0.024545034393668175,0.9930458068847656,0.9999994039535522,0.010572977364063263,0.024545034393668175,
poison/poisceb/datapoiscebpar/poisalt_ceb_3f4df259.csv,ok,327,13,1,modified_altitude,1,modified_altitude,1.0,all_windows,qualified_attack_window,13,6,0.46153846153846156,True,0.504055380821228,0.9893732666969299,1.0,0.04448476806282997,0.08098407089710236,0.9893732666969299,1.0,0.04448476806282997,0.08098407089710236,
poison/poisceb/datapoiscebpar/poisalt_ceb_3f4e3ac2.csv,ok,443,20,1,modified_altitude,1,modified_altitude,1.0,all_windows,qualified_attack_window,20,7,0.35,True,0.6277787685394287,0.9992697238922119,1.0,0.01542728766798973,0.10853901505470276,0.9992697238922119,1.0,0.01542728766798973,0.10853901505470276,
poison/poisceb/datapoiscebpar/poisalt_ceb_3f4e80cb.csv,ok,338,14,1,modified_altitude,1,modified_altitude,0.9999565482139587,all_windows,qualified_attack_window,14,6,0.42857142857142855,True,0.5450471639633179,0.9965548515319824,0.9999565482139587,0.05478158965706825,0.052249692380428314,0.9965548515319824,0.9999565482139587,0.05478158965706825,0.052249692380428314,
poison/poisceb/datapoiscebpar/poisalt_ceb_3f4e9a29.csv,ok,320,13,1,modified_altitude,1,modified_altitude,0.9999996423721313,all_windows,qualified_attack_window,13,10,0.7692307692307693,True,0.18278886377811432,0.9738640785217285,0.9999996423721313,0.9623015522956848,0.026732303202152252,0.9738640785217285,0.9999996423721313,0.9623015522956848,0.026732303202152252,
poison/poisceb/datapoiscebpar/poisalt_ceb_3f51abcf.csv,ok,308,12,1,modified_altitude,1,modified_altitude,0.9999998807907104,all_windows,qualified_attack_window,12,7,0.5833333333333334,True,0.39506015181541443,0.9631447792053223,0.9999998807907104,0.027681266888976097,0.013614045456051826,0.9631447792053223,0.9999998807907104,0.027681266888976097,0.013614045456051826,
poison/poisceb/datapoiscebpar/poisalt_ceb_3f55ad21.csv,ok,356,15,1,modified_altitude,1,modified_altitude,1.0,all_windows,qualified_attack_window,15,9,0.6,True,0.3947502672672272,0.9972972273826599,1.0,0.008902075700461864,0.007446813862770796,0.9972972273826599,1.0,0.008902075700461864,0.007446813862770796,
poison/poisceb/datapoiscebpar/poisalt_ceb_3f57127d.csv,ok,333,13,1,modified_altitude,1,modified_altitude,1.0,all_windows,qualified_attack_window,13,11,0.8461538461538461,True,0.15368054807186127,0.9972065091133118,1.0,0.007111354731023312,0.4008660316467285,0.9972065091133118,1.0,0.007111354731023312,0.4008660316467285,
poison/poisceb/datapoiscebpar/poisalt_ceb_3f572275.csv,ok,325,13,1,modified_altitude,1,modified_altitude,1.0,all_windows,qualified_attack_window,13,7,0.5384615384615384,True,0.4500160813331604,0.9982133507728577,1.0,0.028534390032291412,0.02831740863621235,0.9982133507728577,1.0,0.028534390032291412,0.02831740863621235,
poison/poisceb/datapoiscebpar/poisalt_ceb_3f59d8c9.csv,ok,316,12,1,modified_altitude,1,modified_altitude,1.0,all_windows,qualified_attack_window,12,8,0.6666666666666666,True,0.32540440559387207,0.9923150539398193,1.0,0.0138264624401927,0.013916206546127796,0.9923150539398193,1.0,0.0138264624401927,0.013916206546127796,
poison/poisceb/datapoiscebpar/poisalt_ceb_3f5a96cf.csv,ok,339,14,1,modified_altitude,1,modified_altitude,0.9999998807907104,all_windows,qualified_attack_window,14,8,0.5714285714285714,True,0.4211847484111786,0.9956448078155518,0.9999998807907104,0.018961364403367043,0.020353909581899643,0.9956448078155518,0.9999998807907104,0.018961364403367043,0.020353909581899643,
poison/poisceb/datapoiscebpar/poisalt_ceb_3f5b502c.csv,ok,358,15,1,modified_altitude,1,modified_altitude,0.9999520778656006,all_windows,qualified_attack_window,15,8,0.5333333333333333,True,0.4510672688484192,0.9963045120239258,0.9999520778656006,0.1674070954322815,0.01978513039648533,0.9963045120239258,0.9999520778656006,0.1674070954322815,0.01978513039648533,
poison/poisceb/datapoiscebpar/poisalt_ceb_3f5e1f63.csv,ok,321,13,1,modified_altitude,1,modified_altitude,1.0,all_windows,qualified_attack_window,13,8,0.6153846153846154,True,0.37802931666374207,0.9964309930801392,1.0,0.015673603862524033,0.012051242403686047,0.9964309930801392,1.0,0.015673603862524033,0.012051242403686047,
poison/poisceb/datapoiscebpar/poisalt_ceb_3f5e9e03.csv,ok,226,7,1,modified_altitude,1,modified_altitude,1.0,all_windows,qualified_attack_window,7,7,1.0,True,4.938175024449265e-08,3.4566335216368316e-07,1.0,2.0512246919679455e-05,0.00021889121853746474,3.4566335216368316e-07,1.0,2.0512246919679455e-05,0.00021889121853746474,
poison/poisceb/datapoiscebpar/poisalt_ceb_3f604139.csv,ok,362,15,1,modified_altitude,1,modified_altitude,1.0,all_windows,qualified_attack_window,15,8,0.5333333333333333,True,0.442086398601532,0.9871512055397034,1.0,0.043796148151159286,0.008196615613996983,0.9871512055397034,1.0,0.043796148151159286,0.008196615613996983,
poison/poisceb/datapoiscebpar/poisalt_ceb_3f627ce5.csv,ok,356,15,1,modified_altitude,1,modified_altitude,1.0,all_windows,qualified_attack_window,15,9,0.6,True,0.3930788040161133,0.9902251362800598,1.0,0.0062852115370333195,0.010960228741168976,0.9902251362800598,1.0,0.0062852115370333195,0.010960228741168976,
poison/poisceb/datapoiscebpar/poisalt_ceb_3f66ac52.csv,ok,311,12,1,modified_altitude,1,modified_altitude,0.9999998807907104,all_windows,qualified_attack_window,12,8,0.6666666666666666,True,0.3297587037086487,0.9943132996559143,0.9999998807907104,0.018608180806040764,0.014181403443217278,0.9943132996559143,0.9999998807907104,0.018608180806040764,0.014181403443217278,
poison/poisceb/datapoiscebpar/poisalt_ceb_3f66e29b.csv,ok,378,16,1,modified_altitude,1,modified_altitude,0.9999969005584717,all_windows,qualified_attack_window,16,8,0.5,True,0.43250328302383423,0.9874088168144226,0.9999969005584717,0.04313945770263672,0.0133845005184412,0.9874088168144226,0.9999969005584717,0.04313945770263672,0.0133845005184412,
poison/poisceb/datapoiscebpar/poisalt_ceb_3f696728.csv,ok,306,12,1,modified_altitude,1,modified_altitude,0.9999998807907104,all_windows,qualified_attack_window,12,7,0.5833333333333334,True,0.387125164270401,0.9654671549797058,0.9999998807907104,0.04971778392791748,0.0312785767018795,0.9654671549797058,0.9999998807907104,0.04971778392791748,0.0312785767018795,
poison/poisceb/datapoiscebpar/poisalt_ceb_3f69dc6c.csv,ok,314,12,1,modified_altitude,1,modified_altitude,1.0,all_windows,qualified_attack_window,12,8,0.6666666666666666,True,0.3309875428676605,0.9965165257453918,1.0,0.0033953662496060133,0.003471348201856017,0.9965165257453918,1.0,0.0033953662496060133,0.003471348201856017,
poison/poisceb/datapoiscebpar/poisalt_ceb_3f6a8c81.csv,ok,353,15,1,modified_altitude,1,modified_altitude,0.9999998807907104,all_windows,qualified_attack_window,15,9,0.6,True,0.3946383595466614,0.992671549320221,0.9999998807907104,0.012776020914316177,0.010811551474034786,0.992671549320221,0.9999998807907104,0.012776020914316177,0.010811551474034786,
poison/poisceb/datapoiscebpar/poisalt_ceb_3f6b7a50.csv,ok,275,10,1,modified_altitude,1,modified_altitude,1.0,all_windows,qualified_attack_window,10,6,0.6,True,0.3971575200557709,0.9978240728378296,1.0,0.002646856941282749,0.006438671611249447,0.9978240728378296,1.0,0.002646856941282749,0.006438671611249447,
poison/poisceb/datapoiscebpar/poisalt_ceb_3f6c81f9.csv,ok,307,12,1,modified_altitude,1,modified_altitude,1.0,all_windows,qualified_attack_window,12,9,0.75,True,0.24295879900455475,0.9880565404891968,1.0,0.01109145674854517,0.019067205488681793,0.9880565404891968,1.0,0.01109145674854517,0.019067205488681793,
poison/poisceb/datapoiscebpar/poisalt_ceb_3f6e2201.csv,ok,345,14,1,modified_altitude,1,modified_altitude,0.9999998807907104,all_windows,qualified_attack_window,14,8,0.5714285714285714,True,0.4169107973575592,0.9881161451339722,0.9999998807907104,0.006815318018198013,0.04034360125660896,0.9881161451339722,0.9999998807907104,0.006815318018198013,0.04034360125660896,
poison/poisceb/datapoiscebpar/poisalt_ceb_3f6eccae.csv,ok,349,14,1,modified_altitude,1,modified_altitude,1.0,all_windows,qualified_attack_window,14,7,0.5,True,0.4802273213863373,0.9751631021499634,1.0,0.015279112383723259,0.031694233417510986,0.9751631021499634,1.0,0.015279112383723259,0.031694233417510986,
poison/poisceb/datapoiscebpar/poisalt_ceb_3f716810.csv,ok,279,10,1,modified_altitude,1,modified_altitude,0.9863409399986267,all_windows,qualified_attack_window,10,5,0.5,True,0.4663572907447815,0.9664986729621887,0.9863409399986267,0.05753062292933464,0.04373183101415634,0.9664986729621887,0.9863409399986267,0.05753062292933464,0.04373183101415634,
poison/poisceb/datapoiscebpar/poisalt_ceb_3f759f46.csv,ok,339,14,1,modified_altitude,1,modified_altitude,0.9999889135360718,all_windows,qualified_attack_window,14,8,0.5714285714285714,True,0.41072624921798706,0.9861018657684326,0.9999889135360718,0.029803887009620667,0.08790650963783264,0.9861018657684326,0.9999889135360718,0.029803887009620667,0.08790650963783264,
poison/poisceb/datapoiscebpar/poisalt_ceb_3f75e508.csv,ok,323,13,1,modified_altitude,1,modified_altitude,1.0,all_windows,qualified_attack_window,13,8,0.6153846153846154,True,0.3778289556503296,0.9913848638534546,1.0,0.009195673279464245,0.012385653331875801,0.9913848638534546,1.0,0.009195673279464245,0.012385653331875801,
poison/poisceb/datapoiscebpar/poisalt_ceb_3f7731ae.csv,ok,330,13,1,modified_altitude,1,modified_altitude,0.9998969435691833,all_windows,qualified_attack_window,13,8,0.6153846153846154,True,0.38400954008102417,0.9982850551605225,0.9998969435691833,0.004107654094696045,0.17135797441005707,0.9982850551605225,0.9998969435691833,0.004107654094696045,0.17135797441005707,
poison/poisceb/datapoiscebpar/poisalt_ceb_3f785fc2.csv,ok,370,16,1,modified_altitude,1,modified_altitude,0.9843905568122864,all_windows,qualified_attack_window,16,6,0.375,True,0.5377989411354065,0.9834112524986267,0.9843905568122864,0.048329953104257584,0.2414492517709732,0.9834112524986267,0.9843905568122864,0.048329953104257584,0.2414492517709732,
poison/poisceb/datapoiscebpar/poisalt_ceb_3f7cdc38.csv,ok,271,9,1,modified_altitude,1,modified_altitude,1.0,all_windows,qualified_attack_window,9,8,0.8888888888888888,True,0.10885842889547348,0.9714857339859009,1.0,0.0068969703279435635,0.27496781945228577,0.9714857339859009,1.0,0.0068969703279435635,0.27496781945228577,
poison/poisceb/datapoiscebpar/poisalt_ceb_3f7ceed2.csv,ok,315,12,1,modified_altitude,1,modified_altitude,1.0,all_windows,qualified_attack_window,12,7,0.5833333333333334,True,0.3669438362121582,0.9500532746315002,1.0,0.7439021468162537,0.024731457233428955,0.9500532746315002,1.0,0.7439021468162537,0.024731457233428955,
poison/poisceb/datapoiscebpar/poisalt_ceb_3f7d8e86.csv,ok,335,13,1,modified_altitude,1,modified_altitude,1.0,all_windows,qualified_attack_window,13,10,0.7692307692307693,True,0.22714117169380188,0.990699827671051,1.0,0.0046826740726828575,0.01466862391680479,0.990699827671051,1.0,0.0046826740726828575,0.01466862391680479,
poison/poisceb/datapoiscebpar/poisalt_ceb_3f7db5a0.csv,ok,320,13,1,modified_altitude,1,modified_altitude,0.9999998807907104,all_windows,qualified_attack_window,13,5,0.38461538461538464,True,0.587289571762085,0.9956687688827515,0.9999998807907104,0.06333202123641968,0.034656547009944916,0.9956687688827515,0.9999998807907104,0.06333202123641968,0.034656547009944916,
poison/poisceb/datapoiscebpar/poisalt_ceb_3f80bed0.csv,ok,329,13,1,modified_altitude,1,modified_altitude,0.9998189210891724,all_windows,qualified_attack_window,13,7,0.5384615384615384,True,0.4084925949573517,0.9656482934951782,0.9998189210891724,0.07036737352609634,0.10417921096086502,0.9656482934951782,0.9998189210891724,0.07036737352609634,0.10417921096086502,
poison/poisceb/datapoiscebpar/poisalt_ceb_3f80ee7e.csv,ok,365,15,1,modified_altitude,1,modified_altitude,1.0,all_windows,qualified_attack_window,15,7,0.4666666666666667,True,0.5233028531074524,0.9976643323898315,1.0,0.01742960512638092,0.016727425158023834,0.9976643323898315,1.0,0.01742960512638092,0.016727425158023834,
poison/poisceb/datapoiscebpar/poisalt_ceb_3f8149db.csv,ok,309,12,1,modified_altitude,1,modified_altitude,1.0,all_windows,qualified_attack_window,12,7,0.5833333333333334,True,0.4050821363925934,0.990414023399353,1.0,0.01226022094488144,0.009728114120662212,0.990414023399353,1.0,0.01226022094488144,0.009728114120662212,
poison/poisceb/datapoiscebpar/poisalt_ceb_3f82ea74.csv,ok,378,16,1,modified_altitude,1,modified_altitude,0.9986605644226074,all_windows,qualified_attack_window,16,8,0.5,True,0.4776795506477356,0.9942429661750793,0.9986605644226074,0.1095748171210289,0.013748048804700375,0.9942429661750793,0.9986605644226074,0.1095748171210289,0.013748048804700375,
poison/poisceb/datapoiscebpar/poisauth_ceb_3e31b26e.csv,ok,374,16,0,authentic,0,authentic,0.9913849830627441,all_windows,no_qualified_attack_window,16,0,0.0,True,0.9467788338661194,0.9913849830627441,0.07202056050300598,0.03900493308901787,0.05105413496494293,0.9913849830627441,0.07202056050300598,0.03900493308901787,0.05105413496494293,
poison/poisceb/datapoiscebpar/poisauth_ceb_3e333998.csv,ok,351,14,0,authentic,0,authentic,0.9936256408691406,all_windows,no_qualified_attack_window,14,0,0.0,True,0.9558547139167786,0.9936256408691406,0.04474426433444023,0.025347242131829262,0.024469299241900444,0.9936256408691406,0.04474426433444023,0.025347242131829262,0.024469299241900444,
poison/poisceb/datapoiscebpar/poisauth_ceb_3e3a6fe9.csv,ok,336,14,0,authentic,0,authentic,0.9997840523719788,all_windows,no_qualified_attack_window,14,0,0.0,True,0.962137758731842,0.9997840523719788,0.03476917743682861,0.038770098239183426,0.02747104875743389,0.9997840523719788,0.03476917743682861,0.038770098239183426,0.02747104875743389,
poison/poisceb/datapoiscebpar/poisauth_ceb_3e3af6b6.csv,ok,281,10,0,authentic,3,modified_position,0.8306244611740112,all_windows,qualified_attack_window,10,3,0.3,False,0.7183631062507629,0.9945611357688904,0.034983400255441666,0.02997230552136898,0.8306244611740112,0.9945611357688904,0.034983400255441666,0.02997230552136898,0.8306244611740112,
poison/poisceb/datapoiscebpar/poisauth_ceb_3e3cf40d.csv,ok,429,19,0,authentic,3,modified_position,0.6696121096611023,all_windows,qualified_attack_window,19,2,0.10526315789473684,False,0.8597055673599243,0.9998477697372437,0.19563136994838715,0.02101341262459755,0.6696121096611023,0.9998477697372437,0.19563136994838715,0.02101341262459755,0.6696121096611023,
poison/poisceb/datapoiscebpar/poisauth_ceb_3e3d2ac0.csv,ok,332,13,0,authentic,0,authentic,0.9929885864257812,all_windows,no_qualified_attack_window,13,0,0.0,True,0.906671404838562,0.9929885864257812,0.11253737658262253,0.06901291012763977,0.1854521930217743,0.9929885864257812,0.11253737658262253,0.06901291012763977,0.1854521930217743,
poison/poisceb/datapoiscebpar/poisauth_ceb_3e3d6a76.csv,ok,315,12,0,authentic,0,authentic,0.9993273019790649,all_windows,no_qualified_attack_window,12,0,0.0,True,0.9494926333427429,0.9993273019790649,0.041023388504981995,0.039963316172361374,0.0673760175704956,0.9993273019790649,0.041023388504981995,0.039963316172361374,0.0673760175704956,
poison/poisceb/datapoiscebpar/poisauth_ceb_3e3d76da.csv,ok,280,10,0,authentic,0,authentic,0.9845924973487854,all_windows,no_qualified_attack_window,10,0,0.0,True,0.8860422372817993,0.9845924973487854,0.34095871448516846,0.06520891189575195,0.03457621484994888,0.9845924973487854,0.34095871448516846,0.06520891189575195,0.03457621484994888,
poison/poisceb/datapoiscebpar/poisauth_ceb_3e40837d.csv,ok,505,24,0,authentic,0,authentic,0.9985026717185974,all_windows,no_qualified_attack_window,24,0,0.0,True,0.9782517552375793,0.9985026717185974,0.0399213582277298,0.027386220172047615,0.06111682578921318,0.9985026717185974,0.0399213582277298,0.027386220172047615,0.06111682578921318,
poison/poisceb/datapoiscebpar/poisauth_ceb_3e4486ec.csv,ok,297,11,0,authentic,0,authentic,0.9887319803237915,all_windows,no_qualified_attack_window,11,0,0.0,True,0.9268783926963806,0.9887319803237915,0.06879954785108566,0.06786951422691345,0.04091866314411163,0.9887319803237915,0.06879954785108566,0.06786951422691345,0.04091866314411163,
poison/poisceb/datapoiscebpar/poisauth_ceb_3e451feb.csv,ok,325,13,0,authentic,2,modified_speed,0.9868205785751343,all_windows,qualified_attack_window,13,7,0.5384615384615384,False,0.4701334834098816,0.9778459668159485,0.056394536048173904,0.9868205785751343,0.032236650586128235,0.9778459668159485,0.056394536048173904,0.9868205785751343,0.032236650586128235,
poison/poisceb/datapoiscebpar/poisauth_ceb_3e493aea.csv,ok,304,12,0,authentic,0,authentic,0.9933608770370483,all_windows,no_qualified_attack_window,12,0,0.0,True,0.9594271183013916,0.9933608770370483,0.05610120669007301,0.04958730936050415,0.024382831528782845,0.9933608770370483,0.05610120669007301,0.04958730936050415,0.024382831528782845,
poison/poisceb/datapoiscebpar/poisauth_ceb_3e4bb0ba.csv,ok,379,16,0,authentic,0,authentic,0.9906895756721497,all_windows,no_qualified_attack_window,16,0,0.0,True,0.9663868546485901,0.9906895756721497,0.020649714395403862,0.016740163788199425,0.05597525089979172,0.9906895756721497,0.020649714395403862,0.016740163788199425,0.05597525089979172,
poison/poisceb/datapoiscebpar/poisauth_ceb_3e501ab1.csv,ok,363,15,0,authentic,0,authentic,0.9880266785621643,all_windows,no_qualified_attack_window,15,0,0.0,True,0.8682378530502319,0.9880266785621643,0.15112493932247162,0.07552140951156616,0.05903011932969093,0.9880266785621643,0.15112493932247162,0.07552140951156616,0.05903011932969093,
poison/poisceb/datapoiscebpar/poisauth_ceb_3e50b1fe.csv,ok,340,14,0,authentic,0,authentic,0.969498336315155,all_windows,no_qualified_attack_window,14,0,0.0,True,0.9405668377876282,0.969498336315155,0.028815211728215218,0.016988974064588547,0.1652999222278595,0.969498336315155,0.028815211728215218,0.016988974064588547,0.1652999222278595,
poison/poisceb/datapoiscebpar/poisauth_ceb_3e53b807.csv,ok,338,14,0,authentic,0,authentic,0.9939278364181519,all_windows,no_qualified_attack_window,14,0,0.0,True,0.9622307419776917,0.9939278364181519,0.046809665858745575,0.028215333819389343,0.0516267865896225,0.9939278364181519,0.046809665858745575,0.028215333819389343,0.0516267865896225,
poison/poisceb/datapoiscebpar/poisauth_ceb_3e5425d4.csv,ok,368,16,0,authentic,0,authentic,0.9965239763259888,all_windows,no_qualified_attack_window,16,0,0.0,True,0.9539443254470825,0.9965239763259888,0.07157276570796967,0.04846761003136635,0.03994849696755409,0.9965239763259888,0.07157276570796967,0.04846761003136635,0.03994849696755409,
poison/poisceb/datapoiscebpar/poisauth_ceb_3e546be4.csv,ok,349,14,0,authentic,0,authentic,0.9828386902809143,all_windows,no_qualified_attack_window,14,0,0.0,True,0.8249682188034058,0.9828386902809143,0.2939772307872772,0.06270568072795868,0.07843119651079178,0.9828386902809143,0.2939772307872772,0.06270568072795868,0.07843119651079178,
poison/poisceb/datapoiscebpar/poisauth_ceb_3e579969.csv,ok,368,16,0,authentic,0,authentic,0.9811564087867737,all_windows,no_qualified_attack_window,16,0,0.0,True,0.9184461236000061,0.9811564087867737,0.18050207197666168,0.0443619005382061,0.04921653866767883,0.9811564087867737,0.18050207197666168,0.0443619005382061,0.04921653866767883,
poison/poisceb/datapoiscebpar/poisauth_ceb_3e5f3e78.csv,ok,331,13,0,authentic,0,authentic,0.9878019690513611,all_windows,no_qualified_attack_window,13,0,0.0,True,0.9431852698326111,0.9878019690513611,0.04955970495939255,0.03441597521305084,0.02782747708261013,0.9878019690513611,0.04955970495939255,0.03441597521305084,0.02782747708261013,
poison/poisceb/datapoiscebpar/poisauth_ceb_3e628723.csv,ok,413,18,0,authentic,0,authentic,0.9863764643669128,all_windows,no_qualified_attack_window,18,0,0.0,True,0.9236432313919067,0.9863764643669128,0.36996138095855713,0.04711225628852844,0.032961778342723846,0.9863764643669128,0.36996138095855713,0.04711225628852844,0.032961778342723846,
poison/poisceb/datapoiscebpar/poisauth_ceb_3e66722b.csv,ok,274,10,0,authentic,0,authentic,0.9952396154403687,all_windows,no_qualified_attack_window,10,0,0.0,True,0.9432632327079773,0.9952396154403687,0.05793669447302818,0.030770666897296906,0.03277898207306862,0.9952396154403687,0.05793669447302818,0.030770666897296906,0.03277898207306862,
poison/poisceb/datapoiscebpar/poisauth_ceb_3e68cadd.csv,ok,325,13,0,authentic,0,authentic,0.9797954559326172,all_windows,no_qualified_attack_window,13,0,0.0,True,0.9054907560348511,0.9797954559326172,0.1337408721446991,0.05080314725637436,0.14044691622257233,0.9797954559326172,0.1337408721446991,0.05080314725637436,0.14044691622257233,
poison/poisceb/datapoiscebpar/poisauth_ceb_3e68edcb.csv,ok,296,11,0,authentic,0,authentic,0.9920859932899475,all_windows,no_qualified_attack_window,11,0,0.0,True,0.9717515707015991,0.9920859932899475,0.015126739628612995,0.014256027527153492,0.03219379857182503,0.9920859932899475,0.015126739628612995,0.014256027527153492,0.03219379857182503,
poison/poisceb/datapoiscebpar/poisauth_ceb_3e6c9276.csv,ok,369,16,0,authentic,0,authentic,0.9884682297706604,all_windows,no_qualified_attack_window,16,0,0.0,True,0.9251023530960083,0.9884682297706604,0.0904075875878334,0.05369861051440239,0.045483045279979706,0.9884682297706604,0.0904075875878334,0.05369861051440239,0.045483045279979706,
poison/poisceb/datapoiscebpar/poisauth_ceb_3e6d4241.csv,ok,327,13,0,authentic,0,authentic,0.9882341027259827,all_windows,no_qualified_attack_window,13,0,0.0,True,0.9339637160301208,0.9882341027259827,0.06275256723165512,0.03957793861627579,0.04643993079662323,0.9882341027259827,0.06275256723165512,0.03957793861627579,0.04643993079662323,
poison/poisceb/datapoiscebpar/poisauth_ceb_3e703572.csv,ok,324,13,0,authentic,0,authentic,0.9978902339935303,all_windows,no_qualified_attack_window,13,0,0.0,True,0.9490055441856384,0.9978902339935303,0.06565763801336288,0.03541238605976105,0.07210178673267365,0.9978902339935303,0.06565763801336288,0.03541238605976105,0.07210178673267365,
poison/poisceb/datapoiscebpar/poisauth_ceb_3e7480bb.csv,ok,313,12,0,authentic,0,authentic,0.9896336197853088,all_windows,no_qualified_attack_window,12,0,0.0,True,0.9084952473640442,0.9896336197853088,0.12816739082336426,0.07823723554611206,0.03886685147881508,0.9896336197853088,0.12816739082336426,0.07823723554611206,0.03886685147881508,
poison/poisceb/datapoiscebpar/poisauth_ceb_3e74cb8a.csv,ok,274,10,0,authentic,0,authentic,0.9843795299530029,all_windows,no_qualified_attack_window,10,0,0.0,True,0.9496413469314575,0.9843795299530029,0.03998534008860588,0.020222431048750877,0.05093679204583168,0.9843795299530029,0.03998534008860588,0.020222431048750877,0.05093679204583168,
poison/poisceb/datapoiscebpar/poisauth_ceb_3e77701f.csv,ok,410,18,0,authentic,0,authentic,0.9948910474777222,all_windows,no_qualified_attack_window,18,0,0.0,True,0.9718570709228516,0.9948910474777222,0.03676578029990196,0.021736053749918938,0.04828212410211563,0.9948910474777222,0.03676578029990196,0.021736053749918938,0.04828212410211563,
poison/poisceb/datapoiscebpar/poisauth_ceb_3e87840a.csv,ok,322,13,0,authentic,0,authentic,0.9797977805137634,all_windows,no_qualified_attack_window,13,0,0.0,True,0.9154517650604248,0.9797977805137634,0.08537089824676514,0.156301349401474,0.06534674763679504,0.9797977805137634,0.08537089824676514,0.156301349401474,0.06534674763679504,
poison/poisceb/datapoiscebpar/poisauth_ceb_3e8c2986.csv,ok,379,16,0,authentic,0,authentic,0.9945688247680664,all_windows,no_qualified_attack_window,16,0,0.0,True,0.9662446975708008,0.9945688247680664,0.037594985216856,0.024443041533231735,0.03669071942567825,0.9945688247680664,0.037594985216856,0.024443041533231735,0.03669071942567825,
poison/poisceb/datapoiscebpar/poisauth_ceb_3e8e726d.csv,ok,374,16,0,authentic,0,authentic,0.9967117309570312,all_windows,no_qualified_attack_window,16,0,0.0,True,0.962820291519165,0.9967117309570312,0.034396227449178696,0.02100067213177681,0.05422830209136009,0.9967117309570312,0.034396227449178696,0.02100067213177681,0.05422830209136009,
poison/poisceb/datapoiscebpar/poisauth_ceb_3e8f83e0.csv,ok,318,12,0,authentic,0,authentic,0.9847367405891418,all_windows,no_qualified_attack_window,12,0,0.0,True,0.9123521447181702,0.9847367405891418,0.08323656767606735,0.07984314113855362,0.04339592903852463,0.9847367405891418,0.08323656767606735,0.07984314113855362,0.04339592903852463,
poison/poisceb/datapoiscebpar/poisauth_ceb_3e8fc79a.csv,ok,297,11,0,authentic,0,authentic,0.9721362590789795,all_windows,no_qualified_attack_window,11,0,0.0,True,0.8072904944419861,0.9721362590789795,0.06334318965673447,0.45559871196746826,0.04276203736662865,0.9721362590789795,0.06334318965673447,0.45559871196746826,0.04276203736662865,
poison/poisceb/datapoiscebpar/poisauth_ceb_3e92469e.csv,ok,325,13,0,authentic,0,authentic,0.9854045510292053,all_windows,no_qualified_attack_window,13,0,0.0,True,0.9483365416526794,0.9854045510292053,0.07713844627141953,0.04331574961543083,0.046155381947755814,0.9854045510292053,0.07713844627141953,0.04331574961543083,0.046155381947755814,
poison/poisceb/datapoiscebpar/poisauth_ceb_3e9395bd.csv,ok,294,11,0,authentic,0,authentic,0.9889461398124695,all_windows,no_qualified_attack_window,11,0,0.0,True,0.9373929500579834,0.9889461398124695,0.056474197655916214,0.031613294035196304,0.03622925281524658,0.9889461398124695,0.056474197655916214,0.031613294035196304,0.03622925281524658,
poison/poisceb/datapoiscebpar/poisauth_ceb_3e93b2d9.csv,ok,306,12,0,authentic,0,authentic,0.9791128635406494,all_windows,no_qualified_attack_window,12,0,0.0,True,0.9356586933135986,0.9791128635406494,0.11022581905126572,0.040331970900297165,0.04243485629558563,0.9791128635406494,0.11022581905126572,0.040331970900297165,0.04243485629558563,
poison/poisceb/datapoiscebpar/poisauth_ceb_3e9641ad.csv,ok,368,16,0,authentic,0,authentic,0.9984278082847595,all_windows,no_qualified_attack_window,16,0,0.0,True,0.948276162147522,0.9984278082847595,0.06756109744310379,0.03670556843280792,0.055057592689991,0.9984278082847595,0.06756109744310379,0.03670556843280792,0.055057592689991,
poison/poisceb/datapoiscebpar/poisauth_ceb_3e9a215f.csv,ok,345,14,0,authentic,0,authentic,0.9962490797042847,all_windows,no_qualified_attack_window,14,0,0.0,True,0.9342107772827148,0.9962490797042847,0.07341192662715912,0.07347482442855835,0.043515343219041824,0.9962490797042847,0.07341192662715912,0.07347482442855835,0.043515343219041824,
poison/poisceb/datapoiscebpar/poisauth_ceb_3e9af3eb.csv,ok,380,16,0,authentic,0,authentic,0.9934359788894653,all_windows,no_qualified_attack_window,16,0,0.0,True,0.9607639312744141,0.9934359788894653,0.03769432008266449,0.029409389942884445,0.033074382692575455,0.9934359788894653,0.03769432008266449,0.029409389942884445,0.033074382692575455,
poison/poisceb/datapoiscebpar/poisauth_ceb_3e9b47c3.csv,ok,356,15,0,authentic,0,authentic,0.9729087352752686,all_windows,no_qualified_attack_window,15,0,0.0,True,0.8856901526451111,0.9729087352752686,0.1350484937429428,0.1101769208908081,0.05300033837556839,0.9729087352752686,0.1350484937429428,0.1101769208908081,0.05300033837556839,
poison/poisceb/datapoiscebpar/poisauth_ceb_3e9eab00.csv,ok,407,18,0,authentic,0,authentic,0.9907339215278625,all_windows,no_qualified_attack_window,18,0,0.0,True,0.9294898509979248,0.9907339215278625,0.23661240935325623,0.027629859745502472,0.05293362960219383,0.9907339215278625,0.23661240935325623,0.027629859745502472,0.05293362960219383,
poison/poisceb/datapoiscebpar/poisauth_ceb_3e9f288f.csv,ok,396,17,0,authentic,0,authentic,0.9945338368415833,all_windows,no_qualified_attack_window,17,0,0.0,True,0.9587570428848267,0.9945338368415833,0.045409590005874634,0.05299340933561325,0.06162648648023605,0.9945338368415833,0.045409590005874634,0.05299340933561325,0.06162648648023605,
poison/poisceb/datapoiscebpar/poisauth_ceb_3e9f427d.csv,ok,300,11,0,authentic,0,authentic,0.9926882982254028,all_windows,no_qualified_attack_window,11,0,0.0,True,0.9727218747138977,0.9926882982254028,0.016738563776016235,0.01311033871024847,0.023154152557253838,0.9926882982254028,0.016738563776016235,0.01311033871024847,0.023154152557253838,
poison/poisceb/datapoiscebpar/poisauth_ceb_3ea16829.csv,ok,371,16,0,authentic,0,authentic,0.9966191053390503,all_windows,no_qualified_attack_window,16,0,0.0,True,0.9589494466781616,0.9966191053390503,0.04403289407491684,0.025811301544308662,0.046256087720394135,0.9966191053390503,0.04403289407491684,0.025811301544308662,0.046256087720394135,
poison/poisceb/datapoiscebpar/poisauth_ceb_3ea18fc1.csv,ok,354,15,0,authentic,0,authentic,0.9952120780944824,all_windows,no_qualified_attack_window,15,0,0.0,True,0.9571182131767273,0.9952120780944824,0.07701960951089859,0.042726047337055206,0.04451098293066025,0.9952120780944824,0.07701960951089859,0.042726047337055206,0.04451098293066025,
poison/poisceb/datapoiscebpar/poisauth_ceb_3ea27a49.csv,ok,326,13,0,authentic,0,authentic,0.992243230342865,all_windows,no_qualified_attack_window,13,0,0.0,True,0.9281401038169861,0.992243230342865,0.0705244168639183,0.04875261336565018,0.047206055372953415,0.992243230342865,0.0705244168639183,0.04875261336565018,0.047206055372953415,
poison/poisceb/datapoiscebpar/poisauth_ceb_3ea4e474.csv,ok,357,15,0,authentic,0,authentic,0.9925232529640198,all_windows,no_qualified_attack_window,15,0,0.0,True,0.9303656220436096,0.9925232529640198,0.07712814211845398,0.059986621141433716,0.06395197659730911,0.9925232529640198,0.07712814211845398,0.059986621141433716,0.06395197659730911,
poison/poisceb/datapoiscebpar/poisauth_ceb_3ea56fc5.csv,ok,272,10,0,authentic,0,authentic,0.9517819285392761,all_windows,no_qualified_attack_window,10,0,0.0,True,0.9069951772689819,0.9517819285392761,0.0681176409125328,0.05295519530773163,0.03294168785214424,0.9517819285392761,0.0681176409125328,0.05295519530773163,0.03294168785214424,
poison/poisceb/datapoiscebpar/poisauth_ceb_3ea617f2.csv,ok,311,12,0,authentic,0,authentic,0.9881061315536499,all_windows,no_qualified_attack_window,12,0,0.0,True,0.9509392380714417,0.9881061315536499,0.0535772368311882,0.037407662719488144,0.047867003828287125,0.9881061315536499,0.0535772368311882,0.037407662719488144,0.047867003828287125,
poison/poisceb/datapoiscebpar/poisauth_ceb_3ea85858.csv,ok,368,16,0,authentic,0,authentic,0.9962138533592224,all_windows,no_qualified_attack_window,16,0,0.0,True,0.9587804079055786,0.9962138533592224,0.05232595279812813,0.033173996955156326,0.06270242482423782,0.9962138533592224,0.05232595279812813,0.033173996955156326,0.06270242482423782,
poison/poisceb/datapoiscebpar/poisauth_ceb_3eac3581.csv,ok,321,13,0,authentic,0,authentic,0.9974186420440674,all_windows,no_qualified_attack_window,13,0,0.0,True,0.9255102872848511,0.9974186420440674,0.08145475387573242,0.06768383830785751,0.057686250656843185,0.9974186420440674,0.08145475387573242,0.06768383830785751,0.057686250656843185,
poison/poisceb/datapoiscebpar/poisauth_ceb_3eac426b.csv,ok,326,13,0,authentic,0,authentic,0.9960101246833801,all_windows,no_qualified_attack_window,13,0,0.0,True,0.9503856897354126,0.9960101246833801,0.060282010585069656,0.039745528250932693,0.044625233858823776,0.9960101246833801,0.060282010585069656,0.039745528250932693,0.044625233858823776,
poison/poisceb/datapoiscebpar/poisauth_ceb_3eb0c211.csv,ok,381,16,0,authentic,0,authentic,0.9918025135993958,all_windows,no_qualified_attack_window,16,0,0.0,True,0.9633877277374268,0.9918025135993958,0.03783424198627472,0.02620795927941799,0.04125739261507988,0.9918025135993958,0.03783424198627472,0.02620795927941799,0.04125739261507988,
poison/poisceb/datapoiscebpar/poisauth_ceb_3eb1117e.csv,ok,315,12,0,authentic,0,authentic,0.9908693432807922,all_windows,no_qualified_attack_window,12,0,0.0,True,0.8978900909423828,0.9908693432807922,0.12027938663959503,0.07818499952554703,0.06339829415082932,0.9908693432807922,0.12027938663959503,0.07818499952554703,0.06339829415082932,
poison/poisceb/datapoiscebpar/poisauth_ceb_3eb43ed1.csv,ok,354,15,0,authentic,0,authentic,0.9945023059844971,all_windows,no_qualified_attack_window,15,0,0.0,True,0.9447593688964844,0.9945023059844971,0.04399438574910164,0.0457276850938797,0.0529390387237072,0.9945023059844971,0.04399438574910164,0.0457276850938797,0.0529390387237072,
poison/poisceb/datapoiscebpar/poisauth_ceb_3eb5439f.csv,ok,293,11,0,authentic,0,authentic,0.980891764163971,all_windows,no_qualified_attack_window,11,0,0.0,True,0.9256999492645264,0.980891764163971,0.09875024110078812,0.05608305335044861,0.052059147506952286,0.980891764163971,0.09875024110078812,0.05608305335044861,0.052059147506952286,
poison/poisceb/datapoiscebpar/poisauth_ceb_3ebbb4fb.csv,ok,331,13,0,authentic,0,authentic,0.9876925349235535,all_windows,no_qualified_attack_window,13,0,0.0,True,0.935021698474884,0.9876925349235535,0.0633046105504036,0.1243470162153244,0.03376748040318489,0.9876925349235535,0.0633046105504036,0.1243470162153244,0.03376748040318489,
poison/poisceb/datapoiscebpar/poisauth_ceb_3ebbca4e.csv,ok,364,15,0,authentic,0,authentic,0.9979413151741028,all_windows,no_qualified_attack_window,15,0,0.0,True,0.9444249272346497,0.9979413151741028,0.05792493000626564,0.041757795959711075,0.09829412400722504,0.9979413151741028,0.05792493000626564,0.041757795959711075,0.09829412400722504,
poison/poisceb/datapoiscebpar/poisauth_ceb_3ebf228b.csv,ok,356,15,0,authentic,0,authentic,0.995367169380188,all_windows,no_qualified_attack_window,15,0,0.0,True,0.9578750729560852,0.995367169380188,0.08812680095434189,0.04971102997660637,0.11969546228647232,0.995367169380188,0.08812680095434189,0.04971102997660637,0.11969546228647232,
poison/poisceb/datapoiscebpar/poisauth_ceb_3ec015cb.csv,ok,321,13,0,authentic,0,authentic,0.980693519115448,all_windows,no_qualified_attack_window,13,0,0.0,True,0.9021236896514893,0.980693519115448,0.13206173479557037,0.11664111167192459,0.030410246923565865,0.980693519115448,0.13206173479557037,0.11664111167192459,0.030410246923565865,
poison/poisceb/datapoiscebpar/poisauth_ceb_3ec23221.csv,ok,360,15,0,authentic,0,authentic,0.9970208406448364,all_windows,no_qualified_attack_window,15,0,0.0,True,0.9590118527412415,0.9970208406448364,0.06311266869306564,0.037521786987781525,0.05604035034775734,0.9970208406448364,0.06311266869306564,0.037521786987781525,0.05604035034775734,
poison/poisceb/datapoiscebpar/poisauth_ceb_3ec27de9.csv,ok,401,18,0,authentic,0,authentic,0.9981673955917358,all_windows,no_qualified_attack_window,18,0,0.0,True,0.9810968041419983,0.9981673955917358,0.01992933079600334,0.017287924885749817,0.028883006423711777,0.9981673955917358,0.01992933079600334,0.017287924885749817,0.028883006423711777,
poison/poisceb/datapoiscebpar/poisauth_ceb_3ec35abb.csv,ok,298,11,0,authentic,0,authentic,0.9929872751235962,all_windows,no_qualified_attack_window,11,0,0.0,True,0.9242576360702515,0.9929872751235962,0.10376264154911041,0.08842210471630096,0.054064374417066574,0.9929872751235962,0.10376264154911041,0.08842210471630096,0.054064374417066574,
poison/poisceb/datapoiscebpar/poisauth_ceb_3ec5fbea.csv,ok,305,12,0,authentic,0,authentic,0.9644663333892822,all_windows,no_qualified_attack_window,12,0,0.0,True,0.8814824223518372,0.9644663333892822,0.08266972005367279,0.2595849633216858,0.054894231259822845,0.9644663333892822,0.08266972005367279,0.2595849633216858,0.054894231259822845,
poison/poisceb/datapoiscebpar/poisauth_ceb_3ec729dc.csv,ok,336,14,0,authentic,0,authentic,0.9985085129737854,all_windows,no_qualified_attack_window,14,0,0.0,True,0.9037243723869324,0.9985085129737854,0.289785236120224,0.1124890074133873,0.0576595738530159,0.9985085129737854,0.289785236120224,0.1124890074133873,0.0576595738530159,
poison/poisceb/datapoiscebpar/poisauth_ceb_3ec99989.csv,ok,332,13,0,authentic,0,authentic,0.9800097346305847,all_windows,no_qualified_attack_window,13,0,0.0,True,0.9117446541786194,0.9800097346305847,0.08506494760513306,0.05034137889742851,0.055241044610738754,0.9800097346305847,0.08506494760513306,0.05034137889742851,0.055241044610738754,
poison/poisceb/datapoiscebpar/poisauth_ceb_3eca29db.csv,ok,355,15,0,authentic,0,authentic,0.9968583583831787,all_windows,no_qualified_attack_window,15,0,0.0,True,0.9441308975219727,0.9968583583831787,0.05162687599658966,0.03670240938663483,0.06751828640699387,0.9968583583831787,0.05162687599658966,0.03670240938663483,0.06751828640699387,
poison/poisceb/datapoiscebpar/poisauth_ceb_3eca98ca.csv,ok,323,13,0,authentic,0,authentic,0.9946121573448181,all_windows,no_qualified_attack_window,13,0,0.0,True,0.9408835172653198,0.9946121573448181,0.05437833443284035,0.03353462740778923,0.05144008249044418,0.9946121573448181,0.05437833443284035,0.03353462740778923,0.05144008249044418,
poison/poisceb/datapoiscebpar/poisauth_ceb_3ecd551b.csv,ok,348,14,0,authentic,0,authentic,0.9934887290000916,all_windows,no_qualified_attack_window,14,0,0.0,True,0.9469632506370544,0.9934887290000916,0.06273914873600006,0.04330812022089958,0.040359899401664734,0.9934887290000916,0.06273914873600006,0.04330812022089958,0.040359899401664734,
poison/poisceb/datapoiscebpar/poisauth_ceb_3ecd7dd5.csv,ok,327,13,0,authentic,0,authentic,0.9583924412727356,all_windows,no_qualified_attack_window,13,0,0.0,True,0.8528521060943604,0.9583924412727356,0.24247929453849792,0.054114751517772675,0.04585393890738487,0.9583924412727356,0.24247929453849792,0.054114751517772675,0.04585393890738487,
poison/poisceb/datapoiscebpar/poisauth_ceb_3ecd92be.csv,ok,347,14,0,authentic,0,authentic,0.9897006154060364,all_windows,no_qualified_attack_window,14,0,0.0,True,0.9569398164749146,0.9897006154060364,0.043581098318099976,0.0252208411693573,0.02970028482377529,0.9897006154060364,0.043581098318099976,0.0252208411693573,0.02970028482377529,
poison/poisceb/datapoiscebpar/poisauth_ceb_3ecd9c1d.csv,ok,373,16,0,authentic,1,modified_altitude,0.7903220057487488,all_windows,qualified_attack_window,16,2,0.125,False,0.8036352396011353,0.9728090763092041,0.7903220057487488,0.039300139993429184,0.05961858481168747,0.9728090763092041,0.7903220057487488,0.039300139993429184,0.05961858481168747,
poison/poisceb/datapoiscebpar/poisauth_ceb_3ece6491.csv,ok,480,23,0,authentic,0,authentic,0.9981234669685364,all_windows,no_qualified_attack_window,23,0,0.0,True,0.973519504070282,0.9981234669685364,0.049130070954561234,0.03991139307618141,0.04051407799124718,0.9981234669685364,0.049130070954561234,0.03991139307618141,0.04051407799124718,
poison/poisceb/datapoiscebpar/poisauth_ceb_3ed79631.csv,ok,378,16,0,authentic,0,authentic,0.9853848218917847,all_windows,no_qualified_attack_window,16,0,0.0,True,0.9130162000656128,0.9853848218917847,0.0856439471244812,0.05000212416052818,0.056406740099191666,0.9853848218917847,0.0856439471244812,0.05000212416052818,0.056406740099191666,
poison/poisceb/datapoiscebpar/poisauth_ceb_3ed81622.csv,ok,311,12,0,authentic,0,authentic,0.9938400387763977,all_windows,no_qualified_attack_window,12,0,0.0,True,0.940689742565155,0.9938400387763977,0.08515021950006485,0.05401710420846939,0.06231621652841568,0.9938400387763977,0.08515021950006485,0.05401710420846939,0.06231621652841568,
poison/poisceb/datapoiscebpar/poisauth_ceb_3ed9d416.csv,ok,317,12,0,authentic,0,authentic,0.9893478751182556,all_windows,no_qualified_attack_window,12,0,0.0,True,0.9630260467529297,0.9893478751182556,0.03999854251742363,0.0227182786911726,0.02115768752992153,0.9893478751182556,0.03999854251742363,0.0227182786911726,0.02115768752992153,
poison/poisceb/datapoiscebpar/poisauth_ceb_3edac4f1.csv,ok,335,13,0,authentic,1,modified_altitude,0.634472668170929,all_windows,qualified_attack_window,13,1,0.07692307692307693,False,0.7752106189727783,0.9480113387107849,0.634472668170929,0.07466669380664825,0.03796500712633133,0.9480113387107849,0.634472668170929,0.07466669380664825,0.03796500712633133,
poison/poisceb/datapoiscebpar/poisauth_ceb_3edad482.csv,ok,346,14,0,authentic,0,authentic,0.9805441498756409,all_windows,no_qualified_attack_window,14,0,0.0,True,0.9303373098373413,0.9805441498756409,0.07138149440288544,0.04716692864894867,0.05606976896524429,0.9805441498756409,0.07138149440288544,0.04716692864894867,0.05606976896524429,
poison/poisceb/datapoiscebpar/poisauth_ceb_3edd9c73.csv,ok,303,11,0,authentic,0,authentic,0.9781047701835632,all_windows,no_qualified_attack_window,11,0,0.0,True,0.9144966006278992,0.9781047701835632,0.059545230120420456,0.24520687758922577,0.02366219460964203,0.9781047701835632,0.059545230120420456,0.24520687758922577,0.02366219460964203,
poison/poisceb/datapoiscebpar/poisauth_ceb_3ee27b18.csv,ok,312,12,0,authentic,0,authentic,0.9892597198486328,all_windows,no_qualified_attack_window,12,0,0.0,True,0.9361483454704285,0.9892597198486328,0.07722475379705429,0.03857839107513428,0.043519843369722366,0.9892597198486328,0.07722475379705429,0.03857839107513428,0.043519843369722366,
poison/poisceb/datapoiscebpar/poisauth_ceb_3ee31976.csv,ok,470,22,0,authentic,0,authentic,0.9978992938995361,all_windows,no_qualified_attack_window,22,0,0.0,True,0.9695759415626526,0.9978992938995361,0.03701062873005867,0.024002062156796455,0.03406168147921562,0.9978992938995361,0.03701062873005867,0.024002062156796455,0.03406168147921562,
poison/poisceb/datapoiscebpar/poisauth_ceb_3ee600ee.csv,ok,369,16,0,authentic,0,authentic,0.9988076090812683,all_windows,no_qualified_attack_window,16,0,0.0,True,0.9476074576377869,0.9988076090812683,0.05169817805290222,0.05364840477705002,0.05726424977183342,0.9988076090812683,0.05169817805290222,0.05364840477705002,0.05726424977183342,
poison/poisceb/datapoiscebpar/poisauth_ceb_3ee6c6d1.csv,ok,342,14,0,authentic,0,authentic,0.9767565727233887,all_windows,no_qualified_attack_window,14,0,0.0,True,0.9176682233810425,0.9767565727233887,0.0653814822435379,0.037847425788640976,0.06909666210412979,0.9767565727233887,0.0653814822435379,0.037847425788640976,0.06909666210412979,
poison/poisceb/datapoiscebpar/poisauth_ceb_3ee6fd61.csv,ok,343,14,0,authentic,0,authentic,0.9915606379508972,all_windows,no_qualified_attack_window,14,0,0.0,True,0.9390687346458435,0.9915606379508972,0.05122982710599899,0.03239980712532997,0.05874255299568176,0.9915606379508972,0.05122982710599899,0.03239980712532997,0.05874255299568176,
poison/poisceb/datapoiscebpar/poisauth_ceb_3ee762b3.csv,ok,398,17,0,authentic,0,authentic,0.9986980557441711,all_windows,no_qualified_attack_window,17,0,0.0,True,0.9759091734886169,0.9986980557441711,0.025308232754468918,0.02784750796854496,0.03348679095506668,0.9986980557441711,0.025308232754468918,0.02784750796854496,0.03348679095506668,
poison/poisceb/datapoiscebpar/poisauth_ceb_3eeaa2d3.csv,ok,371,16,0,authentic,0,authentic,0.9769893884658813,all_windows,no_qualified_attack_window,16,0,0.0,True,0.9406629204750061,0.9769893884658813,0.03771522641181946,0.020569084212183952,0.07684484124183655,0.9769893884658813,0.03771522641181946,0.020569084212183952,0.07684484124183655,
poison/poisceb/datapoiscebpar/poisauth_ceb_3eee9fa6.csv,ok,366,15,0,authentic,0,authentic,0.9976078867912292,all_windows,no_qualified_attack_window,15,0,0.0,True,0.9573110342025757,0.9976078867912292,0.049783773720264435,0.03475872799754143,0.03743954375386238,0.9976078867912292,0.049783773720264435,0.03475872799754143,0.03743954375386238,
poison/poisceb/datapoiscebpar/poisauth_ceb_3eefc093.csv,ok,322,13,0,authentic,0,authentic,0.9774486422538757,all_windows,no_qualified_attack_window,13,0,0.0,True,0.9239177703857422,0.9774486422538757,0.10228443145751953,0.049437880516052246,0.09846415370702744,0.9774486422538757,0.10228443145751953,0.049437880516052246,0.09846415370702744,
poison/poisceb/datapoiscebpar/poisauth_ceb_3ef274f9.csv,ok,340,14,0,authentic,0,authentic,0.9959005117416382,all_windows,no_qualified_attack_window,14,0,0.0,True,0.9679738879203796,0.9959005117416382,0.032375697046518326,0.01922682300209999,0.03401065617799759,0.9959005117416382,0.032375697046518326,0.01922682300209999,0.03401065617799759,
poison/poisceb/datapoiscebpar/poisauth_ceb_3ef2a84a.csv,ok,311,12,0,authentic,0,authentic,0.9908831715583801,all_windows,no_qualified_attack_window,12,0,0.0,True,0.9364404082298279,0.9908831715583801,0.0566941536962986,0.04083472862839699,0.02706909365952015,0.9908831715583801,0.0566941536962986,0.04083472862839699,0.02706909365952015,
poison/poisceb/datapoiscebpar/poisauth_ceb_3f031544.csv,ok,290,11,0,authentic,0,authentic,0.9674379229545593,all_windows,no_qualified_attack_window,11,0,0.0,True,0.9308931231498718,0.9674379229545593,0.05242865905165672,0.02840946614742279,0.03155095875263214,0.9674379229545593,0.05242865905165672,0.02840946614742279,0.03155095875263214,
poison/poisceb/datapoiscebpar/poisauth_ceb_3f058428.csv,ok,322,13,0,authentic,0,authentic,0.9939411878585815,all_windows,no_qualified_attack_window,13,0,0.0,True,0.9476990103721619,0.9939411878585815,0.05861060693860054,0.03388822078704834,0.052131641656160355,0.9939411878585815,0.05861060693860054,0.03388822078704834,0.052131641656160355,
poison/poisceb/datapoiscebpar/poisauth_ceb_3f05b121.csv,ok,310,12,0,authentic,0,authentic,0.9947704076766968,all_windows,no_qualified_attack_window,12,0,0.0,True,0.9517977237701416,0.9947704076766968,0.057423245161771774,0.03151821345090866,0.06398285925388336,0.9947704076766968,0.057423245161771774,0.03151821345090866,0.06398285925388336,
poison/poisceb/datapoiscebpar/poisauth_ceb_3f068856.csv,ok,321,13,0,authentic,0,authentic,0.9930042624473572,all_windows,no_qualified_attack_window,13,0,0.0,True,0.9363675713539124,0.9930042624473572,0.05823778733611107,0.04775730147957802,0.03878207877278328,0.9930042624473572,0.05823778733611107,0.04775730147957802,0.03878207877278328,
poison/poisceb/datapoiscebpar/poisauth_ceb_3f07d673.csv,ok,312,12,0,authentic,0,authentic,0.9771331548690796,all_windows,no_qualified_attack_window,12,0,0.0,True,0.9385542869567871,0.9771331548690796,0.046273257583379745,0.04052003473043442,0.035305559635162354,0.9771331548690796,0.046273257583379745,0.04052003473043442,0.035305559635162354,
poison/poisceb/datapoiscebpar/poisauth_ceb_3f0abaf5.csv,ok,329,13,0,authentic,0,authentic,0.9936134815216064,all_windows,no_qualified_attack_window,13,0,0.0,True,0.9614472985267639,0.9936134815216064,0.03557639569044113,0.03389317914843559,0.044220831245183945,0.9936134815216064,0.03557639569044113,0.03389317914843559,0.044220831245183945,
poison/poisceb/datapoiscebpar/poisauth_ceb_3f0ac143.csv,ok,310,12,0,authentic,0,authentic,0.9610266089439392,all_windows,no_qualified_attack_window,12,0,0.0,True,0.8724114298820496,0.9610266089439392,0.10415434837341309,0.2875732481479645,0.04630303382873535,0.9610266089439392,0.10415434837341309,0.2875732481479645,0.04630303382873535,
poison/poisceb/datapoiscebpar/poisauth_ceb_3f0e156d.csv,ok,309,12,0,authentic,0,authentic,0.9801320433616638,all_windows,no_qualified_attack_window,12,0,0.0,True,0.9204910397529602,0.9801320433616638,0.11519134044647217,0.05209809169173241,0.0424087829887867,0.9801320433616638,0.11519134044647217,0.05209809169173241,0.0424087829887867,
poison/poisceb/datapoiscebpar/poisauth_ceb_3f11191c.csv,ok,331,13,0,authentic,0,authentic,0.9962714314460754,all_windows,no_qualified_attack_window,13,0,0.0,True,0.9554150104522705,0.9962714314460754,0.05594820901751518,0.03363822400569916,0.04368860647082329,0.9962714314460754,0.05594820901751518,0.03363822400569916,0.04368860647082329,
poison/poisceb/datapoiscebpar/poisauth_ceb_3f115f15.csv,ok,346,14,0,authentic,0,authentic,0.9890203475952148,all_windows,no_qualified_attack_window,14,0,0.0,True,0.9335344433784485,0.9890203475952148,0.051227129995822906,0.08260273188352585,0.056613653898239136,0.9890203475952148,0.051227129995822906,0.08260273188352585,0.056613653898239136,
poison/poisceb/datapoiscebpar/poisauth_ceb_3f11b153.csv,ok,333,13,0,authentic,0,authentic,0.9882559776306152,all_windows,no_qualified_attack_window,13,0,0.0,True,0.9162474870681763,0.9882559776306152,0.10154514014720917,0.06346733123064041,0.03266523405909538,0.9882559776306152,0.10154514014720917,0.06346733123064041,0.03266523405909538,
poison/poisceb/datapoiscebpar/poisauth_ceb_3f128481.csv,ok,301,11,0,authentic,0,authentic,0.9977161884307861,all_windows,no_qualified_attack_window,11,0,0.0,True,0.9398056268692017,0.9977161884307861,0.08386050164699554,0.04272953420877457,0.04742690548300743,0.9977161884307861,0.08386050164699554,0.04272953420877457,0.04742690548300743,
poison/poisceb/datapoiscebpar/poisauth_ceb_3f1417b4.csv,ok,339,14,0,authentic,0,authentic,0.9877703785896301,all_windows,no_qualified_attack_window,14,0,0.0,True,0.9244031310081482,0.9877703785896301,0.23371325433254242,0.03727208450436592,0.06721799075603485,0.9877703785896301,0.23371325433254242,0.03727208450436592,0.06721799075603485,
poison/poisceb/datapoiscebpar/poisauth_ceb_3f180896.csv,ok,555,27,0,authentic,0,authentic,0.9985190033912659,all_windows,no_qualified_attack_window,27,0,0.0,True,0.9718742370605469,0.9985190033912659,0.03300664201378822,0.01862173154950142,0.06643960624933243,0.9985190033912659,0.03300664201378822,0.01862173154950142,0.06643960624933243,
poison/poisceb/datapoiscebpar/poisauth_ceb_3f18588d.csv,ok,316,12,0,authentic,3,modified_position,0.7398372292518616,all_windows,qualified_attack_window,12,1,0.08333333333333333,False,0.8193581104278564,0.997922420501709,0.15503333508968353,0.04377708584070206,0.7398372292518616,0.997922420501709,0.15503333508968353,0.04377708584070206,0.7398372292518616,
poison/poisceb/datapoiscebpar/poisauth_ceb_3f1e0122.csv,ok,377,16,0,authentic,1,modified_altitude,0.5562035441398621,all_windows,qualified_attack_window,16,1,0.0625,False,0.8854628801345825,0.9950706958770752,0.5562035441398621,0.06655173748731613,0.06218665465712547,0.9950706958770752,0.5562035441398621,0.06655173748731613,0.06218665465712547,
poison/poisceb/datapoiscebpar/poisauth_ceb_3f22920a.csv,ok,383,16,0,authentic,0,authentic,0.9991937875747681,all_windows,no_qualified_attack_window,16,0,0.0,True,0.9693540334701538,0.9991937875747681,0.024193283170461655,0.01966915838420391,0.04299166426062584,0.9991937875747681,0.024193283170461655,0.01966915838420391,0.04299166426062584,
poison/poisceb/datapoiscebpar/poisauth_ceb_3f231894.csv,ok,358,15,0,authentic,0,authentic,0.9926175475120544,all_windows,no_qualified_attack_window,15,0,0.0,True,0.957801103591919,0.9926175475120544,0.04513014480471611,0.02990632876753807,0.029270580038428307,0.9926175475120544,0.04513014480471611,0.02990632876753807,0.029270580038428307,
poison/poisceb/datapoiscebpar/poisauth_ceb_3f26146e.csv,ok,408,18,0,authentic,0,authentic,0.997912585735321,all_windows,no_qualified_attack_window,18,0,0.0,True,0.9648697972297668,0.997912585735321,0.03147006034851074,0.024741368368268013,0.04703341796994209,0.997912585735321,0.03147006034851074,0.024741368368268013,0.04703341796994209,
poison/poisceb/datapoiscebpar/poisauth_ceb_3f26b79d.csv,ok,359,15,0,authentic,0,authentic,0.9960283041000366,all_windows,no_qualified_attack_window,15,0,0.0,True,0.9164095520973206,0.9960283041000366,0.0616455152630806,0.13591346144676208,0.06700554490089417,0.9960283041000366,0.0616455152630806,0.13591346144676208,0.06700554490089417,
poison/poisceb/datapoiscebpar/poisauth_ceb_3f27383d.csv,ok,377,16,0,authentic,0,authentic,0.986924946308136,all_windows,no_qualified_attack_window,16,0,0.0,True,0.9344232678413391,0.986924946308136,0.08178635686635971,0.094322569668293,0.059523362666368484,0.986924946308136,0.08178635686635971,0.094322569668293,0.059523362666368484,
poison/poisceb/datapoiscebpar/poisauth_ceb_3f281d76.csv,ok,316,12,0,authentic,0,authentic,0.9885977506637573,all_windows,no_qualified_attack_window,12,0,0.0,True,0.9405539035797119,0.9885977506637573,0.051199667155742645,0.03509566932916641,0.04399755969643593,0.9885977506637573,0.051199667155742645,0.03509566932916641,0.04399755969643593,
poison/poisceb/datapoiscebpar/poisauth_ceb_3f2df8d5.csv,ok,318,12,0,authentic,0,authentic,0.9931449890136719,all_windows,no_qualified_attack_window,12,0,0.0,True,0.9477617740631104,0.9931449890136719,0.07354982942342758,0.08654127269983292,0.0295439213514328,0.9931449890136719,0.07354982942342758,0.08654127269983292,0.0295439213514328,
poison/poisceb/datapoiscebpar/poisauth_ceb_3f2e5138.csv,ok,307,12,0,authentic,0,authentic,0.9789348840713501,all_windows,no_qualified_attack_window,12,0,0.0,True,0.9238807559013367,0.9789348840713501,0.06644120067358017,0.05659738555550575,0.06366216391324997,0.9789348840713501,0.06644120067358017,0.05659738555550575,0.06366216391324997,
poison/poisceb/datapoiscebpar/poisauth_ceb_3f2f870b.csv,ok,317,12,0,authentic,0,authentic,0.9851584434509277,all_windows,no_qualified_attack_window,12,0,0.0,True,0.9246171116828918,0.9851584434509277,0.10562358051538467,0.0758674368262291,0.0475834421813488,0.9851584434509277,0.10562358051538467,0.0758674368262291,0.0475834421813488,
poison/poisceb/datapoiscebpar/poisauth_ceb_3f31991c.csv,ok,333,13,0,authentic,0,authentic,0.9803899526596069,all_windows,no_qualified_attack_window,13,0,0.0,True,0.9299067854881287,0.9803899526596069,0.07360921800136566,0.04156263917684555,0.03391148895025253,0.9803899526596069,0.07360921800136566,0.04156263917684555,0.03391148895025253,
poison/poisceb/datapoiscebpar/poisauth_ceb_3f32a47a.csv,ok,325,13,0,authentic,0,authentic,0.9961379766464233,all_windows,no_qualified_attack_window,13,0,0.0,True,0.9626988768577576,0.9961379766464233,0.03938601166009903,0.03863382339477539,0.027442341670393944,0.9961379766464233,0.03938601166009903,0.03863382339477539,0.027442341670393944,
poison/poisceb/datapoiscebpar/poisauth_ceb_3f33f0af.csv,ok,319,12,0,authentic,0,authentic,0.9895114302635193,all_windows,no_qualified_attack_window,12,0,0.0,True,0.9433944225311279,0.9895114302635193,0.0521368682384491,0.03974224254488945,0.037499625235795975,0.9895114302635193,0.0521368682384491,0.03974224254488945,0.037499625235795975,
poison/poisceb/datapoiscebpar/poisauth_ceb_3f350a36.csv,ok,347,14,0,authentic,0,authentic,0.9990350008010864,all_windows,no_qualified_attack_window,14,0,0.0,True,0.9623350501060486,0.9990350008010864,0.041242823004722595,0.027487901970744133,0.037279143929481506,0.9990350008010864,0.041242823004722595,0.027487901970744133,0.037279143929481506,
poison/poisceb/datapoiscebpar/poisauth_ceb_3f36961f.csv,ok,355,15,0,authentic,0,authentic,0.9951340556144714,all_windows,no_qualified_attack_window,15,0,0.0,True,0.9713519811630249,0.9951340556144714,0.026145119220018387,0.018144017085433006,0.045378491282463074,0.9951340556144714,0.026145119220018387,0.018144017085433006,0.045378491282463074,
poison/poisceb/datapoiscebpar/poisauth_ceb_3f38c5e9.csv,ok,292,11,0,authentic,0,authentic,0.9790141582489014,all_windows,no_qualified_attack_window,11,0,0.0,True,0.9149051904678345,0.9790141582489014,0.07273279875516891,0.04163965955376625,0.047300443053245544,0.9790141582489014,0.07273279875516891,0.04163965955376625,0.047300443053245544,
poison/poisceb/datapoiscebpar/poisauth_ceb_3f39f085.csv,ok,310,12,0,authentic,0,authentic,0.997512936592102,all_windows,no_qualified_attack_window,12,0,0.0,True,0.9576749801635742,0.997512936592102,0.05935381352901459,0.031060615554451942,0.042743705213069916,0.997512936592102,0.05935381352901459,0.031060615554451942,0.042743705213069916,
poison/poisceb/datapoiscebpar/poisauth_ceb_3f3a089b.csv,ok,337,14,0,authentic,0,authentic,0.9930328130722046,all_windows,no_qualified_attack_window,14,0,0.0,True,0.9495359063148499,0.9930328130722046,0.05923165753483772,0.038177862763404846,0.03454634174704552,0.9930328130722046,0.05923165753483772,0.038177862763404846,0.03454634174704552,
poison/poisceb/datapoiscebpar/poisauth_ceb_3f3b17b4.csv,ok,319,12,0,authentic,0,authentic,0.9933975338935852,all_windows,no_qualified_attack_window,12,0,0.0,True,0.9458920955657959,0.9933975338935852,0.054555390030145645,0.040303200483322144,0.04475584998726845,0.9933975338935852,0.054555390030145645,0.040303200483322144,0.04475584998726845,
poison/poisceb/datapoiscebpar/poisauth_ceb_3f3c5f7a.csv,ok,279,10,0,authentic,0,authentic,0.9916977882385254,all_windows,no_qualified_attack_window,10,0,0.0,True,0.947919487953186,0.9916977882385254,0.07372722774744034,0.034088730812072754,0.03670269995927811,0.9916977882385254,0.07372722774744034,0.034088730812072754,0.03670269995927811,
poison/poisceb/datapoiscebpar/poisauth_ceb_3f3cafab.csv,ok,318,12,0,authentic,0,authentic,0.9785478115081787,all_windows,no_qualified_attack_window,12,0,0.0,True,0.9318365454673767,0.9785478115081787,0.08299849927425385,0.054910268634557724,0.04815540462732315,0.9785478115081787,0.08299849927425385,0.054910268634557724,0.04815540462732315,
poison/poisceb/datapoiscebpar/poisauth_ceb_3f3d1e29.csv,ok,328,13,0,authentic,0,authentic,0.9942923188209534,all_windows,no_qualified_attack_window,13,0,0.0,True,0.9610220193862915,0.9942923188209534,0.028056345880031586,0.01882403902709484,0.06964194774627686,0.9942923188209534,0.028056345880031586,0.01882403902709484,0.06964194774627686,
poison/poisceb/datapoiscebpar/poisauth_ceb_3f3d31b6.csv,ok,335,13,0,authentic,0,authentic,0.9954074025154114,all_windows,no_qualified_attack_window,13,0,0.0,True,0.9704664945602417,0.9954074025154114,0.048249658197164536,0.029624640941619873,0.027559494599699974,0.9954074025154114,0.048249658197164536,0.029624640941619873,0.027559494599699974,
poison/poisceb/datapoiscebpar/poisauth_ceb_3f3dbc16.csv,ok,347,14,0,authentic,2,modified_speed,0.9920074343681335,all_windows,qualified_attack_window,14,4,0.2857142857142857,False,0.6514529585838318,0.9634986519813538,0.1195283979177475,0.9920074343681335,0.042690206319093704,0.9634986519813538,0.1195283979177475,0.9920074343681335,0.042690206319093704,
poison/poisceb/datapoiscebpar/poisauth_ceb_3f3ec2d5.csv,ok,441,20,0,authentic,0,authentic,0.9973896741867065,all_windows,no_qualified_attack_window,20,0,0.0,True,0.9651316404342651,0.9973896741867065,0.04376549273729324,0.02348971739411354,0.11318795382976532,0.9973896741867065,0.04376549273729324,0.02348971739411354,0.11318795382976532,
poison/poisceb/datapoiscebpar/poisauth_ceb_3f3eeccf.csv,ok,310,12,0,authentic,0,authentic,0.9807046055793762,all_windows,no_qualified_attack_window,12,0,0.0,True,0.9525150656700134,0.9807046055793762,0.07169289886951447,0.03762587159872055,0.03790494054555893,0.9807046055793762,0.07169289886951447,0.03762587159872055,0.03790494054555893,
poison/poisceb/datapoiscebpar/poisauth_ceb_3f41083f.csv,ok,326,13,0,authentic,0,authentic,0.9955747127532959,all_windows,no_qualified_attack_window,13,0,0.0,True,0.9482253789901733,0.9955747127532959,0.04676922410726547,0.02911452203989029,0.0386633537709713,0.9955747127532959,0.04676922410726547,0.02911452203989029,0.0386633537709713,
poison/poisceb/datapoiscebpar/poisauth_ceb_3f418d21.csv,ok,326,13,0,authentic,0,authentic,0.9963405132293701,all_windows,no_qualified_attack_window,13,0,0.0,True,0.9677743315696716,0.9963405132293701,0.0367136150598526,0.021746119484305382,0.023825418204069138,0.9963405132293701,0.0367136150598526,0.021746119484305382,0.023825418204069138,
poison/poisceb/datapoiscebpar/poisauth_ceb_3f429596.csv,ok,368,16,0,authentic,0,authentic,0.9975699186325073,all_windows,no_qualified_attack_window,16,0,0.0,True,0.9745391011238098,0.9975699186325073,0.022751610726118088,0.01625153236091137,0.02566983923316002,0.9975699186325073,0.022751610726118088,0.01625153236091137,0.02566983923316002,
poison/poisceb/datapoiscebpar/poisauth_ceb_3f433bd0.csv,ok,365,15,0,authentic,0,authentic,0.9975855350494385,all_windows,no_qualified_attack_window,15,0,0.0,True,0.9544569849967957,0.9975855350494385,0.07030099630355835,0.0414714589715004,0.05703010410070419,0.9975855350494385,0.07030099630355835,0.0414714589715004,0.05703010410070419,
poison/poisceb/datapoiscebpar/poisauth_ceb_3f438a06.csv,ok,369,16,0,authentic,0,authentic,0.9914222955703735,all_windows,no_qualified_attack_window,16,0,0.0,True,0.9598172903060913,0.9914222955703735,0.03128109499812126,0.0644107237458229,0.05329306051135063,0.9914222955703735,0.03128109499812126,0.0644107237458229,0.05329306051135063,
poison/poisceb/datapoiscebpar/poisauth_ceb_3f459476.csv,ok,318,12,0,authentic,0,authentic,0.9833130240440369,all_windows,no_qualified_attack_window,12,0,0.0,True,0.9432150721549988,0.9833130240440369,0.08885816484689713,0.04542667791247368,0.04759347066283226,0.9833130240440369,0.08885816484689713,0.04542667791247368,0.04759347066283226,
poison/poisceb/datapoiscebpar/poisauth_ceb_3f45cc56.csv,ok,351,14,0,authentic,0,authentic,0.9968020915985107,all_windows,no_qualified_attack_window,14,0,0.0,True,0.9508182406425476,0.9968020915985107,0.061664167791604996,0.035825617611408234,0.07214868068695068,0.9968020915985107,0.061664167791604996,0.035825617611408234,0.07214868068695068,
poison/poisceb/datapoiscebpar/poisauth_ceb_3f46b29e.csv,ok,333,13,0,authentic,2,modified_speed,0.9782107472419739,all_windows,qualified_attack_window,13,5,0.38461538461538464,False,0.6172157526016235,0.9742529392242432,0.062223274260759354,0.9782107472419739,0.06813716888427734,0.9742529392242432,0.062223274260759354,0.9782107472419739,0.06813716888427734,
poison/poisceb/datapoiscebpar/poisauth_ceb_3f4abe0e.csv,ok,317,12,0,authentic,0,authentic,0.9908302426338196,all_windows,no_qualified_attack_window,12,0,0.0,True,0.9300599098205566,0.9908302426338196,0.07548192888498306,0.05525732785463333,0.06959812343120575,0.9908302426338196,0.07548192888498306,0.05525732785463333,0.06959812343120575,
poison/poisceb/datapoiscebpar/poisauth_ceb_3f4aeb9f.csv,ok,366,15,0,authentic,0,authentic,0.9951686859130859,all_windows,no_qualified_attack_window,15,0,0.0,True,0.9358974099159241,0.9951686859130859,0.061787400394678116,0.0424606055021286,0.06953438371419907,0.9951686859130859,0.061787400394678116,0.0424606055021286,0.06953438371419907,
poison/poisceb/datapoiscebpar/poisauth_ceb_3f4b104b.csv,ok,352,15,0,authentic,0,authentic,0.971071720123291,all_windows,no_qualified_attack_window,15,0,0.0,True,0.8694754838943481,0.971071720123291,0.10525736212730408,0.19425006210803986,0.05766594037413597,0.971071720123291,0.10525736212730408,0.19425006210803986,0.05766594037413597,
poison/poisceb/datapoiscebpar/poisauth_ceb_3f4c3f9f.csv,ok,310,12,0,authentic,0,authentic,0.9930458068847656,all_windows,no_qualified_attack_window,12,0,0.0,True,0.9570140838623047,0.9930458068847656,0.06157362088561058,0.03009221889078617,0.03076091781258583,0.9930458068847656,0.06157362088561058,0.03009221889078617,0.03076091781258583,
poison/poisceb/datapoiscebpar/poisauth_ceb_3f4df259.csv,ok,327,13,0,authentic,0,authentic,0.9893732666969299,all_windows,no_qualified_attack_window,13,0,0.0,True,0.9393490552902222,0.9893732666969299,0.07173867523670197,0.04448476806282997,0.08098407089710236,0.9893732666969299,0.07173867523670197,0.04448476806282997,0.08098407089710236,
poison/poisceb/datapoiscebpar/poisauth_ceb_3f4e3ac2.csv,ok,443,20,0,authentic,0,authentic,0.9992697238922119,all_windows,no_qualified_attack_window,20,0,0.0,True,0.9525227546691895,0.9992697238922119,0.11641211062669754,0.03843254595994949,0.10853901505470276,0.9992697238922119,0.11641211062669754,0.03843254595994949,0.10853901505470276,
poison/poisceb/datapoiscebpar/poisauth_ceb_3f4e80cb.csv,ok,338,14,0,authentic,0,authentic,0.9965548515319824,all_windows,no_qualified_attack_window,14,0,0.0,True,0.9107047915458679,0.9965548515319824,0.11014047265052795,0.0785803347826004,0.07970544695854187,0.9965548515319824,0.11014047265052795,0.0785803347826004,0.07970544695854187,
poison/poisceb/datapoiscebpar/poisauth_ceb_3f4e9a29.csv,ok,320,13,0,authentic,0,authentic,0.9767181873321533,all_windows,no_qualified_attack_window,13,0,0.0,True,0.9377846121788025,0.9767181873321533,0.0386628583073616,0.0494515523314476,0.0628199651837349,0.9767181873321533,0.0386628583073616,0.0494515523314476,0.0628199651837349,
poison/poisceb/datapoiscebpar/poisauth_ceb_3f51abcf.csv,ok,308,12,0,authentic,0,authentic,0.9631447792053223,all_windows,no_qualified_attack_window,12,0,0.0,True,0.9159998297691345,0.9631447792053223,0.09149778634309769,0.06041279435157776,0.07395624369382858,0.9631447792053223,0.09149778634309769,0.06041279435157776,0.07395624369382858,
poison/poisceb/datapoiscebpar/poisauth_ceb_3f52f115.csv,ok,345,14,0,authentic,0,authentic,0.9913938045501709,all_windows,no_qualified_attack_window,14,0,0.0,True,0.9472507238388062,0.9913938045501709,0.05421987920999527,0.033189620822668076,0.04920542240142822,0.9913938045501709,0.05421987920999527,0.033189620822668076,0.04920542240142822,
poison/poisceb/datapoiscebpar/poisauth_ceb_3f55ad21.csv,ok,356,15,0,authentic,0,authentic,0.9972972273826599,all_windows,no_qualified_attack_window,15,0,0.0,True,0.9588854908943176,0.9972972273826599,0.040881507098674774,0.02762092463672161,0.043845001608133316,0.9972972273826599,0.040881507098674774,0.02762092463672161,0.043845001608133316,
poison/poisceb/datapoiscebpar/poisauth_ceb_3f57127d.csv,ok,333,13,0,authentic,0,authentic,0.9972065091133118,all_windows,no_qualified_attack_window,13,0,0.0,True,0.948089599609375,0.9972065091133118,0.07162023335695267,0.03807389363646507,0.04983045160770416,0.9972065091133118,0.07162023335695267,0.03807389363646507,0.04983045160770416,
poison/poisceb/datapoiscebpar/poisauth_ceb_3f572275.csv,ok,325,13,0,authentic,0,authentic,0.9982133507728577,all_windows,no_qualified_attack_window,13,0,0.0,True,0.9442698955535889,0.9982133507728577,0.08303094655275345,0.04684486240148544,0.05256909877061844,0.9982133507728577,0.08303094655275345,0.04684486240148544,0.05256909877061844,
poison/poisceb/datapoiscebpar/poisauth_ceb_3f59d8c9.csv,ok,316,12,0,authentic,0,authentic,0.9923150539398193,all_windows,no_qualified_attack_window,12,0,0.0,True,0.9390047192573547,0.9923150539398193,0.06588731706142426,0.06394641846418381,0.05214223638176918,0.9923150539398193,0.06588731706142426,0.06394641846418381,0.05214223638176918,
poison/poisceb/datapoiscebpar/poisauth_ceb_3f5a96cf.csv,ok,339,14,0,authentic,0,authentic,0.9956448078155518,all_windows,no_qualified_attack_window,14,0,0.0,True,0.9480732083320618,0.9956448078155518,0.06144612655043602,0.037027426064014435,0.047905102372169495,0.9956448078155518,0.06144612655043602,0.037027426064014435,0.047905102372169495,
poison/poisceb/datapoiscebpar/poisauth_ceb_3f5b502c.csv,ok,358,15,0,authentic,0,authentic,0.9971550703048706,all_windows,no_qualified_attack_window,15,0,0.0,True,0.9421923160552979,0.9971550703048706,0.06582257896661758,0.034750282764434814,0.09541933983564377,0.9971550703048706,0.06582257896661758,0.034750282764434814,0.09541933983564377,
poison/poisceb/datapoiscebpar/poisauth_ceb_3f5e1f63.csv,ok,321,13,0,authentic,0,authentic,0.9964309930801392,all_windows,no_qualified_attack_window,13,0,0.0,True,0.9588112235069275,0.9964309930801392,0.03496658056974411,0.027846330776810646,0.06400776654481888,0.9964309930801392,0.03496658056974411,0.027846330776810646,0.06400776654481888,
poison/poisceb/datapoiscebpar/poisauth_ceb_3f5e9e03.csv,ok,226,7,0,authentic,0,authentic,0.92161625623703,all_windows,no_qualified_attack_window,7,0,0.0,True,0.8552048802375793,0.92161625623703,0.1684340238571167,0.0837918072938919,0.03250521793961525,0.92161625623703,0.1684340238571167,0.0837918072938919,0.03250521793961525,
poison/poisceb/datapoiscebpar/poisauth_ceb_3f5fbcb9.csv,ok,319,12,0,authentic,0,authentic,0.983104407787323,all_windows,no_qualified_attack_window,12,0,0.0,True,0.9439714550971985,0.983104407787323,0.04990460351109505,0.038875605911016464,0.04031509533524513,0.983104407787323,0.04990460351109505,0.038875605911016464,0.04031509533524513,
poison/poisceb/datapoiscebpar/poisauth_ceb_3f604139.csv,ok,362,15,0,authentic,0,authentic,0.9871512055397034,all_windows,no_qualified_attack_window,15,0,0.0,True,0.9256563782691956,0.9871512055397034,0.14291389286518097,0.06188251078128815,0.042192086577415466,0.9871512055397034,0.14291389286518097,0.06188251078128815,0.042192086577415466,
poison/poisceb/datapoiscebpar/poisauth_ceb_3f627ce5.csv,ok,356,15,0,authentic,0,authentic,0.9918715953826904,all_windows,no_qualified_attack_window,15,0,0.0,True,0.9578219652175903,0.9918715953826904,0.05031760409474373,0.052574895322322845,0.028349583968520164,0.9918715953826904,0.05031760409474373,0.052574895322322845,0.028349583968520164,
poison/poisceb/datapoiscebpar/poisauth_ceb_3f62d6de.csv,ok,337,14,0,authentic,0,authentic,0.993564248085022,all_windows,no_qualified_attack_window,14,0,0.0,True,0.9653321504592896,0.993564248085022,0.03311370685696602,0.020060231909155846,0.023186199367046356,0.993564248085022,0.03311370685696602,0.020060231909155846,0.023186199367046356,
poison/poisceb/datapoiscebpar/poisauth_ceb_3f66ac52.csv,ok,311,12,0,authentic,0,authentic,0.9943132996559143,all_windows,no_qualified_attack_window,12,0,0.0,True,0.9516105651855469,0.9943132996559143,0.06302126497030258,0.037678152322769165,0.050551701337099075,0.9943132996559143,0.06302126497030258,0.037678152322769165,0.050551701337099075,
poison/poisceb/datapoiscebpar/poisauth_ceb_3f66e29b.csv,ok,378,16,0,authentic,0,authentic,0.9986301064491272,all_windows,no_qualified_attack_window,16,0,0.0,True,0.9560002088546753,0.9986301064491272,0.05576019361615181,0.033057454973459244,0.036474745720624924,0.9986301064491272,0.05576019361615181,0.033057454973459244,0.036474745720624924,
poison/poisceb/datapoiscebpar/poisauth_ceb_3f696728.csv,ok,306,12,0,authentic,0,authentic,0.9948634505271912,all_windows,no_qualified_attack_window,12,0,0.0,True,0.9398544430732727,0.9948634505271912,0.05657900497317314,0.04971778392791748,0.04701537266373634,0.9948634505271912,0.05657900497317314,0.04971778392791748,0.04701537266373634,
poison/poisceb/datapoiscebpar/poisauth_ceb_3f69dc6c.csv,ok,314,12,0,authentic,0,authentic,0.9965165257453918,all_windows,no_qualified_attack_window,12,0,0.0,True,0.9462940692901611,0.9965165257453918,0.06482532620429993,0.039696209132671356,0.04024151340126991,0.9965165257453918,0.06482532620429993,0.039696209132671356,0.04024151340126991,
poison/poisceb/datapoiscebpar/poisauth_ceb_3f6a8c81.csv,ok,353,15,0,authentic,0,authentic,0.992671549320221,all_windows,no_qualified_attack_window,15,0,0.0,True,0.9686647057533264,0.992671549320221,0.009731660597026348,0.016539718955755234,0.06637000292539597,0.992671549320221,0.009731660597026348,0.016539718955755234,0.06637000292539597,
poison/poisceb/datapoiscebpar/poisauth_ceb_3f6b7a50.csv,ok,275,10,0,authentic,0,authentic,0.9978240728378296,all_windows,no_qualified_attack_window,10,0,0.0,True,0.9580001831054688,0.9978240728378296,0.030729152262210846,0.026960233226418495,0.02361544780433178,0.9978240728378296,0.030729152262210846,0.026960233226418495,0.02361544780433178,
poison/poisceb/datapoiscebpar/poisauth_ceb_3f6c81f9.csv,ok,307,12,0,authentic,0,authentic,0.9880565404891968,all_windows,no_qualified_attack_window,12,0,0.0,True,0.9199569225311279,0.9880565404891968,0.08451073616743088,0.09549432247877121,0.042429108172655106,0.9880565404891968,0.08451073616743088,0.09549432247877121,0.042429108172655106,
poison/poisceb/datapoiscebpar/poisauth_ceb_3f6cd163.csv,ok,326,13,0,authentic,0,authentic,0.9921114444732666,all_windows,no_qualified_attack_window,13,0,0.0,True,0.9530733823776245,0.9921114444732666,0.040676627308130264,0.02494100295007229,0.026661517098546028,0.9921114444732666,0.040676627308130264,0.02494100295007229,0.026661517098546028,
poison/poisceb/datapoiscebpar/poisauth_ceb_3f6e2201.csv,ok,345,14,0,authentic,0,authentic,0.9881161451339722,all_windows,no_qualified_attack_window,14,0,0.0,True,0.9368027448654175,0.9881161451339722,0.05907462164759636,0.04464005306363106,0.07321599125862122,0.9881161451339722,0.05907462164759636,0.04464005306363106,0.07321599125862122,
poison/poisceb/datapoiscebpar/poisauth_ceb_3f6eb604.csv,ok,391,17,0,authentic,0,authentic,0.9992004632949829,all_windows,no_qualified_attack_window,17,0,0.0,True,0.9623140692710876,0.9992004632949829,0.05062134563922882,0.038017597049474716,0.03334219381213188,0.9992004632949829,0.05062134563922882,0.038017597049474716,0.03334219381213188,
poison/poisceb/datapoiscebpar/poisauth_ceb_3f6eccae.csv,ok,349,14,0,authentic,0,authentic,0.9751631021499634,all_windows,no_qualified_attack_window,14,0,0.0,True,0.9555624723434448,0.9751631021499634,0.038656044751405716,0.022715404629707336,0.031694233417510986,0.9751631021499634,0.038656044751405716,0.022715404629707336,0.031694233417510986,
poison/poisceb/datapoiscebpar/poisauth_ceb_3f716810.csv,ok,279,10,0,authentic,0,authentic,0.9745419025421143,all_windows,no_qualified_attack_window,10,0,0.0,True,0.9266144037246704,0.9745419025421143,0.07782170176506042,0.0456848107278347,0.03361470624804497,0.9745419025421143,0.07782170176506042,0.0456848107278347,0.03361470624804497,
poison/poisceb/datapoiscebpar/poisauth_ceb_3f719644.csv,ok,315,12,0,authentic,0,authentic,0.9942792654037476,all_windows,no_qualified_attack_window,12,0,0.0,True,0.957244336605072,0.9942792654037476,0.05827217549085617,0.030463198199868202,0.03117263689637184,0.9942792654037476,0.05827217549085617,0.030463198199868202,0.03117263689637184,
poison/poisceb/datapoiscebpar/poisauth_ceb_3f71ab4b.csv,ok,291,11,0,authentic,0,authentic,0.9898862838745117,all_windows,no_qualified_attack_window,11,0,0.0,True,0.9283947348594666,0.9898862838745117,0.08045577257871628,0.08915918320417404,0.029878804460167885,0.9898862838745117,0.08045577257871628,0.08915918320417404,0.029878804460167885,
poison/poisceb/datapoiscebpar/poisauth_ceb_3f729c4e.csv,ok,551,27,0,authentic,0,authentic,0.9933305978775024,all_windows,no_qualified_attack_window,27,0,0.0,True,0.9394897818565369,0.9933305978775024,0.31009194254875183,0.038770996034145355,0.14150302112102509,0.9933305978775024,0.31009194254875183,0.038770996034145355,0.14150302112102509,
poison/poisceb/datapoiscebpar/poisauth_ceb_3f72a6e6.csv,ok,537,26,0,authentic,0,authentic,0.9961925745010376,all_windows,no_qualified_attack_window,26,0,0.0,True,0.9574648141860962,0.9961925745010376,0.0517861433327198,0.030749281868338585,0.09378174692392349,0.9961925745010376,0.0517861433327198,0.030749281868338585,0.09378174692392349,
poison/poisceb/datapoiscebpar/poisauth_ceb_3f759f46.csv,ok,339,14,0,authentic,0,authentic,0.9861018657684326,all_windows,no_qualified_attack_window,14,0,0.0,True,0.9262152910232544,0.9861018657684326,0.0944962128996849,0.05943587049841881,0.05776120349764824,0.9861018657684326,0.0944962128996849,0.05943587049841881,0.05776120349764824,
poison/poisceb/datapoiscebpar/poisauth_ceb_3f75e508.csv,ok,323,13,0,authentic,0,authentic,0.9913848638534546,all_windows,no_qualified_attack_window,13,0,0.0,True,0.9479312300682068,0.9913848638534546,0.04919036477804184,0.03031201660633087,0.030815182253718376,0.9913848638534546,0.04919036477804184,0.03031201660633087,0.030815182253718376,
poison/poisceb/datapoiscebpar/poisauth_ceb_3f7731ae.csv,ok,330,13,0,authentic,0,authentic,0.9982850551605225,all_windows,no_qualified_attack_window,13,0,0.0,True,0.9646092653274536,0.9982850551605225,0.05151727423071861,0.03886813670396805,0.034889593720436096,0.9982850551605225,0.05151727423071861,0.03886813670396805,0.034889593720436096,
poison/poisceb/datapoiscebpar/poisauth_ceb_3f785fc2.csv,ok,370,16,0,authentic,0,authentic,0.9834112524986267,all_windows,no_qualified_attack_window,16,0,0.0,True,0.928014874458313,0.9834112524986267,0.07215558737516403,0.048329953104257584,0.09060885012149811,0.9834112524986267,0.07215558737516403,0.048329953104257584,0.09060885012149811,
poison/poisceb/datapoiscebpar/poisauth_ceb_3f7cdc38.csv,ok,271,9,0,authentic,1,modified_altitude,0.819973349571228,all_windows,qualified_attack_window,9,8,0.8888888888888888,False,0.14279186725616455,0.9714857339859009,0.819973349571228,0.009252295829355717,0.4936259984970093,0.9714857339859009,0.819973349571228,0.009252295829355717,0.4936259984970093,
poison/poisceb/datapoiscebpar/poisauth_ceb_3f7ceed2.csv,ok,315,12,0,authentic,0,authentic,0.9825301766395569,all_windows,no_qualified_attack_window,12,0,0.0,True,0.8974700570106506,0.9825301766395569,0.1413332223892212,0.06794844567775726,0.05576286092400551,0.9825301766395569,0.1413332223892212,0.06794844567775726,0.05576286092400551,
poison/poisceb/datapoiscebpar/poisauth_ceb_3f7d8e86.csv,ok,335,13,0,authentic,0,authentic,0.9951533079147339,all_windows,no_qualified_attack_window,13,0,0.0,True,0.9706140756607056,0.9951533079147339,0.027962028980255127,0.018058886751532555,0.03756982088088989,0.9951533079147339,0.027962028980255127,0.018058886751532555,0.03756982088088989,
poison/poisceb/datapoiscebpar/poisauth_ceb_3f7db5a0.csv,ok,320,13,0,authentic,0,authentic,0.9956687688827515,all_windows,no_qualified_attack_window,13,0,0.0,True,0.9605249166488647,0.9956687688827515,0.08432194590568542,0.06333202123641968,0.029111389070749283,0.9956687688827515,0.08432194590568542,0.06333202123641968,0.029111389070749283,
poison/poisceb/datapoiscebpar/poisauth_ceb_3f80bed0.csv,ok,329,13,0,authentic,0,authentic,0.9977481961250305,all_windows,no_qualified_attack_window,13,0,0.0,True,0.941223680973053,0.9977481961250305,0.07246550172567368,0.03808476775884628,0.06300369650125504,0.9977481961250305,0.07246550172567368,0.03808476775884628,0.06300369650125504,
poison/poisceb/datapoiscebpar/poisauth_ceb_3f80ee7e.csv,ok,365,15,0,authentic,0,authentic,0.9976643323898315,all_windows,no_qualified_attack_window,15,0,0.0,True,0.950125515460968,0.9976643323898315,0.06812775880098343,0.04165475443005562,0.05299679562449455,0.9976643323898315,0.06812775880098343,0.04165475443005562,0.05299679562449455,
poison/poisceb/datapoiscebpar/poisauth_ceb_3f8149db.csv,ok,309,12,0,authentic,0,authentic,0.990414023399353,all_windows,no_qualified_attack_window,12,0,0.0,True,0.9386994242668152,0.990414023399353,0.0612691268324852,0.04129013046622276,0.04758463054895401,0.990414023399353,0.0612691268324852,0.04129013046622276,0.04758463054895401,
poison/poisceb/datapoiscebpar/poisauth_ceb_3f82ea74.csv,ok,378,16,0,authentic,0,authentic,0.9942429661750793,all_windows,no_qualified_attack_window,16,0,0.0,True,0.9499236345291138,0.9942429661750793,0.035138677805662155,0.1095748171210289,0.04557342082262039,0.9942429661750793,0.035138677805662155,0.1095748171210289,0.04557342082262039,
poison/poisceb/datapoiscebpar/poispos_ceb_3e3af6b6.csv,ok,281,10,3,modified_position,3,modified_position,1.0,all_windows,qualified_attack_window,10,8,0.8,True,0.19851306080818176,0.9945611357688904,0.0031929020769894123,0.001496251206845045,1.0,0.9945611357688904,0.0031929020769894123,0.001496251206845045,1.0,
poison/poisceb/datapoiscebpar/poispos_ceb_3e3cf40d.csv,ok,429,19,3,modified_position,3,modified_position,0.9999994039535522,all_windows,qualified_attack_window,19,9,0.47368421052631576,True,0.5073649883270264,0.9921585917472839,0.03172842785716057,0.021460479125380516,0.9999994039535522,0.9921585917472839,0.03172842785716057,0.021460479125380516,0.9999994039535522,
poison/poisceb/datapoiscebpar/poispos_ceb_3e3d2ac0.csv,ok,332,13,3,modified_position,3,modified_position,0.9920016527175903,all_windows,qualified_attack_window,13,6,0.46153846153846156,True,0.5082316994667053,0.9929885864257812,0.47613778710365295,0.09074173122644424,0.9920016527175903,0.9929885864257812,0.47613778710365295,0.09074173122644424,0.9920016527175903,
poison/poisceb/datapoiscebpar/poispos_ceb_3e3d6a76.csv,ok,315,12,3,modified_position,3,modified_position,0.9999997615814209,all_windows,qualified_attack_window,12,7,0.5833333333333334,True,0.4004131555557251,0.9993273019790649,0.03354524075984955,0.026029501110315323,0.9999997615814209,0.9993273019790649,0.03354524075984955,0.026029501110315323,0.9999997615814209,
poison/poisceb/datapoiscebpar/poispos_ceb_3e3d76da.csv,ok,280,10,3,modified_position,3,modified_position,0.9999998807907104,all_windows,qualified_attack_window,10,7,0.7,True,0.28992927074432373,0.9845924973487854,0.04744116589426994,0.007562617771327496,0.9999998807907104,0.9845924973487854,0.04744116589426994,0.007562617771327496,0.9999998807907104,
poison/poisceb/datapoiscebpar/poispos_ceb_3e4486ec.csv,ok,297,11,3,modified_position,3,modified_position,1.0,all_windows,qualified_attack_window,11,10,0.9090909090909091,True,0.08950527012348175,0.9845567941665649,0.022757219150662422,0.003703492460772395,1.0,0.9845567941665649,0.022757219150662422,0.003703492460772395,1.0,
poison/poisceb/datapoiscebpar/poispos_ceb_3e451feb.csv,ok,325,13,3,modified_position,3,modified_position,1.0,all_windows,qualified_attack_window,13,10,0.7692307692307693,True,0.21662671864032745,0.9778459668159485,0.03529893606901169,0.9868205785751343,1.0,0.9778459668159485,0.03529893606901169,0.9868205785751343,1.0,
poison/poisceb/datapoiscebpar/poispos_ceb_3e493aea.csv,ok,304,12,3,modified_position,3,modified_position,1.0,all_windows,qualified_attack_window,12,8,0.6666666666666666,True,0.3261737525463104,0.9933608770370483,0.005124131683260202,0.002816234715282917,1.0,0.9933608770370483,0.005124131683260202,0.002816234715282917,1.0,
poison/poisceb/datapoiscebpar/poispos_ceb_3e4bb0ba.csv,ok,379,16,3,modified_position,3,modified_position,0.9999853372573853,all_windows,qualified_attack_window,16,8,0.5,True,0.4842495918273926,0.9906895756721497,0.028930218890309334,0.020217325538396835,0.9999853372573853,0.9906895756721497,0.028930218890309334,0.020217325538396835,0.9999853372573853,
poison/poisceb/datapoiscebpar/poispos_ceb_3e50b1fe.csv,ok,340,14,3,modified_position,3,modified_position,1.0,all_windows,qualified_attack_window,14,6,0.42857142857142855,True,0.5336358547210693,0.969498336315155,0.017948506399989128,0.009954296052455902,1.0,0.969498336315155,0.017948506399989128,0.009954296052455902,1.0,
poison/poisceb/datapoiscebpar/poispos_ceb_3e53b807.csv,ok,338,14,3,modified_position,3,modified_position,1.0,all_windows,qualified_attack_window,14,8,0.5714285714285714,True,0.4182698428630829,0.9939278364181519,0.027074502781033516,0.014575782231986523,1.0,0.9939278364181519,0.027074502781033516,0.014575782231986523,1.0,
poison/poisceb/datapoiscebpar/poispos_ceb_3e5425d4.csv,ok,368,16,3,modified_position,3,modified_position,0.999912679195404,all_windows,qualified_attack_window,16,5,0.3125,True,0.6281992197036743,0.9903675317764282,0.07157276570796967,0.04846761003136635,0.999912679195404,0.9903675317764282,0.07157276570796967,0.04846761003136635,0.999912679195404,
poison/poisceb/datapoiscebpar/poispos_ceb_3e546be4.csv,ok,349,14,3,modified_position,3,modified_position,1.0,all_windows,qualified_attack_window,14,8,0.5714285714285714,True,0.3472173810005188,0.9828386902809143,0.25889116525650024,0.06270568072795868,1.0,0.9828386902809143,0.25889116525650024,0.06270568072795868,1.0,
poison/poisceb/datapoiscebpar/poispos_ceb_3e579969.csv,ok,368,16,3,modified_position,3,modified_position,1.0,all_windows,qualified_attack_window,16,8,0.5,True,0.4472202658653259,0.9811564087867737,0.18050207197666168,0.0443619005382061,1.0,0.9811564087867737,0.18050207197666168,0.0443619005382061,1.0,
poison/poisceb/datapoiscebpar/poispos_ceb_3e5f3e78.csv,ok,331,13,3,modified_position,3,modified_position,0.9999963045120239,all_windows,qualified_attack_window,13,8,0.6153846153846154,True,0.35887229442596436,0.9596481919288635,0.05822664499282837,0.03291730210185051,0.9999963045120239,0.9596481919288635,0.05822664499282837,0.03291730210185051,0.9999963045120239,
poison/poisceb/datapoiscebpar/poispos_ceb_3e628723.csv,ok,413,18,3,modified_position,3,modified_position,1.0,all_windows,qualified_attack_window,18,8,0.4444444444444444,True,0.5035947561264038,0.9863764643669128,0.36996138095855713,0.04711225628852844,1.0,0.9863764643669128,0.36996138095855713,0.04711225628852844,1.0,
poison/poisceb/datapoiscebpar/poispos_ceb_3e66722b.csv,ok,274,10,3,modified_position,3,modified_position,1.0,all_windows,qualified_attack_window,10,6,0.6,True,0.3899475038051605,0.9952396154403687,0.025256430730223656,0.023995358496904373,1.0,0.9952396154403687,0.025256430730223656,0.023995358496904373,1.0,
poison/poisceb/datapoiscebpar/poispos_ceb_3e68cadd.csv,ok,325,13,3,modified_position,3,modified_position,0.9999808669090271,all_windows,qualified_attack_window,13,8,0.6153846153846154,True,0.3742792308330536,0.9797954559326172,0.019023725762963295,0.012801816686987877,0.9999808669090271,0.9797954559326172,0.019023725762963295,0.012801816686987877,0.9999808669090271,
poison/poisceb/datapoiscebpar/poispos_ceb_3e68edcb.csv,ok,296,11,3,modified_position,3,modified_position,1.0,all_windows,qualified_attack_window,11,8,0.7272727272727273,True,0.26993781328201294,0.9920859932899475,0.005112320650368929,0.0026080382522195578,1.0,0.9920859932899475,0.005112320650368929,0.0026080382522195578,1.0,
poison/poisceb/datapoiscebpar/poispos_ceb_3e6c9276.csv,ok,369,16,3,modified_position,3,modified_position,0.9999375343322754,all_windows,qualified_attack_window,16,8,0.5,True,0.45724159479141235,0.968599259853363,0.03312373533844948,0.02359301969408989,0.9999375343322754,0.968599259853363,0.03312373533844948,0.02359301969408989,0.9999375343322754,
poison/poisceb/datapoiscebpar/poispos_ceb_3e6d4241.csv,ok,327,13,3,modified_position,3,modified_position,1.0,all_windows,qualified_attack_window,13,7,0.5384615384615384,True,0.439572811126709,0.9882341027259827,0.046611152589321136,0.03306371718645096,1.0,0.9882341027259827,0.046611152589321136,0.03306371718645096,1.0,
poison/poisceb/datapoiscebpar/poispos_ceb_3e703572.csv,ok,324,13,3,modified_position,3,modified_position,1.0,all_windows,qualified_attack_window,13,7,0.5384615384615384,True,0.4667932093143463,0.9978902339935303,0.07159024477005005,0.01586492359638214,1.0,0.9978902339935303,0.07159024477005005,0.01586492359638214,1.0,
poison/poisceb/datapoiscebpar/poispos_ceb_3e7480bb.csv,ok,313,12,3,modified_position,3,modified_position,1.0,all_windows,qualified_attack_window,12,7,0.5833333333333334,True,0.40042844414711,0.9896336197853088,0.05061905086040497,0.03286192566156387,1.0,0.9896336197853088,0.05061905086040497,0.03286192566156387,1.0,
poison/poisceb/datapoiscebpar/poispos_ceb_3e74cb8a.csv,ok,274,10,3,modified_position,3,modified_position,0.9999998807907104,all_windows,qualified_attack_window,10,7,0.7,True,0.2914451062679291,0.9843795299530029,0.008619256317615509,0.006941915024071932,0.9999998807907104,0.9843795299530029,0.008619256317615509,0.006941915024071932,0.9999998807907104,
poison/poisceb/datapoiscebpar/poispos_ceb_3e77701f.csv,ok,410,18,3,modified_position,3,modified_position,0.9999998807907104,all_windows,qualified_attack_window,18,9,0.5,True,0.4986075162887573,0.9948910474777222,0.18157906830310822,0.011876404285430908,0.9999998807907104,0.9948910474777222,0.18157906830310822,0.011876404285430908,0.9999998807907104,
poison/poisceb/datapoiscebpar/poispos_ceb_3e87840a.csv,ok,322,13,3,modified_position,3,modified_position,1.0,all_windows,qualified_attack_window,13,8,0.6153846153846154,True,0.3689088523387909,0.9797977805137634,0.026649482548236847,0.03909240663051605,1.0,0.9797977805137634,0.026649482548236847,0.03909240663051605,1.0,
poison/poisceb/datapoiscebpar/poispos_ceb_3e8f83e0.csv,ok,318,12,3,modified_position,3,modified_position,0.9999997615814209,all_windows,qualified_attack_window,12,5,0.4166666666666667,True,0.5468093752861023,0.9847367405891418,0.06557322293519974,0.07984314113855362,0.9999997615814209,0.9847367405891418,0.06557322293519974,0.07984314113855362,0.9999997615814209,
poison/poisceb/datapoiscebpar/poispos_ceb_3e92469e.csv,ok,325,13,3,modified_position,3,modified_position,1.0,all_windows,qualified_attack_window,13,11,0.8461538461538461,True,0.14986547827720642,0.9854045510292053,0.01195798721164465,0.008501405827701092,1.0,0.9854045510292053,0.01195798721164465,0.008501405827701092,1.0,
poison/poisceb/datapoiscebpar/poispos_ceb_3e93b2d9.csv,ok,306,12,3,modified_position,3,modified_position,0.9999985694885254,all_windows,qualified_attack_window,12,7,0.5833333333333334,True,0.40213656425476074,0.9791128635406494,0.024561338126659393,0.01529842708259821,0.9999985694885254,0.9791128635406494,0.024561338126659393,0.01529842708259821,0.9999985694885254,
poison/poisceb/datapoiscebpar/poispos_ceb_3e9641ad.csv,ok,368,16,3,modified_position,3,modified_position,1.0,all_windows,qualified_attack_window,16,10,0.625,True,0.3783373236656189,0.9984278082847595,0.03333302214741707,0.01849755458533764,1.0,0.9984278082847595,0.03333302214741707,0.01849755458533764,1.0,
poison/poisceb/datapoiscebpar/poispos_ceb_3e9a215f.csv,ok,345,14,3,modified_position,3,modified_position,0.9995519518852234,all_windows,qualified_attack_window,14,6,0.42857142857142855,True,0.5367482304573059,0.9962490797042847,0.076478011906147,0.07347482442855835,0.9995519518852234,0.9962490797042847,0.076478011906147,0.07347482442855835,0.9995519518852234,
poison/poisceb/datapoiscebpar/poispos_ceb_3e9af3eb.csv,ok,380,16,3,modified_position,3,modified_position,1.0,all_windows,qualified_attack_window,16,8,0.5,True,0.48913848400115967,0.9934359788894653,0.023329682648181915,0.015295635908842087,1.0,0.9934359788894653,0.023329682648181915,0.015295635908842087,1.0,
poison/poisceb/datapoiscebpar/poispos_ceb_3e9b47c3.csv,ok,356,15,3,modified_position,3,modified_position,1.0,all_windows,qualified_attack_window,15,9,0.6,True,0.35295289754867554,0.9729087352752686,0.1257186233997345,0.05959419906139374,1.0,0.9729087352752686,0.1257186233997345,0.05959419906139374,1.0,
poison/poisceb/datapoiscebpar/poispos_ceb_3e9eab00.csv,ok,407,18,3,modified_position,3,modified_position,1.0,all_windows,qualified_attack_window,18,8,0.4444444444444444,True,0.5122352242469788,0.9907339215278625,0.23661240935325623,0.026395780965685844,1.0,0.9907339215278625,0.23661240935325623,0.026395780965685844,1.0,
poison/poisceb/datapoiscebpar/poispos_ceb_3e9f288f.csv,ok,396,17,3,modified_position,3,modified_position,1.0,all_windows,qualified_attack_window,17,9,0.5294117647058824,True,0.4703131914138794,0.9945338368415833,0.25387224555015564,0.019893821328878403,1.0,0.9945338368415833,0.25387224555015564,0.019893821328878403,1.0,
poison/poisceb/datapoiscebpar/poispos_ceb_3e9f427d.csv,ok,300,11,3,modified_position,3,modified_position,1.0,all_windows,qualified_attack_window,11,9,0.8181818181818182,True,0.17634952068328857,0.9715185761451721,0.012182267382740974,0.009311727248132229,1.0,0.9715185761451721,0.012182267382740974,0.009311727248132229,1.0,
poison/poisceb/datapoiscebpar/poispos_ceb_3ea16829.csv,ok,371,16,3,modified_position,3,modified_position,0.9999982118606567,all_windows,qualified_attack_window,16,9,0.5625,True,0.4353668987751007,0.9966191053390503,0.4136645793914795,0.011463960632681847,0.9999982118606567,0.9966191053390503,0.4136645793914795,0.011463960632681847,0.9999982118606567,
poison/poisceb/datapoiscebpar/poispos_ceb_3ea18fc1.csv,ok,354,15,3,modified_position,3,modified_position,0.9989591836929321,all_windows,qualified_attack_window,15,8,0.5333333333333333,True,0.4570521414279938,0.9862824082374573,0.13287077844142914,0.023613473400473595,0.9989591836929321,0.9862824082374573,0.13287077844142914,0.023613473400473595,0.9989591836929321,
poison/poisceb/datapoiscebpar/poispos_ceb_3ea27a49.csv,ok,326,13,3,modified_position,3,modified_position,1.0,all_windows,qualified_attack_window,13,7,0.5384615384615384,True,0.4471294581890106,0.992243230342865,0.04057376831769943,0.026729494333267212,1.0,0.992243230342865,0.04057376831769943,0.026729494333267212,1.0,
poison/poisceb/datapoiscebpar/poispos_ceb_3ea4e474.csv,ok,357,15,3,modified_position,3,modified_position,1.0,all_windows,qualified_attack_window,15,8,0.5333333333333333,True,0.448017418384552,0.9925232529640198,0.05883883684873581,0.04007058963179588,1.0,0.9925232529640198,0.05883883684873581,0.04007058963179588,1.0,
poison/poisceb/datapoiscebpar/poispos_ceb_3ea617f2.csv,ok,311,12,3,modified_position,3,modified_position,1.0,all_windows,qualified_attack_window,12,8,0.6666666666666666,True,0.3280896842479706,0.9881061315536499,0.010173109360039234,0.003936766181141138,1.0,0.9881061315536499,0.010173109360039234,0.003936766181141138,1.0,
poison/poisceb/datapoiscebpar/poispos_ceb_3eac3581.csv,ok,321,13,3,modified_position,3,modified_position,1.0,all_windows,qualified_attack_window,13,9,0.6923076923076923,True,0.30653831362724304,0.9974186420440674,0.001998644322156906,0.001107009476982057,1.0,0.9974186420440674,0.001998644322156906,0.001107009476982057,1.0,
poison/poisceb/datapoiscebpar/poispos_ceb_3eac426b.csv,ok,326,13,3,modified_position,3,modified_position,1.0,all_windows,qualified_attack_window,13,11,0.8461538461538461,True,0.1470154970884323,0.95954430103302,0.024486970156431198,0.011128652840852737,1.0,0.95954430103302,0.024486970156431198,0.011128652840852737,1.0,
poison/poisceb/datapoiscebpar/poispos_ceb_3eb0c211.csv,ok,381,16,3,modified_position,3,modified_position,1.0,all_windows,qualified_attack_window,16,8,0.5,True,0.490810751914978,0.9918025135993958,0.014352012425661087,0.009367400780320168,1.0,0.9918025135993958,0.014352012425661087,0.009367400780320168,1.0,
poison/poisceb/datapoiscebpar/poispos_ceb_3eb5439f.csv,ok,293,11,3,modified_position,3,modified_position,0.9999969005584717,all_windows,qualified_attack_window,11,8,0.7272727272727273,True,0.26661375164985657,0.980891764163971,0.052083373069763184,0.019642703235149384,0.9999969005584717,0.980891764163971,0.052083373069763184,0.019642703235149384,0.9999969005584717,
poison/poisceb/datapoiscebpar/poispos_ceb_3ebbb4fb.csv,ok,331,13,3,modified_position,3,modified_position,1.0,all_windows,qualified_attack_window,13,10,0.7692307692307693,True,0.22533218562602997,0.9876925349235535,0.060733191668987274,0.010543673299252987,1.0,0.9876925349235535,0.060733191668987274,0.010543673299252987,1.0,
poison/poisceb/datapoiscebpar/poispos_ceb_3ebbca4e.csv,ok,364,15,3,modified_position,3,modified_position,0.9997570514678955,all_windows,qualified_attack_window,15,7,0.4666666666666667,True,0.49766552448272705,0.9695391058921814,0.3326844573020935,0.0658072829246521,0.9997570514678955,0.9695391058921814,0.3326844573020935,0.0658072829246521,0.9997570514678955,
poison/poisceb/datapoiscebpar/poispos_ceb_3ebf228b.csv,ok,356,15,3,modified_position,3,modified_position,1.0,all_windows,qualified_attack_window,15,8,0.5333333333333333,True,0.4598377048969269,0.9926913976669312,0.0397590771317482,0.02972116693854332,1.0,0.9926913976669312,0.0397590771317482,0.02972116693854332,1.0,
poison/poisceb/datapoiscebpar/poispos_ceb_3ec23221.csv,ok,360,15,3,modified_position,3,modified_position,0.9999743700027466,all_windows,qualified_attack_window,15,7,0.4666666666666667,True,0.500738263130188,0.9852697253227234,0.11116556823253632,0.05563837289810181,0.9999743700027466,0.9852697253227234,0.11116556823253632,0.05563837289810181,0.9999743700027466,
poison/poisceb/datapoiscebpar/poispos_ceb_3ec35abb.csv,ok,298,11,3,modified_position,3,modified_position,1.0,all_windows,qualified_attack_window,11,7,0.6363636363636364,True,0.35483768582344055,0.9929872751235962,0.027564600110054016,0.018338611349463463,1.0,0.9929872751235962,0.027564600110054016,0.018338611349463463,1.0,
poison/poisceb/datapoiscebpar/poispos_ceb_3ec5fbea.csv,ok,305,12,3,modified_position,3,modified_position,1.0,all_windows,qualified_attack_window,12,7,0.5833333333333334,True,0.3951667249202728,0.9644663333892822,0.029034480452537537,0.017362628132104874,1.0,0.9644663333892822,0.029034480452537537,0.017362628132104874,1.0,
poison/poisceb/datapoiscebpar/poispos_ceb_3ec729dc.csv,ok,336,14,3,modified_position,3,modified_position,1.0,all_windows,qualified_attack_window,14,8,0.5714285714285714,True,0.4260905683040619,0.9985085129737854,0.006096631288528442,0.004053475335240364,1.0,0.9985085129737854,0.006096631288528442,0.004053475335240364,1.0,
poison/poisceb/datapoiscebpar/poispos_ceb_3ec99989.csv,ok,332,13,3,modified_position,3,modified_position,1.0,all_windows,qualified_attack_window,13,8,0.6153846153846154,True,0.36364930868148804,0.9800097346305847,0.04947268217802048,0.03172004967927933,1.0,0.9800097346305847,0.04947268217802048,0.03172004967927933,1.0,
poison/poisceb/datapoiscebpar/poispos_ceb_3eca98ca.csv,ok,323,13,3,modified_position,3,modified_position,1.0,all_windows,qualified_attack_window,13,8,0.6153846153846154,True,0.377395361661911,0.9946121573448181,0.017329934984445572,0.027333389967679977,1.0,0.9946121573448181,0.017329934984445572,0.027333389967679977,1.0,
poison/poisceb/datapoiscebpar/poispos_ceb_3ecd7dd5.csv,ok,327,13,3,modified_position,3,modified_position,1.0,all_windows,qualified_attack_window,13,8,0.6153846153846154,True,0.2962610423564911,0.8875675797462463,0.2793542444705963,0.04627618193626404,1.0,0.8875675797462463,0.2793542444705963,0.04627618193626404,1.0,
poison/poisceb/datapoiscebpar/poispos_ceb_3ecd92be.csv,ok,347,14,3,modified_position,3,modified_position,1.0,all_windows,qualified_attack_window,14,9,0.6428571428571429,True,0.35228651762008667,0.9897006154060364,0.019539207220077515,0.004122038371860981,1.0,0.9897006154060364,0.019539207220077515,0.004122038371860981,1.0,
poison/poisceb/datapoiscebpar/poispos_ceb_3ecd9c1d.csv,ok,373,16,3,modified_position,3,modified_position,1.0,all_windows,qualified_attack_window,16,10,0.625,True,0.33793169260025024,0.9427214860916138,0.7903220057487488,0.039300139993429184,1.0,0.9427214860916138,0.7903220057487488,0.039300139993429184,1.0,
poison/poisceb/datapoiscebpar/poispos_ceb_3ece6491.csv,ok,480,23,3,modified_position,3,modified_position,0.999998927116394,all_windows,qualified_attack_window,23,9,0.391304347826087,True,0.6066246628761292,0.9981234669685364,0.022195246070623398,0.004679778125137091,0.999998927116394,0.9981234669685364,0.022195246070623398,0.004679778125137091,0.999998927116394,
poison/poisceb/datapoiscebpar/poispos_ceb_3ed79631.csv,ok,378,16,3,modified_position,3,modified_position,1.0,all_windows,qualified_attack_window,16,8,0.5,True,0.45448923110961914,0.9607781767845154,0.0856439471244812,0.05000212416052818,1.0,0.9607781767845154,0.0856439471244812,0.05000212416052818,1.0,
poison/poisceb/datapoiscebpar/poispos_ceb_3ed9d416.csv,ok,317,12,3,modified_position,3,modified_position,1.0,all_windows,qualified_attack_window,12,10,0.8333333333333334,True,0.1619664877653122,0.9811291694641113,0.013190064579248428,0.008340134285390377,1.0,0.9811291694641113,0.013190064579248428,0.008340134285390377,1.0,
poison/poisceb/datapoiscebpar/poispos_ceb_3edac4f1.csv,ok,335,13,3,modified_position,3,modified_position,0.9999992847442627,all_windows,qualified_attack_window,13,9,0.6923076923076923,True,0.23169271647930145,0.9417740106582642,0.634472668170929,0.07466669380664825,0.9999992847442627,0.9417740106582642,0.634472668170929,0.07466669380664825,0.9999992847442627,
poison/poisceb/datapoiscebpar/poispos_ceb_3edad482.csv,ok,346,14,3,modified_position,3,modified_position,1.0,all_windows,qualified_attack_window,14,8,0.5714285714285714,True,0.415928453207016,0.9805441498756409,0.01689603365957737,0.012096322141587734,1.0,0.9805441498756409,0.01689603365957737,0.012096322141587734,1.0,
poison/poisceb/datapoiscebpar/poispos_ceb_3edd9c73.csv,ok,303,11,3,modified_position,3,modified_position,1.0,all_windows,qualified_attack_window,11,8,0.7272727272727273,True,0.2396942526102066,0.9781047701835632,0.02567039243876934,0.24520687758922577,1.0,0.9781047701835632,0.02567039243876934,0.24520687758922577,1.0,
poison/poisceb/datapoiscebpar/poispos_ceb_3ee27b18.csv,ok,312,12,3,modified_position,3,modified_position,1.0,all_windows,qualified_attack_window,12,8,0.6666666666666666,True,0.3205234110355377,0.9892597198486328,0.04607691615819931,0.02336462400853634,1.0,0.9892597198486328,0.04607691615819931,0.02336462400853634,1.0,
poison/poisceb/datapoiscebpar/poispos_ceb_3ee31976.csv,ok,470,22,3,modified_position,3,modified_position,0.9999995231628418,all_windows,qualified_attack_window,22,11,0.5,True,0.49061286449432373,0.9978992938995361,0.4286563992500305,0.011957411654293537,0.9999995231628418,0.9978992938995361,0.4286563992500305,0.011957411654293537,0.9999995231628418,
poison/poisceb/datapoiscebpar/poispos_ceb_3ee6c6d1.csv,ok,342,14,3,modified_position,3,modified_position,1.0,all_windows,qualified_attack_window,14,8,0.5714285714285714,True,0.4026109576225281,0.9770411252975464,0.04360179975628853,0.03628048673272133,1.0,0.9770411252975464,0.04360179975628853,0.03628048673272133,1.0,
poison/poisceb/datapoiscebpar/poispos_ceb_3ee6fd61.csv,ok,343,14,3,modified_position,3,modified_position,1.0,all_windows,qualified_attack_window,14,8,0.5714285714285714,True,0.4013276696205139,0.9767051935195923,0.043653372675180435,0.030572030693292618,1.0,0.9767051935195923,0.043653372675180435,0.030572030693292618,1.0,
poison/poisceb/datapoiscebpar/poispos_ceb_3ee762b3.csv,ok,398,17,3,modified_position,3,modified_position,1.0,all_windows,qualified_attack_window,17,8,0.47058823529411764,True,0.5206225514411926,0.9986980557441711,0.007791931740939617,0.0036388065200299025,1.0,0.9986980557441711,0.007791931740939617,0.0036388065200299025,1.0,
poison/poisceb/datapoiscebpar/poispos_ceb_3eeaa2d3.csv,ok,371,16,3,modified_position,3,modified_position,1.0,all_windows,qualified_attack_window,16,8,0.5,True,0.46129417419433594,0.9662246108055115,0.03771522641181946,0.02037627063691616,1.0,0.9662246108055115,0.03771522641181946,0.02037627063691616,1.0,
poison/poisceb/datapoiscebpar/poispos_ceb_3eefc093.csv,ok,322,13,3,modified_position,3,modified_position,0.9999586343765259,all_windows,qualified_attack_window,13,8,0.6153846153846154,True,0.36448198556900024,0.9694811701774597,0.030887262895703316,0.02231050655245781,0.9999586343765259,0.9694811701774597,0.030887262895703316,0.02231050655245781,0.9999586343765259,
poison/poisceb/datapoiscebpar/poispos_ceb_3ef274f9.csv,ok,340,14,3,modified_position,3,modified_position,1.0,all_windows,qualified_attack_window,14,8,0.5714285714285714,True,0.4238986670970917,0.9959005117416382,0.00616011768579483,0.0037608046550303698,1.0,0.9959005117416382,0.00616011768579483,0.0037608046550303698,1.0,
poison/poisceb/datapoiscebpar/poispos_ceb_3f058428.csv,ok,322,13,3,modified_position,3,modified_position,0.9982258677482605,all_windows,qualified_attack_window,13,3,0.23076923076923078,True,0.6997884511947632,0.9758914113044739,0.05858150124549866,0.03388252109289169,0.9982258677482605,0.9758914113044739,0.05858150124549866,0.03388252109289169,0.9982258677482605,
poison/poisceb/datapoiscebpar/poispos_ceb_3f05b121.csv,ok,310,12,3,modified_position,3,modified_position,0.9999958276748657,all_windows,qualified_attack_window,12,8,0.6666666666666666,True,0.3296546936035156,0.9947704076766968,0.010330719873309135,0.006149063818156719,0.9999958276748657,0.9947704076766968,0.010330719873309135,0.006149063818156719,0.9999958276748657,
poison/poisceb/datapoiscebpar/poispos_ceb_3f07d673.csv,ok,312,12,3,modified_position,3,modified_position,1.0,all_windows,qualified_attack_window,12,7,0.5833333333333334,True,0.39950549602508545,0.9771331548690796,0.028235863894224167,0.024874361231923103,1.0,0.9771331548690796,0.028235863894224167,0.024874361231923103,1.0,
poison/poisceb/datapoiscebpar/poispos_ceb_3f0ac143.csv,ok,310,12,3,modified_position,3,modified_position,1.0,all_windows,qualified_attack_window,12,8,0.6666666666666666,True,0.31393107771873474,0.9610266089439392,0.03669743984937668,0.021316276863217354,1.0,0.9610266089439392,0.03669743984937668,0.021316276863217354,1.0,
poison/poisceb/datapoiscebpar/poispos_ceb_3f11191c.csv,ok,331,13,3,modified_position,3,modified_position,1.0,all_windows,qualified_attack_window,13,8,0.6153846153846154,True,0.37709423899650574,0.9962714314460754,0.028449729084968567,0.004878190811723471,1.0,0.9962714314460754,0.028449729084968567,0.004878190811723471,1.0,
poison/poisceb/datapoiscebpar/poispos_ceb_3f115f15.csv,ok,346,14,3,modified_position,3,modified_position,1.0,all_windows,qualified_attack_window,14,9,0.6428571428571429,True,0.34895533323287964,0.9890203475952148,0.003713164245709777,0.003595998976379633,1.0,0.9890203475952148,0.003713164245709777,0.003595998976379633,1.0,
poison/poisceb/datapoiscebpar/poispos_ceb_3f11b153.csv,ok,333,13,3,modified_position,3,modified_position,1.0,all_windows,qualified_attack_window,13,7,0.5384615384615384,True,0.43198901414871216,0.9882559776306152,0.07712457329034805,0.02502993494272232,1.0,0.9882559776306152,0.07712457329034805,0.02502993494272232,1.0,
poison/poisceb/datapoiscebpar/poispos_ceb_3f1417b4.csv,ok,339,14,3,modified_position,3,modified_position,1.0,all_windows,qualified_attack_window,14,8,0.5714285714285714,True,0.4040851593017578,0.9877703785896301,0.014991809614002705,0.01045998279005289,1.0,0.9877703785896301,0.014991809614002705,0.01045998279005289,1.0,
poison/poisceb/datapoiscebpar/poispos_ceb_3f180896.csv,ok,555,27,3,modified_position,0,authentic,0.9985190033912659,all_windows,no_qualified_attack_window,27,0,0.0,False,0.9488075375556946,0.9985190033912659,0.03300664201378822,0.01862173154950142,0.23932652175426483,0.9985190033912659,0.03300664201378822,0.01862173154950142,0.23932652175426483,
poison/poisceb/datapoiscebpar/poispos_ceb_3f18588d.csv,ok,316,12,3,modified_position,3,modified_position,1.0,all_windows,qualified_attack_window,12,7,0.5833333333333334,True,0.4132969081401825,0.997922420501709,0.009632529690861702,0.0064735449850559235,1.0,0.997922420501709,0.009632529690861702,0.0064735449850559235,1.0,
poison/poisceb/datapoiscebpar/poispos_ceb_3f1e0122.csv,ok,377,16,3,modified_position,3,modified_position,1.0,all_windows,qualified_attack_window,16,8,0.5,True,0.48182928562164307,0.9950706958770752,0.5562035441398621,0.06655173748731613,1.0,0.9950706958770752,0.5562035441398621,0.06655173748731613,1.0,
poison/poisceb/datapoiscebpar/poispos_ceb_3f22920a.csv,ok,383,16,3,modified_position,3,modified_position,1.0,all_windows,qualified_attack_window,16,9,0.5625,True,0.4316486716270447,0.9991937875747681,0.024193283170461655,0.01966915838420391,1.0,0.9991937875747681,0.024193283170461655,0.01966915838420391,1.0,
poison/poisceb/datapoiscebpar/poispos_ceb_3f231894.csv,ok,358,15,3,modified_position,3,modified_position,1.0,all_windows,qualified_attack_window,15,9,0.6,True,0.393459290266037,0.9926175475120544,0.010936201550066471,0.008828990161418915,1.0,0.9926175475120544,0.010936201550066471,0.008828990161418915,1.0,
poison/poisceb/datapoiscebpar/poispos_ceb_3f26146e.csv,ok,408,18,3,modified_position,3,modified_position,1.0,all_windows,qualified_attack_window,18,8,0.4444444444444444,True,0.5419232845306396,0.997912585735321,0.03592090681195259,0.01186390034854412,1.0,0.997912585735321,0.03592090681195259,0.01186390034854412,1.0,
poison/poisceb/datapoiscebpar/poispos_ceb_3f26b79d.csv,ok,359,15,3,modified_position,3,modified_position,0.999992847442627,all_windows,qualified_attack_window,15,8,0.5333333333333333,True,0.40518519282341003,0.9148581624031067,0.0616455152630806,0.13591346144676208,0.999992847442627,0.9148581624031067,0.0616455152630806,0.13591346144676208,0.999992847442627,
poison/poisceb/datapoiscebpar/poispos_ceb_3f27383d.csv,ok,377,16,3,modified_position,0,authentic,0.986924946308136,all_windows,no_qualified_attack_window,16,0,0.0,False,0.9163360595703125,0.986924946308136,0.08178635686635971,0.094322569668293,0.15882599353790283,0.986924946308136,0.08178635686635971,0.094322569668293,0.15882599353790283,
poison/poisceb/datapoiscebpar/poispos_ceb_3f2df8d5.csv,ok,318,12,3,modified_position,3,modified_position,0.9999998807907104,all_windows,qualified_attack_window,12,8,0.6666666666666666,True,0.3271999657154083,0.9931449890136719,0.007711291313171387,0.0045011877082288265,0.9999998807907104,0.9931449890136719,0.007711291313171387,0.0045011877082288265,0.9999998807907104,
poison/poisceb/datapoiscebpar/poispos_ceb_3f2e5138.csv,ok,307,12,3,modified_position,3,modified_position,1.0,all_windows,qualified_attack_window,12,8,0.6666666666666666,True,0.3192131221294403,0.9789348840713501,0.061025865375995636,0.026967788115143776,1.0,0.9789348840713501,0.061025865375995636,0.026967788115143776,1.0,
poison/poisceb/datapoiscebpar/poispos_ceb_3f2f870b.csv,ok,317,12,3,modified_position,3,modified_position,0.9996134638786316,all_windows,qualified_attack_window,12,4,0.3333333333333333,True,0.6022043824195862,0.9825982451438904,0.10429597645998001,0.06662052869796753,0.9996134638786316,0.9825982451438904,0.10429597645998001,0.06662052869796753,0.9996134638786316,
poison/poisceb/datapoiscebpar/poispos_ceb_3f31991c.csv,ok,333,13,3,modified_position,3,modified_position,1.0,all_windows,qualified_attack_window,13,7,0.5384615384615384,True,0.44069644808769226,0.9803899526596069,0.054232433438301086,0.04113975912332535,1.0,0.9803899526596069,0.054232433438301086,0.04113975912332535,1.0,
poison/poisceb/datapoiscebpar/poispos_ceb_3f33f0af.csv,ok,319,12,3,modified_position,3,modified_position,1.0,all_windows,qualified_attack_window,12,7,0.5833333333333334,True,0.40699338912963867,0.9895114302635193,0.019413243979215622,0.01631411351263523,1.0,0.9895114302635193,0.019413243979215622,0.01631411351263523,1.0,
poison/poisceb/datapoiscebpar/poispos_ceb_3f36961f.csv,ok,355,15,3,modified_position,3,modified_position,0.9778501987457275,all_windows,qualified_attack_window,15,4,0.26666666666666666,True,0.6871176958084106,0.9898009300231934,0.08268707245588303,0.01978965848684311,0.9778501987457275,0.9898009300231934,0.08268707245588303,0.01978965848684311,0.9778501987457275,
poison/poisceb/datapoiscebpar/poispos_ceb_3f38c5e9.csv,ok,292,11,3,modified_position,3,modified_position,1.0,all_windows,qualified_attack_window,11,8,0.7272727272727273,True,0.2557781934738159,0.9625438451766968,0.06421618163585663,0.027376454323530197,1.0,0.9625438451766968,0.06421618163585663,0.027376454323530197,1.0,
poison/poisceb/datapoiscebpar/poispos_ceb_3f39f085.csv,ok,310,12,3,modified_position,3,modified_position,1.0,all_windows,qualified_attack_window,12,7,0.5833333333333334,True,0.41299545764923096,0.997512936592102,0.005706075578927994,0.003658809931948781,1.0,0.997512936592102,0.005706075578927994,0.003658809931948781,1.0,
poison/poisceb/datapoiscebpar/poispos_ceb_3f3a089b.csv,ok,337,14,3,modified_position,3,modified_position,1.0,all_windows,qualified_attack_window,14,8,0.5714285714285714,True,0.4194222390651703,0.9930328130722046,0.018872037529945374,0.015447665937244892,1.0,0.9930328130722046,0.018872037529945374,0.015447665937244892,1.0,
poison/poisceb/datapoiscebpar/poispos_ceb_3f3cafab.csv,ok,318,12,3,modified_position,3,modified_position,1.0,all_windows,qualified_attack_window,12,7,0.5833333333333334,True,0.3983372747898102,0.9785478115081787,0.03598937764763832,0.024334775283932686,1.0,0.9785478115081787,0.03598937764763832,0.024334775283932686,1.0,
poison/poisceb/datapoiscebpar/poispos_ceb_3f3d1e29.csv,ok,328,13,3,modified_position,3,modified_position,1.0,all_windows,qualified_attack_window,13,8,0.6153846153846154,True,0.3739253878593445,0.9942923188209534,0.04185646399855614,0.016641199588775635,1.0,0.9942923188209534,0.04185646399855614,0.016641199588775635,1.0,
poison/poisceb/datapoiscebpar/poispos_ceb_3f3dbc16.csv,ok,347,14,3,modified_position,3,modified_position,0.9999986886978149,all_windows,qualified_attack_window,14,9,0.6428571428571429,True,0.33642739057540894,0.9634986519813538,0.027968967333436012,0.01794666051864624,0.9999986886978149,0.9634986519813538,0.027968967333436012,0.01794666051864624,0.9999986886978149,
poison/poisceb/datapoiscebpar/poispos_ceb_3f3ec2d5.csv,ok,441,20,3,modified_position,3,modified_position,0.9999935626983643,all_windows,qualified_attack_window,20,7,0.35,True,0.6232637763023376,0.9914748072624207,0.01595899648964405,0.010362072847783566,0.9999935626983643,0.9914748072624207,0.01595899648964405,0.010362072847783566,0.9999935626983643,
poison/poisceb/datapoiscebpar/poispos_ceb_3f3eeccf.csv,ok,310,12,3,modified_position,3,modified_position,0.999988317489624,all_windows,qualified_attack_window,12,7,0.5833333333333334,True,0.4050004780292511,0.9806879758834839,0.011242871172726154,0.00892208144068718,0.999988317489624,0.9806879758834839,0.011242871172726154,0.00892208144068718,0.999988317489624,
poison/poisceb/datapoiscebpar/poispos_ceb_3f41083f.csv,ok,326,13,3,modified_position,3,modified_position,1.0,all_windows,qualified_attack_window,13,9,0.6923076923076923,True,0.30103763937950134,0.9955747127532959,0.04309898614883423,0.011338653042912483,1.0,0.9955747127532959,0.04309898614883423,0.011338653042912483,1.0,
poison/poisceb/datapoiscebpar/poispos_ceb_3f418d21.csv,ok,326,13,3,modified_position,3,modified_position,1.0,all_windows,qualified_attack_window,13,8,0.6153846153846154,True,0.3821862041950226,0.9963405132293701,0.004321955144405365,0.00244817603379488,1.0,0.9963405132293701,0.004321955144405365,0.00244817603379488,1.0,
poison/poisceb/datapoiscebpar/poispos_ceb_3f429596.csv,ok,368,16,3,modified_position,3,modified_position,1.0,all_windows,qualified_attack_window,16,8,0.5,True,0.4625447392463684,0.9975699186325073,0.012597622349858284,0.009903001599013805,1.0,0.9975699186325073,0.012597622349858284,0.009903001599013805,1.0,
poison/poisceb/datapoiscebpar/poispos_ceb_3f433bd0.csv,ok,365,15,3,modified_position,3,modified_position,1.0,all_windows,qualified_attack_window,15,8,0.5333333333333333,True,0.4589639902114868,0.9975855350494385,0.01330152153968811,0.016921715810894966,1.0,0.9975855350494385,0.01330152153968811,0.016921715810894966,1.0,
poison/poisceb/datapoiscebpar/poispos_ceb_3f438a06.csv,ok,369,16,3,modified_position,3,modified_position,1.0,all_windows,qualified_attack_window,16,9,0.5625,True,0.42817223072052,0.9914222955703735,0.014082732610404491,0.013106310740113258,1.0,0.9914222955703735,0.014082732610404491,0.013106310740113258,1.0,
poison/poisceb/datapoiscebpar/poispos_ceb_3f459476.csv,ok,318,12,3,modified_position,3,modified_position,1.0,all_windows,qualified_attack_window,12,10,0.8333333333333334,True,0.16330482065677643,0.9833130240440369,0.007851429283618927,0.006222048308700323,1.0,0.9833130240440369,0.007851429283618927,0.006222048308700323,1.0,
poison/poisceb/datapoiscebpar/poispos_ceb_3f46b29e.csv,ok,333,13,3,modified_position,3,modified_position,1.0,all_windows,qualified_attack_window,13,10,0.7692307692307693,True,0.24723483622074127,0.9742529392242432,0.06197134405374527,0.8709112405776978,1.0,0.9742529392242432,0.06197134405374527,0.8709112405776978,1.0,
poison/poisceb/datapoiscebpar/poispos_ceb_3f4abe0e.csv,ok,317,12,3,modified_position,3,modified_position,1.0,all_windows,qualified_attack_window,12,8,0.6666666666666666,True,0.3237766921520233,0.9908302426338196,0.02414705976843834,0.019611192867159843,1.0,0.9908302426338196,0.02414705976843834,0.019611192867159843,1.0,
poison/poisceb/datapoiscebpar/poispos_ceb_3f4aeb9f.csv,ok,366,15,3,modified_position,3,modified_position,1.0,all_windows,qualified_attack_window,15,8,0.5333333333333333,True,0.4543766677379608,0.9951686859130859,0.11593471467494965,0.020408861339092255,1.0,0.9951686859130859,0.11593471467494965,0.020408861339092255,1.0,
poison/poisceb/datapoiscebpar/poispos_ceb_3f4b104b.csv,ok,352,15,3,modified_position,3,modified_position,1.0,all_windows,qualified_attack_window,15,9,0.6,True,0.31754961609840393,0.9167693257331848,0.10525736212730408,0.19425006210803986,1.0,0.9167693257331848,0.10525736212730408,0.19425006210803986,1.0,
poison/poisceb/datapoiscebpar/poispos_ceb_3f4c3f9f.csv,ok,310,12,3,modified_position,3,modified_position,1.0,all_windows,qualified_attack_window,12,6,0.5,True,0.48856043815612793,0.9930458068847656,0.017013108357787132,0.010572977364063263,1.0,0.9930458068847656,0.017013108357787132,0.010572977364063263,1.0,
poison/poisceb/datapoiscebpar/poispos_ceb_3f4df259.csv,ok,327,13,3,modified_position,3,modified_position,1.0,all_windows,qualified_attack_window,13,10,0.7692307692307693,True,0.22538553178310394,0.9861341118812561,0.015378805808722973,0.005727894138544798,1.0,0.9861341118812561,0.015378805808722973,0.005727894138544798,1.0,
poison/poisceb/datapoiscebpar/poispos_ceb_3f4e3ac2.csv,ok,443,20,3,modified_position,3,modified_position,1.0,all_windows,qualified_attack_window,20,10,0.5,True,0.489095538854599,0.9992697238922119,0.11641211062669754,0.01542728766798973,1.0,0.9992697238922119,0.11641211062669754,0.01542728766798973,1.0,
poison/poisceb/datapoiscebpar/poispos_ceb_3f4e9a29.csv,ok,320,13,3,modified_position,3,modified_position,1.0,all_windows,qualified_attack_window,13,9,0.6923076923076923,True,0.28399625420570374,0.9734394550323486,0.049159254878759384,0.05321122705936432,1.0,0.9734394550323486,0.049159254878759384,0.05321122705936432,1.0,
poison/poisceb/datapoiscebpar/poispos_ceb_3f52f115.csv,ok,345,14,3,modified_position,3,modified_position,1.0,all_windows,qualified_attack_window,14,8,0.5714285714285714,True,0.4188466966152191,0.9913938045501709,0.016505010426044464,0.011818476021289825,1.0,0.9913938045501709,0.016505010426044464,0.011818476021289825,1.0,
poison/poisceb/datapoiscebpar/poispos_ceb_3f59d8c9.csv,ok,316,12,3,modified_position,3,modified_position,1.0,all_windows,qualified_attack_window,12,8,0.6666666666666666,True,0.30359604954719543,0.9923150539398193,0.11067497730255127,0.020066620782017708,1.0,0.9923150539398193,0.11067497730255127,0.020066620782017708,1.0,
poison/poisceb/datapoiscebpar/poispos_ceb_3f5a96cf.csv,ok,339,14,3,modified_position,3,modified_position,0.9548220038414001,all_windows,qualified_attack_window,14,4,0.2857142857142857,True,0.6850051283836365,0.9693191051483154,0.06144612655043602,0.037027426064014435,0.9548220038414001,0.9693191051483154,0.06144612655043602,0.037027426064014435,0.9548220038414001,
poison/poisceb/datapoiscebpar/poispos_ceb_3f5b502c.csv,ok,358,15,3,modified_position,3,modified_position,1.0,all_windows,qualified_attack_window,15,8,0.5333333333333333,True,0.4609798491001129,0.9971550703048706,0.014391648583114147,0.008860926143825054,1.0,0.9971550703048706,0.014391648583114147,0.008860926143825054,1.0,
poison/poisceb/datapoiscebpar/poispos_ceb_3f5e1f63.csv,ok,321,13,3,modified_position,3,modified_position,1.0,all_windows,qualified_attack_window,13,8,0.6153846153846154,True,0.3780885338783264,0.9964309930801392,0.010944789275527,0.008664474822580814,1.0,0.9964309930801392,0.010944789275527,0.008664474822580814,1.0,
poison/poisceb/datapoiscebpar/poispos_ceb_3f5e9e03.csv,ok,226,7,3,modified_position,3,modified_position,1.0,all_windows,qualified_attack_window,7,7,1.0,True,7.207911784795629e-12,2.920393440963842e-11,4.549816168264442e-08,3.7837791846137905e-14,1.0,2.920393440963842e-11,4.549816168264442e-08,3.7837791846137905e-14,1.0,
poison/poisceb/datapoiscebpar/poispos_ceb_3f5fbcb9.csv,ok,319,12,3,modified_position,3,modified_position,1.0,all_windows,qualified_attack_window,12,9,0.75,True,0.24336600303649902,0.983104407787323,0.010711672715842724,0.009637495502829552,1.0,0.983104407787323,0.010711672715842724,0.009637495502829552,1.0,
poison/poisceb/datapoiscebpar/poispos_ceb_3f604139.csv,ok,362,15,3,modified_position,3,modified_position,0.9999960660934448,all_windows,qualified_attack_window,15,8,0.5333333333333333,True,0.4180532693862915,0.9871512055397034,0.14291389286518097,0.06051494553685188,0.9999960660934448,0.9871512055397034,0.14291389286518097,0.06051494553685188,0.9999960660934448,
poison/poisceb/datapoiscebpar/poispos_ceb_3f627ce5.csv,ok,356,15,3,modified_position,3,modified_position,0.9998779296875,all_windows,qualified_attack_window,15,6,0.4,True,0.5577115416526794,0.9760057926177979,0.05031760409474373,0.052574895322322845,0.9998779296875,0.9760057926177979,0.05031760409474373,0.052574895322322845,0.9998779296875,
poison/poisceb/datapoiscebpar/poispos_ceb_3f66ac52.csv,ok,311,12,3,modified_position,3,modified_position,1.0,all_windows,qualified_attack_window,12,10,0.8333333333333334,True,0.16413095593452454,0.9842587113380432,0.007511484902352095,0.004588310141116381,1.0,0.9842587113380432,0.007511484902352095,0.004588310141116381,1.0,
poison/poisceb/datapoiscebpar/poispos_ceb_3f66e29b.csv,ok,378,16,3,modified_position,3,modified_position,1.0,all_windows,qualified_attack_window,16,9,0.5625,True,0.42690402269363403,0.9986301064491272,0.033062644302845,0.017369618639349937,1.0,0.9986301064491272,0.033062644302845,0.017369618639349937,1.0,
poison/poisceb/datapoiscebpar/poispos_ceb_3f696728.csv,ok,306,12,3,modified_position,3,modified_position,0.9999988079071045,all_windows,qualified_attack_window,12,8,0.6666666666666666,True,0.3273524045944214,0.9948634505271912,0.02298172190785408,0.01621166616678238,0.9999988079071045,0.9948634505271912,0.02298172190785408,0.01621166616678238,0.9999988079071045,
poison/poisceb/datapoiscebpar/poispos_ceb_3f69dc6c.csv,ok,314,12,3,modified_position,3,modified_position,1.0,all_windows,qualified_attack_window,12,8,0.6666666666666666,True,0.3309873044490814,0.9965165257453918,0.00499321473762393,0.0033953662496060133,1.0,0.9965165257453918,0.00499321473762393,0.0033953662496060133,1.0,
poison/poisceb/datapoiscebpar/poispos_ceb_3f6a8c81.csv,ok,353,15,3,modified_position,3,modified_position,1.0,all_windows,qualified_attack_window,15,7,0.4666666666666667,True,0.5211477279663086,0.992671549320221,0.006208356004208326,0.005941580515354872,1.0,0.992671549320221,0.006208356004208326,0.005941580515354872,1.0,
poison/poisceb/datapoiscebpar/poispos_ceb_3f6b7a50.csv,ok,275,10,3,modified_position,3,modified_position,0.9987868070602417,all_windows,qualified_attack_window,10,5,0.5,True,0.4983500838279724,0.9978240728378296,0.046960558742284775,0.01593904010951519,0.9987868070602417,0.9978240728378296,0.046960558742284775,0.01593904010951519,0.9987868070602417,
poison/poisceb/datapoiscebpar/poispos_ceb_3f6c81f9.csv,ok,307,12,3,modified_position,3,modified_position,1.0,all_windows,qualified_attack_window,12,8,0.6666666666666666,True,0.3236972391605377,0.9880565404891968,0.018111642450094223,0.01109145674854517,1.0,0.9880565404891968,0.018111642450094223,0.01109145674854517,1.0,
poison/poisceb/datapoiscebpar/poispos_ceb_3f6cd163.csv,ok,326,13,3,modified_position,3,modified_position,0.9962398409843445,all_windows,qualified_attack_window,13,6,0.46153846153846156,True,0.5196244716644287,0.9921114444732666,0.04568539559841156,0.02850993722677231,0.9962398409843445,0.9921114444732666,0.04568539559841156,0.02850993722677231,0.9962398409843445,
poison/poisceb/datapoiscebpar/poispos_ceb_3f6e2201.csv,ok,345,14,3,modified_position,3,modified_position,0.9999876022338867,all_windows,qualified_attack_window,14,8,0.5714285714285714,True,0.3763251006603241,0.9504799246788025,0.07246965914964676,0.01800565794110298,0.9999876022338867,0.9504799246788025,0.07246965914964676,0.01800565794110298,0.9999876022338867,
poison/poisceb/datapoiscebpar/poispos_ceb_3f6eb604.csv,ok,391,17,3,modified_position,3,modified_position,1.0,all_windows,qualified_attack_window,17,7,0.4117647058823529,True,0.5776256322860718,0.9992004632949829,0.04168526083230972,0.038017597049474716,1.0,0.9992004632949829,0.04168526083230972,0.038017597049474716,1.0,
poison/poisceb/datapoiscebpar/poispos_ceb_3f6eccae.csv,ok,349,14,3,modified_position,3,modified_position,1.0,all_windows,qualified_attack_window,14,8,0.5714285714285714,True,0.41232824325561523,0.9739158749580383,0.025371791794896126,0.01966480165719986,1.0,0.9739158749580383,0.025371791794896126,0.01966480165719986,1.0,
poison/poisceb/datapoiscebpar/poispos_ceb_3f716810.csv,ok,279,10,3,modified_position,3,modified_position,0.9999815821647644,all_windows,qualified_attack_window,10,5,0.5,True,0.4723266661167145,0.9745419025421143,0.03166137635707855,0.03133555129170418,0.9999815821647644,0.9745419025421143,0.03166137635707855,0.03133555129170418,0.9999815821647644,
poison/poisceb/datapoiscebpar/poispos_ceb_3f71ab4b.csv,ok,291,11,3,modified_position,3,modified_position,0.9997706413269043,all_windows,qualified_attack_window,11,6,0.5454545454545454,True,0.4189131557941437,0.9851948618888855,0.08045577257871628,0.08915918320417404,0.9997706413269043,0.9851948618888855,0.08045577257871628,0.08915918320417404,0.9997706413269043,
poison/poisceb/datapoiscebpar/poispos_ceb_3f759f46.csv,ok,339,14,3,modified_position,3,modified_position,1.0,all_windows,qualified_attack_window,14,9,0.6428571428571429,True,0.3408202528953552,0.9729649424552917,0.023292183876037598,0.028584301471710205,1.0,0.9729649424552917,0.023292183876037598,0.028584301471710205,1.0,
poison/poisceb/datapoiscebpar/poispos_ceb_3f75e508.csv,ok,323,13,3,modified_position,3,modified_position,1.0,all_windows,qualified_attack_window,13,9,0.6923076923076923,True,0.2924131155014038,0.9913848638534546,0.2984515428543091,0.022003604099154472,1.0,0.9913848638534546,0.2984515428543091,0.022003604099154472,1.0,
poison/poisceb/datapoiscebpar/poispos_ceb_3f7731ae.csv,ok,330,13,3,modified_position,3,modified_position,1.0,all_windows,qualified_attack_window,13,9,0.6923076923076923,True,0.3052884638309479,0.9982850551605225,0.006353202275931835,0.004541914444416761,1.0,0.9982850551605225,0.006353202275931835,0.004541914444416761,1.0,
poison/poisceb/datapoiscebpar/poispos_ceb_3f785fc2.csv,ok,370,16,3,modified_position,3,modified_position,1.0,all_windows,qualified_attack_window,16,9,0.5625,True,0.42324766516685486,0.9834112524986267,0.07215558737516403,0.03570924326777458,1.0,0.9834112524986267,0.07215558737516403,0.03570924326777458,1.0,
poison/poisceb/datapoiscebpar/poispos_ceb_3f7cdc38.csv,ok,271,9,3,modified_position,3,modified_position,1.0,all_windows,qualified_attack_window,9,9,1.0,True,0.02684101089835167,0.2184968739748001,0.5705583095550537,0.009252295829355717,1.0,0.2184968739748001,0.5705583095550537,0.009252295829355717,1.0,
poison/poisceb/datapoiscebpar/poispos_ceb_3f7ceed2.csv,ok,315,12,3,modified_position,3,modified_position,0.9999884366989136,all_windows,qualified_attack_window,12,4,0.3333333333333333,True,0.5858651995658875,0.9532046318054199,0.1413332223892212,0.06794844567775726,0.9999884366989136,0.9532046318054199,0.1413332223892212,0.06794844567775726,0.9999884366989136,
poison/poisceb/datapoiscebpar/poispos_ceb_3f7d8e86.csv,ok,335,13,3,modified_position,3,modified_position,1.0,all_windows,qualified_attack_window,13,10,0.7692307692307693,True,0.2346271574497223,0.990699827671051,0.01223080325871706,0.004663865081965923,1.0,0.990699827671051,0.01223080325871706,0.004663865081965923,1.0,
poison/poisceb/datapoiscebpar/poispos_ceb_3f80bed0.csv,ok,329,13,3,modified_position,3,modified_position,1.0,all_windows,qualified_attack_window,13,7,0.5384615384615384,True,0.45219823718070984,0.9977481961250305,0.04481139034032822,0.024371732026338577,1.0,0.9977481961250305,0.04481139034032822,0.024371732026338577,1.0,
poison/poisceb/datapoiscebpar/poispos_ceb_3f80ee7e.csv,ok,365,15,3,modified_position,3,modified_position,0.9999998807907104,all_windows,qualified_attack_window,15,8,0.5333333333333333,True,0.460668683052063,0.9976643323898315,0.022809689864516258,0.013272404670715332,0.9999998807907104,0.9976643323898315,0.022809689864516258,0.013272404670715332,0.9999998807907104,
poison/poisceb/datapoiscebpar/poispos_ceb_3f8149db.csv,ok,309,12,3,modified_position,3,modified_position,1.0,all_windows,qualified_attack_window,12,11,0.9166666666666666,True,0.07974585145711899,0.9569319486618042,0.027541227638721466,0.010959210805594921,1.0,0.9569319486618042,0.027541227638721466,0.010959210805594921,1.0,
poison/poisceb/datapoiscebpar/poispos_ceb_3f82ea74.csv,ok,378,16,3,modified_position,3,modified_position,0.9999948740005493,all_windows,qualified_attack_window,16,8,0.5,True,0.46833282709121704,0.9942429661750793,0.028747713193297386,0.1095748171210289,0.9999948740005493,0.9942429661750793,0.028747713193297386,0.1095748171210289,0.9999948740005493,
poison/poisceb/datapoiscebpar/poisspd_ceb_3e31b26e.csv,ok,374,16,2,modified_speed,2,modified_speed,0.7166931629180908,all_windows,qualified_attack_window,16,2,0.125,True,0.7357509136199951,0.9913849830627441,0.10980537533760071,0.7166931629180908,0.033369988203048706,0.9913849830627441,0.10980537533760071,0.7166931629180908,0.033369988203048706,
poison/poisceb/datapoiscebpar/poisspd_ceb_3e333998.csv,ok,351,14,2,modified_speed,2,modified_speed,1.0,all_windows,qualified_attack_window,14,8,0.5714285714285714,True,0.4347003400325775,0.9936256408691406,0.07159080356359482,1.0,0.012358197942376137,0.9936256408691406,0.07159080356359482,1.0,0.012358197942376137,
poison/poisceb/datapoiscebpar/poisspd_ceb_3e3a6fe9.csv,ok,336,14,2,modified_speed,2,modified_speed,1.0,all_windows,qualified_attack_window,14,7,0.5,True,0.49173951148986816,0.9997840523719788,0.03220523148775101,1.0,0.027417398989200592,0.9997840523719788,0.03220523148775101,1.0,0.027417398989200592,
poison/poisceb/datapoiscebpar/poisspd_ceb_3e3af6b6.csv,ok,281,10,2,modified_speed,2,modified_speed,1.0,all_windows,qualified_attack_window,10,8,0.8,True,0.181528240442276,0.9577934741973877,0.0958075076341629,1.0,0.019982481375336647,0.9577934741973877,0.0958075076341629,1.0,0.019982481375336647,
poison/poisceb/datapoiscebpar/poisspd_ceb_3e3cf40d.csv,ok,429,19,2,modified_speed,2,modified_speed,0.9999961853027344,all_windows,qualified_attack_window,19,7,0.3684210526315789,True,0.5821254849433899,0.9921585917472839,0.850039005279541,0.9999961853027344,0.14070872962474823,0.9921585917472839,0.850039005279541,0.9999961853027344,0.14070872962474823,
poison/poisceb/datapoiscebpar/poisspd_ceb_3e3d2ac0.csv,ok,332,13,2,modified_speed,2,modified_speed,1.0,all_windows,qualified_attack_window,13,9,0.6923076923076923,True,0.3070203959941864,0.9929885864257812,0.054013364017009735,1.0,0.04152882099151611,0.9929885864257812,0.054013364017009735,1.0,0.04152882099151611,
poison/poisceb/datapoiscebpar/poisspd_ceb_3e3d6a76.csv,ok,315,12,2,modified_speed,2,modified_speed,1.0,all_windows,qualified_attack_window,12,9,0.75,True,0.24609597027301788,0.9973899126052856,0.008288402110338211,1.0,0.009823041968047619,0.9973899126052856,0.008288402110338211,1.0,0.009823041968047619,
poison/poisceb/datapoiscebpar/poisspd_ceb_3e3d76da.csv,ok,280,10,2,modified_speed,2,modified_speed,1.0,all_windows,qualified_attack_window,10,6,0.6,True,0.38083210587501526,0.9845924973487854,0.0660317912697792,1.0,0.006528990343213081,0.9845924973487854,0.0660317912697792,1.0,0.006528990343213081,
poison/poisceb/datapoiscebpar/poisspd_ceb_3e40837d.csv,ok,505,24,2,modified_speed,2,modified_speed,1.0,all_windows,qualified_attack_window,24,12,0.5,True,0.48284685611724854,0.9941256046295166,0.06321326643228531,1.0,0.035136912018060684,0.9941256046295166,0.06321326643228531,1.0,0.035136912018060684,
poison/poisceb/datapoiscebpar/poisspd_ceb_3e451feb.csv,ok,325,13,2,modified_speed,2,modified_speed,0.9990772008895874,all_windows,qualified_attack_window,13,10,0.7692307692307693,True,0.27142953872680664,0.9778459668159485,0.3520631194114685,0.9990772008895874,0.032236650586128235,0.9778459668159485,0.3520631194114685,0.9990772008895874,0.032236650586128235,
poison/poisceb/datapoiscebpar/poisspd_ceb_3e493aea.csv,ok,304,12,2,modified_speed,2,modified_speed,1.0,all_windows,qualified_attack_window,12,9,0.75,True,0.24633647501468658,0.9920085072517395,0.006782466545701027,1.0,0.0070861941203475,0.9920085072517395,0.006782466545701027,1.0,0.0070861941203475,
poison/poisceb/datapoiscebpar/poisspd_ceb_3e4bb0ba.csv,ok,379,16,2,modified_speed,2,modified_speed,1.0,all_windows,qualified_attack_window,16,9,0.5625,True,0.4292464256286621,0.9906895756721497,0.009086346253752708,1.0,0.015213802456855774,0.9906895756721497,0.009086346253752708,1.0,0.015213802456855774,
poison/poisceb/datapoiscebpar/poisspd_ceb_3e501ab1.csv,ok,363,15,2,modified_speed,2,modified_speed,1.0,all_windows,qualified_attack_window,15,8,0.5333333333333333,True,0.381245881319046,0.987332284450531,0.15112493932247162,1.0,0.04704412445425987,0.987332284450531,0.15112493932247162,1.0,0.04704412445425987,
poison/poisceb/datapoiscebpar/poisspd_ceb_3e50b1fe.csv,ok,340,14,2,modified_speed,2,modified_speed,1.0,all_windows,qualified_attack_window,14,11,0.7857142857142857,True,0.2035452425479889,0.9644086956977844,0.022877883166074753,1.0,0.019389715045690536,0.9644086956977844,0.022877883166074753,1.0,0.019389715045690536,
poison/poisceb/datapoiscebpar/poisspd_ceb_3e53b807.csv,ok,338,14,2,modified_speed,2,modified_speed,1.0,all_windows,qualified_attack_window,14,9,0.6428571428571429,True,0.35311415791511536,0.9939278364181519,0.007044048048555851,1.0,0.016025016084313393,0.9939278364181519,0.007044048048555851,1.0,0.016025016084313393,
poison/poisceb/datapoiscebpar/poisspd_ceb_3e5425d4.csv,ok,368,16,2,modified_speed,2,modified_speed,1.0,all_windows,qualified_attack_window,16,9,0.5625,True,0.43328768014907837,0.9965239763259888,0.008285826072096825,1.0,0.006643590051680803,0.9965239763259888,0.008285826072096825,1.0,0.006643590051680803,
poison/poisceb/datapoiscebpar/poisspd_ceb_3e546be4.csv,ok,349,14,2,modified_speed,2,modified_speed,1.0,all_windows,qualified_attack_window,14,9,0.6428571428571429,True,0.28036394715309143,0.8664392232894897,0.25889116525650024,1.0,0.054336078464984894,0.8664392232894897,0.25889116525650024,1.0,0.054336078464984894,
poison/poisceb/datapoiscebpar/poisspd_ceb_3e579969.csv,ok,368,16,2,modified_speed,2,modified_speed,1.0,all_windows,qualified_attack_window,16,8,0.5,True,0.4454927444458008,0.9781495928764343,0.18050207197666168,1.0,0.017644112929701805,0.9781495928764343,0.18050207197666168,1.0,0.017644112929701805,
poison/poisceb/datapoiscebpar/poisspd_ceb_3e5f3e78.csv,ok,331,13,2,modified_speed,2,modified_speed,1.0,all_windows,qualified_attack_window,13,7,0.5384615384615384,True,0.4438732862472534,0.9878019690513611,0.03495187684893608,1.0,0.012868016958236694,0.9878019690513611,0.03495187684893608,1.0,0.012868016958236694,
poison/poisceb/datapoiscebpar/poisspd_ceb_3e628723.csv,ok,413,18,2,modified_speed,2,modified_speed,1.0,all_windows,qualified_attack_window,18,12,0.6666666666666666,True,0.297737181186676,0.9703521728515625,0.36996138095855713,1.0,0.011500271037220955,0.9703521728515625,0.36996138095855713,1.0,0.011500271037220955,
poison/poisceb/datapoiscebpar/poisspd_ceb_3e66722b.csv,ok,274,10,2,modified_speed,2,modified_speed,0.9999997615814209,all_windows,qualified_attack_window,10,7,0.7,True,0.29825276136398315,0.9952396154403687,0.004239855334162712,0.9999997615814209,0.006623172666877508,0.9952396154403687,0.004239855334162712,0.9999997615814209,0.006623172666877508,
poison/poisceb/datapoiscebpar/poisspd_ceb_3e68cadd.csv,ok,325,13,2,modified_speed,2,modified_speed,1.0,all_windows,qualified_attack_window,13,7,0.5384615384615384,True,0.4146345257759094,0.9529060125350952,0.08705386519432068,1.0,0.06558449566364288,0.9529060125350952,0.08705386519432068,1.0,0.06558449566364288,
poison/poisceb/datapoiscebpar/poisspd_ceb_3e68edcb.csv,ok,296,11,2,modified_speed,2,modified_speed,0.9999995231628418,all_windows,qualified_attack_window,11,6,0.5454545454545454,True,0.4391365349292755,0.9819287061691284,0.015126739628612995,0.9999995231628418,0.030547546222805977,0.9819287061691284,0.015126739628612995,0.9999995231628418,0.030547546222805977,
poison/poisceb/datapoiscebpar/poisspd_ceb_3e6c9276.csv,ok,369,16,2,modified_speed,2,modified_speed,1.0,all_windows,qualified_attack_window,16,10,0.625,True,0.36213308572769165,0.9884682297706604,0.03676973283290863,1.0,0.018196003511548042,0.9884682297706604,0.03676973283290863,1.0,0.018196003511548042,
poison/poisceb/datapoiscebpar/poisspd_ceb_3e6d4241.csv,ok,327,13,2,modified_speed,2,modified_speed,1.0,all_windows,qualified_attack_window,13,8,0.6153846153846154,True,0.3736386001110077,0.9882341027259827,0.02018112875521183,1.0,0.010120825842022896,0.9882341027259827,0.02018112875521183,1.0,0.010120825842022896,
poison/poisceb/datapoiscebpar/poisspd_ceb_3e703572.csv,ok,324,13,2,modified_speed,2,modified_speed,1.0,all_windows,qualified_attack_window,13,6,0.46153846153846156,True,0.5252252221107483,0.9978902339935303,0.029965924099087715,1.0,0.026474878191947937,0.9978902339935303,0.029965924099087715,1.0,0.026474878191947937,
poison/poisceb/datapoiscebpar/poisspd_ceb_3e7480bb.csv,ok,313,12,2,modified_speed,2,modified_speed,0.9999978542327881,all_windows,qualified_attack_window,12,10,0.8333333333333334,True,0.16658227145671844,0.9761993288993835,0.7737277150154114,0.9999978542327881,0.011385854333639145,0.9761993288993835,0.7737277150154114,0.9999978542327881,0.011385854333639145,
poison/poisceb/datapoiscebpar/poisspd_ceb_3e74cb8a.csv,ok,274,10,2,modified_speed,0,authentic,0.97086501121521,all_windows,no_qualified_attack_window,10,0,0.0,False,0.9002777338027954,0.97086501121521,0.08250100910663605,0.17672747373580933,0.02817470021545887,0.97086501121521,0.08250100910663605,0.17672747373580933,0.02817470021545887,
poison/poisceb/datapoiscebpar/poisspd_ceb_3e77701f.csv,ok,410,18,2,modified_speed,2,modified_speed,1.0,all_windows,qualified_attack_window,18,8,0.4444444444444444,True,0.5412138104438782,0.9948910474777222,0.015045593492686749,1.0,0.02713817171752453,0.9948910474777222,0.015045593492686749,1.0,0.02713817171752453,
poison/poisceb/datapoiscebpar/poisspd_ceb_3e87840a.csv,ok,322,13,2,modified_speed,0,authentic,0.9797977805137634,all_windows,no_qualified_attack_window,13,0,0.0,False,0.9213365316390991,0.9797977805137634,0.1354893445968628,0.0880495235323906,0.06534674763679504,0.9797977805137634,0.1354893445968628,0.0880495235323906,0.06534674763679504,
poison/poisceb/datapoiscebpar/poisspd_ceb_3e8c2986.csv,ok,379,16,2,modified_speed,2,modified_speed,1.0,all_windows,qualified_attack_window,16,8,0.5,True,0.4908583164215088,0.9945688247680664,0.0257274117320776,1.0,0.015443610958755016,0.9945688247680664,0.0257274117320776,1.0,0.015443610958755016,
poison/poisceb/datapoiscebpar/poisspd_ceb_3e8e726d.csv,ok,374,16,2,modified_speed,2,modified_speed,1.0,all_windows,qualified_attack_window,16,8,0.5,True,0.47527116537094116,0.9893411993980408,0.04784371703863144,1.0,0.07185500115156174,0.9893411993980408,0.04784371703863144,1.0,0.07185500115156174,
poison/poisceb/datapoiscebpar/poisspd_ceb_3e8f83e0.csv,ok,318,12,2,modified_speed,2,modified_speed,0.9999620318412781,all_windows,qualified_attack_window,12,6,0.5,True,0.4525497257709503,0.9443657398223877,0.08323656767606735,0.9999620318412781,0.04339592903852463,0.9443657398223877,0.08323656767606735,0.9999620318412781,0.04339592903852463,
poison/poisceb/datapoiscebpar/poisspd_ceb_3e8fc79a.csv,ok,297,11,2,modified_speed,2,modified_speed,1.0,all_windows,qualified_attack_window,11,10,0.9090909090909091,True,0.07772517949342728,0.8549759984016418,0.05369420349597931,1.0,0.005103581119328737,0.8549759984016418,0.05369420349597931,1.0,0.005103581119328737,
poison/poisceb/datapoiscebpar/poisspd_ceb_3e92469e.csv,ok,325,13,2,modified_speed,2,modified_speed,1.0,all_windows,qualified_attack_window,13,7,0.5384615384615384,True,0.44682660698890686,0.9854045510292053,0.020027214661240578,1.0,0.023066101595759392,0.9854045510292053,0.020027214661240578,1.0,0.023066101595759392,
poison/poisceb/datapoiscebpar/poisspd_ceb_3e9395bd.csv,ok,294,11,2,modified_speed,2,modified_speed,0.9999998807907104,all_windows,qualified_attack_window,11,7,0.6363636363636364,True,0.2973651587963104,0.9500729441642761,0.07297302782535553,0.9999998807907104,0.02929677814245224,0.9500729441642761,0.07297302782535553,0.9999998807907104,0.02929677814245224,
poison/poisceb/datapoiscebpar/poisspd_ceb_3e93b2d9.csv,ok,306,12,2,modified_speed,2,modified_speed,1.0,all_windows,qualified_attack_window,12,9,0.75,True,0.24399293959140778,0.9791128635406494,0.0168900266289711,1.0,0.011217305436730385,0.9791128635406494,0.0168900266289711,1.0,0.011217305436730385,
poison/poisceb/datapoiscebpar/poisspd_ceb_3e9641ad.csv,ok,368,16,2,modified_speed,2,modified_speed,1.0,all_windows,qualified_attack_window,16,9,0.5625,True,0.43409448862075806,0.9984278082847595,0.009050417691469193,1.0,0.006696621887385845,0.9984278082847595,0.009050417691469193,1.0,0.006696621887385845,
poison/poisceb/datapoiscebpar/poisspd_ceb_3e9a215f.csv,ok,345,14,2,modified_speed,0,authentic,0.9962490797042847,all_windows,no_qualified_attack_window,14,0,0.0,False,0.9269843101501465,0.9962490797042847,0.07341192662715912,0.07347482442855835,0.04936331510543823,0.9962490797042847,0.07341192662715912,0.07347482442855835,0.04936331510543823,
poison/poisceb/datapoiscebpar/poisspd_ceb_3e9af3eb.csv,ok,380,16,2,modified_speed,2,modified_speed,1.0,all_windows,qualified_attack_window,16,8,0.5,True,0.49097174406051636,0.9934359788894653,0.014851643703877926,1.0,0.014398437924683094,0.9934359788894653,0.014851643703877926,1.0,0.014398437924683094,
poison/poisceb/datapoiscebpar/poisspd_ceb_3e9b47c3.csv,ok,356,15,2,modified_speed,2,modified_speed,1.0,all_windows,qualified_attack_window,15,8,0.5333333333333333,True,0.3927510678768158,0.9729087352752686,0.11290387809276581,1.0,0.023057539016008377,0.9729087352752686,0.11290387809276581,1.0,0.023057539016008377,
poison/poisceb/datapoiscebpar/poisspd_ceb_3e9eab00.csv,ok,407,18,2,modified_speed,2,modified_speed,1.0,all_windows,qualified_attack_window,18,8,0.4444444444444444,True,0.5379588603973389,0.9907339215278625,0.592762291431427,1.0,0.05293362960219383,0.9907339215278625,0.592762291431427,1.0,0.05293362960219383,
poison/poisceb/datapoiscebpar/poisspd_ceb_3e9f288f.csv,ok,396,17,2,modified_speed,2,modified_speed,1.0,all_windows,qualified_attack_window,17,11,0.6470588235294118,True,0.3386010527610779,0.9711868166923523,0.4587710499763489,1.0,0.012847693637013435,0.9711868166923523,0.4587710499763489,1.0,0.012847693637013435,
poison/poisceb/datapoiscebpar/poisspd_ceb_3e9f427d.csv,ok,300,11,2,modified_speed,2,modified_speed,1.0,all_windows,qualified_attack_window,11,8,0.7272727272727273,True,0.2512705624103546,0.9715185761451721,0.2547264099121094,1.0,0.012920539826154709,0.9715185761451721,0.2547264099121094,1.0,0.012920539826154709,
poison/poisceb/datapoiscebpar/poisspd_ceb_3ea16829.csv,ok,371,16,2,modified_speed,2,modified_speed,0.9898692965507507,all_windows,qualified_attack_window,16,7,0.4375,True,0.5980145931243896,0.9966191053390503,0.06665240228176117,0.9898692965507507,0.017455248162150383,0.9966191053390503,0.06665240228176117,0.9898692965507507,0.017455248162150383,
poison/poisceb/datapoiscebpar/poisspd_ceb_3ea18fc1.csv,ok,354,15,2,modified_speed,2,modified_speed,1.0,all_windows,qualified_attack_window,15,10,0.6666666666666666,True,0.3285546600818634,0.9952120780944824,0.015472739934921265,1.0,0.005530118010938168,0.9952120780944824,0.015472739934921265,1.0,0.005530118010938168,
poison/poisceb/datapoiscebpar/poisspd_ceb_3ea27a49.csv,ok,326,13,2,modified_speed,2,modified_speed,1.0,all_windows,qualified_attack_window,13,8,0.6153846153846154,True,0.37696900963783264,0.992243230342865,0.019357023760676384,1.0,0.015352840535342693,0.992243230342865,0.019357023760676384,1.0,0.015352840535342693,
poison/poisceb/datapoiscebpar/poisspd_ceb_3ea4e474.csv,ok,357,15,2,modified_speed,2,modified_speed,0.9999001622200012,all_windows,qualified_attack_window,15,8,0.5333333333333333,True,0.45608192682266235,0.9925232529640198,0.018368789926171303,0.9999001622200012,0.019475121051073074,0.9925232529640198,0.018368789926171303,0.9999001622200012,0.019475121051073074,
poison/poisceb/datapoiscebpar/poisspd_ceb_3ea56fc5.csv,ok,272,10,2,modified_speed,2,modified_speed,0.9999997615814209,all_windows,qualified_attack_window,10,7,0.7,True,0.25224998593330383,0.9517819285392761,0.1489696502685547,0.9999997615814209,0.03309415653347969,0.9517819285392761,0.1489696502685547,0.9999997615814209,0.03309415653347969,
poison/poisceb/datapoiscebpar/poisspd_ceb_3ea617f2.csv,ok,311,12,2,modified_speed,2,modified_speed,0.981775164604187,all_windows,qualified_attack_window,12,4,0.3333333333333333,True,0.6338735222816467,0.9778265953063965,0.05801643431186676,0.981775164604187,0.047825101763010025,0.9778265953063965,0.05801643431186676,0.981775164604187,0.047825101763010025,
poison/poisceb/datapoiscebpar/poisspd_ceb_3ea85858.csv,ok,368,16,2,modified_speed,2,modified_speed,1.0,all_windows,qualified_attack_window,16,8,0.5,True,0.49305665493011475,0.9962138533592224,0.015656759962439537,1.0,0.012159477919340134,0.9962138533592224,0.015656759962439537,1.0,0.012159477919340134,
poison/poisceb/datapoiscebpar/poisspd_ceb_3eac3581.csv,ok,321,13,2,modified_speed,2,modified_speed,1.0,all_windows,qualified_attack_window,13,8,0.6153846153846154,True,0.38152509927749634,0.9974186420440674,0.007782569620758295,1.0,0.012370382435619831,0.9974186420440674,0.007782569620758295,1.0,0.012370382435619831,
poison/poisceb/datapoiscebpar/poisspd_ceb_3eac426b.csv,ok,326,13,2,modified_speed,2,modified_speed,0.9904057383537292,all_windows,qualified_attack_window,13,7,0.5384615384615384,True,0.49013274908065796,0.9960101246833801,0.030692584812641144,0.9904057383537292,0.011513759382069111,0.9960101246833801,0.030692584812641144,0.9904057383537292,0.011513759382069111,
poison/poisceb/datapoiscebpar/poisspd_ceb_3eb0c211.csv,ok,381,16,2,modified_speed,2,modified_speed,0.9999995231628418,all_windows,qualified_attack_window,16,9,0.5625,True,0.4281083345413208,0.9860459566116333,0.03379085287451744,0.9999995231628418,0.015778785571455956,0.9860459566116333,0.03379085287451744,0.9999995231628418,0.015778785571455956,
poison/poisceb/datapoiscebpar/poisspd_ceb_3eb1117e.csv,ok,315,12,2,modified_speed,2,modified_speed,1.0,all_windows,qualified_attack_window,12,7,0.5833333333333334,True,0.39386776089668274,0.9908693432807922,0.10492096841335297,1.0,0.01053761225193739,0.9908693432807922,0.10492096841335297,1.0,0.01053761225193739,
poison/poisceb/datapoiscebpar/poisspd_ceb_3eb43ed1.csv,ok,354,15,2,modified_speed,2,modified_speed,1.0,all_windows,qualified_attack_window,15,8,0.5333333333333333,True,0.45602402091026306,0.9945023059844971,0.02142617292702198,1.0,0.013398607261478901,0.9945023059844971,0.02142617292702198,1.0,0.013398607261478901,
poison/poisceb/datapoiscebpar/poisspd_ceb_3eb5439f.csv,ok,293,11,2,modified_speed,2,modified_speed,1.0,all_windows,qualified_attack_window,11,6,0.5454545454545454,True,0.43300482630729675,0.980891764163971,0.052083373069763184,1.0,0.026425836607813835,0.980891764163971,0.052083373069763184,1.0,0.026425836607813835,
poison/poisceb/datapoiscebpar/poisspd_ceb_3ebbb4fb.csv,ok,331,13,2,modified_speed,2,modified_speed,1.0,all_windows,qualified_attack_window,13,9,0.6923076923076923,True,0.2942478358745575,0.9752193689346313,0.040050208568573,1.0,0.006184686906635761,0.9752193689346313,0.040050208568573,1.0,0.006184686906635761,
poison/poisceb/datapoiscebpar/poisspd_ceb_3ebbca4e.csv,ok,364,15,2,modified_speed,2,modified_speed,1.0,all_windows,qualified_attack_window,15,11,0.7333333333333333,True,0.24718376994132996,0.9851385951042175,0.08437424898147583,1.0,0.014858480542898178,0.9851385951042175,0.08437424898147583,1.0,0.014858480542898178,
poison/poisceb/datapoiscebpar/poisspd_ceb_3ebf228b.csv,ok,356,15,2,modified_speed,2,modified_speed,1.0,all_windows,qualified_attack_window,15,8,0.5333333333333333,True,0.45181575417518616,0.9926913976669312,0.033379990607500076,1.0,0.03841552883386612,0.9926913976669312,0.033379990607500076,1.0,0.03841552883386612,
poison/poisceb/datapoiscebpar/poisspd_ceb_3ec015cb.csv,ok,321,13,2,modified_speed,2,modified_speed,1.0,all_windows,qualified_attack_window,13,7,0.5384615384615384,True,0.4176778495311737,0.980693519115448,0.13206173479557037,1.0,0.022243721410632133,0.980693519115448,0.13206173479557037,1.0,0.022243721410632133,
poison/poisceb/datapoiscebpar/poisspd_ceb_3ec23221.csv,ok,360,15,2,modified_speed,2,modified_speed,0.9999991655349731,all_windows,qualified_attack_window,15,7,0.4666666666666667,True,0.502094030380249,0.9852697253227234,0.06349434703588486,0.9999991655349731,0.06410898268222809,0.9852697253227234,0.06349434703588486,0.9999991655349731,0.06410898268222809,
poison/poisceb/datapoiscebpar/poisspd_ceb_3ec27de9.csv,ok,401,18,2,modified_speed,2,modified_speed,1.0,all_windows,qualified_attack_window,18,12,0.6666666666666666,True,0.3490856885910034,0.9913122653961182,0.08190415799617767,1.0,0.014272882603108883,0.9913122653961182,0.08190415799617767,1.0,0.014272882603108883,
poison/poisceb/datapoiscebpar/poisspd_ceb_3ec35abb.csv,ok,298,11,2,modified_speed,2,modified_speed,0.9937454462051392,all_windows,qualified_attack_window,11,2,0.18181818181818182,True,0.7206763029098511,0.9921350479125977,0.10376264154911041,0.9937454462051392,0.024122824892401695,0.9921350479125977,0.10376264154911041,0.9937454462051392,0.024122824892401695,
poison/poisceb/datapoiscebpar/poisspd_ceb_3ec5fbea.csv,ok,305,12,2,modified_speed,2,modified_speed,0.9939860105514526,all_windows,qualified_attack_window,12,5,0.4166666666666667,True,0.5624035596847534,0.9644663333892822,0.0841512680053711,0.9939860105514526,0.05477330461144447,0.9644663333892822,0.0841512680053711,0.9939860105514526,0.05477330461144447,
poison/poisceb/datapoiscebpar/poisspd_ceb_3ec729dc.csv,ok,336,14,2,modified_speed,2,modified_speed,1.0,all_windows,qualified_attack_window,14,8,0.5714285714285714,True,0.42485055327415466,0.9985085129737854,0.011748814024031162,1.0,0.011935822665691376,0.9985085129737854,0.011748814024031162,1.0,0.011935822665691376,
poison/poisceb/datapoiscebpar/poisspd_ceb_3ec99989.csv,ok,332,13,2,modified_speed,2,modified_speed,1.0,all_windows,qualified_attack_window,13,8,0.6153846153846154,True,0.36283430457115173,0.9800097346305847,0.04562314972281456,1.0,0.02657279185950756,0.9800097346305847,0.04562314972281456,1.0,0.02657279185950756,
poison/poisceb/datapoiscebpar/poisspd_ceb_3eca29db.csv,ok,355,15,2,modified_speed,2,modified_speed,0.9999609589576721,all_windows,qualified_attack_window,15,8,0.5333333333333333,True,0.4599325954914093,0.9968583583831787,0.014110736548900604,0.9999609589576721,0.01276435051113367,0.9968583583831787,0.014110736548900604,0.9999609589576721,0.01276435051113367,
poison/poisceb/datapoiscebpar/poisspd_ceb_3eca98ca.csv,ok,323,13,2,modified_speed,2,modified_speed,1.0,all_windows,qualified_attack_window,13,11,0.8461538461538461,True,0.14977847039699554,0.9842681288719177,0.011454865336418152,1.0,0.0188404843211174,0.9842681288719177,0.011454865336418152,1.0,0.0188404843211174,
poison/poisceb/datapoiscebpar/poisspd_ceb_3ecd551b.csv,ok,348,14,2,modified_speed,2,modified_speed,1.0,all_windows,qualified_attack_window,14,7,0.5,True,0.4800231158733368,0.9934887290000916,0.05258239433169365,1.0,0.0349547304213047,0.9934887290000916,0.05258239433169365,1.0,0.0349547304213047,
poison/poisceb/datapoiscebpar/poisspd_ceb_3ecd7dd5.csv,ok,327,13,2,modified_speed,2,modified_speed,1.0,all_windows,qualified_attack_window,13,9,0.6923076923076923,True,0.26396334171295166,0.9583924412727356,0.35355404019355774,1.0,0.016636338084936142,0.9583924412727356,0.35355404019355774,1.0,0.016636338084936142,
poison/poisceb/datapoiscebpar/poisspd_ceb_3ecd92be.csv,ok,347,14,2,modified_speed,2,modified_speed,0.9996113181114197,all_windows,qualified_attack_window,14,7,0.5,True,0.4901945888996124,0.9704381823539734,0.043581098318099976,0.9996113181114197,0.02970028482377529,0.9704381823539734,0.043581098318099976,0.9996113181114197,0.02970028482377529,
poison/poisceb/datapoiscebpar/poisspd_ceb_3ecd9c1d.csv,ok,373,16,2,modified_speed,2,modified_speed,1.0,all_windows,qualified_attack_window,16,11,0.6875,True,0.29121893644332886,0.9606289863586426,0.7903220057487488,1.0,0.017350424081087112,0.9606289863586426,0.7903220057487488,1.0,0.017350424081087112,
poison/poisceb/datapoiscebpar/poisspd_ceb_3ece6491.csv,ok,480,23,2,modified_speed,2,modified_speed,0.9999995231628418,all_windows,qualified_attack_window,23,5,0.21739130434782608,True,0.7702524065971375,0.9981234669685364,0.02307969145476818,0.9999995231628418,0.03824537992477417,0.9981234669685364,0.02307969145476818,0.9999995231628418,0.03824537992477417,
poison/poisceb/datapoiscebpar/poisspd_ceb_3ed79631.csv,ok,378,16,2,modified_speed,2,modified_speed,1.0,all_windows,qualified_attack_window,16,9,0.5625,True,0.41380438208580017,0.9853848218917847,0.050712700933218,1.0,0.01812891475856304,0.9853848218917847,0.050712700933218,1.0,0.01812891475856304,
poison/poisceb/datapoiscebpar/poisspd_ceb_3ed81622.csv,ok,311,12,2,modified_speed,2,modified_speed,1.0,all_windows,qualified_attack_window,12,6,0.5,True,0.48614344000816345,0.9938400387763977,0.025123540312051773,1.0,0.028960831463336945,0.9938400387763977,0.025123540312051773,1.0,0.028960831463336945,
poison/poisceb/datapoiscebpar/poisspd_ceb_3ed9d416.csv,ok,317,12,2,modified_speed,2,modified_speed,1.0,all_windows,qualified_attack_window,12,7,0.5833333333333334,True,0.40940842032432556,0.9893478751182556,0.010231368243694305,1.0,0.008512207306921482,0.9893478751182556,0.010231368243694305,1.0,0.008512207306921482,
poison/poisceb/datapoiscebpar/poisspd_ceb_3edac4f1.csv,ok,335,13,2,modified_speed,2,modified_speed,1.0,all_windows,qualified_attack_window,13,9,0.6923076923076923,True,0.21731996536254883,0.7551953792572021,0.634472668170929,1.0,0.03403315320611,0.7551953792572021,0.634472668170929,1.0,0.03403315320611,
poison/poisceb/datapoiscebpar/poisspd_ceb_3edad482.csv,ok,346,14,2,modified_speed,2,modified_speed,0.9994392395019531,all_windows,qualified_attack_window,14,7,0.5,True,0.47011134028434753,0.9805441498756409,0.0340522937476635,0.9994392395019531,0.020900296047329903,0.9805441498756409,0.0340522937476635,0.9994392395019531,0.020900296047329903,
poison/poisceb/datapoiscebpar/poisspd_ceb_3edd9c73.csv,ok,303,11,2,modified_speed,2,modified_speed,0.9999996423721313,all_windows,qualified_attack_window,11,7,0.6363636363636364,True,0.3459458649158478,0.9618574380874634,0.024657024070620537,0.9999996423721313,0.022996773943305016,0.9618574380874634,0.024657024070620537,0.9999996423721313,0.022996773943305016,
poison/poisceb/datapoiscebpar/poisspd_ceb_3ee27b18.csv,ok,312,12,2,modified_speed,0,authentic,0.9865270853042603,all_windows,no_qualified_attack_window,12,0,0.0,False,0.9271146655082703,0.9865270853042603,0.07722475379705429,0.03839753940701485,0.043519843369722366,0.9865270853042603,0.07722475379705429,0.03839753940701485,0.043519843369722366,
poison/poisceb/datapoiscebpar/poisspd_ceb_3ee31976.csv,ok,470,22,2,modified_speed,2,modified_speed,1.0,all_windows,qualified_attack_window,22,8,0.36363636363636365,True,0.6231885552406311,0.9978992938995361,0.026830952614545822,1.0,0.01811087131500244,0.9978992938995361,0.026830952614545822,1.0,0.01811087131500244,
poison/poisceb/datapoiscebpar/poisspd_ceb_3ee600ee.csv,ok,369,16,2,modified_speed,2,modified_speed,1.0,all_windows,qualified_attack_window,16,10,0.625,True,0.35605958104133606,0.9827766418457031,0.02868407778441906,1.0,0.010648981668055058,0.9827766418457031,0.02868407778441906,1.0,0.010648981668055058,
poison/poisceb/datapoiscebpar/poisspd_ceb_3ee6c6d1.csv,ok,342,14,2,modified_speed,2,modified_speed,1.0,all_windows,qualified_attack_window,14,9,0.6428571428571429,True,0.3328220248222351,0.9662652015686035,0.04360179975628853,1.0,0.03928603231906891,0.9662652015686035,0.04360179975628853,1.0,0.03928603231906891,
poison/poisceb/datapoiscebpar/poisspd_ceb_3ee6fd61.csv,ok,343,14,2,modified_speed,2,modified_speed,1.0,all_windows,qualified_attack_window,14,8,0.5714285714285714,True,0.42125263810157776,0.9915606379508972,0.009008471854031086,1.0,0.012559095397591591,0.9915606379508972,0.009008471854031086,1.0,0.012559095397591591,
poison/poisceb/datapoiscebpar/poisspd_ceb_3ee762b3.csv,ok,398,17,2,modified_speed,2,modified_speed,1.0,all_windows,qualified_attack_window,17,9,0.5294117647058824,True,0.46712467074394226,0.9986980557441711,0.002532113576307893,1.0,0.007435393054038286,0.9986980557441711,0.002532113576307893,1.0,0.007435393054038286,
poison/poisceb/datapoiscebpar/poisspd_ceb_3eeaa2d3.csv,ok,371,16,2,modified_speed,2,modified_speed,1.0,all_windows,qualified_attack_window,16,9,0.5625,True,0.40297964215278625,0.9662246108055115,0.03771522641181946,1.0,0.07684484124183655,0.9662246108055115,0.03771522641181946,1.0,0.07684484124183655,
poison/poisceb/datapoiscebpar/poisspd_ceb_3eee9fa6.csv,ok,366,15,2,modified_speed,2,modified_speed,1.0,all_windows,qualified_attack_window,15,9,0.6,True,0.39675191044807434,0.9976078867912292,0.00974750705063343,1.0,0.009471546858549118,0.9976078867912292,0.00974750705063343,1.0,0.009471546858549118,
poison/poisceb/datapoiscebpar/poisspd_ceb_3eefc093.csv,ok,322,13,2,modified_speed,2,modified_speed,1.0,all_windows,qualified_attack_window,13,7,0.5384615384615384,True,0.432670921087265,0.9774486422538757,0.0855594351887703,1.0,0.04254451394081116,0.9774486422538757,0.0855594351887703,1.0,0.04254451394081116,
poison/poisceb/datapoiscebpar/poisspd_ceb_3ef274f9.csv,ok,340,14,2,modified_speed,2,modified_speed,1.0,all_windows,qualified_attack_window,14,8,0.5714285714285714,True,0.421062171459198,0.9959005117416382,0.022733822464942932,1.0,0.019335780292749405,0.9959005117416382,0.022733822464942932,1.0,0.019335780292749405,
poison/poisceb/datapoiscebpar/poisspd_ceb_3ef2a84a.csv,ok,311,12,2,modified_speed,2,modified_speed,1.0,all_windows,qualified_attack_window,12,9,0.75,True,0.24667386710643768,0.9908831715583801,0.007310471497476101,1.0,0.004329262301325798,0.9908831715583801,0.007310471497476101,1.0,0.004329262301325798,
poison/poisceb/datapoiscebpar/poisspd_ceb_3f031544.csv,ok,290,11,2,modified_speed,2,modified_speed,1.0,all_windows,qualified_attack_window,11,7,0.6363636363636364,True,0.3426946699619293,0.9674379229545593,0.04735075682401657,1.0,0.018160909414291382,0.9674379229545593,0.04735075682401657,1.0,0.018160909414291382,
poison/poisceb/datapoiscebpar/poisspd_ceb_3f058428.csv,ok,322,13,2,modified_speed,2,modified_speed,1.0,all_windows,qualified_attack_window,13,10,0.7692307692307693,True,0.22003859281539917,0.9551240801811218,0.01771225780248642,1.0,0.019476745277643204,0.9551240801811218,0.01771225780248642,1.0,0.019476745277643204,
poison/poisceb/datapoiscebpar/poisspd_ceb_3f05b121.csv,ok,310,12,2,modified_speed,2,modified_speed,1.0,all_windows,qualified_attack_window,12,7,0.5833333333333334,True,0.41276511549949646,0.9947704076766968,0.003444839036092162,1.0,0.008961405605077744,0.9947704076766968,0.003444839036092162,1.0,0.008961405605077744,
poison/poisceb/datapoiscebpar/poisspd_ceb_3f068856.csv,ok,321,13,2,modified_speed,2,modified_speed,1.0,all_windows,qualified_attack_window,13,11,0.8461538461538461,True,0.14668095111846924,0.9615573883056641,0.019040163606405258,1.0,0.024190545082092285,0.9615573883056641,0.019040163606405258,1.0,0.024190545082092285,
poison/poisceb/datapoiscebpar/poisspd_ceb_3f07d673.csv,ok,312,12,2,modified_speed,2,modified_speed,1.0,all_windows,qualified_attack_window,12,8,0.6666666666666666,True,0.3224397599697113,0.9771331548690796,0.016985587775707245,1.0,0.01778724230825901,0.9771331548690796,0.016985587775707245,1.0,0.01778724230825901,
poison/poisceb/datapoiscebpar/poisspd_ceb_3f0abaf5.csv,ok,329,13,2,modified_speed,2,modified_speed,0.957791805267334,all_windows,qualified_attack_window,13,7,0.5384615384615384,True,0.44437819719314575,0.9936134815216064,0.15642663836479187,0.957791805267334,0.010089411400258541,0.9936134815216064,0.15642663836479187,0.957791805267334,0.010089411400258541,
poison/poisceb/datapoiscebpar/poisspd_ceb_3f0ac143.csv,ok,310,12,2,modified_speed,2,modified_speed,0.9996926784515381,all_windows,qualified_attack_window,12,8,0.6666666666666666,True,0.32736900448799133,0.9610266089439392,0.12514197826385498,0.9996926784515381,0.009048784151673317,0.9610266089439392,0.12514197826385498,0.9996926784515381,0.009048784151673317,
poison/poisceb/datapoiscebpar/poisspd_ceb_3f0e156d.csv,ok,309,12,2,modified_speed,2,modified_speed,0.9999997615814209,all_windows,qualified_attack_window,12,6,0.5,True,0.4665718078613281,0.9801320433616638,0.08080974966287613,0.9999997615814209,0.028305577114224434,0.9801320433616638,0.08080974966287613,0.9999997615814209,0.028305577114224434,
poison/poisceb/datapoiscebpar/poisspd_ceb_3f11191c.csv,ok,331,13,2,modified_speed,2,modified_speed,0.9999984502792358,all_windows,qualified_attack_window,13,7,0.5384615384615384,True,0.45606520771980286,0.9885817170143127,0.057604555040597916,0.9999984502792358,0.03983993083238602,0.9885817170143127,0.057604555040597916,0.9999984502792358,0.03983993083238602,
poison/poisceb/datapoiscebpar/poisspd_ceb_3f115f15.csv,ok,346,14,2,modified_speed,2,modified_speed,0.9952926635742188,all_windows,qualified_attack_window,14,8,0.5714285714285714,True,0.47610732913017273,0.9890203475952148,0.07067706435918808,0.9952926635742188,0.037478990852832794,0.9890203475952148,0.07067706435918808,0.9952926635742188,0.037478990852832794,
poison/poisceb/datapoiscebpar/poisspd_ceb_3f11b153.csv,ok,333,13,2,modified_speed,2,modified_speed,1.0,all_windows,qualified_attack_window,13,7,0.5384615384615384,True,0.4319881796836853,0.9882559776306152,0.07712457329034805,1.0,0.018675707280635834,0.9882559776306152,0.07712457329034805,1.0,0.018675707280635834,
poison/poisceb/datapoiscebpar/poisspd_ceb_3f128481.csv,ok,301,11,2,modified_speed,2,modified_speed,1.0,all_windows,qualified_attack_window,11,10,0.9090909090909091,True,0.09056571125984192,0.9962228536605835,0.0006821744609624147,1.0,0.0025869591627269983,0.9962228536605835,0.0006821744609624147,1.0,0.0025869591627269983,
poison/poisceb/datapoiscebpar/poisspd_ceb_3f1417b4.csv,ok,339,14,2,modified_speed,2,modified_speed,1.0,all_windows,qualified_attack_window,14,8,0.5714285714285714,True,0.41932910680770874,0.9877703785896301,0.021172311156988144,1.0,0.013291224837303162,0.9877703785896301,0.021172311156988144,1.0,0.013291224837303162,
poison/poisceb/datapoiscebpar/poisspd_ceb_3f180896.csv,ok,555,27,2,modified_speed,0,authentic,0.9985190033912659,all_windows,no_qualified_attack_window,27,0,0.0,False,0.9699698686599731,0.9985190033912659,0.03300664201378822,0.01862173154950142,0.06541580706834793,0.9985190033912659,0.03300664201378822,0.01862173154950142,0.06541580706834793,
poison/poisceb/datapoiscebpar/poisspd_ceb_3f18588d.csv,ok,316,12,2,modified_speed,2,modified_speed,1.0,all_windows,qualified_attack_window,12,7,0.5833333333333334,True,0.41329458355903625,0.997922420501709,0.009187264367938042,1.0,0.010530006140470505,0.997922420501709,0.009187264367938042,1.0,0.010530006140470505,
poison/poisceb/datapoiscebpar/poisspd_ceb_3f1e0122.csv,ok,377,16,2,modified_speed,2,modified_speed,1.0,all_windows,qualified_attack_window,16,8,0.5,True,0.4807854890823364,0.9950706958770752,0.5562035441398621,1.0,0.01668781414628029,0.9950706958770752,0.5562035441398621,1.0,0.01668781414628029,
poison/poisceb/datapoiscebpar/poisspd_ceb_3f22920a.csv,ok,383,16,2,modified_speed,2,modified_speed,1.0,all_windows,qualified_attack_window,16,8,0.5,True,0.46505194902420044,0.9991937875747681,0.04048599302768707,1.0,0.0061766160652041435,0.9991937875747681,0.04048599302768707,1.0,0.0061766160652041435,
poison/poisceb/datapoiscebpar/poisspd_ceb_3f231894.csv,ok,358,15,2,modified_speed,2,modified_speed,0.9828944206237793,all_windows,qualified_attack_window,15,8,0.5333333333333333,True,0.5154598355293274,0.9926175475120544,0.06988994777202606,0.9828944206237793,0.009490949101746082,0.9926175475120544,0.06988994777202606,0.9828944206237793,0.009490949101746082,
poison/poisceb/datapoiscebpar/poisspd_ceb_3f26b79d.csv,ok,359,15,2,modified_speed,2,modified_speed,1.0,all_windows,qualified_attack_window,15,9,0.6,True,0.34879928827285767,0.9148581624031067,0.0616455152630806,1.0,0.014559735544025898,0.9148581624031067,0.0616455152630806,1.0,0.014559735544025898,
poison/poisceb/datapoiscebpar/poisspd_ceb_3f27383d.csv,ok,377,16,2,modified_speed,2,modified_speed,1.0,all_windows,qualified_attack_window,16,9,0.5625,True,0.42066749930381775,0.986924946308136,0.037534065544605255,1.0,0.02497893013060093,0.986924946308136,0.037534065544605255,1.0,0.02497893013060093,
poison/poisceb/datapoiscebpar/poisspd_ceb_3f281d76.csv,ok,316,12,2,modified_speed,2,modified_speed,0.9999991655349731,all_windows,qualified_attack_window,12,5,0.4166666666666667,True,0.5428134799003601,0.9885977506637573,0.05779729411005974,0.9999991655349731,0.04133680835366249,0.9885977506637573,0.05779729411005974,0.9999991655349731,0.04133680835366249,
poison/poisceb/datapoiscebpar/poisspd_ceb_3f2df8d5.csv,ok,318,12,2,modified_speed,2,modified_speed,1.0,all_windows,qualified_attack_window,12,10,0.8333333333333334,True,0.16114528477191925,0.9931449890136719,0.020379114896059036,1.0,0.01996302790939808,0.9931449890136719,0.020379114896059036,1.0,0.01996302790939808,
poison/poisceb/datapoiscebpar/poisspd_ceb_3f2e5138.csv,ok,307,12,2,modified_speed,2,modified_speed,1.0,all_windows,qualified_attack_window,12,6,0.5,True,0.4784252345561981,0.9789348840713501,0.061025865375995636,1.0,0.0156480073928833,0.9789348840713501,0.061025865375995636,1.0,0.0156480073928833,
poison/poisceb/datapoiscebpar/poisspd_ceb_3f2f870b.csv,ok,317,12,2,modified_speed,2,modified_speed,1.0,all_windows,qualified_attack_window,12,7,0.5833333333333334,True,0.391655832529068,0.9851584434509277,0.06801117211580276,1.0,0.03232120722532272,0.9851584434509277,0.06801117211580276,1.0,0.03232120722532272,
poison/poisceb/datapoiscebpar/poisspd_ceb_3f31991c.csv,ok,333,13,2,modified_speed,2,modified_speed,1.0,all_windows,qualified_attack_window,13,10,0.7692307692307693,True,0.23482385277748108,0.9695523977279663,0.07345172762870789,1.0,0.01712367683649063,0.9695523977279663,0.07345172762870789,1.0,0.01712367683649063,
poison/poisceb/datapoiscebpar/poisspd_ceb_3f32a47a.csv,ok,325,13,2,modified_speed,2,modified_speed,1.0,all_windows,qualified_attack_window,13,7,0.5384615384615384,True,0.4544188380241394,0.9961379766464233,0.015639878809452057,1.0,0.021145980805158615,0.9961379766464233,0.015639878809452057,1.0,0.021145980805158615,
poison/poisceb/datapoiscebpar/poisspd_ceb_3f33f0af.csv,ok,319,12,2,modified_speed,0,authentic,0.969100832939148,all_windows,no_qualified_attack_window,12,0,0.0,False,0.8780961632728577,0.969100832939148,0.0869607925415039,0.2517329454421997,0.037499625235795975,0.969100832939148,0.0869607925415039,0.2517329454421997,0.037499625235795975,
poison/poisceb/datapoiscebpar/poisspd_ceb_3f350a36.csv,ok,347,14,2,modified_speed,2,modified_speed,1.0,all_windows,qualified_attack_window,14,9,0.6428571428571429,True,0.3552238643169403,0.9990350008010864,0.003047831356525421,1.0,0.0047112018801271915,0.9990350008010864,0.003047831356525421,1.0,0.0047112018801271915,
poison/poisceb/datapoiscebpar/poisspd_ceb_3f36961f.csv,ok,355,15,2,modified_speed,2,modified_speed,1.0,all_windows,qualified_attack_window,15,9,0.6,True,0.3968905508518219,0.9951340556144714,0.02824234962463379,1.0,0.009233237244188786,0.9951340556144714,0.02824234962463379,1.0,0.009233237244188786,
poison/poisceb/datapoiscebpar/poisspd_ceb_3f38c5e9.csv,ok,292,11,2,modified_speed,2,modified_speed,0.999995231628418,all_windows,qualified_attack_window,11,4,0.36363636363636365,True,0.5548714995384216,0.9625438451766968,0.10956970602273941,0.999995231628418,0.021640373393893242,0.9625438451766968,0.10956970602273941,0.999995231628418,0.021640373393893242,
poison/poisceb/datapoiscebpar/poisspd_ceb_3f39f085.csv,ok,310,12,2,modified_speed,2,modified_speed,0.9346387982368469,all_windows,qualified_attack_window,12,4,0.3333333333333333,True,0.6420008540153503,0.9737927317619324,0.08373677730560303,0.9346387982368469,0.042743705213069916,0.9737927317619324,0.08373677730560303,0.9346387982368469,0.042743705213069916,
poison/poisceb/datapoiscebpar/poisspd_ceb_3f3a089b.csv,ok,337,14,2,modified_speed,2,modified_speed,0.9027669429779053,all_windows,qualified_attack_window,14,2,0.14285714285714285,True,0.74803626537323,0.9930328130722046,0.10262841731309891,0.9027669429779053,0.03454634174704552,0.9930328130722046,0.10262841731309891,0.9027669429779053,0.03454634174704552,
poison/poisceb/datapoiscebpar/poisspd_ceb_3f3b17b4.csv,ok,319,12,2,modified_speed,2,modified_speed,0.999998927116394,all_windows,qualified_attack_window,12,5,0.4166666666666667,True,0.5612162947654724,0.9933975338935852,0.05118989944458008,0.999998927116394,0.04475584998726845,0.9933975338935852,0.05118989944458008,0.999998927116394,0.04475584998726845,
poison/poisceb/datapoiscebpar/poisspd_ceb_3f3c5f7a.csv,ok,279,10,2,modified_speed,2,modified_speed,0.9999938011169434,all_windows,qualified_attack_window,10,4,0.4,True,0.49050459265708923,0.9771174192428589,0.15423741936683655,0.9999938011169434,0.02460135519504547,0.9771174192428589,0.15423741936683655,0.9999938011169434,0.02460135519504547,
poison/poisceb/datapoiscebpar/poisspd_ceb_3f3cafab.csv,ok,318,12,2,modified_speed,2,modified_speed,1.0,all_windows,qualified_attack_window,12,11,0.9166666666666666,True,0.08095131069421768,0.9713405966758728,0.006753682624548674,1.0,0.01606464944779873,0.9713405966758728,0.006753682624548674,1.0,0.01606464944779873,
poison/poisceb/datapoiscebpar/poisspd_ceb_3f3d1e29.csv,ok,328,13,2,modified_speed,2,modified_speed,1.0,all_windows,qualified_attack_window,13,8,0.6153846153846154,True,0.3794396221637726,0.9942923188209534,0.004454961512237787,1.0,0.011621944606304169,0.9942923188209534,0.004454961512237787,1.0,0.011621944606304169,
poison/poisceb/datapoiscebpar/poisspd_ceb_3f3d31b6.csv,ok,335,13,2,modified_speed,2,modified_speed,1.0,all_windows,qualified_attack_window,13,8,0.6153846153846154,True,0.3817874491214752,0.9954074025154114,0.0019946659449487925,1.0,0.008399971760809422,0.9954074025154114,0.0019946659449487925,1.0,0.008399971760809422,
poison/poisceb/datapoiscebpar/poisspd_ceb_3f3dbc16.csv,ok,347,14,2,modified_speed,2,modified_speed,1.0,all_windows,qualified_attack_window,14,9,0.6428571428571429,True,0.3197672665119171,0.9634986519813538,0.07888846099376678,1.0,0.038034532219171524,0.9634986519813538,0.07888846099376678,1.0,0.038034532219171524,
poison/poisceb/datapoiscebpar/poisspd_ceb_3f3ec2d5.csv,ok,441,20,2,modified_speed,2,modified_speed,0.9893440008163452,all_windows,qualified_attack_window,20,8,0.4,True,0.5926277041435242,0.9973896741867065,0.053448110818862915,0.9893440008163452,0.11318795382976532,0.9973896741867065,0.053448110818862915,0.9893440008163452,0.11318795382976532,
poison/poisceb/datapoiscebpar/poisspd_ceb_3f41083f.csv,ok,326,13,2,modified_speed,2,modified_speed,1.0,all_windows,qualified_attack_window,13,9,0.6923076923076923,True,0.2967967987060547,0.9955747127532959,0.02839786745607853,1.0,0.021587315946817398,0.9955747127532959,0.02839786745607853,1.0,0.021587315946817398,
poison/poisceb/datapoiscebpar/poisspd_ceb_3f418d21.csv,ok,326,13,2,modified_speed,2,modified_speed,0.9999586939811707,all_windows,qualified_attack_window,13,7,0.5384615384615384,True,0.4392862021923065,0.9963405132293701,0.0397278368473053,0.9999586939811707,0.024868937209248543,0.9963405132293701,0.0397278368473053,0.9999586939811707,0.024868937209248543,
poison/poisceb/datapoiscebpar/poisspd_ceb_3f429596.csv,ok,368,16,2,modified_speed,2,modified_speed,0.9999971389770508,all_windows,qualified_attack_window,16,8,0.5,True,0.49282991886138916,0.9975699186325073,0.012482158839702606,0.9999971389770508,0.01990300975739956,0.9975699186325073,0.012482158839702606,0.9999971389770508,0.01990300975739956,
poison/poisceb/datapoiscebpar/poisspd_ceb_3f433bd0.csv,ok,365,15,2,modified_speed,2,modified_speed,1.0,all_windows,qualified_attack_window,15,8,0.5333333333333333,True,0.45889386534690857,0.9975855350494385,0.01330152153968811,1.0,0.006682122591882944,0.9975855350494385,0.01330152153968811,1.0,0.006682122591882944,
poison/poisceb/datapoiscebpar/poisspd_ceb_3f438a06.csv,ok,369,16,2,modified_speed,0,authentic,0.9914222955703735,all_windows,no_qualified_attack_window,16,0,0.0,False,0.9552404880523682,0.9914222955703735,0.07522105425596237,0.07357680052518845,0.05329306051135063,0.9914222955703735,0.07522105425596237,0.07357680052518845,0.05329306051135063,
poison/poisceb/datapoiscebpar/poisspd_ceb_3f459476.csv,ok,318,12,2,modified_speed,2,modified_speed,1.0,all_windows,qualified_attack_window,12,8,0.6666666666666666,True,0.32397639751434326,0.983034610748291,0.026662899181246758,1.0,0.012046252377331257,0.983034610748291,0.026662899181246758,1.0,0.012046252377331257,
poison/poisceb/datapoiscebpar/poisspd_ceb_3f45cc56.csv,ok,351,14,2,modified_speed,2,modified_speed,1.0,all_windows,qualified_attack_window,14,8,0.5714285714285714,True,0.415654718875885,0.9968020915985107,0.0332164540886879,1.0,0.03622801974415779,0.9968020915985107,0.0332164540886879,1.0,0.03622801974415779,
poison/poisceb/datapoiscebpar/poisspd_ceb_3f46b29e.csv,ok,333,13,2,modified_speed,2,modified_speed,0.9807752370834351,all_windows,qualified_attack_window,13,5,0.38461538461538464,True,0.5768248438835144,0.9742529392242432,0.0692179724574089,0.9807752370834351,0.058051180094480515,0.9742529392242432,0.0692179724574089,0.9807752370834351,0.058051180094480515,
poison/poisceb/datapoiscebpar/poisspd_ceb_3f4abe0e.csv,ok,317,12,2,modified_speed,2,modified_speed,1.0,all_windows,qualified_attack_window,12,8,0.6666666666666666,True,0.3444059193134308,0.9908302426338196,0.05638838931918144,1.0,0.038231946527957916,0.9908302426338196,0.05638838931918144,1.0,0.038231946527957916,
poison/poisceb/datapoiscebpar/poisspd_ceb_3f4aeb9f.csv,ok,366,15,2,modified_speed,2,modified_speed,1.0,all_windows,qualified_attack_window,15,8,0.5333333333333333,True,0.45420387387275696,0.9951686859130859,0.024490077048540115,1.0,0.03293205052614212,0.9951686859130859,0.024490077048540115,1.0,0.03293205052614212,
poison/poisceb/datapoiscebpar/poisspd_ceb_3f4b104b.csv,ok,352,15,2,modified_speed,2,modified_speed,1.0,all_windows,qualified_attack_window,15,8,0.5333333333333333,True,0.38206785917282104,0.9691030979156494,0.10525736212730408,1.0,0.01298565324395895,0.9691030979156494,0.10525736212730408,1.0,0.01298565324395895,
poison/poisceb/datapoiscebpar/poisspd_ceb_3f4c3f9f.csv,ok,310,12,2,modified_speed,2,modified_speed,0.9999988079071045,all_windows,qualified_attack_window,12,6,0.5,True,0.48855695128440857,0.9930458068847656,0.017013108357787132,0.9999988079071045,0.024545034393668175,0.9930458068847656,0.017013108357787132,0.9999988079071045,0.024545034393668175,
poison/poisceb/datapoiscebpar/poisspd_ceb_3f4df259.csv,ok,327,13,2,modified_speed,2,modified_speed,1.0,all_windows,qualified_attack_window,13,6,0.46153846153846156,True,0.5037314891815186,0.9893732666969299,0.07173867523670197,1.0,0.08098407089710236,0.9893732666969299,0.07173867523670197,1.0,0.08098407089710236,
poison/poisceb/datapoiscebpar/poisspd_ceb_3f4e3ac2.csv,ok,443,20,2,modified_speed,2,modified_speed,1.0,all_windows,qualified_attack_window,20,7,0.35,True,0.6277785301208496,0.9992697238922119,0.11641211062669754,1.0,0.10853901505470276,0.9992697238922119,0.11641211062669754,1.0,0.10853901505470276,
poison/poisceb/datapoiscebpar/poisspd_ceb_3f4e80cb.csv,ok,338,14,2,modified_speed,2,modified_speed,1.0,all_windows,qualified_attack_window,14,6,0.42857142857142855,True,0.5450292229652405,0.9965548515319824,0.0843396931886673,1.0,0.052249692380428314,0.9965548515319824,0.0843396931886673,1.0,0.052249692380428314,
poison/poisceb/datapoiscebpar/poisspd_ceb_3f4e9a29.csv,ok,320,13,2,modified_speed,2,modified_speed,1.0,all_windows,qualified_attack_window,13,10,0.7692307692307693,True,0.18574626743793488,0.9639403820037842,0.06667585670948029,1.0,0.0266797486692667,0.9639403820037842,0.06667585670948029,1.0,0.0266797486692667,
poison/poisceb/datapoiscebpar/poisspd_ceb_3f51abcf.csv,ok,308,12,2,modified_speed,2,modified_speed,1.0,all_windows,qualified_attack_window,12,7,0.5833333333333334,True,0.39506015181541443,0.9631447792053223,0.043602749705314636,1.0,0.013614045456051826,0.9631447792053223,0.043602749705314636,1.0,0.013614045456051826,
poison/poisceb/datapoiscebpar/poisspd_ceb_3f52f115.csv,ok,345,14,2,modified_speed,2,modified_speed,0.9412429928779602,all_windows,qualified_attack_window,14,1,0.07142857142857142,True,0.8162352442741394,0.9913938045501709,0.04381832107901573,0.9412429928779602,0.04920542240142822,0.9913938045501709,0.04381832107901573,0.9412429928779602,0.04920542240142822,
poison/poisceb/datapoiscebpar/poisspd_ceb_3f55ad21.csv,ok,356,15,2,modified_speed,2,modified_speed,1.0,all_windows,qualified_attack_window,15,9,0.6,True,0.3947502374649048,0.9972972273826599,0.007459633052349091,1.0,0.007446813862770796,0.9972972273826599,0.007459633052349091,1.0,0.007446813862770796,
poison/poisceb/datapoiscebpar/poisspd_ceb_3f57127d.csv,ok,333,13,2,modified_speed,2,modified_speed,1.0,all_windows,qualified_attack_window,13,11,0.8461538461538461,True,0.15155966579914093,0.9972065091133118,0.008202051743865013,1.0,0.011730887927114964,0.9972065091133118,0.008202051743865013,1.0,0.011730887927114964,
poison/poisceb/datapoiscebpar/poisspd_ceb_3f572275.csv,ok,325,13,2,modified_speed,2,modified_speed,1.0,all_windows,qualified_attack_window,13,7,0.5384615384615384,True,0.4500160813331604,0.9982133507728577,0.028459971770644188,1.0,0.02831740863621235,0.9982133507728577,0.028459971770644188,1.0,0.02831740863621235,
poison/poisceb/datapoiscebpar/poisspd_ceb_3f59d8c9.csv,ok,316,12,2,modified_speed,2,modified_speed,1.0,all_windows,qualified_attack_window,12,8,0.6666666666666666,True,0.32540440559387207,0.9923150539398193,0.013558582402765751,1.0,0.013916206546127796,0.9923150539398193,0.013558582402765751,1.0,0.013916206546127796,
poison/poisceb/datapoiscebpar/poisspd_ceb_3f5a96cf.csv,ok,339,14,2,modified_speed,2,modified_speed,0.9999995231628418,all_windows,qualified_attack_window,14,8,0.5714285714285714,True,0.4234587252140045,0.9956448078155518,0.010296342894434929,0.9999995231628418,0.020353909581899643,0.9956448078155518,0.010296342894434929,0.9999995231628418,0.020353909581899643,
poison/poisceb/datapoiscebpar/poisspd_ceb_3f5b502c.csv,ok,358,15,2,modified_speed,2,modified_speed,0.9999998807907104,all_windows,qualified_attack_window,15,9,0.6,True,0.40119871497154236,0.9963045120239258,0.07935553044080734,0.9999998807907104,0.01978513039648533,0.9963045120239258,0.07935553044080734,0.9999998807907104,0.01978513039648533,
poison/poisceb/datapoiscebpar/poisspd_ceb_3f5e1f63.csv,ok,321,13,2,modified_speed,2,modified_speed,1.0,all_windows,qualified_attack_window,13,8,0.6153846153846154,True,0.37802931666374207,0.9964309930801392,0.017897559329867363,1.0,0.012051242403686047,0.9964309930801392,0.017897559329867363,1.0,0.012051242403686047,
poison/poisceb/datapoiscebpar/poisspd_ceb_3f5e9e03.csv,ok,226,7,2,modified_speed,2,modified_speed,1.0,all_windows,qualified_attack_window,7,7,1.0,True,2.6849938938866558e-11,1.8794948930533906e-10,2.0594610461444063e-08,1.0,3.6727687406125364e-14,1.8794948930533906e-10,2.0594610461444063e-08,1.0,3.6727687406125364e-14,
poison/poisceb/datapoiscebpar/poisspd_ceb_3f5fbcb9.csv,ok,319,12,2,modified_speed,0,authentic,0.983104407787323,all_windows,no_qualified_attack_window,12,0,0.0,False,0.9460000395774841,0.983104407787323,0.05750306695699692,0.037661176174879074,0.041208986192941666,0.983104407787323,0.05750306695699692,0.037661176174879074,0.041208986192941666,
poison/poisceb/datapoiscebpar/poisspd_ceb_3f604139.csv,ok,362,15,2,modified_speed,2,modified_speed,1.0,all_windows,qualified_attack_window,15,8,0.5333333333333333,True,0.4420866072177887,0.9871512055397034,0.06865373998880386,1.0,0.008196615613996983,0.9871512055397034,0.06865373998880386,1.0,0.008196615613996983,
poison/poisceb/datapoiscebpar/poisspd_ceb_3f627ce5.csv,ok,356,15,2,modified_speed,2,modified_speed,1.0,all_windows,qualified_attack_window,15,9,0.6,True,0.3930774927139282,0.9902251362800598,0.009965081699192524,1.0,0.010960228741168976,0.9902251362800598,0.009965081699192524,1.0,0.010960228741168976,
poison/poisceb/datapoiscebpar/poisspd_ceb_3f62d6de.csv,ok,337,14,2,modified_speed,0,authentic,0.993564248085022,all_windows,no_qualified_attack_window,14,0,0.0,False,0.9273783564567566,0.993564248085022,0.07399076223373413,0.09426349401473999,0.024132857099175453,0.993564248085022,0.07399076223373413,0.09426349401473999,0.024132857099175453,
poison/poisceb/datapoiscebpar/poisspd_ceb_3f66ac52.csv,ok,311,12,2,modified_speed,2,modified_speed,1.0,all_windows,qualified_attack_window,12,8,0.6666666666666666,True,0.3382146656513214,0.9943132996559143,0.03148449584841728,1.0,0.007897600531578064,0.9943132996559143,0.03148449584841728,1.0,0.007897600531578064,
poison/poisceb/datapoiscebpar/poisspd_ceb_3f66e29b.csv,ok,378,16,2,modified_speed,2,modified_speed,1.0,all_windows,qualified_attack_window,16,11,0.6875,True,0.32988983392715454,0.9874088168144226,0.1515694111585617,1.0,0.01127425767481327,0.9874088168144226,0.1515694111585617,1.0,0.01127425767481327,
poison/poisceb/datapoiscebpar/poisspd_ceb_3f696728.csv,ok,306,12,2,modified_speed,2,modified_speed,0.9999994039535522,all_windows,qualified_attack_window,12,8,0.6666666666666666,True,0.31701424717903137,0.9654671549797058,0.03225523605942726,0.9999994039535522,0.021251944825053215,0.9654671549797058,0.03225523605942726,0.9999994039535522,0.021251944825053215,
poison/poisceb/datapoiscebpar/poisspd_ceb_3f69dc6c.csv,ok,314,12,2,modified_speed,2,modified_speed,1.0,all_windows,qualified_attack_window,12,8,0.6666666666666666,True,0.3309873938560486,0.9965165257453918,0.00499321473762393,1.0,0.003471348201856017,0.9965165257453918,0.00499321473762393,1.0,0.003471348201856017,
poison/poisceb/datapoiscebpar/poisspd_ceb_3f6a8c81.csv,ok,353,15,2,modified_speed,2,modified_speed,0.9999992847442627,all_windows,qualified_attack_window,15,9,0.6,True,0.39492306113243103,0.992671549320221,0.017353247851133347,0.9999992847442627,0.010811551474034786,0.992671549320221,0.017353247851133347,0.9999992847442627,0.010811551474034786,
poison/poisceb/datapoiscebpar/poisspd_ceb_3f6b7a50.csv,ok,275,10,2,modified_speed,2,modified_speed,1.0,all_windows,qualified_attack_window,10,6,0.6,True,0.3971575200557709,0.9978240728378296,0.0029601482674479485,1.0,0.006438671611249447,0.9978240728378296,0.0029601482674479485,1.0,0.006438671611249447,
poison/poisceb/datapoiscebpar/poisspd_ceb_3f6c81f9.csv,ok,307,12,2,modified_speed,2,modified_speed,1.0,all_windows,qualified_attack_window,12,9,0.75,True,0.24295921623706818,0.9880565404891968,0.018111642450094223,1.0,0.019067205488681793,0.9880565404891968,0.018111642450094223,1.0,0.019067205488681793,
poison/poisceb/datapoiscebpar/poisspd_ceb_3f6cd163.csv,ok,326,13,2,modified_speed,0,authentic,0.9903486371040344,all_windows,no_qualified_attack_window,13,0,0.0,False,0.9513700008392334,0.9903486371040344,0.040513765066862106,0.022709021344780922,0.028573108837008476,0.9903486371040344,0.040513765066862106,0.022709021344780922,0.028573108837008476,
poison/poisceb/datapoiscebpar/poisspd_ceb_3f6e2201.csv,ok,345,14,2,modified_speed,2,modified_speed,1.0,all_windows,qualified_attack_window,14,8,0.5714285714285714,True,0.4169107973575592,0.9881161451339722,0.011514430865645409,1.0,0.04034360125660896,0.9881161451339722,0.011514430865645409,1.0,0.04034360125660896,
poison/poisceb/datapoiscebpar/poisspd_ceb_3f6eb604.csv,ok,391,17,2,modified_speed,2,modified_speed,0.9998078346252441,all_windows,qualified_attack_window,17,11,0.6470588235294118,True,0.33832770586013794,0.9761543869972229,0.041380625218153,0.9998078346252441,0.030766835436224937,0.9761543869972229,0.041380625218153,0.9998078346252441,0.030766835436224937,
poison/poisceb/datapoiscebpar/poisspd_ceb_3f6eccae.csv,ok,349,14,2,modified_speed,2,modified_speed,1.0,all_windows,qualified_attack_window,14,7,0.5,True,0.4802257716655731,0.9751631021499634,0.03582913801074028,1.0,0.031694233417510986,0.9751631021499634,0.03582913801074028,1.0,0.031694233417510986,
poison/poisceb/datapoiscebpar/poisspd_ceb_3f716810.csv,ok,279,10,2,modified_speed,2,modified_speed,0.999962568283081,all_windows,qualified_attack_window,10,6,0.6,True,0.366083562374115,0.9664986729621887,0.07782170176506042,0.999962568283081,0.03104909509420395,0.9664986729621887,0.07782170176506042,0.999962568283081,0.03104909509420395,
poison/poisceb/datapoiscebpar/poisspd_ceb_3f719644.csv,ok,315,12,2,modified_speed,2,modified_speed,0.9532626867294312,all_windows,qualified_attack_window,12,2,0.16666666666666666,True,0.8065638542175293,0.9871710538864136,0.05827217549085617,0.9532626867294312,0.03117263689637184,0.9871710538864136,0.05827217549085617,0.9532626867294312,0.03117263689637184,
poison/poisceb/datapoiscebpar/poisspd_ceb_3f71ab4b.csv,ok,291,11,2,modified_speed,2,modified_speed,0.995352029800415,all_windows,qualified_attack_window,11,3,0.2727272727272727,True,0.6625177264213562,0.9898862838745117,0.10361310839653015,0.995352029800415,0.030373238027095795,0.9898862838745117,0.10361310839653015,0.995352029800415,0.030373238027095795,
poison/poisceb/datapoiscebpar/poisspd_ceb_3f729c4e.csv,ok,551,27,2,modified_speed,2,modified_speed,0.985807478427887,all_windows,qualified_attack_window,27,7,0.25925925925925924,True,0.6989168524742126,0.9933305978775024,0.31009194254875183,0.985807478427887,0.14150302112102509,0.9933305978775024,0.31009194254875183,0.985807478427887,0.14150302112102509,
poison/poisceb/datapoiscebpar/poisspd_ceb_3f72a6e6.csv,ok,537,26,2,modified_speed,2,modified_speed,1.0,all_windows,qualified_attack_window,26,10,0.38461538461538464,True,0.594645082950592,0.9961925745010376,0.051730383187532425,1.0,0.09378174692392349,0.9961925745010376,0.051730383187532425,1.0,0.09378174692392349,
poison/poisceb/datapoiscebpar/poisspd_ceb_3f759f46.csv,ok,339,14,2,modified_speed,2,modified_speed,0.9999997615814209,all_windows,qualified_attack_window,14,8,0.5714285714285714,True,0.41073697805404663,0.9861018657684326,0.048295143991708755,0.9999997615814209,0.014540818519890308,0.9861018657684326,0.048295143991708755,0.9999997615814209,0.014540818519890308,
poison/poisceb/datapoiscebpar/poisspd_ceb_3f75e508.csv,ok,323,13,2,modified_speed,2,modified_speed,1.0,all_windows,qualified_attack_window,13,8,0.6153846153846154,True,0.3778289556503296,0.9913848638534546,0.012915522791445255,1.0,0.012385653331875801,0.9913848638534546,0.012915522791445255,1.0,0.012385653331875801,
poison/poisceb/datapoiscebpar/poisspd_ceb_3f7731ae.csv,ok,330,13,2,modified_speed,2,modified_speed,0.993169903755188,all_windows,qualified_attack_window,13,8,0.6153846153846154,True,0.4161335527896881,0.9982850551605225,0.04149467870593071,0.993169903755188,0.004686236847192049,0.9982850551605225,0.04149467870593071,0.993169903755188,0.004686236847192049,
poison/poisceb/datapoiscebpar/poisspd_ceb_3f785fc2.csv,ok,370,16,2,modified_speed,2,modified_speed,1.0,all_windows,qualified_attack_window,16,11,0.6875,True,0.3131406009197235,0.9834112524986267,0.04417186975479126,1.0,0.025164427235722542,0.9834112524986267,0.04417186975479126,1.0,0.025164427235722542,
poison/poisceb/datapoiscebpar/poisspd_ceb_3f7cdc38.csv,ok,271,9,2,modified_speed,2,modified_speed,1.0,all_windows,qualified_attack_window,9,8,0.8888888888888888,True,0.10885845124721527,0.9714857339859009,0.7150880098342896,1.0,0.27496781945228577,0.9714857339859009,0.7150880098342896,1.0,0.27496781945228577,
poison/poisceb/datapoiscebpar/poisspd_ceb_3f7ceed2.csv,ok,315,12,2,modified_speed,2,modified_speed,0.9999912977218628,all_windows,qualified_attack_window,12,7,0.5833333333333334,True,0.3678264915943146,0.9500532746315002,0.1413332223892212,0.9999912977218628,0.024666495621204376,0.9500532746315002,0.1413332223892212,0.9999912977218628,0.024666495621204376,
poison/poisceb/datapoiscebpar/poisspd_ceb_3f7d8e86.csv,ok,335,13,2,modified_speed,2,modified_speed,1.0,all_windows,qualified_attack_window,13,10,0.7692307692307693,True,0.2271408885717392,0.990699827671051,0.005126394797116518,1.0,0.01466862391680479,0.990699827671051,0.005126394797116518,1.0,0.01466862391680479,
poison/poisceb/datapoiscebpar/poisspd_ceb_3f7db5a0.csv,ok,320,13,2,modified_speed,2,modified_speed,0.996139645576477,all_windows,qualified_attack_window,13,5,0.38461538461538464,True,0.6082864999771118,0.9956687688827515,0.08432194590568542,0.996139645576477,0.02862066775560379,0.9956687688827515,0.08432194590568542,0.996139645576477,0.02862066775560379,
poison/poisceb/datapoiscebpar/poisspd_ceb_3f80bed0.csv,ok,329,13,2,modified_speed,2,modified_speed,0.9999998807907104,all_windows,qualified_attack_window,13,8,0.6153846153846154,True,0.3592458963394165,0.9932045936584473,0.08066882193088531,0.9999998807907104,0.03853956609964371,0.9932045936584473,0.08066882193088531,0.9999998807907104,0.03853956609964371,
poison/poisceb/datapoiscebpar/poisspd_ceb_3f80ee7e.csv,ok,365,15,2,modified_speed,2,modified_speed,1.0,all_windows,qualified_attack_window,15,7,0.4666666666666667,True,0.5233028531074524,0.9976643323898315,0.026329413056373596,1.0,0.016727425158023834,0.9976643323898315,0.026329413056373596,1.0,0.016727425158023834,
poison/poisceb/datapoiscebpar/poisspd_ceb_3f8149db.csv,ok,309,12,2,modified_speed,2,modified_speed,1.0,all_windows,qualified_attack_window,12,7,0.5833333333333334,True,0.4050821363925934,0.990414023399353,0.027541227638721466,1.0,0.009728114120662212,0.990414023399353,0.027541227638721466,1.0,0.009728114120662212,
poison/poisceb/datapoiscebpar/poisspd_ceb_3f82ea74.csv,ok,378,16,2,modified_speed,2,modified_speed,0.9933804273605347,all_windows,qualified_attack_window,16,8,0.5,True,0.5079931020736694,0.9942429661750793,0.028747713193297386,0.9933804273605347,0.0074637169018387794,0.9942429661750793,0.028747713193297386,0.9933804273605347,0.0074637169018387794,
