csv_path,status,rows,window_count,true_label,true_label_name,predicted_label,predicted_label_name,score,decision_scope,decision_reason,decision_window_count,attack_window_count,attack_window_fraction,correct_if_labeled,authentic_score_mean,authentic_score_max,modified_altitude_score_max,modified_speed_score_max,modified_position_score_max,all_authentic_score_max,all_modified_altitude_score_max,all_modified_speed_score_max,all_modified_position_score_max,error
poison/poisilo/datapoisiloseq/poisalt_ilo_3e32c266.csv,ok,343,14,1,modified_altitude,1,modified_altitude,0.9999678730964661,all_windows,qualified_attack_window,14,9,0.6428571428571429,True,0.3402950167655945,0.9834064245223999,0.9999678730964661,0.27582603693008423,0.10465387254953384,0.9834064245223999,0.9999678730964661,0.27582603693008423,0.10465387254953384,
poison/poisilo/datapoisiloseq/poisalt_ilo_3e346330.csv,ok,338,14,1,modified_altitude,1,modified_altitude,0.9999986886978149,all_windows,qualified_attack_window,14,9,0.6428571428571429,True,0.3441411554813385,0.9942235350608826,0.9999986886978149,0.26443547010421753,0.09548172354698181,0.9942235350608826,0.9999986886978149,0.26443547010421753,0.09548172354698181,
poison/poisilo/datapoisiloseq/poisalt_ilo_3e3663ba.csv,ok,340,14,1,modified_altitude,1,modified_altitude,0.9857257604598999,all_windows,qualified_attack_window,14,8,0.5714285714285714,True,0.3681690990924835,0.9292397499084473,0.9857257604598999,0.14310528337955475,0.12875816226005554,0.9292397499084473,0.9857257604598999,0.14310528337955475,0.12875816226005554,
poison/poisilo/datapoisiloseq/poisalt_ilo_3e3762a3.csv,ok,332,13,1,modified_altitude,1,modified_altitude,0.9999800324440002,all_windows,qualified_attack_window,13,6,0.46153846153846156,True,0.44097429513931274,0.9867212772369385,0.9999800324440002,0.09703130275011063,0.10798283666372299,0.9867212772369385,0.9999800324440002,0.09703130275011063,0.10798283666372299,
poison/poisilo/datapoisiloseq/poisalt_ilo_3e4140e1.csv,ok,308,12,1,modified_altitude,1,modified_altitude,0.9999988079071045,all_windows,qualified_attack_window,12,9,0.75,True,0.24350811541080475,0.9966776371002197,0.9999988079071045,0.01077550370246172,0.1578686535358429,0.9966776371002197,0.9999988079071045,0.01077550370246172,0.1578686535358429,
poison/poisilo/datapoisiloseq/poisalt_ilo_3e4200fd.csv,ok,330,13,1,modified_altitude,1,modified_altitude,1.0,all_windows,qualified_attack_window,13,7,0.5384615384615384,True,0.42155784368515015,0.9796010851860046,1.0,0.04628967121243477,0.0657200738787651,0.9796010851860046,1.0,0.04628967121243477,0.0657200738787651,
poison/poisilo/datapoisiloseq/poisalt_ilo_3e450fa5.csv,ok,308,12,1,modified_altitude,1,modified_altitude,0.9993705153465271,all_windows,qualified_attack_window,12,7,0.5833333333333334,True,0.4027945101261139,0.9943357110023499,0.9993705153465271,0.4164060056209564,0.035673681646585464,0.9943357110023499,0.9993705153465271,0.4164060056209564,0.035673681646585464,
poison/poisilo/datapoisiloseq/poisalt_ilo_3e48848d.csv,ok,323,13,1,modified_altitude,1,modified_altitude,0.9838566184043884,all_windows,qualified_attack_window,13,7,0.5384615384615384,True,0.431731641292572,0.9811371564865112,0.9838566184043884,0.019392777234315872,0.18509441614151,0.9811371564865112,0.9838566184043884,0.019392777234315872,0.18509441614151,
poison/poisilo/datapoisiloseq/poisalt_ilo_3e4ad54e.csv,ok,307,12,1,modified_altitude,1,modified_altitude,0.9999721646308899,all_windows,qualified_attack_window,12,7,0.5833333333333334,True,0.3173066973686218,0.973332941532135,0.9999721646308899,0.05982644110918045,0.28608790040016174,0.973332941532135,0.9999721646308899,0.05982644110918045,0.28608790040016174,
poison/poisilo/datapoisiloseq/poisalt_ilo_3e4c0eb7.csv,ok,381,16,1,modified_altitude,1,modified_altitude,0.999925971031189,all_windows,qualified_attack_window,16,8,0.5,True,0.46899038553237915,0.9879943132400513,0.999925971031189,0.06529172509908676,0.14760690927505493,0.9879943132400513,0.999925971031189,0.06529172509908676,0.14760690927505493,
poison/poisilo/datapoisiloseq/poisalt_ilo_3e4cc81e.csv,ok,407,18,1,modified_altitude,1,modified_altitude,0.9999943971633911,all_windows,qualified_attack_window,18,10,0.5555555555555556,True,0.4448580741882324,0.9876936078071594,0.9999943971633911,0.06597281992435455,0.5206088423728943,0.9876936078071594,0.9999943971633911,0.06597281992435455,0.5206088423728943,
poison/poisilo/datapoisiloseq/poisalt_ilo_3e507167.csv,ok,334,13,1,modified_altitude,1,modified_altitude,0.9999998807907104,all_windows,qualified_attack_window,13,9,0.6923076923076923,True,0.2869924008846283,0.9462703466415405,0.9999998807907104,0.012593740597367287,0.07276216894388199,0.9462703466415405,0.9999998807907104,0.012593740597367287,0.07276216894388199,
poison/poisilo/datapoisiloseq/poisalt_ilo_3e5b7f90.csv,ok,347,14,1,modified_altitude,1,modified_altitude,0.9999998807907104,all_windows,qualified_attack_window,14,7,0.5,True,0.49059849977493286,0.9937310814857483,0.9999998807907104,0.012260307557880878,0.014162822626531124,0.9937310814857483,0.9999998807907104,0.012260307557880878,0.014162822626531124,
poison/poisilo/datapoisiloseq/poisalt_ilo_3e5efc82.csv,ok,307,12,1,modified_altitude,1,modified_altitude,1.0,all_windows,qualified_attack_window,12,10,0.8333333333333334,True,0.1640133261680603,0.9939101338386536,1.0,0.05759640410542488,0.007424775045365095,0.9939101338386536,1.0,0.05759640410542488,0.007424775045365095,
poison/poisilo/datapoisiloseq/poisalt_ilo_3e5f44d1.csv,ok,327,13,1,modified_altitude,1,modified_altitude,0.9999245405197144,all_windows,qualified_attack_window,13,7,0.5384615384615384,True,0.44007477164268494,0.9897572994232178,0.9999245405197144,0.21275471150875092,0.0983477234840393,0.9897572994232178,0.9999245405197144,0.21275471150875092,0.0983477234840393,
poison/poisilo/datapoisiloseq/poisalt_ilo_3e60f81c.csv,ok,334,13,1,modified_altitude,1,modified_altitude,0.9987471699714661,all_windows,qualified_attack_window,13,9,0.6923076923076923,True,0.29797306656837463,0.9963261485099792,0.9987471699714661,0.01640605926513672,0.572173535823822,0.9963261485099792,0.9987471699714661,0.01640605926513672,0.572173535823822,
poison/poisilo/datapoisiloseq/poisalt_ilo_3e629e12.csv,ok,342,14,1,modified_altitude,1,modified_altitude,0.9999998807907104,all_windows,qualified_attack_window,14,8,0.5714285714285714,True,0.415802538394928,0.9842187762260437,0.9999998807907104,0.013890850357711315,0.03955729305744171,0.9842187762260437,0.9999998807907104,0.013890850357711315,0.03955729305744171,
poison/poisilo/datapoisiloseq/poisalt_ilo_3e686bbb.csv,ok,323,13,1,modified_altitude,1,modified_altitude,1.0,all_windows,qualified_attack_window,13,7,0.5384615384615384,True,0.4368365705013275,0.9905582666397095,1.0,0.028146885335445404,0.05645376816391945,0.9905582666397095,1.0,0.028146885335445404,0.05645376816391945,
poison/poisilo/datapoisiloseq/poisalt_ilo_3e73cc93.csv,ok,318,12,1,modified_altitude,1,modified_altitude,1.0,all_windows,qualified_attack_window,12,9,0.75,True,0.2188064306974411,0.949483335018158,1.0,0.014216545037925243,0.16088595986366272,0.949483335018158,1.0,0.014216545037925243,0.16088595986366272,
poison/poisilo/datapoisiloseq/poisalt_ilo_3e747711.csv,ok,351,14,1,modified_altitude,1,modified_altitude,1.0,all_windows,qualified_attack_window,14,6,0.42857142857142855,True,0.5158681869506836,0.9703970551490784,1.0,0.046115271747112274,0.2508699297904968,0.9703970551490784,1.0,0.046115271747112274,0.2508699297904968,
poison/poisilo/datapoisiloseq/poisalt_ilo_3e77a20c.csv,ok,365,15,1,modified_altitude,3,modified_position,0.9999794363975525,all_windows,qualified_attack_window,15,9,0.6,False,0.36485129594802856,0.9581300020217896,0.8328741192817688,0.02376665733754635,0.9999794363975525,0.9581300020217896,0.8328741192817688,0.02376665733754635,0.9999794363975525,
poison/poisilo/datapoisiloseq/poisalt_ilo_3e7bc372.csv,ok,318,12,1,modified_altitude,1,modified_altitude,1.0,all_windows,qualified_attack_window,12,7,0.5833333333333334,True,0.3833580017089844,0.9684783816337585,1.0,0.026148034259676933,0.06696578115224838,0.9684783816337585,1.0,0.026148034259676933,0.06696578115224838,
poison/poisilo/datapoisiloseq/poisalt_ilo_3e7c0f95.csv,ok,366,15,1,modified_altitude,1,modified_altitude,0.9999972581863403,all_windows,qualified_attack_window,15,12,0.8,True,0.1633567363023758,0.9947580695152283,0.9999972581863403,0.03902802616357803,0.7070298790931702,0.9947580695152283,0.9999972581863403,0.03902802616357803,0.7070298790931702,
poison/poisilo/datapoisiloseq/poisalt_ilo_3e7f017c.csv,ok,381,16,1,modified_altitude,1,modified_altitude,0.9999964237213135,all_windows,qualified_attack_window,16,8,0.5,True,0.46573638916015625,0.9835056662559509,0.9999964237213135,0.039615970104932785,0.7716587781906128,0.9835056662559509,0.9999964237213135,0.039615970104932785,0.7716587781906128,
poison/poisilo/datapoisiloseq/poisalt_ilo_3e85478c.csv,ok,322,13,1,modified_altitude,1,modified_altitude,0.9999986886978149,all_windows,qualified_attack_window,13,9,0.6923076923076923,True,0.2991468906402588,0.9966463446617126,0.9999986886978149,0.010569924488663673,0.0656764954328537,0.9966463446617126,0.9999986886978149,0.010569924488663673,0.0656764954328537,
poison/poisilo/datapoisiloseq/poisalt_ilo_3e88b247.csv,ok,313,12,1,modified_altitude,1,modified_altitude,0.6780927181243896,all_windows,qualified_attack_window,12,4,0.3333333333333333,True,0.5821644067764282,0.9379832148551941,0.6780927181243896,0.08797834068536758,0.4224484860897064,0.9379832148551941,0.6780927181243896,0.08797834068536758,0.4224484860897064,
poison/poisilo/datapoisiloseq/poisalt_ilo_3e9deb96.csv,ok,343,14,1,modified_altitude,1,modified_altitude,0.9999997615814209,all_windows,qualified_attack_window,14,9,0.6428571428571429,True,0.32123637199401855,0.9950698614120483,0.9999997615814209,0.06212553754448891,0.07694343477487564,0.9950698614120483,0.9999997615814209,0.06212553754448891,0.07694343477487564,
poison/poisilo/datapoisiloseq/poisalt_ilo_3e9ef454.csv,ok,366,15,1,modified_altitude,1,modified_altitude,0.9999957084655762,all_windows,qualified_attack_window,15,9,0.6,True,0.35507673025131226,0.9669303894042969,0.9999957084655762,0.05699537694454193,0.09508419781923294,0.9669303894042969,0.9999957084655762,0.05699537694454193,0.09508419781923294,
poison/poisilo/datapoisiloseq/poisalt_ilo_3e9f5b6c.csv,ok,290,11,1,modified_altitude,1,modified_altitude,0.9999998807907104,all_windows,qualified_attack_window,11,7,0.6363636363636364,True,0.2994459569454193,0.9806323647499084,0.9999998807907104,0.3018604815006256,0.0015498405555263162,0.9806323647499084,0.9999998807907104,0.3018604815006256,0.0015498405555263162,
poison/poisilo/datapoisiloseq/poisalt_ilo_3e9f8e83.csv,ok,302,11,1,modified_altitude,1,modified_altitude,0.9999998807907104,all_windows,qualified_attack_window,11,8,0.7272727272727273,True,0.25972622632980347,0.9963992834091187,0.9999998807907104,0.009998926892876625,0.07845325022935867,0.9963992834091187,0.9999998807907104,0.009998926892876625,0.07845325022935867,
poison/poisilo/datapoisiloseq/poisalt_ilo_3ea29bae.csv,ok,310,12,1,modified_altitude,1,modified_altitude,0.9999672770500183,all_windows,qualified_attack_window,12,8,0.6666666666666666,True,0.31794261932373047,0.9923996329307556,0.9999672770500183,0.029193054884672165,0.034486137330532074,0.9923996329307556,0.9999672770500183,0.029193054884672165,0.034486137330532074,
poison/poisilo/datapoisiloseq/poisalt_ilo_3ea2b6f7.csv,ok,356,15,1,modified_altitude,1,modified_altitude,0.9999992847442627,all_windows,qualified_attack_window,15,8,0.5333333333333333,True,0.4554699659347534,0.9915770292282104,0.9999992847442627,0.06037323549389839,0.025947952643036842,0.9915770292282104,0.9999992847442627,0.06037323549389839,0.025947952643036842,
poison/poisilo/datapoisiloseq/poisalt_ilo_3ea424f4.csv,ok,366,15,1,modified_altitude,1,modified_altitude,0.8719913959503174,all_windows,qualified_attack_window,15,7,0.4666666666666667,True,0.4784851372241974,0.9887829422950745,0.8719913959503174,0.04267050325870514,0.8236008882522583,0.9887829422950745,0.8719913959503174,0.04267050325870514,0.8236008882522583,
poison/poisilo/datapoisiloseq/poisalt_ilo_3ea5cc65.csv,ok,338,14,1,modified_altitude,1,modified_altitude,0.9972484111785889,all_windows,qualified_attack_window,14,6,0.42857142857142855,True,0.534535825252533,0.9741309285163879,0.9972484111785889,0.15442205965518951,0.06053243204951286,0.9741309285163879,0.9972484111785889,0.15442205965518951,0.06053243204951286,
poison/poisilo/datapoisiloseq/poisalt_ilo_3ea772d5.csv,ok,303,11,1,modified_altitude,1,modified_altitude,0.9999992847442627,all_windows,qualified_attack_window,11,6,0.5454545454545454,True,0.42750710248947144,0.9891183376312256,0.9999992847442627,0.023901214823126793,0.05030365660786629,0.9891183376312256,0.9999992847442627,0.023901214823126793,0.05030365660786629,
poison/poisilo/datapoisiloseq/poisalt_ilo_3ea8a997.csv,ok,339,14,1,modified_altitude,1,modified_altitude,1.0,all_windows,qualified_attack_window,14,7,0.5,True,0.4895831048488617,0.9962198138237,1.0,0.004567191936075687,0.040324654430150986,0.9962198138237,1.0,0.004567191936075687,0.040324654430150986,
poison/poisilo/datapoisiloseq/poisalt_ilo_3eacb8d0.csv,ok,314,12,1,modified_altitude,1,modified_altitude,1.0,all_windows,qualified_attack_window,12,9,0.75,True,0.22662143409252167,0.9975354671478271,1.0,0.00414066668599844,0.22651539742946625,0.9975354671478271,1.0,0.00414066668599844,0.22651539742946625,
poison/poisilo/datapoisiloseq/poisalt_ilo_3ead61ed.csv,ok,338,14,1,modified_altitude,1,modified_altitude,1.0,all_windows,qualified_attack_window,14,8,0.5714285714285714,True,0.4139762222766876,0.9856223464012146,1.0,0.008145155385136604,0.03526683524250984,0.9856223464012146,1.0,0.008145155385136604,0.03526683524250984,
poison/poisilo/datapoisiloseq/poisalt_ilo_3eb4f8a8.csv,ok,282,10,1,modified_altitude,1,modified_altitude,0.9999998807907104,all_windows,qualified_attack_window,10,7,0.7,True,0.2862113118171692,0.995123565196991,0.9999998807907104,0.04434451088309288,0.01432950422167778,0.995123565196991,0.9999998807907104,0.04434451088309288,0.01432950422167778,
poison/poisilo/datapoisiloseq/poisalt_ilo_3eb52861.csv,ok,336,14,1,modified_altitude,1,modified_altitude,1.0,all_windows,qualified_attack_window,14,9,0.6428571428571429,True,0.34894657135009766,0.9999901056289673,1.0,0.146670863032341,0.01592165045440197,0.9999901056289673,1.0,0.146670863032341,0.01592165045440197,
poison/poisilo/datapoisiloseq/poisalt_ilo_3ebc3223.csv,ok,413,18,1,modified_altitude,3,modified_position,0.7933120727539062,all_windows,qualified_attack_window,18,4,0.2222222222222222,False,0.7237870693206787,0.9822266697883606,0.09566329419612885,0.023855669423937798,0.7933120727539062,0.9822266697883606,0.09566329419612885,0.023855669423937798,0.7933120727539062,
poison/poisilo/datapoisiloseq/poisalt_ilo_3ebfe5b2.csv,ok,323,13,1,modified_altitude,1,modified_altitude,1.0,all_windows,qualified_attack_window,13,7,0.5384615384615384,True,0.41475823521614075,0.9770200848579407,1.0,0.027621706947684288,0.192060187458992,0.9770200848579407,1.0,0.027621706947684288,0.192060187458992,
poison/poisilo/datapoisiloseq/poisalt_ilo_3ec1e2cc.csv,ok,308,12,1,modified_altitude,1,modified_altitude,0.9998448491096497,all_windows,qualified_attack_window,12,9,0.75,True,0.2485017031431198,0.9978032112121582,0.9998448491096497,0.001635095220990479,0.213250994682312,0.9978032112121582,0.9998448491096497,0.001635095220990479,0.213250994682312,
poison/poisilo/datapoisiloseq/poisalt_ilo_3ec39cbb.csv,ok,305,12,1,modified_altitude,1,modified_altitude,0.9992348551750183,all_windows,qualified_attack_window,12,8,0.6666666666666666,True,0.3217087686061859,0.996701717376709,0.9992348551750183,0.17673827707767487,0.0516815111041069,0.996701717376709,0.9992348551750183,0.17673827707767487,0.0516815111041069,
poison/poisilo/datapoisiloseq/poisalt_ilo_3ec512c5.csv,ok,334,13,1,modified_altitude,1,modified_altitude,1.0,all_windows,qualified_attack_window,13,9,0.6923076923076923,True,0.29869183897972107,0.9766230583190918,1.0,0.008869391866028309,0.022337306290864944,0.9766230583190918,1.0,0.008869391866028309,0.022337306290864944,
poison/poisilo/datapoisiloseq/poisalt_ilo_3ed210c2.csv,ok,326,13,1,modified_altitude,1,modified_altitude,0.7342044115066528,all_windows,qualified_attack_window,13,5,0.38461538461538464,True,0.5288076400756836,0.9256932139396667,0.7342044115066528,0.49807971715927124,0.07815058529376984,0.9256932139396667,0.7342044115066528,0.49807971715927124,0.07815058529376984,
poison/poisilo/datapoisiloseq/poisalt_ilo_3ed40e2a.csv,ok,402,18,1,modified_altitude,1,modified_altitude,0.9999718070030212,all_windows,qualified_attack_window,18,9,0.5,True,0.4693330228328705,0.9996570944786072,0.9999718070030212,0.04306114837527275,0.09260758757591248,0.9996570944786072,0.9999718070030212,0.04306114837527275,0.09260758757591248,
poison/poisilo/datapoisiloseq/poisalt_ilo_3edef2e4.csv,ok,332,13,1,modified_altitude,1,modified_altitude,0.9991424083709717,all_windows,qualified_attack_window,13,8,0.6153846153846154,True,0.36650368571281433,0.9837430119514465,0.9991424083709717,0.5529680848121643,0.04796146601438522,0.9837430119514465,0.9991424083709717,0.5529680848121643,0.04796146601438522,
poison/poisilo/datapoisiloseq/poisalt_ilo_3ee1539b.csv,ok,337,14,1,modified_altitude,1,modified_altitude,1.0,all_windows,qualified_attack_window,14,10,0.7142857142857143,True,0.2522234320640564,0.9788039326667786,1.0,0.03821863979101181,0.23886217176914215,0.9788039326667786,1.0,0.03821863979101181,0.23886217176914215,
poison/poisilo/datapoisiloseq/poisalt_ilo_3eeef889.csv,ok,346,14,1,modified_altitude,1,modified_altitude,1.0,all_windows,qualified_attack_window,14,9,0.6428571428571429,True,0.3429977595806122,0.9923039078712463,1.0,0.012112202122807503,0.12378761172294617,0.9923039078712463,1.0,0.012112202122807503,0.12378761172294617,
poison/poisilo/datapoisiloseq/poisalt_ilo_3ef2b440.csv,ok,382,16,1,modified_altitude,1,modified_altitude,0.9996368885040283,all_windows,qualified_attack_window,16,8,0.5,True,0.5049753189086914,0.995911180973053,0.9996368885040283,0.018711555749177933,0.348613977432251,0.995911180973053,0.9996368885040283,0.018711555749177933,0.348613977432251,
poison/poisilo/datapoisiloseq/poisalt_ilo_3ef31fcf.csv,ok,341,14,1,modified_altitude,0,authentic,0.9946908354759216,all_windows,no_qualified_attack_window,14,0,0.0,False,0.8144089579582214,0.9946908354759216,0.25893232226371765,0.14766845107078552,0.3637698292732239,0.9946908354759216,0.25893232226371765,0.14766845107078552,0.3637698292732239,
poison/poisilo/datapoisiloseq/poisalt_ilo_3ef4200d.csv,ok,363,15,1,modified_altitude,1,modified_altitude,1.0,all_windows,qualified_attack_window,15,8,0.5333333333333333,True,0.43191638588905334,0.9840304255485535,1.0,0.03496294841170311,0.057567305862903595,0.9840304255485535,1.0,0.03496294841170311,0.057567305862903595,
poison/poisilo/datapoisiloseq/poisalt_ilo_3ef45cba.csv,ok,333,13,1,modified_altitude,1,modified_altitude,1.0,all_windows,qualified_attack_window,13,8,0.6153846153846154,True,0.37511903047561646,0.9939662218093872,1.0,0.006295208819210529,0.04236137494444847,0.9939662218093872,1.0,0.006295208819210529,0.04236137494444847,
poison/poisilo/datapoisiloseq/poisalt_ilo_3ef7b77e.csv,ok,316,12,1,modified_altitude,1,modified_altitude,0.9999998807907104,all_windows,qualified_attack_window,12,7,0.5833333333333334,True,0.401385635137558,0.9866098165512085,0.9999998807907104,0.020445045083761215,0.014597201719880104,0.9866098165512085,0.9999998807907104,0.020445045083761215,0.014597201719880104,
poison/poisilo/datapoisiloseq/poisalt_ilo_3ef7ed9b.csv,ok,337,14,1,modified_altitude,0,authentic,0.9871160387992859,all_windows,no_qualified_attack_window,14,0,0.0,False,0.8109474182128906,0.9871160387992859,0.19807122647762299,0.05173663794994354,0.38652151823043823,0.9871160387992859,0.19807122647762299,0.05173663794994354,0.38652151823043823,
poison/poisilo/datapoisiloseq/poisalt_ilo_3ef80292.csv,ok,313,12,1,modified_altitude,1,modified_altitude,1.0,all_windows,qualified_attack_window,12,9,0.75,True,0.22638016939163208,0.9884067177772522,1.0,0.02550382912158966,0.16843898594379425,0.9884067177772522,1.0,0.02550382912158966,0.16843898594379425,
poison/poisilo/datapoisiloseq/poisalt_ilo_3ef94c0c.csv,ok,306,12,1,modified_altitude,1,modified_altitude,1.0,all_windows,qualified_attack_window,12,12,1.0,True,0.03467647358775139,0.35012108087539673,1.0,0.09133321791887283,0.2034589797258377,0.35012108087539673,1.0,0.09133321791887283,0.2034589797258377,
poison/poisilo/datapoisiloseq/poisalt_ilo_3efa8105.csv,ok,310,12,1,modified_altitude,1,modified_altitude,1.0,all_windows,qualified_attack_window,12,9,0.75,True,0.22123615443706512,0.9933369755744934,1.0,0.2357855588197708,0.3046706020832062,0.9933369755744934,1.0,0.2357855588197708,0.3046706020832062,
poison/poisilo/datapoisiloseq/poisalt_ilo_3efe4237.csv,ok,372,16,1,modified_altitude,1,modified_altitude,0.9967777729034424,all_windows,qualified_attack_window,16,9,0.5625,True,0.3745657205581665,0.9460515379905701,0.9967777729034424,0.06712938845157623,0.3415985107421875,0.9460515379905701,0.9967777729034424,0.06712938845157623,0.3415985107421875,
poison/poisilo/datapoisiloseq/poisalt_ilo_3eff6a76.csv,ok,445,20,1,modified_altitude,1,modified_altitude,0.9999998807907104,all_windows,qualified_attack_window,20,16,0.8,True,0.23688502609729767,0.9943990707397461,0.9999998807907104,0.07409361004829407,0.97344970703125,0.9943990707397461,0.9999998807907104,0.07409361004829407,0.97344970703125,
poison/poisilo/datapoisiloseq/poisalt_ilo_3eff8258.csv,ok,357,15,1,modified_altitude,1,modified_altitude,1.0,all_windows,qualified_attack_window,15,9,0.6,True,0.36216771602630615,0.998065173625946,1.0,0.2738218307495117,0.027331281453371048,0.998065173625946,1.0,0.2738218307495117,0.027331281453371048,
poison/poisilo/datapoisiloseq/poisalt_ilo_3effdea4.csv,ok,332,13,1,modified_altitude,1,modified_altitude,1.0,all_windows,qualified_attack_window,13,7,0.5384615384615384,True,0.42249980568885803,0.9660021662712097,1.0,0.18611028790473938,0.06597291678190231,0.9660021662712097,1.0,0.18611028790473938,0.06597291678190231,
poison/poisilo/datapoisiloseq/poisalt_ilo_3f013067.csv,ok,319,12,1,modified_altitude,1,modified_altitude,1.0,all_windows,qualified_attack_window,12,6,0.5,True,0.44856783747673035,0.9736425280570984,1.0,0.028226032853126526,0.08528381586074829,0.9736425280570984,1.0,0.028226032853126526,0.08528381586074829,
poison/poisilo/datapoisiloseq/poisalt_ilo_3f029b8f.csv,ok,334,13,1,modified_altitude,1,modified_altitude,1.0,all_windows,qualified_attack_window,13,8,0.6153846153846154,True,0.35082632303237915,0.9653199315071106,1.0,0.03092794492840767,0.04863854870200157,0.9653199315071106,1.0,0.03092794492840767,0.04863854870200157,
poison/poisilo/datapoisiloseq/poisalt_ilo_3f02a387.csv,ok,332,13,1,modified_altitude,1,modified_altitude,0.9997339844703674,all_windows,qualified_attack_window,13,9,0.6923076923076923,True,0.303891122341156,0.9861921668052673,0.9997339844703674,0.1395203024148941,0.2124137431383133,0.9861921668052673,0.9997339844703674,0.1395203024148941,0.2124137431383133,
poison/poisilo/datapoisiloseq/poisalt_ilo_3f05d310.csv,ok,330,13,1,modified_altitude,1,modified_altitude,0.9999991655349731,all_windows,qualified_attack_window,13,9,0.6923076923076923,True,0.2955821752548218,0.987858235836029,0.9999991655349731,0.0192659180611372,0.035076551139354706,0.987858235836029,0.9999991655349731,0.0192659180611372,0.035076551139354706,
poison/poisilo/datapoisiloseq/poisalt_ilo_3f0691d7.csv,ok,307,12,1,modified_altitude,1,modified_altitude,1.0,all_windows,qualified_attack_window,12,7,0.5833333333333334,True,0.4031663239002228,0.9949373602867126,1.0,0.012752830050885677,0.042494695633649826,0.9949373602867126,1.0,0.012752830050885677,0.042494695633649826,
poison/poisilo/datapoisiloseq/poisalt_ilo_3f06c8a1.csv,ok,280,10,1,modified_altitude,1,modified_altitude,1.0,all_windows,qualified_attack_window,10,9,0.9,True,0.08996855467557907,0.8985562324523926,1.0,0.03892054036259651,0.31582197546958923,0.8985562324523926,1.0,0.03892054036259651,0.31582197546958923,
poison/poisilo/datapoisiloseq/poisalt_ilo_3f090bf5.csv,ok,319,12,1,modified_altitude,1,modified_altitude,1.0,all_windows,qualified_attack_window,12,9,0.75,True,0.2321891337633133,0.9971352815628052,1.0,0.018650244921445847,0.0700884535908699,0.9971352815628052,1.0,0.018650244921445847,0.0700884535908699,
poison/poisilo/datapoisiloseq/poisalt_ilo_3f09574d.csv,ok,340,14,1,modified_altitude,1,modified_altitude,0.9294824004173279,all_windows,qualified_attack_window,14,7,0.5,True,0.45330458879470825,0.938904881477356,0.9294824004173279,0.02317446656525135,0.7335448265075684,0.938904881477356,0.9294824004173279,0.02317446656525135,0.7335448265075684,
poison/poisilo/datapoisiloseq/poisalt_ilo_3f1156c5.csv,ok,338,14,1,modified_altitude,1,modified_altitude,1.0,all_windows,qualified_attack_window,14,9,0.6428571428571429,True,0.3458487093448639,0.984125018119812,1.0,0.010688718408346176,0.026694754138588905,0.984125018119812,1.0,0.010688718408346176,0.026694754138588905,
poison/poisilo/datapoisiloseq/poisalt_ilo_3f11c6ae.csv,ok,309,12,1,modified_altitude,1,modified_altitude,0.9515941143035889,all_windows,qualified_attack_window,12,7,0.5833333333333334,True,0.36851251125335693,0.9533019065856934,0.9515941143035889,0.06968048959970474,0.5995571613311768,0.9533019065856934,0.9515941143035889,0.06968048959970474,0.5995571613311768,
poison/poisilo/datapoisiloseq/poisalt_ilo_3f124d10.csv,ok,354,15,1,modified_altitude,1,modified_altitude,1.0,all_windows,qualified_attack_window,15,8,0.5333333333333333,True,0.43397700786590576,0.9659551382064819,1.0,0.02896435745060444,0.03943132609128952,0.9659551382064819,1.0,0.02896435745060444,0.03943132609128952,
poison/poisilo/datapoisiloseq/poisalt_ilo_3f15649c.csv,ok,350,14,1,modified_altitude,1,modified_altitude,1.0,all_windows,qualified_attack_window,14,9,0.6428571428571429,True,0.3140556514263153,0.9351625442504883,1.0,0.0533582977950573,0.6751163601875305,0.9351625442504883,1.0,0.0533582977950573,0.6751163601875305,
poison/poisilo/datapoisiloseq/poisalt_ilo_3f15ddc6.csv,ok,357,15,1,modified_altitude,1,modified_altitude,1.0,all_windows,qualified_attack_window,15,8,0.5333333333333333,True,0.416462779045105,0.9725863933563232,1.0,0.02192867174744606,0.30501607060432434,0.9725863933563232,1.0,0.02192867174744606,0.30501607060432434,
poison/poisilo/datapoisiloseq/poisalt_ilo_3f1930f9.csv,ok,352,15,1,modified_altitude,1,modified_altitude,1.0,all_windows,qualified_attack_window,15,8,0.5333333333333333,True,0.4010736048221588,0.9338147044181824,1.0,0.4280354678630829,0.04238756000995636,0.9338147044181824,1.0,0.4280354678630829,0.04238756000995636,
poison/poisilo/datapoisiloseq/poisalt_ilo_3f194a7b.csv,ok,346,14,1,modified_altitude,1,modified_altitude,0.9978958368301392,all_windows,qualified_attack_window,14,8,0.5714285714285714,True,0.41513848304748535,0.9938579201698303,0.9978958368301392,0.03823256865143776,0.05308334156870842,0.9938579201698303,0.9978958368301392,0.03823256865143776,0.05308334156870842,
poison/poisilo/datapoisiloseq/poisalt_ilo_3f1a0a9c.csv,ok,353,15,1,modified_altitude,1,modified_altitude,1.0,all_windows,qualified_attack_window,15,10,0.6666666666666666,True,0.30586734414100647,0.9834876656532288,1.0,0.12432468682527542,0.20283201336860657,0.9834876656532288,1.0,0.12432468682527542,0.20283201336860657,
poison/poisilo/datapoisiloseq/poisalt_ilo_3f1a9bea.csv,ok,343,14,1,modified_altitude,1,modified_altitude,1.0,all_windows,qualified_attack_window,14,8,0.5714285714285714,True,0.41118040680885315,0.982423722743988,1.0,0.021897809579968452,0.036381497979164124,0.982423722743988,1.0,0.021897809579968452,0.036381497979164124,
poison/poisilo/datapoisiloseq/poisalt_ilo_3f1c610e.csv,ok,422,19,1,modified_altitude,1,modified_altitude,0.9997709393501282,all_windows,qualified_attack_window,19,8,0.42105263157894735,True,0.5482783317565918,0.9972712397575378,0.9997709393501282,0.17248661816120148,0.04916289076209068,0.9972712397575378,0.9997709393501282,0.17248661816120148,0.04916289076209068,
poison/poisilo/datapoisiloseq/poisalt_ilo_3f1cb509.csv,ok,305,12,1,modified_altitude,1,modified_altitude,1.0,all_windows,qualified_attack_window,12,9,0.75,True,0.24028845131397247,0.9806747436523438,1.0,0.013331817463040352,0.017823299393057823,0.9806747436523438,1.0,0.013331817463040352,0.017823299393057823,
poison/poisilo/datapoisiloseq/poisalt_ilo_3f1e35bd.csv,ok,324,13,1,modified_altitude,1,modified_altitude,0.9966192245483398,all_windows,qualified_attack_window,13,8,0.6153846153846154,True,0.3672914206981659,0.9872138500213623,0.9966192245483398,0.037209946662187576,0.0824718326330185,0.9872138500213623,0.9966192245483398,0.037209946662187576,0.0824718326330185,
poison/poisilo/datapoisiloseq/poisalt_ilo_3f21d14b.csv,ok,332,13,1,modified_altitude,1,modified_altitude,0.9912700057029724,all_windows,qualified_attack_window,13,8,0.6153846153846154,True,0.3730270564556122,0.9953332543373108,0.9912700057029724,0.008894289843738079,0.6858732104301453,0.9953332543373108,0.9912700057029724,0.008894289843738079,0.6858732104301453,
poison/poisilo/datapoisiloseq/poisalt_ilo_3f227fa6.csv,ok,332,13,1,modified_altitude,1,modified_altitude,0.613671600818634,all_windows,qualified_attack_window,13,6,0.46153846153846156,True,0.5478454828262329,0.9396898746490479,0.613671600818634,0.1176229789853096,0.2669270634651184,0.9396898746490479,0.613671600818634,0.1176229789853096,0.2669270634651184,
poison/poisilo/datapoisiloseq/poisalt_ilo_3f230e20.csv,ok,339,14,1,modified_altitude,1,modified_altitude,1.0,all_windows,qualified_attack_window,14,8,0.5714285714285714,True,0.35205793380737305,0.975489616394043,1.0,0.06833859533071518,0.11147449165582657,0.975489616394043,1.0,0.06833859533071518,0.11147449165582657,
poison/poisilo/datapoisiloseq/poisalt_ilo_3f26a43d.csv,ok,384,17,1,modified_altitude,1,modified_altitude,0.4663847088813782,all_windows,qualified_attack_window,17,1,0.058823529411764705,True,0.8115594983100891,0.9764680862426758,0.4663847088813782,0.09518840163946152,0.11575287580490112,0.9764680862426758,0.4663847088813782,0.09518840163946152,0.11575287580490112,
poison/poisilo/datapoisiloseq/poisalt_ilo_3f277733.csv,ok,313,12,1,modified_altitude,1,modified_altitude,1.0,all_windows,qualified_attack_window,12,7,0.5833333333333334,True,0.3684280812740326,0.9910001158714294,1.0,0.03481077775359154,0.21532461047172546,0.9910001158714294,1.0,0.03481077775359154,0.21532461047172546,
poison/poisilo/datapoisiloseq/poisalt_ilo_3f2d6dfb.csv,ok,307,12,1,modified_altitude,1,modified_altitude,0.9999891519546509,all_windows,qualified_attack_window,12,8,0.6666666666666666,True,0.3100723326206207,0.9514526128768921,0.9999891519546509,0.06734831631183624,0.06465502083301544,0.9514526128768921,0.9999891519546509,0.06734831631183624,0.06465502083301544,
poison/poisilo/datapoisiloseq/poisalt_ilo_3f2e975f.csv,ok,307,12,1,modified_altitude,1,modified_altitude,0.9998766183853149,all_windows,qualified_attack_window,12,5,0.4166666666666667,True,0.4510798752307892,0.9731372594833374,0.9998766183853149,0.1414850503206253,0.0711345374584198,0.9731372594833374,0.9998766183853149,0.1414850503206253,0.0711345374584198,
poison/poisilo/datapoisiloseq/poisalt_ilo_3f2ee899.csv,ok,294,11,1,modified_altitude,1,modified_altitude,0.9999990463256836,all_windows,qualified_attack_window,11,8,0.7272727272727273,True,0.24427856504917145,0.9892001152038574,0.9999990463256836,0.048220276832580566,0.1488530933856964,0.9892001152038574,0.9999990463256836,0.048220276832580566,0.1488530933856964,
poison/poisilo/datapoisiloseq/poisalt_ilo_3f324087.csv,ok,330,13,1,modified_altitude,1,modified_altitude,0.9999997615814209,all_windows,qualified_attack_window,13,9,0.6923076923076923,True,0.2906126081943512,0.9910472631454468,0.9999997615814209,0.03211580216884613,0.052454039454460144,0.9910472631454468,0.9999997615814209,0.03211580216884613,0.052454039454460144,
poison/poisilo/datapoisiloseq/poisalt_ilo_3f32b736.csv,ok,307,12,1,modified_altitude,1,modified_altitude,1.0,all_windows,qualified_attack_window,12,8,0.6666666666666666,True,0.32806697487831116,0.9925419688224792,1.0,0.006312238518148661,0.007483066059648991,0.9925419688224792,1.0,0.006312238518148661,0.007483066059648991,
poison/poisilo/datapoisiloseq/poisalt_ilo_3f360e8a.csv,ok,351,14,1,modified_altitude,1,modified_altitude,1.0,all_windows,qualified_attack_window,14,7,0.5,True,0.46282118558883667,0.9922594428062439,1.0,0.02811986766755581,0.12306191772222519,0.9922594428062439,1.0,0.02811986766755581,0.12306191772222519,
poison/poisilo/datapoisiloseq/poisalt_ilo_3f369bbc.csv,ok,428,19,1,modified_altitude,1,modified_altitude,0.9999985694885254,all_windows,qualified_attack_window,19,8,0.42105263157894735,True,0.5630408525466919,0.9947729110717773,0.9999985694885254,0.020438440144062042,0.1089702919125557,0.9947729110717773,0.9999985694885254,0.020438440144062042,0.1089702919125557,
poison/poisilo/datapoisiloseq/poisalt_ilo_3f377a2b.csv,ok,336,14,1,modified_altitude,1,modified_altitude,0.9605228900909424,all_windows,qualified_attack_window,14,9,0.6428571428571429,True,0.33447834849357605,0.9527872204780579,0.9605228900909424,0.04271836578845978,0.8912056088447571,0.9527872204780579,0.9605228900909424,0.04271836578845978,0.8912056088447571,
poison/poisilo/datapoisiloseq/poisalt_ilo_3f39e627.csv,ok,298,11,1,modified_altitude,1,modified_altitude,1.0,all_windows,qualified_attack_window,11,8,0.7272727272727273,True,0.2631150484085083,0.9974750876426697,1.0,0.010755730792880058,0.05754908174276352,0.9974750876426697,1.0,0.010755730792880058,0.05754908174276352,
poison/poisilo/datapoisiloseq/poisalt_ilo_3f3b2128.csv,ok,323,13,1,modified_altitude,1,modified_altitude,1.0,all_windows,qualified_attack_window,13,8,0.6153846153846154,True,0.3608868718147278,0.9920526742935181,1.0,0.027112331241369247,0.12895728647708893,0.9920526742935181,1.0,0.027112331241369247,0.12895728647708893,
poison/poisilo/datapoisiloseq/poisalt_ilo_3f3cf514.csv,ok,426,19,1,modified_altitude,3,modified_position,0.9078735113143921,all_windows,qualified_attack_window,19,4,0.21052631578947367,False,0.7147344946861267,0.9985319375991821,0.5936691164970398,0.3036843538284302,0.9078735113143921,0.9985319375991821,0.5936691164970398,0.3036843538284302,0.9078735113143921,
poison/poisilo/datapoisiloseq/poisalt_ilo_3f41e50a.csv,ok,382,16,1,modified_altitude,1,modified_altitude,1.0,all_windows,qualified_attack_window,16,9,0.5625,True,0.41891637444496155,0.993691086769104,1.0,0.020525885745882988,0.04137011617422104,0.993691086769104,1.0,0.020525885745882988,0.04137011617422104,
poison/poisilo/datapoisiloseq/poisalt_ilo_3f431366.csv,ok,305,12,1,modified_altitude,1,modified_altitude,0.9998899698257446,all_windows,qualified_attack_window,12,8,0.6666666666666666,True,0.3178454339504242,0.984032392501831,0.9998899698257446,0.06421280652284622,0.05082648620009422,0.984032392501831,0.9998899698257446,0.06421280652284622,0.05082648620009422,
poison/poisilo/datapoisiloseq/poisalt_ilo_3f4743c2.csv,ok,363,15,1,modified_altitude,1,modified_altitude,0.9999995231628418,all_windows,qualified_attack_window,15,8,0.5333333333333333,True,0.43491411209106445,0.9886047840118408,0.9999995231628418,0.03140312433242798,0.07734330743551254,0.9886047840118408,0.9999995231628418,0.03140312433242798,0.07734330743551254,
poison/poisilo/datapoisiloseq/poisalt_ilo_3f47bbd5.csv,ok,324,13,1,modified_altitude,1,modified_altitude,0.9999997615814209,all_windows,qualified_attack_window,13,8,0.6153846153846154,True,0.3775187134742737,0.9843654036521912,0.9999997615814209,0.025125112384557724,0.3619554042816162,0.9843654036521912,0.9999997615814209,0.025125112384557724,0.3619554042816162,
poison/poisilo/datapoisiloseq/poisalt_ilo_3f4f6924.csv,ok,371,16,1,modified_altitude,1,modified_altitude,0.9999992847442627,all_windows,qualified_attack_window,16,10,0.625,True,0.37082013487815857,0.9959253072738647,0.9999992847442627,0.41482239961624146,0.02019387111067772,0.9959253072738647,0.9999992847442627,0.41482239961624146,0.02019387111067772,
poison/poisilo/datapoisiloseq/poisalt_ilo_3f52727a.csv,ok,356,15,1,modified_altitude,1,modified_altitude,0.9999995231628418,all_windows,qualified_attack_window,15,9,0.6,True,0.3676356375217438,0.9748967885971069,0.9999995231628418,0.03129025921225548,0.11503801494836807,0.9748967885971069,0.9999995231628418,0.03129025921225548,0.11503801494836807,
poison/poisilo/datapoisiloseq/poisalt_ilo_3f538b28.csv,ok,347,14,1,modified_altitude,1,modified_altitude,1.0,all_windows,qualified_attack_window,14,8,0.5714285714285714,True,0.41436269879341125,0.9947807192802429,1.0,0.010973784141242504,0.043961577117443085,0.9947807192802429,1.0,0.010973784141242504,0.043961577117443085,
poison/poisilo/datapoisiloseq/poisalt_ilo_3f53add6.csv,ok,349,14,1,modified_altitude,1,modified_altitude,1.0,all_windows,qualified_attack_window,14,10,0.7142857142857143,True,0.2854946553707123,0.9742664098739624,1.0,0.04260193556547165,0.19109968841075897,0.9742664098739624,1.0,0.04260193556547165,0.19109968841075897,
poison/poisilo/datapoisiloseq/poisalt_ilo_3f5b62a2.csv,ok,351,14,1,modified_altitude,1,modified_altitude,1.0,all_windows,qualified_attack_window,14,9,0.6428571428571429,True,0.3415088653564453,0.9790402054786682,1.0,0.015319722704589367,0.08176875114440918,0.9790402054786682,1.0,0.015319722704589367,0.08176875114440918,
poison/poisilo/datapoisiloseq/poisalt_ilo_3f5efff7.csv,ok,395,17,1,modified_altitude,1,modified_altitude,1.0,all_windows,qualified_attack_window,17,9,0.5294117647058824,True,0.46039414405822754,0.9932721257209778,1.0,0.003817082615569234,0.03253880515694618,0.9932721257209778,1.0,0.003817082615569234,0.03253880515694618,
poison/poisilo/datapoisiloseq/poisalt_ilo_3f5fa089.csv,ok,368,16,1,modified_altitude,1,modified_altitude,0.9999982118606567,all_windows,qualified_attack_window,16,7,0.4375,True,0.5085023641586304,0.9889652729034424,0.9999982118606567,0.031743019819259644,0.07572545111179352,0.9889652729034424,0.9999982118606567,0.031743019819259644,0.07572545111179352,
poison/poisilo/datapoisiloseq/poisalt_ilo_3f60500a.csv,ok,355,15,1,modified_altitude,0,authentic,0.9887681603431702,all_windows,no_qualified_attack_window,15,0,0.0,False,0.7996395230293274,0.9887681603431702,0.29327651858329773,0.23160310089588165,0.21105416119098663,0.9887681603431702,0.29327651858329773,0.23160310089588165,0.21105416119098663,
poison/poisilo/datapoisiloseq/poisalt_ilo_3f6347b9.csv,ok,377,16,1,modified_altitude,1,modified_altitude,0.9999990463256836,all_windows,qualified_attack_window,16,8,0.5,True,0.46609967947006226,0.9966049790382385,0.9999990463256836,0.016952788457274437,0.058515600860118866,0.9966049790382385,0.9999990463256836,0.016952788457274437,0.058515600860118866,
poison/poisilo/datapoisiloseq/poisalt_ilo_3f64055f.csv,ok,352,15,1,modified_altitude,1,modified_altitude,1.0,all_windows,qualified_attack_window,15,8,0.5333333333333333,True,0.4543181359767914,0.9999866485595703,1.0,0.010311437770724297,0.05054844543337822,0.9999866485595703,1.0,0.010311437770724297,0.05054844543337822,
poison/poisilo/datapoisiloseq/poisalt_ilo_3f6b55f0.csv,ok,349,14,1,modified_altitude,1,modified_altitude,0.9996704459190369,all_windows,qualified_attack_window,14,8,0.5714285714285714,True,0.39427751302719116,0.983781099319458,0.9996704459190369,0.019032558426260948,0.14632773399353027,0.983781099319458,0.9996704459190369,0.019032558426260948,0.14632773399353027,
poison/poisilo/datapoisiloseq/poisalt_ilo_3f744607.csv,ok,330,13,1,modified_altitude,1,modified_altitude,0.9999992847442627,all_windows,qualified_attack_window,13,8,0.6153846153846154,True,0.3562390208244324,0.9804415702819824,0.9999992847442627,0.11844493448734283,0.0651259645819664,0.9804415702819824,0.9999992847442627,0.11844493448734283,0.0651259645819664,
poison/poisilo/datapoisiloseq/poisalt_ilo_3f77d253.csv,ok,365,15,1,modified_altitude,0,authentic,0.990113377571106,all_windows,no_qualified_attack_window,15,0,0.0,False,0.878513514995575,0.990113377571106,0.12976598739624023,0.05791989713907242,0.2428075522184372,0.990113377571106,0.12976598739624023,0.05791989713907242,0.2428075522184372,
poison/poisilo/datapoisiloseq/poisalt_ilo_3f77fe9e.csv,ok,307,12,1,modified_altitude,1,modified_altitude,1.0,all_windows,qualified_attack_window,12,8,0.6666666666666666,True,0.3259606957435608,0.9861078262329102,1.0,0.007697117514908314,0.012306660413742065,0.9861078262329102,1.0,0.007697117514908314,0.012306660413742065,
poison/poisilo/datapoisiloseq/poisalt_ilo_3f781529.csv,ok,372,16,1,modified_altitude,1,modified_altitude,0.9999995231628418,all_windows,qualified_attack_window,16,9,0.5625,True,0.4177045524120331,0.9812654852867126,0.9999995231628418,0.024775417521595955,0.054363809525966644,0.9812654852867126,0.9999995231628418,0.024775417521595955,0.054363809525966644,
poison/poisilo/datapoisiloseq/poisalt_ilo_3f7b76c0.csv,ok,322,13,1,modified_altitude,1,modified_altitude,1.0,all_windows,qualified_attack_window,13,8,0.6153846153846154,True,0.3558896481990814,0.9891920685768127,1.0,0.10849590599536896,0.031615905463695526,0.9891920685768127,1.0,0.10849590599536896,0.031615905463695526,
poison/poisilo/datapoisiloseq/poisalt_ilo_3f7c03bc.csv,ok,300,11,1,modified_altitude,1,modified_altitude,0.9410693049430847,all_windows,qualified_attack_window,11,8,0.7272727272727273,True,0.2851824462413788,0.9379659295082092,0.9410693049430847,0.39836907386779785,0.7045551538467407,0.9379659295082092,0.9410693049430847,0.39836907386779785,0.7045551538467407,
poison/poisilo/datapoisiloseq/poisalt_ilo_3f7c4ea9.csv,ok,291,11,1,modified_altitude,1,modified_altitude,0.9968248605728149,all_windows,qualified_attack_window,11,7,0.6363636363636364,True,0.35651645064353943,0.9977502226829529,0.9968248605728149,0.041450053453445435,0.012208471074700356,0.9977502226829529,0.9968248605728149,0.041450053453445435,0.012208471074700356,
poison/poisilo/datapoisiloseq/poisalt_ilo_3f7f2b48.csv,ok,326,13,1,modified_altitude,1,modified_altitude,0.9999915361404419,all_windows,qualified_attack_window,13,9,0.6923076923076923,True,0.30088746547698975,0.992425799369812,0.9999915361404419,0.00805126503109932,0.017200080677866936,0.992425799369812,0.9999915361404419,0.00805126503109932,0.017200080677866936,
poison/poisilo/datapoisiloseq/poisalt_ilo_3f8016a8.csv,ok,328,13,1,modified_altitude,3,modified_position,0.9959646463394165,all_windows,qualified_attack_window,13,8,0.6153846153846154,False,0.36283937096595764,0.9894952178001404,0.6703234314918518,0.18834641575813293,0.9959646463394165,0.9894952178001404,0.6703234314918518,0.18834641575813293,0.9959646463394165,
poison/poisilo/datapoisiloseq/poisalt_ilo_3f80e88c.csv,ok,311,12,1,modified_altitude,1,modified_altitude,1.0,all_windows,qualified_attack_window,12,9,0.75,True,0.2434871941804886,0.9872884154319763,1.0,0.007377804722636938,0.028882786631584167,0.9872884154319763,1.0,0.007377804722636938,0.028882786631584167,
poison/poisilo/datapoisiloseq/poisalt_ilo_3f839cd2.csv,ok,444,20,1,modified_altitude,1,modified_altitude,1.0,all_windows,qualified_attack_window,20,12,0.6,True,0.4233473837375641,0.9996337890625,1.0,0.6640379428863525,0.9572609066963196,0.9996337890625,1.0,0.6640379428863525,0.9572609066963196,
poison/poisilo/datapoisiloseq/poisalt_ilo_3f861a2f.csv,ok,298,11,1,modified_altitude,1,modified_altitude,1.0,all_windows,qualified_attack_window,11,8,0.7272727272727273,True,0.26460960507392883,0.9937232136726379,1.0,0.06707283109426498,0.03236659616231918,0.9937232136726379,1.0,0.06707283109426498,0.03236659616231918,
poison/poisilo/datapoisiloseq/poisauth_ilo_3e32c266.csv,ok,343,14,0,authentic,0,authentic,0.9834064245223999,all_windows,no_qualified_attack_window,14,0,0.0,True,0.9155213236808777,0.9834064245223999,0.07698772847652435,0.038204483687877655,0.11987179517745972,0.9834064245223999,0.07698772847652435,0.038204483687877655,0.11987179517745972,
poison/poisilo/datapoisiloseq/poisauth_ilo_3e346330.csv,ok,338,14,0,authentic,0,authentic,0.9942235350608826,all_windows,no_qualified_attack_window,14,0,0.0,True,0.9025716781616211,0.9942235350608826,0.09510686993598938,0.05371221899986267,0.14629989862442017,0.9942235350608826,0.09510686993598938,0.05371221899986267,0.14629989862442017,
poison/poisilo/datapoisiloseq/poisauth_ilo_3e3663ba.csv,ok,340,14,0,authentic,0,authentic,0.969122588634491,all_windows,no_qualified_attack_window,14,0,0.0,True,0.8578645586967468,0.969122588634491,0.17803233861923218,0.06974440068006516,0.41931605339050293,0.969122588634491,0.17803233861923218,0.06974440068006516,0.41931605339050293,
poison/poisilo/datapoisiloseq/poisauth_ilo_3e3762a3.csv,ok,332,13,0,authentic,0,authentic,0.9867212772369385,all_windows,no_qualified_attack_window,13,0,0.0,True,0.7614259123802185,0.9867212772369385,0.3077008128166199,0.2641434669494629,0.10798283666372299,0.9867212772369385,0.3077008128166199,0.2641434669494629,0.10798283666372299,
poison/poisilo/datapoisiloseq/poisauth_ilo_3e3fc7dd.csv,ok,290,11,0,authentic,0,authentic,0.9946162104606628,all_windows,no_qualified_attack_window,11,0,0.0,True,0.8663176894187927,0.9946162104606628,0.1120901107788086,0.06663500517606735,0.0985468402504921,0.9946162104606628,0.1120901107788086,0.06663500517606735,0.0985468402504921,
poison/poisilo/datapoisiloseq/poisauth_ilo_3e4140e1.csv,ok,308,12,0,authentic,0,authentic,0.9966776371002197,all_windows,no_qualified_attack_window,12,0,0.0,True,0.9407292008399963,0.9966776371002197,0.04439597949385643,0.02343115210533142,0.06634047627449036,0.9966776371002197,0.04439597949385643,0.02343115210533142,0.06634047627449036,
poison/poisilo/datapoisiloseq/poisauth_ilo_3e41e141.csv,ok,386,17,0,authentic,0,authentic,0.981627881526947,all_windows,no_qualified_attack_window,17,0,0.0,True,0.8768007159233093,0.981627881526947,0.13639526069164276,0.2963562607765198,0.09034525603055954,0.981627881526947,0.13639526069164276,0.2963562607765198,0.09034525603055954,
poison/poisilo/datapoisiloseq/poisauth_ilo_3e4200fd.csv,ok,330,13,0,authentic,0,authentic,0.9796010851860046,all_windows,no_qualified_attack_window,13,0,0.0,True,0.8780368566513062,0.9796010851860046,0.13452385365962982,0.04628967121243477,0.23446370661258698,0.9796010851860046,0.13452385365962982,0.04628967121243477,0.23446370661258698,
poison/poisilo/datapoisiloseq/poisauth_ilo_3e450fa5.csv,ok,308,12,0,authentic,0,authentic,0.9943357110023499,all_windows,no_qualified_attack_window,12,0,0.0,True,0.9245927929878235,0.9943357110023499,0.12332884222269058,0.05596495047211647,0.0797555223107338,0.9943357110023499,0.12332884222269058,0.05596495047211647,0.0797555223107338,
poison/poisilo/datapoisiloseq/poisauth_ilo_3e48848d.csv,ok,323,13,0,authentic,0,authentic,0.9811371564865112,all_windows,no_qualified_attack_window,13,0,0.0,True,0.9070095419883728,0.9811371564865112,0.06002509221434593,0.03311581909656525,0.14385725557804108,0.9811371564865112,0.06002509221434593,0.03311581909656525,0.14385725557804108,
poison/poisilo/datapoisiloseq/poisauth_ilo_3e4ad54e.csv,ok,307,12,0,authentic,0,authentic,0.9761813282966614,all_windows,no_qualified_attack_window,12,0,0.0,True,0.7661707997322083,0.9761813282966614,0.31741195917129517,0.06428983062505722,0.28608790040016174,0.9761813282966614,0.31741195917129517,0.06428983062505722,0.28608790040016174,
poison/poisilo/datapoisiloseq/poisauth_ilo_3e4c0eb7.csv,ok,381,16,0,authentic,0,authentic,0.9879943132400513,all_windows,no_qualified_attack_window,16,0,0.0,True,0.9106839299201965,0.9879943132400513,0.10373729467391968,0.055978380143642426,0.11000025272369385,0.9879943132400513,0.10373729467391968,0.055978380143642426,0.11000025272369385,
poison/poisilo/datapoisiloseq/poisauth_ilo_3e4cc81e.csv,ok,407,18,0,authentic,3,modified_position,0.9986066818237305,all_windows,qualified_attack_window,18,4,0.2222222222222222,False,0.7482445240020752,0.9876936078071594,0.07432559877634048,0.1038544774055481,0.9986066818237305,0.9876936078071594,0.07432559877634048,0.1038544774055481,0.9986066818237305,
poison/poisilo/datapoisiloseq/poisauth_ilo_3e507167.csv,ok,334,13,0,authentic,0,authentic,0.9809876680374146,all_windows,no_qualified_attack_window,13,0,0.0,True,0.9162699580192566,0.9809876680374146,0.04311889782547951,0.03863104060292244,0.15758757293224335,0.9809876680374146,0.04311889782547951,0.03863104060292244,0.15758757293224335,
poison/poisilo/datapoisiloseq/poisauth_ilo_3e54e7ba.csv,ok,379,16,0,authentic,0,authentic,0.9901943802833557,all_windows,no_qualified_attack_window,16,0,0.0,True,0.892742395401001,0.9901943802833557,0.12383975833654404,0.05964505299925804,0.13448162376880646,0.9901943802833557,0.12383975833654404,0.05964505299925804,0.13448162376880646,
poison/poisilo/datapoisiloseq/poisauth_ilo_3e5b7f90.csv,ok,347,14,0,authentic,0,authentic,0.9937310814857483,all_windows,no_qualified_attack_window,14,0,0.0,True,0.9453732371330261,0.9937310814857483,0.0557066835463047,0.02553926222026348,0.08075155317783356,0.9937310814857483,0.0557066835463047,0.02553926222026348,0.08075155317783356,
poison/poisilo/datapoisiloseq/poisauth_ilo_3e5efc82.csv,ok,307,12,0,authentic,0,authentic,0.9939101338386536,all_windows,no_qualified_attack_window,12,0,0.0,True,0.862807035446167,0.9939101338386536,0.17272253334522247,0.08477760851383209,0.16432861983776093,0.9939101338386536,0.17272253334522247,0.08477760851383209,0.16432861983776093,
poison/poisilo/datapoisiloseq/poisauth_ilo_3e5f44d1.csv,ok,327,13,0,authentic,0,authentic,0.9897572994232178,all_windows,no_qualified_attack_window,13,0,0.0,True,0.916864275932312,0.9897572994232178,0.04143887013196945,0.02432188205420971,0.16108998656272888,0.9897572994232178,0.04143887013196945,0.02432188205420971,0.16108998656272888,
poison/poisilo/datapoisiloseq/poisauth_ilo_3e5f6694.csv,ok,321,13,0,authentic,0,authentic,0.9979543685913086,all_windows,no_qualified_attack_window,13,0,0.0,True,0.9347621202468872,0.9979543685913086,0.08906871825456619,0.08527877926826477,0.060687899589538574,0.9979543685913086,0.08906871825456619,0.08527877926826477,0.060687899589538574,
poison/poisilo/datapoisiloseq/poisauth_ilo_3e60f81c.csv,ok,334,13,0,authentic,0,authentic,0.9963261485099792,all_windows,no_qualified_attack_window,13,0,0.0,True,0.9324592351913452,0.9963261485099792,0.049071937799453735,0.05499911680817604,0.09102042764425278,0.9963261485099792,0.049071937799453735,0.05499911680817604,0.09102042764425278,
poison/poisilo/datapoisiloseq/poisauth_ilo_3e629e12.csv,ok,342,14,0,authentic,0,authentic,0.9842187762260437,all_windows,no_qualified_attack_window,14,0,0.0,True,0.9393228888511658,0.9842187762260437,0.054580677300691605,0.03699524328112602,0.05868431553244591,0.9842187762260437,0.054580677300691605,0.03699524328112602,0.05868431553244591,
poison/poisilo/datapoisiloseq/poisauth_ilo_3e686bbb.csv,ok,323,13,0,authentic,0,authentic,0.9905582666397095,all_windows,no_qualified_attack_window,13,0,0.0,True,0.9013521671295166,0.9905582666397095,0.12034675478935242,0.05091045796871185,0.20335689187049866,0.9905582666397095,0.12034675478935242,0.05091045796871185,0.20335689187049866,
poison/poisilo/datapoisiloseq/poisauth_ilo_3e69dcae.csv,ok,301,11,0,authentic,0,authentic,0.9851442575454712,all_windows,no_qualified_attack_window,11,0,0.0,True,0.8430109620094299,0.9851442575454712,0.1090874969959259,0.08144975453615189,0.051822479814291,0.9851442575454712,0.1090874969959259,0.08144975453615189,0.051822479814291,
poison/poisilo/datapoisiloseq/poisauth_ilo_3e73cc93.csv,ok,318,12,0,authentic,0,authentic,0.9629707336425781,all_windows,no_qualified_attack_window,12,0,0.0,True,0.8833083510398865,0.9629707336425781,0.10471269488334656,0.05831332132220268,0.1561507284641266,0.9629707336425781,0.10471269488334656,0.05831332132220268,0.1561507284641266,
poison/poisilo/datapoisiloseq/poisauth_ilo_3e747711.csv,ok,351,14,0,authentic,0,authentic,0.9792389869689941,all_windows,no_qualified_attack_window,14,0,0.0,True,0.8842777013778687,0.9792389869689941,0.15975511074066162,0.061228372156620026,0.060423336923122406,0.9792389869689941,0.15975511074066162,0.061228372156620026,0.060423336923122406,
poison/poisilo/datapoisiloseq/poisauth_ilo_3e77a20c.csv,ok,365,15,0,authentic,0,authentic,0.9728236794471741,all_windows,no_qualified_attack_window,15,0,0.0,True,0.907516360282898,0.9728236794471741,0.09767872095108032,0.04816574975848198,0.10596898198127747,0.9728236794471741,0.09767872095108032,0.04816574975848198,0.10596898198127747,
poison/poisilo/datapoisiloseq/poisauth_ilo_3e789c96.csv,ok,335,13,0,authentic,0,authentic,0.9632831811904907,all_windows,no_qualified_attack_window,13,0,0.0,True,0.8807215094566345,0.9632831811904907,0.23126675188541412,0.04249526187777519,0.15771843492984772,0.9632831811904907,0.23126675188541412,0.04249526187777519,0.15771843492984772,
poison/poisilo/datapoisiloseq/poisauth_ilo_3e7bc372.csv,ok,318,12,0,authentic,0,authentic,0.9684783816337585,all_windows,no_qualified_attack_window,12,0,0.0,True,0.9007248282432556,0.9684783816337585,0.09912973642349243,0.041876159608364105,0.12074822932481766,0.9684783816337585,0.09912973642349243,0.041876159608364105,0.12074822932481766,
poison/poisilo/datapoisiloseq/poisauth_ilo_3e7bdf66.csv,ok,316,12,0,authentic,0,authentic,0.9931671619415283,all_windows,no_qualified_attack_window,12,0,0.0,True,0.8909178376197815,0.9931671619415283,0.06295914947986603,0.03910268843173981,0.24376247823238373,0.9931671619415283,0.06295914947986603,0.03910268843173981,0.24376247823238373,
poison/poisilo/datapoisiloseq/poisauth_ilo_3e7c0f95.csv,ok,366,15,0,authentic,3,modified_position,0.7070298790931702,all_windows,qualified_attack_window,15,3,0.2,False,0.625156819820404,0.9947580695152283,0.5961690545082092,0.04327942430973053,0.7070298790931702,0.9947580695152283,0.5961690545082092,0.04327942430973053,0.7070298790931702,
poison/poisilo/datapoisiloseq/poisauth_ilo_3e7f017c.csv,ok,381,16,0,authentic,0,authentic,0.9939560890197754,all_windows,no_qualified_attack_window,16,0,0.0,True,0.9163559675216675,0.9939560890197754,0.02373374067246914,0.015926292166113853,0.23381373286247253,0.9939560890197754,0.02373374067246914,0.015926292166113853,0.23381373286247253,
poison/poisilo/datapoisiloseq/poisauth_ilo_3e85478c.csv,ok,322,13,0,authentic,0,authentic,0.9966463446617126,all_windows,no_qualified_attack_window,13,0,0.0,True,0.9365092515945435,0.9966463446617126,0.09616437554359436,0.039652980864048004,0.09785957634449005,0.9966463446617126,0.09616437554359436,0.039652980864048004,0.09785957634449005,
poison/poisilo/datapoisiloseq/poisauth_ilo_3e88b247.csv,ok,313,12,0,authentic,0,authentic,0.9875115752220154,all_windows,no_qualified_attack_window,12,0,0.0,True,0.8670732975006104,0.9875115752220154,0.11853864043951035,0.08797834068536758,0.25007718801498413,0.9875115752220154,0.11853864043951035,0.08797834068536758,0.25007718801498413,
poison/poisilo/datapoisiloseq/poisauth_ilo_3e9deb96.csv,ok,343,14,0,authentic,0,authentic,0.9950698614120483,all_windows,no_qualified_attack_window,14,0,0.0,True,0.8313034772872925,0.9950698614120483,0.14470651745796204,0.06212553754448891,0.2313886284828186,0.9950698614120483,0.14470651745796204,0.06212553754448891,0.2313886284828186,
poison/poisilo/datapoisiloseq/poisauth_ilo_3e9ef454.csv,ok,366,15,0,authentic,0,authentic,0.9669303894042969,all_windows,no_qualified_attack_window,15,0,0.0,True,0.8527342081069946,0.9669303894042969,0.12199359387159348,0.05968642234802246,0.11693217605352402,0.9669303894042969,0.12199359387159348,0.05968642234802246,0.11693217605352402,
poison/poisilo/datapoisiloseq/poisauth_ilo_3e9f5b6c.csv,ok,290,11,0,authentic,0,authentic,0.9879360198974609,all_windows,no_qualified_attack_window,11,0,0.0,True,0.9437362551689148,0.9879360198974609,0.06399758905172348,0.0883268490433693,0.03080916963517666,0.9879360198974609,0.06399758905172348,0.0883268490433693,0.03080916963517666,
poison/poisilo/datapoisiloseq/poisauth_ilo_3e9f8e83.csv,ok,302,11,0,authentic,0,authentic,0.9963992834091187,all_windows,no_qualified_attack_window,11,0,0.0,True,0.8925932049751282,0.9963992834091187,0.09303038567304611,0.0368465781211853,0.20567932724952698,0.9963992834091187,0.09303038567304611,0.0368465781211853,0.20567932724952698,
poison/poisilo/datapoisiloseq/poisauth_ilo_3ea29bae.csv,ok,310,12,0,authentic,0,authentic,0.9923996329307556,all_windows,no_qualified_attack_window,12,0,0.0,True,0.9184074997901917,0.9923996329307556,0.06718411296606064,0.032147135585546494,0.07947517186403275,0.9923996329307556,0.06718411296606064,0.032147135585546494,0.07947517186403275,
poison/poisilo/datapoisiloseq/poisauth_ilo_3ea2b6f7.csv,ok,356,15,0,authentic,0,authentic,0.9915770292282104,all_windows,no_qualified_attack_window,15,0,0.0,True,0.9232921004295349,0.9915770292282104,0.09414133429527283,0.07344513386487961,0.0977076068520546,0.9915770292282104,0.09414133429527283,0.07344513386487961,0.0977076068520546,
poison/poisilo/datapoisiloseq/poisauth_ilo_3ea424f4.csv,ok,366,15,0,authentic,3,modified_position,0.6316315531730652,all_windows,qualified_attack_window,15,2,0.13333333333333333,False,0.7743849158287048,0.9887829422950745,0.05593317374587059,0.05183129385113716,0.6316315531730652,0.9887829422950745,0.05593317374587059,0.05183129385113716,0.6316315531730652,
poison/poisilo/datapoisiloseq/poisauth_ilo_3ea5cc65.csv,ok,338,14,0,authentic,0,authentic,0.9741309285163879,all_windows,no_qualified_attack_window,14,0,0.0,True,0.9080345034599304,0.9741309285163879,0.09078621119260788,0.06163742020726204,0.0846368595957756,0.9741309285163879,0.09078621119260788,0.06163742020726204,0.0846368595957756,
poison/poisilo/datapoisiloseq/poisauth_ilo_3ea772d5.csv,ok,303,11,0,authentic,0,authentic,0.9891183376312256,all_windows,no_qualified_attack_window,11,0,0.0,True,0.9304527044296265,0.9891183376312256,0.04812409356236458,0.023901214823126793,0.062251441180706024,0.9891183376312256,0.04812409356236458,0.023901214823126793,0.062251441180706024,
poison/poisilo/datapoisiloseq/poisauth_ilo_3ea7fb36.csv,ok,341,14,0,authentic,0,authentic,0.9271892309188843,all_windows,no_qualified_attack_window,14,0,0.0,True,0.8773994445800781,0.9271892309188843,0.18342213332653046,0.05177070200443268,0.11379560083150864,0.9271892309188843,0.18342213332653046,0.05177070200443268,0.11379560083150864,
poison/poisilo/datapoisiloseq/poisauth_ilo_3ea8a997.csv,ok,339,14,0,authentic,0,authentic,0.9962198138237,all_windows,no_qualified_attack_window,14,0,0.0,True,0.9436899423599243,0.9962198138237,0.058157145977020264,0.033654239028692245,0.11285562813282013,0.9962198138237,0.058157145977020264,0.033654239028692245,0.11285562813282013,
poison/poisilo/datapoisiloseq/poisauth_ilo_3eacb8d0.csv,ok,314,12,0,authentic,0,authentic,0.9975354671478271,all_windows,no_qualified_attack_window,12,0,0.0,True,0.8488795757293701,0.9975354671478271,0.15446576476097107,0.2049502730369568,0.388560026884079,0.9975354671478271,0.15446576476097107,0.2049502730369568,0.388560026884079,
poison/poisilo/datapoisiloseq/poisauth_ilo_3eace86b.csv,ok,325,13,0,authentic,0,authentic,0.9944183230400085,all_windows,no_qualified_attack_window,13,0,0.0,True,0.8736994862556458,0.9944183230400085,0.10448382794857025,0.036545850336551666,0.25260961055755615,0.9944183230400085,0.10448382794857025,0.036545850336551666,0.25260961055755615,
poison/poisilo/datapoisiloseq/poisauth_ilo_3ead61ed.csv,ok,338,14,0,authentic,0,authentic,0.9856223464012146,all_windows,no_qualified_attack_window,14,0,0.0,True,0.9320335984230042,0.9856223464012146,0.043705686926841736,0.029812542721629143,0.1303393393754959,0.9856223464012146,0.043705686926841736,0.029812542721629143,0.1303393393754959,
poison/poisilo/datapoisiloseq/poisauth_ilo_3eb43f10.csv,ok,340,14,0,authentic,0,authentic,0.9968973398208618,all_windows,no_qualified_attack_window,14,0,0.0,True,0.9283890128135681,0.9968973398208618,0.09212008863687515,0.05645575746893883,0.08454212546348572,0.9968973398208618,0.09212008863687515,0.05645575746893883,0.08454212546348572,
poison/poisilo/datapoisiloseq/poisauth_ilo_3eb4f8a8.csv,ok,282,10,0,authentic,0,authentic,0.995123565196991,all_windows,no_qualified_attack_window,10,0,0.0,True,0.895461916923523,0.995123565196991,0.1437453031539917,0.0918395146727562,0.09254159778356552,0.995123565196991,0.1437453031539917,0.0918395146727562,0.09254159778356552,
poison/poisilo/datapoisiloseq/poisauth_ilo_3eb52861.csv,ok,336,14,0,authentic,0,authentic,0.9999901056289673,all_windows,no_qualified_attack_window,14,0,0.0,True,0.9285119771957397,0.9999901056289673,0.06176107004284859,0.04129083454608917,0.127447709441185,0.9999901056289673,0.06176107004284859,0.04129083454608917,0.127447709441185,
poison/poisilo/datapoisiloseq/poisauth_ilo_3eb8757b.csv,ok,314,12,0,authentic,0,authentic,0.9987521767616272,all_windows,no_qualified_attack_window,12,0,0.0,True,0.9462659955024719,0.9987521767616272,0.05930011719465256,0.027020897716283798,0.08015664666891098,0.9987521767616272,0.05930011719465256,0.027020897716283798,0.08015664666891098,
poison/poisilo/datapoisiloseq/poisauth_ilo_3ebc3223.csv,ok,413,18,0,authentic,0,authentic,0.9914994835853577,all_windows,no_qualified_attack_window,18,0,0.0,True,0.9255475997924805,0.9914994835853577,0.07038475573062897,0.045257844030857086,0.13722288608551025,0.9914994835853577,0.07038475573062897,0.045257844030857086,0.13722288608551025,
poison/poisilo/datapoisiloseq/poisauth_ilo_3ebfe5b2.csv,ok,323,13,0,authentic,0,authentic,0.9770200848579407,all_windows,no_qualified_attack_window,13,0,0.0,True,0.8584309816360474,0.9770200848579407,0.07348418980836868,0.04000517353415489,0.40168726444244385,0.9770200848579407,0.07348418980836868,0.04000517353415489,0.40168726444244385,
poison/poisilo/datapoisiloseq/poisauth_ilo_3ec1e2cc.csv,ok,308,12,0,authentic,0,authentic,0.9978032112121582,all_windows,no_qualified_attack_window,12,0,0.0,True,0.9360808730125427,0.9978032112121582,0.017834920436143875,0.011826603673398495,0.1834762692451477,0.9978032112121582,0.017834920436143875,0.011826603673398495,0.1834762692451477,
poison/poisilo/datapoisiloseq/poisauth_ilo_3ec39cbb.csv,ok,305,12,0,authentic,0,authentic,0.996701717376709,all_windows,no_qualified_attack_window,12,0,0.0,True,0.9032745361328125,0.996701717376709,0.09103384613990784,0.0586501881480217,0.14597979187965393,0.996701717376709,0.09103384613990784,0.0586501881480217,0.14597979187965393,
poison/poisilo/datapoisiloseq/poisauth_ilo_3ec512c5.csv,ok,334,13,0,authentic,0,authentic,0.9766230583190918,all_windows,no_qualified_attack_window,13,0,0.0,True,0.9389718770980835,0.9766230583190918,0.07833922654390335,0.0388319306075573,0.04842749238014221,0.9766230583190918,0.07833922654390335,0.0388319306075573,0.04842749238014221,
poison/poisilo/datapoisiloseq/poisauth_ilo_3ec9d36a.csv,ok,363,15,0,authentic,0,authentic,0.995618999004364,all_windows,no_qualified_attack_window,15,0,0.0,True,0.9215553402900696,0.995618999004364,0.1041223481297493,0.04243732616305351,0.11199896782636642,0.995618999004364,0.1041223481297493,0.04243732616305351,0.11199896782636642,
poison/poisilo/datapoisiloseq/poisauth_ilo_3ed210c2.csv,ok,326,13,0,authentic,0,authentic,0.9635801911354065,all_windows,no_qualified_attack_window,13,0,0.0,True,0.8769772052764893,0.9635801911354065,0.18694597482681274,0.08691582828760147,0.06740531325340271,0.9635801911354065,0.18694597482681274,0.08691582828760147,0.06740531325340271,
poison/poisilo/datapoisiloseq/poisauth_ilo_3ed40e2a.csv,ok,402,18,0,authentic,1,modified_altitude,0.431279718875885,all_windows,qualified_attack_window,18,1,0.05555555555555555,False,0.8124793767929077,0.9996570944786072,0.431279718875885,0.2353963851928711,0.11771905422210693,0.9996570944786072,0.431279718875885,0.2353963851928711,0.11771905422210693,
poison/poisilo/datapoisiloseq/poisauth_ilo_3edd822a.csv,ok,314,12,0,authentic,0,authentic,0.9959133267402649,all_windows,no_qualified_attack_window,12,0,0.0,True,0.9269586205482483,0.9959133267402649,0.05332918092608452,0.03922850266098976,0.10488589107990265,0.9959133267402649,0.05332918092608452,0.03922850266098976,0.10488589107990265,
poison/poisilo/datapoisiloseq/poisauth_ilo_3edef2e4.csv,ok,332,13,0,authentic,0,authentic,0.9837430119514465,all_windows,no_qualified_attack_window,13,0,0.0,True,0.9153997898101807,0.9837430119514465,0.07619622349739075,0.06313218176364899,0.06468165665864944,0.9837430119514465,0.07619622349739075,0.06313218176364899,0.06468165665864944,
poison/poisilo/datapoisiloseq/poisauth_ilo_3ee1539b.csv,ok,337,14,0,authentic,0,authentic,0.9788039326667786,all_windows,no_qualified_attack_window,14,0,0.0,True,0.8464452028274536,0.9788039326667786,0.09949887543916702,0.04601890593767166,0.23886217176914215,0.9788039326667786,0.09949887543916702,0.04601890593767166,0.23886217176914215,
poison/poisilo/datapoisiloseq/poisauth_ilo_3ee40c71.csv,ok,326,13,0,authentic,0,authentic,0.9967849850654602,all_windows,no_qualified_attack_window,13,0,0.0,True,0.9269190430641174,0.9967849850654602,0.058550089597702026,0.03012727200984955,0.10100403428077698,0.9967849850654602,0.058550089597702026,0.03012727200984955,0.10100403428077698,
poison/poisilo/datapoisiloseq/poisauth_ilo_3eeef889.csv,ok,346,14,0,authentic,0,authentic,0.9923039078712463,all_windows,no_qualified_attack_window,14,0,0.0,True,0.8992894291877747,0.9923039078712463,0.05309588462114334,0.03612997382879257,0.32175374031066895,0.9923039078712463,0.05309588462114334,0.03612997382879257,0.32175374031066895,
poison/poisilo/datapoisiloseq/poisauth_ilo_3ef2b440.csv,ok,382,16,0,authentic,0,authentic,0.9958493113517761,all_windows,no_qualified_attack_window,16,0,0.0,True,0.9700957536697388,0.9958493113517761,0.04627832770347595,0.01596154272556305,0.06170226261019707,0.9958493113517761,0.04627832770347595,0.01596154272556305,0.06170226261019707,
poison/poisilo/datapoisiloseq/poisauth_ilo_3ef31fcf.csv,ok,341,14,0,authentic,0,authentic,0.9946908354759216,all_windows,no_qualified_attack_window,14,0,0.0,True,0.9006286263465881,0.9946908354759216,0.05391380190849304,0.05210023373365402,0.1559419184923172,0.9946908354759216,0.05391380190849304,0.05210023373365402,0.1559419184923172,
poison/poisilo/datapoisiloseq/poisauth_ilo_3ef4200d.csv,ok,363,15,0,authentic,0,authentic,0.9840304255485535,all_windows,no_qualified_attack_window,15,0,0.0,True,0.8519169688224792,0.9840304255485535,0.10971570014953613,0.052959538996219635,0.4062581956386566,0.9840304255485535,0.10971570014953613,0.052959538996219635,0.4062581956386566,
poison/poisilo/datapoisiloseq/poisauth_ilo_3ef45cba.csv,ok,333,13,0,authentic,0,authentic,0.9939662218093872,all_windows,no_qualified_attack_window,13,0,0.0,True,0.8807700872421265,0.9939662218093872,0.08721937984228134,0.04464605823159218,0.27113819122314453,0.9939662218093872,0.08721937984228134,0.04464605823159218,0.27113819122314453,
poison/poisilo/datapoisiloseq/poisauth_ilo_3ef7b77e.csv,ok,316,12,0,authentic,0,authentic,0.9866098165512085,all_windows,no_qualified_attack_window,12,0,0.0,True,0.930662214756012,0.9866098165512085,0.0574243888258934,0.045022472739219666,0.08255382627248764,0.9866098165512085,0.0574243888258934,0.045022472739219666,0.08255382627248764,
poison/poisilo/datapoisiloseq/poisauth_ilo_3ef7ed9b.csv,ok,337,14,0,authentic,0,authentic,0.9871160387992859,all_windows,no_qualified_attack_window,14,0,0.0,True,0.8648325800895691,0.9871160387992859,0.12914733588695526,0.05173663794994354,0.19553734362125397,0.9871160387992859,0.12914733588695526,0.05173663794994354,0.19553734362125397,
poison/poisilo/datapoisiloseq/poisauth_ilo_3ef80292.csv,ok,313,12,0,authentic,0,authentic,0.9884067177772522,all_windows,no_qualified_attack_window,12,0,0.0,True,0.8726224899291992,0.9884067177772522,0.057812098413705826,0.026526035740971565,0.3597203195095062,0.9884067177772522,0.057812098413705826,0.026526035740971565,0.3597203195095062,
poison/poisilo/datapoisiloseq/poisauth_ilo_3ef94c0c.csv,ok,306,12,0,authentic,1,modified_altitude,0.9823548197746277,all_windows,qualified_attack_window,12,9,0.75,False,0.23138099908828735,0.8906190991401672,0.9823548197746277,0.09133321791887283,0.8483938574790955,0.8906190991401672,0.9823548197746277,0.09133321791887283,0.8483938574790955,
poison/poisilo/datapoisiloseq/poisauth_ilo_3efa8105.csv,ok,310,12,0,authentic,0,authentic,0.9933369755744934,all_windows,no_qualified_attack_window,12,0,0.0,True,0.9343345165252686,0.9933369755744934,0.12706556916236877,0.2357855588197708,0.04409882426261902,0.9933369755744934,0.12706556916236877,0.2357855588197708,0.04409882426261902,
poison/poisilo/datapoisiloseq/poisauth_ilo_3efe4237.csv,ok,372,16,0,authentic,0,authentic,0.990912675857544,all_windows,no_qualified_attack_window,16,0,0.0,True,0.9049761295318604,0.990912675857544,0.11003462970256805,0.06712938845157623,0.09122884273529053,0.990912675857544,0.11003462970256805,0.06712938845157623,0.09122884273529053,
poison/poisilo/datapoisiloseq/poisauth_ilo_3eff6a76.csv,ok,445,20,0,authentic,3,modified_position,0.97344970703125,all_windows,qualified_attack_window,20,7,0.35,False,0.6572128534317017,0.9950591921806335,0.09249754995107651,0.037588994950056076,0.97344970703125,0.9950591921806335,0.09249754995107651,0.037588994950056076,0.97344970703125,
poison/poisilo/datapoisiloseq/poisauth_ilo_3eff8258.csv,ok,357,15,0,authentic,0,authentic,0.998065173625946,all_windows,no_qualified_attack_window,15,0,0.0,True,0.9177790284156799,0.998065173625946,0.07826220244169235,0.2738218307495117,0.13732635974884033,0.998065173625946,0.07826220244169235,0.2738218307495117,0.13732635974884033,
poison/poisilo/datapoisiloseq/poisauth_ilo_3effdea4.csv,ok,332,13,0,authentic,0,authentic,0.9660021662712097,all_windows,no_qualified_attack_window,13,0,0.0,True,0.8581261038780212,0.9660021662712097,0.16793908178806305,0.06625638157129288,0.223109632730484,0.9660021662712097,0.16793908178806305,0.06625638157129288,0.223109632730484,
poison/poisilo/datapoisiloseq/poisauth_ilo_3f013067.csv,ok,319,12,0,authentic,0,authentic,0.9736425280570984,all_windows,no_qualified_attack_window,12,0,0.0,True,0.8711671233177185,0.9736425280570984,0.12159865349531174,0.06852798908948898,0.18255093693733215,0.9736425280570984,0.12159865349531174,0.06852798908948898,0.18255093693733215,
poison/poisilo/datapoisiloseq/poisauth_ilo_3f029b8f.csv,ok,334,13,0,authentic,0,authentic,0.9653199315071106,all_windows,no_qualified_attack_window,13,0,0.0,True,0.8746881484985352,0.9653199315071106,0.08866165578365326,0.04922797530889511,0.1486583650112152,0.9653199315071106,0.08866165578365326,0.04922797530889511,0.1486583650112152,
poison/poisilo/datapoisiloseq/poisauth_ilo_3f02a387.csv,ok,332,13,0,authentic,0,authentic,0.9861921668052673,all_windows,no_qualified_attack_window,13,0,0.0,True,0.8895177841186523,0.9861921668052673,0.05184453725814819,0.03972500562667847,0.301472008228302,0.9861921668052673,0.05184453725814819,0.03972500562667847,0.301472008228302,
poison/poisilo/datapoisiloseq/poisauth_ilo_3f05d310.csv,ok,330,13,0,authentic,0,authentic,0.987858235836029,all_windows,no_qualified_attack_window,13,0,0.0,True,0.9261837005615234,0.987858235836029,0.06469837576150894,0.04403974488377571,0.05448624864220619,0.987858235836029,0.06469837576150894,0.04403974488377571,0.05448624864220619,
poison/poisilo/datapoisiloseq/poisauth_ilo_3f0691d7.csv,ok,307,12,0,authentic,0,authentic,0.9949373602867126,all_windows,no_qualified_attack_window,12,0,0.0,True,0.9229846000671387,0.9949373602867126,0.06327585875988007,0.038585253059864044,0.09879879653453827,0.9949373602867126,0.06327585875988007,0.038585253059864044,0.09879879653453827,
poison/poisilo/datapoisiloseq/poisauth_ilo_3f06c8a1.csv,ok,280,10,0,authentic,0,authentic,0.9937765598297119,all_windows,no_qualified_attack_window,10,0,0.0,True,0.9111471176147461,0.9937765598297119,0.0458081029355526,0.03892054036259651,0.08655212819576263,0.9937765598297119,0.0458081029355526,0.03892054036259651,0.08655212819576263,
poison/poisilo/datapoisiloseq/poisauth_ilo_3f090bf5.csv,ok,319,12,0,authentic,0,authentic,0.9971352815628052,all_windows,no_qualified_attack_window,12,0,0.0,True,0.8834035992622375,0.9971352815628052,0.1041184738278389,0.03448362275958061,0.19196243584156036,0.9971352815628052,0.1041184738278389,0.03448362275958061,0.19196243584156036,
poison/poisilo/datapoisiloseq/poisauth_ilo_3f09574d.csv,ok,340,14,0,authentic,0,authentic,0.9933197498321533,all_windows,no_qualified_attack_window,14,0,0.0,True,0.9192432761192322,0.9933197498321533,0.06896756589412689,0.03371930867433548,0.123334139585495,0.9933197498321533,0.06896756589412689,0.03371930867433548,0.123334139585495,
poison/poisilo/datapoisiloseq/poisauth_ilo_3f1156c5.csv,ok,338,14,0,authentic,0,authentic,0.984125018119812,all_windows,no_qualified_attack_window,14,0,0.0,True,0.8990363478660583,0.984125018119812,0.12061270326375961,0.03877604752779007,0.2680009603500366,0.984125018119812,0.12061270326375961,0.03877604752779007,0.2680009603500366,
poison/poisilo/datapoisiloseq/poisauth_ilo_3f11c6ae.csv,ok,309,12,0,authentic,0,authentic,0.9960620403289795,all_windows,no_qualified_attack_window,12,0,0.0,True,0.9082345366477966,0.9960620403289795,0.09835723042488098,0.042586639523506165,0.1966668963432312,0.9960620403289795,0.09835723042488098,0.042586639523506165,0.1966668963432312,
poison/poisilo/datapoisiloseq/poisauth_ilo_3f124d10.csv,ok,354,15,0,authentic,0,authentic,0.9659551382064819,all_windows,no_qualified_attack_window,15,0,0.0,True,0.9126226305961609,0.9659551382064819,0.054085873067379,0.03219500184059143,0.07834838330745697,0.9659551382064819,0.054085873067379,0.03219500184059143,0.07834838330745697,
poison/poisilo/datapoisiloseq/poisauth_ilo_3f150116.csv,ok,334,13,0,authentic,0,authentic,0.9960729479789734,all_windows,no_qualified_attack_window,13,0,0.0,True,0.9226875901222229,0.9960729479789734,0.049824342131614685,0.03126412257552147,0.2570852041244507,0.9960729479789734,0.049824342131614685,0.03126412257552147,0.2570852041244507,
poison/poisilo/datapoisiloseq/poisauth_ilo_3f15649c.csv,ok,350,14,0,authentic,0,authentic,0.9351625442504883,all_windows,no_qualified_attack_window,14,0,0.0,True,0.855752170085907,0.9351625442504883,0.09544475376605988,0.0533582977950573,0.13749468326568604,0.9351625442504883,0.09544475376605988,0.0533582977950573,0.13749468326568604,
poison/poisilo/datapoisiloseq/poisauth_ilo_3f15ddc6.csv,ok,357,15,0,authentic,0,authentic,0.9725863933563232,all_windows,no_qualified_attack_window,15,0,0.0,True,0.8910894989967346,0.9725863933563232,0.09727136790752411,0.07675632834434509,0.30501607060432434,0.9725863933563232,0.09727136790752411,0.07675632834434509,0.30501607060432434,
poison/poisilo/datapoisiloseq/poisauth_ilo_3f1930f9.csv,ok,352,15,0,authentic,0,authentic,0.9692434668540955,all_windows,no_qualified_attack_window,15,0,0.0,True,0.8614321947097778,0.9692434668540955,0.12483657896518707,0.08682099729776382,0.06228351593017578,0.9692434668540955,0.12483657896518707,0.08682099729776382,0.06228351593017578,
poison/poisilo/datapoisiloseq/poisauth_ilo_3f194a7b.csv,ok,346,14,0,authentic,0,authentic,0.9938579201698303,all_windows,no_qualified_attack_window,14,0,0.0,True,0.9227758646011353,0.9938579201698303,0.10406258702278137,0.047950949519872665,0.12282519787549973,0.9938579201698303,0.10406258702278137,0.047950949519872665,0.12282519787549973,
poison/poisilo/datapoisiloseq/poisauth_ilo_3f1a0a9c.csv,ok,353,15,0,authentic,0,authentic,0.9848684072494507,all_windows,no_qualified_attack_window,15,0,0.0,True,0.8807814717292786,0.9848684072494507,0.1244453713297844,0.06497150659561157,0.20283201336860657,0.9848684072494507,0.1244453713297844,0.06497150659561157,0.20283201336860657,
poison/poisilo/datapoisiloseq/poisauth_ilo_3f1a9bea.csv,ok,343,14,0,authentic,0,authentic,0.982423722743988,all_windows,no_qualified_attack_window,14,0,0.0,True,0.9161092042922974,0.982423722743988,0.0761372298002243,0.04470017924904823,0.08381585776805878,0.982423722743988,0.0761372298002243,0.04470017924904823,0.08381585776805878,
poison/poisilo/datapoisiloseq/poisauth_ilo_3f1c610e.csv,ok,422,19,0,authentic,0,authentic,0.9972712397575378,all_windows,no_qualified_attack_window,19,0,0.0,True,0.9425083994865417,0.9972712397575378,0.3223022520542145,0.02332622930407524,0.05461825430393219,0.9972712397575378,0.3223022520542145,0.02332622930407524,0.05461825430393219,
poison/poisilo/datapoisiloseq/poisauth_ilo_3f1cb509.csv,ok,305,12,0,authentic,0,authentic,0.9806747436523438,all_windows,no_qualified_attack_window,12,0,0.0,True,0.9016360640525818,0.9806747436523438,0.1304069310426712,0.04407604783773422,0.16343900561332703,0.9806747436523438,0.1304069310426712,0.04407604783773422,0.16343900561332703,
poison/poisilo/datapoisiloseq/poisauth_ilo_3f1e35bd.csv,ok,324,13,0,authentic,0,authentic,0.9872138500213623,all_windows,no_qualified_attack_window,13,0,0.0,True,0.9137916564941406,0.9872138500213623,0.06154673546552658,0.03146223723888397,0.11906570941209793,0.9872138500213623,0.06154673546552658,0.03146223723888397,0.11906570941209793,
poison/poisilo/datapoisiloseq/poisauth_ilo_3f21d14b.csv,ok,332,13,0,authentic,0,authentic,0.9953332543373108,all_windows,no_qualified_attack_window,13,0,0.0,True,0.8931668996810913,0.9953332543373108,0.0787358358502388,0.04024585708975792,0.2117910534143448,0.9953332543373108,0.0787358358502388,0.04024585708975792,0.2117910534143448,
poison/poisilo/datapoisiloseq/poisauth_ilo_3f227fa6.csv,ok,332,13,0,authentic,0,authentic,0.9727911949157715,all_windows,no_qualified_attack_window,13,0,0.0,True,0.7990794777870178,0.9727911949157715,0.2395598441362381,0.0904332846403122,0.23096585273742676,0.9727911949157715,0.2395598441362381,0.0904332846403122,0.23096585273742676,
poison/poisilo/datapoisiloseq/poisauth_ilo_3f230e20.csv,ok,339,14,0,authentic,0,authentic,0.975489616394043,all_windows,no_qualified_attack_window,14,0,0.0,True,0.8782106041908264,0.975489616394043,0.33839574456214905,0.06833859533071518,0.11147449165582657,0.975489616394043,0.33839574456214905,0.06833859533071518,0.11147449165582657,
poison/poisilo/datapoisiloseq/poisauth_ilo_3f26a43d.csv,ok,384,17,0,authentic,0,authentic,0.9913856983184814,all_windows,no_qualified_attack_window,17,0,0.0,True,0.8618388175964355,0.9913856983184814,0.27498990297317505,0.13044700026512146,0.07686389237642288,0.9913856983184814,0.27498990297317505,0.13044700026512146,0.07686389237642288,
poison/poisilo/datapoisiloseq/poisauth_ilo_3f271126.csv,ok,285,10,0,authentic,0,authentic,0.9862850904464722,all_windows,no_qualified_attack_window,10,0,0.0,True,0.9223297834396362,0.9862850904464722,0.06997976452112198,0.03489774838089943,0.10952155292034149,0.9862850904464722,0.06997976452112198,0.03489774838089943,0.10952155292034149,
poison/poisilo/datapoisiloseq/poisauth_ilo_3f277733.csv,ok,313,12,0,authentic,0,authentic,0.9910001158714294,all_windows,no_qualified_attack_window,12,0,0.0,True,0.861802875995636,0.9910001158714294,0.1107606366276741,0.034502822905778885,0.3332947790622711,0.9910001158714294,0.1107606366276741,0.034502822905778885,0.3332947790622711,
poison/poisilo/datapoisiloseq/poisauth_ilo_3f2d6dfb.csv,ok,307,12,0,authentic,0,authentic,0.9953972101211548,all_windows,no_qualified_attack_window,12,0,0.0,True,0.9108659625053406,0.9953972101211548,0.14098642766475677,0.05619128420948982,0.13126523792743683,0.9953972101211548,0.14098642766475677,0.05619128420948982,0.13126523792743683,
poison/poisilo/datapoisiloseq/poisauth_ilo_3f2e975f.csv,ok,307,12,0,authentic,0,authentic,0.9978798031806946,all_windows,no_qualified_attack_window,12,0,0.0,True,0.9361749291419983,0.9978798031806946,0.10167698562145233,0.04249224066734314,0.08194676041603088,0.9978798031806946,0.10167698562145233,0.04249224066734314,0.08194676041603088,
poison/poisilo/datapoisiloseq/poisauth_ilo_3f2ee899.csv,ok,294,11,0,authentic,0,authentic,0.9892001152038574,all_windows,no_qualified_attack_window,11,0,0.0,True,0.9077203869819641,0.9892001152038574,0.0749073326587677,0.048220276832580566,0.1488530933856964,0.9892001152038574,0.0749073326587677,0.048220276832580566,0.1488530933856964,
poison/poisilo/datapoisiloseq/poisauth_ilo_3f324087.csv,ok,330,13,0,authentic,0,authentic,0.9910472631454468,all_windows,no_qualified_attack_window,13,0,0.0,True,0.9011975526809692,0.9910472631454468,0.08171779662370682,0.03892240300774574,0.13913607597351074,0.9910472631454468,0.08171779662370682,0.03892240300774574,0.13913607597351074,
poison/poisilo/datapoisiloseq/poisauth_ilo_3f32b736.csv,ok,307,12,0,authentic,0,authentic,0.9925419688224792,all_windows,no_qualified_attack_window,12,0,0.0,True,0.9425551295280457,0.9925419688224792,0.06809671968221664,0.0413450263440609,0.04747134819626808,0.9925419688224792,0.06809671968221664,0.0413450263440609,0.04747134819626808,
poison/poisilo/datapoisiloseq/poisauth_ilo_3f360e8a.csv,ok,351,14,0,authentic,0,authentic,0.9922594428062439,all_windows,no_qualified_attack_window,14,0,0.0,True,0.9077229499816895,0.9922594428062439,0.0726298913359642,0.03535632789134979,0.12306191772222519,0.9922594428062439,0.0726298913359642,0.03535632789134979,0.12306191772222519,
poison/poisilo/datapoisiloseq/poisauth_ilo_3f369bbc.csv,ok,428,19,0,authentic,0,authentic,0.9947729110717773,all_windows,no_qualified_attack_window,19,0,0.0,True,0.962059497833252,0.9947729110717773,0.03911181911826134,0.020438440144062042,0.1089702919125557,0.9947729110717773,0.03911181911826134,0.020438440144062042,0.1089702919125557,
poison/poisilo/datapoisiloseq/poisauth_ilo_3f377a2b.csv,ok,336,14,0,authentic,0,authentic,0.9527872204780579,all_windows,no_qualified_attack_window,14,0,0.0,True,0.877787709236145,0.9527872204780579,0.11541986465454102,0.06828834861516953,0.07591086626052856,0.9527872204780579,0.11541986465454102,0.06828834861516953,0.07591086626052856,
poison/poisilo/datapoisiloseq/poisauth_ilo_3f39e627.csv,ok,298,11,0,authentic,0,authentic,0.9974750876426697,all_windows,no_qualified_attack_window,11,0,0.0,True,0.9262714385986328,0.9974750876426697,0.06356856971979141,0.033356767147779465,0.08276131004095078,0.9974750876426697,0.06356856971979141,0.033356767147779465,0.08276131004095078,
poison/poisilo/datapoisiloseq/poisauth_ilo_3f3b2128.csv,ok,323,13,0,authentic,0,authentic,0.9920526742935181,all_windows,no_qualified_attack_window,13,0,0.0,True,0.9162150025367737,0.9920526742935181,0.06462815403938293,0.03138308227062225,0.161688894033432,0.9920526742935181,0.06462815403938293,0.03138308227062225,0.161688894033432,
poison/poisilo/datapoisiloseq/poisauth_ilo_3f3cf514.csv,ok,426,19,0,authentic,3,modified_position,0.9747424125671387,all_windows,qualified_attack_window,19,8,0.42105263157894735,False,0.49367737770080566,0.9800717234611511,0.9405561685562134,0.02885313704609871,0.9747424125671387,0.9800717234611511,0.9405561685562134,0.02885313704609871,0.9747424125671387,
poison/poisilo/datapoisiloseq/poisauth_ilo_3f41e50a.csv,ok,382,16,0,authentic,0,authentic,0.993691086769104,all_windows,no_qualified_attack_window,16,0,0.0,True,0.8746212720870972,0.993691086769104,0.13871142268180847,0.07842595875263214,0.12845353782176971,0.993691086769104,0.13871142268180847,0.07842595875263214,0.12845353782176971,
poison/poisilo/datapoisiloseq/poisauth_ilo_3f42ccae.csv,ok,315,12,0,authentic,0,authentic,0.9841212034225464,all_windows,no_qualified_attack_window,12,0,0.0,True,0.8435892462730408,0.9841212034225464,0.14564277231693268,0.04692772403359413,0.33218997716903687,0.9841212034225464,0.14564277231693268,0.04692772403359413,0.33218997716903687,
poison/poisilo/datapoisiloseq/poisauth_ilo_3f431366.csv,ok,305,12,0,authentic,0,authentic,0.984032392501831,all_windows,no_qualified_attack_window,12,0,0.0,True,0.8803665041923523,0.984032392501831,0.14348572492599487,0.06332434713840485,0.12784241139888763,0.984032392501831,0.14348572492599487,0.06332434713840485,0.12784241139888763,
poison/poisilo/datapoisiloseq/poisauth_ilo_3f4743c2.csv,ok,363,15,0,authentic,0,authentic,0.9886047840118408,all_windows,no_qualified_attack_window,15,0,0.0,True,0.8988006114959717,0.9886047840118408,0.09610198438167572,0.03140312433242798,0.29570797085762024,0.9886047840118408,0.09610198438167572,0.03140312433242798,0.29570797085762024,
poison/poisilo/datapoisiloseq/poisauth_ilo_3f47bbd5.csv,ok,324,13,0,authentic,0,authentic,0.9843654036521912,all_windows,no_qualified_attack_window,13,0,0.0,True,0.9323397278785706,0.9843654036521912,0.0706915333867073,0.03825967758893967,0.09653416275978088,0.9843654036521912,0.0706915333867073,0.03825967758893967,0.09653416275978088,
poison/poisilo/datapoisiloseq/poisauth_ilo_3f4f6924.csv,ok,371,16,0,authentic,0,authentic,0.9959253072738647,all_windows,no_qualified_attack_window,16,0,0.0,True,0.9514421224594116,0.9959253072738647,0.051831383258104324,0.027282794937491417,0.11261524260044098,0.9959253072738647,0.051831383258104324,0.027282794937491417,0.11261524260044098,
poison/poisilo/datapoisiloseq/poisauth_ilo_3f52727a.csv,ok,356,15,0,authentic,0,authentic,0.9795480966567993,all_windows,no_qualified_attack_window,15,0,0.0,True,0.9047732949256897,0.9795480966567993,0.21722011268138885,0.12824219465255737,0.13656441867351532,0.9795480966567993,0.21722011268138885,0.12824219465255737,0.13656441867351532,
poison/poisilo/datapoisiloseq/poisauth_ilo_3f538b28.csv,ok,347,14,0,authentic,0,authentic,0.9947807192802429,all_windows,no_qualified_attack_window,14,0,0.0,True,0.9160305857658386,0.9947807192802429,0.027627399191260338,0.01870512217283249,0.14806728065013885,0.9947807192802429,0.027627399191260338,0.01870512217283249,0.14806728065013885,
poison/poisilo/datapoisiloseq/poisauth_ilo_3f53add6.csv,ok,349,14,0,authentic,0,authentic,0.9748730659484863,all_windows,no_qualified_attack_window,14,0,0.0,True,0.913209080696106,0.9748730659484863,0.1521615982055664,0.027509620413184166,0.14383603632450104,0.9748730659484863,0.1521615982055664,0.027509620413184166,0.14383603632450104,
poison/poisilo/datapoisiloseq/poisauth_ilo_3f5a93cf.csv,ok,419,19,0,authentic,1,modified_altitude,0.547778308391571,all_windows,qualified_attack_window,19,1,0.05263157894736842,False,0.8681577444076538,0.9986392855644226,0.547778308391571,0.18625134229660034,0.3092263340950012,0.9986392855644226,0.547778308391571,0.18625134229660034,0.3092263340950012,
poison/poisilo/datapoisiloseq/poisauth_ilo_3f5b62a2.csv,ok,351,14,0,authentic,0,authentic,0.9790402054786682,all_windows,no_qualified_attack_window,14,0,0.0,True,0.9238280653953552,0.9790402054786682,0.06909114867448807,0.04030241817235947,0.11880718171596527,0.9790402054786682,0.06909114867448807,0.04030241817235947,0.11880718171596527,
poison/poisilo/datapoisiloseq/poisauth_ilo_3f5efff7.csv,ok,395,17,0,authentic,0,authentic,0.9932721257209778,all_windows,no_qualified_attack_window,17,0,0.0,True,0.9381179213523865,0.9932721257209778,0.03471670672297478,0.01946750469505787,0.15898916125297546,0.9932721257209778,0.03471670672297478,0.01946750469505787,0.15898916125297546,
poison/poisilo/datapoisiloseq/poisauth_ilo_3f5fa089.csv,ok,368,16,0,authentic,0,authentic,0.9889652729034424,all_windows,no_qualified_attack_window,16,0,0.0,True,0.8856861591339111,0.9889652729034424,0.10503656417131424,0.045778971165418625,0.23913124203681946,0.9889652729034424,0.10503656417131424,0.045778971165418625,0.23913124203681946,
poison/poisilo/datapoisiloseq/poisauth_ilo_3f60500a.csv,ok,355,15,0,authentic,0,authentic,0.9946967959403992,all_windows,no_qualified_attack_window,15,0,0.0,True,0.9209567308425903,0.9946967959403992,0.13097810745239258,0.03651498258113861,0.21105416119098663,0.9946967959403992,0.13097810745239258,0.03651498258113861,0.21105416119098663,
poison/poisilo/datapoisiloseq/poisauth_ilo_3f6347b9.csv,ok,377,16,0,authentic,0,authentic,0.9966049790382385,all_windows,no_qualified_attack_window,16,0,0.0,True,0.8895488381385803,0.9966049790382385,0.22574464976787567,0.04691518843173981,0.17889168858528137,0.9966049790382385,0.22574464976787567,0.04691518843173981,0.17889168858528137,
poison/poisilo/datapoisiloseq/poisauth_ilo_3f64055f.csv,ok,352,15,0,authentic,0,authentic,0.9999866485595703,all_windows,no_qualified_attack_window,15,0,0.0,True,0.946403443813324,0.9999866485595703,0.042050715535879135,0.022603658959269524,0.12127967923879623,0.9999866485595703,0.042050715535879135,0.022603658959269524,0.12127967923879623,
poison/poisilo/datapoisiloseq/poisauth_ilo_3f6b55f0.csv,ok,349,14,0,authentic,0,authentic,0.9876009225845337,all_windows,no_qualified_attack_window,14,0,0.0,True,0.904244601726532,0.9876009225845337,0.06560301780700684,0.03619828075170517,0.1597522348165512,0.9876009225845337,0.06560301780700684,0.03619828075170517,0.1597522348165512,
poison/poisilo/datapoisiloseq/poisauth_ilo_3f72ef4a.csv,ok,381,16,0,authentic,0,authentic,0.9661393165588379,all_windows,no_qualified_attack_window,16,0,0.0,True,0.8948768973350525,0.9661393165588379,0.13954657316207886,0.06064741685986519,0.13319282233715057,0.9661393165588379,0.13954657316207886,0.06064741685986519,0.13319282233715057,
poison/poisilo/datapoisiloseq/poisauth_ilo_3f744607.csv,ok,330,13,0,authentic,0,authentic,0.9804415702819824,all_windows,no_qualified_attack_window,13,0,0.0,True,0.902664065361023,0.9804415702819824,0.06700817495584488,0.03364075347781181,0.13800975680351257,0.9804415702819824,0.06700817495584488,0.03364075347781181,0.13800975680351257,
poison/poisilo/datapoisiloseq/poisauth_ilo_3f77d253.csv,ok,365,15,0,authentic,0,authentic,0.990113377571106,all_windows,no_qualified_attack_window,15,0,0.0,True,0.9381687641143799,0.990113377571106,0.04976565018296242,0.030901623889803886,0.07021355628967285,0.990113377571106,0.04976565018296242,0.030901623889803886,0.07021355628967285,
poison/poisilo/datapoisiloseq/poisauth_ilo_3f77fe9e.csv,ok,307,12,0,authentic,0,authentic,0.9861078262329102,all_windows,no_qualified_attack_window,12,0,0.0,True,0.9153425097465515,0.9861078262329102,0.1271432638168335,0.050931379199028015,0.11086388677358627,0.9861078262329102,0.1271432638168335,0.050931379199028015,0.11086388677358627,
poison/poisilo/datapoisiloseq/poisauth_ilo_3f781529.csv,ok,372,16,0,authentic,0,authentic,0.9812654852867126,all_windows,no_qualified_attack_window,16,0,0.0,True,0.9217857122421265,0.9812654852867126,0.06946799159049988,0.04795847460627556,0.08202047646045685,0.9812654852867126,0.06946799159049988,0.04795847460627556,0.08202047646045685,
poison/poisilo/datapoisiloseq/poisauth_ilo_3f7b76c0.csv,ok,322,13,0,authentic,0,authentic,0.9891920685768127,all_windows,no_qualified_attack_window,13,0,0.0,True,0.8941576480865479,0.9891920685768127,0.07163544744253159,0.10600046068429947,0.11920120567083359,0.9891920685768127,0.07163544744253159,0.10600046068429947,0.11920120567083359,
poison/poisilo/datapoisiloseq/poisauth_ilo_3f7c03bc.csv,ok,300,11,0,authentic,0,authentic,0.9965723752975464,all_windows,no_qualified_attack_window,11,0,0.0,True,0.8864198327064514,0.9965723752975464,0.1166585236787796,0.08521180599927902,0.11570701003074646,0.9965723752975464,0.1166585236787796,0.08521180599927902,0.11570701003074646,
poison/poisilo/datapoisiloseq/poisauth_ilo_3f7c4ea9.csv,ok,291,11,0,authentic,0,authentic,0.9977502226829529,all_windows,no_qualified_attack_window,11,0,0.0,True,0.8965067267417908,0.9977502226829529,0.1408301293849945,0.06271887570619583,0.13613170385360718,0.9977502226829529,0.1408301293849945,0.06271887570619583,0.13613170385360718,
poison/poisilo/datapoisiloseq/poisauth_ilo_3f7f2b48.csv,ok,326,13,0,authentic,0,authentic,0.992425799369812,all_windows,no_qualified_attack_window,13,0,0.0,True,0.9398863911628723,0.992425799369812,0.06617212295532227,0.03305624797940254,0.0721154734492302,0.992425799369812,0.06617212295532227,0.03305624797940254,0.0721154734492302,
poison/poisilo/datapoisiloseq/poisauth_ilo_3f8016a8.csv,ok,328,13,0,authentic,3,modified_position,0.9959646463394165,all_windows,qualified_attack_window,13,4,0.3076923076923077,False,0.5367835164070129,0.9894952178001404,0.26242467761039734,0.1451241821050644,0.9959646463394165,0.9894952178001404,0.26242467761039734,0.1451241821050644,0.9959646463394165,
poison/poisilo/datapoisiloseq/poisauth_ilo_3f80e88c.csv,ok,311,12,0,authentic,0,authentic,0.9872884154319763,all_windows,no_qualified_attack_window,12,0,0.0,True,0.8468826413154602,0.9872884154319763,0.2093287706375122,0.0971880853176117,0.1877504140138626,0.9872884154319763,0.2093287706375122,0.0971880853176117,0.1877504140138626,
poison/poisilo/datapoisiloseq/poisauth_ilo_3f839cd2.csv,ok,444,20,0,authentic,3,modified_position,0.9572609066963196,all_windows,qualified_attack_window,20,7,0.35,False,0.6582587361335754,0.9996337890625,0.856926679611206,0.03156321495771408,0.9572609066963196,0.9996337890625,0.856926679611206,0.03156321495771408,0.9572609066963196,
poison/poisilo/datapoisiloseq/poisauth_ilo_3f861a2f.csv,ok,298,11,0,authentic,0,authentic,0.9937232136726379,all_windows,no_qualified_attack_window,11,0,0.0,True,0.9238866567611694,0.9937232136726379,0.04909136891365051,0.03127525374293327,0.09830983728170395,0.9937232136726379,0.04909136891365051,0.03127525374293327,0.09830983728170395,
poison/poisilo/datapoisiloseq/poispos_ilo_3e32c266.csv,ok,343,14,3,modified_position,3,modified_position,0.9999843239784241,all_windows,qualified_attack_window,14,7,0.5,True,0.46063560247421265,0.9834064245223999,0.07698772847652435,0.038204483687877655,0.9999843239784241,0.9834064245223999,0.07698772847652435,0.038204483687877655,0.9999843239784241,
poison/poisilo/datapoisiloseq/poispos_ilo_3e346330.csv,ok,338,14,3,modified_position,3,modified_position,0.999997615814209,all_windows,qualified_attack_window,14,8,0.5714285714285714,True,0.4001767635345459,0.9942235350608826,0.13690580427646637,0.05387488007545471,0.999997615814209,0.9942235350608826,0.13690580427646637,0.05387488007545471,0.999997615814209,
poison/poisilo/datapoisiloseq/poispos_ilo_3e3663ba.csv,ok,340,14,3,modified_position,3,modified_position,0.9968701601028442,all_windows,qualified_attack_window,14,6,0.42857142857142855,True,0.4732312262058258,0.969122588634491,0.2156914472579956,0.01897360384464264,0.9968701601028442,0.969122588634491,0.2156914472579956,0.01897360384464264,0.9968701601028442,
poison/poisilo/datapoisiloseq/poispos_ilo_3e3762a3.csv,ok,332,13,3,modified_position,3,modified_position,0.9999343156814575,all_windows,qualified_attack_window,13,8,0.6153846153846154,True,0.3434928357601166,0.9867212772369385,0.08019846677780151,0.028562145307660103,0.9999343156814575,0.9867212772369385,0.08019846677780151,0.028562145307660103,0.9999343156814575,
poison/poisilo/datapoisiloseq/poispos_ilo_3e3fc7dd.csv,ok,290,11,3,modified_position,3,modified_position,1.0,all_windows,qualified_attack_window,11,8,0.7272727272727273,True,0.25395405292510986,0.9946162104606628,0.08524562418460846,0.04571375623345375,1.0,0.9946162104606628,0.08524562418460846,0.04571375623345375,1.0,
poison/poisilo/datapoisiloseq/poispos_ilo_3e4140e1.csv,ok,308,12,3,modified_position,3,modified_position,1.0,all_windows,qualified_attack_window,12,8,0.6666666666666666,True,0.32963237166404724,0.9966776371002197,0.0031289488542824984,0.0029956763610243797,1.0,0.9966776371002197,0.0031289488542824984,0.0029956763610243797,1.0,
poison/poisilo/datapoisiloseq/poispos_ilo_3e41e141.csv,ok,386,17,3,modified_position,3,modified_position,0.9999874830245972,all_windows,qualified_attack_window,17,8,0.47058823529411764,True,0.49217110872268677,0.981627881526947,0.10038186609745026,0.17193067073822021,0.9999874830245972,0.981627881526947,0.10038186609745026,0.17193067073822021,0.9999874830245972,
poison/poisilo/datapoisiloseq/poispos_ilo_3e4200fd.csv,ok,330,13,3,modified_position,3,modified_position,0.9995394349098206,all_windows,qualified_attack_window,13,7,0.5384615384615384,True,0.42451345920562744,0.9796010851860046,0.13452385365962982,0.04628967121243477,0.9995394349098206,0.9796010851860046,0.13452385365962982,0.04628967121243477,0.9995394349098206,
poison/poisilo/datapoisiloseq/poispos_ilo_3e450fa5.csv,ok,308,12,3,modified_position,3,modified_position,1.0,all_windows,qualified_attack_window,12,8,0.6666666666666666,True,0.3247165083885193,0.9943357110023499,0.02476443536579609,0.014163739047944546,1.0,0.9943357110023499,0.02476443536579609,0.014163739047944546,1.0,
poison/poisilo/datapoisiloseq/poispos_ilo_3e48848d.csv,ok,323,13,3,modified_position,3,modified_position,1.0,all_windows,qualified_attack_window,13,7,0.5384615384615384,True,0.4311976134777069,0.9811371564865112,0.02997654490172863,0.016725895926356316,1.0,0.9811371564865112,0.02997654490172863,0.016725895926356316,1.0,
poison/poisilo/datapoisiloseq/poispos_ilo_3e4ad54e.csv,ok,307,12,3,modified_position,3,modified_position,1.0,all_windows,qualified_attack_window,12,8,0.6666666666666666,True,0.27145645022392273,0.973332941532135,0.11937060207128525,0.05982644110918045,1.0,0.973332941532135,0.11937060207128525,0.05982644110918045,1.0,
poison/poisilo/datapoisiloseq/poispos_ilo_3e4c0eb7.csv,ok,381,16,3,modified_position,3,modified_position,1.0,all_windows,qualified_attack_window,16,9,0.5625,True,0.44724366068840027,0.9879943132400513,0.046127330511808395,0.020754339173436165,1.0,0.9879943132400513,0.046127330511808395,0.020754339173436165,1.0,
poison/poisilo/datapoisiloseq/poispos_ilo_3e4cc81e.csv,ok,407,18,3,modified_position,3,modified_position,0.9999998807907104,all_windows,qualified_attack_window,18,11,0.6111111111111112,True,0.3792046308517456,0.9815647006034851,0.07432559877634048,0.07326502352952957,0.9999998807907104,0.9815647006034851,0.07432559877634048,0.07326502352952957,0.9999998807907104,
poison/poisilo/datapoisiloseq/poispos_ilo_3e507167.csv,ok,334,13,3,modified_position,3,modified_position,0.9998450875282288,all_windows,qualified_attack_window,13,8,0.6153846153846154,True,0.40077000856399536,0.9809876680374146,0.04205966368317604,0.037637293338775635,0.9998450875282288,0.9809876680374146,0.04205966368317604,0.037637293338775635,0.9998450875282288,
poison/poisilo/datapoisiloseq/poispos_ilo_3e5efc82.csv,ok,307,12,3,modified_position,3,modified_position,1.0,all_windows,qualified_attack_window,12,8,0.6666666666666666,True,0.32214972376823425,0.9939101338386536,0.020411938428878784,0.008606282994151115,1.0,0.9939101338386536,0.020411938428878784,0.008606282994151115,1.0,
poison/poisilo/datapoisiloseq/poispos_ilo_3e5f44d1.csv,ok,327,13,3,modified_position,3,modified_position,0.9999926090240479,all_windows,qualified_attack_window,13,8,0.6153846153846154,True,0.360673725605011,0.9659600853919983,0.05752740800380707,0.02287527546286583,0.9999926090240479,0.9659600853919983,0.05752740800380707,0.02287527546286583,0.9999926090240479,
poison/poisilo/datapoisiloseq/poispos_ilo_3e5f6694.csv,ok,321,13,3,modified_position,3,modified_position,0.9996113181114197,all_windows,qualified_attack_window,13,7,0.5384615384615384,True,0.43875572085380554,0.9696184396743774,0.08906871825456619,0.08527877926826477,0.9996113181114197,0.9696184396743774,0.08906871825456619,0.08527877926826477,0.9996113181114197,
poison/poisilo/datapoisiloseq/poispos_ilo_3e60f81c.csv,ok,334,13,3,modified_position,3,modified_position,0.9999996423721313,all_windows,qualified_attack_window,13,6,0.46153846153846156,True,0.5060142874717712,0.9963261485099792,0.07388727366924286,0.03189273551106453,0.9999996423721313,0.9963261485099792,0.07388727366924286,0.03189273551106453,0.9999996423721313,
poison/poisilo/datapoisiloseq/poispos_ilo_3e629e12.csv,ok,342,14,3,modified_position,3,modified_position,0.9999954700469971,all_windows,qualified_attack_window,14,7,0.5,True,0.43342772126197815,0.9792514443397522,0.1300535649061203,0.044248659163713455,0.9999954700469971,0.9792514443397522,0.1300535649061203,0.044248659163713455,0.9999954700469971,
poison/poisilo/datapoisiloseq/poispos_ilo_3e686bbb.csv,ok,323,13,3,modified_position,3,modified_position,0.9999957084655762,all_windows,qualified_attack_window,13,7,0.5384615384615384,True,0.41587114334106445,0.9905582666397095,0.06709618866443634,0.018444320186972618,0.9999957084655762,0.9905582666397095,0.06709618866443634,0.018444320186972618,0.9999957084655762,
poison/poisilo/datapoisiloseq/poispos_ilo_3e69dcae.csv,ok,301,11,3,modified_position,3,modified_position,0.999997615814209,all_windows,qualified_attack_window,11,8,0.7272727272727273,True,0.24547503888607025,0.9851442575454712,0.12056615948677063,0.04844358563423157,0.999997615814209,0.9851442575454712,0.12056615948677063,0.04844358563423157,0.999997615814209,
poison/poisilo/datapoisiloseq/poispos_ilo_3e73cc93.csv,ok,318,12,3,modified_position,3,modified_position,1.0,all_windows,qualified_attack_window,12,8,0.6666666666666666,True,0.3032470941543579,0.9619570970535278,0.10471269488334656,0.017286181449890137,1.0,0.9619570970535278,0.10471269488334656,0.017286181449890137,1.0,
poison/poisilo/datapoisiloseq/poispos_ilo_3e747711.csv,ok,351,14,3,modified_position,3,modified_position,0.9999997615814209,all_windows,qualified_attack_window,14,6,0.42857142857142855,True,0.5047901272773743,0.9703970551490784,0.15975511074066162,0.046115271747112274,0.9999997615814209,0.9703970551490784,0.15975511074066162,0.046115271747112274,0.9999997615814209,
poison/poisilo/datapoisiloseq/poispos_ilo_3e77a20c.csv,ok,365,15,3,modified_position,3,modified_position,1.0,all_windows,qualified_attack_window,15,8,0.5333333333333333,True,0.4344833493232727,0.9728236794471741,0.08533994108438492,0.01728389970958233,1.0,0.9728236794471741,0.08533994108438492,0.01728389970958233,1.0,
poison/poisilo/datapoisiloseq/poispos_ilo_3e789c96.csv,ok,335,13,3,modified_position,3,modified_position,1.0,all_windows,qualified_attack_window,13,8,0.6153846153846154,True,0.3281770348548889,0.9242947101593018,0.23126675188541412,0.04249526187777519,1.0,0.9242947101593018,0.23126675188541412,0.04249526187777519,1.0,
poison/poisilo/datapoisiloseq/poispos_ilo_3e7bc372.csv,ok,318,12,3,modified_position,3,modified_position,1.0,all_windows,qualified_attack_window,12,8,0.6666666666666666,True,0.30646413564682007,0.9684783816337585,0.09912973642349243,0.026148034259676933,1.0,0.9684783816337585,0.09912973642349243,0.026148034259676933,1.0,
poison/poisilo/datapoisiloseq/poispos_ilo_3e7bdf66.csv,ok,316,12,3,modified_position,3,modified_position,0.9998924732208252,all_windows,qualified_attack_window,12,8,0.6666666666666666,True,0.30755695700645447,0.9931671619415283,0.025735126808285713,0.015657732263207436,0.9998924732208252,0.9931671619415283,0.025735126808285713,0.015657732263207436,0.9998924732208252,
poison/poisilo/datapoisiloseq/poispos_ilo_3e7c0f95.csv,ok,366,15,3,modified_position,3,modified_position,0.9999996423721313,all_windows,qualified_attack_window,15,11,0.7333333333333333,True,0.24671244621276855,0.9947580695152283,0.5961690545082092,0.024261634796857834,0.9999996423721313,0.9947580695152283,0.5961690545082092,0.024261634796857834,0.9999996423721313,
poison/poisilo/datapoisiloseq/poispos_ilo_3e7f017c.csv,ok,381,16,3,modified_position,3,modified_position,0.9999878406524658,all_windows,qualified_attack_window,16,10,0.625,True,0.3590415418148041,0.9835056662559509,0.02373374067246914,0.015926292166113853,0.9999878406524658,0.9835056662559509,0.02373374067246914,0.015926292166113853,0.9999878406524658,
poison/poisilo/datapoisiloseq/poispos_ilo_3e85478c.csv,ok,322,13,3,modified_position,3,modified_position,0.9999406337738037,all_windows,qualified_attack_window,13,9,0.6923076923076923,True,0.2973684072494507,0.9966463446617126,0.02404436096549034,0.01751834899187088,0.9999406337738037,0.9966463446617126,0.02404436096549034,0.01751834899187088,0.9999406337738037,
poison/poisilo/datapoisiloseq/poispos_ilo_3e88b247.csv,ok,313,12,3,modified_position,3,modified_position,0.9999998807907104,all_windows,qualified_attack_window,12,10,0.8333333333333334,True,0.16577404737472534,0.9875115752220154,0.2500360608100891,0.022216646000742912,0.9999998807907104,0.9875115752220154,0.2500360608100891,0.022216646000742912,0.9999998807907104,
poison/poisilo/datapoisiloseq/poispos_ilo_3e9deb96.csv,ok,343,14,3,modified_position,3,modified_position,0.9999991655349731,all_windows,qualified_attack_window,14,10,0.7142857142857143,True,0.30324527621269226,0.9950698614120483,0.03746253624558449,0.014856287278234959,0.9999991655349731,0.9950698614120483,0.03746253624558449,0.014856287278234959,0.9999991655349731,
poison/poisilo/datapoisiloseq/poispos_ilo_3e9ef454.csv,ok,366,15,3,modified_position,3,modified_position,1.0,all_windows,qualified_attack_window,15,8,0.5333333333333333,True,0.38246312737464905,0.9537465572357178,0.12199359387159348,0.05968642234802246,1.0,0.9537465572357178,0.12199359387159348,0.05968642234802246,1.0,
poison/poisilo/datapoisiloseq/poispos_ilo_3e9f5b6c.csv,ok,290,11,3,modified_position,3,modified_position,0.998956561088562,all_windows,qualified_attack_window,11,8,0.7272727272727273,True,0.2651233971118927,0.9879360198974609,0.006032875273376703,0.005057735368609428,0.998956561088562,0.9879360198974609,0.006032875273376703,0.005057735368609428,0.998956561088562,
poison/poisilo/datapoisiloseq/poispos_ilo_3e9f8e83.csv,ok,302,11,3,modified_position,3,modified_position,1.0,all_windows,qualified_attack_window,11,6,0.5454545454545454,True,0.42480117082595825,0.9963992834091187,0.02828979678452015,0.015340534970164299,1.0,0.9963992834091187,0.02828979678452015,0.015340534970164299,1.0,
poison/poisilo/datapoisiloseq/poispos_ilo_3ea29bae.csv,ok,310,12,3,modified_position,3,modified_position,0.9991866946220398,all_windows,qualified_attack_window,12,5,0.4166666666666667,True,0.529590368270874,0.9737296104431152,0.06652575731277466,0.031923312693834305,0.9991866946220398,0.9737296104431152,0.06652575731277466,0.031923312693834305,0.9991866946220398,
poison/poisilo/datapoisiloseq/poispos_ilo_3ea2b6f7.csv,ok,356,15,3,modified_position,3,modified_position,0.999966561794281,all_windows,qualified_attack_window,15,9,0.6,True,0.39020422101020813,0.9915770292282104,0.02063894458115101,0.015293598175048828,0.999966561794281,0.9915770292282104,0.02063894458115101,0.015293598175048828,0.999966561794281,
poison/poisilo/datapoisiloseq/poispos_ilo_3ea424f4.csv,ok,366,15,3,modified_position,3,modified_position,0.9999994039535522,all_windows,qualified_attack_window,15,10,0.6666666666666666,True,0.3261610269546509,0.9887840747833252,0.035259295254945755,0.01217135600745678,0.9999994039535522,0.9887840747833252,0.035259295254945755,0.01217135600745678,0.9999994039535522,
poison/poisilo/datapoisiloseq/poispos_ilo_3ea5cc65.csv,ok,338,14,3,modified_position,3,modified_position,1.0,all_windows,qualified_attack_window,14,7,0.5,True,0.47406166791915894,0.9741309285163879,0.04562731832265854,0.02270924672484398,1.0,0.9741309285163879,0.04562731832265854,0.02270924672484398,1.0,
poison/poisilo/datapoisiloseq/poispos_ilo_3ea7fb36.csv,ok,341,14,3,modified_position,3,modified_position,0.9999998807907104,all_windows,qualified_attack_window,14,8,0.5714285714285714,True,0.366401731967926,0.9183108806610107,0.18342213332653046,0.05177070200443268,0.9999998807907104,0.9183108806610107,0.18342213332653046,0.05177070200443268,0.9999998807907104,
poison/poisilo/datapoisiloseq/poispos_ilo_3ea8a997.csv,ok,339,14,3,modified_position,3,modified_position,0.9999994039535522,all_windows,qualified_attack_window,14,9,0.6428571428571429,True,0.35246556997299194,0.9962198138237,0.003265111008659005,0.0019006974762305617,0.9999994039535522,0.9962198138237,0.003265111008659005,0.0019006974762305617,0.9999994039535522,
poison/poisilo/datapoisiloseq/poispos_ilo_3eacb8d0.csv,ok,314,12,3,modified_position,3,modified_position,1.0,all_windows,qualified_attack_window,12,10,0.8333333333333334,True,0.13677971065044403,0.9975354671478271,0.15446576476097107,0.2049502730369568,1.0,0.9975354671478271,0.15446576476097107,0.2049502730369568,1.0,
poison/poisilo/datapoisiloseq/poispos_ilo_3eace86b.csv,ok,325,13,3,modified_position,3,modified_position,1.0,all_windows,qualified_attack_window,13,8,0.6153846153846154,True,0.3450111150741577,0.9944183230400085,0.010859605856239796,0.006952676456421614,1.0,0.9944183230400085,0.010859605856239796,0.006952676456421614,1.0,
poison/poisilo/datapoisiloseq/poispos_ilo_3ead61ed.csv,ok,338,14,3,modified_position,3,modified_position,0.9999217391014099,all_windows,qualified_attack_window,14,7,0.5,True,0.49441003799438477,0.971764326095581,0.04509460926055908,0.029812542721629143,0.9999217391014099,0.971764326095581,0.04509460926055908,0.029812542721629143,0.9999217391014099,
poison/poisilo/datapoisiloseq/poispos_ilo_3eb43f10.csv,ok,340,14,3,modified_position,3,modified_position,0.9999997615814209,all_windows,qualified_attack_window,14,7,0.5,True,0.4747200906276703,0.9968973398208618,0.0437714159488678,0.027782442048192024,0.9999997615814209,0.9968973398208618,0.0437714159488678,0.027782442048192024,0.9999997615814209,
poison/poisilo/datapoisiloseq/poispos_ilo_3eb4f8a8.csv,ok,282,10,3,modified_position,3,modified_position,0.9999997615814209,all_windows,qualified_attack_window,10,9,0.9,True,0.07135285437107086,0.6962112188339233,0.14323073625564575,0.09151281416416168,0.9999997615814209,0.6962112188339233,0.14323073625564575,0.09151281416416168,0.9999997615814209,
poison/poisilo/datapoisiloseq/poispos_ilo_3eb52861.csv,ok,336,14,3,modified_position,3,modified_position,1.0,all_windows,qualified_attack_window,14,8,0.5714285714285714,True,0.3982495367527008,0.9999901056289673,0.06176107004284859,0.04129083454608917,1.0,0.9999901056289673,0.06176107004284859,0.04129083454608917,1.0,
poison/poisilo/datapoisiloseq/poispos_ilo_3eb8757b.csv,ok,314,12,3,modified_position,3,modified_position,0.9999998807907104,all_windows,qualified_attack_window,12,9,0.75,True,0.2564283609390259,0.9987521767616272,0.04296911135315895,0.007581957150250673,0.9999998807907104,0.9987521767616272,0.04296911135315895,0.007581957150250673,0.9999998807907104,
poison/poisilo/datapoisiloseq/poispos_ilo_3ebc3223.csv,ok,413,18,3,modified_position,3,modified_position,0.9999996423721313,all_windows,qualified_attack_window,18,8,0.4444444444444444,True,0.5288848876953125,0.9862635135650635,0.050235386937856674,0.045257844030857086,0.9999996423721313,0.9862635135650635,0.050235386937856674,0.045257844030857086,0.9999996423721313,
poison/poisilo/datapoisiloseq/poispos_ilo_3ebfe5b2.csv,ok,323,13,3,modified_position,3,modified_position,1.0,all_windows,qualified_attack_window,13,7,0.5384615384615384,True,0.42104339599609375,0.9770200848579407,0.06755117326974869,0.027621706947684288,1.0,0.9770200848579407,0.06755117326974869,0.027621706947684288,1.0,
poison/poisilo/datapoisiloseq/poispos_ilo_3ec1e2cc.csv,ok,308,12,3,modified_position,3,modified_position,1.0,all_windows,qualified_attack_window,12,7,0.5833333333333334,True,0.4114411771297455,0.9978032112121582,0.003170904703438282,0.0031545415986329317,1.0,0.9978032112121582,0.003170904703438282,0.0031545415986329317,1.0,
poison/poisilo/datapoisiloseq/poispos_ilo_3ec39cbb.csv,ok,305,12,3,modified_position,3,modified_position,0.9996766448020935,all_windows,qualified_attack_window,12,7,0.5833333333333334,True,0.4362960755825043,0.996701717376709,0.0653667226433754,0.008940291590988636,0.9996766448020935,0.996701717376709,0.0653667226433754,0.008940291590988636,0.9996766448020935,
poison/poisilo/datapoisiloseq/poispos_ilo_3ec512c5.csv,ok,334,13,3,modified_position,3,modified_position,0.9702024459838867,all_windows,qualified_attack_window,13,7,0.5384615384615384,True,0.4722539186477661,0.9681253433227539,0.07833922654390335,0.0388319306075573,0.9702024459838867,0.9681253433227539,0.07833922654390335,0.0388319306075573,0.9702024459838867,
poison/poisilo/datapoisiloseq/poispos_ilo_3ec9d36a.csv,ok,363,15,3,modified_position,3,modified_position,1.0,all_windows,qualified_attack_window,15,9,0.6,True,0.37584006786346436,0.9793328642845154,0.04889644682407379,0.04243732616305351,1.0,0.9793328642845154,0.04889644682407379,0.04243732616305351,1.0,
poison/poisilo/datapoisiloseq/poispos_ilo_3ed210c2.csv,ok,326,13,3,modified_position,3,modified_position,0.9999958276748657,all_windows,qualified_attack_window,13,8,0.6153846153846154,True,0.3583865761756897,0.9635801911354065,0.09803085774183273,0.029217077419161797,0.9999958276748657,0.9635801911354065,0.09803085774183273,0.029217077419161797,0.9999958276748657,
poison/poisilo/datapoisiloseq/poispos_ilo_3ed40e2a.csv,ok,402,18,3,modified_position,3,modified_position,0.9999856948852539,all_windows,qualified_attack_window,18,9,0.5,True,0.4617064893245697,0.9996570944786072,0.431279718875885,0.2353963851928711,0.9999856948852539,0.9996570944786072,0.431279718875885,0.2353963851928711,0.9999856948852539,
poison/poisilo/datapoisiloseq/poispos_ilo_3edd822a.csv,ok,314,12,3,modified_position,3,modified_position,0.9998868703842163,all_windows,qualified_attack_window,12,8,0.6666666666666666,True,0.3277038037776947,0.9959133267402649,0.008465413935482502,0.0062872604466974735,0.9998868703842163,0.9959133267402649,0.008465413935482502,0.0062872604466974735,0.9998868703842163,
poison/poisilo/datapoisiloseq/poispos_ilo_3edef2e4.csv,ok,332,13,3,modified_position,3,modified_position,0.9999826550483704,all_windows,qualified_attack_window,13,9,0.6923076923076923,True,0.2882174849510193,0.9490197896957397,0.029206346720457077,0.023678747937083244,0.9999826550483704,0.9490197896957397,0.029206346720457077,0.023678747937083244,0.9999826550483704,
poison/poisilo/datapoisiloseq/poispos_ilo_3ee1539b.csv,ok,337,14,3,modified_position,3,modified_position,1.0,all_windows,qualified_attack_window,14,8,0.5714285714285714,True,0.38268807530403137,0.9788039326667786,0.0702878013253212,0.03821863979101181,1.0,0.9788039326667786,0.0702878013253212,0.03821863979101181,1.0,
poison/poisilo/datapoisiloseq/poispos_ilo_3ee40c71.csv,ok,326,13,3,modified_position,3,modified_position,1.0,all_windows,qualified_attack_window,13,8,0.6153846153846154,True,0.3744341731071472,0.9967849850654602,0.006738004740327597,0.0037317427340894938,1.0,0.9967849850654602,0.006738004740327597,0.0037317427340894938,1.0,
poison/poisilo/datapoisiloseq/poispos_ilo_3eeef889.csv,ok,346,14,3,modified_position,3,modified_position,0.9999978542327881,all_windows,qualified_attack_window,14,8,0.5714285714285714,True,0.41699403524398804,0.9923039078712463,0.021633079275488853,0.0062897964380681515,0.9999978542327881,0.9923039078712463,0.021633079275488853,0.0062897964380681515,0.9999978542327881,
poison/poisilo/datapoisiloseq/poispos_ilo_3ef31fcf.csv,ok,341,14,3,modified_position,3,modified_position,0.999508261680603,all_windows,qualified_attack_window,14,8,0.5714285714285714,True,0.4027816355228424,0.9946908354759216,0.05391380190849304,0.030483972281217575,0.999508261680603,0.9946908354759216,0.05391380190849304,0.030483972281217575,0.999508261680603,
poison/poisilo/datapoisiloseq/poispos_ilo_3ef4200d.csv,ok,363,15,3,modified_position,3,modified_position,0.8797385096549988,all_windows,qualified_attack_window,15,6,0.4,True,0.5909871459007263,0.9840304255485535,0.7258893847465515,0.23267464339733124,0.8797385096549988,0.9840304255485535,0.7258893847465515,0.23267464339733124,0.8797385096549988,
poison/poisilo/datapoisiloseq/poispos_ilo_3ef45cba.csv,ok,333,13,3,modified_position,3,modified_position,1.0,all_windows,qualified_attack_window,13,8,0.6153846153846154,True,0.355793833732605,0.9939662218093872,0.018722139298915863,0.014054144732654095,1.0,0.9939662218093872,0.018722139298915863,0.014054144732654095,1.0,
poison/poisilo/datapoisiloseq/poispos_ilo_3ef7b77e.csv,ok,316,12,3,modified_position,3,modified_position,1.0,all_windows,qualified_attack_window,12,8,0.6666666666666666,True,0.31989026069641113,0.9866098165512085,0.03686200827360153,0.045022472739219666,1.0,0.9866098165512085,0.03686200827360153,0.045022472739219666,1.0,
poison/poisilo/datapoisiloseq/poispos_ilo_3ef7ed9b.csv,ok,337,14,3,modified_position,3,modified_position,0.9999998807907104,all_windows,qualified_attack_window,14,10,0.7142857142857143,True,0.2780352234840393,0.9871160387992859,0.11916086077690125,0.026984434574842453,0.9999998807907104,0.9871160387992859,0.11916086077690125,0.026984434574842453,0.9999998807907104,
poison/poisilo/datapoisiloseq/poispos_ilo_3ef80292.csv,ok,313,12,3,modified_position,3,modified_position,1.0,all_windows,qualified_attack_window,12,5,0.4166666666666667,True,0.5050851702690125,0.9884067177772522,0.040841199457645416,0.01847764290869236,1.0,0.9884067177772522,0.040841199457645416,0.01847764290869236,1.0,
poison/poisilo/datapoisiloseq/poispos_ilo_3ef94c0c.csv,ok,306,12,3,modified_position,3,modified_position,1.0,all_windows,qualified_attack_window,12,12,1.0,True,0.03492632135748863,0.35012108087539673,0.9015729427337646,0.09133321791887283,1.0,0.35012108087539673,0.9015729427337646,0.09133321791887283,1.0,
poison/poisilo/datapoisiloseq/poispos_ilo_3efa8105.csv,ok,310,12,3,modified_position,3,modified_position,1.0,all_windows,qualified_attack_window,12,8,0.6666666666666666,True,0.3002120852470398,0.9933369755744934,0.12706556916236877,0.2357855588197708,1.0,0.9933369755744934,0.12706556916236877,0.2357855588197708,1.0,
poison/poisilo/datapoisiloseq/poispos_ilo_3efe4237.csv,ok,372,16,3,modified_position,3,modified_position,1.0,all_windows,qualified_attack_window,16,9,0.5625,True,0.40969008207321167,0.990912675857544,0.11003462970256805,0.01864033378660679,1.0,0.990912675857544,0.11003462970256805,0.01864033378660679,1.0,
poison/poisilo/datapoisiloseq/poispos_ilo_3eff6a76.csv,ok,445,20,3,modified_position,3,modified_position,0.9999997615814209,all_windows,qualified_attack_window,20,16,0.8,True,0.23728656768798828,0.9943990707397461,0.09249754995107651,0.018233507871627808,0.9999997615814209,0.9943990707397461,0.09249754995107651,0.018233507871627808,0.9999997615814209,
poison/poisilo/datapoisiloseq/poispos_ilo_3eff8258.csv,ok,357,15,3,modified_position,3,modified_position,1.0,all_windows,qualified_attack_window,15,5,0.3333333333333333,True,0.6287081241607666,0.998065173625946,0.0754181370139122,0.2738218307495117,1.0,0.998065173625946,0.0754181370139122,0.2738218307495117,1.0,
poison/poisilo/datapoisiloseq/poispos_ilo_3effdea4.csv,ok,332,13,3,modified_position,3,modified_position,0.9998141527175903,all_windows,qualified_attack_window,13,7,0.5384615384615384,True,0.40625810623168945,0.9286296367645264,0.11305529624223709,0.04504281282424927,0.9998141527175903,0.9286296367645264,0.11305529624223709,0.04504281282424927,0.9998141527175903,
poison/poisilo/datapoisiloseq/poispos_ilo_3f013067.csv,ok,319,12,3,modified_position,3,modified_position,0.9999521970748901,all_windows,qualified_attack_window,12,5,0.4166666666666667,True,0.5187329649925232,0.9433449506759644,0.14273935556411743,0.06852798908948898,0.9999521970748901,0.9433449506759644,0.14273935556411743,0.06852798908948898,0.9999521970748901,
poison/poisilo/datapoisiloseq/poispos_ilo_3f029b8f.csv,ok,334,13,3,modified_position,3,modified_position,0.9992766380310059,all_windows,qualified_attack_window,13,7,0.5384615384615384,True,0.3842507004737854,0.9653199315071106,0.16883474588394165,0.056870460510253906,0.9992766380310059,0.9653199315071106,0.16883474588394165,0.056870460510253906,0.9992766380310059,
poison/poisilo/datapoisiloseq/poispos_ilo_3f02a387.csv,ok,332,13,3,modified_position,3,modified_position,1.0,all_windows,qualified_attack_window,13,8,0.6153846153846154,True,0.3671562075614929,0.9861921668052673,0.01245920266956091,0.007521011866629124,1.0,0.9861921668052673,0.01245920266956091,0.007521011866629124,1.0,
poison/poisilo/datapoisiloseq/poispos_ilo_3f05d310.csv,ok,330,13,3,modified_position,3,modified_position,1.0,all_windows,qualified_attack_window,13,8,0.6153846153846154,True,0.36694085597991943,0.987858235836029,0.04618426039814949,0.026011725887656212,1.0,0.987858235836029,0.04618426039814949,0.026011725887656212,1.0,
poison/poisilo/datapoisiloseq/poispos_ilo_3f0691d7.csv,ok,307,12,3,modified_position,3,modified_position,0.999265193939209,all_windows,qualified_attack_window,12,4,0.3333333333333333,True,0.5630220770835876,0.9559952616691589,0.06327585875988007,0.038585253059864044,0.999265193939209,0.9559952616691589,0.06327585875988007,0.038585253059864044,0.999265193939209,
poison/poisilo/datapoisiloseq/poispos_ilo_3f06c8a1.csv,ok,280,10,3,modified_position,3,modified_position,1.0,all_windows,qualified_attack_window,10,9,0.9,True,0.09937793016433716,0.9937765598297119,0.0017388897249475121,0.0010010451078414917,1.0,0.9937765598297119,0.0017388897249475121,0.0010010451078414917,1.0,
poison/poisilo/datapoisiloseq/poispos_ilo_3f090bf5.csv,ok,319,12,3,modified_position,3,modified_position,0.9999995231628418,all_windows,qualified_attack_window,12,8,0.6666666666666666,True,0.30878499150276184,0.9971352815628052,0.03513419255614281,0.018950656056404114,0.9999995231628418,0.9971352815628052,0.03513419255614281,0.018950656056404114,0.9999995231628418,
poison/poisilo/datapoisiloseq/poispos_ilo_3f09574d.csv,ok,340,14,3,modified_position,3,modified_position,1.0,all_windows,qualified_attack_window,14,8,0.5714285714285714,True,0.4142265319824219,0.9933197498321533,0.024599000811576843,0.02317446656525135,1.0,0.9933197498321533,0.024599000811576843,0.02317446656525135,1.0,
poison/poisilo/datapoisiloseq/poispos_ilo_3f1156c5.csv,ok,338,14,3,modified_position,3,modified_position,0.9999943971633911,all_windows,qualified_attack_window,14,9,0.6428571428571429,True,0.3391087055206299,0.977210283279419,0.036134134978055954,0.026978101581335068,0.9999943971633911,0.977210283279419,0.036134134978055954,0.026978101581335068,0.9999943971633911,
poison/poisilo/datapoisiloseq/poispos_ilo_3f11c6ae.csv,ok,309,12,3,modified_position,3,modified_position,1.0,all_windows,qualified_attack_window,12,9,0.75,True,0.25146183371543884,0.9960620403289795,0.25580063462257385,0.004206355195492506,1.0,0.9960620403289795,0.25580063462257385,0.004206355195492506,1.0,
poison/poisilo/datapoisiloseq/poispos_ilo_3f150116.csv,ok,334,13,3,modified_position,3,modified_position,1.0,all_windows,qualified_attack_window,13,8,0.6153846153846154,True,0.3732125461101532,0.9960729479789734,0.028776835650205612,0.017568813636898994,1.0,0.9960729479789734,0.028776835650205612,0.017568813636898994,1.0,
poison/poisilo/datapoisiloseq/poispos_ilo_3f15649c.csv,ok,350,14,3,modified_position,1,modified_altitude,0.9995347261428833,all_windows,qualified_attack_window,14,9,0.6428571428571429,False,0.3104909360408783,0.935111403465271,0.9995347261428833,0.0533582977950573,0.9983157515525818,0.935111403465271,0.9995347261428833,0.0533582977950573,0.9983157515525818,
poison/poisilo/datapoisiloseq/poispos_ilo_3f15ddc6.csv,ok,357,15,3,modified_position,3,modified_position,0.999925971031189,all_windows,qualified_attack_window,15,6,0.4,True,0.49163296818733215,0.9438647627830505,0.12626641988754272,0.07675632834434509,0.999925971031189,0.9438647627830505,0.12626641988754272,0.07675632834434509,0.999925971031189,
poison/poisilo/datapoisiloseq/poispos_ilo_3f1930f9.csv,ok,352,15,3,modified_position,3,modified_position,1.0,all_windows,qualified_attack_window,15,8,0.5333333333333333,True,0.40998905897140503,0.9338147044181824,0.12483657896518707,0.07724310457706451,1.0,0.9338147044181824,0.12483657896518707,0.07724310457706451,1.0,
poison/poisilo/datapoisiloseq/poispos_ilo_3f194a7b.csv,ok,346,14,3,modified_position,3,modified_position,1.0,all_windows,qualified_attack_window,14,9,0.6428571428571429,True,0.3446020185947418,0.9938579201698303,0.009563764557242393,0.00732857920229435,1.0,0.9938579201698303,0.009563764557242393,0.00732857920229435,1.0,
poison/poisilo/datapoisiloseq/poispos_ilo_3f1a0a9c.csv,ok,353,15,3,modified_position,3,modified_position,1.0,all_windows,qualified_attack_window,15,10,0.6666666666666666,True,0.29596850275993347,0.9848684072494507,0.09898418933153152,0.014550949446856976,1.0,0.9848684072494507,0.09898418933153152,0.014550949446856976,1.0,
poison/poisilo/datapoisiloseq/poispos_ilo_3f1a9bea.csv,ok,343,14,3,modified_position,3,modified_position,0.9999923706054688,all_windows,qualified_attack_window,14,9,0.6428571428571429,True,0.3627147376537323,0.977978527545929,0.041791047900915146,0.021897809579968452,0.9999923706054688,0.977978527545929,0.041791047900915146,0.021897809579968452,0.9999923706054688,
poison/poisilo/datapoisiloseq/poispos_ilo_3f1c610e.csv,ok,422,19,3,modified_position,3,modified_position,0.9999995231628418,all_windows,qualified_attack_window,19,8,0.42105263157894735,True,0.5482438802719116,0.9972712397575378,0.3223022520542145,0.02332622930407524,0.9999995231628418,0.9972712397575378,0.3223022520542145,0.02332622930407524,0.9999995231628418,
poison/poisilo/datapoisiloseq/poispos_ilo_3f1cb509.csv,ok,305,12,3,modified_position,3,modified_position,0.9999970197677612,all_windows,qualified_attack_window,12,10,0.8333333333333334,True,0.1596691757440567,0.9744293689727783,0.025535456836223602,0.01007987279444933,0.9999970197677612,0.9744293689727783,0.025535456836223602,0.01007987279444933,0.9999970197677612,
poison/poisilo/datapoisiloseq/poispos_ilo_3f1e35bd.csv,ok,324,13,3,modified_position,3,modified_position,1.0,all_windows,qualified_attack_window,13,9,0.6923076923076923,True,0.29016539454460144,0.9872138500213623,0.03326379880309105,0.029051318764686584,1.0,0.9872138500213623,0.03326379880309105,0.029051318764686584,1.0,
poison/poisilo/datapoisiloseq/poispos_ilo_3f21d14b.csv,ok,332,13,3,modified_position,3,modified_position,1.0,all_windows,qualified_attack_window,13,8,0.6153846153846154,True,0.34287452697753906,0.9953332543373108,0.0787358358502388,0.04024585708975792,1.0,0.9953332543373108,0.0787358358502388,0.04024585708975792,1.0,
poison/poisilo/datapoisiloseq/poispos_ilo_3f230e20.csv,ok,339,14,3,modified_position,3,modified_position,1.0,all_windows,qualified_attack_window,14,8,0.5714285714285714,True,0.35205787420272827,0.9754891395568848,0.33839574456214905,0.06833859533071518,1.0,0.9754891395568848,0.33839574456214905,0.06833859533071518,1.0,
poison/poisilo/datapoisiloseq/poispos_ilo_3f26a43d.csv,ok,384,17,3,modified_position,3,modified_position,0.9999464750289917,all_windows,qualified_attack_window,17,6,0.35294117647058826,True,0.5354951024055481,0.9913856983184814,0.3214467167854309,0.08131624758243561,0.9999464750289917,0.9913856983184814,0.3214467167854309,0.08131624758243561,0.9999464750289917,
poison/poisilo/datapoisiloseq/poispos_ilo_3f271126.csv,ok,285,10,3,modified_position,3,modified_position,0.9999998807907104,all_windows,qualified_attack_window,10,8,0.8,True,0.19485750794410706,0.9862850904464722,0.009202765300869942,0.010377641767263412,0.9999998807907104,0.9862850904464722,0.009202765300869942,0.010377641767263412,0.9999998807907104,
poison/poisilo/datapoisiloseq/poispos_ilo_3f277733.csv,ok,313,12,3,modified_position,3,modified_position,0.9997352957725525,all_windows,qualified_attack_window,12,9,0.75,True,0.24136854708194733,0.9910001158714294,0.11774247884750366,0.012154821306467056,0.9997352957725525,0.9910001158714294,0.11774247884750366,0.012154821306467056,0.9997352957725525,
poison/poisilo/datapoisiloseq/poispos_ilo_3f2d6dfb.csv,ok,307,12,3,modified_position,3,modified_position,1.0,all_windows,qualified_attack_window,12,8,0.6666666666666666,True,0.32630160450935364,0.9953972101211548,0.007303173653781414,0.005860474891960621,1.0,0.9953972101211548,0.007303173653781414,0.005860474891960621,1.0,
poison/poisilo/datapoisiloseq/poispos_ilo_3f2e975f.csv,ok,307,12,3,modified_position,3,modified_position,0.9999891519546509,all_windows,qualified_attack_window,12,6,0.5,True,0.48451629281044006,0.9978798031806946,0.024437174201011658,0.013317258097231388,0.9999891519546509,0.9978798031806946,0.024437174201011658,0.013317258097231388,0.9999891519546509,
poison/poisilo/datapoisiloseq/poispos_ilo_3f324087.csv,ok,330,13,3,modified_position,3,modified_position,1.0,all_windows,qualified_attack_window,13,6,0.46153846153846156,True,0.4695281386375427,0.9614865779876709,0.08171779662370682,0.03892240300774574,1.0,0.9614865779876709,0.08171779662370682,0.03892240300774574,1.0,
poison/poisilo/datapoisiloseq/poispos_ilo_3f32b736.csv,ok,307,12,3,modified_position,3,modified_position,0.9999998807907104,all_windows,qualified_attack_window,12,8,0.6666666666666666,True,0.3214851915836334,0.9842653870582581,0.014958810992538929,0.016512596979737282,0.9999998807907104,0.9842653870582581,0.014958810992538929,0.016512596979737282,0.9999998807907104,
poison/poisilo/datapoisiloseq/poispos_ilo_3f360e8a.csv,ok,351,14,3,modified_position,3,modified_position,0.9999998807907104,all_windows,qualified_attack_window,14,10,0.7142857142857143,True,0.2709360420703888,0.9785234928131104,0.029309352859854698,0.017242761328816414,0.9999998807907104,0.9785234928131104,0.029309352859854698,0.017242761328816414,0.9999998807907104,
poison/poisilo/datapoisiloseq/poispos_ilo_3f369bbc.csv,ok,428,19,3,modified_position,3,modified_position,1.0,all_windows,qualified_attack_window,19,9,0.47368421052631576,True,0.5088636875152588,0.9947729110717773,0.06093165650963783,0.021645380184054375,1.0,0.9947729110717773,0.06093165650963783,0.021645380184054375,1.0,
poison/poisilo/datapoisiloseq/poispos_ilo_3f377a2b.csv,ok,336,14,3,modified_position,3,modified_position,0.9999997615814209,all_windows,qualified_attack_window,14,8,0.5714285714285714,True,0.3923129439353943,0.9527872204780579,0.07118230313062668,0.04271836578845978,0.9999997615814209,0.9527872204780579,0.07118230313062668,0.04271836578845978,0.9999997615814209,
poison/poisilo/datapoisiloseq/poispos_ilo_3f39e627.csv,ok,298,11,3,modified_position,3,modified_position,0.9999803304672241,all_windows,qualified_attack_window,11,6,0.5454545454545454,True,0.41742485761642456,0.9383974075317383,0.06356856971979141,0.033356767147779465,0.9999803304672241,0.9383974075317383,0.06356856971979141,0.033356767147779465,0.9999803304672241,
poison/poisilo/datapoisiloseq/poispos_ilo_3f3b2128.csv,ok,323,13,3,modified_position,3,modified_position,1.0,all_windows,qualified_attack_window,13,8,0.6153846153846154,True,0.3595588803291321,0.9920526742935181,0.06462815403938293,0.021663328632712364,1.0,0.9920526742935181,0.06462815403938293,0.021663328632712364,1.0,
poison/poisilo/datapoisiloseq/poispos_ilo_3f3cf514.csv,ok,426,19,3,modified_position,1,modified_altitude,0.9405561685562134,all_windows,qualified_attack_window,19,7,0.3684210526315789,False,0.5444795489311218,0.9800717234611511,0.9405561685562134,0.02885313704609871,0.8019666075706482,0.9800717234611511,0.9405561685562134,0.02885313704609871,0.8019666075706482,
poison/poisilo/datapoisiloseq/poispos_ilo_3f42ccae.csv,ok,315,12,3,modified_position,3,modified_position,1.0,all_windows,qualified_attack_window,12,9,0.75,True,0.23862238228321075,0.9841212034225464,0.01813836209475994,0.00657091336324811,1.0,0.9841212034225464,0.01813836209475994,0.00657091336324811,1.0,
poison/poisilo/datapoisiloseq/poispos_ilo_3f431366.csv,ok,305,12,3,modified_position,3,modified_position,0.9999998807907104,all_windows,qualified_attack_window,12,7,0.5833333333333334,True,0.4034191071987152,0.984032392501831,0.021363036707043648,0.0149819515645504,0.9999998807907104,0.984032392501831,0.021363036707043648,0.0149819515645504,0.9999998807907104,
poison/poisilo/datapoisiloseq/poispos_ilo_3f4743c2.csv,ok,363,15,3,modified_position,3,modified_position,0.9999998807907104,all_windows,qualified_attack_window,15,9,0.6,True,0.38967159390449524,0.9886047840118408,0.018414385616779327,0.012203889898955822,0.9999998807907104,0.9886047840118408,0.018414385616779327,0.012203889898955822,0.9999998807907104,
poison/poisilo/datapoisiloseq/poispos_ilo_3f47bbd5.csv,ok,324,13,3,modified_position,3,modified_position,0.9999101758003235,all_windows,qualified_attack_window,13,8,0.6153846153846154,True,0.3516484498977661,0.9604373574256897,0.031619589775800705,0.022568361833691597,0.9999101758003235,0.9604373574256897,0.031619589775800705,0.022568361833691597,0.9999101758003235,
poison/poisilo/datapoisiloseq/poispos_ilo_3f4f6924.csv,ok,371,16,3,modified_position,3,modified_position,1.0,all_windows,qualified_attack_window,16,8,0.5,True,0.49182116985321045,0.9959253072738647,0.007791454903781414,0.004980835132300854,1.0,0.9959253072738647,0.007791454903781414,0.004980835132300854,1.0,
poison/poisilo/datapoisiloseq/poispos_ilo_3f52727a.csv,ok,356,15,3,modified_position,3,modified_position,0.9999998807907104,all_windows,qualified_attack_window,15,7,0.4666666666666667,True,0.4573051333427429,0.9795480966567993,0.21722011268138885,0.12824219465255737,0.9999998807907104,0.9795480966567993,0.21722011268138885,0.12824219465255737,0.9999998807907104,
poison/poisilo/datapoisiloseq/poispos_ilo_3f538b28.csv,ok,347,14,3,modified_position,3,modified_position,0.9999567866325378,all_windows,qualified_attack_window,14,6,0.42857142857142855,True,0.528628408908844,0.9947807192802429,0.027627399191260338,0.012959745712578297,0.9999567866325378,0.9947807192802429,0.027627399191260338,0.012959745712578297,0.9999567866325378,
poison/poisilo/datapoisiloseq/poispos_ilo_3f53add6.csv,ok,349,14,3,modified_position,3,modified_position,0.9999998807907104,all_windows,qualified_attack_window,14,8,0.5714285714285714,True,0.3932875990867615,0.9748730659484863,0.1521615982055664,0.027509620413184166,0.9999998807907104,0.9748730659484863,0.1521615982055664,0.027509620413184166,0.9999998807907104,
poison/poisilo/datapoisiloseq/poispos_ilo_3f5efff7.csv,ok,395,17,3,modified_position,3,modified_position,0.9710427522659302,all_windows,qualified_attack_window,17,7,0.4117647058823529,True,0.552111804485321,0.9932721257209778,0.05339103937149048,0.020427053794264793,0.9710427522659302,0.9932721257209778,0.05339103937149048,0.020427053794264793,0.9710427522659302,
poison/poisilo/datapoisiloseq/poispos_ilo_3f5fa089.csv,ok,368,16,3,modified_position,3,modified_position,0.9960121512413025,all_windows,qualified_attack_window,16,5,0.3125,True,0.6028097867965698,0.9889652729034424,0.11214680224657059,0.04622125253081322,0.9960121512413025,0.9889652729034424,0.11214680224657059,0.04622125253081322,0.9960121512413025,
poison/poisilo/datapoisiloseq/poispos_ilo_3f60500a.csv,ok,355,15,3,modified_position,3,modified_position,1.0,all_windows,qualified_attack_window,15,9,0.6,True,0.3859861493110657,0.9946967959403992,0.06684654951095581,0.03134516626596451,1.0,0.9946967959403992,0.06684654951095581,0.03134516626596451,1.0,
poison/poisilo/datapoisiloseq/poispos_ilo_3f6347b9.csv,ok,377,16,3,modified_position,3,modified_position,1.0,all_windows,qualified_attack_window,16,8,0.5,True,0.4645872712135315,0.9966049790382385,0.22574464976787567,0.012390458025038242,1.0,0.9966049790382385,0.22574464976787567,0.012390458025038242,1.0,
poison/poisilo/datapoisiloseq/poispos_ilo_3f64055f.csv,ok,352,15,3,modified_position,3,modified_position,0.9999308586120605,all_windows,qualified_attack_window,15,7,0.4666666666666667,True,0.5354994535446167,0.9999866485595703,0.04061426967382431,0.02215968258678913,0.9999308586120605,0.9999866485595703,0.04061426967382431,0.02215968258678913,0.9999308586120605,
poison/poisilo/datapoisiloseq/poispos_ilo_3f6b55f0.csv,ok,349,14,3,modified_position,3,modified_position,1.0,all_windows,qualified_attack_window,14,8,0.5714285714285714,True,0.4045563340187073,0.9876009225845337,0.013187378644943237,0.010045082308351994,1.0,0.9876009225845337,0.013187378644943237,0.010045082308351994,1.0,
poison/poisilo/datapoisiloseq/poispos_ilo_3f72ef4a.csv,ok,381,16,3,modified_position,3,modified_position,0.9998801946640015,all_windows,qualified_attack_window,16,8,0.5,True,0.45765745639801025,0.9661393165588379,0.08240966498851776,0.023085931316018105,0.9998801946640015,0.9661393165588379,0.08240966498851776,0.023085931316018105,0.9998801946640015,
poison/poisilo/datapoisiloseq/poispos_ilo_3f744607.csv,ok,330,13,3,modified_position,3,modified_position,0.9999998807907104,all_windows,qualified_attack_window,13,9,0.6923076923076923,True,0.2929271459579468,0.9804415702819824,0.03902629762887955,0.011979145929217339,0.9999998807907104,0.9804415702819824,0.03902629762887955,0.011979145929217339,0.9999998807907104,
poison/poisilo/datapoisiloseq/poispos_ilo_3f77fe9e.csv,ok,307,12,3,modified_position,3,modified_position,1.0,all_windows,qualified_attack_window,12,8,0.6666666666666666,True,0.3259607255458832,0.9861078262329102,0.01448265090584755,0.007697117514908314,1.0,0.9861078262329102,0.01448265090584755,0.007697117514908314,1.0,
poison/poisilo/datapoisiloseq/poispos_ilo_3f781529.csv,ok,372,16,3,modified_position,3,modified_position,0.9974930286407471,all_windows,qualified_attack_window,16,6,0.375,True,0.5523801445960999,0.9812654852867126,0.07974527776241302,0.04795847460627556,0.9974930286407471,0.9812654852867126,0.07974527776241302,0.04795847460627556,0.9974930286407471,
poison/poisilo/datapoisiloseq/poispos_ilo_3f7b76c0.csv,ok,322,13,3,modified_position,3,modified_position,0.9999996423721313,all_windows,qualified_attack_window,13,8,0.6153846153846154,True,0.33087068796157837,0.97280353307724,0.06334368139505386,0.10600046068429947,0.9999996423721313,0.97280353307724,0.06334368139505386,0.10600046068429947,0.9999996423721313,
poison/poisilo/datapoisiloseq/poispos_ilo_3f7c03bc.csv,ok,300,11,3,modified_position,3,modified_position,0.9999251365661621,all_windows,qualified_attack_window,11,7,0.6363636363636364,True,0.3538176417350769,0.9965723752975464,0.02228226140141487,0.012708106078207493,0.9999251365661621,0.9965723752975464,0.02228226140141487,0.012708106078207493,0.9999251365661621,
poison/poisilo/datapoisiloseq/poispos_ilo_3f7f2b48.csv,ok,326,13,3,modified_position,3,modified_position,1.0,all_windows,qualified_attack_window,13,9,0.6923076923076923,True,0.31857049465179443,0.992425799369812,0.01458553597331047,0.00805126503109932,1.0,0.992425799369812,0.01458553597331047,0.00805126503109932,1.0,
poison/poisilo/datapoisiloseq/poispos_ilo_3f80e88c.csv,ok,311,12,3,modified_position,3,modified_position,0.9999029040336609,all_windows,qualified_attack_window,12,6,0.5,True,0.4314021170139313,0.9615778923034668,0.2093287706375122,0.0971880853176117,0.9999029040336609,0.9615778923034668,0.2093287706375122,0.0971880853176117,0.9999029040336609,
poison/poisilo/datapoisiloseq/poispos_ilo_3f839cd2.csv,ok,444,20,3,modified_position,3,modified_position,0.9999923706054688,all_windows,qualified_attack_window,20,15,0.75,True,0.28403738141059875,0.9996337890625,0.856926679611206,0.006593999452888966,0.9999923706054688,0.9996337890625,0.856926679611206,0.006593999452888966,0.9999923706054688,
poison/poisilo/datapoisiloseq/poispos_ilo_3f861a2f.csv,ok,298,11,3,modified_position,3,modified_position,0.9999996423721313,all_windows,qualified_attack_window,11,6,0.5454545454545454,True,0.43256843090057373,0.9937232136726379,0.03909794241189957,0.020489666610956192,0.9999996423721313,0.9937232136726379,0.03909794241189957,0.020489666610956192,0.9999996423721313,
poison/poisilo/datapoisiloseq/poisspd_ilo_3e32c266.csv,ok,343,14,2,modified_speed,2,modified_speed,0.9999996423721313,all_windows,qualified_attack_window,14,9,0.6428571428571429,True,0.338799387216568,0.9834064245223999,0.3559808135032654,0.9999996423721313,0.0531441792845726,0.9834064245223999,0.3559808135032654,0.9999996423721313,0.0531441792845726,
poison/poisilo/datapoisiloseq/poisspd_ilo_3e346330.csv,ok,338,14,2,modified_speed,2,modified_speed,1.0,all_windows,qualified_attack_window,14,8,0.5714285714285714,True,0.40992167592048645,0.9942235350608826,0.025208769366145134,1.0,0.09548172354698181,0.9942235350608826,0.025208769366145134,1.0,0.09548172354698181,
poison/poisilo/datapoisiloseq/poisspd_ilo_3e3663ba.csv,ok,340,14,2,modified_speed,2,modified_speed,0.9979242086410522,all_windows,qualified_attack_window,14,9,0.6428571428571429,True,0.32411742210388184,0.9292397499084473,0.29579752683639526,0.9979242086410522,0.06584625691175461,0.9292397499084473,0.29579752683639526,0.9979242086410522,0.06584625691175461,
poison/poisilo/datapoisiloseq/poisspd_ilo_3e3762a3.csv,ok,332,13,2,modified_speed,2,modified_speed,1.0,all_windows,qualified_attack_window,13,6,0.46153846153846156,True,0.4409714341163635,0.9867212772369385,0.23498547077178955,1.0,0.10798283666372299,0.9867212772369385,0.23498547077178955,1.0,0.10798283666372299,
poison/poisilo/datapoisiloseq/poisspd_ilo_3e4140e1.csv,ok,308,12,2,modified_speed,2,modified_speed,1.0,all_windows,qualified_attack_window,12,9,0.75,True,0.24061954021453857,0.9966776371002197,0.01067285519093275,1.0,0.04203944280743599,0.9966776371002197,0.01067285519093275,1.0,0.04203944280743599,
poison/poisilo/datapoisiloseq/poisspd_ilo_3e41e141.csv,ok,386,17,2,modified_speed,2,modified_speed,0.9999430179595947,all_windows,qualified_attack_window,17,6,0.35294117647058826,True,0.5725404620170593,0.97328782081604,0.13639526069164276,0.9999430179595947,0.09034525603055954,0.97328782081604,0.13639526069164276,0.9999430179595947,0.09034525603055954,
poison/poisilo/datapoisiloseq/poisspd_ilo_3e4200fd.csv,ok,330,13,2,modified_speed,2,modified_speed,1.0,all_windows,qualified_attack_window,13,7,0.5384615384615384,True,0.42155784368515015,0.9796010851860046,0.13452385365962982,1.0,0.0657200738787651,0.9796010851860046,0.13452385365962982,1.0,0.0657200738787651,
poison/poisilo/datapoisiloseq/poisspd_ilo_3e450fa5.csv,ok,308,12,2,modified_speed,2,modified_speed,0.9252814054489136,all_windows,qualified_attack_window,12,7,0.5833333333333334,True,0.40280595421791077,0.9943357110023499,0.5453265309333801,0.9252814054489136,0.035673681646585464,0.9943357110023499,0.5453265309333801,0.9252814054489136,0.035673681646585464,
poison/poisilo/datapoisiloseq/poisspd_ilo_3e48848d.csv,ok,323,13,2,modified_speed,2,modified_speed,0.9999856948852539,all_windows,qualified_attack_window,13,8,0.6153846153846154,True,0.35687631368637085,0.9811371564865112,0.14846032857894897,0.9999856948852539,0.08691722899675369,0.9811371564865112,0.14846032857894897,0.9999856948852539,0.08691722899675369,
poison/poisilo/datapoisiloseq/poisspd_ilo_3e4ad54e.csv,ok,307,12,2,modified_speed,2,modified_speed,1.0,all_windows,qualified_attack_window,12,7,0.5833333333333334,True,0.31730666756629944,0.973332941532135,0.16202034056186676,1.0,0.28608790040016174,0.973332941532135,0.16202034056186676,1.0,0.28608790040016174,
poison/poisilo/datapoisiloseq/poisspd_ilo_3e4c0eb7.csv,ok,381,16,2,modified_speed,2,modified_speed,1.0,all_windows,qualified_attack_window,16,8,0.5,True,0.45040273666381836,0.9879943132400513,0.4768308997154236,1.0,0.06273939460515976,0.9879943132400513,0.4768308997154236,1.0,0.06273939460515976,
poison/poisilo/datapoisiloseq/poisspd_ilo_3e4cc81e.csv,ok,407,18,2,modified_speed,2,modified_speed,1.0,all_windows,qualified_attack_window,18,10,0.5555555555555556,True,0.43705540895462036,0.9876936078071594,0.16220206022262573,1.0,0.5206088423728943,0.9876936078071594,0.16220206022262573,1.0,0.5206088423728943,
poison/poisilo/datapoisiloseq/poisspd_ilo_3e507167.csv,ok,334,13,2,modified_speed,2,modified_speed,1.0,all_windows,qualified_attack_window,13,9,0.6923076923076923,True,0.2849218249320984,0.9462703466415405,0.01698327250778675,1.0,0.10643696784973145,0.9462703466415405,0.01698327250778675,1.0,0.10643696784973145,
poison/poisilo/datapoisiloseq/poisspd_ilo_3e54e7ba.csv,ok,379,16,2,modified_speed,2,modified_speed,0.9997262358665466,all_windows,qualified_attack_window,16,11,0.6875,True,0.29259756207466125,0.9901943802833557,0.9957901835441589,0.9997262358665466,0.056980032473802567,0.9901943802833557,0.9957901835441589,0.9997262358665466,0.056980032473802567,
poison/poisilo/datapoisiloseq/poisspd_ilo_3e5b7f90.csv,ok,347,14,2,modified_speed,2,modified_speed,1.0,all_windows,qualified_attack_window,14,7,0.5,True,0.49059849977493286,0.9937310814857483,0.018349751830101013,1.0,0.014162822626531124,0.9937310814857483,0.018349751830101013,1.0,0.014162822626531124,
poison/poisilo/datapoisiloseq/poisspd_ilo_3e5efc82.csv,ok,307,12,2,modified_speed,2,modified_speed,1.0,all_windows,qualified_attack_window,12,10,0.8333333333333334,True,0.16538704931735992,0.9939101338386536,0.2532607913017273,1.0,0.007424775045365095,0.9939101338386536,0.2532607913017273,1.0,0.007424775045365095,
poison/poisilo/datapoisiloseq/poisspd_ilo_3e5f44d1.csv,ok,327,13,2,modified_speed,2,modified_speed,0.9999988079071045,all_windows,qualified_attack_window,13,7,0.5384615384615384,True,0.4371195435523987,0.9897572994232178,0.7306448817253113,0.9999988079071045,0.0983477234840393,0.9897572994232178,0.7306448817253113,0.9999988079071045,0.0983477234840393,
poison/poisilo/datapoisiloseq/poisspd_ilo_3e5f6694.csv,ok,321,13,2,modified_speed,1,modified_altitude,0.8770859241485596,all_windows,qualified_attack_window,13,4,0.3076923076923077,False,0.6551126837730408,0.9979543685913086,0.8770859241485596,0.7198988795280457,0.060687899589538574,0.9979543685913086,0.8770859241485596,0.7198988795280457,0.060687899589538574,
poison/poisilo/datapoisiloseq/poisspd_ilo_3e60f81c.csv,ok,334,13,2,modified_speed,2,modified_speed,1.0,all_windows,qualified_attack_window,13,9,0.6923076923076923,True,0.29797661304473877,0.9963261485099792,0.024008257314562798,1.0,0.04586508125066757,0.9963261485099792,0.024008257314562798,1.0,0.04586508125066757,
poison/poisilo/datapoisiloseq/poisspd_ilo_3e629e12.csv,ok,342,14,2,modified_speed,2,modified_speed,1.0,all_windows,qualified_attack_window,14,8,0.5714285714285714,True,0.415802538394928,0.9842187762260437,0.022616257891058922,1.0,0.03955729305744171,0.9842187762260437,0.022616257891058922,1.0,0.03955729305744171,
poison/poisilo/datapoisiloseq/poisspd_ilo_3e686bbb.csv,ok,323,13,2,modified_speed,2,modified_speed,1.0,all_windows,qualified_attack_window,13,7,0.5384615384615384,True,0.4178277552127838,0.9905582666397095,0.17549172043800354,1.0,0.1511927992105484,0.9905582666397095,0.17549172043800354,1.0,0.1511927992105484,
poison/poisilo/datapoisiloseq/poisspd_ilo_3e73cc93.csv,ok,318,12,2,modified_speed,2,modified_speed,1.0,all_windows,qualified_attack_window,12,9,0.75,True,0.21925218403339386,0.949483335018158,0.10471269488334656,1.0,0.15753217041492462,0.949483335018158,0.10471269488334656,1.0,0.15753217041492462,
poison/poisilo/datapoisiloseq/poisspd_ilo_3e747711.csv,ok,351,14,2,modified_speed,2,modified_speed,1.0,all_windows,qualified_attack_window,14,6,0.42857142857142855,True,0.5047823786735535,0.9703970551490784,0.15975511074066162,1.0,0.051049038767814636,0.9703970551490784,0.15975511074066162,1.0,0.051049038767814636,
poison/poisilo/datapoisiloseq/poisspd_ilo_3e77a20c.csv,ok,365,15,2,modified_speed,2,modified_speed,0.9999998807907104,all_windows,qualified_attack_window,15,10,0.6666666666666666,True,0.3294995427131653,0.9581300020217896,0.5671790242195129,0.9999998807907104,0.10596898198127747,0.9581300020217896,0.5671790242195129,0.9999998807907104,0.10596898198127747,
poison/poisilo/datapoisiloseq/poisspd_ilo_3e789c96.csv,ok,335,13,2,modified_speed,1,modified_altitude,0.9988491535186768,all_windows,qualified_attack_window,13,5,0.38461538461538464,False,0.524303674697876,0.9632831811904907,0.9988491535186768,0.07173450291156769,0.07165548950433731,0.9632831811904907,0.9988491535186768,0.07173450291156769,0.07165548950433731,
poison/poisilo/datapoisiloseq/poisspd_ilo_3e7bc372.csv,ok,318,12,2,modified_speed,2,modified_speed,1.0,all_windows,qualified_attack_window,12,7,0.5833333333333334,True,0.3833580017089844,0.9684783816337585,0.09912973642349243,1.0,0.06696578115224838,0.9684783816337585,0.09912973642349243,1.0,0.06696578115224838,
poison/poisilo/datapoisiloseq/poisspd_ilo_3e7bdf66.csv,ok,316,12,2,modified_speed,3,modified_position,0.5808737874031067,all_windows,qualified_attack_window,12,1,0.08333333333333333,False,0.8135592937469482,0.9423895478248596,0.14498253166675568,0.03910268843173981,0.5808737874031067,0.9423895478248596,0.14498253166675568,0.03910268843173981,0.5808737874031067,
poison/poisilo/datapoisiloseq/poisspd_ilo_3e7c0f95.csv,ok,366,15,2,modified_speed,2,modified_speed,1.0,all_windows,qualified_attack_window,15,12,0.8,True,0.1623377501964569,0.9947580695152283,0.5961690545082092,1.0,0.7070298790931702,0.9947580695152283,0.5961690545082092,1.0,0.7070298790931702,
poison/poisilo/datapoisiloseq/poisspd_ilo_3e7f017c.csv,ok,381,16,2,modified_speed,2,modified_speed,0.9420316219329834,all_windows,qualified_attack_window,16,8,0.5,True,0.4758651852607727,0.9835056662559509,0.42159900069236755,0.9420316219329834,0.44972556829452515,0.9835056662559509,0.42159900069236755,0.9420316219329834,0.44972556829452515,
poison/poisilo/datapoisiloseq/poisspd_ilo_3e85478c.csv,ok,322,13,2,modified_speed,2,modified_speed,0.9991546869277954,all_windows,qualified_attack_window,13,9,0.6923076923076923,True,0.29914525151252747,0.9966463446617126,0.01685834303498268,0.9991546869277954,0.024675898253917694,0.9966463446617126,0.01685834303498268,0.9991546869277954,0.024675898253917694,
poison/poisilo/datapoisiloseq/poisspd_ilo_3e88b247.csv,ok,313,12,2,modified_speed,2,modified_speed,1.0,all_windows,qualified_attack_window,12,9,0.75,True,0.21997590363025665,0.9379832148551941,0.11853864043951035,1.0,0.04539278894662857,0.9379832148551941,0.11853864043951035,1.0,0.04539278894662857,
poison/poisilo/datapoisiloseq/poisspd_ilo_3e9deb96.csv,ok,343,14,2,modified_speed,2,modified_speed,1.0,all_windows,qualified_attack_window,14,9,0.6428571428571429,True,0.3212369978427887,0.9950698614120483,0.10731615126132965,1.0,0.07694343477487564,0.9950698614120483,0.10731615126132965,1.0,0.07694343477487564,
poison/poisilo/datapoisiloseq/poisspd_ilo_3e9ef454.csv,ok,366,15,2,modified_speed,2,modified_speed,1.0,all_windows,qualified_attack_window,15,10,0.6666666666666666,True,0.31235381960868835,0.9669303894042969,0.736262321472168,1.0,0.11937793344259262,0.9669303894042969,0.736262321472168,1.0,0.11937793344259262,
poison/poisilo/datapoisiloseq/poisspd_ilo_3e9f5b6c.csv,ok,290,11,2,modified_speed,2,modified_speed,0.9998180866241455,all_windows,qualified_attack_window,11,8,0.7272727272727273,True,0.265231728553772,0.9806323647499084,0.028974685817956924,0.9998180866241455,0.0015498405555263162,0.9806323647499084,0.028974685817956924,0.9998180866241455,0.0015498405555263162,
poison/poisilo/datapoisiloseq/poisspd_ilo_3e9f8e83.csv,ok,302,11,2,modified_speed,2,modified_speed,1.0,all_windows,qualified_attack_window,11,8,0.7272727272727273,True,0.2605085074901581,0.9963992834091187,0.4400871694087982,1.0,0.07845325022935867,0.9963992834091187,0.4400871694087982,1.0,0.07845325022935867,
poison/poisilo/datapoisiloseq/poisspd_ilo_3ea29bae.csv,ok,310,12,2,modified_speed,2,modified_speed,0.9784773588180542,all_windows,qualified_attack_window,12,8,0.6666666666666666,True,0.3179522752761841,0.9923996329307556,0.08771345764398575,0.9784773588180542,0.034486137330532074,0.9923996329307556,0.08771345764398575,0.9784773588180542,0.034486137330532074,
poison/poisilo/datapoisiloseq/poisspd_ilo_3ea2b6f7.csv,ok,356,15,2,modified_speed,2,modified_speed,0.9999778866767883,all_windows,qualified_attack_window,15,8,0.5333333333333333,True,0.4554632902145386,0.9915770292282104,0.02063894458115101,0.9999778866767883,0.025947952643036842,0.9915770292282104,0.02063894458115101,0.9999778866767883,0.025947952643036842,
poison/poisilo/datapoisiloseq/poisspd_ilo_3ea424f4.csv,ok,366,15,2,modified_speed,2,modified_speed,1.0,all_windows,qualified_attack_window,15,8,0.5333333333333333,True,0.41564348340034485,0.9887829422950745,0.16624005138874054,1.0,0.04682387039065361,0.9887829422950745,0.16624005138874054,1.0,0.04682387039065361,
poison/poisilo/datapoisiloseq/poisspd_ilo_3ea5cc65.csv,ok,338,14,2,modified_speed,2,modified_speed,0.9999983310699463,all_windows,qualified_attack_window,14,6,0.42857142857142855,True,0.5343261361122131,0.9741309285163879,0.0639815479516983,0.9999983310699463,0.06053243204951286,0.9741309285163879,0.0639815479516983,0.9999983310699463,0.06053243204951286,
poison/poisilo/datapoisiloseq/poisspd_ilo_3ea772d5.csv,ok,303,11,2,modified_speed,2,modified_speed,0.9999675154685974,all_windows,qualified_attack_window,11,6,0.5454545454545454,True,0.42750710248947144,0.9891183376312256,0.04812409356236458,0.9999675154685974,0.05030365660786629,0.9891183376312256,0.04812409356236458,0.9999675154685974,0.05030365660786629,
poison/poisilo/datapoisiloseq/poisspd_ilo_3ea8a997.csv,ok,339,14,2,modified_speed,2,modified_speed,1.0,all_windows,qualified_attack_window,14,7,0.5,True,0.4895831048488617,0.9962198138237,0.005679302848875523,1.0,0.040324654430150986,0.9962198138237,0.005679302848875523,1.0,0.040324654430150986,
poison/poisilo/datapoisiloseq/poisspd_ilo_3eacb8d0.csv,ok,314,12,2,modified_speed,2,modified_speed,1.0,all_windows,qualified_attack_window,12,9,0.75,True,0.22662140429019928,0.9975354671478271,0.028442831709980965,1.0,0.22651539742946625,0.9975354671478271,0.028442831709980965,1.0,0.22651539742946625,
poison/poisilo/datapoisiloseq/poisspd_ilo_3eace86b.csv,ok,325,13,2,modified_speed,1,modified_altitude,0.9784104228019714,all_windows,qualified_attack_window,13,8,0.6153846153846154,False,0.3422323763370514,0.9746643900871277,0.9784104228019714,0.36072540283203125,0.054161187261343,0.9746643900871277,0.9784104228019714,0.36072540283203125,0.054161187261343,
poison/poisilo/datapoisiloseq/poisspd_ilo_3ead61ed.csv,ok,338,14,2,modified_speed,2,modified_speed,1.0,all_windows,qualified_attack_window,14,8,0.5714285714285714,True,0.4139762222766876,0.9856223464012146,0.021316926926374435,1.0,0.03526683524250984,0.9856223464012146,0.021316926926374435,1.0,0.03526683524250984,
poison/poisilo/datapoisiloseq/poisspd_ilo_3eb4f8a8.csv,ok,282,10,2,modified_speed,2,modified_speed,1.0,all_windows,qualified_attack_window,10,7,0.7,True,0.2862113118171692,0.995123565196991,0.06832803785800934,1.0,0.01432950422167778,0.995123565196991,0.06832803785800934,1.0,0.01432950422167778,
poison/poisilo/datapoisiloseq/poisspd_ilo_3eb52861.csv,ok,336,14,2,modified_speed,2,modified_speed,1.0,all_windows,qualified_attack_window,14,9,0.6428571428571429,True,0.3475232422351837,0.9999901056289673,0.38524630665779114,1.0,0.01240658201277256,0.9999901056289673,0.38524630665779114,1.0,0.01240658201277256,
poison/poisilo/datapoisiloseq/poisspd_ilo_3eb8757b.csv,ok,314,12,2,modified_speed,2,modified_speed,0.9912497997283936,all_windows,qualified_attack_window,12,5,0.4166666666666667,True,0.5646865367889404,0.9987521767616272,0.3405959904193878,0.9912497997283936,0.07476495951414108,0.9987521767616272,0.3405959904193878,0.9912497997283936,0.07476495951414108,
poison/poisilo/datapoisiloseq/poisspd_ilo_3ebc3223.csv,ok,413,18,2,modified_speed,2,modified_speed,1.0,all_windows,qualified_attack_window,18,13,0.7222222222222222,True,0.28007861971855164,0.9822266697883606,0.21491943299770355,1.0,0.07867845892906189,0.9822266697883606,0.21491943299770355,1.0,0.07867845892906189,
poison/poisilo/datapoisiloseq/poisspd_ilo_3ebfe5b2.csv,ok,323,13,2,modified_speed,2,modified_speed,1.0,all_windows,qualified_attack_window,13,8,0.6153846153846154,True,0.3880665898323059,0.9770200848579407,0.4125499725341797,1.0,0.15776419639587402,0.9770200848579407,0.4125499725341797,1.0,0.15776419639587402,
poison/poisilo/datapoisiloseq/poisspd_ilo_3ec1e2cc.csv,ok,308,12,2,modified_speed,2,modified_speed,1.0,all_windows,qualified_attack_window,12,9,0.75,True,0.24753887951374054,0.9978032112121582,0.003410869278013706,1.0,0.019462062045931816,0.9978032112121582,0.003410869278013706,1.0,0.019462062045931816,
poison/poisilo/datapoisiloseq/poisspd_ilo_3ec39cbb.csv,ok,305,12,2,modified_speed,2,modified_speed,0.9997928738594055,all_windows,qualified_attack_window,12,8,0.6666666666666666,True,0.32152068614959717,0.996701717376709,0.02498825453221798,0.9997928738594055,0.033524855971336365,0.996701717376709,0.02498825453221798,0.9997928738594055,0.033524855971336365,
poison/poisilo/datapoisiloseq/poisspd_ilo_3ec512c5.csv,ok,334,13,2,modified_speed,2,modified_speed,1.0,all_windows,qualified_attack_window,13,9,0.6923076923076923,True,0.29869183897972107,0.9766230583190918,0.009353245608508587,1.0,0.022337306290864944,0.9766230583190918,0.009353245608508587,1.0,0.022337306290864944,
poison/poisilo/datapoisiloseq/poisspd_ilo_3ec9d36a.csv,ok,363,15,2,modified_speed,2,modified_speed,0.9999967813491821,all_windows,qualified_attack_window,15,8,0.5333333333333333,True,0.4471858739852905,0.995618999004364,0.033659450709819794,0.9999967813491821,0.06661193817853928,0.995618999004364,0.033659450709819794,0.9999967813491821,0.06661193817853928,
poison/poisilo/datapoisiloseq/poisspd_ilo_3ed210c2.csv,ok,326,13,2,modified_speed,1,modified_altitude,0.991456151008606,all_windows,qualified_attack_window,13,5,0.38461538461538464,False,0.5011371970176697,0.9256932139396667,0.991456151008606,0.6268073320388794,0.07997079193592072,0.9256932139396667,0.991456151008606,0.6268073320388794,0.07997079193592072,
poison/poisilo/datapoisiloseq/poisspd_ilo_3ed40e2a.csv,ok,402,18,2,modified_speed,2,modified_speed,1.0,all_windows,qualified_attack_window,18,9,0.5,True,0.47426456212997437,0.9996570944786072,0.2677699327468872,1.0,0.09260758757591248,0.9996570944786072,0.2677699327468872,1.0,0.09260758757591248,
poison/poisilo/datapoisiloseq/poisspd_ilo_3edef2e4.csv,ok,332,13,2,modified_speed,2,modified_speed,1.0,all_windows,qualified_attack_window,13,8,0.6153846153846154,True,0.36569303274154663,0.9837430119514465,0.06822001188993454,1.0,0.04796146601438522,0.9837430119514465,0.06822001188993454,1.0,0.04796146601438522,
poison/poisilo/datapoisiloseq/poisspd_ilo_3ee1539b.csv,ok,337,14,2,modified_speed,2,modified_speed,1.0,all_windows,qualified_attack_window,14,10,0.7142857142857143,True,0.25219249725341797,0.9788039326667786,0.0702878013253212,1.0,0.23886217176914215,0.9788039326667786,0.0702878013253212,1.0,0.23886217176914215,
poison/poisilo/datapoisiloseq/poisspd_ilo_3ee40c71.csv,ok,326,13,2,modified_speed,2,modified_speed,0.900483250617981,all_windows,qualified_attack_window,13,7,0.5384615384615384,True,0.4488465487957001,0.9967849850654602,0.5300359725952148,0.900483250617981,0.05991537868976593,0.9967849850654602,0.5300359725952148,0.900483250617981,0.05991537868976593,
poison/poisilo/datapoisiloseq/poisspd_ilo_3eeef889.csv,ok,346,14,2,modified_speed,2,modified_speed,1.0,all_windows,qualified_attack_window,14,9,0.6428571428571429,True,0.3429974615573883,0.9923039078712463,0.01865915209054947,1.0,0.059057001024484634,0.9923039078712463,0.01865915209054947,1.0,0.059057001024484634,
poison/poisilo/datapoisiloseq/poisspd_ilo_3ef2b440.csv,ok,382,16,2,modified_speed,2,modified_speed,0.8570873737335205,all_windows,qualified_attack_window,16,8,0.5,True,0.502995491027832,0.9958493113517761,0.24846437573432922,0.8570873737335205,0.06143568828701973,0.9958493113517761,0.24846437573432922,0.8570873737335205,0.06143568828701973,
poison/poisilo/datapoisiloseq/poisspd_ilo_3ef31fcf.csv,ok,341,14,2,modified_speed,2,modified_speed,0.9999873638153076,all_windows,qualified_attack_window,14,6,0.42857142857142855,True,0.5023429989814758,0.9946908354759216,0.1289798766374588,0.9999873638153076,0.1559419184923172,0.9946908354759216,0.1289798766374588,0.9999873638153076,0.1559419184923172,
poison/poisilo/datapoisiloseq/poisspd_ilo_3ef4200d.csv,ok,363,15,2,modified_speed,2,modified_speed,1.0,all_windows,qualified_attack_window,15,8,0.5333333333333333,True,0.39973676204681396,0.9840304255485535,0.3783860504627228,1.0,0.05628684535622597,0.9840304255485535,0.3783860504627228,1.0,0.05628684535622597,
poison/poisilo/datapoisiloseq/poisspd_ilo_3ef45cba.csv,ok,333,13,2,modified_speed,2,modified_speed,1.0,all_windows,qualified_attack_window,13,8,0.6153846153846154,True,0.37511903047561646,0.9939662218093872,0.008064474910497665,1.0,0.04236137494444847,0.9939662218093872,0.008064474910497665,1.0,0.04236137494444847,
poison/poisilo/datapoisiloseq/poisspd_ilo_3ef7b77e.csv,ok,316,12,2,modified_speed,2,modified_speed,1.0,all_windows,qualified_attack_window,12,7,0.5833333333333334,True,0.401385635137558,0.9866098165512085,0.033339280635118484,1.0,0.014597201719880104,0.9866098165512085,0.033339280635118484,1.0,0.014597201719880104,
poison/poisilo/datapoisiloseq/poisspd_ilo_3ef7ed9b.csv,ok,337,14,2,modified_speed,2,modified_speed,0.9999982118606567,all_windows,qualified_attack_window,14,6,0.42857142857142855,True,0.45945850014686584,0.9871160387992859,0.34396713972091675,0.9999982118606567,0.19386641681194305,0.9871160387992859,0.34396713972091675,0.9999982118606567,0.19386641681194305,
poison/poisilo/datapoisiloseq/poisspd_ilo_3ef80292.csv,ok,313,12,2,modified_speed,2,modified_speed,1.0,all_windows,qualified_attack_window,12,9,0.75,True,0.22588999569416046,0.9884067177772522,0.06085821986198425,1.0,0.16683411598205566,0.9884067177772522,0.06085821986198425,1.0,0.16683411598205566,
poison/poisilo/datapoisiloseq/poisspd_ilo_3ef94c0c.csv,ok,306,12,2,modified_speed,2,modified_speed,1.0,all_windows,qualified_attack_window,12,12,1.0,True,0.03474537655711174,0.35012108087539673,0.9829882383346558,1.0,0.2034589797258377,0.35012108087539673,0.9829882383346558,1.0,0.2034589797258377,
poison/poisilo/datapoisiloseq/poisspd_ilo_3efa8105.csv,ok,310,12,2,modified_speed,2,modified_speed,1.0,all_windows,qualified_attack_window,12,9,0.75,True,0.21827226877212524,0.9933369755744934,0.17912788689136505,1.0,0.002669792389497161,0.9933369755744934,0.17912788689136505,1.0,0.002669792389497161,
poison/poisilo/datapoisiloseq/poisspd_ilo_3efe4237.csv,ok,372,16,2,modified_speed,2,modified_speed,0.9999997615814209,all_windows,qualified_attack_window,16,10,0.625,True,0.3340541124343872,0.9460515379905701,0.11003462970256805,0.9999997615814209,0.0772862359881401,0.9460515379905701,0.11003462970256805,0.9999997615814209,0.0772862359881401,
poison/poisilo/datapoisiloseq/poisspd_ilo_3eff6a76.csv,ok,445,20,2,modified_speed,2,modified_speed,1.0,all_windows,qualified_attack_window,20,16,0.8,True,0.23727206885814667,0.9943990707397461,0.309489369392395,1.0,0.97344970703125,0.9943990707397461,0.309489369392395,1.0,0.97344970703125,
poison/poisilo/datapoisiloseq/poisspd_ilo_3eff8258.csv,ok,357,15,2,modified_speed,2,modified_speed,1.0,all_windows,qualified_attack_window,15,9,0.6,True,0.36216771602630615,0.998065173625946,0.0754181370139122,1.0,0.027331281453371048,0.998065173625946,0.0754181370139122,1.0,0.027331281453371048,
poison/poisilo/datapoisiloseq/poisspd_ilo_3effdea4.csv,ok,332,13,2,modified_speed,2,modified_speed,1.0,all_windows,qualified_attack_window,13,7,0.5384615384615384,True,0.4224996864795685,0.9660021662712097,0.06982500851154327,1.0,0.06597291678190231,0.9660021662712097,0.06982500851154327,1.0,0.06597291678190231,
poison/poisilo/datapoisiloseq/poisspd_ilo_3f013067.csv,ok,319,12,2,modified_speed,2,modified_speed,1.0,all_windows,qualified_attack_window,12,6,0.5,True,0.4485439956188202,0.9736425280570984,0.12159865349531174,1.0,0.0875808522105217,0.9736425280570984,0.12159865349531174,1.0,0.0875808522105217,
poison/poisilo/datapoisiloseq/poisspd_ilo_3f029b8f.csv,ok,334,13,2,modified_speed,2,modified_speed,1.0,all_windows,qualified_attack_window,13,8,0.6153846153846154,True,0.35304227471351624,0.9653199315071106,0.06625714898109436,1.0,0.04587532952427864,0.9653199315071106,0.06625714898109436,1.0,0.04587532952427864,
poison/poisilo/datapoisiloseq/poisspd_ilo_3f02a387.csv,ok,332,13,2,modified_speed,2,modified_speed,0.9949176907539368,all_windows,qualified_attack_window,13,9,0.6923076923076923,True,0.2984144985675812,0.9861921668052673,0.43709123134613037,0.9949176907539368,0.04092371463775635,0.9861921668052673,0.43709123134613037,0.9949176907539368,0.04092371463775635,
poison/poisilo/datapoisiloseq/poisspd_ilo_3f05d310.csv,ok,330,13,2,modified_speed,2,modified_speed,1.0,all_windows,qualified_attack_window,13,9,0.6923076923076923,True,0.29744604229927063,0.987858235836029,0.34190627932548523,1.0,0.035076551139354706,0.987858235836029,0.34190627932548523,1.0,0.035076551139354706,
poison/poisilo/datapoisiloseq/poisspd_ilo_3f0691d7.csv,ok,307,12,2,modified_speed,2,modified_speed,1.0,all_windows,qualified_attack_window,12,7,0.5833333333333334,True,0.4031663239002228,0.9949373602867126,0.0216660238802433,1.0,0.042494695633649826,0.9949373602867126,0.0216660238802433,1.0,0.042494695633649826,
poison/poisilo/datapoisiloseq/poisspd_ilo_3f06c8a1.csv,ok,280,10,2,modified_speed,2,modified_speed,1.0,all_windows,qualified_attack_window,10,9,0.9,True,0.0898556262254715,0.8985562324523926,0.04539019614458084,1.0,0.017133032903075218,0.8985562324523926,0.04539019614458084,1.0,0.017133032903075218,
poison/poisilo/datapoisiloseq/poisspd_ilo_3f090bf5.csv,ok,319,12,2,modified_speed,2,modified_speed,1.0,all_windows,qualified_attack_window,12,9,0.75,True,0.23179034888744354,0.9971352815628052,0.036615028977394104,1.0,0.0700884535908699,0.9971352815628052,0.036615028977394104,1.0,0.0700884535908699,
poison/poisilo/datapoisiloseq/poisspd_ilo_3f09574d.csv,ok,340,14,2,modified_speed,2,modified_speed,1.0,all_windows,qualified_attack_window,14,10,0.7142857142857143,True,0.25561466813087463,0.938904881477356,0.039209529757499695,1.0,0.07556267082691193,0.938904881477356,0.039209529757499695,1.0,0.07556267082691193,
poison/poisilo/datapoisiloseq/poisspd_ilo_3f1156c5.csv,ok,338,14,2,modified_speed,2,modified_speed,1.0,all_windows,qualified_attack_window,14,9,0.6428571428571429,True,0.3461480438709259,0.984125018119812,0.011020044796168804,1.0,0.026694754138588905,0.984125018119812,0.011020044796168804,1.0,0.026694754138588905,
poison/poisilo/datapoisiloseq/poisspd_ilo_3f11c6ae.csv,ok,309,12,2,modified_speed,2,modified_speed,0.9987421631813049,all_windows,qualified_attack_window,12,9,0.75,True,0.22264547646045685,0.9533019065856934,0.46610772609710693,0.9987421631813049,0.1966668963432312,0.9533019065856934,0.46610772609710693,0.9987421631813049,0.1966668963432312,
poison/poisilo/datapoisiloseq/poisspd_ilo_3f124d10.csv,ok,354,15,2,modified_speed,2,modified_speed,1.0,all_windows,qualified_attack_window,15,8,0.5333333333333333,True,0.43397700786590576,0.9659551382064819,0.04113448038697243,1.0,0.03943132609128952,0.9659551382064819,0.04113448038697243,1.0,0.03943132609128952,
poison/poisilo/datapoisiloseq/poisspd_ilo_3f150116.csv,ok,334,13,2,modified_speed,2,modified_speed,0.9991612434387207,all_windows,qualified_attack_window,13,4,0.3076923076923077,True,0.6312296986579895,0.9960729479789734,0.9484489560127258,0.9991612434387207,0.25710082054138184,0.9960729479789734,0.9484489560127258,0.9991612434387207,0.25710082054138184,
poison/poisilo/datapoisiloseq/poisspd_ilo_3f15649c.csv,ok,350,14,2,modified_speed,2,modified_speed,1.0,all_windows,qualified_attack_window,14,9,0.6428571428571429,True,0.3140556216239929,0.9351625442504883,0.08682145923376083,1.0,0.03339133784174919,0.9351625442504883,0.08682145923376083,1.0,0.03339133784174919,
poison/poisilo/datapoisiloseq/poisspd_ilo_3f15ddc6.csv,ok,357,15,2,modified_speed,2,modified_speed,1.0,all_windows,qualified_attack_window,15,8,0.5333333333333333,True,0.416462779045105,0.9725863933563232,0.047489918768405914,1.0,0.30501607060432434,0.9725863933563232,0.047489918768405914,1.0,0.30501607060432434,
poison/poisilo/datapoisiloseq/poisspd_ilo_3f1930f9.csv,ok,352,15,2,modified_speed,2,modified_speed,1.0,all_windows,qualified_attack_window,15,8,0.5333333333333333,True,0.3975948095321655,0.9338147044181824,0.7869948148727417,1.0,0.04238756000995636,0.9338147044181824,0.7869948148727417,1.0,0.04238756000995636,
poison/poisilo/datapoisiloseq/poisspd_ilo_3f194a7b.csv,ok,346,14,2,modified_speed,2,modified_speed,0.9983978271484375,all_windows,qualified_attack_window,14,7,0.5,True,0.45759811997413635,0.9938579201698303,0.2322077453136444,0.9983978271484375,0.04722196236252785,0.9938579201698303,0.2322077453136444,0.9983978271484375,0.04722196236252785,
poison/poisilo/datapoisiloseq/poisspd_ilo_3f1a0a9c.csv,ok,353,15,2,modified_speed,2,modified_speed,1.0,all_windows,qualified_attack_window,15,10,0.6666666666666666,True,0.2976774275302887,0.9882593154907227,0.9238647818565369,1.0,0.20283201336860657,0.9882593154907227,0.9238647818565369,1.0,0.20283201336860657,
poison/poisilo/datapoisiloseq/poisspd_ilo_3f1a9bea.csv,ok,343,14,2,modified_speed,2,modified_speed,1.0,all_windows,qualified_attack_window,14,8,0.5714285714285714,True,0.41118040680885315,0.982423722743988,0.041791047900915146,1.0,0.036381497979164124,0.982423722743988,0.041791047900915146,1.0,0.036381497979164124,
poison/poisilo/datapoisiloseq/poisspd_ilo_3f1c610e.csv,ok,422,19,2,modified_speed,2,modified_speed,0.9999879598617554,all_windows,qualified_attack_window,19,8,0.42105263157894735,True,0.5482768416404724,0.9972712397575378,0.47508054971694946,0.9999879598617554,0.04916289076209068,0.9972712397575378,0.47508054971694946,0.9999879598617554,0.04916289076209068,
poison/poisilo/datapoisiloseq/poisspd_ilo_3f1cb509.csv,ok,305,12,2,modified_speed,2,modified_speed,1.0,all_windows,qualified_attack_window,12,9,0.75,True,0.24028825759887695,0.9806747436523438,0.039037954062223434,1.0,0.017823299393057823,0.9806747436523438,0.039037954062223434,1.0,0.017823299393057823,
poison/poisilo/datapoisiloseq/poisspd_ilo_3f1e35bd.csv,ok,324,13,2,modified_speed,2,modified_speed,0.79584139585495,all_windows,qualified_attack_window,13,8,0.6153846153846154,True,0.3744286000728607,0.9872138500213623,0.6826534271240234,0.79584139585495,0.0824718326330185,0.9872138500213623,0.6826534271240234,0.79584139585495,0.0824718326330185,
poison/poisilo/datapoisiloseq/poisspd_ilo_3f21d14b.csv,ok,332,13,2,modified_speed,2,modified_speed,0.9999988079071045,all_windows,qualified_attack_window,13,8,0.6153846153846154,True,0.3668990731239319,0.9953332543373108,0.036516223102808,0.9999988079071045,0.09689024835824966,0.9953332543373108,0.036516223102808,0.9999988079071045,0.09689024835824966,
poison/poisilo/datapoisiloseq/poisspd_ilo_3f227fa6.csv,ok,332,13,2,modified_speed,2,modified_speed,1.0,all_windows,qualified_attack_window,13,9,0.6923076923076923,True,0.2755686044692993,0.9396898746490479,0.984867513179779,1.0,0.06215166300535202,0.9396898746490479,0.984867513179779,1.0,0.06215166300535202,
poison/poisilo/datapoisiloseq/poisspd_ilo_3f230e20.csv,ok,339,14,2,modified_speed,2,modified_speed,1.0,all_windows,qualified_attack_window,14,8,0.5714285714285714,True,0.35205793380737305,0.975489616394043,0.33839574456214905,1.0,0.11147449165582657,0.975489616394043,0.33839574456214905,1.0,0.11147449165582657,
poison/poisilo/datapoisiloseq/poisspd_ilo_3f26a43d.csv,ok,384,17,2,modified_speed,1,modified_altitude,0.9980574250221252,all_windows,qualified_attack_window,17,9,0.5294117647058824,False,0.4304530918598175,0.9524378180503845,0.9980574250221252,0.13874462246894836,0.06909891217947006,0.9524378180503845,0.9980574250221252,0.13874462246894836,0.06909891217947006,
poison/poisilo/datapoisiloseq/poisspd_ilo_3f271126.csv,ok,285,10,2,modified_speed,2,modified_speed,0.9646082520484924,all_windows,qualified_attack_window,10,5,0.5,True,0.45256417989730835,0.9622899293899536,0.6695855855941772,0.9646082520484924,0.11309566348791122,0.9622899293899536,0.6695855855941772,0.9646082520484924,0.11309566348791122,
poison/poisilo/datapoisiloseq/poisspd_ilo_3f277733.csv,ok,313,12,2,modified_speed,2,modified_speed,1.0,all_windows,qualified_attack_window,12,8,0.6666666666666666,True,0.349070280790329,0.9910001158714294,0.39019858837127686,1.0,0.18656040728092194,0.9910001158714294,0.39019858837127686,1.0,0.18656040728092194,
poison/poisilo/datapoisiloseq/poisspd_ilo_3f2d6dfb.csv,ok,307,12,2,modified_speed,2,modified_speed,1.0,all_windows,qualified_attack_window,12,8,0.6666666666666666,True,0.3098701238632202,0.9514526128768921,0.05571341887116432,1.0,0.06465418636798859,0.9514526128768921,0.05571341887116432,1.0,0.06465418636798859,
poison/poisilo/datapoisiloseq/poisspd_ilo_3f2e975f.csv,ok,307,12,2,modified_speed,2,modified_speed,0.9940707087516785,all_windows,qualified_attack_window,12,8,0.6666666666666666,True,0.3068346679210663,0.9565532803535461,0.8782172203063965,0.9940707087516785,0.05031445622444153,0.9565532803535461,0.8782172203063965,0.9940707087516785,0.05031445622444153,
poison/poisilo/datapoisiloseq/poisspd_ilo_3f2ee899.csv,ok,294,11,2,modified_speed,2,modified_speed,1.0,all_windows,qualified_attack_window,11,8,0.7272727272727273,True,0.2458093762397766,0.9892001152038574,0.04921870306134224,1.0,0.1488530933856964,0.9892001152038574,0.04921870306134224,1.0,0.1488530933856964,
poison/poisilo/datapoisiloseq/poisspd_ilo_3f324087.csv,ok,330,13,2,modified_speed,2,modified_speed,1.0,all_windows,qualified_attack_window,13,9,0.6923076923076923,True,0.2909601330757141,0.9910472631454468,0.15219298005104065,1.0,0.052454039454460144,0.9910472631454468,0.15219298005104065,1.0,0.052454039454460144,
poison/poisilo/datapoisiloseq/poisspd_ilo_3f32b736.csv,ok,307,12,2,modified_speed,2,modified_speed,1.0,all_windows,qualified_attack_window,12,8,0.6666666666666666,True,0.32806697487831116,0.9925419688224792,0.007203713525086641,1.0,0.007483066059648991,0.9925419688224792,0.007203713525086641,1.0,0.007483066059648991,
poison/poisilo/datapoisiloseq/poisspd_ilo_3f360e8a.csv,ok,351,14,2,modified_speed,2,modified_speed,1.0,all_windows,qualified_attack_window,14,7,0.5,True,0.46282118558883667,0.9922594428062439,0.0630655512213707,1.0,0.12306191772222519,0.9922594428062439,0.0630655512213707,1.0,0.12306191772222519,
poison/poisilo/datapoisiloseq/poisspd_ilo_3f369bbc.csv,ok,428,19,2,modified_speed,2,modified_speed,1.0,all_windows,qualified_attack_window,19,8,0.42105263157894735,True,0.5629735589027405,0.9947729110717773,0.03911181911826134,1.0,0.1089702919125557,0.9947729110717773,0.03911181911826134,1.0,0.1089702919125557,
poison/poisilo/datapoisiloseq/poisspd_ilo_3f377a2b.csv,ok,336,14,2,modified_speed,2,modified_speed,0.9999998807907104,all_windows,qualified_attack_window,14,9,0.6428571428571429,True,0.32772761583328247,0.9527872204780579,0.3172359764575958,0.9999998807907104,0.03790305182337761,0.9527872204780579,0.3172359764575958,0.9999998807907104,0.03790305182337761,
poison/poisilo/datapoisiloseq/poisspd_ilo_3f39e627.csv,ok,298,11,2,modified_speed,2,modified_speed,1.0,all_windows,qualified_attack_window,11,8,0.7272727272727273,True,0.2631150484085083,0.9974750876426697,0.02416744828224182,1.0,0.05754908174276352,0.9974750876426697,0.02416744828224182,1.0,0.05754908174276352,
poison/poisilo/datapoisiloseq/poisspd_ilo_3f3b2128.csv,ok,323,13,2,modified_speed,2,modified_speed,1.0,all_windows,qualified_attack_window,13,8,0.6153846153846154,True,0.36136573553085327,0.9921582341194153,0.020105384290218353,1.0,0.12895728647708893,0.9921582341194153,0.020105384290218353,1.0,0.12895728647708893,
poison/poisilo/datapoisiloseq/poisspd_ilo_3f3cf514.csv,ok,426,19,2,modified_speed,1,modified_altitude,0.9985319375991821,all_windows,qualified_attack_window,19,11,0.5789473684210527,False,0.33267316222190857,0.9800717234611511,0.9985319375991821,0.6440319418907166,0.14227338135242462,0.9800717234611511,0.9985319375991821,0.6440319418907166,0.14227338135242462,
poison/poisilo/datapoisiloseq/poisspd_ilo_3f41e50a.csv,ok,382,16,2,modified_speed,2,modified_speed,1.0,all_windows,qualified_attack_window,16,9,0.5625,True,0.4191177487373352,0.993691086769104,0.04151686280965805,1.0,0.039452895522117615,0.993691086769104,0.04151686280965805,1.0,0.039452895522117615,
poison/poisilo/datapoisiloseq/poisspd_ilo_3f431366.csv,ok,305,12,2,modified_speed,2,modified_speed,0.9999969005584717,all_windows,qualified_attack_window,12,8,0.6666666666666666,True,0.3178445100784302,0.984032392501831,0.022286221385002136,0.9999969005584717,0.05082648620009422,0.984032392501831,0.022286221385002136,0.9999969005584717,0.05082648620009422,
poison/poisilo/datapoisiloseq/poisspd_ilo_3f4743c2.csv,ok,363,15,2,modified_speed,2,modified_speed,0.9999996423721313,all_windows,qualified_attack_window,15,8,0.5333333333333333,True,0.43491411209106445,0.9886047840118408,0.09610198438167572,0.9999996423721313,0.07734330743551254,0.9886047840118408,0.09610198438167572,0.9999996423721313,0.07734330743551254,
poison/poisilo/datapoisiloseq/poisspd_ilo_3f47bbd5.csv,ok,324,13,2,modified_speed,2,modified_speed,1.0,all_windows,qualified_attack_window,13,8,0.6153846153846154,True,0.37333106994628906,0.9843654036521912,0.030073530972003937,1.0,0.03266886621713638,0.9843654036521912,0.030073530972003937,1.0,0.03266886621713638,
poison/poisilo/datapoisiloseq/poisspd_ilo_3f4f6924.csv,ok,371,16,2,modified_speed,2,modified_speed,0.9999998807907104,all_windows,qualified_attack_window,16,9,0.5625,True,0.41614410281181335,0.9959253072738647,0.2492004632949829,0.9999998807907104,0.0792010948061943,0.9959253072738647,0.2492004632949829,0.9999998807907104,0.0792010948061943,
poison/poisilo/datapoisiloseq/poisspd_ilo_3f52727a.csv,ok,356,15,2,modified_speed,2,modified_speed,1.0,all_windows,qualified_attack_window,15,10,0.6666666666666666,True,0.31093519926071167,0.9748967885971069,0.1942857801914215,1.0,0.11503801494836807,0.9748967885971069,0.1942857801914215,1.0,0.11503801494836807,
poison/poisilo/datapoisiloseq/poisspd_ilo_3f538b28.csv,ok,347,14,2,modified_speed,2,modified_speed,1.0,all_windows,qualified_attack_window,14,8,0.5714285714285714,True,0.41436269879341125,0.9947807192802429,0.027627399191260338,1.0,0.043961577117443085,0.9947807192802429,0.027627399191260338,1.0,0.043961577117443085,
poison/poisilo/datapoisiloseq/poisspd_ilo_3f53add6.csv,ok,349,14,2,modified_speed,2,modified_speed,1.0,all_windows,qualified_attack_window,14,10,0.7142857142857143,True,0.27379104495048523,0.9742664098739624,0.8465423583984375,1.0,0.02202684059739113,0.9742664098739624,0.8465423583984375,1.0,0.02202684059739113,
poison/poisilo/datapoisiloseq/poisspd_ilo_3f5a93cf.csv,ok,419,19,2,modified_speed,1,modified_altitude,0.9852022528648376,all_windows,qualified_attack_window,19,11,0.5789473684210527,False,0.42907580733299255,0.994060218334198,0.9852022528648376,0.9467557072639465,0.5232575535774231,0.994060218334198,0.9852022528648376,0.9467557072639465,0.5232575535774231,
poison/poisilo/datapoisiloseq/poisspd_ilo_3f5b62a2.csv,ok,351,14,2,modified_speed,2,modified_speed,1.0,all_windows,qualified_attack_window,14,9,0.6428571428571429,True,0.3415088653564453,0.9790402054786682,0.015076172538101673,1.0,0.08176875114440918,0.9790402054786682,0.015076172538101673,1.0,0.08176875114440918,
poison/poisilo/datapoisiloseq/poisspd_ilo_3f5efff7.csv,ok,395,17,2,modified_speed,2,modified_speed,1.0,all_windows,qualified_attack_window,17,9,0.5294117647058824,True,0.4603940546512604,0.9932721257209778,0.009192612953484058,1.0,0.03253880515694618,0.9932721257209778,0.009192612953484058,1.0,0.03253880515694618,
poison/poisilo/datapoisiloseq/poisspd_ilo_3f5fa089.csv,ok,368,16,2,modified_speed,2,modified_speed,1.0,all_windows,qualified_attack_window,16,7,0.4375,True,0.5102756023406982,0.9889652729034424,0.09018193185329437,1.0,0.07572545111179352,0.9889652729034424,0.09018193185329437,1.0,0.07572545111179352,
poison/poisilo/datapoisiloseq/poisspd_ilo_3f60500a.csv,ok,355,15,2,modified_speed,2,modified_speed,1.0,all_windows,qualified_attack_window,15,7,0.4666666666666667,True,0.4899842143058777,0.9887681603431702,0.4435703754425049,1.0,0.21105416119098663,0.9887681603431702,0.4435703754425049,1.0,0.21105416119098663,
poison/poisilo/datapoisiloseq/poisspd_ilo_3f6347b9.csv,ok,377,16,2,modified_speed,2,modified_speed,1.0,all_windows,qualified_attack_window,16,8,0.5,True,0.466099351644516,0.9966049790382385,0.22574464976787567,1.0,0.058515600860118866,0.9966049790382385,0.22574464976787567,1.0,0.058515600860118866,
poison/poisilo/datapoisiloseq/poisspd_ilo_3f64055f.csv,ok,352,15,2,modified_speed,2,modified_speed,1.0,all_windows,qualified_attack_window,15,8,0.5333333333333333,True,0.4543181359767914,0.9999866485595703,0.015458707697689533,1.0,0.05054844543337822,0.9999866485595703,0.015458707697689533,1.0,0.05054844543337822,
poison/poisilo/datapoisiloseq/poisspd_ilo_3f6b55f0.csv,ok,349,14,2,modified_speed,2,modified_speed,1.0,all_windows,qualified_attack_window,14,8,0.5714285714285714,True,0.3867548406124115,0.983781099319458,0.030039694160223007,1.0,0.2526814639568329,0.983781099319458,0.030039694160223007,1.0,0.2526814639568329,
poison/poisilo/datapoisiloseq/poisspd_ilo_3f72ef4a.csv,ok,381,16,2,modified_speed,2,modified_speed,0.9971550703048706,all_windows,qualified_attack_window,16,7,0.4375,True,0.4909206032752991,0.9571632742881775,0.21641743183135986,0.9971550703048706,0.07667001336812973,0.9571632742881775,0.21641743183135986,0.9971550703048706,0.07667001336812973,
poison/poisilo/datapoisiloseq/poisspd_ilo_3f744607.csv,ok,330,13,2,modified_speed,2,modified_speed,0.9999964237213135,all_windows,qualified_attack_window,13,8,0.6153846153846154,True,0.3562386631965637,0.9804415702819824,0.589576244354248,0.9999964237213135,0.0651259645819664,0.9804415702819824,0.589576244354248,0.9999964237213135,0.0651259645819664,
poison/poisilo/datapoisiloseq/poisspd_ilo_3f77d253.csv,ok,365,15,2,modified_speed,2,modified_speed,1.0,all_windows,qualified_attack_window,15,7,0.4666666666666667,True,0.4842362403869629,0.990113377571106,0.11429641395807266,1.0,0.055665742605924606,0.990113377571106,0.11429641395807266,1.0,0.055665742605924606,
poison/poisilo/datapoisiloseq/poisspd_ilo_3f77fe9e.csv,ok,307,12,2,modified_speed,2,modified_speed,1.0,all_windows,qualified_attack_window,12,8,0.6666666666666666,True,0.3259606957435608,0.9861078262329102,0.01448265090584755,1.0,0.012306660413742065,0.9861078262329102,0.01448265090584755,1.0,0.012306660413742065,
poison/poisilo/datapoisiloseq/poisspd_ilo_3f781529.csv,ok,372,16,2,modified_speed,2,modified_speed,1.0,all_windows,qualified_attack_window,16,9,0.5625,True,0.4199402928352356,0.9812654852867126,0.24320290982723236,1.0,0.045916568487882614,0.9812654852867126,0.24320290982723236,1.0,0.045916568487882614,
poison/poisilo/datapoisiloseq/poisspd_ilo_3f7b76c0.csv,ok,322,13,2,modified_speed,2,modified_speed,1.0,all_windows,qualified_attack_window,13,8,0.6153846153846154,True,0.3557482361793518,0.9891920685768127,0.06385070830583572,1.0,0.031615905463695526,0.9891920685768127,0.06385070830583572,1.0,0.031615905463695526,
poison/poisilo/datapoisiloseq/poisspd_ilo_3f7c03bc.csv,ok,300,11,2,modified_speed,2,modified_speed,1.0,all_windows,qualified_attack_window,11,9,0.8181818181818182,True,0.159605473279953,0.8874516487121582,0.866176962852478,1.0,0.07908567786216736,0.8874516487121582,0.866176962852478,1.0,0.07908567786216736,
poison/poisilo/datapoisiloseq/poisspd_ilo_3f7c4ea9.csv,ok,291,11,2,modified_speed,2,modified_speed,0.7682799696922302,all_windows,qualified_attack_window,11,7,0.6363636363636364,True,0.35654494166374207,0.9977502226829529,0.5479940176010132,0.7682799696922302,0.012208471074700356,0.9977502226829529,0.5479940176010132,0.7682799696922302,0.012208471074700356,
poison/poisilo/datapoisiloseq/poisspd_ilo_3f7f2b48.csv,ok,326,13,2,modified_speed,2,modified_speed,1.0,all_windows,qualified_attack_window,13,9,0.6923076923076923,True,0.30088791251182556,0.992425799369812,0.01458553597331047,1.0,0.017200080677866936,0.992425799369812,0.01458553597331047,1.0,0.017200080677866936,
poison/poisilo/datapoisiloseq/poisspd_ilo_3f80e88c.csv,ok,311,12,2,modified_speed,2,modified_speed,1.0,all_windows,qualified_attack_window,12,9,0.75,True,0.2434871941804886,0.9872884154319763,0.013168725185096264,1.0,0.028882786631584167,0.9872884154319763,0.013168725185096264,1.0,0.028882786631584167,
poison/poisilo/datapoisiloseq/poisspd_ilo_3f839cd2.csv,ok,444,20,2,modified_speed,2,modified_speed,1.0,all_windows,qualified_attack_window,20,12,0.6,True,0.4233488440513611,0.9996337890625,0.856926679611206,1.0,0.9572609066963196,0.9996337890625,0.856926679611206,1.0,0.9572609066963196,
poison/poisilo/datapoisiloseq/poisspd_ilo_3f861a2f.csv,ok,298,11,2,modified_speed,2,modified_speed,1.0,all_windows,qualified_attack_window,11,8,0.7272727272727273,True,0.26231029629707336,0.9937232136726379,0.9929085969924927,1.0,0.03236659616231918,0.9937232136726379,0.9929085969924927,1.0,0.03236659616231918,
