csv_path,status,rows,window_count,true_label,true_label_name,predicted_label,predicted_label_name,score,correct_if_labeled,authentic_score_mean,authentic_score_max,modified_altitude_score_max,modified_speed_score_max,modified_position_score_max,error
poison/poisceb/datapoiscebseq/poisalt_ceb_3e31b26e.csv,ok,374,16,1,modified_altitude,2,modified_speed,0.997879147529602,False,0.3806421160697937,0.9224079251289368,0.504878580570221,0.997879147529602,0.37138181924819946,
poison/poisceb/datapoiscebseq/poisalt_ceb_3e333998.csv,ok,351,14,1,modified_altitude,1,modified_altitude,0.9997560977935791,True,0.4752533733844757,0.9880598187446594,0.9997560977935791,0.06867951154708862,0.052767522633075714,
poison/poisceb/datapoiscebseq/poisalt_ceb_3e3a6fe9.csv,ok,336,14,1,modified_altitude,1,modified_altitude,1.0,True,0.35461607575416565,0.9948950409889221,1.0,0.2356846034526825,0.7415837049484253,
poison/poisceb/datapoiscebseq/poisalt_ceb_3e3af6b6.csv,ok,281,10,1,modified_altitude,1,modified_altitude,1.0,True,0.08424288034439087,0.7836349606513977,1.0,0.12531010806560516,0.48963499069213867,
poison/poisceb/datapoiscebseq/poisalt_ceb_3e3cf40d.csv,ok,429,19,1,modified_altitude,0,authentic,0.9994069337844849,False,0.9562228322029114,0.9994069337844849,0.030084922909736633,0.07244662940502167,0.06584836542606354,
poison/poisceb/datapoiscebseq/poisalt_ceb_3e3d2ac0.csv,ok,332,13,1,modified_altitude,1,modified_altitude,1.0,True,0.02469676546752453,0.16096381843090057,1.0,0.7344880700111389,0.980468213558197,
poison/poisceb/datapoiscebseq/poisalt_ceb_3e3d6a76.csv,ok,315,12,1,modified_altitude,1,modified_altitude,0.9999660849571228,True,0.16522614657878876,0.8970146179199219,0.9999660849571228,0.5417049527168274,0.05599333718419075,
poison/poisceb/datapoiscebseq/poisalt_ceb_3e3d76da.csv,ok,280,10,1,modified_altitude,1,modified_altitude,1.0,True,0.33807918429374695,0.9462869763374329,1.0,0.047961361706256866,0.12804396450519562,
poison/poisceb/datapoiscebseq/poisalt_ceb_3e40837d.csv,ok,505,24,1,modified_altitude,0,authentic,0.9934641122817993,False,0.753500759601593,0.9934641122817993,0.8746182322502136,0.1945650279521942,0.18263445794582367,
poison/poisceb/datapoiscebseq/poisalt_ceb_3e4486ec.csv,ok,297,11,1,modified_altitude,0,authentic,0.9818920493125916,False,0.41133901476860046,0.9818920493125916,0.7723205089569092,0.1721912920475006,0.914138674736023,
poison/poisceb/datapoiscebseq/poisalt_ceb_3e493aea.csv,ok,304,12,1,modified_altitude,1,modified_altitude,0.9979596138000488,True,0.2282511442899704,0.9699966311454773,0.9979596138000488,0.4631876051425934,0.0849095806479454,
poison/poisceb/datapoiscebseq/poisalt_ceb_3e4bb0ba.csv,ok,379,16,1,modified_altitude,1,modified_altitude,0.9999998807907104,True,0.3306351900100708,0.9766713976860046,0.9999998807907104,0.27250462770462036,0.3585456609725952,
poison/poisceb/datapoiscebseq/poisalt_ceb_3e501ab1.csv,ok,363,15,1,modified_altitude,1,modified_altitude,1.0,True,0.16878123581409454,0.7906385660171509,1.0,0.2715584635734558,0.3370056450366974,
poison/poisceb/datapoiscebseq/poisalt_ceb_3e50b1fe.csv,ok,340,14,1,modified_altitude,1,modified_altitude,0.9997387528419495,True,0.18619363009929657,0.8892931938171387,0.9997387528419495,0.6650807857513428,0.947252094745636,
poison/poisceb/datapoiscebseq/poisalt_ceb_3e53b807.csv,ok,338,14,1,modified_altitude,1,modified_altitude,1.0,True,0.34862157702445984,0.9936874508857727,1.0,0.036664076149463654,0.012295425869524479,
poison/poisceb/datapoiscebseq/poisalt_ceb_3e5425d4.csv,ok,368,16,1,modified_altitude,1,modified_altitude,1.0,True,0.407294899225235,0.989508330821991,1.0,0.10929340124130249,0.03510236367583275,
poison/poisceb/datapoiscebseq/poisalt_ceb_3e546be4.csv,ok,349,14,1,modified_altitude,1,modified_altitude,1.0,True,0.2683040499687195,0.9365264177322388,1.0,0.20222117006778717,0.11665653437376022,
poison/poisceb/datapoiscebseq/poisalt_ceb_3e579969.csv,ok,368,16,1,modified_altitude,1,modified_altitude,1.0,True,0.4314097762107849,0.9433451294898987,1.0,0.07322350144386292,0.09256678819656372,
poison/poisceb/datapoiscebseq/poisalt_ceb_3e5f3e78.csv,ok,331,13,1,modified_altitude,1,modified_altitude,1.0,True,0.42328551411628723,0.9814997911453247,1.0,0.053506385535001755,0.05191118270158768,
poison/poisceb/datapoiscebseq/poisalt_ceb_3e628723.csv,ok,413,18,1,modified_altitude,2,modified_speed,0.9999153017997742,False,0.22707721590995789,0.9285398125648499,0.15978072583675385,0.9999153017997742,0.2862838804721832,
poison/poisceb/datapoiscebseq/poisalt_ceb_3e66722b.csv,ok,274,10,1,modified_altitude,0,authentic,0.9887268543243408,False,0.29325956106185913,0.9887268543243408,0.9622431993484497,0.1467784345149994,0.9718797206878662,
poison/poisceb/datapoiscebseq/poisalt_ceb_3e68cadd.csv,ok,325,13,1,modified_altitude,1,modified_altitude,1.0,True,0.36557313799858093,0.9101628661155701,1.0,0.11374655365943909,0.07064702361822128,
poison/poisceb/datapoiscebseq/poisalt_ceb_3e68edcb.csv,ok,296,11,1,modified_altitude,0,authentic,0.8998578190803528,False,0.36199724674224854,0.8998578190803528,0.6578893065452576,0.44856148958206177,0.39980414509773254,
poison/poisceb/datapoiscebseq/poisalt_ceb_3e6c9276.csv,ok,369,16,1,modified_altitude,1,modified_altitude,0.9999997615814209,True,0.2434893250465393,0.9343404769897461,0.9999997615814209,0.7864769697189331,0.16075803339481354,
poison/poisceb/datapoiscebseq/poisalt_ceb_3e6d4241.csv,ok,327,13,1,modified_altitude,1,modified_altitude,1.0,True,0.3466847836971283,0.974509596824646,1.0,0.04826618358492851,0.09734824299812317,
poison/poisceb/datapoiscebseq/poisalt_ceb_3e703572.csv,ok,324,13,1,modified_altitude,1,modified_altitude,0.9999998807907104,True,0.49403998255729675,0.9690840840339661,0.9999998807907104,0.045032694935798645,0.05139891058206558,
poison/poisceb/datapoiscebseq/poisalt_ceb_3e7480bb.csv,ok,313,12,1,modified_altitude,2,modified_speed,0.9991352558135986,False,0.14869382977485657,0.9029009342193604,0.7630313038825989,0.9991352558135986,0.18488064408302307,
poison/poisceb/datapoiscebseq/poisalt_ceb_3e77701f.csv,ok,410,18,1,modified_altitude,1,modified_altitude,1.0,True,0.505717933177948,0.9923484325408936,1.0,0.07933599501848221,0.369055837392807,
poison/poisceb/datapoiscebseq/poisalt_ceb_3e8c2986.csv,ok,379,16,1,modified_altitude,1,modified_altitude,0.9999998807907104,True,0.48604947328567505,0.9915838837623596,0.9999998807907104,0.015059702098369598,0.01933307573199272,
poison/poisceb/datapoiscebseq/poisalt_ceb_3e8e726d.csv,ok,374,16,1,modified_altitude,0,authentic,0.9427431225776672,False,0.514726996421814,0.9427431225776672,0.48030465841293335,0.9301133155822754,0.48845362663269043,
poison/poisceb/datapoiscebseq/poisalt_ceb_3e8fc79a.csv,ok,297,11,1,modified_altitude,1,modified_altitude,0.999958336353302,True,0.08980348706245422,0.9220070242881775,0.999958336353302,0.36524608731269836,0.271852970123291,
poison/poisceb/datapoiscebseq/poisalt_ceb_3e92469e.csv,ok,325,13,1,modified_altitude,1,modified_altitude,1.0,True,0.41541483998298645,0.9747374057769775,1.0,0.04235614091157913,0.04457685723900795,
poison/poisceb/datapoiscebseq/poisalt_ceb_3e9395bd.csv,ok,294,11,1,modified_altitude,0,authentic,0.834709107875824,False,0.27207860350608826,0.834709107875824,0.6300724148750305,0.43540266156196594,0.2622460722923279,
poison/poisceb/datapoiscebseq/poisalt_ceb_3e93b2d9.csv,ok,306,12,1,modified_altitude,1,modified_altitude,0.9999991655349731,True,0.22918801009655,0.930031418800354,0.9999991655349731,0.2642911672592163,0.11286724358797073,
poison/poisceb/datapoiscebseq/poisalt_ceb_3e9641ad.csv,ok,368,16,1,modified_altitude,1,modified_altitude,1.0,True,0.4210853576660156,0.9971005916595459,1.0,0.03415774181485176,0.02400662750005722,
poison/poisceb/datapoiscebseq/poisalt_ceb_3e9af3eb.csv,ok,380,16,1,modified_altitude,1,modified_altitude,1.0,True,0.45975691080093384,0.9906243085861206,1.0,0.12613365054130554,0.05450078472495079,
poison/poisceb/datapoiscebseq/poisalt_ceb_3e9b47c3.csv,ok,356,15,1,modified_altitude,1,modified_altitude,0.9229865670204163,True,0.344579815864563,0.8996984958648682,0.9229865670204163,0.5861802101135254,0.04832827299833298,
poison/poisceb/datapoiscebseq/poisalt_ceb_3e9eab00.csv,ok,407,18,1,modified_altitude,0,authentic,0.9468922019004822,False,0.5510760545730591,0.9468922019004822,0.6400991082191467,0.5854972004890442,0.5748955607414246,
poison/poisceb/datapoiscebseq/poisalt_ceb_3e9f288f.csv,ok,396,17,1,modified_altitude,1,modified_altitude,0.9998635053634644,True,0.2824133038520813,0.9433517456054688,0.9998635053634644,0.9764115214347839,0.16684241592884064,
poison/poisceb/datapoiscebseq/poisalt_ceb_3e9f427d.csv,ok,300,11,1,modified_altitude,1,modified_altitude,0.9999984502792358,True,0.2447436898946762,0.9287055134773254,0.9999984502792358,0.04222267121076584,0.054417818784713745,
poison/poisceb/datapoiscebseq/poisalt_ceb_3ea16829.csv,ok,371,16,1,modified_altitude,0,authentic,0.9824830293655396,False,0.43271681666374207,0.9824830293655396,0.38779300451278687,0.8250784873962402,0.13773491978645325,
poison/poisceb/datapoiscebseq/poisalt_ceb_3ea18fc1.csv,ok,354,15,1,modified_altitude,1,modified_altitude,0.9999998807907104,True,0.29646623134613037,0.9809608459472656,0.9999998807907104,0.0683567151427269,0.06078628823161125,
poison/poisceb/datapoiscebseq/poisalt_ceb_3ea27a49.csv,ok,326,13,1,modified_altitude,1,modified_altitude,1.0,True,0.333888977766037,0.9369756579399109,1.0,0.2605944573879242,0.0802072212100029,
poison/poisceb/datapoiscebseq/poisalt_ceb_3ea4e474.csv,ok,357,15,1,modified_altitude,0,authentic,0.9924224019050598,False,0.4253522455692291,0.9924224019050598,0.9896765351295471,0.17845222353935242,0.09599446505308151,
poison/poisceb/datapoiscebseq/poisalt_ceb_3ea56fc5.csv,ok,272,10,1,modified_altitude,1,modified_altitude,0.9815161228179932,True,0.27305999398231506,0.9170466661453247,0.9815161228179932,0.15556100010871887,0.060103483498096466,
poison/poisceb/datapoiscebseq/poisalt_ceb_3ea85858.csv,ok,368,16,1,modified_altitude,1,modified_altitude,1.0,True,0.46373915672302246,0.9838630557060242,1.0,0.03872762620449066,0.03562484681606293,
poison/poisceb/datapoiscebseq/poisalt_ceb_3eac3581.csv,ok,321,13,1,modified_altitude,1,modified_altitude,1.0,True,0.3556828200817108,0.958864152431488,1.0,0.05619312822818756,0.023741010576486588,
poison/poisceb/datapoiscebseq/poisalt_ceb_3eac426b.csv,ok,326,13,1,modified_altitude,1,modified_altitude,0.9958322644233704,True,0.4279453158378601,0.975683331489563,0.9958322644233704,0.032185349613428116,0.0486886203289032,
poison/poisceb/datapoiscebseq/poisalt_ceb_3eb0c211.csv,ok,381,16,1,modified_altitude,1,modified_altitude,0.9999133944511414,True,0.39766180515289307,0.9148918390274048,0.9999133944511414,0.23838867247104645,0.5966649651527405,
poison/poisceb/datapoiscebseq/poisalt_ceb_3eb1117e.csv,ok,315,12,1,modified_altitude,1,modified_altitude,1.0,True,0.30019864439964294,0.9805451035499573,1.0,0.04260585084557533,0.05558277666568756,
poison/poisceb/datapoiscebseq/poisalt_ceb_3eb43ed1.csv,ok,354,15,1,modified_altitude,1,modified_altitude,1.0,True,0.40920698642730713,0.9870003461837769,1.0,0.09852525591850281,0.1673659235239029,
poison/poisceb/datapoiscebseq/poisalt_ceb_3eb5439f.csv,ok,293,11,1,modified_altitude,1,modified_altitude,1.0,True,0.4329409599304199,0.9841356873512268,1.0,0.023099737241864204,0.030327560380101204,
poison/poisceb/datapoiscebseq/poisalt_ceb_3ebbb4fb.csv,ok,331,13,1,modified_altitude,1,modified_altitude,1.0,True,0.2819588780403137,0.952660322189331,1.0,0.03686137497425079,0.02735258638858795,
poison/poisceb/datapoiscebseq/poisalt_ceb_3ebbca4e.csv,ok,364,15,1,modified_altitude,1,modified_altitude,0.9999813437461853,True,0.18826498091220856,0.8698047995567322,0.9999813437461853,0.26486027240753174,0.14126445353031158,
poison/poisceb/datapoiscebseq/poisalt_ceb_3ebf228b.csv,ok,356,15,1,modified_altitude,1,modified_altitude,0.9993489384651184,True,0.2473573237657547,0.9312543272972107,0.9993489384651184,0.904975175857544,0.5891805291175842,
poison/poisceb/datapoiscebseq/poisalt_ceb_3ec015cb.csv,ok,321,13,1,modified_altitude,1,modified_altitude,1.0,True,0.3765300512313843,0.9580766558647156,1.0,0.11603406816720963,0.06194782257080078,
poison/poisceb/datapoiscebseq/poisalt_ceb_3ec27de9.csv,ok,401,18,1,modified_altitude,1,modified_altitude,0.9878062605857849,True,0.34997043013572693,0.9278829097747803,0.9878062605857849,0.4636988639831543,0.2742299437522888,
poison/poisceb/datapoiscebseq/poisalt_ceb_3ec35abb.csv,ok,298,11,1,modified_altitude,1,modified_altitude,0.9861201643943787,True,0.3789484202861786,0.9847316741943359,0.9861201643943787,0.28510522842407227,0.17554377019405365,
poison/poisceb/datapoiscebseq/poisalt_ceb_3ec729dc.csv,ok,336,14,1,modified_altitude,1,modified_altitude,1.0,True,0.3265847861766815,0.9762237668037415,1.0,0.43579208850860596,0.15593107044696808,
poison/poisceb/datapoiscebseq/poisalt_ceb_3ec99989.csv,ok,332,13,1,modified_altitude,1,modified_altitude,1.0,True,0.3069689869880676,0.979762077331543,1.0,0.033796731382608414,0.04103343188762665,
poison/poisceb/datapoiscebseq/poisalt_ceb_3eca29db.csv,ok,355,15,1,modified_altitude,1,modified_altitude,0.9999998807907104,True,0.41355201601982117,0.9520074129104614,0.9999998807907104,0.14497022330760956,0.0959448292851448,
poison/poisceb/datapoiscebseq/poisalt_ceb_3eca98ca.csv,ok,323,13,1,modified_altitude,1,modified_altitude,0.9997040033340454,True,0.1284121423959732,0.9390859603881836,0.9997040033340454,0.5248281359672546,0.29508912563323975,
poison/poisceb/datapoiscebseq/poisalt_ceb_3ecd551b.csv,ok,348,14,1,modified_altitude,1,modified_altitude,0.9998693466186523,True,0.4566061198711395,0.984295129776001,0.9998693466186523,0.05155332013964653,0.07741786539554596,
poison/poisceb/datapoiscebseq/poisalt_ceb_3ecd7dd5.csv,ok,327,13,1,modified_altitude,2,modified_speed,0.9777878522872925,False,0.2949543297290802,0.9608747959136963,0.6648211479187012,0.9777878522872925,0.23730182647705078,
poison/poisceb/datapoiscebseq/poisalt_ceb_3ecd9c1d.csv,ok,373,16,1,modified_altitude,1,modified_altitude,0.9999997615814209,True,0.41379421949386597,0.9752669930458069,0.9999997615814209,0.0735362246632576,0.031679973006248474,
poison/poisceb/datapoiscebseq/poisalt_ceb_3ece6491.csv,ok,480,23,1,modified_altitude,1,modified_altitude,0.9999865293502808,True,0.5825673937797546,0.9898101687431335,0.9999865293502808,0.8072269558906555,0.746255099773407,
poison/poisceb/datapoiscebseq/poisalt_ceb_3ed79631.csv,ok,378,16,1,modified_altitude,1,modified_altitude,0.999654233455658,True,0.3135235905647278,0.9012073874473572,0.999654233455658,0.25180867314338684,0.29802173376083374,
poison/poisceb/datapoiscebseq/poisalt_ceb_3ed81622.csv,ok,311,12,1,modified_altitude,1,modified_altitude,0.9999948740005493,True,0.4635309875011444,0.9889367818832397,0.9999948740005493,0.04914816841483116,0.08961979299783707,
poison/poisceb/datapoiscebseq/poisalt_ceb_3ed9d416.csv,ok,317,12,1,modified_altitude,1,modified_altitude,1.0,True,0.4020841121673584,0.9895994067192078,1.0,0.01575535722076893,0.019288087263703346,
poison/poisceb/datapoiscebseq/poisalt_ceb_3edac4f1.csv,ok,335,13,1,modified_altitude,1,modified_altitude,0.9999998807907104,True,0.32646119594573975,0.8831877708435059,0.9999998807907104,0.038700323551893234,0.05970592424273491,
poison/poisceb/datapoiscebseq/poisalt_ceb_3edad482.csv,ok,346,14,1,modified_altitude,1,modified_altitude,0.9998708963394165,True,0.39299771189689636,0.9779056906700134,0.9998708963394165,0.6847714781761169,0.024533264338970184,
poison/poisceb/datapoiscebseq/poisalt_ceb_3edd9c73.csv,ok,303,11,1,modified_altitude,2,modified_speed,0.9868723154067993,False,0.2621285617351532,0.8112762570381165,0.2294236272573471,0.9868723154067993,0.1954326331615448,
poison/poisceb/datapoiscebseq/poisalt_ceb_3ee31976.csv,ok,470,22,1,modified_altitude,1,modified_altitude,1.0,True,0.508189857006073,0.9974749684333801,1.0,0.12370723485946655,0.09009142220020294,
poison/poisceb/datapoiscebseq/poisalt_ceb_3ee600ee.csv,ok,369,16,1,modified_altitude,1,modified_altitude,0.9996289014816284,True,0.3623754382133484,0.9213886260986328,0.9996289014816284,0.630402684211731,0.19003330171108246,
poison/poisceb/datapoiscebseq/poisalt_ceb_3ee6c6d1.csv,ok,342,14,1,modified_altitude,1,modified_altitude,1.0,True,0.3358004093170166,0.9831039309501648,1.0,0.029239289462566376,0.027004308998584747,
poison/poisceb/datapoiscebseq/poisalt_ceb_3ee6fd61.csv,ok,343,14,1,modified_altitude,1,modified_altitude,1.0,True,0.3986693322658539,0.987092137336731,1.0,0.15759004652500153,0.024821575731039047,
poison/poisceb/datapoiscebseq/poisalt_ceb_3ee762b3.csv,ok,398,17,1,modified_altitude,1,modified_altitude,1.0,True,0.24187643826007843,0.9568391442298889,1.0,0.1429918110370636,0.1633055955171585,
poison/poisceb/datapoiscebseq/poisalt_ceb_3eeaa2d3.csv,ok,371,16,1,modified_altitude,1,modified_altitude,1.0,True,0.1676025092601776,0.8772904872894287,1.0,0.4552997350692749,0.8834113478660583,
poison/poisceb/datapoiscebseq/poisalt_ceb_3eee9fa6.csv,ok,366,15,1,modified_altitude,1,modified_altitude,1.0,True,0.37628301978111267,0.9903852343559265,1.0,0.02848200500011444,0.042811449617147446,
poison/poisceb/datapoiscebseq/poisalt_ceb_3eefc093.csv,ok,322,13,1,modified_altitude,1,modified_altitude,1.0,True,0.4185497462749481,0.985098123550415,1.0,0.055445604026317596,0.07306434959173203,
poison/poisceb/datapoiscebseq/poisalt_ceb_3ef274f9.csv,ok,340,14,1,modified_altitude,1,modified_altitude,1.0,True,0.38286644220352173,0.9718424677848816,1.0,0.07886602729558945,0.08156338334083557,
poison/poisceb/datapoiscebseq/poisalt_ceb_3ef2a84a.csv,ok,311,12,1,modified_altitude,1,modified_altitude,1.0,True,0.24411220848560333,0.9823302030563354,1.0,0.006810735445469618,0.007396509405225515,
poison/poisceb/datapoiscebseq/poisalt_ceb_3f031544.csv,ok,290,11,1,modified_altitude,1,modified_altitude,1.0,True,0.33985045552253723,0.9777464866638184,1.0,0.014473801478743553,0.014538048766553402,
poison/poisceb/datapoiscebseq/poisalt_ceb_3f058428.csv,ok,322,13,1,modified_altitude,1,modified_altitude,0.999997615814209,True,0.20275713503360748,0.9280178546905518,0.999997615814209,0.06608732044696808,0.046782560646533966,
poison/poisceb/datapoiscebseq/poisalt_ceb_3f05b121.csv,ok,310,12,1,modified_altitude,1,modified_altitude,1.0,True,0.3414463996887207,0.9697400331497192,1.0,0.08030474931001663,0.2444530576467514,
poison/poisceb/datapoiscebseq/poisalt_ceb_3f068856.csv,ok,321,13,1,modified_altitude,2,modified_speed,0.9999625086784363,False,0.11993201076984406,0.7923617362976074,0.9315149784088135,0.9999625086784363,0.11640278249979019,
poison/poisceb/datapoiscebseq/poisalt_ceb_3f07d673.csv,ok,312,12,1,modified_altitude,1,modified_altitude,1.0,True,0.3130685091018677,0.9727111458778381,1.0,0.019004054367542267,0.021895792335271835,
poison/poisceb/datapoiscebseq/poisalt_ceb_3f0abaf5.csv,ok,329,13,1,modified_altitude,1,modified_altitude,0.9960198998451233,True,0.3457562327384949,0.9855676889419556,0.9960198998451233,0.5292863845825195,0.16981114447116852,
poison/poisceb/datapoiscebseq/poisalt_ceb_3f0ac143.csv,ok,310,12,1,modified_altitude,1,modified_altitude,0.991704523563385,True,0.31961894035339355,0.9807844161987305,0.991704523563385,0.14396680891513824,0.08983474224805832,
poison/poisceb/datapoiscebseq/poisalt_ceb_3f0e156d.csv,ok,309,12,1,modified_altitude,2,modified_speed,0.9899765253067017,False,0.42288586497306824,0.9197741746902466,0.4141750633716583,0.9899765253067017,0.2493399828672409,
poison/poisceb/datapoiscebseq/poisalt_ceb_3f11191c.csv,ok,331,13,1,modified_altitude,0,authentic,0.9347575902938843,False,0.46523064374923706,0.9347575902938843,0.6987773180007935,0.4760841429233551,0.2555197775363922,
poison/poisceb/datapoiscebseq/poisalt_ceb_3f115f15.csv,ok,346,14,1,modified_altitude,0,authentic,0.9937244653701782,False,0.41291823983192444,0.9937244653701782,0.9884135127067566,0.020050596445798874,0.0243480633944273,
poison/poisceb/datapoiscebseq/poisalt_ceb_3f11b153.csv,ok,333,13,1,modified_altitude,1,modified_altitude,1.0,True,0.42027509212493896,0.9770650267601013,1.0,0.044646840542554855,0.05598248913884163,
poison/poisceb/datapoiscebseq/poisalt_ceb_3f128481.csv,ok,301,11,1,modified_altitude,1,modified_altitude,0.9999997615814209,True,0.06459248065948486,0.7066186666488647,0.9999997615814209,0.143793523311615,0.6150345802307129,
poison/poisceb/datapoiscebseq/poisalt_ceb_3f1417b4.csv,ok,339,14,1,modified_altitude,1,modified_altitude,1.0,True,0.39554092288017273,0.994580090045929,1.0,0.08371579647064209,0.05799511447548866,
poison/poisceb/datapoiscebseq/poisalt_ceb_3f18588d.csv,ok,316,12,1,modified_altitude,1,modified_altitude,1.0,True,0.378600150346756,0.9830280542373657,1.0,0.062015824019908905,0.18746598064899445,
poison/poisceb/datapoiscebseq/poisalt_ceb_3f1e0122.csv,ok,377,16,1,modified_altitude,1,modified_altitude,1.0,True,0.4279569387435913,0.9581021666526794,1.0,0.11585159599781036,0.16030405461788177,
poison/poisceb/datapoiscebseq/poisalt_ceb_3f22920a.csv,ok,383,16,1,modified_altitude,1,modified_altitude,1.0,True,0.4278371036052704,0.996130108833313,1.0,0.03892768546938896,0.04204283282160759,
poison/poisceb/datapoiscebseq/poisalt_ceb_3f231894.csv,ok,358,15,1,modified_altitude,1,modified_altitude,0.9999969005584717,True,0.4245714247226715,0.9885927438735962,0.9999969005584717,0.58916175365448,0.036599233746528625,
poison/poisceb/datapoiscebseq/poisalt_ceb_3f26b79d.csv,ok,359,15,1,modified_altitude,2,modified_speed,0.9979249238967896,False,0.3639916479587555,0.9461562633514404,0.7086839079856873,0.9979249238967896,0.1939881443977356,
poison/poisceb/datapoiscebseq/poisalt_ceb_3f27383d.csv,ok,377,16,1,modified_altitude,1,modified_altitude,1.0,True,0.4150753617286682,0.9935849905014038,1.0,0.043068982660770416,0.15233510732650757,
poison/poisceb/datapoiscebseq/poisalt_ceb_3f2df8d5.csv,ok,318,12,1,modified_altitude,1,modified_altitude,1.0,True,0.15322858095169067,0.9501476287841797,1.0,0.025332633405923843,0.07462280988693237,
poison/poisceb/datapoiscebseq/poisalt_ceb_3f2e5138.csv,ok,307,12,1,modified_altitude,1,modified_altitude,1.0,True,0.4516472816467285,0.9784213304519653,1.0,0.0550338514149189,0.05324171856045723,
poison/poisceb/datapoiscebseq/poisalt_ceb_3f2f870b.csv,ok,317,12,1,modified_altitude,1,modified_altitude,0.9999994039535522,True,0.39260122179985046,0.9932608604431152,0.9999994039535522,0.03043098747730255,0.038740914314985275,
poison/poisceb/datapoiscebseq/poisalt_ceb_3f31991c.csv,ok,333,13,1,modified_altitude,1,modified_altitude,0.9996164441108704,True,0.1965027004480362,0.9492276906967163,0.9996164441108704,0.21759545803070068,0.4686788022518158,
poison/poisceb/datapoiscebseq/poisalt_ceb_3f32a47a.csv,ok,325,13,1,modified_altitude,1,modified_altitude,1.0,True,0.4301499128341675,0.9863358736038208,1.0,0.04034901037812233,0.07031948864459991,
poison/poisceb/datapoiscebseq/poisalt_ceb_3f350a36.csv,ok,347,14,1,modified_altitude,1,modified_altitude,1.0,True,0.3425758481025696,0.9913643002510071,1.0,0.029425010085105896,0.0418962724506855,
poison/poisceb/datapoiscebseq/poisalt_ceb_3f36961f.csv,ok,355,15,1,modified_altitude,1,modified_altitude,1.0,True,0.3711791932582855,0.9720314145088196,1.0,0.03395973891019821,0.03820301592350006,
poison/poisceb/datapoiscebseq/poisalt_ceb_3f38c5e9.csv,ok,292,11,1,modified_altitude,2,modified_speed,0.999363124370575,False,0.46781304478645325,0.9509105682373047,0.9611859917640686,0.999363124370575,0.10120832920074463,
poison/poisceb/datapoiscebseq/poisalt_ceb_3f39f085.csv,ok,310,12,1,modified_altitude,2,modified_speed,0.9551174640655518,False,0.2519577443599701,0.8417089581489563,0.39853617548942566,0.9551174640655518,0.17129084467887878,
poison/poisceb/datapoiscebseq/poisalt_ceb_3f3a089b.csv,ok,337,14,1,modified_altitude,0,authentic,0.9804589748382568,False,0.4650379717350006,0.9804589748382568,0.966926097869873,0.14607207477092743,0.13545183837413788,
poison/poisceb/datapoiscebseq/poisalt_ceb_3f3b17b4.csv,ok,319,12,1,modified_altitude,1,modified_altitude,0.9957688450813293,True,0.5619640946388245,0.9943013191223145,0.9957688450813293,0.026179030537605286,0.028169136494398117,
poison/poisceb/datapoiscebseq/poisalt_ceb_3f3cafab.csv,ok,318,12,1,modified_altitude,1,modified_altitude,1.0,True,0.08760476857423782,0.9542847275733948,1.0,0.14528906345367432,0.03478359803557396,
poison/poisceb/datapoiscebseq/poisalt_ceb_3f3d1e29.csv,ok,328,13,1,modified_altitude,1,modified_altitude,1.0,True,0.3702268898487091,0.9926557540893555,1.0,0.023607071489095688,0.025385983288288116,
poison/poisceb/datapoiscebseq/poisalt_ceb_3f3d31b6.csv,ok,335,13,1,modified_altitude,1,modified_altitude,1.0,True,0.36507880687713623,0.9850963950157166,1.0,0.041219647973775864,0.02183515392243862,
poison/poisceb/datapoiscebseq/poisalt_ceb_3f3dbc16.csv,ok,347,14,1,modified_altitude,2,modified_speed,0.9999908208847046,False,0.3111933767795563,0.8924109935760498,0.3174939751625061,0.9999908208847046,0.20258481800556183,
poison/poisceb/datapoiscebseq/poisalt_ceb_3f3ec2d5.csv,ok,441,20,1,modified_altitude,0,authentic,0.9952202439308167,False,0.5840219855308533,0.9952202439308167,0.9783688187599182,0.1455961912870407,0.28001490235328674,
poison/poisceb/datapoiscebseq/poisalt_ceb_3f3eeccf.csv,ok,310,12,1,modified_altitude,0,authentic,0.9908308386802673,False,0.3213636577129364,0.9908308386802673,0.8899477124214172,0.711270809173584,0.4147418439388275,
poison/poisceb/datapoiscebseq/poisalt_ceb_3f41083f.csv,ok,326,13,1,modified_altitude,1,modified_altitude,1.0,True,0.29191339015960693,0.9813340306282043,1.0,0.027726124972105026,0.019448330625891685,
poison/poisceb/datapoiscebseq/poisalt_ceb_3f418d21.csv,ok,326,13,1,modified_altitude,1,modified_altitude,0.9985483884811401,True,0.3061097264289856,0.9702624082565308,0.9985483884811401,0.3933161795139313,0.36865052580833435,
poison/poisceb/datapoiscebseq/poisalt_ceb_3f429596.csv,ok,368,16,1,modified_altitude,1,modified_altitude,0.9999843239784241,True,0.437888503074646,0.9824357032775879,0.9999843239784241,0.0776166096329689,0.10039195418357849,
poison/poisceb/datapoiscebseq/poisalt_ceb_3f433bd0.csv,ok,365,15,1,modified_altitude,1,modified_altitude,0.9999997615814209,True,0.4287109375,0.9877724051475525,0.9999997615814209,0.10974898934364319,0.041045788675546646,
poison/poisceb/datapoiscebseq/poisalt_ceb_3f459476.csv,ok,318,12,1,modified_altitude,1,modified_altitude,1.0,True,0.3197636306285858,0.9839081168174744,1.0,0.024574991315603256,0.012563077732920647,
poison/poisceb/datapoiscebseq/poisalt_ceb_3f45cc56.csv,ok,351,14,1,modified_altitude,1,modified_altitude,0.9999990463256836,True,0.38837191462516785,0.9708496332168579,0.9999990463256836,0.06234562397003174,0.09859859198331833,
poison/poisceb/datapoiscebseq/poisalt_ceb_3f46b29e.csv,ok,333,13,1,modified_altitude,0,authentic,0.9839372038841248,False,0.36560624837875366,0.9839372038841248,0.8773992657661438,0.2876763343811035,0.23704905807971954,
poison/poisceb/datapoiscebseq/poisalt_ceb_3f4abe0e.csv,ok,317,12,1,modified_altitude,0,authentic,0.9549499750137329,False,0.27790334820747375,0.9549499750137329,0.9454147219657898,0.24116508662700653,0.23600061237812042,
poison/poisceb/datapoiscebseq/poisalt_ceb_3f4aeb9f.csv,ok,366,15,1,modified_altitude,1,modified_altitude,1.0,True,0.4352002739906311,0.9777892827987671,1.0,0.0341496616601944,0.05028387904167175,
poison/poisceb/datapoiscebseq/poisalt_ceb_3f4b104b.csv,ok,352,15,1,modified_altitude,1,modified_altitude,0.9845349788665771,True,0.43951529264450073,0.9573526382446289,0.9845349788665771,0.33999088406562805,0.03857870399951935,
poison/poisceb/datapoiscebseq/poisalt_ceb_3f4c3f9f.csv,ok,310,12,1,modified_altitude,1,modified_altitude,0.9999979734420776,True,0.4862023591995239,0.9943298697471619,0.9999979734420776,0.010918875224888325,0.011520856991410255,
poison/poisceb/datapoiscebseq/poisalt_ceb_3f4df259.csv,ok,327,13,1,modified_altitude,1,modified_altitude,0.9994794726371765,True,0.4194740056991577,0.962859034538269,0.9994794726371765,0.10087316483259201,0.15275785326957703,
poison/poisceb/datapoiscebseq/poisalt_ceb_3f4e3ac2.csv,ok,443,20,1,modified_altitude,1,modified_altitude,1.0,True,0.6132959127426147,0.997043251991272,1.0,0.0833214521408081,0.06436575949192047,
poison/poisceb/datapoiscebseq/poisalt_ceb_3f4e80cb.csv,ok,338,14,1,modified_altitude,0,authentic,0.9492073655128479,False,0.48845043778419495,0.9492073655128479,0.9297304153442383,0.24914951622486115,0.07551208883523941,
poison/poisceb/datapoiscebseq/poisalt_ceb_3f4e9a29.csv,ok,320,13,1,modified_altitude,1,modified_altitude,0.9972293376922607,True,0.1324991136789322,0.8655204176902771,0.9972293376922607,0.9871924519538879,0.08933403342962265,
poison/poisceb/datapoiscebseq/poisalt_ceb_3f51abcf.csv,ok,308,12,1,modified_altitude,1,modified_altitude,1.0,True,0.39544346928596497,0.974092960357666,1.0,0.040526263415813446,0.013890420086681843,
poison/poisceb/datapoiscebseq/poisalt_ceb_3f52f115.csv,ok,345,14,1,modified_altitude,0,authentic,0.9757632613182068,False,0.5045740604400635,0.9757632613182068,0.2951901853084564,0.642760694026947,0.580392062664032,
poison/poisceb/datapoiscebseq/poisalt_ceb_3f55ad21.csv,ok,356,15,1,modified_altitude,1,modified_altitude,1.0,True,0.37356239557266235,0.993614137172699,1.0,0.08909051865339279,0.0345422700047493,
poison/poisceb/datapoiscebseq/poisalt_ceb_3f57127d.csv,ok,333,13,1,modified_altitude,1,modified_altitude,1.0,True,0.14242973923683167,0.9801701903343201,1.0,0.7523754239082336,0.05819012224674225,
poison/poisceb/datapoiscebseq/poisalt_ceb_3f572275.csv,ok,325,13,1,modified_altitude,1,modified_altitude,1.0,True,0.43743422627449036,0.9877956509590149,1.0,0.08860811591148376,0.04583781212568283,
poison/poisceb/datapoiscebseq/poisalt_ceb_3f59d8c9.csv,ok,316,12,1,modified_altitude,1,modified_altitude,1.0,True,0.318213552236557,0.9872760772705078,1.0,0.021413031965494156,0.02305295318365097,
poison/poisceb/datapoiscebseq/poisalt_ceb_3f5a96cf.csv,ok,339,14,1,modified_altitude,1,modified_altitude,0.9999960660934448,True,0.4035366177558899,0.9794219732284546,0.9999960660934448,0.06791873276233673,0.08223629742860794,
poison/poisceb/datapoiscebseq/poisalt_ceb_3f5b502c.csv,ok,358,15,1,modified_altitude,1,modified_altitude,0.998379647731781,True,0.38305234909057617,0.9929579496383667,0.998379647731781,0.9561058878898621,0.2633124887943268,
poison/poisceb/datapoiscebseq/poisalt_ceb_3f5e1f63.csv,ok,321,13,1,modified_altitude,1,modified_altitude,1.0,True,0.3605898320674896,0.9846099615097046,1.0,0.031785447150468826,0.04432305321097374,
poison/poisceb/datapoiscebseq/poisalt_ceb_3f5e9e03.csv,ok,226,7,1,modified_altitude,1,modified_altitude,0.999998927116394,True,2.0867262565408384e-18,1.4604080509776842e-17,0.999998927116394,0.00647395895794034,9.412418400245315e-09,
poison/poisceb/datapoiscebseq/poisalt_ceb_3f604139.csv,ok,362,15,1,modified_altitude,1,modified_altitude,0.9999998807907104,True,0.41817525029182434,0.9576970934867859,0.9999998807907104,0.029728705063462257,0.0780845358967781,
poison/poisceb/datapoiscebseq/poisalt_ceb_3f627ce5.csv,ok,356,15,1,modified_altitude,1,modified_altitude,1.0,True,0.37493911385536194,0.9936432838439941,1.0,0.03544194996356964,0.05768026411533356,
poison/poisceb/datapoiscebseq/poisalt_ceb_3f62d6de.csv,ok,337,14,1,modified_altitude,0,authentic,0.9847995638847351,False,0.42192354798316956,0.9847995638847351,0.689446747303009,0.6178255677223206,0.22631458938121796,
poison/poisceb/datapoiscebseq/poisalt_ceb_3f66ac52.csv,ok,311,12,1,modified_altitude,1,modified_altitude,1.0,True,0.3254798352718353,0.9918789863586426,1.0,0.05780673027038574,0.005600118078291416,
poison/poisceb/datapoiscebseq/poisalt_ceb_3f66e29b.csv,ok,378,16,1,modified_altitude,2,modified_speed,0.9996506571769714,False,0.3320541977882385,0.9255985021591187,0.6867906451225281,0.9996506571769714,0.027950357645750046,
poison/poisceb/datapoiscebseq/poisalt_ceb_3f696728.csv,ok,306,12,1,modified_altitude,2,modified_speed,0.9094601273536682,False,0.24757958948612213,0.8488038182258606,0.8288841247558594,0.9094601273536682,0.37053626775741577,
poison/poisceb/datapoiscebseq/poisalt_ceb_3f69dc6c.csv,ok,314,12,1,modified_altitude,1,modified_altitude,1.0,True,0.3229936361312866,0.9861621856689453,1.0,0.012897214852273464,0.013167006894946098,
poison/poisceb/datapoiscebseq/poisalt_ceb_3f6a8c81.csv,ok,353,15,1,modified_altitude,1,modified_altitude,0.9999972581863403,True,0.36857733130455017,0.9598735570907593,0.9999972581863403,0.9244211316108704,0.821035623550415,
poison/poisceb/datapoiscebseq/poisalt_ceb_3f6b7a50.csv,ok,275,10,1,modified_altitude,1,modified_altitude,1.0,True,0.32946330308914185,0.9713442921638489,1.0,0.28978726267814636,0.12478452920913696,
poison/poisceb/datapoiscebseq/poisalt_ceb_3f6c81f9.csv,ok,307,12,1,modified_altitude,1,modified_altitude,1.0,True,0.21726341545581818,0.986454427242279,1.0,0.20169758796691895,0.09054221212863922,
poison/poisceb/datapoiscebseq/poisalt_ceb_3f6e2201.csv,ok,345,14,1,modified_altitude,1,modified_altitude,1.0,True,0.40451619029045105,0.9918594360351562,1.0,0.05263061076402664,0.033585548400878906,
poison/poisceb/datapoiscebseq/poisalt_ceb_3f6eccae.csv,ok,349,14,1,modified_altitude,1,modified_altitude,0.9999924898147583,True,0.4145200252532959,0.9483518004417419,0.9999924898147583,0.10929963737726212,0.15065278112888336,
poison/poisceb/datapoiscebseq/poisalt_ceb_3f716810.csv,ok,279,10,1,modified_altitude,0,authentic,0.8747937083244324,False,0.3920074701309204,0.8747937083244324,0.8582509160041809,0.6170447468757629,0.12081805616617203,
poison/poisceb/datapoiscebseq/poisalt_ceb_3f729c4e.csv,ok,551,27,1,modified_altitude,0,authentic,0.9901409149169922,False,0.6220256686210632,0.9901409149169922,0.9286558032035828,0.1693297028541565,0.8912051916122437,
poison/poisceb/datapoiscebseq/poisalt_ceb_3f72a6e6.csv,ok,537,26,1,modified_altitude,2,modified_speed,0.9996942281723022,False,0.5330067276954651,0.9759905338287354,0.21422891318798065,0.9996942281723022,0.12979158759117126,
poison/poisceb/datapoiscebseq/poisalt_ceb_3f759f46.csv,ok,339,14,1,modified_altitude,1,modified_altitude,0.9999998807907104,True,0.39487266540527344,0.9889962673187256,0.9999998807907104,0.6578209400177002,0.05764101818203926,
poison/poisceb/datapoiscebseq/poisalt_ceb_3f75e508.csv,ok,323,13,1,modified_altitude,1,modified_altitude,1.0,True,0.3635854423046112,0.9885753989219666,1.0,0.02653234265744686,0.042395856231451035,
poison/poisceb/datapoiscebseq/poisalt_ceb_3f7731ae.csv,ok,330,13,1,modified_altitude,0,authentic,0.9938476085662842,False,0.4116659164428711,0.9938476085662842,0.9181252121925354,0.362923264503479,0.10609712451696396,
poison/poisceb/datapoiscebseq/poisalt_ceb_3f785fc2.csv,ok,370,16,1,modified_altitude,1,modified_altitude,0.9484336972236633,True,0.23491519689559937,0.7995077967643738,0.9484336972236633,0.7155699133872986,0.433342307806015,
poison/poisceb/datapoiscebseq/poisalt_ceb_3f7cdc38.csv,ok,271,9,1,modified_altitude,1,modified_altitude,0.9999648332595825,True,0.19847632944583893,0.9297862648963928,0.9999648332595825,0.016780871897935867,0.09512443095445633,
poison/poisceb/datapoiscebseq/poisalt_ceb_3f7ceed2.csv,ok,315,12,1,modified_altitude,3,modified_position,0.9892709851264954,False,0.3479592800140381,0.9877952933311462,0.23402264714241028,0.8672930598258972,0.9892709851264954,
poison/poisceb/datapoiscebseq/poisalt_ceb_3f7d8e86.csv,ok,335,13,1,modified_altitude,1,modified_altitude,0.9999924898147583,True,0.1306607872247696,0.7203817367553711,0.9999924898147583,0.38619381189346313,0.1298612803220749,
poison/poisceb/datapoiscebseq/poisalt_ceb_3f7db5a0.csv,ok,320,13,1,modified_altitude,2,modified_speed,0.9913910031318665,False,0.5322234630584717,0.988278865814209,0.21978150308132172,0.9913910031318665,0.4685911536216736,
poison/poisceb/datapoiscebseq/poisalt_ceb_3f80bed0.csv,ok,329,13,1,modified_altitude,1,modified_altitude,0.9914569854736328,True,0.2479349970817566,0.9009376764297485,0.9914569854736328,0.17981866002082825,0.12022213637828827,
poison/poisceb/datapoiscebseq/poisalt_ceb_3f80ee7e.csv,ok,365,15,1,modified_altitude,1,modified_altitude,1.0,True,0.47637277841567993,0.9893267154693604,1.0,0.09910948574542999,0.12602326273918152,
poison/poisceb/datapoiscebseq/poisalt_ceb_3f8149db.csv,ok,309,12,1,modified_altitude,1,modified_altitude,1.0,True,0.40152111649513245,0.9875427484512329,1.0,0.017249582335352898,0.021221699193120003,
poison/poisceb/datapoiscebseq/poisalt_ceb_3f82ea74.csv,ok,378,16,1,modified_altitude,1,modified_altitude,0.9988803267478943,True,0.42697030305862427,0.9856418967247009,0.9988803267478943,0.26232126355171204,0.26744645833969116,
poison/poisceb/datapoiscebseq/poisauth_ceb_3e31b26e.csv,ok,374,16,0,authentic,0,authentic,0.9224079251289368,True,0.7745752334594727,0.9224079251289368,0.27585262060165405,0.16761113703250885,0.19430314004421234,
poison/poisceb/datapoiscebseq/poisauth_ceb_3e333998.csv,ok,351,14,0,authentic,0,authentic,0.9880598187446594,True,0.8750550150871277,0.9880598187446594,0.09419941902160645,0.11269305646419525,0.10437694936990738,
poison/poisceb/datapoiscebseq/poisauth_ceb_3e3a6fe9.csv,ok,336,14,0,authentic,0,authentic,0.9948950409889221,True,0.5914567112922668,0.9948950409889221,0.21102674305438995,0.2356846034526825,0.9028978943824768,
poison/poisceb/datapoiscebseq/poisauth_ceb_3e3af6b6.csv,ok,281,10,0,authentic,0,authentic,0.9935862421989441,True,0.7684499025344849,0.9935862421989441,0.05060829222202301,0.12531010806560516,0.865226686000824,
poison/poisceb/datapoiscebseq/poisauth_ceb_3e3cf40d.csv,ok,429,19,0,authentic,0,authentic,0.9997782111167908,True,0.9588504433631897,0.9997782111167908,0.030084922909736633,0.07244662940502167,0.06584836542606354,
poison/poisceb/datapoiscebseq/poisauth_ceb_3e3d2ac0.csv,ok,332,13,0,authentic,3,modified_position,0.991767942905426,False,0.4610086977481842,0.8956778049468994,0.06553856283426285,0.11960691213607788,0.991767942905426,
poison/poisceb/datapoiscebseq/poisauth_ceb_3e3d6a76.csv,ok,315,12,0,authentic,0,authentic,0.9854925274848938,True,0.70393306016922,0.9854925274848938,0.18497617542743683,0.24170836806297302,0.5737268924713135,
poison/poisceb/datapoiscebseq/poisauth_ceb_3e3d76da.csv,ok,280,10,0,authentic,0,authentic,0.9462869763374329,True,0.7838846445083618,0.9462869763374329,0.140394926071167,0.06074795871973038,0.37284594774246216,
poison/poisceb/datapoiscebseq/poisauth_ceb_3e40837d.csv,ok,505,24,0,authentic,0,authentic,0.9971263408660889,True,0.9397678375244141,0.9971263408660889,0.08358414471149445,0.08368901163339615,0.08593464642763138,
poison/poisceb/datapoiscebseq/poisauth_ceb_3e4486ec.csv,ok,297,11,0,authentic,0,authentic,0.9818920493125916,True,0.8480581641197205,0.9818920493125916,0.11901764571666718,0.10223287343978882,0.1410156488418579,
poison/poisceb/datapoiscebseq/poisauth_ceb_3e451feb.csv,ok,325,13,0,authentic,0,authentic,0.9765601754188538,True,0.49511685967445374,0.9765601754188538,0.16072483360767365,0.38204899430274963,0.5612438321113586,
poison/poisceb/datapoiscebseq/poisauth_ceb_3e493aea.csv,ok,304,12,0,authentic,0,authentic,0.9938203692436218,True,0.8952300548553467,0.9938203692436218,0.09822998195886612,0.05449199303984642,0.11112009733915329,
poison/poisceb/datapoiscebseq/poisauth_ceb_3e4bb0ba.csv,ok,379,16,0,authentic,0,authentic,0.9766713976860046,True,0.8555748462677002,0.9766713976860046,0.35325807332992554,0.27250462770462036,0.3585456609725952,
poison/poisceb/datapoiscebseq/poisauth_ceb_3e501ab1.csv,ok,363,15,0,authentic,0,authentic,0.8517052531242371,True,0.534765362739563,0.8517052531242371,0.4918164908885956,0.6603421568870544,0.3370056450366974,
poison/poisceb/datapoiscebseq/poisauth_ceb_3e50b1fe.csv,ok,340,14,0,authentic,0,authentic,0.9621138572692871,True,0.8070961236953735,0.9621138572692871,0.093232661485672,0.06610768288373947,0.6474310159683228,
poison/poisceb/datapoiscebseq/poisauth_ceb_3e53b807.csv,ok,338,14,0,authentic,0,authentic,0.9936874508857727,True,0.8936440348625183,0.9936874508857727,0.12507085502147675,0.0894736796617508,0.10629983991384506,
poison/poisceb/datapoiscebseq/poisauth_ceb_3e5425d4.csv,ok,368,16,0,authentic,0,authentic,0.989508330821991,True,0.8621151447296143,0.989508330821991,0.10958981513977051,0.11072389781475067,0.1354994922876358,
poison/poisceb/datapoiscebseq/poisauth_ceb_3e546be4.csv,ok,349,14,0,authentic,0,authentic,0.9365264177322388,True,0.75885009765625,0.9365264177322388,0.35195812582969666,0.1726074367761612,0.11665653437376022,
poison/poisceb/datapoiscebseq/poisauth_ceb_3e579969.csv,ok,368,16,0,authentic,0,authentic,0.9433451294898987,True,0.7891942262649536,0.9433451294898987,0.2655697166919708,0.3453591763973236,0.10055955499410629,
poison/poisceb/datapoiscebseq/poisauth_ceb_3e5f3e78.csv,ok,331,13,0,authentic,0,authentic,0.9814997911453247,True,0.8538100123405457,0.9814997911453247,0.21732117235660553,0.08162257820367813,0.1199842020869255,
poison/poisceb/datapoiscebseq/poisauth_ceb_3e628723.csv,ok,413,18,0,authentic,0,authentic,0.9736703634262085,True,0.7736191153526306,0.9736703634262085,0.15891997516155243,0.7060893177986145,0.257500559091568,
poison/poisceb/datapoiscebseq/poisauth_ceb_3e66722b.csv,ok,274,10,0,authentic,0,authentic,0.9887268543243408,True,0.8525469899177551,0.9887268543243408,0.10674195736646652,0.12057311832904816,0.09175392240285873,
poison/poisceb/datapoiscebseq/poisauth_ceb_3e68cadd.csv,ok,325,13,0,authentic,0,authentic,0.9356966614723206,True,0.6905125975608826,0.9356966614723206,0.3434476852416992,0.22865517437458038,0.1755039244890213,
poison/poisceb/datapoiscebseq/poisauth_ceb_3e68edcb.csv,ok,296,11,0,authentic,0,authentic,0.9869204759597778,True,0.8275648355484009,0.9869204759597778,0.17453113198280334,0.13788975775241852,0.15111102163791656,
poison/poisceb/datapoiscebseq/poisauth_ceb_3e6c9276.csv,ok,369,16,0,authentic,0,authentic,0.9343404769897461,True,0.6689143180847168,0.9343404769897461,0.3600652515888214,0.15089905261993408,0.16075803339481354,
poison/poisceb/datapoiscebseq/poisauth_ceb_3e6d4241.csv,ok,327,13,0,authentic,0,authentic,0.974509596824646,True,0.8198186159133911,0.974509596824646,0.18551960587501526,0.1179768294095993,0.16281305253505707,
poison/poisceb/datapoiscebseq/poisauth_ceb_3e703572.csv,ok,324,13,0,authentic,0,authentic,0.9690840840339661,True,0.9066270589828491,0.9690840840339661,0.08716590702533722,0.06672383099794388,0.05139891058206558,
poison/poisceb/datapoiscebseq/poisauth_ceb_3e7480bb.csv,ok,313,12,0,authentic,0,authentic,0.9744653105735779,True,0.8115732669830322,0.9744653105735779,0.1507308930158615,0.16852602362632751,0.14156584441661835,
poison/poisceb/datapoiscebseq/poisauth_ceb_3e74cb8a.csv,ok,274,10,0,authentic,0,authentic,0.9624448418617249,True,0.7247535586357117,0.9624448418617249,0.09636445343494415,0.07817069441080093,0.5795599818229675,
poison/poisceb/datapoiscebseq/poisauth_ceb_3e77701f.csv,ok,410,18,0,authentic,0,authentic,0.9923484325408936,True,0.834098756313324,0.9923484325408936,0.1249379888176918,0.38040709495544434,0.369055837392807,
poison/poisceb/datapoiscebseq/poisauth_ceb_3e87840a.csv,ok,322,13,0,authentic,0,authentic,0.971184253692627,True,0.8446759581565857,0.971184253692627,0.14201930165290833,0.088983453810215,0.12796331942081451,
poison/poisceb/datapoiscebseq/poisauth_ceb_3e8c2986.csv,ok,379,16,0,authentic,0,authentic,0.9915838837623596,True,0.9007208347320557,0.9915838837623596,0.12315598875284195,0.07562517374753952,0.08477098494768143,
poison/poisceb/datapoiscebseq/poisauth_ceb_3e8e726d.csv,ok,374,16,0,authentic,0,authentic,0.9774186611175537,True,0.8799153566360474,0.9774186611175537,0.11786025017499924,0.06977348029613495,0.10904566943645477,
poison/poisceb/datapoiscebseq/poisauth_ceb_3e8f83e0.csv,ok,318,12,0,authentic,0,authentic,0.9836198687553406,True,0.8576815724372864,0.9836198687553406,0.20800070464611053,0.10441286116838455,0.07566436380147934,
poison/poisceb/datapoiscebseq/poisauth_ceb_3e8fc79a.csv,ok,297,11,0,authentic,0,authentic,0.9664590954780579,True,0.8436120748519897,0.9664590954780579,0.18877464532852173,0.0933060348033905,0.09843693673610687,
poison/poisceb/datapoiscebseq/poisauth_ceb_3e92469e.csv,ok,325,13,0,authentic,0,authentic,0.9747374057769775,True,0.8521943688392639,0.9747374057769775,0.17750629782676697,0.10639240592718124,0.1159905344247818,
poison/poisceb/datapoiscebseq/poisauth_ceb_3e9395bd.csv,ok,294,11,0,authentic,0,authentic,0.9791725277900696,True,0.8017492890357971,0.9791725277900696,0.13641127943992615,0.11383175104856491,0.15748177468776703,
poison/poisceb/datapoiscebseq/poisauth_ceb_3e93b2d9.csv,ok,306,12,0,authentic,0,authentic,0.9590216279029846,True,0.8437111377716064,0.9590216279029846,0.18723735213279724,0.09426994621753693,0.14775332808494568,
poison/poisceb/datapoiscebseq/poisauth_ceb_3e9641ad.csv,ok,368,16,0,authentic,0,authentic,0.9971005916595459,True,0.8893160223960876,0.9971005916595459,0.15101507306098938,0.1469588428735733,0.04773193597793579,
poison/poisceb/datapoiscebseq/poisauth_ceb_3e9a215f.csv,ok,345,14,0,authentic,0,authentic,0.9702664613723755,True,0.6864084601402283,0.9702664613723755,0.2304605096578598,0.3333108723163605,0.18542732298374176,
poison/poisceb/datapoiscebseq/poisauth_ceb_3e9af3eb.csv,ok,380,16,0,authentic,0,authentic,0.9906243085861206,True,0.9029707908630371,0.9906243085861206,0.0744285136461258,0.08646194636821747,0.06790640205144882,
poison/poisceb/datapoiscebseq/poisauth_ceb_3e9b47c3.csv,ok,356,15,0,authentic,0,authentic,0.9327017068862915,True,0.6647735238075256,0.9327017068862915,0.4248170256614685,0.3508138060569763,0.16433781385421753,
poison/poisceb/datapoiscebseq/poisauth_ceb_3e9eab00.csv,ok,407,18,0,authentic,0,authentic,0.987686276435852,True,0.9283154010772705,0.987686276435852,0.04164815694093704,0.04782795161008835,0.0828925371170044,
poison/poisceb/datapoiscebseq/poisauth_ceb_3e9f288f.csv,ok,396,17,0,authentic,0,authentic,0.9824672937393188,True,0.9003145694732666,0.9824672937393188,0.08599754422903061,0.1243414506316185,0.080699622631073,
poison/poisceb/datapoiscebseq/poisauth_ceb_3e9f427d.csv,ok,300,11,0,authentic,0,authentic,0.9753479957580566,True,0.8890182971954346,0.9753479957580566,0.0976659283041954,0.05611581727862358,0.06373850256204605,
poison/poisceb/datapoiscebseq/poisauth_ceb_3ea16829.csv,ok,371,16,0,authentic,0,authentic,0.9824830293655396,True,0.8504155874252319,0.9824830293655396,0.11579267680644989,0.18445713818073273,0.0753098577260971,
poison/poisceb/datapoiscebseq/poisauth_ceb_3ea18fc1.csv,ok,354,15,0,authentic,0,authentic,0.9809608459472656,True,0.8271504640579224,0.9809608459472656,0.16695773601531982,0.09259264916181564,0.10898101329803467,
poison/poisceb/datapoiscebseq/poisauth_ceb_3ea27a49.csv,ok,326,13,0,authentic,0,authentic,0.9369756579399109,True,0.8412947058677673,0.9369756579399109,0.09577309340238571,0.10061734169721603,0.0802072212100029,
poison/poisceb/datapoiscebseq/poisauth_ceb_3ea4e474.csv,ok,357,15,0,authentic,0,authentic,0.9924224019050598,True,0.8398959636688232,0.9924224019050598,0.1892068088054657,0.17845222353935242,0.09599446505308151,
poison/poisceb/datapoiscebseq/poisauth_ceb_3ea56fc5.csv,ok,272,10,0,authentic,0,authentic,0.9679807424545288,True,0.8389286994934082,0.9679807424545288,0.24860289692878723,0.08270680904388428,0.060103483498096466,
poison/poisceb/datapoiscebseq/poisauth_ceb_3ea617f2.csv,ok,311,12,0,authentic,0,authentic,0.9885163903236389,True,0.885031521320343,0.9885163903236389,0.1159459725022316,0.05513567477464676,0.057078514248132706,
poison/poisceb/datapoiscebseq/poisauth_ceb_3ea85858.csv,ok,368,16,0,authentic,0,authentic,0.9838630557060242,True,0.8680903315544128,0.9838630557060242,0.13697375357151031,0.10789939761161804,0.09752801805734634,
poison/poisceb/datapoiscebseq/poisauth_ceb_3eac3581.csv,ok,321,13,0,authentic,0,authentic,0.958864152431488,True,0.8270431756973267,0.958864152431488,0.21207137405872345,0.10681772977113724,0.11195892840623856,
poison/poisceb/datapoiscebseq/poisauth_ceb_3eac426b.csv,ok,326,13,0,authentic,0,authentic,0.975683331489563,True,0.841445803642273,0.975683331489563,0.08787082880735397,0.2897084355354309,0.06876736134290695,
poison/poisceb/datapoiscebseq/poisauth_ceb_3eb0c211.csv,ok,381,16,0,authentic,0,authentic,0.9554102420806885,True,0.8756832480430603,0.9554102420806885,0.10818763822317123,0.10557106882333755,0.09074430912733078,
poison/poisceb/datapoiscebseq/poisauth_ceb_3eb1117e.csv,ok,315,12,0,authentic,0,authentic,0.9805451035499573,True,0.7828669548034668,0.9805451035499573,0.1754927933216095,0.16028311848640442,0.11264490336179733,
poison/poisceb/datapoiscebseq/poisauth_ceb_3eb43ed1.csv,ok,354,15,0,authentic,0,authentic,0.9870003461837769,True,0.7838796377182007,0.9870003461837769,0.21679268777370453,0.17057308554649353,0.5662980079650879,
poison/poisceb/datapoiscebseq/poisauth_ceb_3eb5439f.csv,ok,293,11,0,authentic,0,authentic,0.9841356873512268,True,0.8331457376480103,0.9841356873512268,0.2803547978401184,0.12628836929798126,0.18557660281658173,
poison/poisceb/datapoiscebseq/poisauth_ceb_3ebbb4fb.csv,ok,331,13,0,authentic,0,authentic,0.952660322189331,True,0.7294118404388428,0.952660322189331,0.15621991455554962,0.6212288737297058,0.17227250337600708,
poison/poisceb/datapoiscebseq/poisauth_ceb_3ebbca4e.csv,ok,364,15,0,authentic,0,authentic,0.9882739186286926,True,0.7539865970611572,0.9882739186286926,0.23201045393943787,0.26486027240753174,0.27141276001930237,
poison/poisceb/datapoiscebseq/poisauth_ceb_3ebf228b.csv,ok,356,15,0,authentic,0,authentic,0.9910386204719543,True,0.6281667947769165,0.9910386204719543,0.2605409622192383,0.28250131011009216,0.5891805291175842,
poison/poisceb/datapoiscebseq/poisauth_ceb_3ec015cb.csv,ok,321,13,0,authentic,0,authentic,0.9580766558647156,True,0.7490878701210022,0.9580766558647156,0.16628015041351318,0.2075275033712387,0.096979059278965,
poison/poisceb/datapoiscebseq/poisauth_ceb_3ec23221.csv,ok,360,15,0,authentic,0,authentic,0.995781421661377,True,0.8613837361335754,0.995781421661377,0.08669503778219223,0.3007778227329254,0.06336292624473572,
poison/poisceb/datapoiscebseq/poisauth_ceb_3ec27de9.csv,ok,401,18,0,authentic,0,authentic,0.9819393754005432,True,0.864320695400238,0.9819393754005432,0.22119463980197906,0.18287958204746246,0.11372982710599899,
poison/poisceb/datapoiscebseq/poisauth_ceb_3ec35abb.csv,ok,298,11,0,authentic,0,authentic,0.9847316741943359,True,0.8108632564544678,0.9847316741943359,0.157957524061203,0.12076253443956375,0.12524282932281494,
poison/poisceb/datapoiscebseq/poisauth_ceb_3ec5fbea.csv,ok,305,12,0,authentic,0,authentic,0.9339044690132141,True,0.7920859456062317,0.9339044690132141,0.17983578145503998,0.21583186089992523,0.26129695773124695,
poison/poisceb/datapoiscebseq/poisauth_ceb_3ec729dc.csv,ok,336,14,0,authentic,0,authentic,0.9762237668037415,True,0.6796781420707703,0.9762237668037415,0.39798176288604736,0.305355966091156,0.21192364394664764,
poison/poisceb/datapoiscebseq/poisauth_ceb_3ec99989.csv,ok,332,13,0,authentic,0,authentic,0.979762077331543,True,0.8759268522262573,0.979762077331543,0.11318042874336243,0.09816720336675644,0.08309082686901093,
poison/poisceb/datapoiscebseq/poisauth_ceb_3eca29db.csv,ok,355,15,0,authentic,0,authentic,0.9520074129104614,True,0.8276458978652954,0.9520074129104614,0.13045792281627655,0.1651078313589096,0.0959448292851448,
poison/poisceb/datapoiscebseq/poisauth_ceb_3eca98ca.csv,ok,323,13,0,authentic,0,authentic,0.9539157748222351,True,0.7911920547485352,0.9539157748222351,0.21722954511642456,0.1366497427225113,0.11469756811857224,
poison/poisceb/datapoiscebseq/poisauth_ceb_3ecd551b.csv,ok,348,14,0,authentic,0,authentic,0.984295129776001,True,0.8798629641532898,0.984295129776001,0.13217146694660187,0.0671323612332344,0.08917926996946335,
poison/poisceb/datapoiscebseq/poisauth_ceb_3ecd7dd5.csv,ok,327,13,0,authentic,0,authentic,0.9705862402915955,True,0.8703321218490601,0.9705862402915955,0.16192089021205902,0.0677420124411583,0.10836740583181381,
poison/poisceb/datapoiscebseq/poisauth_ceb_3ecd92be.csv,ok,347,14,0,authentic,0,authentic,0.9780285954475403,True,0.9130948185920715,0.9780285954475403,0.09081251919269562,0.07187728583812714,0.051042553037405014,
poison/poisceb/datapoiscebseq/poisauth_ceb_3ecd9c1d.csv,ok,373,16,0,authentic,0,authentic,0.9752669930458069,True,0.8924298286437988,0.9752669930458069,0.12178094685077667,0.0801653265953064,0.07068192213773727,
poison/poisceb/datapoiscebseq/poisauth_ceb_3ece6491.csv,ok,480,23,0,authentic,0,authentic,0.9898101687431335,True,0.7116923332214355,0.9898101687431335,0.5657010078430176,0.3645156919956207,0.746255099773407,
poison/poisceb/datapoiscebseq/poisauth_ceb_3ed79631.csv,ok,378,16,0,authentic,0,authentic,0.9012073874473572,True,0.643366813659668,0.9012073874473572,0.3045709431171417,0.2655772566795349,0.29802173376083374,
poison/poisceb/datapoiscebseq/poisauth_ceb_3ed81622.csv,ok,311,12,0,authentic,0,authentic,0.9889367818832397,True,0.827126681804657,0.9889367818832397,0.27539926767349243,0.16213087737560272,0.2342594414949417,
poison/poisceb/datapoiscebseq/poisauth_ceb_3ed9d416.csv,ok,317,12,0,authentic,0,authentic,0.9895994067192078,True,0.8518052697181702,0.9895994067192078,0.3049618601799011,0.18406489491462708,0.17369534075260162,
poison/poisceb/datapoiscebseq/poisauth_ceb_3edac4f1.csv,ok,335,13,0,authentic,0,authentic,0.940393328666687,True,0.8238450288772583,0.940393328666687,0.1390499770641327,0.08751790225505829,0.08390853554010391,
poison/poisceb/datapoiscebseq/poisauth_ceb_3edad482.csv,ok,346,14,0,authentic,0,authentic,0.9779056906700134,True,0.8155969977378845,0.9779056906700134,0.22273936867713928,0.6847714781761169,0.06341812014579773,
poison/poisceb/datapoiscebseq/poisauth_ceb_3edd9c73.csv,ok,303,11,0,authentic,0,authentic,0.8480497002601624,True,0.5455756783485413,0.8480497002601624,0.10162898153066635,0.8313583135604858,0.11958100646734238,
poison/poisceb/datapoiscebseq/poisauth_ceb_3ee27b18.csv,ok,312,12,0,authentic,0,authentic,0.9694166779518127,True,0.8763056397438049,0.9694166779518127,0.09040874242782593,0.09085020422935486,0.05947108194231987,
poison/poisceb/datapoiscebseq/poisauth_ceb_3ee31976.csv,ok,470,22,0,authentic,0,authentic,0.9974749684333801,True,0.8015390038490295,0.9974749684333801,0.4586065113544464,0.12370723485946655,0.10654298961162567,
poison/poisceb/datapoiscebseq/poisauth_ceb_3ee600ee.csv,ok,369,16,0,authentic,0,authentic,0.994753897190094,True,0.901906430721283,0.994753897190094,0.10442942380905151,0.07387786358594894,0.06477949768304825,
poison/poisceb/datapoiscebseq/poisauth_ceb_3ee6c6d1.csv,ok,342,14,0,authentic,0,authentic,0.9831039309501648,True,0.861097514629364,0.9831039309501648,0.1371040940284729,0.127108633518219,0.054076336324214935,
poison/poisceb/datapoiscebseq/poisauth_ceb_3ee6fd61.csv,ok,343,14,0,authentic,0,authentic,0.987092137336731,True,0.8291351199150085,0.987092137336731,0.14597606658935547,0.15759004652500153,0.09301581978797913,
poison/poisceb/datapoiscebseq/poisauth_ceb_3ee762b3.csv,ok,398,17,0,authentic,0,authentic,0.964011013507843,True,0.6166679263114929,0.964011013507843,0.9606471061706543,0.47490766644477844,0.1633055955171585,
poison/poisceb/datapoiscebseq/poisauth_ceb_3eeaa2d3.csv,ok,371,16,0,authentic,0,authentic,0.9179995059967041,True,0.5874437689781189,0.9179995059967041,0.22951728105545044,0.4552997350692749,0.8834113478660583,
poison/poisceb/datapoiscebseq/poisauth_ceb_3eee9fa6.csv,ok,366,15,0,authentic,0,authentic,0.9903852343559265,True,0.8853517174720764,0.9903852343559265,0.18492570519447327,0.11665564030408859,0.09501038491725922,
poison/poisceb/datapoiscebseq/poisauth_ceb_3eefc093.csv,ok,322,13,0,authentic,0,authentic,0.985098123550415,True,0.820430338382721,0.985098123550415,0.2004554271697998,0.09152110666036606,0.09902753680944443,
poison/poisceb/datapoiscebseq/poisauth_ceb_3ef274f9.csv,ok,340,14,0,authentic,0,authentic,0.9718424677848816,True,0.8384478688240051,0.9718424677848816,0.3357134759426117,0.22088563442230225,0.20673364400863647,
poison/poisceb/datapoiscebseq/poisauth_ceb_3ef2a84a.csv,ok,311,12,0,authentic,0,authentic,0.9823302030563354,True,0.8870992064476013,0.9823302030563354,0.08488642424345016,0.04785473272204399,0.08569251745939255,
poison/poisceb/datapoiscebseq/poisauth_ceb_3f031544.csv,ok,290,11,0,authentic,0,authentic,0.9777464866638184,True,0.8163604736328125,0.9777464866638184,0.1697559654712677,0.08478395640850067,0.09118307381868362,
poison/poisceb/datapoiscebseq/poisauth_ceb_3f058428.csv,ok,322,13,0,authentic,0,authentic,0.990207314491272,True,0.8797129392623901,0.990207314491272,0.15495489537715912,0.08602038025856018,0.08248548954725266,
poison/poisceb/datapoiscebseq/poisauth_ceb_3f05b121.csv,ok,310,12,0,authentic,0,authentic,0.9697400331497192,True,0.8641366362571716,0.9697400331497192,0.13408783078193665,0.08030474931001663,0.2444530576467514,
poison/poisceb/datapoiscebseq/poisauth_ceb_3f068856.csv,ok,321,13,0,authentic,0,authentic,0.9674251675605774,True,0.7611771821975708,0.9674251675605774,0.13097922503948212,0.5365601778030396,0.11640278249979019,
poison/poisceb/datapoiscebseq/poisauth_ceb_3f07d673.csv,ok,312,12,0,authentic,0,authentic,0.9727111458778381,True,0.7799692153930664,0.9727111458778381,0.36024558544158936,0.16131791472434998,0.17636577785015106,
poison/poisceb/datapoiscebseq/poisauth_ceb_3f0abaf5.csv,ok,329,13,0,authentic,0,authentic,0.9855676889419556,True,0.8460292816162109,0.9855676889419556,0.08329019695520401,0.4486631453037262,0.08308720588684082,
poison/poisceb/datapoiscebseq/poisauth_ceb_3f0ac143.csv,ok,310,12,0,authentic,0,authentic,0.9807844161987305,True,0.8487971425056458,0.9807844161987305,0.2109670788049698,0.12253152579069138,0.14885585010051727,
poison/poisceb/datapoiscebseq/poisauth_ceb_3f0e156d.csv,ok,309,12,0,authentic,0,authentic,0.9727144241333008,True,0.8316012024879456,0.9727144241333008,0.2429504692554474,0.1389259248971939,0.08257436007261276,
poison/poisceb/datapoiscebseq/poisauth_ceb_3f11191c.csv,ok,331,13,0,authentic,0,authentic,0.9827747344970703,True,0.9123825430870056,0.9827747344970703,0.05073495954275131,0.09853900223970413,0.056642938405275345,
poison/poisceb/datapoiscebseq/poisauth_ceb_3f115f15.csv,ok,346,14,0,authentic,0,authentic,0.9937244653701782,True,0.8900124430656433,0.9937244653701782,0.10714997351169586,0.06490562856197357,0.06578415632247925,
poison/poisceb/datapoiscebseq/poisauth_ceb_3f11b153.csv,ok,333,13,0,authentic,0,authentic,0.9770650267601013,True,0.8492307662963867,0.9770650267601013,0.14007148146629333,0.08995161205530167,0.07168307900428772,
poison/poisceb/datapoiscebseq/poisauth_ceb_3f128481.csv,ok,301,11,0,authentic,0,authentic,0.9683067798614502,True,0.7845136523246765,0.9683067798614502,0.19312788546085358,0.20231924951076508,0.07664880901575089,
poison/poisceb/datapoiscebseq/poisauth_ceb_3f1417b4.csv,ok,339,14,0,authentic,0,authentic,0.994580090045929,True,0.8771840333938599,0.994580090045929,0.11851025372743607,0.08371579647064209,0.09146849811077118,
poison/poisceb/datapoiscebseq/poisauth_ceb_3f180896.csv,ok,555,27,0,authentic,0,authentic,0.99907386302948,True,0.9201535582542419,0.99907386302948,0.11408918350934982,0.12455608695745468,0.09741328656673431,
poison/poisceb/datapoiscebseq/poisauth_ceb_3f18588d.csv,ok,316,12,0,authentic,0,authentic,0.9989492893218994,True,0.9037880897521973,0.9989492893218994,0.10130774229764938,0.04665443301200867,0.10437670350074768,
poison/poisceb/datapoiscebseq/poisauth_ceb_3f1e0122.csv,ok,377,16,0,authentic,0,authentic,0.9581021666526794,True,0.8301184177398682,0.9581021666526794,0.21437261998653412,0.1452121138572693,0.1259136199951172,
poison/poisceb/datapoiscebseq/poisauth_ceb_3f22920a.csv,ok,383,16,0,authentic,0,authentic,0.996130108833313,True,0.9458252191543579,0.996130108833313,0.0696847066283226,0.04061045125126839,0.05070411041378975,
poison/poisceb/datapoiscebseq/poisauth_ceb_3f231894.csv,ok,358,15,0,authentic,0,authentic,0.9885927438735962,True,0.8624933362007141,0.9885927438735962,0.1158737912774086,0.07387390732765198,0.07349076867103577,
poison/poisceb/datapoiscebseq/poisauth_ceb_3f26146e.csv,ok,408,18,0,authentic,0,authentic,0.9986359477043152,True,0.9006989598274231,0.9986359477043152,0.09075459837913513,0.05316763371229172,0.1345282942056656,
poison/poisceb/datapoiscebseq/poisauth_ceb_3f26b79d.csv,ok,359,15,0,authentic,0,authentic,0.9920989274978638,True,0.9022511839866638,0.9920989274978638,0.11931971460580826,0.06370827555656433,0.08539936691522598,
poison/poisceb/datapoiscebseq/poisauth_ceb_3f27383d.csv,ok,377,16,0,authentic,0,authentic,0.9935849905014038,True,0.876444399356842,0.9935849905014038,0.06842857599258423,0.06854672729969025,0.22278833389282227,
poison/poisceb/datapoiscebseq/poisauth_ceb_3f281d76.csv,ok,316,12,0,authentic,0,authentic,0.9877594709396362,True,0.8329775929450989,0.9877594709396362,0.13479691743850708,0.20605520904064178,0.07893270254135132,
poison/poisceb/datapoiscebseq/poisauth_ceb_3f2df8d5.csv,ok,318,12,0,authentic,0,authentic,0.9645282626152039,True,0.8091351985931396,0.9645282626152039,0.16857002675533295,0.11165751516819,0.7128798365592957,
poison/poisceb/datapoiscebseq/poisauth_ceb_3f2e5138.csv,ok,307,12,0,authentic,0,authentic,0.9784213304519653,True,0.8243260979652405,0.9784213304519653,0.19468152523040771,0.08001445233821869,0.10656053572893143,
poison/poisceb/datapoiscebseq/poisauth_ceb_3f2f870b.csv,ok,317,12,0,authentic,0,authentic,0.9932608604431152,True,0.8415852189064026,0.9932608604431152,0.11811104416847229,0.14386212825775146,0.1000172346830368,
poison/poisceb/datapoiscebseq/poisauth_ceb_3f31991c.csv,ok,333,13,0,authentic,0,authentic,0.9912158250808716,True,0.8906602263450623,0.9912158250808716,0.10913096368312836,0.06675279885530472,0.07206855714321136,
poison/poisceb/datapoiscebseq/poisauth_ceb_3f32a47a.csv,ok,325,13,0,authentic,0,authentic,0.9863358736038208,True,0.8953704237937927,0.9863358736038208,0.08666443079710007,0.05362611263990402,0.07451426237821579,
poison/poisceb/datapoiscebseq/poisauth_ceb_3f33f0af.csv,ok,319,12,0,authentic,0,authentic,0.9731103777885437,True,0.7925989627838135,0.9731103777885437,0.1791991889476776,0.0930500477552414,0.14409691095352173,
poison/poisceb/datapoiscebseq/poisauth_ceb_3f350a36.csv,ok,347,14,0,authentic,0,authentic,0.9913643002510071,True,0.8751770257949829,0.9913643002510071,0.1245628222823143,0.06652136147022247,0.06421488523483276,
poison/poisceb/datapoiscebseq/poisauth_ceb_3f36961f.csv,ok,355,15,0,authentic,0,authentic,0.9720314145088196,True,0.8765835165977478,0.9720314145088196,0.15855145454406738,0.15011286735534668,0.05177728086709976,
poison/poisceb/datapoiscebseq/poisauth_ceb_3f38c5e9.csv,ok,292,11,0,authentic,0,authentic,0.9509105682373047,True,0.828156054019928,0.9509105682373047,0.15947356820106506,0.08430969715118408,0.13356399536132812,
poison/poisceb/datapoiscebseq/poisauth_ceb_3f39f085.csv,ok,310,12,0,authentic,0,authentic,0.9845378994941711,True,0.8376588225364685,0.9845378994941711,0.1561255306005478,0.15389589965343475,0.17129084467887878,
poison/poisceb/datapoiscebseq/poisauth_ceb_3f3a089b.csv,ok,337,14,0,authentic,0,authentic,0.9804589748382568,True,0.8920363783836365,0.9804589748382568,0.1006152406334877,0.05392914637923241,0.07324706017971039,
poison/poisceb/datapoiscebseq/poisauth_ceb_3f3b17b4.csv,ok,319,12,0,authentic,0,authentic,0.9943013191223145,True,0.9186616539955139,0.9943013191223145,0.06267667561769485,0.16778787970542908,0.05357889458537102,
poison/poisceb/datapoiscebseq/poisauth_ceb_3f3c5f7a.csv,ok,279,10,0,authentic,0,authentic,0.9640138149261475,True,0.8672389984130859,0.9640138149261475,0.1329076588153839,0.10121767222881317,0.04132034257054329,
poison/poisceb/datapoiscebseq/poisauth_ceb_3f3cafab.csv,ok,318,12,0,authentic,0,authentic,0.9542847275733948,True,0.8188117146492004,0.9542847275733948,0.2856948971748352,0.13978086411952972,0.15905849635601044,
poison/poisceb/datapoiscebseq/poisauth_ceb_3f3d1e29.csv,ok,328,13,0,authentic,0,authentic,0.9924943447113037,True,0.9362236261367798,0.9924943447113037,0.04663219302892685,0.04017000272870064,0.07206150889396667,
poison/poisceb/datapoiscebseq/poisauth_ceb_3f3d31b6.csv,ok,335,13,0,authentic,0,authentic,0.9850963950157166,True,0.8770599365234375,0.9850963950157166,0.1508183479309082,0.06723693758249283,0.06688059866428375,
poison/poisceb/datapoiscebseq/poisauth_ceb_3f3dbc16.csv,ok,347,14,0,authentic,2,modified_speed,0.9395209550857544,False,0.5465322732925415,0.8924109935760498,0.3957782983779907,0.9395209550857544,0.20771753787994385,
poison/poisceb/datapoiscebseq/poisauth_ceb_3f3ec2d5.csv,ok,441,20,0,authentic,0,authentic,0.9952202439308167,True,0.9248884320259094,0.9952202439308167,0.1138046383857727,0.09396452456712723,0.11442657560110092,
poison/poisceb/datapoiscebseq/poisauth_ceb_3f3eeccf.csv,ok,310,12,0,authentic,0,authentic,0.9908308386802673,True,0.8632829785346985,0.9908308386802673,0.141189843416214,0.19590313732624054,0.08208878338336945,
poison/poisceb/datapoiscebseq/poisauth_ceb_3f41083f.csv,ok,326,13,0,authentic,0,authentic,0.9813340306282043,True,0.8639822602272034,0.9813340306282043,0.2015903890132904,0.09647530317306519,0.08833277970552444,
poison/poisceb/datapoiscebseq/poisauth_ceb_3f418d21.csv,ok,326,13,0,authentic,0,authentic,0.9702624082565308,True,0.8009266257286072,0.9702624082565308,0.23490417003631592,0.2673063278198242,0.15699930489063263,
poison/poisceb/datapoiscebseq/poisauth_ceb_3f429596.csv,ok,368,16,0,authentic,0,authentic,0.9824357032775879,True,0.7944799661636353,0.9824357032775879,0.24765513837337494,0.27402427792549133,0.20372374355793,
poison/poisceb/datapoiscebseq/poisauth_ceb_3f433bd0.csv,ok,365,15,0,authentic,0,authentic,0.9877724051475525,True,0.8888389468193054,0.9877724051475525,0.09150728583335876,0.10974898934364319,0.08360305428504944,
poison/poisceb/datapoiscebseq/poisauth_ceb_3f438a06.csv,ok,369,16,0,authentic,0,authentic,0.9924647808074951,True,0.8865996599197388,0.9924647808074951,0.11935055255889893,0.07433602958917618,0.09215416014194489,
poison/poisceb/datapoiscebseq/poisauth_ceb_3f459476.csv,ok,318,12,0,authentic,0,authentic,0.9839081168174744,True,0.8326961994171143,0.9839081168174744,0.20622789859771729,0.16073812544345856,0.06263744831085205,
poison/poisceb/datapoiscebseq/poisauth_ceb_3f45cc56.csv,ok,351,14,0,authentic,0,authentic,0.9708496332168579,True,0.8800655007362366,0.9708496332168579,0.09808134287595749,0.07001106441020966,0.09859859198331833,
poison/poisceb/datapoiscebseq/poisauth_ceb_3f46b29e.csv,ok,333,13,0,authentic,0,authentic,0.9839372038841248,True,0.8138374090194702,0.9839372038841248,0.13655588030815125,0.09257429093122482,0.1540611833333969,
poison/poisceb/datapoiscebseq/poisauth_ceb_3f4abe0e.csv,ok,317,12,0,authentic,0,authentic,0.9549499750137329,True,0.8046336770057678,0.9549499750137329,0.17125749588012695,0.11650986969470978,0.16089078783988953,
poison/poisceb/datapoiscebseq/poisauth_ceb_3f4aeb9f.csv,ok,366,15,0,authentic,0,authentic,0.9777892827987671,True,0.8752002716064453,0.9777892827987671,0.11959083378314972,0.06013868376612663,0.1018582284450531,
poison/poisceb/datapoiscebseq/poisauth_ceb_3f4b104b.csv,ok,352,15,0,authentic,0,authentic,0.9826816916465759,True,0.9062439799308777,0.9826816916465759,0.09266988188028336,0.11792188882827759,0.046600475907325745,
poison/poisceb/datapoiscebseq/poisauth_ceb_3f4c3f9f.csv,ok,310,12,0,authentic,0,authentic,0.9943298697471619,True,0.8904591202735901,0.9943298697471619,0.26396411657333374,0.0732465460896492,0.09273049235343933,
poison/poisceb/datapoiscebseq/poisauth_ceb_3f4df259.csv,ok,327,13,0,authentic,0,authentic,0.962859034538269,True,0.7877123951911926,0.962859034538269,0.2115742266178131,0.12664571404457092,0.15275785326957703,
poison/poisceb/datapoiscebseq/poisauth_ceb_3f4e3ac2.csv,ok,443,20,0,authentic,0,authentic,0.997043251991272,True,0.887291431427002,0.997043251991272,0.19355425238609314,0.1898900270462036,0.0894857719540596,
poison/poisceb/datapoiscebseq/poisauth_ceb_3f4e80cb.csv,ok,338,14,0,authentic,0,authentic,0.9492073655128479,True,0.8054565787315369,0.9492073655128479,0.16742552816867828,0.12213106453418732,0.14900842308998108,
poison/poisceb/datapoiscebseq/poisauth_ceb_3f4e9a29.csv,ok,320,13,0,authentic,0,authentic,0.9248595833778381,True,0.8060747981071472,0.9248595833778381,0.16772162914276123,0.11199423670768738,0.1085030734539032,
poison/poisceb/datapoiscebseq/poisauth_ceb_3f51abcf.csv,ok,308,12,0,authentic,0,authentic,0.974092960357666,True,0.8545871376991272,0.974092960357666,0.178115114569664,0.10923776030540466,0.11514487862586975,
poison/poisceb/datapoiscebseq/poisauth_ceb_3f52f115.csv,ok,345,14,0,authentic,0,authentic,0.9757632613182068,True,0.7886729836463928,0.9757632613182068,0.1895647644996643,0.4112265408039093,0.10298965126276016,
poison/poisceb/datapoiscebseq/poisauth_ceb_3f55ad21.csv,ok,356,15,0,authentic,0,authentic,0.993614137172699,True,0.8938978314399719,0.993614137172699,0.1372496783733368,0.09711601585149765,0.0813712477684021,
poison/poisceb/datapoiscebseq/poisauth_ceb_3f57127d.csv,ok,333,13,0,authentic,0,authentic,0.9801701903343201,True,0.8440344929695129,0.9801701903343201,0.2576606273651123,0.1969601809978485,0.11466696858406067,
poison/poisceb/datapoiscebseq/poisauth_ceb_3f572275.csv,ok,325,13,0,authentic,0,authentic,0.9877956509590149,True,0.8627563714981079,0.9877956509590149,0.13302356004714966,0.10944421589374542,0.09162992984056473,
poison/poisceb/datapoiscebseq/poisauth_ceb_3f59d8c9.csv,ok,316,12,0,authentic,0,authentic,0.9872760772705078,True,0.8477864265441895,0.9872760772705078,0.1880687028169632,0.1892470121383667,0.156472310423851,
poison/poisceb/datapoiscebseq/poisauth_ceb_3f5a96cf.csv,ok,339,14,0,authentic,0,authentic,0.9794219732284546,True,0.9026592373847961,0.9794219732284546,0.09243869036436081,0.04956182464957237,0.07446113228797913,
poison/poisceb/datapoiscebseq/poisauth_ceb_3f5b502c.csv,ok,358,15,0,authentic,0,authentic,0.9929579496383667,True,0.8891376256942749,0.9929579496383667,0.17685243487358093,0.05795322731137276,0.0826263427734375,
poison/poisceb/datapoiscebseq/poisauth_ceb_3f5e1f63.csv,ok,321,13,0,authentic,0,authentic,0.9846099615097046,True,0.8839360475540161,0.9846099615097046,0.08953830599784851,0.053516633808612823,0.07838904112577438,
poison/poisceb/datapoiscebseq/poisauth_ceb_3f5e9e03.csv,ok,226,7,0,authentic,2,modified_speed,0.6556605100631714,False,0.30270102620124817,0.4272286891937256,0.4503481388092041,0.6556605100631714,0.07969526201486588,
poison/poisceb/datapoiscebseq/poisauth_ceb_3f5fbcb9.csv,ok,319,12,0,authentic,0,authentic,0.99491947889328,True,0.8444714546203613,0.99491947889328,0.09407006204128265,0.08708073943853378,0.20716826617717743,
poison/poisceb/datapoiscebseq/poisauth_ceb_3f604139.csv,ok,362,15,0,authentic,0,authentic,0.9576970934867859,True,0.8833909630775452,0.9576970934867859,0.09801104664802551,0.08682305365800858,0.0780845358967781,
poison/poisceb/datapoiscebseq/poisauth_ceb_3f627ce5.csv,ok,356,15,0,authentic,0,authentic,0.9936432838439941,True,0.9280217289924622,0.9936432838439941,0.06471571326255798,0.05393315851688385,0.05768026411533356,
poison/poisceb/datapoiscebseq/poisauth_ceb_3f62d6de.csv,ok,337,14,0,authentic,0,authentic,0.9847995638847351,True,0.7033384442329407,0.9847995638847351,0.1991308182477951,0.4852014482021332,0.07923942804336548,
poison/poisceb/datapoiscebseq/poisauth_ceb_3f66ac52.csv,ok,311,12,0,authentic,0,authentic,0.9918789863586426,True,0.8555153012275696,0.9918789863586426,0.12134912610054016,0.1708189845085144,0.09766928106546402,
poison/poisceb/datapoiscebseq/poisauth_ceb_3f66e29b.csv,ok,378,16,0,authentic,0,authentic,0.9850807189941406,True,0.8912872076034546,0.9850807189941406,0.10416033864021301,0.09488167613744736,0.059597451239824295,
poison/poisceb/datapoiscebseq/poisauth_ceb_3f696728.csv,ok,306,12,0,authentic,0,authentic,0.9273095726966858,True,0.75948566198349,0.9273095726966858,0.19571666419506073,0.24371102452278137,0.26701289415359497,
poison/poisceb/datapoiscebseq/poisauth_ceb_3f69dc6c.csv,ok,314,12,0,authentic,0,authentic,0.9861621856689453,True,0.9093580842018127,0.9861621856689453,0.1149628534913063,0.06273113191127777,0.0865383967757225,
poison/poisceb/datapoiscebseq/poisauth_ceb_3f6a8c81.csv,ok,353,15,0,authentic,0,authentic,0.9598735570907593,True,0.8687143921852112,0.9598735570907593,0.02793758176267147,0.031115535646677017,0.37450942397117615,
poison/poisceb/datapoiscebseq/poisauth_ceb_3f6b7a50.csv,ok,275,10,0,authentic,0,authentic,0.9713442921638489,True,0.7962173223495483,0.9713442921638489,0.17570021748542786,0.13189445436000824,0.182176873087883,
poison/poisceb/datapoiscebseq/poisauth_ceb_3f6c81f9.csv,ok,307,12,0,authentic,0,authentic,0.9887516498565674,True,0.7062857151031494,0.9887516498565674,0.19367246329784393,0.4158519208431244,0.1239466443657875,
poison/poisceb/datapoiscebseq/poisauth_ceb_3f6cd163.csv,ok,326,13,0,authentic,0,authentic,0.9204926490783691,True,0.8518739938735962,0.9204926490783691,0.10529407858848572,0.11971348524093628,0.08018632233142853,
poison/poisceb/datapoiscebseq/poisauth_ceb_3f6e2201.csv,ok,345,14,0,authentic,0,authentic,0.9918594360351562,True,0.8715485334396362,0.9918594360351562,0.11608763039112091,0.08552896231412888,0.08805303275585175,
poison/poisceb/datapoiscebseq/poisauth_ceb_3f6eb604.csv,ok,391,17,0,authentic,0,authentic,0.9974108338356018,True,0.8678495287895203,0.9974108338356018,0.10467834025621414,0.13873380422592163,0.1331266611814499,
poison/poisceb/datapoiscebseq/poisauth_ceb_3f6eccae.csv,ok,349,14,0,authentic,0,authentic,0.9483518004417419,True,0.7443200945854187,0.9483518004417419,0.2361007034778595,0.21242095530033112,0.15065278112888336,
poison/poisceb/datapoiscebseq/poisauth_ceb_3f716810.csv,ok,279,10,0,authentic,0,authentic,0.9829006791114807,True,0.7790058255195618,0.9829006791114807,0.2937086820602417,0.2730078399181366,0.276028573513031,
poison/poisceb/datapoiscebseq/poisauth_ceb_3f719644.csv,ok,315,12,0,authentic,0,authentic,0.985036313533783,True,0.8532595634460449,0.985036313533783,0.11092405021190643,0.1762753278017044,0.05954786017537117,
poison/poisceb/datapoiscebseq/poisauth_ceb_3f71ab4b.csv,ok,291,11,0,authentic,0,authentic,0.9772266149520874,True,0.8692466616630554,0.9772266149520874,0.12769080698490143,0.08131877332925797,0.07675306499004364,
poison/poisceb/datapoiscebseq/poisauth_ceb_3f729c4e.csv,ok,551,27,0,authentic,0,authentic,0.9901409149169922,True,0.8668398261070251,0.9901409149169922,0.24560782313346863,0.19579699635505676,0.13478592038154602,
poison/poisceb/datapoiscebseq/poisauth_ceb_3f72a6e6.csv,ok,537,26,0,authentic,0,authentic,0.9801160097122192,True,0.8665554523468018,0.9801160097122192,0.1542864292860031,0.1773923635482788,0.12979158759117126,
poison/poisceb/datapoiscebseq/poisauth_ceb_3f759f46.csv,ok,339,14,0,authentic,0,authentic,0.9889962673187256,True,0.9013579487800598,0.9889962673187256,0.05034615099430084,0.1717391163110733,0.11522498726844788,
poison/poisceb/datapoiscebseq/poisauth_ceb_3f75e508.csv,ok,323,13,0,authentic,0,authentic,0.9885753989219666,True,0.7937724590301514,0.9885753989219666,0.1708768904209137,0.14125540852546692,0.25097963213920593,
poison/poisceb/datapoiscebseq/poisauth_ceb_3f7731ae.csv,ok,330,13,0,authentic,0,authentic,0.9938476085662842,True,0.9227518439292908,0.9938476085662842,0.14429689943790436,0.1355987936258316,0.11264331638813019,
poison/poisceb/datapoiscebseq/poisauth_ceb_3f785fc2.csv,ok,370,16,0,authentic,0,authentic,0.9881430864334106,True,0.6352953910827637,0.9881430864334106,0.3452422618865967,0.7442227602005005,0.2534095346927643,
poison/poisceb/datapoiscebseq/poisauth_ceb_3f7cdc38.csv,ok,271,9,0,authentic,0,authentic,0.991814136505127,True,0.8401100635528564,0.991814136505127,0.056694146245718,0.03371568024158478,0.26686668395996094,
poison/poisceb/datapoiscebseq/poisauth_ceb_3f7ceed2.csv,ok,315,12,0,authentic,0,authentic,0.9877952933311462,True,0.8100850582122803,0.9877952933311462,0.26787978410720825,0.1259455382823944,0.4680788815021515,
poison/poisceb/datapoiscebseq/poisauth_ceb_3f7d8e86.csv,ok,335,13,0,authentic,0,authentic,0.9910962581634521,True,0.806237518787384,0.9910962581634521,0.12947992980480194,0.38619381189346313,0.1298612803220749,
poison/poisceb/datapoiscebseq/poisauth_ceb_3f7db5a0.csv,ok,320,13,0,authentic,0,authentic,0.988278865814209,True,0.7102587223052979,0.988278865814209,0.13259200751781464,0.17010198533535004,0.4762316942214966,
poison/poisceb/datapoiscebseq/poisauth_ceb_3f80bed0.csv,ok,329,13,0,authentic,0,authentic,0.9825224876403809,True,0.8187524080276489,0.9825224876403809,0.3265177607536316,0.0893857479095459,0.10572244971990585,
poison/poisceb/datapoiscebseq/poisauth_ceb_3f80ee7e.csv,ok,365,15,0,authentic,0,authentic,0.9893267154693604,True,0.8680073022842407,0.9893267154693604,0.2211899757385254,0.10175792872905731,0.12602326273918152,
poison/poisceb/datapoiscebseq/poisauth_ceb_3f8149db.csv,ok,309,12,0,authentic,0,authentic,0.9875427484512329,True,0.8781465888023376,0.9875427484512329,0.1087580993771553,0.05421746149659157,0.07870778441429138,
poison/poisceb/datapoiscebseq/poisauth_ceb_3f82ea74.csv,ok,378,16,0,authentic,0,authentic,0.9856418967247009,True,0.7807970643043518,0.9856418967247009,0.1397378295660019,0.4435006082057953,0.27682268619537354,
poison/poisceb/datapoiscebseq/poispos_ceb_3e31b26e.csv,ok,374,16,3,modified_position,2,modified_speed,0.998089611530304,False,0.3806421160697937,0.9224079251289368,0.27585262060165405,0.998089611530304,0.9439758658409119,
poison/poisceb/datapoiscebseq/poispos_ceb_3e333998.csv,ok,351,14,3,modified_position,0,authentic,0.9880598187446594,False,0.4284052848815918,0.9880598187446594,0.04578901454806328,0.42865923047065735,0.8263693451881409,
poison/poisceb/datapoiscebseq/poispos_ceb_3e3af6b6.csv,ok,281,10,3,modified_position,3,modified_position,0.999978244304657,True,0.19835826754570007,0.9935862421989441,0.003439259948208928,0.015461888164281845,0.999978244304657,
poison/poisceb/datapoiscebseq/poispos_ceb_3e3cf40d.csv,ok,429,19,3,modified_position,3,modified_position,0.9998323917388916,True,0.5341110229492188,0.9958510398864746,0.07091202586889267,0.9338418841362,0.9998323917388916,
poison/poisceb/datapoiscebseq/poispos_ceb_3e3d2ac0.csv,ok,332,13,3,modified_position,3,modified_position,0.991767942905426,True,0.1061401441693306,0.8013134598731995,0.07675297558307648,0.780558705329895,0.991767942905426,
poison/poisceb/datapoiscebseq/poispos_ceb_3e3d6a76.csv,ok,315,12,3,modified_position,0,authentic,0.9854925274848938,False,0.33620312809944153,0.9854925274848938,0.06135023757815361,0.11624553799629211,0.9700401425361633,
poison/poisceb/datapoiscebseq/poispos_ceb_3e3d76da.csv,ok,280,10,3,modified_position,3,modified_position,0.9990575909614563,True,0.2643495202064514,0.9462869763374329,0.0641704872250557,0.047961361706256866,0.9990575909614563,
poison/poisceb/datapoiscebseq/poispos_ceb_3e4486ec.csv,ok,297,11,3,modified_position,3,modified_position,0.9996386766433716,True,0.08683475852012634,0.9514846205711365,0.1091267541050911,0.13129134476184845,0.9996386766433716,
poison/poisceb/datapoiscebseq/poispos_ceb_3e451feb.csv,ok,325,13,3,modified_position,3,modified_position,0.9985461235046387,True,0.2221474051475525,0.9399383068084717,0.08326778560876846,0.38204899430274963,0.9985461235046387,
poison/poisceb/datapoiscebseq/poispos_ceb_3e493aea.csv,ok,304,12,3,modified_position,3,modified_position,0.9992543458938599,True,0.32088541984558105,0.9938203692436218,0.046519942581653595,0.013982445932924747,0.9992543458938599,
poison/poisceb/datapoiscebseq/poispos_ceb_3e4bb0ba.csv,ok,379,16,3,modified_position,0,authentic,0.9766713976860046,False,0.48266392946243286,0.9766713976860046,0.2748661935329437,0.09177278727293015,0.9572498202323914,
poison/poisceb/datapoiscebseq/poispos_ceb_3e501ab1.csv,ok,363,15,3,modified_position,2,modified_speed,0.9975409507751465,False,0.16442950069904327,0.7559205889701843,0.4918164908885956,0.9975409507751465,0.522594690322876,
poison/poisceb/datapoiscebseq/poispos_ceb_3e50b1fe.csv,ok,340,14,3,modified_position,3,modified_position,0.9996151328086853,True,0.4541192650794983,0.9621138572692871,0.093232661485672,0.06610768288373947,0.9996151328086853,
poison/poisceb/datapoiscebseq/poispos_ceb_3e53b807.csv,ok,338,14,3,modified_position,3,modified_position,0.997450590133667,True,0.3930893540382385,0.9936874508857727,0.09082496911287308,0.08242218941450119,0.997450590133667,
poison/poisceb/datapoiscebseq/poispos_ceb_3e5425d4.csv,ok,368,16,3,modified_position,0,authentic,0.9369649887084961,False,0.7563995122909546,0.9369649887084961,0.4028269350528717,0.146072655916214,0.3323817551136017,
poison/poisceb/datapoiscebseq/poispos_ceb_3e546be4.csv,ok,349,14,3,modified_position,3,modified_position,0.9928147792816162,True,0.335786372423172,0.9365264177322388,0.34585875272750854,0.16905705630779266,0.9928147792816162,
poison/poisceb/datapoiscebseq/poispos_ceb_3e579969.csv,ok,368,16,3,modified_position,3,modified_position,0.999130129814148,True,0.4280044138431549,0.9433451294898987,0.16422052681446075,0.23459137976169586,0.999130129814148,
poison/poisceb/datapoiscebseq/poispos_ceb_3e5f3e78.csv,ok,331,13,3,modified_position,3,modified_position,0.9999996423721313,True,0.32750409841537476,0.9355651140213013,0.48107215762138367,0.27829286456108093,0.9999996423721313,
poison/poisceb/datapoiscebseq/poispos_ceb_3e628723.csv,ok,413,18,3,modified_position,3,modified_position,0.9824075102806091,True,0.3934354782104492,0.9736703634262085,0.15891997516155243,0.7060893177986145,0.9824075102806091,
poison/poisceb/datapoiscebseq/poispos_ceb_3e66722b.csv,ok,274,10,3,modified_position,3,modified_position,0.9959391355514526,True,0.3855442702770233,0.9887268543243408,0.037677064538002014,0.027733949944376945,0.9959391355514526,
poison/poisceb/datapoiscebseq/poispos_ceb_3e68cadd.csv,ok,325,13,3,modified_position,3,modified_position,0.9999936819076538,True,0.23662860691547394,0.9356966614723206,0.24655115604400635,0.848142683506012,0.9999936819076538,
poison/poisceb/datapoiscebseq/poispos_ceb_3e68edcb.csv,ok,296,11,3,modified_position,3,modified_position,0.9995339512825012,True,0.2659721374511719,0.9869204759597778,0.02501642145216465,0.022097675129771233,0.9995339512825012,
poison/poisceb/datapoiscebseq/poispos_ceb_3e6c9276.csv,ok,369,16,3,modified_position,3,modified_position,0.9999939203262329,True,0.30580973625183105,0.9343404769897461,0.3651159405708313,0.9633690714836121,0.9999939203262329,
poison/poisceb/datapoiscebseq/poispos_ceb_3e6d4241.csv,ok,327,13,3,modified_position,0,authentic,0.974509596824646,False,0.3919673264026642,0.974509596824646,0.18551960587501526,0.19581452012062073,0.965935468673706,
poison/poisceb/datapoiscebseq/poispos_ceb_3e703572.csv,ok,324,13,3,modified_position,3,modified_position,0.9999805092811584,True,0.48768651485443115,0.9690840840339661,0.11349370330572128,0.06766048073768616,0.9999805092811584,
poison/poisceb/datapoiscebseq/poispos_ceb_3e7480bb.csv,ok,313,12,3,modified_position,3,modified_position,0.9851601719856262,True,0.38912150263786316,0.9744653105735779,0.07507193088531494,0.12745946645736694,0.9851601719856262,
poison/poisceb/datapoiscebseq/poispos_ceb_3e74cb8a.csv,ok,274,10,3,modified_position,3,modified_position,0.9999984502792358,True,0.3191657066345215,0.9624448418617249,0.09636445343494415,0.07817069441080093,0.9999984502792358,
poison/poisceb/datapoiscebseq/poispos_ceb_3e77701f.csv,ok,410,18,3,modified_position,3,modified_position,0.9978177547454834,True,0.418306827545166,0.9923484325408936,0.4633488059043884,0.38040709495544434,0.9978177547454834,
poison/poisceb/datapoiscebseq/poispos_ceb_3e87840a.csv,ok,322,13,3,modified_position,3,modified_position,0.999778687953949,True,0.35207825899124146,0.9716564416885376,0.0719325989484787,0.04698804020881653,0.999778687953949,
poison/poisceb/datapoiscebseq/poispos_ceb_3e8c2986.csv,ok,379,16,3,modified_position,0,authentic,0.9915838837623596,False,0.4480072855949402,0.9915838837623596,0.16815398633480072,0.8901264667510986,0.6030615568161011,
poison/poisceb/datapoiscebseq/poispos_ceb_3e8e726d.csv,ok,374,16,3,modified_position,0,authentic,0.9774186611175537,False,0.47005167603492737,0.9774186611175537,0.056832700967788696,0.6043705344200134,0.956727921962738,
poison/poisceb/datapoiscebseq/poispos_ceb_3e8f83e0.csv,ok,318,12,3,modified_position,3,modified_position,0.9959603548049927,True,0.5157782435417175,0.9836198687553406,0.20800070464611053,0.6094101071357727,0.9959603548049927,
poison/poisceb/datapoiscebseq/poispos_ceb_3e8fc79a.csv,ok,297,11,3,modified_position,0,authentic,0.9664590954780579,False,0.2588062882423401,0.9664590954780579,0.07722313702106476,0.5341820120811462,0.8751305937767029,
poison/poisceb/datapoiscebseq/poispos_ceb_3e92469e.csv,ok,325,13,3,modified_position,3,modified_position,0.9999985694885254,True,0.1381976306438446,0.9111073017120361,0.07545343786478043,0.22671616077423096,0.9999985694885254,
poison/poisceb/datapoiscebseq/poispos_ceb_3e9395bd.csv,ok,294,11,3,modified_position,2,modified_speed,0.8980557918548584,False,0.4637354016304016,0.8713286519050598,0.19451318681240082,0.8980557918548584,0.7640193700790405,
poison/poisceb/datapoiscebseq/poispos_ceb_3e93b2d9.csv,ok,306,12,3,modified_position,3,modified_position,0.9999878406524658,True,0.3363901674747467,0.9200146198272705,0.4044935703277588,0.35381025075912476,0.9999878406524658,
poison/poisceb/datapoiscebseq/poispos_ceb_3e9641ad.csv,ok,368,16,3,modified_position,0,authentic,0.9971005916595459,False,0.44447362422943115,0.9971005916595459,0.14979873597621918,0.39849653840065,0.9785959720611572,
poison/poisceb/datapoiscebseq/poispos_ceb_3e9a215f.csv,ok,345,14,3,modified_position,3,modified_position,0.9762778878211975,True,0.39900660514831543,0.9702664613723755,0.20488858222961426,0.4601201117038727,0.9762778878211975,
poison/poisceb/datapoiscebseq/poispos_ceb_3e9af3eb.csv,ok,380,16,3,modified_position,3,modified_position,0.9995632171630859,True,0.4699741005897522,0.9906243085861206,0.041983261704444885,0.08646194636821747,0.9995632171630859,
poison/poisceb/datapoiscebseq/poispos_ceb_3e9b47c3.csv,ok,356,15,3,modified_position,3,modified_position,0.9428372979164124,True,0.37197214365005493,0.9321478009223938,0.4248170256614685,0.33917710185050964,0.9428372979164124,
poison/poisceb/datapoiscebseq/poispos_ceb_3e9eab00.csv,ok,407,18,3,modified_position,3,modified_position,0.9995125532150269,True,0.5210493206977844,0.987686276435852,0.040485452860593796,0.04782795161008835,0.9995125532150269,
poison/poisceb/datapoiscebseq/poispos_ceb_3e9f288f.csv,ok,396,17,3,modified_position,3,modified_position,0.9985390901565552,True,0.4838830828666687,0.9824672937393188,0.04053596407175064,0.1332487016916275,0.9985390901565552,
poison/poisceb/datapoiscebseq/poispos_ceb_3e9f427d.csv,ok,300,11,3,modified_position,3,modified_position,0.9999994039535522,True,0.1671077162027359,0.9287055134773254,0.026840243488550186,0.1577470600605011,0.9999994039535522,
poison/poisceb/datapoiscebseq/poispos_ceb_3ea16829.csv,ok,371,16,3,modified_position,3,modified_position,0.9870753288269043,True,0.4403270483016968,0.9824830293655396,0.14887076616287231,0.3204779326915741,0.9870753288269043,
poison/poisceb/datapoiscebseq/poispos_ceb_3ea18fc1.csv,ok,354,15,3,modified_position,3,modified_position,0.9819871783256531,True,0.36521628499031067,0.9585128426551819,0.32410475611686707,0.5663990378379822,0.9819871783256531,
poison/poisceb/datapoiscebseq/poispos_ceb_3ea27a49.csv,ok,326,13,3,modified_position,3,modified_position,0.9942533373832703,True,0.3984905481338501,0.9369756579399109,0.08619894832372665,0.3530593514442444,0.9942533373832703,
poison/poisceb/datapoiscebseq/poispos_ceb_3ea4e474.csv,ok,357,15,3,modified_position,3,modified_position,0.9987000823020935,True,0.44642317295074463,0.9924224019050598,0.052254121750593185,0.04304683953523636,0.9987000823020935,
poison/poisceb/datapoiscebseq/poispos_ceb_3ea56fc5.csv,ok,272,10,3,modified_position,2,modified_speed,0.9999760389328003,False,0.1722811609506607,0.9170466661453247,0.07226278632879257,0.9999760389328003,0.9926933646202087,
poison/poisceb/datapoiscebseq/poispos_ceb_3ea617f2.csv,ok,311,12,3,modified_position,0,authentic,0.9885163903236389,False,0.32213443517684937,0.9885163903236389,0.1504472941160202,0.5411929488182068,0.9685800671577454,
poison/poisceb/datapoiscebseq/poispos_ceb_3ea85858.csv,ok,368,16,3,modified_position,0,authentic,0.9838630557060242,False,0.4501878321170807,0.9838630557060242,0.13697375357151031,0.6119101047515869,0.7684041261672974,
poison/poisceb/datapoiscebseq/poispos_ceb_3eac3581.csv,ok,321,13,3,modified_position,3,modified_position,0.9944131970405579,True,0.28290754556655884,0.958864152431488,0.059668030589818954,0.432428777217865,0.9944131970405579,
poison/poisceb/datapoiscebseq/poispos_ceb_3eac426b.csv,ok,326,13,3,modified_position,3,modified_position,0.9999325275421143,True,0.1483699530363083,0.9401208162307739,0.09045571833848953,0.7768544554710388,0.9999325275421143,
poison/poisceb/datapoiscebseq/poispos_ceb_3eb0c211.csv,ok,381,16,3,modified_position,3,modified_position,0.9954909682273865,True,0.4371999502182007,0.9554102420806885,0.10818763822317123,0.10557106882333755,0.9954909682273865,
poison/poisceb/datapoiscebseq/poispos_ceb_3eb1117e.csv,ok,315,12,3,modified_position,0,authentic,0.9805451035499573,False,0.30025866627693176,0.9805451035499573,0.15030579268932343,0.41047289967536926,0.7396050095558167,
poison/poisceb/datapoiscebseq/poispos_ceb_3eb43ed1.csv,ok,354,15,3,modified_position,0,authentic,0.9870003461837769,False,0.4214036762714386,0.9870003461837769,0.0761200487613678,0.543829083442688,0.97789067029953,
poison/poisceb/datapoiscebseq/poispos_ceb_3eb5439f.csv,ok,293,11,3,modified_position,0,authentic,0.9841356873512268,False,0.2855171263217926,0.9841356873512268,0.3960135281085968,0.29306432604789734,0.9195794463157654,
poison/poisceb/datapoiscebseq/poispos_ceb_3ebbb4fb.csv,ok,331,13,3,modified_position,3,modified_position,0.9993851184844971,True,0.24201606214046478,0.9127902388572693,0.44108882546424866,0.34072187542915344,0.9993851184844971,
poison/poisceb/datapoiscebseq/poispos_ceb_3ebbca4e.csv,ok,364,15,3,modified_position,3,modified_position,0.9970192909240723,True,0.34483465552330017,0.9111642241477966,0.33832359313964844,0.26486027240753174,0.9970192909240723,
poison/poisceb/datapoiscebseq/poispos_ceb_3ebf228b.csv,ok,356,15,3,modified_position,3,modified_position,0.9999973773956299,True,0.2505408823490143,0.9312543272972107,0.26363518834114075,0.3001413941383362,0.9999973773956299,
poison/poisceb/datapoiscebseq/poispos_ceb_3ec015cb.csv,ok,321,13,3,modified_position,0,authentic,0.9580766558647156,False,0.48397496342658997,0.9580766558647156,0.13267581164836884,0.956858217716217,0.15417277812957764,
poison/poisceb/datapoiscebseq/poispos_ceb_3ec23221.csv,ok,360,15,3,modified_position,3,modified_position,0.9999206066131592,True,0.4034639000892639,0.882926881313324,0.2763877213001251,0.3519311547279358,0.9999206066131592,
poison/poisceb/datapoiscebseq/poispos_ceb_3ec27de9.csv,ok,401,18,3,modified_position,0,authentic,0.9819393754005432,False,0.5645086765289307,0.9819393754005432,0.1255551278591156,0.7448282837867737,0.9680377840995789,
poison/poisceb/datapoiscebseq/poispos_ceb_3ec35abb.csv,ok,298,11,3,modified_position,3,modified_position,0.9996222257614136,True,0.3151038587093353,0.9158097505569458,0.17666567862033844,0.7873942255973816,0.9996222257614136,
poison/poisceb/datapoiscebseq/poispos_ceb_3ec5fbea.csv,ok,305,12,3,modified_position,3,modified_position,0.9360808730125427,True,0.3452388048171997,0.8740150928497314,0.07961918413639069,0.18433912098407745,0.9360808730125427,
poison/poisceb/datapoiscebseq/poispos_ceb_3ec729dc.csv,ok,336,14,3,modified_position,3,modified_position,0.9901751279830933,True,0.366181880235672,0.9762237668037415,0.17309963703155518,0.07679975777864456,0.9901751279830933,
poison/poisceb/datapoiscebseq/poispos_ceb_3ec99989.csv,ok,332,13,3,modified_position,3,modified_position,0.9936432838439941,True,0.35344889760017395,0.979762077331543,0.07359295338392258,0.04180552437901497,0.9936432838439941,
poison/poisceb/datapoiscebseq/poispos_ceb_3eca29db.csv,ok,355,15,3,modified_position,2,modified_speed,0.9973187446594238,False,0.5371681451797485,0.9520074129104614,0.1516008973121643,0.9973187446594238,0.18444208800792694,
poison/poisceb/datapoiscebseq/poispos_ceb_3eca98ca.csv,ok,323,13,3,modified_position,3,modified_position,0.9999158978462219,True,0.34769126772880554,0.9539157748222351,0.050699248909950256,0.06790705770254135,0.9999158978462219,
poison/poisceb/datapoiscebseq/poispos_ceb_3ecd551b.csv,ok,348,14,3,modified_position,0,authentic,0.984295129776001,False,0.4575200080871582,0.984295129776001,0.09218185395002365,0.20971615612506866,0.9756829738616943,
poison/poisceb/datapoiscebseq/poispos_ceb_3ecd7dd5.csv,ok,327,13,3,modified_position,3,modified_position,0.998069703578949,True,0.3669222593307495,0.9705862402915955,0.039752352982759476,0.10144838690757751,0.998069703578949,
poison/poisceb/datapoiscebseq/poispos_ceb_3ecd92be.csv,ok,347,14,3,modified_position,3,modified_position,0.9993973970413208,True,0.34082695841789246,0.9780285954475403,0.03102182224392891,0.07653346657752991,0.9993973970413208,
poison/poisceb/datapoiscebseq/poispos_ceb_3ecd9c1d.csv,ok,373,16,3,modified_position,3,modified_position,0.9862543344497681,True,0.46786683797836304,0.9752669930458069,0.08914255350828171,0.33767762780189514,0.9862543344497681,
poison/poisceb/datapoiscebseq/poispos_ceb_3ece6491.csv,ok,480,23,3,modified_position,3,modified_position,0.9998769760131836,True,0.43741902709007263,0.9898101687431335,0.5657010078430176,0.2633231282234192,0.9998769760131836,
poison/poisceb/datapoiscebseq/poispos_ceb_3ed79631.csv,ok,378,16,3,modified_position,3,modified_position,0.9911020398139954,True,0.33014029264450073,0.9012073874473572,0.2956294119358063,0.18465489149093628,0.9911020398139954,
poison/poisceb/datapoiscebseq/poispos_ceb_3ed81622.csv,ok,311,12,3,modified_position,0,authentic,0.9889367818832397,False,0.46361568570137024,0.9889367818832397,0.10644920915365219,0.2210058867931366,0.9141440987586975,
poison/poisceb/datapoiscebseq/poispos_ceb_3ed9d416.csv,ok,317,12,3,modified_position,3,modified_position,0.9999997615814209,True,0.1515151709318161,0.9711130261421204,0.049529023468494415,0.04088529199361801,0.9999997615814209,
poison/poisceb/datapoiscebseq/poispos_ceb_3edac4f1.csv,ok,335,13,3,modified_position,0,authentic,0.940393328666687,False,0.33841001987457275,0.940393328666687,0.1390499770641327,0.615027904510498,0.9315047860145569,
poison/poisceb/datapoiscebseq/poispos_ceb_3edad482.csv,ok,346,14,3,modified_position,3,modified_position,0.9996193647384644,True,0.3505142033100128,0.9779056906700134,0.031305886805057526,0.6847714781761169,0.9996193647384644,
poison/poisceb/datapoiscebseq/poispos_ceb_3edd9c73.csv,ok,303,11,3,modified_position,3,modified_position,0.999237596988678,True,0.10707242041826248,0.7842531800270081,0.06035174801945686,0.8042106032371521,0.999237596988678,
poison/poisceb/datapoiscebseq/poispos_ceb_3ee27b18.csv,ok,312,12,3,modified_position,3,modified_position,0.9998612999916077,True,0.30960318446159363,0.9694166779518127,0.07709429413080215,0.029100626707077026,0.9998612999916077,
poison/poisceb/datapoiscebseq/poispos_ceb_3ee31976.csv,ok,470,22,3,modified_position,3,modified_position,0.9999954700469971,True,0.45089924335479736,0.9974749684333801,0.15708599984645844,0.054036423563957214,0.9999954700469971,
poison/poisceb/datapoiscebseq/poispos_ceb_3ee600ee.csv,ok,369,16,3,modified_position,0,authentic,0.994753897190094,False,0.5865204334259033,0.994753897190094,0.33236274123191833,0.15923374891281128,0.9135896563529968,
poison/poisceb/datapoiscebseq/poispos_ceb_3ee6c6d1.csv,ok,342,14,3,modified_position,3,modified_position,0.9954530000686646,True,0.3934688866138458,0.9831039309501648,0.07461109757423401,0.1262935847043991,0.9954530000686646,
poison/poisceb/datapoiscebseq/poispos_ceb_3ee6fd61.csv,ok,343,14,3,modified_position,3,modified_position,0.9999986886978149,True,0.3301298916339874,0.9563212990760803,0.14597606658935547,0.15759004652500153,0.9999986886978149,
poison/poisceb/datapoiscebseq/poispos_ceb_3ee762b3.csv,ok,398,17,3,modified_position,0,authentic,0.963607668876648,False,0.3003755509853363,0.963607668876648,0.9606471061706543,0.9301257133483887,0.9202600717544556,
poison/poisceb/datapoiscebseq/poispos_ceb_3eeaa2d3.csv,ok,371,16,3,modified_position,3,modified_position,0.9675448536872864,True,0.18548549711704254,0.8772904872894287,0.3130923807621002,0.4552997350692749,0.9675448536872864,
poison/poisceb/datapoiscebseq/poispos_ceb_3eee9fa6.csv,ok,366,15,3,modified_position,0,authentic,0.9903852343559265,False,0.5330188274383545,0.9903852343559265,0.14292511343955994,0.7314308285713196,0.8763768672943115,
poison/poisceb/datapoiscebseq/poispos_ceb_3eefc093.csv,ok,322,13,3,modified_position,3,modified_position,1.0,True,0.32009485363960266,0.8639904856681824,0.36723169684410095,0.1402021050453186,1.0,
poison/poisceb/datapoiscebseq/poispos_ceb_3ef274f9.csv,ok,340,14,3,modified_position,0,authentic,0.9718424677848816,False,0.38476306200027466,0.9718424677848816,0.046144887804985046,0.8047276735305786,0.9498235583305359,
poison/poisceb/datapoiscebseq/poispos_ceb_3ef2a84a.csv,ok,311,12,3,modified_position,0,authentic,0.9823302030563354,False,0.4631871283054352,0.9823302030563354,0.21243375539779663,0.8413190841674805,0.6518241167068481,
poison/poisceb/datapoiscebseq/poispos_ceb_3f031544.csv,ok,290,11,3,modified_position,0,authentic,0.9777464866638184,False,0.3398910164833069,0.9777464866638184,0.28469526767730713,0.5097131729125977,0.716087281703949,
poison/poisceb/datapoiscebseq/poispos_ceb_3f058428.csv,ok,322,13,3,modified_position,3,modified_position,0.9996131062507629,True,0.5551138520240784,0.9278525114059448,0.20282872021198273,0.28327399492263794,0.9996131062507629,
poison/poisceb/datapoiscebseq/poispos_ceb_3f05b121.csv,ok,310,12,3,modified_position,3,modified_position,0.998058021068573,True,0.2932976484298706,0.9697400331497192,0.10310940444469452,0.24830028414726257,0.998058021068573,
poison/poisceb/datapoiscebseq/poispos_ceb_3f068856.csv,ok,321,13,3,modified_position,0,authentic,0.9674251675605774,False,0.3280794322490692,0.9674251675605774,0.1543203741312027,0.7034780979156494,0.7075018286705017,
poison/poisceb/datapoiscebseq/poispos_ceb_3f07d673.csv,ok,312,12,3,modified_position,3,modified_position,0.9987779855728149,True,0.3559800684452057,0.9727111458778381,0.2390584647655487,0.09245365858078003,0.9987779855728149,
poison/poisceb/datapoiscebseq/poispos_ceb_3f0abaf5.csv,ok,329,13,3,modified_position,0,authentic,0.9855676889419556,False,0.4301585853099823,0.9855676889419556,0.0655796155333519,0.9451305270195007,0.8613685965538025,
poison/poisceb/datapoiscebseq/poispos_ceb_3f0ac143.csv,ok,310,12,3,modified_position,3,modified_position,0.9998185634613037,True,0.3056509792804718,0.9579289555549622,0.03940364718437195,0.040786050260066986,0.9998185634613037,
poison/poisceb/datapoiscebseq/poispos_ceb_3f0e156d.csv,ok,309,12,3,modified_position,0,authentic,0.9400808811187744,False,0.3041066527366638,0.9400808811187744,0.04342501610517502,0.6137974858283997,0.8745688199996948,
poison/poisceb/datapoiscebseq/poispos_ceb_3f11191c.csv,ok,331,13,3,modified_position,3,modified_position,0.9994165301322937,True,0.3617803454399109,0.9763200879096985,0.030798673629760742,0.031814780086278915,0.9994165301322937,
poison/poisceb/datapoiscebseq/poispos_ceb_3f115f15.csv,ok,346,14,3,modified_position,3,modified_position,0.9999996423721313,True,0.346435010433197,0.9937244653701782,0.025621941313147545,0.1047123521566391,0.9999996423721313,
poison/poisceb/datapoiscebseq/poispos_ceb_3f11b153.csv,ok,333,13,3,modified_position,3,modified_position,0.9999712109565735,True,0.42027509212493896,0.9770650267601013,0.08021113276481628,0.4509297013282776,0.9999712109565735,
poison/poisceb/datapoiscebseq/poispos_ceb_3f128481.csv,ok,301,11,3,modified_position,0,authentic,0.9683067798614502,False,0.5492019057273865,0.9683067798614502,0.33887773752212524,0.6087943315505981,0.8682500720024109,
poison/poisceb/datapoiscebseq/poispos_ceb_3f1417b4.csv,ok,339,14,3,modified_position,3,modified_position,0.9999998807907104,True,0.3553449213504791,0.9026521444320679,0.14568519592285156,0.10150035470724106,0.9999998807907104,
poison/poisceb/datapoiscebseq/poispos_ceb_3f18588d.csv,ok,316,12,3,modified_position,3,modified_position,0.9999684691429138,True,0.3786059319972992,0.9830280542373657,0.09072894603013992,0.04497654363512993,0.9999684691429138,
poison/poisceb/datapoiscebseq/poispos_ceb_3f1e0122.csv,ok,377,16,3,modified_position,3,modified_position,0.9971410036087036,True,0.4721277356147766,0.9581021666526794,0.21437261998653412,0.1142377108335495,0.9971410036087036,
poison/poisceb/datapoiscebseq/poispos_ceb_3f22920a.csv,ok,383,16,3,modified_position,3,modified_position,0.9999988079071045,True,0.427834689617157,0.996130108833313,0.02189190872013569,0.019442236050963402,0.9999988079071045,
poison/poisceb/datapoiscebseq/poispos_ceb_3f231894.csv,ok,358,15,3,modified_position,3,modified_position,0.9951661229133606,True,0.3677220344543457,0.9885927438735962,0.09165211021900177,0.4885867238044739,0.9951661229133606,
poison/poisceb/datapoiscebseq/poispos_ceb_3f26146e.csv,ok,408,18,3,modified_position,3,modified_position,0.9993672966957092,True,0.5278264284133911,0.9986359477043152,0.05399532988667488,0.05715601518750191,0.9993672966957092,
poison/poisceb/datapoiscebseq/poispos_ceb_3f26b79d.csv,ok,359,15,3,modified_position,3,modified_position,0.9999996423721313,True,0.41869550943374634,0.9461562633514404,0.3653864562511444,0.25739362835884094,0.9999996423721313,
poison/poisceb/datapoiscebseq/poispos_ceb_3f281d76.csv,ok,316,12,3,modified_position,0,authentic,0.9877594709396362,False,0.46398890018463135,0.9877594709396362,0.06909658759832382,0.44265779852867126,0.8446245789527893,
poison/poisceb/datapoiscebseq/poispos_ceb_3f2df8d5.csv,ok,318,12,3,modified_position,3,modified_position,0.9838926792144775,True,0.3224014937877655,0.9645282626152039,0.1432136446237564,0.052537303417921066,0.9838926792144775,
poison/poisceb/datapoiscebseq/poispos_ceb_3f2e5138.csv,ok,307,12,3,modified_position,3,modified_position,0.9985137581825256,True,0.3084077835083008,0.9784213304519653,0.08128970116376877,0.0550338514149189,0.9985137581825256,
poison/poisceb/datapoiscebseq/poispos_ceb_3f2f870b.csv,ok,317,12,3,modified_position,3,modified_position,0.9806936383247375,True,0.45747479796409607,0.8766418099403381,0.397183358669281,0.42225560545921326,0.9806936383247375,
poison/poisceb/datapoiscebseq/poispos_ceb_3f31991c.csv,ok,333,13,3,modified_position,3,modified_position,0.9966378808021545,True,0.43744614720344543,0.9912158250808716,0.05571061372756958,0.04220154136419296,0.9966378808021545,
poison/poisceb/datapoiscebseq/poispos_ceb_3f32a47a.csv,ok,325,13,3,modified_position,0,authentic,0.9863358736038208,False,0.49151819944381714,0.9863358736038208,0.08666443079710007,0.7707355618476868,0.8875917792320251,
poison/poisceb/datapoiscebseq/poispos_ceb_3f33f0af.csv,ok,319,12,3,modified_position,3,modified_position,0.9990977048873901,True,0.3829399347305298,0.9731103777885437,0.08551449328660965,0.059206731617450714,0.9990977048873901,
poison/poisceb/datapoiscebseq/poispos_ceb_3f350a36.csv,ok,347,14,3,modified_position,0,authentic,0.9913643002510071,False,0.40360647439956665,0.9913643002510071,0.04953216761350632,0.26869523525238037,0.9351271986961365,
poison/poisceb/datapoiscebseq/poispos_ceb_3f36961f.csv,ok,355,15,3,modified_position,3,modified_position,0.9999028444290161,True,0.4642021954059601,0.9411918520927429,0.35940366983413696,0.45737335085868835,0.9999028444290161,
poison/poisceb/datapoiscebseq/poispos_ceb_3f38c5e9.csv,ok,292,11,3,modified_position,3,modified_position,0.9994122385978699,True,0.25157269835472107,0.9509105682373047,0.06183012202382088,0.02905287779867649,0.9994122385978699,
poison/poisceb/datapoiscebseq/poispos_ceb_3f39f085.csv,ok,310,12,3,modified_position,0,authentic,0.9845378994941711,False,0.40148329734802246,0.9845378994941711,0.061713896691799164,0.6282193064689636,0.978966474533081,
poison/poisceb/datapoiscebseq/poispos_ceb_3f3a089b.csv,ok,337,14,3,modified_position,3,modified_position,0.9949060678482056,True,0.41942718625068665,0.9804589748382568,0.06251689791679382,0.12838305532932281,0.9949060678482056,
poison/poisceb/datapoiscebseq/poispos_ceb_3f3b17b4.csv,ok,319,12,3,modified_position,0,authentic,0.9943013191223145,False,0.6001896858215332,0.9943013191223145,0.21006004512310028,0.9833189845085144,0.22124367952346802,
poison/poisceb/datapoiscebseq/poispos_ceb_3f3cafab.csv,ok,318,12,3,modified_position,3,modified_position,0.966331422328949,True,0.35252881050109863,0.9331066012382507,0.163142591714859,0.3063364028930664,0.966331422328949,
poison/poisceb/datapoiscebseq/poispos_ceb_3f3d1e29.csv,ok,328,13,3,modified_position,3,modified_position,0.9999985694885254,True,0.36615055799484253,0.9889301061630249,0.04663219302892685,0.023607071489095688,0.9999985694885254,
poison/poisceb/datapoiscebseq/poispos_ceb_3f3d31b6.csv,ok,335,13,3,modified_position,0,authentic,0.9850963950157166,False,0.7160215973854065,0.9850963950157166,0.3412599265575409,0.2638954222202301,0.24502897262573242,
poison/poisceb/datapoiscebseq/poispos_ceb_3f3dbc16.csv,ok,347,14,3,modified_position,3,modified_position,1.0,True,0.31090018153190613,0.8924109935760498,0.08208534121513367,0.32665351033210754,1.0,
poison/poisceb/datapoiscebseq/poispos_ceb_3f3ec2d5.csv,ok,441,20,3,modified_position,3,modified_position,0.9999997615814209,True,0.5307785272598267,0.9625328183174133,0.1138046383857727,0.09396452456712723,0.9999997615814209,
poison/poisceb/datapoiscebseq/poispos_ceb_3f3eeccf.csv,ok,310,12,3,modified_position,3,modified_position,0.9999524354934692,True,0.33207714557647705,0.9293639659881592,0.15489540994167328,0.4655872881412506,0.9999524354934692,
poison/poisceb/datapoiscebseq/poispos_ceb_3f41083f.csv,ok,326,13,3,modified_position,3,modified_position,0.9977655410766602,True,0.3613848090171814,0.9813340306282043,0.03667406365275383,0.062295932322740555,0.9977655410766602,
poison/poisceb/datapoiscebseq/poispos_ceb_3f418d21.csv,ok,326,13,3,modified_position,3,modified_position,0.996601939201355,True,0.32149288058280945,0.9702624082565308,0.24973063170909882,0.4255211055278778,0.996601939201355,
poison/poisceb/datapoiscebseq/poispos_ceb_3f429596.csv,ok,368,16,3,modified_position,3,modified_position,0.9828622341156006,True,0.45166897773742676,0.9824357032775879,0.07372681796550751,0.7325321435928345,0.9828622341156006,
poison/poisceb/datapoiscebseq/poispos_ceb_3f433bd0.csv,ok,365,15,3,modified_position,3,modified_position,0.9995733499526978,True,0.4271544814109802,0.9877724051475525,0.06806915253400803,0.10974898934364319,0.9995733499526978,
poison/poisceb/datapoiscebseq/poispos_ceb_3f438a06.csv,ok,369,16,3,modified_position,3,modified_position,0.999995231628418,True,0.4028380513191223,0.97853684425354,0.05176921188831329,0.06322571635246277,0.999995231628418,
poison/poisceb/datapoiscebseq/poispos_ceb_3f459476.csv,ok,318,12,3,modified_position,3,modified_position,0.9999842047691345,True,0.13449180126190186,0.8802577257156372,0.09748414158821106,0.11014752835035324,0.9999842047691345,
poison/poisceb/datapoiscebseq/poispos_ceb_3f45cc56.csv,ok,351,14,3,modified_position,0,authentic,0.9708496332168579,False,0.3472796380519867,0.9708496332168579,0.09027889370918274,0.7063166499137878,0.8948513865470886,
poison/poisceb/datapoiscebseq/poispos_ceb_3f46b29e.csv,ok,333,13,3,modified_position,3,modified_position,0.9974325895309448,True,0.3629760146141052,0.9839372038841248,0.03718281537294388,0.1415560394525528,0.9974325895309448,
poison/poisceb/datapoiscebseq/poispos_ceb_3f4abe0e.csv,ok,317,12,3,modified_position,3,modified_position,0.9959865808486938,True,0.28296875953674316,0.9549499750137329,0.11565236002206802,0.11103678494691849,0.9959865808486938,
poison/poisceb/datapoiscebseq/poispos_ceb_3f4aeb9f.csv,ok,366,15,3,modified_position,0,authentic,0.9777892827987671,False,0.4379221796989441,0.9777892827987671,0.1791614294052124,0.3145323395729065,0.9553185105323792,
poison/poisceb/datapoiscebseq/poispos_ceb_3f4b104b.csv,ok,352,15,3,modified_position,3,modified_position,0.9999997615814209,True,0.37355518341064453,0.9573526382446289,0.04049697890877724,0.060272250324487686,0.9999997615814209,
poison/poisceb/datapoiscebseq/poispos_ceb_3f4c3f9f.csv,ok,310,12,3,modified_position,3,modified_position,0.9989584684371948,True,0.4862029254436493,0.9943298697471619,0.04433072730898857,0.010918875224888325,0.9989584684371948,
poison/poisceb/datapoiscebseq/poispos_ceb_3f4df259.csv,ok,327,13,3,modified_position,3,modified_position,0.9999638199806213,True,0.20224472880363464,0.962859034538269,0.06422539800405502,0.24237139523029327,0.9999638199806213,
poison/poisceb/datapoiscebseq/poispos_ceb_3f4e3ac2.csv,ok,443,20,3,modified_position,3,modified_position,0.9997605085372925,True,0.4773808419704437,0.997043251991272,0.0869043841958046,0.9420661330223083,0.9997605085372925,
poison/poisceb/datapoiscebseq/poispos_ceb_3f4e80cb.csv,ok,338,14,3,modified_position,0,authentic,0.9492073655128479,False,0.43811437487602234,0.9492073655128479,0.2587130665779114,0.42437300086021423,0.7970837950706482,
poison/poisceb/datapoiscebseq/poispos_ceb_3f4e9a29.csv,ok,320,13,3,modified_position,3,modified_position,0.9999938011169434,True,0.26719042658805847,0.9040459990501404,0.09511853009462357,0.048948004841804504,0.9999938011169434,
poison/poisceb/datapoiscebseq/poispos_ceb_3f51abcf.csv,ok,308,12,3,modified_position,0,authentic,0.974092960357666,False,0.39544591307640076,0.974092960357666,0.03187976032495499,0.6041637063026428,0.9676966667175293,
poison/poisceb/datapoiscebseq/poispos_ceb_3f52f115.csv,ok,345,14,3,modified_position,3,modified_position,0.9970011115074158,True,0.40267273783683777,0.9757632613182068,0.09524276107549667,0.4910072982311249,0.9970011115074158,
poison/poisceb/datapoiscebseq/poispos_ceb_3f55ad21.csv,ok,356,15,3,modified_position,0,authentic,0.993614137172699,False,0.8939292430877686,0.993614137172699,0.13697205483913422,0.10878106206655502,0.0812453180551529,
poison/poisceb/datapoiscebseq/poispos_ceb_3f57127d.csv,ok,333,13,3,modified_position,0,authentic,0.9801701903343201,False,0.36908337473869324,0.9801701903343201,0.07820435613393784,0.47616875171661377,0.8805678486824036,
poison/poisceb/datapoiscebseq/poispos_ceb_3f572275.csv,ok,325,13,3,modified_position,0,authentic,0.9877956509590149,False,0.33116012811660767,0.9877956509590149,0.4248341917991638,0.23400813341140747,0.9816004633903503,
poison/poisceb/datapoiscebseq/poispos_ceb_3f59d8c9.csv,ok,316,12,3,modified_position,3,modified_position,0.9999449253082275,True,0.24839478731155396,0.9872760772705078,0.3912006616592407,0.19998471438884735,0.9999449253082275,
poison/poisceb/datapoiscebseq/poispos_ceb_3f5a96cf.csv,ok,339,14,3,modified_position,3,modified_position,0.9892994165420532,True,0.5897234678268433,0.9476981163024902,0.2705635130405426,0.15347135066986084,0.9892994165420532,
poison/poisceb/datapoiscebseq/poispos_ceb_3f5b502c.csv,ok,358,15,3,modified_position,3,modified_position,0.9954461455345154,True,0.4538401961326599,0.9929579496383667,0.3707583248615265,0.0629461258649826,0.9954461455345154,
poison/poisceb/datapoiscebseq/poispos_ceb_3f5e1f63.csv,ok,321,13,3,modified_position,3,modified_position,0.998258650302887,True,0.3571821451187134,0.9846099615097046,0.07099568098783493,0.06036720052361488,0.998258650302887,
poison/poisceb/datapoiscebseq/poispos_ceb_3f5e9e03.csv,ok,226,7,3,modified_position,3,modified_position,0.9839036464691162,True,2.2250004061419304e-09,7.1293242420722436e-09,0.002204307122156024,0.31713375449180603,0.9839036464691162,
poison/poisceb/datapoiscebseq/poispos_ceb_3f5fbcb9.csv,ok,319,12,3,modified_position,3,modified_position,0.9999826550483704,True,0.20062506198883057,0.9088529944419861,0.037775613367557526,0.08708073943853378,0.9999826550483704,
poison/poisceb/datapoiscebseq/poispos_ceb_3f604139.csv,ok,362,15,3,modified_position,3,modified_position,0.9536733627319336,True,0.41823962330818176,0.926226019859314,0.09815225750207901,0.12495602667331696,0.9536733627319336,
poison/poisceb/datapoiscebseq/poispos_ceb_3f627ce5.csv,ok,356,15,3,modified_position,3,modified_position,0.9978184700012207,True,0.5636119842529297,0.9596765637397766,0.1293988972902298,0.343147337436676,0.9978184700012207,
poison/poisceb/datapoiscebseq/poispos_ceb_3f62d6de.csv,ok,337,14,3,modified_position,0,authentic,0.9847995638847351,False,0.4362800717353821,0.9847995638847351,0.1048005148768425,0.8739031553268433,0.6896626949310303,
poison/poisceb/datapoiscebseq/poispos_ceb_3f66ac52.csv,ok,311,12,3,modified_position,3,modified_position,0.9982160329818726,True,0.21791912615299225,0.9646114706993103,0.2064298838376999,0.5707563757896423,0.9982160329818726,
poison/poisceb/datapoiscebseq/poispos_ceb_3f66e29b.csv,ok,378,16,3,modified_position,3,modified_position,0.9999666810035706,True,0.4146656394004822,0.9850807189941406,0.04933752864599228,0.38289886713027954,0.9999666810035706,
poison/poisceb/datapoiscebseq/poispos_ceb_3f696728.csv,ok,306,12,3,modified_position,3,modified_position,0.9806708097457886,True,0.29709067940711975,0.9273095726966858,0.06147636100649834,0.18092235922813416,0.9806708097457886,
poison/poisceb/datapoiscebseq/poispos_ceb_3f69dc6c.csv,ok,314,12,3,modified_position,3,modified_position,0.9999905824661255,True,0.3229936361312866,0.9861621856689453,0.03659624978899956,0.012897214852273464,0.9999905824661255,
poison/poisceb/datapoiscebseq/poispos_ceb_3f6a8c81.csv,ok,353,15,3,modified_position,3,modified_position,0.9993842840194702,True,0.48292773962020874,0.9598735570907593,0.02793758176267147,0.38925817608833313,0.9993842840194702,
poison/poisceb/datapoiscebseq/poispos_ceb_3f6b7a50.csv,ok,275,10,3,modified_position,0,authentic,0.9713442921638489,False,0.45637375116348267,0.9713442921638489,0.17570021748542786,0.13243190944194794,0.9701288342475891,
poison/poisceb/datapoiscebseq/poispos_ceb_3f6c81f9.csv,ok,307,12,3,modified_position,0,authentic,0.9887516498565674,False,0.29965952038764954,0.9887516498565674,0.050268352031707764,0.35363155603408813,0.9861792325973511,
poison/poisceb/datapoiscebseq/poispos_ceb_3f6cd163.csv,ok,326,13,3,modified_position,3,modified_position,0.9477338194847107,True,0.476872980594635,0.9204926490783691,0.11236599832773209,0.2012145221233368,0.9477338194847107,
poison/poisceb/datapoiscebseq/poispos_ceb_3f6e2201.csv,ok,345,14,3,modified_position,3,modified_position,0.999911367893219,True,0.3124118745326996,0.888709545135498,0.29170501232147217,0.3412134051322937,0.999911367893219,
poison/poisceb/datapoiscebseq/poispos_ceb_3f6eb604.csv,ok,391,17,3,modified_position,0,authentic,0.9974108338356018,False,0.5337370038032532,0.9974108338356018,0.06191428005695343,0.04964139685034752,0.9890239834785461,
poison/poisceb/datapoiscebseq/poispos_ceb_3f6eccae.csv,ok,349,14,3,modified_position,3,modified_position,0.9998422861099243,True,0.31925225257873535,0.9047315120697021,0.19934755563735962,0.5899860262870789,0.9998422861099243,
poison/poisceb/datapoiscebseq/poispos_ceb_3f716810.csv,ok,279,10,3,modified_position,3,modified_position,0.9877515435218811,True,0.45987215638160706,0.9829006791114807,0.07419697195291519,0.3546827733516693,0.9877515435218811,
poison/poisceb/datapoiscebseq/poispos_ceb_3f719644.csv,ok,315,12,3,modified_position,0,authentic,0.985036313533783,False,0.3043970763683319,0.985036313533783,0.14488384127616882,0.46409544348716736,0.8692266941070557,
poison/poisceb/datapoiscebseq/poispos_ceb_3f71ab4b.csv,ok,291,11,3,modified_position,0,authentic,0.9772266149520874,False,0.4129452407360077,0.9772266149520874,0.11469053477048874,0.5626612901687622,0.9705730676651001,
poison/poisceb/datapoiscebseq/poispos_ceb_3f729c4e.csv,ok,551,27,3,modified_position,2,modified_speed,0.9847401976585388,False,0.4878169596195221,0.9688997268676758,0.49801793694496155,0.9847401976585388,0.646912157535553,
poison/poisceb/datapoiscebseq/poispos_ceb_3f72a6e6.csv,ok,537,26,3,modified_position,0,authentic,0.9801160097122192,False,0.7231317162513733,0.9801160097122192,0.43625637888908386,0.45374593138694763,0.7704396843910217,
poison/poisceb/datapoiscebseq/poispos_ceb_3f759f46.csv,ok,339,14,3,modified_position,3,modified_position,0.9999997615814209,True,0.32141584157943726,0.9688884615898132,0.02634872868657112,0.1717391163110733,0.9999997615814209,
poison/poisceb/datapoiscebseq/poispos_ceb_3f75e508.csv,ok,323,13,3,modified_position,3,modified_position,0.9992552995681763,True,0.2146533578634262,0.9720268249511719,0.17701566219329834,0.7337771654129028,0.9992552995681763,
poison/poisceb/datapoiscebseq/poispos_ceb_3f7731ae.csv,ok,330,13,3,modified_position,3,modified_position,0.9998950362205505,True,0.3001103401184082,0.9938476085662842,0.034430861473083496,0.04162544012069702,0.9998950362205505,
poison/poisceb/datapoiscebseq/poispos_ceb_3f785fc2.csv,ok,370,16,3,modified_position,3,modified_position,0.9995020627975464,True,0.4043703079223633,0.9881430864334106,0.13578198850154877,0.7503562569618225,0.9995020627975464,
poison/poisceb/datapoiscebseq/poispos_ceb_3f7cdc38.csv,ok,271,9,3,modified_position,0,authentic,0.991814136505127,False,0.2779865860939026,0.991814136505127,0.056694146245718,0.020392796024680138,0.9847458004951477,
poison/poisceb/datapoiscebseq/poispos_ceb_3f7ceed2.csv,ok,315,12,3,modified_position,3,modified_position,0.99483323097229,True,0.5382933020591736,0.9877952933311462,0.26787978410720825,0.1259455382823944,0.99483323097229,
poison/poisceb/datapoiscebseq/poispos_ceb_3f7d8e86.csv,ok,335,13,3,modified_position,3,modified_position,0.9359759092330933,True,0.2330273538827896,0.8259379863739014,0.09508798271417618,0.8886694312095642,0.9359759092330933,
poison/poisceb/datapoiscebseq/poispos_ceb_3f7db5a0.csv,ok,320,13,3,modified_position,2,modified_speed,0.9893750548362732,False,0.1808067411184311,0.9513155221939087,0.13259200751781464,0.9893750548362732,0.9599522948265076,
poison/poisceb/datapoiscebseq/poispos_ceb_3f80bed0.csv,ok,329,13,3,modified_position,3,modified_position,0.9958099722862244,True,0.4330333173274994,0.9825224876403809,0.11324726790189743,0.023330029100179672,0.9958099722862244,
poison/poisceb/datapoiscebseq/poispos_ceb_3f80ee7e.csv,ok,365,15,3,modified_position,3,modified_position,0.9996232986450195,True,0.4394610822200775,0.9893267154693604,0.08024757355451584,0.04231929033994675,0.9996232986450195,
poison/poisceb/datapoiscebseq/poispos_ceb_3f8149db.csv,ok,309,12,3,modified_position,3,modified_position,0.9999998807907104,True,0.07984693348407745,0.9581126570701599,0.04963186755776405,0.8363140821456909,0.9999998807907104,
poison/poisceb/datapoiscebseq/poispos_ceb_3f82ea74.csv,ok,378,16,3,modified_position,0,authentic,0.9856418967247009,False,0.46425795555114746,0.9856418967247009,0.16330941021442413,0.40307188034057617,0.9838905930519104,
poison/poisceb/datapoiscebseq/poisspd_ceb_3e31b26e.csv,ok,374,16,2,modified_speed,2,modified_speed,0.9999998807907104,True,0.3806421160697937,0.9224079251289368,0.27585262060165405,0.9999998807907104,0.19430314004421234,
poison/poisceb/datapoiscebseq/poisspd_ceb_3e333998.csv,ok,351,14,2,modified_speed,2,modified_speed,1.0,True,0.41517260670661926,0.9880598187446594,0.0436849407851696,1.0,0.45087072253227234,
poison/poisceb/datapoiscebseq/poisspd_ceb_3e3a6fe9.csv,ok,336,14,2,modified_speed,2,modified_speed,1.0,True,0.35461607575416565,0.9948950409889221,0.1352391541004181,1.0,0.7415837049484253,
poison/poisceb/datapoiscebseq/poisspd_ceb_3e3af6b6.csv,ok,281,10,2,modified_speed,2,modified_speed,1.0,True,0.07836666703224182,0.7836349606513977,0.0278465673327446,1.0,0.6761268377304077,
poison/poisceb/datapoiscebseq/poisspd_ceb_3e3cf40d.csv,ok,429,19,2,modified_speed,3,modified_position,0.9987090826034546,False,0.5903726816177368,0.9755159616470337,0.030084922909736633,0.8179721832275391,0.9987090826034546,
poison/poisceb/datapoiscebseq/poisspd_ceb_3e3d2ac0.csv,ok,332,13,2,modified_speed,2,modified_speed,1.0,True,0.02469676546752453,0.16096381843090057,0.010222409851849079,1.0,0.980468213558197,
poison/poisceb/datapoiscebseq/poisspd_ceb_3e3d6a76.csv,ok,315,12,2,modified_speed,2,modified_speed,1.0,True,0.2249317616224289,0.9263032674789429,0.04977034777402878,1.0,0.05599333718419075,
poison/poisceb/datapoiscebseq/poisspd_ceb_3e3d76da.csv,ok,280,10,2,modified_speed,2,modified_speed,1.0,True,0.33807918429374695,0.9462869763374329,0.08793474733829498,1.0,0.12804396450519562,
poison/poisceb/datapoiscebseq/poisspd_ceb_3e40837d.csv,ok,505,24,2,modified_speed,2,modified_speed,1.0,True,0.3896915018558502,0.96937096118927,0.411252498626709,1.0,0.08593464642763138,
poison/poisceb/datapoiscebseq/poisspd_ceb_3e4486ec.csv,ok,297,11,2,modified_speed,0,authentic,0.9818920493125916,False,0.4113367795944214,0.9818920493125916,0.10778064280748367,0.9548755288124084,0.8765475749969482,
poison/poisceb/datapoiscebseq/poisspd_ceb_3e451feb.csv,ok,325,13,2,modified_speed,2,modified_speed,0.9993513226509094,True,0.16576503217220306,0.9399383068084717,0.19566941261291504,0.9993513226509094,0.5170218348503113,
poison/poisceb/datapoiscebseq/poisspd_ceb_3e493aea.csv,ok,304,12,2,modified_speed,2,modified_speed,1.0,True,0.2282511442899704,0.9699966311454773,0.027872856706380844,1.0,0.0849095806479454,
poison/poisceb/datapoiscebseq/poisspd_ceb_3e4bb0ba.csv,ok,379,16,2,modified_speed,2,modified_speed,1.0,True,0.3306351900100708,0.9766713976860046,0.35325807332992554,1.0,0.3585456609725952,
poison/poisceb/datapoiscebseq/poisspd_ceb_3e501ab1.csv,ok,363,15,2,modified_speed,2,modified_speed,1.0,True,0.16878123581409454,0.7906385660171509,0.4918164908885956,1.0,0.3370056450366974,
poison/poisceb/datapoiscebseq/poisspd_ceb_3e50b1fe.csv,ok,340,14,2,modified_speed,2,modified_speed,1.0,True,0.18409012258052826,0.8892931938171387,0.08344875276088715,1.0,0.042202383279800415,
poison/poisceb/datapoiscebseq/poisspd_ceb_3e53b807.csv,ok,338,14,2,modified_speed,2,modified_speed,1.0,True,0.34862157702445984,0.9936874508857727,0.013777149841189384,1.0,0.012295425869524479,
poison/poisceb/datapoiscebseq/poisspd_ceb_3e5425d4.csv,ok,368,16,2,modified_speed,2,modified_speed,1.0,True,0.40729814767837524,0.989508330821991,0.035379331558942795,1.0,0.1046450138092041,
poison/poisceb/datapoiscebseq/poisspd_ceb_3e546be4.csv,ok,349,14,2,modified_speed,2,modified_speed,1.0,True,0.2683040499687195,0.9365264177322388,0.35195812582969666,1.0,0.11665653437376022,
poison/poisceb/datapoiscebseq/poisspd_ceb_3e579969.csv,ok,368,16,2,modified_speed,2,modified_speed,1.0,True,0.4314097762107849,0.9433451294898987,0.16422052681446075,1.0,0.09256678819656372,
poison/poisceb/datapoiscebseq/poisspd_ceb_3e5f3e78.csv,ok,331,13,2,modified_speed,2,modified_speed,1.0,True,0.42328551411628723,0.9814997911453247,0.10016745328903198,1.0,0.05191118270158768,
poison/poisceb/datapoiscebseq/poisspd_ceb_3e628723.csv,ok,413,18,2,modified_speed,2,modified_speed,1.0,True,0.20470929145812988,0.9285398125648499,0.2394096851348877,1.0,0.2490348517894745,
poison/poisceb/datapoiscebseq/poisspd_ceb_3e66722b.csv,ok,274,10,2,modified_speed,0,authentic,0.9887268543243408,False,0.2931562662124634,0.9887268543243408,0.09920886904001236,0.9088537693023682,0.978371798992157,
poison/poisceb/datapoiscebseq/poisspd_ceb_3e68cadd.csv,ok,325,13,2,modified_speed,2,modified_speed,1.0,True,0.36557313799858093,0.9101628661155701,0.25215575098991394,1.0,0.07064702361822128,
poison/poisceb/datapoiscebseq/poisspd_ceb_3e68edcb.csv,ok,296,11,2,modified_speed,2,modified_speed,1.0,True,0.3652544915676117,0.8998578190803528,0.13576701283454895,1.0,0.07316946238279343,
poison/poisceb/datapoiscebseq/poisspd_ceb_3e6c9276.csv,ok,369,16,2,modified_speed,2,modified_speed,1.0,True,0.24343322217464447,0.9343404769897461,0.3600652515888214,1.0,0.16075803339481354,
poison/poisceb/datapoiscebseq/poisspd_ceb_3e6d4241.csv,ok,327,13,2,modified_speed,2,modified_speed,1.0,True,0.3466847836971283,0.974509596824646,0.09306811541318893,1.0,0.09734824299812317,
poison/poisceb/datapoiscebseq/poisspd_ceb_3e703572.csv,ok,324,13,2,modified_speed,2,modified_speed,1.0,True,0.49403998255729675,0.9690840840339661,0.07969491928815842,1.0,0.05139891058206558,
poison/poisceb/datapoiscebseq/poisspd_ceb_3e7480bb.csv,ok,313,12,2,modified_speed,2,modified_speed,0.9999996423721313,True,0.14723049104213715,0.9029009342193604,0.08407890051603317,0.9999996423721313,0.08656273782253265,
poison/poisceb/datapoiscebseq/poisspd_ceb_3e74cb8a.csv,ok,274,10,2,modified_speed,2,modified_speed,0.9998586773872375,True,0.38106298446655273,0.9513832926750183,0.07667204737663269,0.9998586773872375,0.905177891254425,
poison/poisceb/datapoiscebseq/poisspd_ceb_3e77701f.csv,ok,410,18,2,modified_speed,2,modified_speed,1.0,True,0.505717933177948,0.9923484325408936,0.051152121275663376,1.0,0.369055837392807,
poison/poisceb/datapoiscebseq/poisspd_ceb_3e87840a.csv,ok,322,13,2,modified_speed,2,modified_speed,0.9992883801460266,True,0.40723946690559387,0.9407845735549927,0.35291820764541626,0.9992883801460266,0.06692972034215927,
poison/poisceb/datapoiscebseq/poisspd_ceb_3e8c2986.csv,ok,379,16,2,modified_speed,2,modified_speed,1.0,True,0.48604947328567505,0.9915838837623596,0.0494886115193367,1.0,0.01933307573199272,
poison/poisceb/datapoiscebseq/poisspd_ceb_3e8e726d.csv,ok,374,16,2,modified_speed,2,modified_speed,1.0,True,0.3865342140197754,0.9427431225776672,0.22707843780517578,1.0,0.05457630380988121,
poison/poisceb/datapoiscebseq/poisspd_ceb_3e8f83e0.csv,ok,318,12,2,modified_speed,2,modified_speed,0.9999889135360718,True,0.41296303272247314,0.8790693879127502,0.20479479432106018,0.9999889135360718,0.2978143095970154,
poison/poisceb/datapoiscebseq/poisspd_ceb_3e8fc79a.csv,ok,297,11,2,modified_speed,2,modified_speed,1.0,True,0.08381882309913635,0.9220070242881775,0.04913292080163956,1.0,0.008398820646107197,
poison/poisceb/datapoiscebseq/poisspd_ceb_3e92469e.csv,ok,325,13,2,modified_speed,2,modified_speed,1.0,True,0.41541483998298645,0.9747374057769775,0.0993303582072258,1.0,0.04457685723900795,
poison/poisceb/datapoiscebseq/poisspd_ceb_3e9395bd.csv,ok,294,11,2,modified_speed,2,modified_speed,1.0,True,0.20124036073684692,0.834709107875824,0.3057023584842682,1.0,0.15748177468776703,
poison/poisceb/datapoiscebseq/poisspd_ceb_3e93b2d9.csv,ok,306,12,2,modified_speed,2,modified_speed,1.0,True,0.22917978465557098,0.930031418800354,0.04976656287908554,1.0,0.03397364541888237,
poison/poisceb/datapoiscebseq/poisspd_ceb_3e9641ad.csv,ok,368,16,2,modified_speed,2,modified_speed,1.0,True,0.4210853576660156,0.9971005916595459,0.038616057485342026,1.0,0.02400662750005722,
poison/poisceb/datapoiscebseq/poisspd_ceb_3e9af3eb.csv,ok,380,16,2,modified_speed,2,modified_speed,1.0,True,0.46907350420951843,0.9906243085861206,0.026630278676748276,1.0,0.05121989920735359,
poison/poisceb/datapoiscebseq/poisspd_ceb_3e9b47c3.csv,ok,356,15,2,modified_speed,2,modified_speed,0.9999884366989136,True,0.3080286383628845,0.8996984958648682,0.4248170256614685,0.9999884366989136,0.044047772884368896,
poison/poisceb/datapoiscebseq/poisspd_ceb_3e9eab00.csv,ok,407,18,2,modified_speed,2,modified_speed,0.9999983310699463,True,0.46260133385658264,0.9468922019004822,0.28841084241867065,0.9999983310699463,0.14854733645915985,
poison/poisceb/datapoiscebseq/poisspd_ceb_3e9f288f.csv,ok,396,17,2,modified_speed,2,modified_speed,1.0,True,0.25403639674186707,0.9433517456054688,0.08599754422903061,1.0,0.16612133383750916,
poison/poisceb/datapoiscebseq/poisspd_ceb_3e9f427d.csv,ok,300,11,2,modified_speed,2,modified_speed,1.0,True,0.19498036801815033,0.9287055134773254,0.17050111293792725,1.0,0.173442080616951,
poison/poisceb/datapoiscebseq/poisspd_ceb_3ea16829.csv,ok,371,16,2,modified_speed,2,modified_speed,0.9945115447044373,True,0.43271583318710327,0.9824830293655396,0.0872575044631958,0.9945115447044373,0.174210324883461,
poison/poisceb/datapoiscebseq/poisspd_ceb_3ea18fc1.csv,ok,354,15,2,modified_speed,2,modified_speed,1.0,True,0.2964653968811035,0.9809608459472656,0.06891287863254547,1.0,0.06078628823161125,
poison/poisceb/datapoiscebseq/poisspd_ceb_3ea27a49.csv,ok,326,13,2,modified_speed,2,modified_speed,1.0,True,0.333888977766037,0.9369756579399109,0.08619894832372665,1.0,0.0802072212100029,
poison/poisceb/datapoiscebseq/poisspd_ceb_3ea4e474.csv,ok,357,15,2,modified_speed,0,authentic,0.9924224019050598,False,0.42534855008125305,0.9924224019050598,0.1502702385187149,0.9882898330688477,0.12910190224647522,
poison/poisceb/datapoiscebseq/poisspd_ceb_3ea56fc5.csv,ok,272,10,2,modified_speed,2,modified_speed,1.0,True,0.17541229724884033,0.9170466661453247,0.16185154020786285,1.0,0.10375433415174484,
poison/poisceb/datapoiscebseq/poisspd_ceb_3ea617f2.csv,ok,311,12,2,modified_speed,2,modified_speed,0.935357391834259,True,0.48353853821754456,0.9125475883483887,0.214873805642128,0.935357391834259,0.24349090456962585,
poison/poisceb/datapoiscebseq/poisspd_ceb_3ea85858.csv,ok,368,16,2,modified_speed,2,modified_speed,1.0,True,0.4644455313682556,0.9838630557060242,0.06201864033937454,1.0,0.03562484681606293,
poison/poisceb/datapoiscebseq/poisspd_ceb_3eac3581.csv,ok,321,13,2,modified_speed,2,modified_speed,1.0,True,0.3556828200817108,0.958864152431488,0.059668030589818954,1.0,0.023741010576486588,
poison/poisceb/datapoiscebseq/poisspd_ceb_3eac426b.csv,ok,326,13,2,modified_speed,2,modified_speed,0.9976874589920044,True,0.4279346764087677,0.975683331489563,0.08329243957996368,0.9976874589920044,0.3122280538082123,
poison/poisceb/datapoiscebseq/poisspd_ceb_3eb0c211.csv,ok,381,16,2,modified_speed,2,modified_speed,0.9999757409095764,True,0.3745414614677429,0.9148918390274048,0.09256939589977264,0.9999757409095764,0.19236284494400024,
poison/poisceb/datapoiscebseq/poisspd_ceb_3eb1117e.csv,ok,315,12,2,modified_speed,2,modified_speed,1.0,True,0.3711663484573364,0.9805451035499573,0.08130131661891937,1.0,0.05558277666568756,
poison/poisceb/datapoiscebseq/poisspd_ceb_3eb43ed1.csv,ok,354,15,2,modified_speed,2,modified_speed,1.0,True,0.40920698642730713,0.9870003461837769,0.07149328291416168,1.0,0.1673659235239029,
poison/poisceb/datapoiscebseq/poisspd_ceb_3eb5439f.csv,ok,293,11,2,modified_speed,2,modified_speed,1.0,True,0.4329409599304199,0.9841356873512268,0.061233535408973694,1.0,0.030327560380101204,
poison/poisceb/datapoiscebseq/poisspd_ceb_3ebbb4fb.csv,ok,331,13,2,modified_speed,2,modified_speed,1.0,True,0.2819588780403137,0.952660322189331,0.08839883655309677,1.0,0.02735258638858795,
poison/poisceb/datapoiscebseq/poisspd_ceb_3ebbca4e.csv,ok,364,15,2,modified_speed,2,modified_speed,1.0,True,0.16817191243171692,0.844030499458313,0.20488184690475464,1.0,0.15823228657245636,
poison/poisceb/datapoiscebseq/poisspd_ceb_3ebf228b.csv,ok,356,15,2,modified_speed,2,modified_speed,1.0,True,0.24729414284229279,0.9312543272972107,0.2605409622192383,1.0,0.5891805291175842,
poison/poisceb/datapoiscebseq/poisspd_ceb_3ec015cb.csv,ok,321,13,2,modified_speed,2,modified_speed,1.0,True,0.3765300512313843,0.9580766558647156,0.12245028465986252,1.0,0.06194782257080078,
poison/poisceb/datapoiscebseq/poisspd_ceb_3ec23221.csv,ok,360,15,2,modified_speed,2,modified_speed,1.0,True,0.3642053008079529,0.882926881313324,0.1677076369524002,1.0,0.08706177026033401,
poison/poisceb/datapoiscebseq/poisspd_ceb_3ec27de9.csv,ok,401,18,2,modified_speed,2,modified_speed,1.0,True,0.24378140270709991,0.9278829097747803,0.3521231710910797,1.0,0.07028455287218094,
poison/poisceb/datapoiscebseq/poisspd_ceb_3ec35abb.csv,ok,298,11,2,modified_speed,2,modified_speed,0.9856351613998413,True,0.37894824147224426,0.9847316741943359,0.157957524061203,0.9856351613998413,0.6538998484611511,
poison/poisceb/datapoiscebseq/poisspd_ceb_3ec5fbea.csv,ok,305,12,2,modified_speed,0,authentic,0.8740150928497314,False,0.45513656735420227,0.8740150928497314,0.46013563871383667,0.5078486204147339,0.4790709912776947,
poison/poisceb/datapoiscebseq/poisspd_ceb_3ec729dc.csv,ok,336,14,2,modified_speed,2,modified_speed,1.0,True,0.34774741530418396,0.9762237668037415,0.17309963703155518,1.0,0.15593107044696808,
poison/poisceb/datapoiscebseq/poisspd_ceb_3ec99989.csv,ok,332,13,2,modified_speed,2,modified_speed,1.0,True,0.3289397954940796,0.979762077331543,0.06477785110473633,1.0,0.08915302157402039,
poison/poisceb/datapoiscebseq/poisspd_ceb_3eca29db.csv,ok,355,15,2,modified_speed,2,modified_speed,0.9999992847442627,True,0.41355201601982117,0.9520074129104614,0.13045792281627655,0.9999992847442627,0.0959448292851448,
poison/poisceb/datapoiscebseq/poisspd_ceb_3eca98ca.csv,ok,323,13,2,modified_speed,2,modified_speed,1.0,True,0.1283760666847229,0.9390859603881836,0.07865829765796661,1.0,0.11482695490121841,
poison/poisceb/datapoiscebseq/poisspd_ceb_3ecd551b.csv,ok,348,14,2,modified_speed,2,modified_speed,1.0,True,0.4566061198711395,0.984295129776001,0.09394524991512299,1.0,0.07741786539554596,
poison/poisceb/datapoiscebseq/poisspd_ceb_3ecd7dd5.csv,ok,327,13,2,modified_speed,2,modified_speed,0.999998927116394,True,0.2901768982410431,0.9608747959136963,0.05254662409424782,0.999998927116394,0.2504081130027771,
poison/poisceb/datapoiscebseq/poisspd_ceb_3ecd92be.csv,ok,347,14,2,modified_speed,2,modified_speed,0.9999849796295166,True,0.4383833408355713,0.9259113669395447,0.23847061395645142,0.9999849796295166,0.327353835105896,
poison/poisceb/datapoiscebseq/poisspd_ceb_3ecd9c1d.csv,ok,373,16,2,modified_speed,2,modified_speed,1.0,True,0.41379421949386597,0.9752669930458069,0.03220997378230095,1.0,0.031679973006248474,
poison/poisceb/datapoiscebseq/poisspd_ceb_3ece6491.csv,ok,480,23,2,modified_speed,2,modified_speed,1.0,True,0.5819389820098877,0.9898101687431335,0.5657010078430176,1.0,0.746255099773407,
poison/poisceb/datapoiscebseq/poisspd_ceb_3ed79631.csv,ok,378,16,2,modified_speed,2,modified_speed,1.0,True,0.3135235905647278,0.9012073874473572,0.14211396872997284,1.0,0.29802173376083374,
poison/poisceb/datapoiscebseq/poisspd_ceb_3ed81622.csv,ok,311,12,2,modified_speed,2,modified_speed,1.0,True,0.4635309875011444,0.9889367818832397,0.10644920915365219,1.0,0.08961979299783707,
poison/poisceb/datapoiscebseq/poisspd_ceb_3ed9d416.csv,ok,317,12,2,modified_speed,2,modified_speed,1.0,True,0.4020841121673584,0.9895994067192078,0.04313617944717407,1.0,0.019288087263703346,
poison/poisceb/datapoiscebseq/poisspd_ceb_3edac4f1.csv,ok,335,13,2,modified_speed,2,modified_speed,1.0,True,0.32646119594573975,0.8831877708435059,0.1390499770641327,1.0,0.05970592424273491,
poison/poisceb/datapoiscebseq/poisspd_ceb_3edad482.csv,ok,346,14,2,modified_speed,2,modified_speed,0.9964526295661926,True,0.38127198815345764,0.9779056906700134,0.13298553228378296,0.9964526295661926,0.07636800408363342,
poison/poisceb/datapoiscebseq/poisspd_ceb_3edd9c73.csv,ok,303,11,2,modified_speed,2,modified_speed,1.0,True,0.2613448202610016,0.8112762570381165,0.10162898153066635,1.0,0.11395470798015594,
poison/poisceb/datapoiscebseq/poisspd_ceb_3ee31976.csv,ok,470,22,2,modified_speed,2,modified_speed,1.0,True,0.508189857006073,0.9974749684333801,0.4586065113544464,1.0,0.09009142220020294,
poison/poisceb/datapoiscebseq/poisspd_ceb_3ee600ee.csv,ok,369,16,2,modified_speed,2,modified_speed,1.0,True,0.2692476511001587,0.9213886260986328,0.156072735786438,1.0,0.3579462170600891,
poison/poisceb/datapoiscebseq/poisspd_ceb_3ee6c6d1.csv,ok,342,14,2,modified_speed,2,modified_speed,1.0,True,0.3358004093170166,0.9831039309501648,0.07461109757423401,1.0,0.027004308998584747,
poison/poisceb/datapoiscebseq/poisspd_ceb_3ee6fd61.csv,ok,343,14,2,modified_speed,2,modified_speed,1.0,True,0.3986693322658539,0.987092137336731,0.04732010141015053,1.0,0.024821575731039047,
poison/poisceb/datapoiscebseq/poisspd_ceb_3ee762b3.csv,ok,398,17,2,modified_speed,2,modified_speed,1.0,True,0.24365974962711334,0.9568391442298889,0.9606471061706543,1.0,0.17615936696529388,
poison/poisceb/datapoiscebseq/poisspd_ceb_3eeaa2d3.csv,ok,371,16,2,modified_speed,2,modified_speed,1.0,True,0.1475435048341751,0.8772904872894287,0.2753685414791107,1.0,0.8834113478660583,
poison/poisceb/datapoiscebseq/poisspd_ceb_3eee9fa6.csv,ok,366,15,2,modified_speed,2,modified_speed,1.0,True,0.37628301978111267,0.9903852343559265,0.03416313976049423,1.0,0.042811449617147446,
poison/poisceb/datapoiscebseq/poisspd_ceb_3eefc093.csv,ok,322,13,2,modified_speed,2,modified_speed,1.0,True,0.4185497462749481,0.985098123550415,0.13780152797698975,1.0,0.07306434959173203,
poison/poisceb/datapoiscebseq/poisspd_ceb_3ef274f9.csv,ok,340,14,2,modified_speed,2,modified_speed,1.0,True,0.38286644220352173,0.9718424677848816,0.08206181228160858,1.0,0.08156338334083557,
poison/poisceb/datapoiscebseq/poisspd_ceb_3ef2a84a.csv,ok,311,12,2,modified_speed,2,modified_speed,1.0,True,0.24411247670650482,0.9823302030563354,0.019167445600032806,1.0,0.018870072439312935,
poison/poisceb/datapoiscebseq/poisspd_ceb_3f031544.csv,ok,290,11,2,modified_speed,2,modified_speed,1.0,True,0.33985045552253723,0.9777464866638184,0.081242635846138,1.0,0.014538048766553402,
poison/poisceb/datapoiscebseq/poisspd_ceb_3f058428.csv,ok,322,13,2,modified_speed,2,modified_speed,1.0,True,0.195344939827919,0.8747450709342957,0.07252214103937149,1.0,0.046782560646533966,
poison/poisceb/datapoiscebseq/poisspd_ceb_3f05b121.csv,ok,310,12,2,modified_speed,2,modified_speed,1.0,True,0.3414463996887207,0.9697400331497192,0.13408783078193665,1.0,0.2444530576467514,
poison/poisceb/datapoiscebseq/poisspd_ceb_3f068856.csv,ok,321,13,2,modified_speed,2,modified_speed,1.0,True,0.06499219685792923,0.7667540907859802,0.17180728912353516,1.0,0.11640278249979019,
poison/poisceb/datapoiscebseq/poisspd_ceb_3f07d673.csv,ok,312,12,2,modified_speed,2,modified_speed,1.0,True,0.3130685091018677,0.9727111458778381,0.055455755442380905,1.0,0.021895792335271835,
poison/poisceb/datapoiscebseq/poisspd_ceb_3f0abaf5.csv,ok,329,13,2,modified_speed,2,modified_speed,0.9975848197937012,True,0.3449115753173828,0.9855676889419556,0.05150006711483002,0.9975848197937012,0.10712096840143204,
poison/poisceb/datapoiscebseq/poisspd_ceb_3f0ac143.csv,ok,310,12,2,modified_speed,0,authentic,0.9807844161987305,False,0.3195631802082062,0.9807844161987305,0.33024901151657104,0.9270439147949219,0.19296765327453613,
poison/poisceb/datapoiscebseq/poisspd_ceb_3f0e156d.csv,ok,309,12,2,modified_speed,2,modified_speed,0.9999979734420776,True,0.3648519814014435,0.9197741746902466,0.3430880904197693,0.9999979734420776,0.05242975056171417,
poison/poisceb/datapoiscebseq/poisspd_ceb_3f11191c.csv,ok,331,13,2,modified_speed,2,modified_speed,0.9999597072601318,True,0.4076839089393616,0.9347575902938843,0.06511972099542618,0.9999597072601318,0.21564951539039612,
poison/poisceb/datapoiscebseq/poisspd_ceb_3f115f15.csv,ok,346,14,2,modified_speed,2,modified_speed,0.9939829707145691,True,0.41292810440063477,0.9937244653701782,0.0501195564866066,0.9939829707145691,0.05810871720314026,
poison/poisceb/datapoiscebseq/poisspd_ceb_3f11b153.csv,ok,333,13,2,modified_speed,2,modified_speed,1.0,True,0.42027509212493896,0.9770650267601013,0.08021113276481628,1.0,0.05598248913884163,
poison/poisceb/datapoiscebseq/poisspd_ceb_3f128481.csv,ok,301,11,2,modified_speed,2,modified_speed,1.0,True,0.0729130432009697,0.8020434975624084,0.12288176268339157,1.0,0.061314020305871964,
poison/poisceb/datapoiscebseq/poisspd_ceb_3f1417b4.csv,ok,339,14,2,modified_speed,2,modified_speed,1.0,True,0.39554092288017273,0.994580090045929,0.04457541182637215,1.0,0.05799511447548866,
poison/poisceb/datapoiscebseq/poisspd_ceb_3f18588d.csv,ok,316,12,2,modified_speed,2,modified_speed,0.9999998807907104,True,0.378600150346756,0.9830280542373657,0.09072894603013992,0.9999998807907104,0.5151547789573669,
poison/poisceb/datapoiscebseq/poisspd_ceb_3f1e0122.csv,ok,377,16,2,modified_speed,2,modified_speed,1.0,True,0.4328187108039856,0.9581021666526794,0.3995473086833954,1.0,0.220879465341568,
poison/poisceb/datapoiscebseq/poisspd_ceb_3f22920a.csv,ok,383,16,2,modified_speed,2,modified_speed,1.0,True,0.4278348684310913,0.996130108833313,0.02189190872013569,1.0,0.9769919514656067,
poison/poisceb/datapoiscebseq/poisspd_ceb_3f231894.csv,ok,358,15,2,modified_speed,2,modified_speed,0.9980946779251099,True,0.46560123562812805,0.9885927438735962,0.09574314951896667,0.9980946779251099,0.10051784664392471,
poison/poisceb/datapoiscebseq/poisspd_ceb_3f26b79d.csv,ok,359,15,2,modified_speed,2,modified_speed,1.0,True,0.36016008257865906,0.9461562633514404,0.1138431504368782,1.0,0.03970831632614136,
poison/poisceb/datapoiscebseq/poisspd_ceb_3f27383d.csv,ok,377,16,2,modified_speed,2,modified_speed,1.0,True,0.4150753617286682,0.9935849905014038,0.03668370470404625,1.0,0.15233510732650757,
poison/poisceb/datapoiscebseq/poisspd_ceb_3f281d76.csv,ok,316,12,2,modified_speed,2,modified_speed,0.9990085363388062,True,0.40008965134620667,0.8086972832679749,0.1802733838558197,0.9990085363388062,0.07893270254135132,
poison/poisceb/datapoiscebseq/poisspd_ceb_3f2df8d5.csv,ok,318,12,2,modified_speed,2,modified_speed,1.0,True,0.15321876108646393,0.9501476287841797,0.024057546630501747,1.0,0.07484864443540573,
poison/poisceb/datapoiscebseq/poisspd_ceb_3f2e5138.csv,ok,307,12,2,modified_speed,2,modified_speed,1.0,True,0.4516472816467285,0.9784213304519653,0.09240185469388962,1.0,0.05324171856045723,
poison/poisceb/datapoiscebseq/poisspd_ceb_3f2f870b.csv,ok,317,12,2,modified_speed,2,modified_speed,1.0,True,0.39260122179985046,0.9932608604431152,0.06074807420372963,1.0,0.038740914314985275,
poison/poisceb/datapoiscebseq/poisspd_ceb_3f31991c.csv,ok,333,13,2,modified_speed,2,modified_speed,1.0,True,0.16123072803020477,0.9492276906967163,0.3340900242328644,1.0,0.49970126152038574,
poison/poisceb/datapoiscebseq/poisspd_ceb_3f32a47a.csv,ok,325,13,2,modified_speed,2,modified_speed,1.0,True,0.4301499128341675,0.9863358736038208,0.0700710192322731,1.0,0.07031948864459991,
poison/poisceb/datapoiscebseq/poisspd_ceb_3f33f0af.csv,ok,319,12,2,modified_speed,2,modified_speed,0.9862440228462219,True,0.41650256514549255,0.9005178213119507,0.5187808275222778,0.9862440228462219,0.1453099250793457,
poison/poisceb/datapoiscebseq/poisspd_ceb_3f350a36.csv,ok,347,14,2,modified_speed,2,modified_speed,1.0,True,0.3425758481025696,0.9913643002510071,0.03781135380268097,1.0,0.0418962724506855,
poison/poisceb/datapoiscebseq/poisspd_ceb_3f36961f.csv,ok,355,15,2,modified_speed,2,modified_speed,0.9999979734420776,True,0.371298611164093,0.9720314145088196,0.3446893095970154,0.9999979734420776,0.40223708748817444,
poison/poisceb/datapoiscebseq/poisspd_ceb_3f38c5e9.csv,ok,292,11,2,modified_speed,2,modified_speed,0.9993371963500977,True,0.46781209111213684,0.9509105682373047,0.15947356820106506,0.9993371963500977,0.2364359200000763,
poison/poisceb/datapoiscebseq/poisspd_ceb_3f39f085.csv,ok,310,12,2,modified_speed,2,modified_speed,0.9999977350234985,True,0.23687641322612762,0.8417089581489563,0.3585556447505951,0.9999977350234985,0.1947186142206192,
poison/poisceb/datapoiscebseq/poisspd_ceb_3f3a089b.csv,ok,337,14,2,modified_speed,2,modified_speed,0.9988179802894592,True,0.4650162160396576,0.9804589748382568,0.08161281049251556,0.9988179802894592,0.1990562379360199,
poison/poisceb/datapoiscebseq/poisspd_ceb_3f3b17b4.csv,ok,319,12,2,modified_speed,2,modified_speed,1.0,True,0.5616641044616699,0.9943013191223145,0.06070311740040779,1.0,0.028169136494398117,
poison/poisceb/datapoiscebseq/poisspd_ceb_3f3c5f7a.csv,ok,279,10,2,modified_speed,2,modified_speed,0.9999674558639526,True,0.3335784375667572,0.9052722454071045,0.19715940952301025,0.9999674558639526,0.0850948840379715,
poison/poisceb/datapoiscebseq/poisspd_ceb_3f3cafab.csv,ok,318,12,2,modified_speed,2,modified_speed,1.0,True,0.0797191932797432,0.9542847275733948,0.07051482796669006,1.0,0.1349652260541916,
poison/poisceb/datapoiscebseq/poisspd_ceb_3f3d1e29.csv,ok,328,13,2,modified_speed,2,modified_speed,1.0,True,0.370106965303421,0.9910962581634521,0.04663219302892685,1.0,0.025385983288288116,
poison/poisceb/datapoiscebseq/poisspd_ceb_3f3d31b6.csv,ok,335,13,2,modified_speed,2,modified_speed,1.0,True,0.36507880687713623,0.9850963950157166,0.07339571416378021,1.0,0.02183515392243862,
poison/poisceb/datapoiscebseq/poisspd_ceb_3f3dbc16.csv,ok,347,14,2,modified_speed,2,modified_speed,1.0,True,0.25942543148994446,0.8924109935760498,0.3696282207965851,1.0,0.06474859267473221,
poison/poisceb/datapoiscebseq/poisspd_ceb_3f3ec2d5.csv,ok,441,20,2,modified_speed,2,modified_speed,0.998996913433075,True,0.5854871869087219,0.9952202439308167,0.13211610913276672,0.998996913433075,0.29048195481300354,
poison/poisceb/datapoiscebseq/poisspd_ceb_3f41083f.csv,ok,326,13,2,modified_speed,2,modified_speed,1.0,True,0.29191339015960693,0.9813340306282043,0.03175809606909752,1.0,0.019448330625891685,
poison/poisceb/datapoiscebseq/poisspd_ceb_3f418d21.csv,ok,326,13,2,modified_speed,2,modified_speed,0.9999651312828064,True,0.30990341305732727,0.9702624082565308,0.23490417003631592,0.9999651312828064,0.22772300243377686,
poison/poisceb/datapoiscebseq/poisspd_ceb_3f429596.csv,ok,368,16,2,modified_speed,3,modified_position,0.9908466935157776,False,0.4378964900970459,0.9824357032775879,0.14392539858818054,0.8464584350585938,0.9908466935157776,
poison/poisceb/datapoiscebseq/poisspd_ceb_3f433bd0.csv,ok,365,15,2,modified_speed,2,modified_speed,1.0,True,0.4287109375,0.9877724051475525,0.06806915253400803,1.0,0.041045788675546646,
poison/poisceb/datapoiscebseq/poisspd_ceb_3f459476.csv,ok,318,12,2,modified_speed,2,modified_speed,1.0,True,0.3197636306285858,0.9839081168174744,0.03879943862557411,1.0,0.012563077732920647,
poison/poisceb/datapoiscebseq/poisspd_ceb_3f45cc56.csv,ok,351,14,2,modified_speed,2,modified_speed,1.0,True,0.38837191462516785,0.9708496332168579,0.08972252905368805,1.0,0.09859859198331833,
poison/poisceb/datapoiscebseq/poisspd_ceb_3f46b29e.csv,ok,333,13,2,modified_speed,2,modified_speed,0.9910116791725159,True,0.3647308945655823,0.9839372038841248,0.08631755411624908,0.9910116791725159,0.13958577811717987,
poison/poisceb/datapoiscebseq/poisspd_ceb_3f4abe0e.csv,ok,317,12,2,modified_speed,2,modified_speed,0.9999992847442627,True,0.25377288460731506,0.9549499750137329,0.21042609214782715,0.9999992847442627,0.16089078783988953,
poison/poisceb/datapoiscebseq/poisspd_ceb_3f4aeb9f.csv,ok,366,15,2,modified_speed,2,modified_speed,1.0,True,0.4352002739906311,0.9777892827987671,0.07989711314439774,1.0,0.05028387904167175,
poison/poisceb/datapoiscebseq/poisspd_ceb_3f4b104b.csv,ok,352,15,2,modified_speed,2,modified_speed,0.9999991655349731,True,0.43951308727264404,0.9573526382446289,0.02901432290673256,0.9999991655349731,0.026313791051506996,
poison/poisceb/datapoiscebseq/poisspd_ceb_3f4c3f9f.csv,ok,310,12,2,modified_speed,2,modified_speed,0.9999871253967285,True,0.4862023591995239,0.9943298697471619,0.04433072730898857,0.9999871253967285,0.011520856991410255,
poison/poisceb/datapoiscebseq/poisspd_ceb_3f4df259.csv,ok,327,13,2,modified_speed,2,modified_speed,1.0,True,0.4206483066082001,0.962859034538269,0.2115742266178131,1.0,0.15275785326957703,
poison/poisceb/datapoiscebseq/poisspd_ceb_3f4e3ac2.csv,ok,443,20,2,modified_speed,2,modified_speed,1.0,True,0.6132959127426147,0.997043251991272,0.1191144660115242,1.0,0.06436575949192047,
poison/poisceb/datapoiscebseq/poisspd_ceb_3f4e80cb.csv,ok,338,14,2,modified_speed,2,modified_speed,1.0,True,0.48845043778419495,0.9492073655128479,0.14383026957511902,1.0,0.07551208883523941,
poison/poisceb/datapoiscebseq/poisspd_ceb_3f4e9a29.csv,ok,320,13,2,modified_speed,2,modified_speed,1.0,True,0.06360150873661041,0.8095498085021973,0.21434591710567474,1.0,0.2529723644256592,
poison/poisceb/datapoiscebseq/poisspd_ceb_3f51abcf.csv,ok,308,12,2,modified_speed,2,modified_speed,1.0,True,0.39544346928596497,0.974092960357666,0.03187976032495499,1.0,0.013890420086681843,
poison/poisceb/datapoiscebseq/poisspd_ceb_3f52f115.csv,ok,345,14,2,modified_speed,2,modified_speed,0.9999442100524902,True,0.5032055974006653,0.9757632613182068,0.16236723959445953,0.9999442100524902,0.10097304731607437,
poison/poisceb/datapoiscebseq/poisspd_ceb_3f55ad21.csv,ok,356,15,2,modified_speed,2,modified_speed,1.0,True,0.37356239557266235,0.993614137172699,0.031226174905896187,1.0,0.0345422700047493,
poison/poisceb/datapoiscebseq/poisspd_ceb_3f57127d.csv,ok,333,13,2,modified_speed,2,modified_speed,1.0,True,0.1422596275806427,0.9801701903343201,0.09022539854049683,1.0,0.08919429033994675,
poison/poisceb/datapoiscebseq/poisspd_ceb_3f572275.csv,ok,325,13,2,modified_speed,2,modified_speed,1.0,True,0.43743422627449036,0.9877956509590149,0.06287216395139694,1.0,0.04583781212568283,
poison/poisceb/datapoiscebseq/poisspd_ceb_3f59d8c9.csv,ok,316,12,2,modified_speed,2,modified_speed,1.0,True,0.318213552236557,0.9872760772705078,0.051729317754507065,1.0,0.02305295318365097,
poison/poisceb/datapoiscebseq/poisspd_ceb_3f5a96cf.csv,ok,339,14,2,modified_speed,2,modified_speed,0.9999998807907104,True,0.4031950831413269,0.9794219732284546,0.05210576206445694,0.9999998807907104,0.03352661803364754,
poison/poisceb/datapoiscebseq/poisspd_ceb_3f5b502c.csv,ok,358,15,2,modified_speed,2,modified_speed,0.9994803071022034,True,0.3691006302833557,0.9929579496383667,0.44331327080726624,0.9994803071022034,0.08944007754325867,
poison/poisceb/datapoiscebseq/poisspd_ceb_3f5e1f63.csv,ok,321,13,2,modified_speed,2,modified_speed,1.0,True,0.3605898320674896,0.9846099615097046,0.06333843618631363,1.0,0.04432305321097374,
poison/poisceb/datapoiscebseq/poisspd_ceb_3f5e9e03.csv,ok,226,7,2,modified_speed,2,modified_speed,1.0,True,9.540508617540019e-17,6.678356098452462e-16,1.622896661501727e-08,1.0,3.128398651242037e-09,
poison/poisceb/datapoiscebseq/poisspd_ceb_3f5fbcb9.csv,ok,319,12,2,modified_speed,2,modified_speed,0.9977412223815918,True,0.389153391122818,0.9088529944419861,0.1070806235074997,0.9977412223815918,0.20716826617717743,
poison/poisceb/datapoiscebseq/poisspd_ceb_3f604139.csv,ok,362,15,2,modified_speed,2,modified_speed,0.9999957084655762,True,0.41817525029182434,0.9576970934867859,0.06572911143302917,0.9999957084655762,0.0780845358967781,
poison/poisceb/datapoiscebseq/poisspd_ceb_3f627ce5.csv,ok,356,15,2,modified_speed,2,modified_speed,1.0,True,0.37493911385536194,0.9936432838439941,0.06471571326255798,1.0,0.05768026411533356,
poison/poisceb/datapoiscebseq/poisspd_ceb_3f66ac52.csv,ok,311,12,2,modified_speed,2,modified_speed,1.0,True,0.3254755437374115,0.9918789863586426,0.02342481166124344,1.0,0.005600118078291416,
poison/poisceb/datapoiscebseq/poisspd_ceb_3f66e29b.csv,ok,378,16,2,modified_speed,2,modified_speed,1.0,True,0.2766421437263489,0.9255985021591187,0.06675267219543457,1.0,0.027950357645750046,
poison/poisceb/datapoiscebseq/poisspd_ceb_3f696728.csv,ok,306,12,2,modified_speed,2,modified_speed,1.0,True,0.22889383137226105,0.8488038182258606,0.11323387175798416,1.0,0.1825534701347351,
poison/poisceb/datapoiscebseq/poisspd_ceb_3f69dc6c.csv,ok,314,12,2,modified_speed,2,modified_speed,1.0,True,0.3229936361312866,0.9861621856689453,0.03659624978899956,1.0,0.013167006894946098,
poison/poisceb/datapoiscebseq/poisspd_ceb_3f6a8c81.csv,ok,353,15,2,modified_speed,2,modified_speed,1.0,True,0.36857762932777405,0.9598735570907593,0.02793758176267147,1.0,0.11233404278755188,
poison/poisceb/datapoiscebseq/poisspd_ceb_3f6b7a50.csv,ok,275,10,2,modified_speed,2,modified_speed,1.0,True,0.32946330308914185,0.9713442921638489,0.17570021748542786,1.0,0.12478452920913696,
poison/poisceb/datapoiscebseq/poisspd_ceb_3f6c81f9.csv,ok,307,12,2,modified_speed,2,modified_speed,1.0,True,0.21726341545581818,0.986454427242279,0.050268352031707764,1.0,0.09054221212863922,
poison/poisceb/datapoiscebseq/poisspd_ceb_3f6e2201.csv,ok,345,14,2,modified_speed,2,modified_speed,1.0,True,0.40451619029045105,0.9918594360351562,0.05843435600399971,1.0,0.033585548400878906,
poison/poisceb/datapoiscebseq/poisspd_ceb_3f6eb604.csv,ok,391,17,2,modified_speed,3,modified_position,0.9920058846473694,False,0.3658282458782196,0.9227590560913086,0.26808932423591614,0.8166462779045105,0.9920058846473694,
poison/poisceb/datapoiscebseq/poisspd_ceb_3f6eccae.csv,ok,349,14,2,modified_speed,2,modified_speed,1.0,True,0.4145200252532959,0.9483518004417419,0.18857528269290924,1.0,0.15065278112888336,
poison/poisceb/datapoiscebseq/poisspd_ceb_3f716810.csv,ok,279,10,2,modified_speed,2,modified_speed,0.9997325539588928,True,0.3033599853515625,0.8747937083244324,0.1424463391304016,0.9997325539588928,0.12113601714372635,
poison/poisceb/datapoiscebseq/poisspd_ceb_3f719644.csv,ok,315,12,2,modified_speed,2,modified_speed,0.9993615746498108,True,0.5455244779586792,0.882776141166687,0.44393816590309143,0.9993615746498108,0.1542244553565979,
poison/poisceb/datapoiscebseq/poisspd_ceb_3f71ab4b.csv,ok,291,11,2,modified_speed,0,authentic,0.9233001470565796,False,0.5308016538619995,0.9233001470565796,0.23459526896476746,0.8915412425994873,0.31317615509033203,
poison/poisceb/datapoiscebseq/poisspd_ceb_3f729c4e.csv,ok,551,27,2,modified_speed,2,modified_speed,0.9960625171661377,True,0.6110108494758606,0.9901409149169922,0.3310849070549011,0.9960625171661377,0.9051393270492554,
poison/poisceb/datapoiscebseq/poisspd_ceb_3f72a6e6.csv,ok,537,26,2,modified_speed,2,modified_speed,0.9992949366569519,True,0.5326073169708252,0.9759905338287354,0.3484708070755005,0.9992949366569519,0.22100158035755157,
poison/poisceb/datapoiscebseq/poisspd_ceb_3f759f46.csv,ok,339,14,2,modified_speed,2,modified_speed,0.9999998807907104,True,0.39542871713638306,0.9889962673187256,0.05034615099430084,0.9999998807907104,0.45090460777282715,
poison/poisceb/datapoiscebseq/poisspd_ceb_3f75e508.csv,ok,323,13,2,modified_speed,2,modified_speed,1.0,True,0.3635854423046112,0.9885753989219666,0.051666151732206345,1.0,0.042395856231451035,
poison/poisceb/datapoiscebseq/poisspd_ceb_3f7731ae.csv,ok,330,13,2,modified_speed,2,modified_speed,0.9980736970901489,True,0.4320227801799774,0.9938476085662842,0.06966995447874069,0.9980736970901489,0.14031054079532623,
poison/poisceb/datapoiscebseq/poisspd_ceb_3f785fc2.csv,ok,370,16,2,modified_speed,2,modified_speed,1.0,True,0.12056828290224075,0.7529603242874146,0.3452422618865967,1.0,0.24929556250572205,
poison/poisceb/datapoiscebseq/poisspd_ceb_3f7cdc38.csv,ok,271,9,2,modified_speed,2,modified_speed,0.9999988079071045,True,0.19847553968429565,0.9297862648963928,0.4585702419281006,0.9999988079071045,0.09512443095445633,
poison/poisceb/datapoiscebseq/poisspd_ceb_3f7ceed2.csv,ok,315,12,2,modified_speed,2,modified_speed,0.9989134073257446,True,0.3287768065929413,0.9877952933311462,0.28721287846565247,0.9989134073257446,0.9864185452461243,
poison/poisceb/datapoiscebseq/poisspd_ceb_3f7d8e86.csv,ok,335,13,2,modified_speed,2,modified_speed,1.0,True,0.1306605339050293,0.7203817367553711,0.07973737269639969,1.0,0.1298612803220749,
poison/poisceb/datapoiscebseq/poisspd_ceb_3f7db5a0.csv,ok,320,13,2,modified_speed,2,modified_speed,0.9893969893455505,True,0.5360375642776489,0.988278865814209,0.10823667049407959,0.9893969893455505,0.7972171902656555,
poison/poisceb/datapoiscebseq/poisspd_ceb_3f80bed0.csv,ok,329,13,2,modified_speed,2,modified_speed,1.0,True,0.31560903787612915,0.9009376764297485,0.11492013186216354,1.0,0.055588189512491226,
poison/poisceb/datapoiscebseq/poisspd_ceb_3f80ee7e.csv,ok,365,15,2,modified_speed,2,modified_speed,1.0,True,0.47637277841567993,0.9893267154693604,0.2211899757385254,1.0,0.12602326273918152,
poison/poisceb/datapoiscebseq/poisspd_ceb_3f8149db.csv,ok,309,12,2,modified_speed,2,modified_speed,1.0,True,0.40152111649513245,0.9875427484512329,0.04599582776427269,1.0,0.021221699193120003,
poison/poisceb/datapoiscebseq/poisspd_ceb_3f82ea74.csv,ok,378,16,2,modified_speed,2,modified_speed,0.9895375370979309,True,0.4270856976509094,0.9856418967247009,0.2174529880285263,0.9895375370979309,0.2745794653892517,
