csv_path,status,rows,window_count,true_label,true_label_name,predicted_label,predicted_label_name,score,decision_scope,decision_reason,decision_window_count,attack_window_count,attack_window_fraction,correct_if_labeled,authentic_score_mean,authentic_score_max,modified_altitude_score_max,modified_speed_score_max,modified_position_score_max,all_authentic_score_max,all_modified_altitude_score_max,all_modified_speed_score_max,all_modified_position_score_max,error
poison/poispps/datapoisppsseq/poisalt_pps_3e3a56df.csv,ok,341,14,1,modified_altitude,1,modified_altitude,0.6257420778274536,all_windows,qualified_attack_window,14,7,0.5,True,0.4405626952648163,0.977386474609375,0.6257420778274536,0.5675685405731201,0.10097657889127731,0.977386474609375,0.6257420778274536,0.5675685405731201,0.10097657889127731,
poison/poispps/datapoisppsseq/poisalt_pps_3e3d62fc.csv,ok,399,17,1,modified_altitude,1,modified_altitude,0.9999749064445496,all_windows,qualified_attack_window,17,8,0.47058823529411764,True,0.4319126307964325,0.9500221610069275,0.9999749064445496,0.3241522014141083,0.03613463044166565,0.9500221610069275,0.9999749064445496,0.3241522014141083,0.03613463044166565,
poison/poispps/datapoisppsseq/poisalt_pps_3e3e764c.csv,ok,387,17,1,modified_altitude,1,modified_altitude,0.9788354635238647,all_windows,qualified_attack_window,17,7,0.4117647058823529,True,0.5290955305099487,0.9782705307006836,0.9788354635238647,0.1289275735616684,0.05098102241754532,0.9782705307006836,0.9788354635238647,0.1289275735616684,0.05098102241754532,
poison/poispps/datapoisppsseq/poisalt_pps_3e47d351.csv,ok,453,21,1,modified_altitude,1,modified_altitude,0.9999637007713318,all_windows,qualified_attack_window,21,10,0.47619047619047616,True,0.5076759457588196,0.9947794079780579,0.9999637007713318,0.13601845502853394,0.020664235576987267,0.9947794079780579,0.9999637007713318,0.13601845502853394,0.020664235576987267,
poison/poispps/datapoisppsseq/poisalt_pps_3e4f2065.csv,ok,261,9,1,modified_altitude,1,modified_altitude,0.9808887243270874,all_windows,qualified_attack_window,9,5,0.5555555555555556,True,0.37884604930877686,0.8462399840354919,0.9808887243270874,0.10036109387874603,0.08934333920478821,0.8462399840354919,0.9808887243270874,0.10036109387874603,0.08934333920478821,
poison/poispps/datapoisppsseq/poisalt_pps_3e511fac.csv,ok,298,11,1,modified_altitude,1,modified_altitude,0.9995145797729492,all_windows,qualified_attack_window,11,9,0.8181818181818182,True,0.17768865823745728,0.9893251061439514,0.9995145797729492,0.09124618023633957,0.00980282947421074,0.9893251061439514,0.9995145797729492,0.09124618023633957,0.00980282947421074,
poison/poispps/datapoisppsseq/poisalt_pps_3e5468f7.csv,ok,618,31,1,modified_altitude,1,modified_altitude,0.934118390083313,all_windows,qualified_attack_window,31,7,0.22580645161290322,True,0.7152498960494995,0.9626703858375549,0.934118390083313,0.27288612723350525,0.04612741246819496,0.9626703858375549,0.934118390083313,0.27288612723350525,0.04612741246819496,
poison/poispps/datapoisppsseq/poisalt_pps_3e54a0d8.csv,ok,364,15,1,modified_altitude,1,modified_altitude,0.9977693557739258,all_windows,qualified_attack_window,15,8,0.5333333333333333,True,0.4438769519329071,0.9875507354736328,0.9977693557739258,0.3900844156742096,0.008363346569240093,0.9875507354736328,0.9977693557739258,0.3900844156742096,0.008363346569240093,
poison/poispps/datapoisppsseq/poisalt_pps_3e56e862.csv,ok,272,10,1,modified_altitude,1,modified_altitude,0.9500906467437744,all_windows,qualified_attack_window,10,7,0.7,True,0.29299119114875793,0.9889743328094482,0.9500906467437744,0.20414939522743225,0.008328597992658615,0.9889743328094482,0.9500906467437744,0.20414939522743225,0.008328597992658615,
poison/poispps/datapoisppsseq/poisalt_pps_3e58bd01.csv,ok,538,26,1,modified_altitude,1,modified_altitude,0.977109432220459,all_windows,qualified_attack_window,26,6,0.23076923076923078,True,0.681605339050293,0.997657299041748,0.977109432220459,0.10516130924224854,0.3838180601596832,0.997657299041748,0.977109432220459,0.10516130924224854,0.3838180601596832,
poison/poispps/datapoisppsseq/poisalt_pps_3e5d58c6.csv,ok,301,11,1,modified_altitude,1,modified_altitude,0.9830661416053772,all_windows,qualified_attack_window,11,8,0.7272727272727273,True,0.26232507824897766,0.9788886904716492,0.9830661416053772,0.2169475257396698,0.027750087901949883,0.9788886904716492,0.9830661416053772,0.2169475257396698,0.027750087901949883,
poison/poispps/datapoisppsseq/poisalt_pps_3e626c7b.csv,ok,281,10,1,modified_altitude,1,modified_altitude,0.9999803900718689,all_windows,qualified_attack_window,10,7,0.7,True,0.28890281915664673,0.9774104952812195,0.9999803900718689,0.012025549076497555,0.01647821068763733,0.9774104952812195,0.9999803900718689,0.012025549076497555,0.01647821068763733,
poison/poispps/datapoisppsseq/poisalt_pps_3e6850ee.csv,ok,292,11,1,modified_altitude,1,modified_altitude,0.8805277347564697,all_windows,qualified_attack_window,11,5,0.45454545454545453,True,0.4808497130870819,0.9627873301506042,0.8805277347564697,0.20570793747901917,0.11004500091075897,0.9627873301506042,0.8805277347564697,0.20570793747901917,0.11004500091075897,
poison/poispps/datapoisppsseq/poisalt_pps_3e68c61a.csv,ok,455,21,1,modified_altitude,1,modified_altitude,0.9999988079071045,all_windows,qualified_attack_window,21,8,0.38095238095238093,True,0.5872227549552917,0.9857268929481506,0.9999988079071045,0.03248501196503639,0.08205853402614594,0.9857268929481506,0.9999988079071045,0.03248501196503639,0.08205853402614594,
poison/poispps/datapoisppsseq/poisalt_pps_3e68fe2b.csv,ok,390,17,1,modified_altitude,1,modified_altitude,0.9943906664848328,all_windows,qualified_attack_window,17,8,0.47058823529411764,True,0.5129990577697754,0.9806631207466125,0.9943906664848328,0.05061982199549675,0.018149172887206078,0.9806631207466125,0.9943906664848328,0.05061982199549675,0.018149172887206078,
poison/poispps/datapoisppsseq/poisalt_pps_3e6a9fd2.csv,ok,435,20,1,modified_altitude,1,modified_altitude,0.9999846816062927,all_windows,qualified_attack_window,20,9,0.45,True,0.5312541723251343,0.9936164617538452,0.9999846816062927,0.022915327921509743,0.08214035630226135,0.9936164617538452,0.9999846816062927,0.022915327921509743,0.08214035630226135,
poison/poispps/datapoisppsseq/poisalt_pps_3e6d76dc.csv,ok,366,15,1,modified_altitude,1,modified_altitude,0.9996578097343445,all_windows,qualified_attack_window,15,8,0.5333333333333333,True,0.42637112736701965,0.9694721698760986,0.9996578097343445,0.0336570143699646,0.07903770357370377,0.9694721698760986,0.9996578097343445,0.0336570143699646,0.07903770357370377,
poison/poispps/datapoisppsseq/poisalt_pps_3e7390c7.csv,ok,489,23,1,modified_altitude,1,modified_altitude,0.9959363341331482,all_windows,qualified_attack_window,23,8,0.34782608695652173,True,0.6400441527366638,0.9967993497848511,0.9959363341331482,0.10267730057239532,0.0654805600643158,0.9967993497848511,0.9959363341331482,0.10267730057239532,0.0654805600643158,
poison/poispps/datapoisppsseq/poisalt_pps_3e74e618.csv,ok,479,22,1,modified_altitude,1,modified_altitude,0.9013170003890991,all_windows,qualified_attack_window,22,7,0.3181818181818182,True,0.6663867235183716,0.9940707087516785,0.9013170003890991,0.3069855272769928,0.020902348682284355,0.9940707087516785,0.9013170003890991,0.3069855272769928,0.020902348682284355,
poison/poispps/datapoisppsseq/poisalt_pps_3e7fed81.csv,ok,329,13,1,modified_altitude,1,modified_altitude,0.9999991655349731,all_windows,qualified_attack_window,13,10,0.7692307692307693,True,0.22111424803733826,0.9791414737701416,0.9999991655349731,0.9301047325134277,0.026568176224827766,0.9791414737701416,0.9999991655349731,0.9301047325134277,0.026568176224827766,
poison/poispps/datapoisppsseq/poisalt_pps_3e82b0f2.csv,ok,316,12,1,modified_altitude,1,modified_altitude,0.9999834895133972,all_windows,qualified_attack_window,12,7,0.5833333333333334,True,0.39759162068367004,0.9815180897712708,0.9999834895133972,0.0250033400952816,0.02517269365489483,0.9815180897712708,0.9999834895133972,0.0250033400952816,0.02517269365489483,
poison/poispps/datapoisppsseq/poisalt_pps_3e86cbf8.csv,ok,269,9,1,modified_altitude,1,modified_altitude,0.9999997615814209,all_windows,qualified_attack_window,9,8,0.8888888888888888,True,0.10650768131017685,0.9585691094398499,0.9999997615814209,0.010676659643650055,0.014151770621538162,0.9585691094398499,0.9999997615814209,0.010676659643650055,0.014151770621538162,
poison/poispps/datapoisppsseq/poisalt_pps_3e881e55.csv,ok,275,10,1,modified_altitude,1,modified_altitude,0.9773065447807312,all_windows,qualified_attack_window,10,7,0.7,True,0.26799213886260986,0.9801320433616638,0.9773065447807312,0.09489738196134567,0.3246537148952484,0.9801320433616638,0.9773065447807312,0.09489738196134567,0.3246537148952484,
poison/poispps/datapoisppsseq/poisalt_pps_3e8af529.csv,ok,317,12,1,modified_altitude,1,modified_altitude,0.9998450875282288,all_windows,qualified_attack_window,12,8,0.6666666666666666,True,0.3252948522567749,0.9998558163642883,0.9998450875282288,0.26976677775382996,0.04447995871305466,0.9998558163642883,0.9998450875282288,0.26976677775382996,0.04447995871305466,
poison/poispps/datapoisppsseq/poisalt_pps_3e8b84a2.csv,ok,436,20,1,modified_altitude,1,modified_altitude,0.9999120831489563,all_windows,qualified_attack_window,20,7,0.35,True,0.6262099146842957,0.987675130367279,0.9999120831489563,0.024269569665193558,0.04053659737110138,0.987675130367279,0.9999120831489563,0.024269569665193558,0.04053659737110138,
poison/poispps/datapoisppsseq/poisalt_pps_3e8e6711.csv,ok,306,12,1,modified_altitude,1,modified_altitude,0.9993720650672913,all_windows,qualified_attack_window,12,8,0.6666666666666666,True,0.3211615979671478,0.9806668162345886,0.9993720650672913,0.012595964595675468,0.02564959041774273,0.9806668162345886,0.9993720650672913,0.012595964595675468,0.02564959041774273,
poison/poispps/datapoisppsseq/poisalt_pps_3e96ab36.csv,ok,413,18,1,modified_altitude,1,modified_altitude,0.9991695284843445,all_windows,qualified_attack_window,18,8,0.4444444444444444,True,0.510093092918396,0.989107072353363,0.9991695284843445,0.08317097276449203,0.06945949047803879,0.989107072353363,0.9991695284843445,0.08317097276449203,0.06945949047803879,
poison/poispps/datapoisppsseq/poisalt_pps_3e9ac6c9.csv,ok,269,9,1,modified_altitude,1,modified_altitude,0.9978628158569336,all_windows,qualified_attack_window,9,7,0.7777777777777778,True,0.20687571167945862,0.8637043833732605,0.9978628158569336,0.11383388936519623,0.07848799228668213,0.8637043833732605,0.9978628158569336,0.11383388936519623,0.07848799228668213,
poison/poispps/datapoisppsseq/poisalt_pps_3eafacef.csv,ok,291,11,1,modified_altitude,1,modified_altitude,0.9995208978652954,all_windows,qualified_attack_window,11,8,0.7272727272727273,True,0.2566291093826294,0.9670170545578003,0.9995208978652954,0.02334882691502571,0.04035206884145737,0.9670170545578003,0.9995208978652954,0.02334882691502571,0.04035206884145737,
poison/poispps/datapoisppsseq/poisalt_pps_3eb09bc0.csv,ok,424,19,1,modified_altitude,1,modified_altitude,0.9991930723190308,all_windows,qualified_attack_window,19,8,0.42105263157894735,True,0.5506865978240967,0.9924664497375488,0.9991930723190308,0.12491375207901001,0.037538375705480576,0.9924664497375488,0.9991930723190308,0.12491375207901001,0.037538375705480576,
poison/poispps/datapoisppsseq/poisalt_pps_3eb1065d.csv,ok,331,13,1,modified_altitude,1,modified_altitude,0.9958634376525879,all_windows,qualified_attack_window,13,5,0.38461538461538464,True,0.5262007117271423,0.9641939997673035,0.9958634376525879,0.3938991129398346,0.11546914279460907,0.9641939997673035,0.9958634376525879,0.3938991129398346,0.11546914279460907,
poison/poispps/datapoisppsseq/poisalt_pps_3eb144d3.csv,ok,319,12,1,modified_altitude,1,modified_altitude,0.9999992847442627,all_windows,qualified_attack_window,12,8,0.6666666666666666,True,0.3080178499221802,0.9904160499572754,0.9999992847442627,0.023241452872753143,0.06080925464630127,0.9904160499572754,0.9999992847442627,0.023241452872753143,0.06080925464630127,
poison/poispps/datapoisppsseq/poisalt_pps_3eb4b51d.csv,ok,353,15,1,modified_altitude,1,modified_altitude,0.9990406632423401,all_windows,qualified_attack_window,15,7,0.4666666666666667,True,0.49518048763275146,0.9689275026321411,0.9990406632423401,0.12450721859931946,0.10753650963306427,0.9689275026321411,0.9990406632423401,0.12450721859931946,0.10753650963306427,
poison/poispps/datapoisppsseq/poisalt_pps_3eb4c033.csv,ok,327,13,1,modified_altitude,1,modified_altitude,0.9999991655349731,all_windows,qualified_attack_window,13,9,0.6923076923076923,True,0.304205983877182,0.995526134967804,0.9999991655349731,0.06009504571557045,0.005020865239202976,0.995526134967804,0.9999991655349731,0.06009504571557045,0.005020865239202976,
poison/poispps/datapoisppsseq/poisalt_pps_3eb8c0d5.csv,ok,429,19,1,modified_altitude,1,modified_altitude,0.9948177933692932,all_windows,qualified_attack_window,19,7,0.3684210526315789,True,0.5667275786399841,0.9840232729911804,0.9948177933692932,0.1402563452720642,0.0723673552274704,0.9840232729911804,0.9948177933692932,0.1402563452720642,0.0723673552274704,
poison/poispps/datapoisppsseq/poisalt_pps_3ebbb2d4.csv,ok,434,20,1,modified_altitude,1,modified_altitude,0.9999733567237854,all_windows,qualified_attack_window,20,8,0.4,True,0.5707319378852844,0.9897456169128418,0.9999733567237854,0.03736824542284012,0.04465113952755928,0.9897456169128418,0.9999733567237854,0.03736824542284012,0.04465113952755928,
poison/poispps/datapoisppsseq/poisalt_pps_3ebbed5a.csv,ok,382,16,1,modified_altitude,1,modified_altitude,0.9573338031768799,all_windows,qualified_attack_window,16,8,0.5,True,0.46886277198791504,0.9680848121643066,0.9573338031768799,0.1439085304737091,0.038554176688194275,0.9680848121643066,0.9573338031768799,0.1439085304737091,0.038554176688194275,
poison/poispps/datapoisppsseq/poisalt_pps_3ebc63e3.csv,ok,468,22,1,modified_altitude,1,modified_altitude,0.9976716041564941,all_windows,qualified_attack_window,22,7,0.3181818181818182,True,0.6540418267250061,0.993710458278656,0.9976716041564941,0.04681982472538948,0.031055252999067307,0.993710458278656,0.9976716041564941,0.04681982472538948,0.031055252999067307,
poison/poispps/datapoisppsseq/poisalt_pps_3ec01280.csv,ok,412,18,1,modified_altitude,1,modified_altitude,0.9999924898147583,all_windows,qualified_attack_window,18,9,0.5,True,0.4700814485549927,0.9673015475273132,0.9999924898147583,0.029500940814614296,0.06551218032836914,0.9673015475273132,0.9999924898147583,0.029500940814614296,0.06551218032836914,
poison/poispps/datapoisppsseq/poisalt_pps_3ec015d8.csv,ok,429,19,1,modified_altitude,1,modified_altitude,0.9998108148574829,all_windows,qualified_attack_window,19,9,0.47368421052631576,True,0.4915235936641693,0.9800876975059509,0.9998108148574829,0.0430133156478405,0.07842566072940826,0.9800876975059509,0.9998108148574829,0.0430133156478405,0.07842566072940826,
poison/poispps/datapoisppsseq/poisalt_pps_3ec27b98.csv,ok,461,21,1,modified_altitude,1,modified_altitude,0.9999991655349731,all_windows,qualified_attack_window,21,11,0.5238095238095238,True,0.46490606665611267,0.9781695604324341,0.9999991655349731,0.9402750134468079,0.09491603076457977,0.9781695604324341,0.9999991655349731,0.9402750134468079,0.09491603076457977,
poison/poispps/datapoisppsseq/poisalt_pps_3ec6b3c3.csv,ok,358,15,1,modified_altitude,1,modified_altitude,0.9999926090240479,all_windows,qualified_attack_window,15,8,0.5333333333333333,True,0.4384517967700958,0.9802632331848145,0.9999926090240479,0.038226980715990067,0.0719088688492775,0.9802632331848145,0.9999926090240479,0.038226980715990067,0.0719088688492775,
poison/poispps/datapoisppsseq/poisalt_pps_3ec95ad2.csv,ok,255,8,1,modified_altitude,1,modified_altitude,0.9016752243041992,all_windows,qualified_attack_window,8,5,0.625,True,0.33422163128852844,0.936414897441864,0.9016752243041992,0.1916542947292328,0.06389639526605606,0.936414897441864,0.9016752243041992,0.1916542947292328,0.06389639526605606,
poison/poispps/datapoisppsseq/poisalt_pps_3ec9602e.csv,ok,279,10,1,modified_altitude,1,modified_altitude,0.875823438167572,all_windows,qualified_attack_window,10,6,0.6,True,0.40040239691734314,0.925267219543457,0.875823438167572,0.4960232675075531,0.026408597826957703,0.925267219543457,0.875823438167572,0.4960232675075531,0.026408597826957703,
poison/poispps/datapoisppsseq/poisalt_pps_3ecf1d5f.csv,ok,314,12,1,modified_altitude,1,modified_altitude,0.9987846612930298,all_windows,qualified_attack_window,12,8,0.6666666666666666,True,0.32436272501945496,0.9941336512565613,0.9987846612930298,0.04591141641139984,0.013138932175934315,0.9941336512565613,0.9987846612930298,0.04591141641139984,0.013138932175934315,
poison/poispps/datapoisppsseq/poisalt_pps_3edabb6e.csv,ok,445,20,1,modified_altitude,1,modified_altitude,0.9960911273956299,all_windows,qualified_attack_window,20,8,0.4,True,0.5728647112846375,0.9836817979812622,0.9960911273956299,0.03908797726035118,0.07759877294301987,0.9836817979812622,0.9960911273956299,0.03908797726035118,0.07759877294301987,
poison/poispps/datapoisppsseq/poisalt_pps_3edb74ff.csv,ok,476,22,1,modified_altitude,1,modified_altitude,0.9999963045120239,all_windows,qualified_attack_window,22,8,0.36363636363636365,True,0.5958628058433533,0.9833263754844666,0.9999963045120239,0.02883130870759487,0.09540592133998871,0.9833263754844666,0.9999963045120239,0.02883130870759487,0.09540592133998871,
poison/poispps/datapoisppsseq/poisalt_pps_3edf291e.csv,ok,441,20,1,modified_altitude,1,modified_altitude,0.8385757207870483,all_windows,qualified_attack_window,20,8,0.4,True,0.5959432721138,0.9913498163223267,0.8385757207870483,0.22577142715454102,0.06542454659938812,0.9913498163223267,0.8385757207870483,0.22577142715454102,0.06542454659938812,
poison/poispps/datapoisppsseq/poisalt_pps_3ee7b137.csv,ok,263,9,1,modified_altitude,1,modified_altitude,0.9227513074874878,all_windows,qualified_attack_window,9,3,0.3333333333333333,True,0.5292379856109619,0.9225102066993713,0.9227513074874878,0.09898468106985092,0.09867575019598007,0.9225102066993713,0.9227513074874878,0.09898468106985092,0.09867575019598007,
poison/poispps/datapoisppsseq/poisalt_pps_3ef6a156.csv,ok,430,19,1,modified_altitude,1,modified_altitude,0.9995548129081726,all_windows,qualified_attack_window,19,9,0.47368421052631576,True,0.49394819140434265,0.9753293991088867,0.9995548129081726,0.23277968168258667,0.030092453584074974,0.9753293991088867,0.9995548129081726,0.23277968168258667,0.030092453584074974,
poison/poispps/datapoisppsseq/poisalt_pps_3ef78af1.csv,ok,367,15,1,modified_altitude,1,modified_altitude,0.9824573397636414,all_windows,qualified_attack_window,15,7,0.4666666666666667,True,0.4422297477722168,0.9834434986114502,0.9824573397636414,0.14592015743255615,0.08346070349216461,0.9834434986114502,0.9824573397636414,0.14592015743255615,0.08346070349216461,
poison/poispps/datapoisppsseq/poisalt_pps_3ef9b50e.csv,ok,339,14,1,modified_altitude,1,modified_altitude,0.5666468739509583,all_windows,qualified_attack_window,14,3,0.21428571428571427,True,0.6952105164527893,0.9458613395690918,0.5666468739509583,0.10731565207242966,0.08860672265291214,0.9458613395690918,0.5666468739509583,0.10731565207242966,0.08860672265291214,
poison/poispps/datapoisppsseq/poisalt_pps_3efd6222.csv,ok,270,9,1,modified_altitude,1,modified_altitude,0.9999964237213135,all_windows,qualified_attack_window,9,9,1.0,True,1.1967594970574424e-10,9.302515424636226e-10,0.9999964237213135,0.006030500866472721,2.864423515004308e-14,9.302515424636226e-10,0.9999964237213135,0.006030500866472721,2.864423515004308e-14,
poison/poispps/datapoisppsseq/poisalt_pps_3f0618cd.csv,ok,405,18,1,modified_altitude,1,modified_altitude,0.9999838471412659,all_windows,qualified_attack_window,18,8,0.4444444444444444,True,0.5406366586685181,0.9883343577384949,0.9999838471412659,0.21917684376239777,0.02268490567803383,0.9883343577384949,0.9999838471412659,0.21917684376239777,0.02268490567803383,
poison/poispps/datapoisppsseq/poisalt_pps_3f071cd8.csv,ok,341,14,1,modified_altitude,1,modified_altitude,0.9913023114204407,all_windows,qualified_attack_window,14,8,0.5714285714285714,True,0.392259418964386,0.9606429934501648,0.9913023114204407,0.11550022661685944,0.03435099124908447,0.9606429934501648,0.9913023114204407,0.11550022661685944,0.03435099124908447,
poison/poispps/datapoisppsseq/poisalt_pps_3f092b29.csv,ok,301,11,1,modified_altitude,1,modified_altitude,0.9678480625152588,all_windows,qualified_attack_window,11,5,0.45454545454545453,True,0.5195873379707336,0.9948663711547852,0.9678480625152588,0.3561229705810547,0.05264437571167946,0.9948663711547852,0.9678480625152588,0.3561229705810547,0.05264437571167946,
poison/poispps/datapoisppsseq/poisalt_pps_3f0a952f.csv,ok,291,11,1,modified_altitude,1,modified_altitude,0.9999920129776001,all_windows,qualified_attack_window,11,8,0.7272727272727273,True,0.25732481479644775,0.9622254967689514,0.9999920129776001,0.015869665890932083,0.03164326772093773,0.9622254967689514,0.9999920129776001,0.015869665890932083,0.03164326772093773,
poison/poispps/datapoisppsseq/poisalt_pps_3f0a9ef6.csv,ok,423,19,1,modified_altitude,1,modified_altitude,0.9999995231628418,all_windows,qualified_attack_window,19,9,0.47368421052631576,True,0.5168716311454773,0.9939311146736145,0.9999995231628418,0.012233582325279713,0.011133376508951187,0.9939311146736145,0.9999995231628418,0.012233582325279713,0.011133376508951187,
poison/poispps/datapoisppsseq/poisalt_pps_3f0e8a5a.csv,ok,372,16,1,modified_altitude,1,modified_altitude,0.998645544052124,all_windows,qualified_attack_window,16,10,0.625,True,0.37004658579826355,0.9877100586891174,0.998645544052124,0.36201825737953186,0.04215620085597038,0.9877100586891174,0.998645544052124,0.36201825737953186,0.04215620085597038,
poison/poispps/datapoisppsseq/poisalt_pps_3f0eaf7c.csv,ok,387,17,1,modified_altitude,1,modified_altitude,0.9995582103729248,all_windows,qualified_attack_window,17,9,0.5294117647058824,True,0.32747727632522583,0.9992703199386597,0.9995582103729248,0.8137074708938599,0.020804651081562042,0.9992703199386597,0.9995582103729248,0.8137074708938599,0.020804651081562042,
poison/poispps/datapoisppsseq/poisalt_pps_3f10986f.csv,ok,289,11,1,modified_altitude,1,modified_altitude,0.9999980926513672,all_windows,qualified_attack_window,11,9,0.8181818181818182,True,0.1808491349220276,0.9970782995223999,0.9999980926513672,0.007931151427328587,0.0014727894449606538,0.9970782995223999,0.9999980926513672,0.007931151427328587,0.0014727894449606538,
poison/poispps/datapoisppsseq/poisalt_pps_3f11f85c.csv,ok,278,10,1,modified_altitude,1,modified_altitude,0.9999909400939941,all_windows,qualified_attack_window,10,8,0.8,True,0.17919735610485077,0.9454343914985657,0.9999909400939941,0.02372651919722557,0.08764836937189102,0.9454343914985657,0.9999909400939941,0.02372651919722557,0.08764836937189102,
poison/poispps/datapoisppsseq/poisalt_pps_3f150622.csv,ok,334,13,1,modified_altitude,1,modified_altitude,0.7895991802215576,all_windows,qualified_attack_window,13,8,0.6153846153846154,True,0.35622501373291016,0.9525514841079712,0.7895991802215576,0.4090416729450226,0.033476829528808594,0.9525514841079712,0.7895991802215576,0.4090416729450226,0.033476829528808594,
poison/poispps/datapoisppsseq/poisalt_pps_3f181dad.csv,ok,242,8,1,modified_altitude,1,modified_altitude,0.68063884973526,all_windows,qualified_attack_window,8,7,0.875,True,0.16867709159851074,0.7829505205154419,0.68063884973526,0.3585466146469116,0.14357268810272217,0.7829505205154419,0.68063884973526,0.3585466146469116,0.14357268810272217,
poison/poispps/datapoisppsseq/poisalt_pps_3f18d38a.csv,ok,614,31,1,modified_altitude,1,modified_altitude,0.9993894100189209,all_windows,qualified_attack_window,31,8,0.25806451612903225,True,0.7034008502960205,0.9893048405647278,0.9993894100189209,0.0988214835524559,0.055831264704465866,0.9893048405647278,0.9993894100189209,0.0988214835524559,0.055831264704465866,
poison/poispps/datapoisppsseq/poisalt_pps_3f19a49f.csv,ok,398,17,1,modified_altitude,1,modified_altitude,0.9999964237213135,all_windows,qualified_attack_window,17,6,0.35294117647058826,True,0.566057026386261,0.9620072841644287,0.9999964237213135,0.1299595683813095,0.07204729318618774,0.9620072841644287,0.9999964237213135,0.1299595683813095,0.07204729318618774,
poison/poispps/datapoisppsseq/poisalt_pps_3f1c255d.csv,ok,287,10,1,modified_altitude,1,modified_altitude,0.9961116313934326,all_windows,qualified_attack_window,10,8,0.8,True,0.1916578859090805,0.9897875785827637,0.9961116313934326,0.012224880047142506,0.043730828911066055,0.9897875785827637,0.9961116313934326,0.012224880047142506,0.043730828911066055,
poison/poispps/datapoisppsseq/poisalt_pps_3f1c4ede.csv,ok,241,8,1,modified_altitude,1,modified_altitude,0.999992847442627,all_windows,qualified_attack_window,8,7,0.875,True,0.06141984835267067,0.49135780334472656,0.999992847442627,0.11638804525136948,0.029821006581187248,0.49135780334472656,0.999992847442627,0.11638804525136948,0.029821006581187248,
poison/poispps/datapoisppsseq/poisalt_pps_3f1e5295.csv,ok,363,15,1,modified_altitude,1,modified_altitude,0.8955976963043213,all_windows,qualified_attack_window,15,6,0.4,True,0.5660969018936157,0.9999874830245972,0.8955976963043213,0.8773512244224548,0.04155229032039642,0.9999874830245972,0.8955976963043213,0.8773512244224548,0.04155229032039642,
poison/poispps/datapoisppsseq/poisalt_pps_3f21c272.csv,ok,479,22,1,modified_altitude,1,modified_altitude,0.9896101355552673,all_windows,qualified_attack_window,22,8,0.36363636363636365,True,0.6170177459716797,0.9875671863555908,0.9896101355552673,0.08156560361385345,0.023660022765398026,0.9875671863555908,0.9896101355552673,0.08156560361385345,0.023660022765398026,
poison/poispps/datapoisppsseq/poisalt_pps_3f21e416.csv,ok,333,13,1,modified_altitude,1,modified_altitude,0.956398606300354,all_windows,qualified_attack_window,13,8,0.6153846153846154,True,0.3380562663078308,0.9109407067298889,0.956398606300354,0.1286531686782837,0.13528528809547424,0.9109407067298889,0.956398606300354,0.1286531686782837,0.13528528809547424,
poison/poispps/datapoisppsseq/poisalt_pps_3f22ddbb.csv,ok,325,13,1,modified_altitude,2,modified_speed,0.9990092515945435,all_windows,qualified_attack_window,13,8,0.6153846153846154,False,0.3767094016075134,0.9870855808258057,0.99372398853302,0.9990092515945435,0.018295368179678917,0.9870855808258057,0.99372398853302,0.9990092515945435,0.018295368179678917,
poison/poispps/datapoisppsseq/poisalt_pps_3f314db7.csv,ok,327,13,1,modified_altitude,1,modified_altitude,0.9961410760879517,all_windows,qualified_attack_window,13,9,0.6923076923076923,True,0.29948827624320984,0.9748427867889404,0.9961410760879517,0.36397784948349,0.042198218405246735,0.9748427867889404,0.9961410760879517,0.36397784948349,0.042198218405246735,
poison/poispps/datapoisppsseq/poisalt_pps_3f326c32.csv,ok,307,12,1,modified_altitude,1,modified_altitude,0.999990701675415,all_windows,qualified_attack_window,12,8,0.6666666666666666,True,0.310747891664505,0.9613984823226929,0.999990701675415,0.021491002291440964,0.048794206231832504,0.9613984823226929,0.999990701675415,0.021491002291440964,0.048794206231832504,
poison/poispps/datapoisppsseq/poisalt_pps_3f35aa6c.csv,ok,440,20,1,modified_altitude,1,modified_altitude,0.9999978542327881,all_windows,qualified_attack_window,20,9,0.45,True,0.5230776071548462,0.9813905954360962,0.9999978542327881,0.024774771183729172,0.07928483933210373,0.9813905954360962,0.9999978542327881,0.024774771183729172,0.07928483933210373,
poison/poispps/datapoisppsseq/poisalt_pps_3f369ee5.csv,ok,403,18,1,modified_altitude,1,modified_altitude,0.9999990463256836,all_windows,qualified_attack_window,18,8,0.4444444444444444,True,0.5216411352157593,0.9899418950080872,0.9999990463256836,0.048947524279356,0.028275663033127785,0.9899418950080872,0.9999990463256836,0.048947524279356,0.028275663033127785,
poison/poispps/datapoisppsseq/poisalt_pps_3f3a0618.csv,ok,393,17,1,modified_altitude,1,modified_altitude,0.9801915287971497,all_windows,qualified_attack_window,17,8,0.47058823529411764,True,0.4768272340297699,0.999990701675415,0.9801915287971497,0.23840726912021637,0.1656150370836258,0.999990701675415,0.9801915287971497,0.23840726912021637,0.1656150370836258,
poison/poispps/datapoisppsseq/poisalt_pps_3f3a6a75.csv,ok,287,10,1,modified_altitude,1,modified_altitude,0.9999996423721313,all_windows,qualified_attack_window,10,7,0.7,True,0.2842881679534912,0.9718144536018372,0.9999996423721313,0.016290312632918358,0.023052094504237175,0.9718144536018372,0.9999996423721313,0.016290312632918358,0.023052094504237175,
poison/poispps/datapoisppsseq/poisalt_pps_3f3ae357.csv,ok,248,8,1,modified_altitude,1,modified_altitude,0.9999403953552246,all_windows,qualified_attack_window,8,6,0.75,True,0.241300567984581,0.9756262302398682,0.9999403953552246,0.012509318999946117,0.015827268362045288,0.9756262302398682,0.9999403953552246,0.012509318999946117,0.015827268362045288,
poison/poispps/datapoisppsseq/poisalt_pps_3f3d4a17.csv,ok,245,8,1,modified_altitude,1,modified_altitude,0.9999839663505554,all_windows,qualified_attack_window,8,7,0.875,True,0.11949072033166885,0.955920934677124,0.9999839663505554,0.013725757598876953,0.014697395265102386,0.955920934677124,0.9999839663505554,0.013725757598876953,0.014697395265102386,
poison/poispps/datapoisppsseq/poisalt_pps_3f3eb60d.csv,ok,336,14,1,modified_altitude,1,modified_altitude,0.9847825169563293,all_windows,qualified_attack_window,14,6,0.42857142857142855,True,0.5081950426101685,0.9622476696968079,0.9847825169563293,0.16295136511325836,0.040314964950084686,0.9622476696968079,0.9847825169563293,0.16295136511325836,0.040314964950084686,
poison/poispps/datapoisppsseq/poisalt_pps_3f3ed080.csv,ok,299,11,1,modified_altitude,1,modified_altitude,0.9997939467430115,all_windows,qualified_attack_window,11,9,0.8181818181818182,True,0.17404642701148987,0.9757392406463623,0.9997939467430115,0.061001554131507874,0.030172647908329964,0.9757392406463623,0.9997939467430115,0.061001554131507874,0.030172647908329964,
poison/poispps/datapoisppsseq/poisalt_pps_3f41a9e4.csv,ok,313,12,1,modified_altitude,1,modified_altitude,0.999594509601593,all_windows,qualified_attack_window,12,8,0.6666666666666666,True,0.31699755787849426,0.9686901569366455,0.999594509601593,0.05434428155422211,0.028595004230737686,0.9686901569366455,0.999594509601593,0.05434428155422211,0.028595004230737686,
poison/poispps/datapoisppsseq/poisalt_pps_3f45ef37.csv,ok,248,8,1,modified_altitude,1,modified_altitude,0.9982362985610962,all_windows,qualified_attack_window,8,6,0.75,True,0.2268410623073578,0.9324015974998474,0.9982362985610962,0.03308030217885971,0.06725209951400757,0.9324015974998474,0.9982362985610962,0.03308030217885971,0.06725209951400757,
poison/poispps/datapoisppsseq/poisalt_pps_3f474a36.csv,ok,269,9,1,modified_altitude,1,modified_altitude,0.9999801516532898,all_windows,qualified_attack_window,9,8,0.8888888888888888,True,0.09555694460868835,0.8600125312805176,0.9999801516532898,0.020548872649669647,0.08071906864643097,0.8600125312805176,0.9999801516532898,0.020548872649669647,0.08071906864643097,
poison/poispps/datapoisppsseq/poisalt_pps_3f4a8aff.csv,ok,401,18,1,modified_altitude,1,modified_altitude,0.9999093413352966,all_windows,qualified_attack_window,18,8,0.4444444444444444,True,0.5226006507873535,0.9849287867546082,0.9999093413352966,0.04028087109327316,0.034304264932870865,0.9849287867546082,0.9999093413352966,0.04028087109327316,0.034304264932870865,
poison/poispps/datapoisppsseq/poisalt_pps_3f4b144a.csv,ok,311,12,1,modified_altitude,1,modified_altitude,0.7918103933334351,all_windows,qualified_attack_window,12,7,0.5833333333333334,True,0.3762392997741699,0.9819814562797546,0.7918103933334351,0.6207042336463928,0.04597572609782219,0.9819814562797546,0.7918103933334351,0.6207042336463928,0.04597572609782219,
poison/poispps/datapoisppsseq/poisalt_pps_3f52629f.csv,ok,378,16,1,modified_altitude,1,modified_altitude,0.9999557137489319,all_windows,qualified_attack_window,16,8,0.5,True,0.4550219476222992,0.9746807217597961,0.9999557137489319,0.05108193680644035,0.1431088149547577,0.9746807217597961,0.9999557137489319,0.05108193680644035,0.1431088149547577,
poison/poispps/datapoisppsseq/poisalt_pps_3f530227.csv,ok,427,19,1,modified_altitude,1,modified_altitude,0.9996213912963867,all_windows,qualified_attack_window,19,10,0.5263157894736842,True,0.4241659343242645,0.9765194058418274,0.9996213912963867,0.3131698966026306,0.11033596843481064,0.9765194058418274,0.9996213912963867,0.3131698966026306,0.11033596843481064,
poison/poispps/datapoisppsseq/poisalt_pps_3f556511.csv,ok,281,10,1,modified_altitude,1,modified_altitude,0.9999828934669495,all_windows,qualified_attack_window,10,7,0.7,True,0.2786107063293457,0.94316565990448,0.9999828934669495,0.03549385070800781,0.013411409221589565,0.94316565990448,0.9999828934669495,0.03549385070800781,0.013411409221589565,
poison/poispps/datapoisppsseq/poisalt_pps_3f5a9b5e.csv,ok,265,9,1,modified_altitude,1,modified_altitude,0.9949846863746643,all_windows,qualified_attack_window,9,7,0.7777777777777778,True,0.1866179257631302,0.8448999524116516,0.9949846863746643,0.024582205340266228,0.10581525415182114,0.8448999524116516,0.9949846863746643,0.024582205340266228,0.10581525415182114,
poison/poispps/datapoisppsseq/poisalt_pps_3f5acae1.csv,ok,476,22,1,modified_altitude,1,modified_altitude,0.999998927116394,all_windows,qualified_attack_window,22,8,0.36363636363636365,True,0.5969107151031494,0.988257110118866,0.999998927116394,0.057919006794691086,0.06708938628435135,0.988257110118866,0.999998927116394,0.057919006794691086,0.06708938628435135,
poison/poispps/datapoisppsseq/poisalt_pps_3f5fc518.csv,ok,320,13,1,modified_altitude,1,modified_altitude,0.9809499382972717,all_windows,qualified_attack_window,13,8,0.6153846153846154,True,0.35384443402290344,0.9823203086853027,0.9809499382972717,0.06093806400895119,0.08097799867391586,0.9823203086853027,0.9809499382972717,0.06093806400895119,0.08097799867391586,
poison/poispps/datapoisppsseq/poisalt_pps_3f63398e.csv,ok,426,19,1,modified_altitude,1,modified_altitude,0.9472049474716187,all_windows,qualified_attack_window,19,7,0.3684210526315789,True,0.5807307362556458,0.9811052680015564,0.9472049474716187,0.4280622899532318,0.05747812241315842,0.9811052680015564,0.9472049474716187,0.4280622899532318,0.05747812241315842,
poison/poispps/datapoisppsseq/poisalt_pps_3f643d6d.csv,ok,284,10,1,modified_altitude,1,modified_altitude,0.9999218583106995,all_windows,qualified_attack_window,10,7,0.7,True,0.2784099280834198,0.9819778800010681,0.9999218583106995,0.023000339046120644,0.04576447606086731,0.9819778800010681,0.9999218583106995,0.023000339046120644,0.04576447606086731,
poison/poispps/datapoisppsseq/poisalt_pps_3f67a7b3.csv,ok,381,16,1,modified_altitude,1,modified_altitude,0.8231341242790222,all_windows,qualified_attack_window,16,6,0.375,True,0.5882226228713989,0.982269823551178,0.8231341242790222,0.23153194785118103,0.01914384588599205,0.982269823551178,0.8231341242790222,0.23153194785118103,0.01914384588599205,
poison/poispps/datapoisppsseq/poisalt_pps_3f67d5ec.csv,ok,401,18,1,modified_altitude,1,modified_altitude,0.9999794363975525,all_windows,qualified_attack_window,18,8,0.4444444444444444,True,0.5361753106117249,0.9886553287506104,0.9999794363975525,0.018265509977936745,0.024826668202877045,0.9886553287506104,0.9999794363975525,0.018265509977936745,0.024826668202877045,
poison/poispps/datapoisppsseq/poisalt_pps_3f6eb08e.csv,ok,341,14,1,modified_altitude,0,authentic,0.9714533090591431,all_windows,no_qualified_attack_window,14,0,0.0,False,0.8250277638435364,0.9714533090591431,0.3145374655723572,0.15691713988780975,0.10009761899709702,0.9714533090591431,0.3145374655723572,0.15691713988780975,0.10009761899709702,
poison/poispps/datapoisppsseq/poisalt_pps_3f6f3ab3.csv,ok,325,13,1,modified_altitude,1,modified_altitude,0.9744846820831299,all_windows,qualified_attack_window,13,8,0.6153846153846154,True,0.35770416259765625,0.9936331510543823,0.9744846820831299,0.05651778355240822,0.04180943965911865,0.9936331510543823,0.9744846820831299,0.05651778355240822,0.04180943965911865,
poison/poispps/datapoisppsseq/poisalt_pps_3f73ba3f.csv,ok,242,8,1,modified_altitude,1,modified_altitude,0.9958508610725403,all_windows,qualified_attack_window,8,8,1.0,True,0.0008924431749619544,0.007139464840292931,0.9958508610725403,0.23722726106643677,3.98209613194922e-06,0.007139464840292931,0.9958508610725403,0.23722726106643677,3.98209613194922e-06,
poison/poispps/datapoisppsseq/poisalt_pps_3f76d97b.csv,ok,408,18,1,modified_altitude,1,modified_altitude,0.9917404055595398,all_windows,qualified_attack_window,18,7,0.3888888888888889,True,0.55692058801651,0.990067720413208,0.9917404055595398,0.10474186390638351,0.03625974804162979,0.990067720413208,0.9917404055595398,0.10474186390638351,0.03625974804162979,
poison/poispps/datapoisppsseq/poisalt_pps_3f77a52d.csv,ok,331,13,1,modified_altitude,1,modified_altitude,0.9999958276748657,all_windows,qualified_attack_window,13,8,0.6153846153846154,True,0.3400465250015259,0.958914577960968,0.9999958276748657,0.138957217335701,0.03590305149555206,0.958914577960968,0.9999958276748657,0.138957217335701,0.03590305149555206,
poison/poispps/datapoisppsseq/poisalt_pps_3f82a0d7.csv,ok,282,10,1,modified_altitude,1,modified_altitude,0.9999973773956299,all_windows,qualified_attack_window,10,6,0.6,True,0.3218115568161011,0.9474124312400818,0.9999973773956299,0.12181085348129272,0.11117804050445557,0.9474124312400818,0.9999973773956299,0.12181085348129272,0.11117804050445557,
poison/poispps/datapoisppsseq/poisalt_pps_3f835069.csv,ok,476,22,1,modified_altitude,1,modified_altitude,0.9999673962593079,all_windows,qualified_attack_window,22,9,0.4090909090909091,True,0.5471149682998657,0.9831523299217224,0.9999673962593079,0.06455076485872269,0.0508970245718956,0.9831523299217224,0.9999673962593079,0.06455076485872269,0.0508970245718956,
poison/poispps/datapoisppsseq/poisalt_pps_3f8a28fd.csv,ok,297,11,1,modified_altitude,1,modified_altitude,0.9967001676559448,all_windows,qualified_attack_window,11,7,0.6363636363636364,True,0.31805941462516785,0.9412717819213867,0.9967001676559448,0.4027054011821747,0.11599111557006836,0.9412717819213867,0.9967001676559448,0.4027054011821747,0.11599111557006836,
poison/poispps/datapoisppsseq/poisalt_pps_3f8e33ee.csv,ok,294,11,1,modified_altitude,1,modified_altitude,0.9999963045120239,all_windows,qualified_attack_window,11,7,0.6363636363636364,True,0.332020103931427,0.989207923412323,0.9999963045120239,0.02340170554816723,0.10260141640901566,0.989207923412323,0.9999963045120239,0.02340170554816723,0.10260141640901566,
poison/poispps/datapoisppsseq/poisalt_pps_3f8f2d43.csv,ok,393,17,1,modified_altitude,1,modified_altitude,0.9993612170219421,all_windows,qualified_attack_window,17,9,0.5294117647058824,True,0.4033115804195404,0.9833335280418396,0.9993612170219421,0.04465832561254501,0.47794896364212036,0.9833335280418396,0.9993612170219421,0.04465832561254501,0.47794896364212036,
poison/poispps/datapoisppsseq/poisalt_pps_3f91efe4.csv,ok,394,17,1,modified_altitude,2,modified_speed,0.8042168617248535,all_windows,qualified_attack_window,17,5,0.29411764705882354,False,0.5941450595855713,0.9387803673744202,0.6544834971427917,0.8042168617248535,0.09774881601333618,0.9387803673744202,0.6544834971427917,0.8042168617248535,0.09774881601333618,
poison/poispps/datapoisppsseq/poisalt_pps_3f935e62.csv,ok,428,19,1,modified_altitude,1,modified_altitude,0.9999980926513672,all_windows,qualified_attack_window,19,9,0.47368421052631576,True,0.4966036081314087,0.9766459465026855,0.9999980926513672,0.06545885652303696,0.029508551582694054,0.9766459465026855,0.9999980926513672,0.06545885652303696,0.029508551582694054,
poison/poispps/datapoisppsseq/poisalt_pps_3f967712.csv,ok,282,10,1,modified_altitude,1,modified_altitude,0.9950816035270691,all_windows,qualified_attack_window,10,5,0.5,True,0.40628713369369507,0.9509668946266174,0.9950816035270691,0.205539271235466,0.14065909385681152,0.9509668946266174,0.9950816035270691,0.205539271235466,0.14065909385681152,
poison/poispps/datapoisppsseq/poisalt_pps_inf_14.csv,ok,293,11,1,modified_altitude,1,modified_altitude,0.9920394420623779,all_windows,qualified_attack_window,11,7,0.6363636363636364,True,0.3408266305923462,0.9822158813476562,0.9920394420623779,0.032071802765131,0.029352260753512383,0.9822158813476562,0.9920394420623779,0.032071802765131,0.029352260753512383,
poison/poispps/datapoisppsseq/poisalt_pps_inf_16.csv,ok,504,24,1,modified_altitude,1,modified_altitude,0.9986037015914917,all_windows,qualified_attack_window,24,15,0.625,True,0.3663429319858551,0.9833958148956299,0.9986037015914917,0.2850440740585327,0.9809236526489258,0.9833958148956299,0.9986037015914917,0.2850440740585327,0.9809236526489258,
poison/poispps/datapoisppsseq/poisauth_pps_3e3a56df.csv,ok,341,14,0,authentic,0,authentic,0.977386474609375,all_windows,no_qualified_attack_window,14,0,0.0,True,0.8919076919555664,0.977386474609375,0.07013796269893646,0.05952131003141403,0.10060100257396698,0.977386474609375,0.07013796269893646,0.05952131003141403,0.10060100257396698,
poison/poispps/datapoisppsseq/poisauth_pps_3e3b27f0.csv,ok,464,22,0,authentic,2,modified_speed,0.6982342004776001,all_windows,qualified_attack_window,22,2,0.09090909090909091,False,0.7953379154205322,0.9814226627349854,0.06330462545156479,0.6982342004776001,0.12842930853366852,0.9814226627349854,0.06330462545156479,0.6982342004776001,0.12842930853366852,
poison/poispps/datapoisppsseq/poisauth_pps_3e3d62fc.csv,ok,399,17,0,authentic,0,authentic,0.9500221610069275,all_windows,no_qualified_attack_window,17,0,0.0,True,0.8028044700622559,0.9500221610069275,0.10972777754068375,0.3241522014141083,0.11160343140363693,0.9500221610069275,0.10972777754068375,0.3241522014141083,0.11160343140363693,
poison/poispps/datapoisppsseq/poisauth_pps_3e3e764c.csv,ok,387,17,0,authentic,0,authentic,0.9782705307006836,all_windows,no_qualified_attack_window,17,0,0.0,True,0.8749184608459473,0.9782705307006836,0.11027419567108154,0.057826001197099686,0.09357964247465134,0.9782705307006836,0.11027419567108154,0.057826001197099686,0.09357964247465134,
poison/poispps/datapoisppsseq/poisauth_pps_3e47d351.csv,ok,453,21,0,authentic,0,authentic,0.9947794079780579,all_windows,no_qualified_attack_window,21,0,0.0,True,0.8919963836669922,0.9947794079780579,0.1425909847021103,0.050043802708387375,0.1412762850522995,0.9947794079780579,0.1425909847021103,0.050043802708387375,0.1412762850522995,
poison/poispps/datapoisppsseq/poisauth_pps_3e4c020c.csv,ok,397,17,0,authentic,2,modified_speed,0.7768580317497253,all_windows,qualified_attack_window,17,1,0.058823529411764705,False,0.7956240177154541,0.9354494214057922,0.15272684395313263,0.7768580317497253,0.11764844506978989,0.9354494214057922,0.15272684395313263,0.7768580317497253,0.11764844506978989,
poison/poispps/datapoisppsseq/poisauth_pps_3e4c278e.csv,ok,432,20,0,authentic,0,authentic,0.9785895943641663,all_windows,no_qualified_attack_window,20,0,0.0,True,0.8942592740058899,0.9785895943641663,0.10962038487195969,0.05826961621642113,0.07625310122966766,0.9785895943641663,0.10962038487195969,0.05826961621642113,0.07625310122966766,
poison/poispps/datapoisppsseq/poisauth_pps_3e4f2065.csv,ok,261,9,0,authentic,0,authentic,0.8630988597869873,all_windows,no_qualified_attack_window,9,0,0.0,True,0.7838284373283386,0.8630988597869873,0.21949675679206848,0.10571485012769699,0.08934333920478821,0.8630988597869873,0.21949675679206848,0.10571485012769699,0.08934333920478821,
poison/poispps/datapoisppsseq/poisauth_pps_3e511fac.csv,ok,298,11,0,authentic,0,authentic,0.9893251061439514,all_windows,no_qualified_attack_window,11,0,0.0,True,0.8904209136962891,0.9893251061439514,0.11806051433086395,0.07050671428442001,0.07815025746822357,0.9893251061439514,0.11806051433086395,0.07050671428442001,0.07815025746822357,
poison/poispps/datapoisppsseq/poisauth_pps_3e5468f7.csv,ok,618,31,0,authentic,0,authentic,0.9626703858375549,all_windows,no_qualified_attack_window,31,0,0.0,True,0.9078535437583923,0.9626703858375549,0.13986940681934357,0.07286714017391205,0.14270929992198944,0.9626703858375549,0.13986940681934357,0.07286714017391205,0.14270929992198944,
poison/poispps/datapoisppsseq/poisauth_pps_3e54a0d8.csv,ok,364,15,0,authentic,0,authentic,0.9875507354736328,all_windows,no_qualified_attack_window,15,0,0.0,True,0.863456130027771,0.9875507354736328,0.06491845846176147,0.04652567207813263,0.14357268810272217,0.9875507354736328,0.06491845846176147,0.04652567207813263,0.14357268810272217,
poison/poispps/datapoisppsseq/poisauth_pps_3e56e862.csv,ok,272,10,0,authentic,0,authentic,0.9889743328094482,all_windows,no_qualified_attack_window,10,0,0.0,True,0.9007463455200195,0.9889743328094482,0.07555584609508514,0.07191124558448792,0.05368054658174515,0.9889743328094482,0.07555584609508514,0.07191124558448792,0.05368054658174515,
poison/poispps/datapoisppsseq/poisauth_pps_3e58bd01.csv,ok,538,26,0,authentic,3,modified_position,0.45672541856765747,all_windows,qualified_attack_window,26,1,0.038461538461538464,False,0.8569995164871216,0.997657299041748,0.08563905209302902,0.04443373158574104,0.45672541856765747,0.997657299041748,0.08563905209302902,0.04443373158574104,0.45672541856765747,
poison/poispps/datapoisppsseq/poisauth_pps_3e5d58c6.csv,ok,301,11,0,authentic,0,authentic,0.9788886904716492,all_windows,no_qualified_attack_window,11,0,0.0,True,0.8531312346458435,0.9788886904716492,0.10129638016223907,0.056984540075063705,0.1274675875902176,0.9788886904716492,0.10129638016223907,0.056984540075063705,0.1274675875902176,
poison/poispps/datapoisppsseq/poisauth_pps_3e626c7b.csv,ok,281,10,0,authentic,0,authentic,0.9774104952812195,all_windows,no_qualified_attack_window,10,0,0.0,True,0.7592764496803284,0.9774104952812195,0.3164392113685608,0.19764487445354462,0.0993504598736763,0.9774104952812195,0.3164392113685608,0.19764487445354462,0.0993504598736763,
poison/poispps/datapoisppsseq/poisauth_pps_3e6850ee.csv,ok,292,11,0,authentic,0,authentic,0.9627873301506042,all_windows,no_qualified_attack_window,11,0,0.0,True,0.8752853274345398,0.9627873301506042,0.06273805350065231,0.03484204411506653,0.1365349441766739,0.9627873301506042,0.06273805350065231,0.03484204411506653,0.1365349441766739,
poison/poispps/datapoisppsseq/poisauth_pps_3e68c61a.csv,ok,455,21,0,authentic,0,authentic,0.9857268929481506,all_windows,no_qualified_attack_window,21,0,0.0,True,0.9035054445266724,0.9857268929481506,0.12091350555419922,0.06465081125497818,0.0909256637096405,0.9857268929481506,0.12091350555419922,0.06465081125497818,0.0909256637096405,
poison/poispps/datapoisppsseq/poisauth_pps_3e68fe2b.csv,ok,390,17,0,authentic,0,authentic,0.9806631207466125,all_windows,no_qualified_attack_window,17,0,0.0,True,0.8992908596992493,0.9806631207466125,0.1433485448360443,0.06539065390825272,0.0737421065568924,0.9806631207466125,0.1433485448360443,0.06539065390825272,0.0737421065568924,
poison/poispps/datapoisppsseq/poisauth_pps_3e6a9fd2.csv,ok,435,20,0,authentic,0,authentic,0.9936164617538452,all_windows,no_qualified_attack_window,20,0,0.0,True,0.9110560417175293,0.9936164617538452,0.06287974119186401,0.03357026353478432,0.1081715002655983,0.9936164617538452,0.06287974119186401,0.03357026353478432,0.1081715002655983,
poison/poispps/datapoisppsseq/poisauth_pps_3e6d76dc.csv,ok,366,15,0,authentic,0,authentic,0.9694721698760986,all_windows,no_qualified_attack_window,15,0,0.0,True,0.8780943751335144,0.9694721698760986,0.14305555820465088,0.07424671202898026,0.08836370706558228,0.9694721698760986,0.14305555820465088,0.07424671202898026,0.08836370706558228,
poison/poispps/datapoisppsseq/poisauth_pps_3e7390c7.csv,ok,489,23,0,authentic,0,authentic,0.9967993497848511,all_windows,no_qualified_attack_window,23,0,0.0,True,0.9365330338478088,0.9967993497848511,0.08374283462762833,0.05128163844347,0.08180968463420868,0.9967993497848511,0.08374283462762833,0.05128163844347,0.08180968463420868,
poison/poispps/datapoisppsseq/poisauth_pps_3e74e618.csv,ok,479,22,0,authentic,0,authentic,0.9940707087516785,all_windows,no_qualified_attack_window,22,0,0.0,True,0.943842351436615,0.9940707087516785,0.08015576750040054,0.05740947648882866,0.08765014261007309,0.9940707087516785,0.08015576750040054,0.05740947648882866,0.08765014261007309,
poison/poispps/datapoisppsseq/poisauth_pps_3e7fed81.csv,ok,329,13,0,authentic,2,modified_speed,0.9396811127662659,all_windows,qualified_attack_window,13,3,0.23076923076923078,False,0.6425278186798096,0.9791414737701416,0.20453384518623352,0.9396811127662659,0.05860377848148346,0.9791414737701416,0.20453384518623352,0.9396811127662659,0.05860377848148346,
poison/poispps/datapoisppsseq/poisauth_pps_3e82b0f2.csv,ok,316,12,0,authentic,0,authentic,0.9815180897712708,all_windows,no_qualified_attack_window,12,0,0.0,True,0.8706070780754089,0.9815180897712708,0.13172145187854767,0.06576865166425705,0.09715326875448227,0.9815180897712708,0.13172145187854767,0.06576865166425705,0.09715326875448227,
poison/poispps/datapoisppsseq/poisauth_pps_3e86cbf8.csv,ok,269,9,0,authentic,0,authentic,0.9585691094398499,all_windows,no_qualified_attack_window,9,0,0.0,True,0.8838561773300171,0.9585691094398499,0.08288457989692688,0.041984349489212036,0.06423220783472061,0.9585691094398499,0.08288457989692688,0.041984349489212036,0.06423220783472061,
poison/poispps/datapoisppsseq/poisauth_pps_3e881e55.csv,ok,275,10,0,authentic,3,modified_position,0.7306267619132996,all_windows,qualified_attack_window,10,3,0.3,False,0.6093147993087769,0.9801320433616638,0.021175134927034378,0.017855176702141762,0.7306267619132996,0.9801320433616638,0.021175134927034378,0.017855176702141762,0.7306267619132996,
poison/poispps/datapoisppsseq/poisauth_pps_3e8af529.csv,ok,317,12,0,authentic,0,authentic,0.9998558163642883,all_windows,no_qualified_attack_window,12,0,0.0,True,0.8651320338249207,0.9998558163642883,0.1343836933374405,0.11264636367559433,0.12307317554950714,0.9998558163642883,0.1343836933374405,0.11264636367559433,0.12307317554950714,
poison/poispps/datapoisppsseq/poisauth_pps_3e8b84a2.csv,ok,436,20,0,authentic,0,authentic,0.987675130367279,all_windows,no_qualified_attack_window,20,0,0.0,True,0.9088433980941772,0.987675130367279,0.1798301637172699,0.055809035897254944,0.12817426025867462,0.987675130367279,0.1798301637172699,0.055809035897254944,0.12817426025867462,
poison/poispps/datapoisppsseq/poisauth_pps_3e8e6711.csv,ok,306,12,0,authentic,0,authentic,0.9806668162345886,all_windows,no_qualified_attack_window,12,0,0.0,True,0.8575926423072815,0.9806668162345886,0.14467258751392365,0.07973447442054749,0.09429878741502762,0.9806668162345886,0.14467258751392365,0.07973447442054749,0.09429878741502762,
poison/poispps/datapoisppsseq/poisauth_pps_3e96ab36.csv,ok,413,18,0,authentic,0,authentic,0.989107072353363,all_windows,no_qualified_attack_window,18,0,0.0,True,0.8890663981437683,0.989107072353363,0.12953528761863708,0.08317097276449203,0.10243283957242966,0.989107072353363,0.12953528761863708,0.08317097276449203,0.10243283957242966,
poison/poispps/datapoisppsseq/poisauth_pps_3e9ac6c9.csv,ok,269,9,0,authentic,0,authentic,0.9681564569473267,all_windows,no_qualified_attack_window,9,0,0.0,True,0.8326179385185242,0.9681564569473267,0.13735994696617126,0.06893129646778107,0.07848799228668213,0.9681564569473267,0.13735994696617126,0.06893129646778107,0.07848799228668213,
poison/poispps/datapoisppsseq/poisauth_pps_3eafacef.csv,ok,291,11,0,authentic,0,authentic,0.9670170545578003,all_windows,no_qualified_attack_window,11,0,0.0,True,0.8576473593711853,0.9670170545578003,0.21405236423015594,0.1215633824467659,0.08813109993934631,0.9670170545578003,0.21405236423015594,0.1215633824467659,0.08813109993934631,
poison/poispps/datapoisppsseq/poisauth_pps_3eb09bc0.csv,ok,424,19,0,authentic,0,authentic,0.9924664497375488,all_windows,no_qualified_attack_window,19,0,0.0,True,0.9047951102256775,0.9924664497375488,0.1207624152302742,0.06223585829138756,0.061454202979803085,0.9924664497375488,0.1207624152302742,0.06223585829138756,0.061454202979803085,
poison/poispps/datapoisppsseq/poisauth_pps_3eb1065d.csv,ok,331,13,0,authentic,0,authentic,0.9854955673217773,all_windows,no_qualified_attack_window,13,0,0.0,True,0.8698988556861877,0.9854955673217773,0.0831570029258728,0.04586713761091232,0.11546914279460907,0.9854955673217773,0.0831570029258728,0.04586713761091232,0.11546914279460907,
poison/poispps/datapoisppsseq/poisauth_pps_3eb144d3.csv,ok,319,12,0,authentic,0,authentic,0.9904160499572754,all_windows,no_qualified_attack_window,12,0,0.0,True,0.907934844493866,0.9904160499572754,0.09154483675956726,0.055561549961566925,0.05536000058054924,0.9904160499572754,0.09154483675956726,0.055561549961566925,0.05536000058054924,
poison/poispps/datapoisppsseq/poisauth_pps_3eb4b51d.csv,ok,353,15,0,authentic,0,authentic,0.9689275026321411,all_windows,no_qualified_attack_window,15,0,0.0,True,0.876291036605835,0.9689275026321411,0.08089985698461533,0.042603373527526855,0.12545469403266907,0.9689275026321411,0.08089985698461533,0.042603373527526855,0.12545469403266907,
poison/poispps/datapoisppsseq/poisauth_pps_3eb4c033.csv,ok,327,13,0,authentic,0,authentic,0.995526134967804,all_windows,no_qualified_attack_window,13,0,0.0,True,0.9077429175376892,0.995526134967804,0.09919403493404388,0.053148843348026276,0.10887224227190018,0.995526134967804,0.09919403493404388,0.053148843348026276,0.10887224227190018,
poison/poispps/datapoisppsseq/poisauth_pps_3eb7532e.csv,ok,373,16,0,authentic,0,authentic,0.9814084768295288,all_windows,no_qualified_attack_window,16,0,0.0,True,0.9191709756851196,0.9814084768295288,0.04507669061422348,0.027288751676678658,0.10678691416978836,0.9814084768295288,0.04507669061422348,0.027288751676678658,0.10678691416978836,
poison/poispps/datapoisppsseq/poisauth_pps_3eb8c0d5.csv,ok,429,19,0,authentic,0,authentic,0.9840232729911804,all_windows,no_qualified_attack_window,19,0,0.0,True,0.8886688351631165,0.9840232729911804,0.2122628092765808,0.1167200580239296,0.09839154779911041,0.9840232729911804,0.2122628092765808,0.1167200580239296,0.09839154779911041,
poison/poispps/datapoisppsseq/poisauth_pps_3ebbb2d4.csv,ok,434,20,0,authentic,0,authentic,0.9897456169128418,all_windows,no_qualified_attack_window,20,0,0.0,True,0.8931020498275757,0.9897456169128418,0.19877170026302338,0.07848335802555084,0.10199945420026779,0.9897456169128418,0.19877170026302338,0.07848335802555084,0.10199945420026779,
poison/poispps/datapoisppsseq/poisauth_pps_3ebbed5a.csv,ok,382,16,0,authentic,0,authentic,0.9720135927200317,all_windows,no_qualified_attack_window,16,0,0.0,True,0.8827241063117981,0.9720135927200317,0.10340628772974014,0.07363814860582352,0.14200778305530548,0.9720135927200317,0.10340628772974014,0.07363814860582352,0.14200778305530548,
poison/poispps/datapoisppsseq/poisauth_pps_3ebc63e3.csv,ok,468,22,0,authentic,0,authentic,0.993710458278656,all_windows,no_qualified_attack_window,22,0,0.0,True,0.9220736026763916,0.993710458278656,0.21112152934074402,0.11897576600313187,0.07142850756645203,0.993710458278656,0.21112152934074402,0.11897576600313187,0.07142850756645203,
poison/poispps/datapoisppsseq/poisauth_pps_3ec01280.csv,ok,412,18,0,authentic,0,authentic,0.9673015475273132,all_windows,no_qualified_attack_window,18,0,0.0,True,0.9005772471427917,0.9673015475273132,0.04658260568976402,0.03133387863636017,0.13117875158786774,0.9673015475273132,0.04658260568976402,0.03133387863636017,0.13117875158786774,
poison/poispps/datapoisppsseq/poisauth_pps_3ec015d8.csv,ok,429,19,0,authentic,0,authentic,0.9800876975059509,all_windows,no_qualified_attack_window,19,0,0.0,True,0.891307532787323,0.9800876975059509,0.1656121164560318,0.09759049117565155,0.08648466318845749,0.9800876975059509,0.1656121164560318,0.09759049117565155,0.08648466318845749,
poison/poispps/datapoisppsseq/poisauth_pps_3ec27b98.csv,ok,461,21,0,authentic,0,authentic,0.9901590347290039,all_windows,no_qualified_attack_window,21,0,0.0,True,0.924096941947937,0.9901590347290039,0.05259058624505997,0.029202133417129517,0.12566803395748138,0.9901590347290039,0.05259058624505997,0.029202133417129517,0.12566803395748138,
poison/poispps/datapoisppsseq/poisauth_pps_3ec6b3c3.csv,ok,358,15,0,authentic,0,authentic,0.9802632331848145,all_windows,no_qualified_attack_window,15,0,0.0,True,0.8810449242591858,0.9802632331848145,0.0915374606847763,0.04855481535196304,0.11913154274225235,0.9802632331848145,0.0915374606847763,0.04855481535196304,0.11913154274225235,
poison/poispps/datapoisppsseq/poisauth_pps_3ec95ad2.csv,ok,255,8,0,authentic,0,authentic,0.970354437828064,all_windows,no_qualified_attack_window,8,0,0.0,True,0.8691986203193665,0.970354437828064,0.07571849226951599,0.04020131751894951,0.10297840088605881,0.970354437828064,0.07571849226951599,0.04020131751894951,0.10297840088605881,
poison/poispps/datapoisppsseq/poisauth_pps_3ec9602e.csv,ok,279,10,0,authentic,0,authentic,0.9546772837638855,all_windows,no_qualified_attack_window,10,0,0.0,True,0.8821473121643066,0.9546772837638855,0.06991101056337357,0.10191556066274643,0.04033918306231499,0.9546772837638855,0.06991101056337357,0.10191556066274643,0.04033918306231499,
poison/poispps/datapoisppsseq/poisauth_pps_3ecf1d5f.csv,ok,314,12,0,authentic,0,authentic,0.9941336512565613,all_windows,no_qualified_attack_window,12,0,0.0,True,0.866595447063446,0.9941336512565613,0.19321028888225555,0.09610605984926224,0.07470595091581345,0.9941336512565613,0.19321028888225555,0.09610605984926224,0.07470595091581345,
poison/poispps/datapoisppsseq/poisauth_pps_3ed3b719.csv,ok,272,10,0,authentic,0,authentic,0.9758375287055969,all_windows,no_qualified_attack_window,10,0,0.0,True,0.8687334060668945,0.9758375287055969,0.08075643330812454,0.05829056724905968,0.12023882567882538,0.9758375287055969,0.08075643330812454,0.05829056724905968,0.12023882567882538,
poison/poispps/datapoisppsseq/poisauth_pps_3ed7dd02.csv,ok,320,13,0,authentic,0,authentic,0.9999012351036072,all_windows,no_qualified_attack_window,13,0,0.0,True,0.930691123008728,0.9999012351036072,0.058623623102903366,0.042972080409526825,0.05666697397828102,0.9999012351036072,0.058623623102903366,0.042972080409526825,0.05666697397828102,
poison/poispps/datapoisppsseq/poisauth_pps_3edabb6e.csv,ok,445,20,0,authentic,0,authentic,0.9836817979812622,all_windows,no_qualified_attack_window,20,0,0.0,True,0.9104822278022766,0.9836817979812622,0.11963876336812973,0.09879125654697418,0.1209992840886116,0.9836817979812622,0.11963876336812973,0.09879125654697418,0.1209992840886116,
poison/poispps/datapoisppsseq/poisauth_pps_3edb74ff.csv,ok,476,22,0,authentic,0,authentic,0.9833263754844666,all_windows,no_qualified_attack_window,22,0,0.0,True,0.9117014408111572,0.9833263754844666,0.08055429905653,0.0458790548145771,0.10065969824790955,0.9833263754844666,0.08055429905653,0.0458790548145771,0.10065969824790955,
poison/poispps/datapoisppsseq/poisauth_pps_3edf291e.csv,ok,441,20,0,authentic,0,authentic,0.9913498163223267,all_windows,no_qualified_attack_window,20,0,0.0,True,0.929841160774231,0.9913498163223267,0.05700747296214104,0.03232676908373833,0.11558191478252411,0.9913498163223267,0.05700747296214104,0.03232676908373833,0.11558191478252411,
poison/poispps/datapoisppsseq/poisauth_pps_3ee7b137.csv,ok,263,9,0,authentic,0,authentic,0.9225102066993713,all_windows,no_qualified_attack_window,9,0,0.0,True,0.7409186363220215,0.9225102066993713,0.3466755747795105,0.06166888028383255,0.11839412152767181,0.9225102066993713,0.3466755747795105,0.06166888028383255,0.11839412152767181,
poison/poispps/datapoisppsseq/poisauth_pps_3eeb9529.csv,ok,281,10,0,authentic,0,authentic,0.9650173187255859,all_windows,no_qualified_attack_window,10,0,0.0,True,0.8503494262695312,0.9650173187255859,0.12169564515352249,0.0689215362071991,0.05331281200051308,0.9650173187255859,0.12169564515352249,0.0689215362071991,0.05331281200051308,
poison/poispps/datapoisppsseq/poisauth_pps_3ef6a156.csv,ok,430,19,0,authentic,0,authentic,0.9753293991088867,all_windows,no_qualified_attack_window,19,0,0.0,True,0.8692455291748047,0.9753293991088867,0.14186584949493408,0.10606873035430908,0.14057041704654694,0.9753293991088867,0.14186584949493408,0.10606873035430908,0.14057041704654694,
poison/poispps/datapoisppsseq/poisauth_pps_3ef78af1.csv,ok,367,15,0,authentic,0,authentic,0.9901543855667114,all_windows,no_qualified_attack_window,15,0,0.0,True,0.887881338596344,0.9901543855667114,0.18152888119220734,0.09017209708690643,0.08346070349216461,0.9901543855667114,0.18152888119220734,0.09017209708690643,0.08346070349216461,
poison/poispps/datapoisppsseq/poisauth_pps_3ef9b50e.csv,ok,339,14,0,authentic,0,authentic,0.9978762865066528,all_windows,no_qualified_attack_window,14,0,0.0,True,0.885525643825531,0.9978762865066528,0.1648683398962021,0.07458671182394028,0.08860672265291214,0.9978762865066528,0.1648683398962021,0.07458671182394028,0.08860672265291214,
poison/poispps/datapoisppsseq/poisauth_pps_3efd6222.csv,ok,270,9,0,authentic,1,modified_altitude,0.485944539308548,all_windows,qualified_attack_window,9,2,0.2222222222222222,False,0.6508980393409729,0.9755006432533264,0.485944539308548,0.3149068057537079,0.05631917715072632,0.9755006432533264,0.485944539308548,0.3149068057537079,0.05631917715072632,
poison/poispps/datapoisppsseq/poisauth_pps_3f0618cd.csv,ok,405,18,0,authentic,0,authentic,0.9883343577384949,all_windows,no_qualified_attack_window,18,0,0.0,True,0.9219833016395569,0.9883343577384949,0.09715554118156433,0.048209067434072495,0.08911348879337311,0.9883343577384949,0.09715554118156433,0.048209067434072495,0.08911348879337311,
poison/poispps/datapoisppsseq/poisauth_pps_3f071cd8.csv,ok,341,14,0,authentic,0,authentic,0.9606602787971497,all_windows,no_qualified_attack_window,14,0,0.0,True,0.883398711681366,0.9606602787971497,0.21999670565128326,0.12719307839870453,0.08497437834739685,0.9606602787971497,0.21999670565128326,0.12719307839870453,0.08497437834739685,
poison/poispps/datapoisppsseq/poisauth_pps_3f092b29.csv,ok,301,11,0,authentic,0,authentic,0.9948663711547852,all_windows,no_qualified_attack_window,11,0,0.0,True,0.8948888182640076,0.9948663711547852,0.09546797722578049,0.09231733530759811,0.08486256003379822,0.9948663711547852,0.09546797722578049,0.09231733530759811,0.08486256003379822,
poison/poispps/datapoisppsseq/poisauth_pps_3f0a952f.csv,ok,291,11,0,authentic,0,authentic,0.9622254967689514,all_windows,no_qualified_attack_window,11,0,0.0,True,0.8518993258476257,0.9622254967689514,0.1453201174736023,0.07669755816459656,0.09381227195262909,0.9622254967689514,0.1453201174736023,0.07669755816459656,0.09381227195262909,
poison/poispps/datapoisppsseq/poisauth_pps_3f0a9ef6.csv,ok,423,19,0,authentic,0,authentic,0.9939311146736145,all_windows,no_qualified_attack_window,19,0,0.0,True,0.9220004081726074,0.9939311146736145,0.06530533730983734,0.03639129176735878,0.14095546305179596,0.9939311146736145,0.06530533730983734,0.03639129176735878,0.14095546305179596,
poison/poispps/datapoisppsseq/poisauth_pps_3f0e5812.csv,ok,337,14,0,authentic,0,authentic,0.9849739074707031,all_windows,no_qualified_attack_window,14,0,0.0,True,0.8971678018569946,0.9849739074707031,0.08867392688989639,0.06062118336558342,0.08360375463962555,0.9849739074707031,0.08867392688989639,0.06062118336558342,0.08360375463962555,
poison/poispps/datapoisppsseq/poisauth_pps_3f0e8a5a.csv,ok,372,16,0,authentic,1,modified_altitude,0.5269884467124939,all_windows,qualified_attack_window,16,1,0.0625,False,0.8382701277732849,0.9877100586891174,0.5269884467124939,0.2512954771518707,0.13242845237255096,0.9877100586891174,0.5269884467124939,0.2512954771518707,0.13242845237255096,
poison/poispps/datapoisppsseq/poisauth_pps_3f0eaf7c.csv,ok,387,17,0,authentic,0,authentic,0.9992703199386597,all_windows,no_qualified_attack_window,17,0,0.0,True,0.7472466826438904,0.9992703199386597,0.24267509579658508,0.32384827733039856,0.046469803899526596,0.9992703199386597,0.24267509579658508,0.32384827733039856,0.046469803899526596,
poison/poispps/datapoisppsseq/poisauth_pps_3f10986f.csv,ok,289,11,0,authentic,0,authentic,0.9970782995223999,all_windows,no_qualified_attack_window,11,0,0.0,True,0.8776313662528992,0.9970782995223999,0.15057171881198883,0.07924962788820267,0.06826838105916977,0.9970782995223999,0.15057171881198883,0.07924962788820267,0.06826838105916977,
poison/poispps/datapoisppsseq/poisauth_pps_3f11f85c.csv,ok,278,10,0,authentic,0,authentic,0.969356119632721,all_windows,no_qualified_attack_window,10,0,0.0,True,0.8747536540031433,0.969356119632721,0.0831574946641922,0.04782456159591675,0.08764836937189102,0.969356119632721,0.0831574946641922,0.04782456159591675,0.08764836937189102,
poison/poispps/datapoisppsseq/poisauth_pps_3f150622.csv,ok,334,13,0,authentic,0,authentic,0.9544742107391357,all_windows,no_qualified_attack_window,13,0,0.0,True,0.9039615988731384,0.9544742107391357,0.05190129578113556,0.035770170390605927,0.08075163513422012,0.9544742107391357,0.05190129578113556,0.035770170390605927,0.08075163513422012,
poison/poispps/datapoisppsseq/poisauth_pps_3f181dad.csv,ok,242,8,0,authentic,0,authentic,0.7829505205154419,all_windows,no_qualified_attack_window,8,0,0.0,True,0.7811810374259949,0.7829505205154419,0.04617765173316002,0.027299147099256516,0.1527257114648819,0.7829505205154419,0.04617765173316002,0.027299147099256516,0.1527257114648819,
poison/poispps/datapoisppsseq/poisauth_pps_3f18d38a.csv,ok,614,31,0,authentic,0,authentic,0.9893048405647278,all_windows,no_qualified_attack_window,31,0,0.0,True,0.9212666153907776,0.9893048405647278,0.10470515489578247,0.03770783916115761,0.14999373257160187,0.9893048405647278,0.10470515489578247,0.03770783916115761,0.14999373257160187,
poison/poispps/datapoisppsseq/poisauth_pps_3f1976b1.csv,ok,325,13,0,authentic,0,authentic,0.990710437297821,all_windows,no_qualified_attack_window,13,0,0.0,True,0.8755592107772827,0.990710437297821,0.0472489558160305,0.029959464445710182,0.14304982125759125,0.990710437297821,0.0472489558160305,0.029959464445710182,0.14304982125759125,
poison/poispps/datapoisppsseq/poisauth_pps_3f19a49f.csv,ok,398,17,0,authentic,0,authentic,0.9620072841644287,all_windows,no_qualified_attack_window,17,0,0.0,True,0.8679915070533752,0.9620072841644287,0.25995945930480957,0.1299595683813095,0.11248946934938431,0.9620072841644287,0.25995945930480957,0.1299595683813095,0.11248946934938431,
poison/poispps/datapoisppsseq/poisauth_pps_3f1c255d.csv,ok,287,10,0,authentic,0,authentic,0.9897875785827637,all_windows,no_qualified_attack_window,10,0,0.0,True,0.8850213289260864,0.9897875785827637,0.10128296166658401,0.051456570625305176,0.08309973776340485,0.9897875785827637,0.10128296166658401,0.051456570625305176,0.08309973776340485,
poison/poispps/datapoisppsseq/poisauth_pps_3f1c4ede.csv,ok,241,8,0,authentic,0,authentic,0.9341172575950623,all_windows,no_qualified_attack_window,8,0,0.0,True,0.8346049189567566,0.9341172575950623,0.1556483805179596,0.07841609418392181,0.10400499403476715,0.9341172575950623,0.1556483805179596,0.07841609418392181,0.10400499403476715,
poison/poispps/datapoisppsseq/poisauth_pps_3f1e5295.csv,ok,363,15,0,authentic,0,authentic,0.9999874830245972,all_windows,no_qualified_attack_window,15,0,0.0,True,0.9285643100738525,0.9999874830245972,0.03632406145334244,0.11216046661138535,0.04391327500343323,0.9999874830245972,0.03632406145334244,0.11216046661138535,0.04391327500343323,
poison/poispps/datapoisppsseq/poisauth_pps_3f21c272.csv,ok,479,22,0,authentic,0,authentic,0.9875671863555908,all_windows,no_qualified_attack_window,22,0,0.0,True,0.9265139102935791,0.9875671863555908,0.06153203547000885,0.03298404440283775,0.1288527399301529,0.9875671863555908,0.06153203547000885,0.03298404440283775,0.1288527399301529,
poison/poispps/datapoisppsseq/poisauth_pps_3f21e416.csv,ok,333,13,0,authentic,0,authentic,0.9778109192848206,all_windows,no_qualified_attack_window,13,0,0.0,True,0.8788490891456604,0.9778109192848206,0.1053323969244957,0.06426296383142471,0.13436821103096008,0.9778109192848206,0.1053323969244957,0.06426296383142471,0.13436821103096008,
poison/poispps/datapoisppsseq/poisauth_pps_3f22ddbb.csv,ok,325,13,0,authentic,2,modified_speed,0.9990092515945435,all_windows,qualified_attack_window,13,1,0.07692307692307693,False,0.8507562875747681,0.9870855808258057,0.05037844926118851,0.9990092515945435,0.08558153361082077,0.9870855808258057,0.05037844926118851,0.9990092515945435,0.08558153361082077,
poison/poispps/datapoisppsseq/poisauth_pps_3f254422.csv,ok,246,8,0,authentic,0,authentic,0.9277784824371338,all_windows,no_qualified_attack_window,8,0,0.0,True,0.661348819732666,0.9277784824371338,0.3323630690574646,0.3163578510284424,0.09380427747964859,0.9277784824371338,0.3323630690574646,0.3163578510284424,0.09380427747964859,
poison/poispps/datapoisppsseq/poisauth_pps_3f2f38e4.csv,ok,380,16,0,authentic,0,authentic,0.9927083253860474,all_windows,no_qualified_attack_window,16,0,0.0,True,0.8871285915374756,0.9927083253860474,0.12895119190216064,0.07991819083690643,0.11576147377490997,0.9927083253860474,0.12895119190216064,0.07991819083690643,0.11576147377490997,
poison/poispps/datapoisppsseq/poisauth_pps_3f314db7.csv,ok,327,13,0,authentic,0,authentic,0.9894850850105286,all_windows,no_qualified_attack_window,13,0,0.0,True,0.8862472176551819,0.9894850850105286,0.09524137526750565,0.06361163407564163,0.09482631832361221,0.9894850850105286,0.09524137526750565,0.06361163407564163,0.09482631832361221,
poison/poispps/datapoisppsseq/poisauth_pps_3f326c32.csv,ok,307,12,0,authentic,0,authentic,0.9757152795791626,all_windows,no_qualified_attack_window,12,0,0.0,True,0.8654634356498718,0.9757152795791626,0.15913055837154388,0.09346908330917358,0.07685507088899612,0.9757152795791626,0.15913055837154388,0.09346908330917358,0.07685507088899612,
poison/poispps/datapoisppsseq/poisauth_pps_3f35aa6c.csv,ok,440,20,0,authentic,0,authentic,0.9813905954360962,all_windows,no_qualified_attack_window,20,0,0.0,True,0.8991888761520386,0.9813905954360962,0.12194285541772842,0.06658576428890228,0.10081436485052109,0.9813905954360962,0.12194285541772842,0.06658576428890228,0.10081436485052109,
poison/poispps/datapoisppsseq/poisauth_pps_3f35e08f.csv,ok,432,20,0,authentic,0,authentic,0.9830808639526367,all_windows,no_qualified_attack_window,20,0,0.0,True,0.9009027481079102,0.9830808639526367,0.08739978075027466,0.056563809514045715,0.11372635513544083,0.9830808639526367,0.08739978075027466,0.056563809514045715,0.11372635513544083,
poison/poispps/datapoisppsseq/poisauth_pps_3f369ee5.csv,ok,403,18,0,authentic,0,authentic,0.9899418950080872,all_windows,no_qualified_attack_window,18,0,0.0,True,0.9172364473342896,0.9899418950080872,0.07076423615217209,0.04533763602375984,0.10781651735305786,0.9899418950080872,0.07076423615217209,0.04533763602375984,0.10781651735305786,
poison/poispps/datapoisppsseq/poisauth_pps_3f3a0618.csv,ok,393,17,0,authentic,0,authentic,0.999990701675415,all_windows,no_qualified_attack_window,17,0,0.0,True,0.8703312277793884,0.999990701675415,0.07183021306991577,0.17940865457057953,0.1656150370836258,0.999990701675415,0.07183021306991577,0.17940865457057953,0.1656150370836258,
poison/poispps/datapoisppsseq/poisauth_pps_3f3a6a75.csv,ok,287,10,0,authentic,0,authentic,0.9718144536018372,all_windows,no_qualified_attack_window,10,0,0.0,True,0.8887155652046204,0.9718144536018372,0.08694988489151001,0.049831002950668335,0.07292038947343826,0.9718144536018372,0.08694988489151001,0.049831002950668335,0.07292038947343826,
poison/poispps/datapoisppsseq/poisauth_pps_3f3ae357.csv,ok,248,8,0,authentic,0,authentic,0.9756262302398682,all_windows,no_qualified_attack_window,8,0,0.0,True,0.8901780843734741,0.9756262302398682,0.0682768002152443,0.028681742027401924,0.08449713885784149,0.9756262302398682,0.0682768002152443,0.028681742027401924,0.08449713885784149,
poison/poispps/datapoisppsseq/poisauth_pps_3f3d4a17.csv,ok,245,8,0,authentic,0,authentic,0.955920934677124,all_windows,no_qualified_attack_window,8,0,0.0,True,0.8472802042961121,0.955920934677124,0.11456679552793503,0.06078863516449928,0.07159532606601715,0.955920934677124,0.11456679552793503,0.06078863516449928,0.07159532606601715,
poison/poispps/datapoisppsseq/poisauth_pps_3f3eb60d.csv,ok,336,14,0,authentic,0,authentic,0.9622476696968079,all_windows,no_qualified_attack_window,14,0,0.0,True,0.8741599321365356,0.9622476696968079,0.17892977595329285,0.1292356550693512,0.08362574875354767,0.9622476696968079,0.17892977595329285,0.1292356550693512,0.08362574875354767,
poison/poispps/datapoisppsseq/poisauth_pps_3f3ed080.csv,ok,299,11,0,authentic,0,authentic,0.9757392406463623,all_windows,no_qualified_attack_window,11,0,0.0,True,0.8334020972251892,0.9757392406463623,0.21258725225925446,0.13297943770885468,0.09784308820962906,0.9757392406463623,0.21258725225925446,0.13297943770885468,0.09784308820962906,
poison/poispps/datapoisppsseq/poisauth_pps_3f41a9e4.csv,ok,313,12,0,authentic,0,authentic,0.9686901569366455,all_windows,no_qualified_attack_window,12,0,0.0,True,0.885262668132782,0.9686901569366455,0.0955750122666359,0.05857609584927559,0.09917295724153519,0.9686901569366455,0.0955750122666359,0.05857609584927559,0.09917295724153519,
poison/poispps/datapoisppsseq/poisauth_pps_3f437085.csv,ok,274,10,0,authentic,0,authentic,0.9517138004302979,all_windows,no_qualified_attack_window,10,0,0.0,True,0.8579180836677551,0.9517138004302979,0.07692892849445343,0.1302499920129776,0.09394386410713196,0.9517138004302979,0.07692892849445343,0.1302499920129776,0.09394386410713196,
poison/poispps/datapoisppsseq/poisauth_pps_3f45ef37.csv,ok,248,8,0,authentic,0,authentic,0.9324015974998474,all_windows,no_qualified_attack_window,8,0,0.0,True,0.8615700006484985,0.9324015974998474,0.08338919281959534,0.04978185147047043,0.086902916431427,0.9324015974998474,0.08338919281959534,0.04978185147047043,0.086902916431427,
poison/poispps/datapoisppsseq/poisauth_pps_3f474a36.csv,ok,269,9,0,authentic,0,authentic,0.9745386838912964,all_windows,no_qualified_attack_window,9,0,0.0,True,0.8646218180656433,0.9745386838912964,0.0693972259759903,0.03833885118365288,0.11040437966585159,0.9745386838912964,0.0693972259759903,0.03833885118365288,0.11040437966585159,
poison/poispps/datapoisppsseq/poisauth_pps_3f4a8aff.csv,ok,401,18,0,authentic,0,authentic,0.9849287867546082,all_windows,no_qualified_attack_window,18,0,0.0,True,0.9014253616333008,0.9849287867546082,0.05551372095942497,0.04028087109327316,0.1023910641670227,0.9849287867546082,0.05551372095942497,0.04028087109327316,0.1023910641670227,
poison/poispps/datapoisppsseq/poisauth_pps_3f4b144a.csv,ok,311,12,0,authentic,0,authentic,0.9819814562797546,all_windows,no_qualified_attack_window,12,0,0.0,True,0.7891462445259094,0.9819814562797546,0.19750265777111053,0.2383137047290802,0.0637274831533432,0.9819814562797546,0.19750265777111053,0.2383137047290802,0.0637274831533432,
poison/poispps/datapoisppsseq/poisauth_pps_3f4b60b3.csv,ok,309,12,0,authentic,0,authentic,0.9265798330307007,all_windows,no_qualified_attack_window,12,0,0.0,True,0.7870973944664001,0.9265798330307007,0.16533207893371582,0.09511815756559372,0.19761793315410614,0.9265798330307007,0.16533207893371582,0.09511815756559372,0.19761793315410614,
poison/poispps/datapoisppsseq/poisauth_pps_3f52629f.csv,ok,378,16,0,authentic,0,authentic,0.9746807217597961,all_windows,no_qualified_attack_window,16,0,0.0,True,0.9388569593429565,0.9746807217597961,0.06045937538146973,0.05108193680644035,0.04208361357450485,0.9746807217597961,0.06045937538146973,0.05108193680644035,0.04208361357450485,
poison/poispps/datapoisppsseq/poisauth_pps_3f530227.csv,ok,427,19,0,authentic,0,authentic,0.9765194058418274,all_windows,no_qualified_attack_window,19,0,0.0,True,0.8773977160453796,0.9765194058418274,0.12904666364192963,0.08043070137500763,0.1099700853228569,0.9765194058418274,0.12904666364192963,0.08043070137500763,0.1099700853228569,
poison/poispps/datapoisppsseq/poisauth_pps_3f556511.csv,ok,281,10,0,authentic,0,authentic,0.9454443454742432,all_windows,no_qualified_attack_window,10,0,0.0,True,0.8573145866394043,0.9454443454742432,0.12474741786718369,0.06804915517568588,0.08413618803024292,0.9454443454742432,0.12474741786718369,0.06804915517568588,0.08413618803024292,
poison/poispps/datapoisppsseq/poisauth_pps_3f5a9b5e.csv,ok,265,9,0,authentic,0,authentic,0.9381076097488403,all_windows,no_qualified_attack_window,9,0,0.0,True,0.8411000967025757,0.9381076097488403,0.06252865493297577,0.03517938405275345,0.13560040295124054,0.9381076097488403,0.06252865493297577,0.03517938405275345,0.13560040295124054,
poison/poispps/datapoisppsseq/poisauth_pps_3f5acae1.csv,ok,476,22,0,authentic,0,authentic,0.988257110118866,all_windows,no_qualified_attack_window,22,0,0.0,True,0.8890201449394226,0.988257110118866,0.15364892780780792,0.07895925641059875,0.15111033618450165,0.988257110118866,0.15364892780780792,0.07895925641059875,0.15111033618450165,
poison/poispps/datapoisppsseq/poisauth_pps_3f5f176f.csv,ok,412,18,0,authentic,0,authentic,0.9861933588981628,all_windows,no_qualified_attack_window,18,0,0.0,True,0.8519073724746704,0.9861933588981628,0.2736230790615082,0.10824860632419586,0.05483869090676308,0.9861933588981628,0.2736230790615082,0.10824860632419586,0.05483869090676308,
poison/poispps/datapoisppsseq/poisauth_pps_3f5fc518.csv,ok,320,13,0,authentic,0,authentic,0.9823203086853027,all_windows,no_qualified_attack_window,13,0,0.0,True,0.8732977509498596,0.9823203086853027,0.14760823547840118,0.08609557151794434,0.08821325749158859,0.9823203086853027,0.14760823547840118,0.08609557151794434,0.08821325749158859,
poison/poispps/datapoisppsseq/poisauth_pps_3f63398e.csv,ok,426,19,0,authentic,0,authentic,0.9811052680015564,all_windows,no_qualified_attack_window,19,0,0.0,True,0.9249603152275085,0.9811052680015564,0.06090838462114334,0.04254136234521866,0.07012206315994263,0.9811052680015564,0.06090838462114334,0.04254136234521866,0.07012206315994263,
poison/poispps/datapoisppsseq/poisauth_pps_3f643d6d.csv,ok,284,10,0,authentic,0,authentic,0.9891762733459473,all_windows,no_qualified_attack_window,10,0,0.0,True,0.838265061378479,0.9891762733459473,0.1969553679227829,0.14593978226184845,0.04106615111231804,0.9891762733459473,0.1969553679227829,0.14593978226184845,0.04106615111231804,
poison/poispps/datapoisppsseq/poisauth_pps_3f67a7b3.csv,ok,381,16,0,authentic,0,authentic,0.982269823551178,all_windows,no_qualified_attack_window,16,0,0.0,True,0.91487056016922,0.982269823551178,0.05278772860765457,0.03141568601131439,0.11581093817949295,0.982269823551178,0.05278772860765457,0.03141568601131439,0.11581093817949295,
poison/poispps/datapoisppsseq/poisauth_pps_3f67d5ec.csv,ok,401,18,0,authentic,0,authentic,0.9886553287506104,all_windows,no_qualified_attack_window,18,0,0.0,True,0.9224802851676941,0.9886553287506104,0.07665760815143585,0.03519342467188835,0.08605938404798508,0.9886553287506104,0.07665760815143585,0.03519342467188835,0.08605938404798508,
poison/poispps/datapoisppsseq/poisauth_pps_3f6eb08e.csv,ok,341,14,0,authentic,0,authentic,0.9782207012176514,all_windows,no_qualified_attack_window,14,0,0.0,True,0.9116297960281372,0.9782207012176514,0.05178207531571388,0.036316726356744766,0.10009994357824326,0.9782207012176514,0.05178207531571388,0.036316726356744766,0.10009994357824326,
poison/poispps/datapoisppsseq/poisauth_pps_3f6f3ab3.csv,ok,325,13,0,authentic,0,authentic,0.9936331510543823,all_windows,no_qualified_attack_window,13,0,0.0,True,0.7873232960700989,0.9936331510543823,0.31951507925987244,0.17496009171009064,0.10979156941175461,0.9936331510543823,0.31951507925987244,0.17496009171009064,0.10979156941175461,
poison/poispps/datapoisppsseq/poisauth_pps_3f73ba3f.csv,ok,242,8,0,authentic,0,authentic,0.9624837636947632,all_windows,no_qualified_attack_window,8,0,0.0,True,0.884687066078186,0.9624837636947632,0.07629626244306564,0.037697046995162964,0.14440062642097473,0.9624837636947632,0.07629626244306564,0.037697046995162964,0.14440062642097473,
poison/poispps/datapoisppsseq/poisauth_pps_3f76d97b.csv,ok,408,18,0,authentic,0,authentic,0.990067720413208,all_windows,no_qualified_attack_window,18,0,0.0,True,0.8686283826828003,0.990067720413208,0.2885204553604126,0.15325497090816498,0.10628388822078705,0.990067720413208,0.2885204553604126,0.15325497090816498,0.10628388822078705,
poison/poispps/datapoisppsseq/poisauth_pps_3f77a52d.csv,ok,331,13,0,authentic,0,authentic,0.958914577960968,all_windows,no_qualified_attack_window,13,0,0.0,True,0.8991215825080872,0.958914577960968,0.04564106464385986,0.03485257178544998,0.10790501534938812,0.958914577960968,0.04564106464385986,0.03485257178544998,0.10790501534938812,
poison/poispps/datapoisppsseq/poisauth_pps_3f82a0d7.csv,ok,282,10,0,authentic,0,authentic,0.9655712842941284,all_windows,no_qualified_attack_window,10,0,0.0,True,0.8244273066520691,0.9655712842941284,0.19592227041721344,0.11464162170886993,0.11117804050445557,0.9655712842941284,0.19592227041721344,0.11464162170886993,0.11117804050445557,
poison/poispps/datapoisppsseq/poisauth_pps_3f835069.csv,ok,476,22,0,authentic,0,authentic,0.9831523299217224,all_windows,no_qualified_attack_window,22,0,0.0,True,0.9002408385276794,0.9831523299217224,0.04617765173316002,0.027299147099256516,0.14357268810272217,0.9831523299217224,0.04617765173316002,0.027299147099256516,0.14357268810272217,
poison/poispps/datapoisppsseq/poisauth_pps_3f872baf.csv,ok,285,10,0,authentic,0,authentic,0.9684296250343323,all_windows,no_qualified_attack_window,10,0,0.0,True,0.8656167984008789,0.9684296250343323,0.061908457428216934,0.03932490572333336,0.1273665726184845,0.9684296250343323,0.061908457428216934,0.03932490572333336,0.1273665726184845,
poison/poispps/datapoisppsseq/poisauth_pps_3f8a28fd.csv,ok,297,11,0,authentic,0,authentic,0.9890523552894592,all_windows,no_qualified_attack_window,11,0,0.0,True,0.8909587860107422,0.9890523552894592,0.05622083321213722,0.0306546650826931,0.11702179908752441,0.9890523552894592,0.05622083321213722,0.0306546650826931,0.11702179908752441,
poison/poispps/datapoisppsseq/poisauth_pps_3f8e33ee.csv,ok,294,11,0,authentic,0,authentic,0.989207923412323,all_windows,no_qualified_attack_window,11,0,0.0,True,0.8508420586585999,0.989207923412323,0.09271889925003052,0.04722271114587784,0.16948501765727997,0.989207923412323,0.09271889925003052,0.04722271114587784,0.16948501765727997,
poison/poispps/datapoisppsseq/poisauth_pps_3f8f2d43.csv,ok,393,17,0,authentic,3,modified_position,0.47794896364212036,all_windows,qualified_attack_window,17,1,0.058823529411764705,False,0.7790951728820801,0.9833335280418396,0.18301603198051453,0.10900714993476868,0.47794896364212036,0.9833335280418396,0.18301603198051453,0.10900714993476868,0.47794896364212036,
poison/poispps/datapoisppsseq/poisauth_pps_3f91efe4.csv,ok,394,17,0,authentic,0,authentic,0.9783861041069031,all_windows,no_qualified_attack_window,17,0,0.0,True,0.8848482966423035,0.9783861041069031,0.08557047694921494,0.07390247285366058,0.11008471995592117,0.9783861041069031,0.08557047694921494,0.07390247285366058,0.11008471995592117,
poison/poispps/datapoisppsseq/poisauth_pps_3f935e62.csv,ok,428,19,0,authentic,0,authentic,0.9766459465026855,all_windows,no_qualified_attack_window,19,0,0.0,True,0.9091085195541382,0.9766459465026855,0.08218501508235931,0.06545885652303696,0.07273489981889725,0.9766459465026855,0.08218501508235931,0.06545885652303696,0.07273489981889725,
poison/poispps/datapoisppsseq/poisauth_pps_3f967712.csv,ok,282,10,0,authentic,1,modified_altitude,0.5179122090339661,all_windows,qualified_attack_window,10,1,0.1,False,0.7584454417228699,0.9768182039260864,0.5179122090339661,0.04561382159590721,0.1746639460325241,0.9768182039260864,0.5179122090339661,0.04561382159590721,0.1746639460325241,
poison/poispps/datapoisppsseq/poisauth_pps_inf_14.csv,ok,293,11,0,authentic,0,authentic,0.9822158813476562,all_windows,no_qualified_attack_window,11,0,0.0,True,0.8819173574447632,0.9822158813476562,0.06723902374505997,0.10497309267520905,0.08537746220827103,0.9822158813476562,0.06723902374505997,0.10497309267520905,0.08537746220827103,
poison/poispps/datapoisppsseq/poisauth_pps_inf_16.csv,ok,504,24,0,authentic,3,modified_position,0.9837677478790283,all_windows,qualified_attack_window,24,8,0.3333333333333333,False,0.6417736411094666,0.9833958148956299,0.12286517769098282,0.07162605226039886,0.9837677478790283,0.9833958148956299,0.12286517769098282,0.07162605226039886,0.9837677478790283,
poison/poispps/datapoisppsseq/poispos_pps_3e3a56df.csv,ok,341,14,3,modified_position,3,modified_position,0.998694121837616,all_windows,qualified_attack_window,14,8,0.5714285714285714,True,0.4117155075073242,0.977386474609375,0.022466519847512245,0.01520655956119299,0.998694121837616,0.977386474609375,0.022466519847512245,0.01520655956119299,0.998694121837616,
poison/poispps/datapoisppsseq/poispos_pps_3e3b27f0.csv,ok,464,22,3,modified_position,2,modified_speed,0.6982342004776001,all_windows,qualified_attack_window,22,2,0.09090909090909091,False,0.7867967486381531,0.9814226627349854,0.0860721692442894,0.6982342004776001,0.1356608271598816,0.9814226627349854,0.0860721692442894,0.6982342004776001,0.1356608271598816,
poison/poispps/datapoisppsseq/poispos_pps_3e3d62fc.csv,ok,399,17,3,modified_position,3,modified_position,0.9995203018188477,all_windows,qualified_attack_window,17,8,0.47058823529411764,True,0.43489697575569153,0.8696115612983704,0.10972777754068375,0.3241522014141083,0.9995203018188477,0.8696115612983704,0.10972777754068375,0.3241522014141083,0.9995203018188477,
poison/poispps/datapoisppsseq/poispos_pps_3e3e764c.csv,ok,387,17,3,modified_position,3,modified_position,0.9996408224105835,all_windows,qualified_attack_window,17,8,0.47058823529411764,True,0.49030405282974243,0.9782705307006836,0.04584035277366638,0.028512893244624138,0.9996408224105835,0.9782705307006836,0.04584035277366638,0.028512893244624138,0.9996408224105835,
poison/poispps/datapoisppsseq/poispos_pps_3e47d351.csv,ok,453,21,3,modified_position,3,modified_position,0.999996542930603,all_windows,qualified_attack_window,21,8,0.38095238095238093,True,0.5921245217323303,0.9947794079780579,0.07680430263280869,0.038192253559827805,0.999996542930603,0.9947794079780579,0.07680430263280869,0.038192253559827805,0.999996542930603,
poison/poispps/datapoisppsseq/poispos_pps_3e4c020c.csv,ok,397,17,3,modified_position,3,modified_position,0.999983012676239,all_windows,qualified_attack_window,17,10,0.5882352941176471,True,0.4005875289440155,0.9354494214057922,0.06947816163301468,0.7768580317497253,0.999983012676239,0.9354494214057922,0.06947816163301468,0.7768580317497253,0.999983012676239,
poison/poispps/datapoisppsseq/poispos_pps_3e4c278e.csv,ok,432,20,3,modified_position,3,modified_position,0.9994205832481384,all_windows,qualified_attack_window,20,8,0.4,True,0.5612455606460571,0.9785895943641663,0.10054541379213333,0.05826961621642113,0.9994205832481384,0.9785895943641663,0.10054541379213333,0.05826961621642113,0.9994205832481384,
poison/poispps/datapoisppsseq/poispos_pps_3e4f2065.csv,ok,261,9,3,modified_position,3,modified_position,0.9910801649093628,all_windows,qualified_attack_window,9,4,0.4444444444444444,True,0.41558054089546204,0.8462399840354919,0.39801427721977234,0.06824067234992981,0.9910801649093628,0.8462399840354919,0.39801427721977234,0.06824067234992981,0.9910801649093628,
poison/poispps/datapoisppsseq/poispos_pps_3e511fac.csv,ok,298,11,3,modified_position,3,modified_position,0.9997029900550842,all_windows,qualified_attack_window,11,8,0.7272727272727273,True,0.2592273950576782,0.9893251061439514,0.024668674916028976,0.01675369404256344,0.9997029900550842,0.9893251061439514,0.024668674916028976,0.01675369404256344,0.9997029900550842,
poison/poispps/datapoisppsseq/poispos_pps_3e626c7b.csv,ok,281,10,3,modified_position,3,modified_position,0.9999997615814209,all_windows,qualified_attack_window,10,7,0.7,True,0.2873082458972931,0.9774104952812195,0.018966106697916985,0.012335345149040222,0.9999997615814209,0.9774104952812195,0.018966106697916985,0.012335345149040222,0.9999997615814209,
poison/poispps/datapoisppsseq/poispos_pps_3e6850ee.csv,ok,292,11,3,modified_position,3,modified_position,0.9987187385559082,all_windows,qualified_attack_window,11,8,0.7272727272727273,True,0.25175535678863525,0.9590118527412415,0.041880663484334946,0.023299725726246834,0.9987187385559082,0.9590118527412415,0.041880663484334946,0.023299725726246834,0.9987187385559082,
poison/poispps/datapoisppsseq/poispos_pps_3e68c61a.csv,ok,455,21,3,modified_position,3,modified_position,0.9998407959938049,all_windows,qualified_attack_window,21,8,0.38095238095238093,True,0.5848886370658875,0.9857268929481506,0.05215005576610565,0.03201924264431,0.9998407959938049,0.9857268929481506,0.05215005576610565,0.03201924264431,0.9998407959938049,
poison/poispps/datapoisppsseq/poispos_pps_3e68fe2b.csv,ok,390,17,3,modified_position,3,modified_position,0.9999756217002869,all_windows,qualified_attack_window,17,8,0.47058823529411764,True,0.5048025250434875,0.9806631207466125,0.05672168359160423,0.031909290701150894,0.9999756217002869,0.9806631207466125,0.05672168359160423,0.031909290701150894,0.9999756217002869,
poison/poispps/datapoisppsseq/poispos_pps_3e6a9fd2.csv,ok,435,20,3,modified_position,3,modified_position,0.9886962175369263,all_windows,qualified_attack_window,20,9,0.45,True,0.47563618421554565,0.9754363894462585,0.06803557276725769,0.02731838822364807,0.9886962175369263,0.9754363894462585,0.06803557276725769,0.02731838822364807,0.9886962175369263,
poison/poispps/datapoisppsseq/poispos_pps_3e6d76dc.csv,ok,366,15,3,modified_position,3,modified_position,0.7527067065238953,all_windows,qualified_attack_window,15,4,0.26666666666666666,True,0.7083425521850586,0.9674188494682312,0.0843731015920639,0.04731060937047005,0.7527067065238953,0.9674188494682312,0.0843731015920639,0.04731060937047005,0.7527067065238953,
poison/poispps/datapoisppsseq/poispos_pps_3e7390c7.csv,ok,489,23,3,modified_position,3,modified_position,0.9996069073677063,all_windows,qualified_attack_window,23,10,0.43478260869565216,True,0.5591222643852234,0.9967993497848511,0.06766751408576965,0.02218005247414112,0.9996069073677063,0.9967993497848511,0.06766751408576965,0.02218005247414112,0.9996069073677063,
poison/poispps/datapoisppsseq/poispos_pps_3e74e618.csv,ok,479,22,3,modified_position,3,modified_position,0.9999905824661255,all_windows,qualified_attack_window,22,8,0.36363636363636365,True,0.6283684968948364,0.9940707087516785,0.036742061376571655,0.019411852583289146,0.9999905824661255,0.9940707087516785,0.036742061376571655,0.019411852583289146,0.9999905824661255,
poison/poispps/datapoisppsseq/poispos_pps_3e7fed81.csv,ok,329,13,3,modified_position,3,modified_position,0.999678909778595,all_windows,qualified_attack_window,13,9,0.6923076923076923,True,0.31660571694374084,0.9791414737701416,0.37021365761756897,0.4544091820716858,0.999678909778595,0.9791414737701416,0.37021365761756897,0.4544091820716858,0.999678909778595,
poison/poispps/datapoisppsseq/poispos_pps_3e82b0f2.csv,ok,316,12,3,modified_position,3,modified_position,0.9992837309837341,all_windows,qualified_attack_window,12,6,0.5,True,0.46819162368774414,0.9815180897712708,0.04498681053519249,0.02609623409807682,0.9992837309837341,0.9815180897712708,0.04498681053519249,0.02609623409807682,0.9992837309837341,
poison/poispps/datapoisppsseq/poispos_pps_3e86cbf8.csv,ok,269,9,3,modified_position,3,modified_position,0.9999961853027344,all_windows,qualified_attack_window,9,7,0.7777777777777778,True,0.19680340588092804,0.9499382376670837,0.046701643615961075,0.02603747323155403,0.9999961853027344,0.9499382376670837,0.046701643615961075,0.02603747323155403,0.9999961853027344,
poison/poispps/datapoisppsseq/poispos_pps_3e881e55.csv,ok,275,10,3,modified_position,3,modified_position,0.9756978154182434,all_windows,qualified_attack_window,10,7,0.7,True,0.3098965585231781,0.9508576393127441,0.021181004121899605,0.014825526624917984,0.9756978154182434,0.9508576393127441,0.021181004121899605,0.014825526624917984,0.9756978154182434,
poison/poispps/datapoisppsseq/poispos_pps_3e8e6711.csv,ok,306,12,3,modified_position,3,modified_position,0.951812744140625,all_windows,qualified_attack_window,12,4,0.3333333333333333,True,0.6467939615249634,0.9806668162345886,0.16070884466171265,0.03973327949643135,0.951812744140625,0.9806668162345886,0.16070884466171265,0.03973327949643135,0.951812744140625,
poison/poispps/datapoisppsseq/poispos_pps_3e96ab36.csv,ok,413,18,3,modified_position,3,modified_position,0.9999306201934814,all_windows,qualified_attack_window,18,8,0.4444444444444444,True,0.5366324186325073,0.989107072353363,0.12953528761863708,0.08317097276449203,0.9999306201934814,0.989107072353363,0.12953528761863708,0.08317097276449203,0.9999306201934814,
poison/poispps/datapoisppsseq/poispos_pps_3e9ac6c9.csv,ok,269,9,3,modified_position,3,modified_position,0.9998824596405029,all_windows,qualified_attack_window,9,8,0.8888888888888888,True,0.10772965848445892,0.9681564569473267,0.011479228734970093,0.009194187819957733,0.9998824596405029,0.9681564569473267,0.011479228734970093,0.009194187819957733,0.9998824596405029,
poison/poispps/datapoisppsseq/poispos_pps_3eafacef.csv,ok,291,11,3,modified_position,3,modified_position,0.9930189251899719,all_windows,qualified_attack_window,11,8,0.7272727272727273,True,0.27096566557884216,0.9670170545578003,0.13008534908294678,0.014260388910770416,0.9930189251899719,0.9670170545578003,0.13008534908294678,0.014260388910770416,0.9930189251899719,
poison/poispps/datapoisppsseq/poispos_pps_3eb09bc0.csv,ok,424,19,3,modified_position,3,modified_position,0.9975680112838745,all_windows,qualified_attack_window,19,7,0.3684210526315789,True,0.563127338886261,0.9924664497375488,0.18899613618850708,0.03485278785228729,0.9975680112838745,0.9924664497375488,0.18899613618850708,0.03485278785228729,0.9975680112838745,
poison/poispps/datapoisppsseq/poispos_pps_3eb1065d.csv,ok,331,13,3,modified_position,3,modified_position,0.9953612685203552,all_windows,qualified_attack_window,13,9,0.6923076923076923,True,0.30350935459136963,0.9854955673217773,0.06017591431736946,0.03446710854768753,0.9953612685203552,0.9854955673217773,0.06017591431736946,0.03446710854768753,0.9953612685203552,
poison/poispps/datapoisppsseq/poispos_pps_3eb144d3.csv,ok,319,12,3,modified_position,3,modified_position,0.9999483823776245,all_windows,qualified_attack_window,12,9,0.75,True,0.23294566571712494,0.9564088582992554,0.05557618290185928,0.030694790184497833,0.9999483823776245,0.9564088582992554,0.05557618290185928,0.030694790184497833,0.9999483823776245,
poison/poispps/datapoisppsseq/poispos_pps_3eb4b51d.csv,ok,353,15,3,modified_position,3,modified_position,0.9028834104537964,all_windows,qualified_attack_window,15,5,0.3333333333333333,True,0.5915486216545105,0.9633269906044006,0.09281843900680542,0.04231913760304451,0.9028834104537964,0.9633269906044006,0.09281843900680542,0.04231913760304451,0.9028834104537964,
poison/poispps/datapoisppsseq/poispos_pps_3eb4c033.csv,ok,327,13,3,modified_position,3,modified_position,0.999998927116394,all_windows,qualified_attack_window,13,8,0.6153846153846154,True,0.37174251675605774,0.995526134967804,0.028124060481786728,0.019273899495601654,0.999998927116394,0.995526134967804,0.028124060481786728,0.019273899495601654,0.999998927116394,
poison/poispps/datapoisppsseq/poispos_pps_3eb7532e.csv,ok,373,16,3,modified_position,3,modified_position,0.6993491053581238,all_windows,qualified_attack_window,16,1,0.0625,True,0.7853488922119141,0.9555949568748474,0.06401374936103821,0.026251094415783882,0.6993491053581238,0.9555949568748474,0.06401374936103821,0.026251094415783882,0.6993491053581238,
poison/poispps/datapoisppsseq/poispos_pps_3eb8c0d5.csv,ok,429,19,3,modified_position,3,modified_position,0.9999408721923828,all_windows,qualified_attack_window,19,8,0.42105263157894735,True,0.5497999787330627,0.9840232729911804,0.04449591785669327,0.02444034442305565,0.9999408721923828,0.9840232729911804,0.04449591785669327,0.02444034442305565,0.9999408721923828,
poison/poispps/datapoisppsseq/poispos_pps_3ebbb2d4.csv,ok,434,20,3,modified_position,3,modified_position,0.999998927116394,all_windows,qualified_attack_window,20,8,0.4,True,0.571150004863739,0.9897456169128418,0.055364832282066345,0.028530476614832878,0.999998927116394,0.9897456169128418,0.055364832282066345,0.028530476614832878,0.999998927116394,
poison/poispps/datapoisppsseq/poispos_pps_3ebbed5a.csv,ok,382,16,3,modified_position,3,modified_position,0.9999926090240479,all_windows,qualified_attack_window,16,9,0.5625,True,0.4047336280345917,0.9720135927200317,0.10340628772974014,0.07363814860582352,0.9999926090240479,0.9720135927200317,0.10340628772974014,0.07363814860582352,0.9999926090240479,
poison/poispps/datapoisppsseq/poispos_pps_3ebc63e3.csv,ok,468,22,3,modified_position,3,modified_position,0.9999942779541016,all_windows,qualified_attack_window,22,8,0.36363636363636365,True,0.616715133190155,0.993710458278656,0.05350187048316002,0.02975469082593918,0.9999942779541016,0.993710458278656,0.05350187048316002,0.02975469082593918,0.9999942779541016,
poison/poispps/datapoisppsseq/poispos_pps_3ec01280.csv,ok,412,18,3,modified_position,3,modified_position,0.9999949932098389,all_windows,qualified_attack_window,18,9,0.5,True,0.4872574806213379,0.9673015475273132,0.050866615027189255,0.029500940814614296,0.9999949932098389,0.9673015475273132,0.050866615027189255,0.029500940814614296,0.9999949932098389,
poison/poispps/datapoisppsseq/poispos_pps_3ec015d8.csv,ok,429,19,3,modified_position,3,modified_position,0.9615117907524109,all_windows,qualified_attack_window,19,8,0.42105263157894735,True,0.5816169381141663,0.9800876975059509,0.1656121164560318,0.09759049117565155,0.9615117907524109,0.9800876975059509,0.1656121164560318,0.09759049117565155,0.9615117907524109,
poison/poispps/datapoisppsseq/poispos_pps_3ec27b98.csv,ok,461,21,3,modified_position,3,modified_position,0.9999474287033081,all_windows,qualified_attack_window,21,9,0.42857142857142855,True,0.5701106190681458,0.9901590347290039,0.10539089143276215,0.02175581268966198,0.9999474287033081,0.9901590347290039,0.10539089143276215,0.02175581268966198,0.9999474287033081,
poison/poispps/datapoisppsseq/poispos_pps_3ec6b3c3.csv,ok,358,15,3,modified_position,3,modified_position,0.993424654006958,all_windows,qualified_attack_window,15,8,0.5333333333333333,True,0.412102073431015,0.9082216024398804,0.6702485680580139,0.039646077901124954,0.993424654006958,0.9082216024398804,0.6702485680580139,0.039646077901124954,0.993424654006958,
poison/poispps/datapoisppsseq/poispos_pps_3ec95ad2.csv,ok,255,8,3,modified_position,3,modified_position,0.999998927116394,all_windows,qualified_attack_window,8,7,0.875,True,0.121294304728508,0.970354437828064,0.010308505967259407,0.008492263033986092,0.999998927116394,0.970354437828064,0.010308505967259407,0.008492263033986092,0.999998927116394,
poison/poispps/datapoisppsseq/poispos_pps_3ec9602e.csv,ok,279,10,3,modified_position,0,authentic,0.925267219543457,all_windows,no_qualified_attack_window,10,0,0.0,False,0.8583189845085144,0.925267219543457,0.0695880651473999,0.053057584911584854,0.0857318639755249,0.925267219543457,0.0695880651473999,0.053057584911584854,0.0857318639755249,
poison/poispps/datapoisppsseq/poispos_pps_3ecf1d5f.csv,ok,314,12,3,modified_position,0,authentic,0.966158390045166,all_windows,no_qualified_attack_window,12,0,0.0,False,0.8040420413017273,0.966158390045166,0.19672222435474396,0.09736061096191406,0.2497553825378418,0.966158390045166,0.19672222435474396,0.09736061096191406,0.2497553825378418,
poison/poispps/datapoisppsseq/poispos_pps_3ed3b719.csv,ok,272,10,3,modified_position,3,modified_position,0.9985942244529724,all_windows,qualified_attack_window,10,5,0.5,True,0.4547945559024811,0.9136224985122681,0.08075643330812454,0.05829056724905968,0.9985942244529724,0.9136224985122681,0.08075643330812454,0.05829056724905968,0.9985942244529724,
poison/poispps/datapoisppsseq/poispos_pps_3ed7dd02.csv,ok,320,13,3,modified_position,3,modified_position,0.9999977350234985,all_windows,qualified_attack_window,13,9,0.6923076923076923,True,0.3322024345397949,0.9999012351036072,0.1089872345328331,0.018739473074674606,0.9999977350234985,0.9999012351036072,0.1089872345328331,0.018739473074674606,0.9999977350234985,
poison/poispps/datapoisppsseq/poispos_pps_3edabb6e.csv,ok,445,20,3,modified_position,3,modified_position,0.9414991140365601,all_windows,qualified_attack_window,20,8,0.4,True,0.6182222366333008,0.9836817979812622,0.13650576770305634,0.03908797726035118,0.9414991140365601,0.9836817979812622,0.13650576770305634,0.03908797726035118,0.9414991140365601,
poison/poispps/datapoisppsseq/poispos_pps_3edb74ff.csv,ok,476,22,3,modified_position,3,modified_position,0.994307816028595,all_windows,qualified_attack_window,22,4,0.18181818181818182,True,0.7445886135101318,0.9833263754844666,0.08055429905653,0.0458790548145771,0.994307816028595,0.9833263754844666,0.08055429905653,0.0458790548145771,0.994307816028595,
poison/poispps/datapoisppsseq/poispos_pps_3edf291e.csv,ok,441,20,3,modified_position,3,modified_position,0.9993069767951965,all_windows,qualified_attack_window,20,7,0.35,True,0.611443042755127,0.9913498163223267,0.14138363301753998,0.012203224003314972,0.9993069767951965,0.9913498163223267,0.14138363301753998,0.012203224003314972,0.9993069767951965,
poison/poispps/datapoisppsseq/poispos_pps_3ee7b137.csv,ok,263,9,3,modified_position,3,modified_position,0.9981265664100647,all_windows,qualified_attack_window,9,8,0.8888888888888888,True,0.12678833305835724,0.9225102066993713,0.04577463120222092,0.016575658693909645,0.9981265664100647,0.9225102066993713,0.04577463120222092,0.016575658693909645,0.9981265664100647,
poison/poispps/datapoisppsseq/poispos_pps_3eeb9529.csv,ok,281,10,3,modified_position,0,authentic,0.9650173187255859,all_windows,no_qualified_attack_window,10,0,0.0,False,0.8421440124511719,0.9650173187255859,0.10357899963855743,0.05905658006668091,0.10086608678102493,0.9650173187255859,0.10357899963855743,0.05905658006668091,0.10086608678102493,
poison/poispps/datapoisppsseq/poispos_pps_3ef6a156.csv,ok,430,19,3,modified_position,3,modified_position,0.9934428930282593,all_windows,qualified_attack_window,19,7,0.3684210526315789,True,0.5270285606384277,0.9753293991088867,0.06742116808891296,0.03522151708602905,0.9934428930282593,0.9753293991088867,0.06742116808891296,0.03522151708602905,0.9934428930282593,
poison/poispps/datapoisppsseq/poispos_pps_3ef78af1.csv,ok,367,15,3,modified_position,0,authentic,0.9861993789672852,all_windows,no_qualified_attack_window,15,0,0.0,False,0.8925896286964417,0.9861993789672852,0.0898100957274437,0.050626274198293686,0.08695592731237411,0.9861993789672852,0.0898100957274437,0.050626274198293686,0.08695592731237411,
poison/poispps/datapoisppsseq/poispos_pps_3ef9b50e.csv,ok,339,14,3,modified_position,3,modified_position,0.9999973773956299,all_windows,qualified_attack_window,14,8,0.5714285714285714,True,0.4162420928478241,0.9978762865066528,0.03799301013350487,0.01750503107905388,0.9999973773956299,0.9978762865066528,0.03799301013350487,0.01750503107905388,0.9999973773956299,
poison/poispps/datapoisppsseq/poispos_pps_3efd6222.csv,ok,270,9,3,modified_position,3,modified_position,0.9999996423721313,all_windows,qualified_attack_window,9,7,0.7777777777777778,True,0.18262818455696106,0.9755006432533264,0.055450763553380966,0.009671125560998917,0.9999996423721313,0.9755006432533264,0.055450763553380966,0.009671125560998917,0.9999996423721313,
poison/poispps/datapoisppsseq/poispos_pps_3f0618cd.csv,ok,405,18,3,modified_position,3,modified_position,0.9897772073745728,all_windows,qualified_attack_window,18,7,0.3888888888888889,True,0.5973536372184753,0.9883343577384949,0.032528962939977646,0.01514405943453312,0.9897772073745728,0.9883343577384949,0.032528962939977646,0.01514405943453312,0.9897772073745728,
poison/poispps/datapoisppsseq/poispos_pps_3f071cd8.csv,ok,341,14,3,modified_position,3,modified_position,0.9999988079071045,all_windows,qualified_attack_window,14,8,0.5714285714285714,True,0.39227229356765747,0.9606602787971497,0.10452348738908768,0.11550022661685944,0.9999988079071045,0.9606602787971497,0.10452348738908768,0.11550022661685944,0.9999988079071045,
poison/poispps/datapoisppsseq/poispos_pps_3f092b29.csv,ok,301,11,3,modified_position,3,modified_position,0.999995231628418,all_windows,qualified_attack_window,11,6,0.5454545454545454,True,0.44481590390205383,0.9948663711547852,0.01918477937579155,0.01366548240184784,0.999995231628418,0.9948663711547852,0.01918477937579155,0.01366548240184784,0.999995231628418,
poison/poispps/datapoisppsseq/poispos_pps_3f0a952f.csv,ok,291,11,3,modified_position,1,modified_altitude,0.7282691597938538,all_windows,qualified_attack_window,11,2,0.18181818181818182,False,0.604764997959137,0.902167797088623,0.7282691597938538,0.06524437665939331,0.3243606686592102,0.902167797088623,0.7282691597938538,0.06524437665939331,0.3243606686592102,
poison/poispps/datapoisppsseq/poispos_pps_3f0a9ef6.csv,ok,423,19,3,modified_position,3,modified_position,0.7943043112754822,all_windows,qualified_attack_window,19,8,0.42105263157894735,True,0.5860666632652283,0.9747664332389832,0.06530533730983734,0.03639129176735878,0.7943043112754822,0.9747664332389832,0.06530533730983734,0.03639129176735878,0.7943043112754822,
poison/poispps/datapoisppsseq/poispos_pps_3f0e5812.csv,ok,337,14,3,modified_position,1,modified_altitude,0.8187658190727234,all_windows,qualified_attack_window,14,7,0.5,False,0.4488760828971863,0.9325224757194519,0.8187658190727234,0.06062118336558342,0.6223797798156738,0.9325224757194519,0.8187658190727234,0.06062118336558342,0.6223797798156738,
poison/poispps/datapoisppsseq/poispos_pps_3f0e8a5a.csv,ok,372,16,3,modified_position,3,modified_position,0.9999449253082275,all_windows,qualified_attack_window,16,8,0.5,True,0.4677850008010864,0.9877100586891174,0.05770555138587952,0.05559943988919258,0.9999449253082275,0.9877100586891174,0.05770555138587952,0.05559943988919258,0.9999449253082275,
poison/poispps/datapoisppsseq/poispos_pps_3f0eaf7c.csv,ok,387,17,3,modified_position,3,modified_position,0.9956974983215332,all_windows,qualified_attack_window,17,7,0.4117647058823529,True,0.4271390438079834,0.9992703199386597,0.24267509579658508,0.32384827733039856,0.9956974983215332,0.9992703199386597,0.24267509579658508,0.32384827733039856,0.9956974983215332,
poison/poispps/datapoisppsseq/poispos_pps_3f10986f.csv,ok,289,11,3,modified_position,3,modified_position,0.9999874830245972,all_windows,qualified_attack_window,11,7,0.6363636363636364,True,0.3591347932815552,0.9970782995223999,0.00960059929639101,0.006501888856291771,0.9999874830245972,0.9970782995223999,0.00960059929639101,0.006501888856291771,0.9999874830245972,
poison/poispps/datapoisppsseq/poispos_pps_3f11f85c.csv,ok,278,10,3,modified_position,0,authentic,0.9454343914985657,all_windows,no_qualified_attack_window,10,0,0.0,False,0.855213463306427,0.9454343914985657,0.083219975233078,0.0478612519800663,0.14245423674583435,0.9454343914985657,0.083219975233078,0.0478612519800663,0.14245423674583435,
poison/poispps/datapoisppsseq/poispos_pps_3f150622.csv,ok,334,13,3,modified_position,3,modified_position,0.9705120325088501,all_windows,qualified_attack_window,13,4,0.3076923076923077,True,0.677493155002594,0.9544742107391357,0.06328539550304413,0.029438700526952744,0.9705120325088501,0.9544742107391357,0.06328539550304413,0.029438700526952744,0.9705120325088501,
poison/poispps/datapoisppsseq/poispos_pps_3f181dad.csv,ok,242,8,3,modified_position,3,modified_position,0.9065822958946228,all_windows,qualified_attack_window,8,7,0.875,True,0.25879406929016113,0.7105200886726379,0.025839217007160187,0.020012957975268364,0.9065822958946228,0.7105200886726379,0.025839217007160187,0.020012957975268364,0.9065822958946228,
poison/poispps/datapoisppsseq/poispos_pps_3f18d38a.csv,ok,614,31,3,modified_position,3,modified_position,0.9990198612213135,all_windows,qualified_attack_window,31,8,0.25806451612903225,True,0.7102606296539307,0.9893048405647278,0.03258175402879715,0.02247047983109951,0.9990198612213135,0.9893048405647278,0.03258175402879715,0.02247047983109951,0.9990198612213135,
poison/poispps/datapoisppsseq/poispos_pps_3f1976b1.csv,ok,325,13,3,modified_position,3,modified_position,0.999998927116394,all_windows,qualified_attack_window,13,8,0.6153846153846154,True,0.36969074606895447,0.990710437297821,0.044868361204862595,0.01947169378399849,0.999998927116394,0.990710437297821,0.044868361204862595,0.01947169378399849,0.999998927116394,
poison/poispps/datapoisppsseq/poispos_pps_3f19a49f.csv,ok,398,17,3,modified_position,3,modified_position,0.9994606971740723,all_windows,qualified_attack_window,17,7,0.4117647058823529,True,0.5198841691017151,0.9620072841644287,0.25995945930480957,0.1299595683813095,0.9994606971740723,0.9620072841644287,0.25995945930480957,0.1299595683813095,0.9994606971740723,
poison/poispps/datapoisppsseq/poispos_pps_3f1c255d.csv,ok,287,10,3,modified_position,3,modified_position,0.9999897480010986,all_windows,qualified_attack_window,10,5,0.5,True,0.4693712294101715,0.9897875785827637,0.07804054766893387,0.04072682932019234,0.9999897480010986,0.9897875785827637,0.07804054766893387,0.04072682932019234,0.9999897480010986,
poison/poispps/datapoisppsseq/poispos_pps_3f1c4ede.csv,ok,241,8,3,modified_position,3,modified_position,0.9994804263114929,all_windows,qualified_attack_window,8,8,1.0,True,0.011284285224974155,0.08984822034835815,0.034544698894023895,0.0012422779109328985,0.9994804263114929,0.08984822034835815,0.034544698894023895,0.0012422779109328985,0.9994804263114929,
poison/poispps/datapoisppsseq/poispos_pps_3f1e5295.csv,ok,363,15,3,modified_position,3,modified_position,0.9976261258125305,all_windows,qualified_attack_window,15,8,0.5333333333333333,True,0.4888531267642975,0.9999874830245972,0.06792623549699783,0.027871066704392433,0.9976261258125305,0.9999874830245972,0.06792623549699783,0.027871066704392433,0.9976261258125305,
poison/poispps/datapoisppsseq/poispos_pps_3f21c272.csv,ok,479,22,3,modified_position,3,modified_position,0.9998794794082642,all_windows,qualified_attack_window,22,8,0.36363636363636365,True,0.6176641583442688,0.9875671863555908,0.0296940878033638,0.016139617189764977,0.9998794794082642,0.9875671863555908,0.0296940878033638,0.016139617189764977,0.9998794794082642,
poison/poispps/datapoisppsseq/poispos_pps_3f21e416.csv,ok,333,13,3,modified_position,3,modified_position,0.9999336004257202,all_windows,qualified_attack_window,13,8,0.6153846153846154,True,0.360394150018692,0.9778109192848206,0.03988770395517349,0.0251146387308836,0.9999336004257202,0.9778109192848206,0.03988770395517349,0.0251146387308836,0.9999336004257202,
poison/poispps/datapoisppsseq/poispos_pps_3f22ddbb.csv,ok,325,13,3,modified_position,3,modified_position,0.9999158978462219,all_windows,qualified_attack_window,13,9,0.6923076923076923,True,0.3033810257911682,0.9870855808258057,0.0065528652630746365,0.9990092515945435,0.9999158978462219,0.9870855808258057,0.0065528652630746365,0.9990092515945435,0.9999158978462219,
poison/poispps/datapoisppsseq/poispos_pps_3f254422.csv,ok,246,8,3,modified_position,3,modified_position,0.9999884366989136,all_windows,qualified_attack_window,8,8,1.0,True,0.0007281209109351039,0.005824387073516846,0.006851570215076208,4.1943440010072663e-05,0.9999884366989136,0.005824387073516846,0.006851570215076208,4.1943440010072663e-05,0.9999884366989136,
poison/poispps/datapoisppsseq/poispos_pps_3f2f38e4.csv,ok,380,16,3,modified_position,3,modified_position,0.9997514486312866,all_windows,qualified_attack_window,16,8,0.5,True,0.4751160442829132,0.9925702810287476,0.05934165045619011,0.035176172852516174,0.9997514486312866,0.9925702810287476,0.05934165045619011,0.035176172852516174,0.9997514486312866,
poison/poispps/datapoisppsseq/poispos_pps_3f314db7.csv,ok,327,13,3,modified_position,3,modified_position,0.9990979433059692,all_windows,qualified_attack_window,13,7,0.5384615384615384,True,0.4379982352256775,0.9894850850105286,0.03982549160718918,0.022256921976804733,0.9990979433059692,0.9894850850105286,0.03982549160718918,0.022256921976804733,0.9990979433059692,
poison/poispps/datapoisppsseq/poispos_pps_3f326c32.csv,ok,307,12,3,modified_position,3,modified_position,0.9999963045120239,all_windows,qualified_attack_window,12,7,0.5833333333333334,True,0.38029229640960693,0.9613984823226929,0.06137832999229431,0.037128470838069916,0.9999963045120239,0.9613984823226929,0.06137832999229431,0.037128470838069916,0.9999963045120239,
poison/poispps/datapoisppsseq/poispos_pps_3f35aa6c.csv,ok,440,20,3,modified_position,3,modified_position,0.9997840523719788,all_windows,qualified_attack_window,20,8,0.4,True,0.5969907641410828,0.9813905954360962,0.04881413280963898,0.02363397367298603,0.9997840523719788,0.9813905954360962,0.04881413280963898,0.02363397367298603,0.9997840523719788,
poison/poispps/datapoisppsseq/poispos_pps_3f35e08f.csv,ok,432,20,3,modified_position,1,modified_altitude,0.8826828598976135,all_windows,qualified_attack_window,20,9,0.45,False,0.5071598887443542,0.9729258418083191,0.8826828598976135,0.056563809514045715,0.7448041439056396,0.9729258418083191,0.8826828598976135,0.056563809514045715,0.7448041439056396,
poison/poispps/datapoisppsseq/poispos_pps_3f369ee5.csv,ok,403,18,3,modified_position,3,modified_position,0.9999200701713562,all_windows,qualified_attack_window,18,8,0.4444444444444444,True,0.5566000938415527,0.9899418950080872,0.04110880196094513,0.016293231397867203,0.9999200701713562,0.9899418950080872,0.04110880196094513,0.016293231397867203,0.9999200701713562,
poison/poispps/datapoisppsseq/poispos_pps_3f3a0618.csv,ok,393,17,3,modified_position,3,modified_position,0.9831987023353577,all_windows,qualified_attack_window,17,6,0.35294117647058826,True,0.5907829403877258,0.999990701675415,0.06810695677995682,0.07048989087343216,0.9831987023353577,0.999990701675415,0.06810695677995682,0.07048989087343216,0.9831987023353577,
poison/poispps/datapoisppsseq/poispos_pps_3f3a6a75.csv,ok,287,10,3,modified_position,3,modified_position,0.999998927116394,all_windows,qualified_attack_window,10,6,0.6,True,0.3750686049461365,0.9718144536018372,0.02896486036479473,0.01803141087293625,0.999998927116394,0.9718144536018372,0.02896486036479473,0.01803141087293625,0.999998927116394,
poison/poispps/datapoisppsseq/poispos_pps_3f3ae357.csv,ok,248,8,3,modified_position,3,modified_position,1.0,all_windows,qualified_attack_window,8,8,1.0,True,7.471363805411357e-11,5.948596615290569e-10,6.620075509999879e-07,2.0537769008783895e-14,1.0,5.948596615290569e-10,6.620075509999879e-07,2.0537769008783895e-14,1.0,
poison/poispps/datapoisppsseq/poispos_pps_3f3d4a17.csv,ok,245,8,3,modified_position,3,modified_position,0.9999324083328247,all_windows,qualified_attack_window,8,7,0.875,True,0.11751199513673782,0.9400827884674072,0.019453486427664757,0.016361726447939873,0.9999324083328247,0.9400827884674072,0.019453486427664757,0.016361726447939873,0.9999324083328247,
poison/poispps/datapoisppsseq/poispos_pps_3f3eb60d.csv,ok,336,14,3,modified_position,3,modified_position,0.9973882436752319,all_windows,qualified_attack_window,14,11,0.7857142857142857,True,0.19474463164806366,0.8946797251701355,0.5001620650291443,0.029579730704426765,0.9973882436752319,0.8946797251701355,0.5001620650291443,0.029579730704426765,0.9973882436752319,
poison/poispps/datapoisppsseq/poispos_pps_3f3ed080.csv,ok,299,11,3,modified_position,3,modified_position,0.9999972581863403,all_windows,qualified_attack_window,11,8,0.7272727272727273,True,0.2668396830558777,0.9757392406463623,0.055511459708213806,0.016617851331830025,0.9999972581863403,0.9757392406463623,0.055511459708213806,0.016617851331830025,0.9999972581863403,
poison/poispps/datapoisppsseq/poispos_pps_3f41a9e4.csv,ok,313,12,3,modified_position,3,modified_position,0.8244914412498474,all_windows,qualified_attack_window,12,3,0.25,True,0.6705141067504883,0.9556233882904053,0.07600048184394836,0.03881204128265381,0.8244914412498474,0.9556233882904053,0.07600048184394836,0.03881204128265381,0.8244914412498474,
poison/poispps/datapoisppsseq/poispos_pps_3f437085.csv,ok,274,10,3,modified_position,3,modified_position,0.9999998807907104,all_windows,qualified_attack_window,10,8,0.8,True,0.18605592846870422,0.9517138004302979,0.022084040567278862,0.017780574038624763,0.9999998807907104,0.9517138004302979,0.022084040567278862,0.017780574038624763,0.9999998807907104,
poison/poispps/datapoisppsseq/poispos_pps_3f45ef37.csv,ok,248,8,3,modified_position,3,modified_position,0.7244603633880615,all_windows,qualified_attack_window,8,4,0.5,True,0.4755212068557739,0.9324015974998474,0.08091667294502258,0.020171042531728745,0.7244603633880615,0.9324015974998474,0.08091667294502258,0.020171042531728745,0.7244603633880615,
poison/poispps/datapoisppsseq/poispos_pps_3f474a36.csv,ok,269,9,3,modified_position,3,modified_position,0.9995322823524475,all_windows,qualified_attack_window,9,6,0.6666666666666666,True,0.31069061160087585,0.9745386838912964,0.038939688354730606,0.0236359890550375,0.9995322823524475,0.9745386838912964,0.038939688354730606,0.0236359890550375,0.9995322823524475,
poison/poispps/datapoisppsseq/poispos_pps_3f4a8aff.csv,ok,401,18,3,modified_position,3,modified_position,0.9999563097953796,all_windows,qualified_attack_window,18,8,0.4444444444444444,True,0.520963191986084,0.9849287867546082,0.05049702897667885,0.04028087109327316,0.9999563097953796,0.9849287867546082,0.05049702897667885,0.04028087109327316,0.9999563097953796,
poison/poispps/datapoisppsseq/poispos_pps_3f4b144a.csv,ok,311,12,3,modified_position,3,modified_position,0.9941388368606567,all_windows,qualified_attack_window,12,7,0.5833333333333334,True,0.41216275095939636,0.9819814562797546,0.1592966914176941,0.12443908303976059,0.9941388368606567,0.9819814562797546,0.1592966914176941,0.12443908303976059,0.9941388368606567,
poison/poispps/datapoisppsseq/poispos_pps_3f4b60b3.csv,ok,309,12,3,modified_position,3,modified_position,0.9999578595161438,all_windows,qualified_attack_window,12,8,0.6666666666666666,True,0.2732076644897461,0.9265798330307007,0.08407742530107498,0.03798096626996994,0.9999578595161438,0.9265798330307007,0.08407742530107498,0.03798096626996994,0.9999578595161438,
poison/poispps/datapoisppsseq/poispos_pps_3f52629f.csv,ok,378,16,3,modified_position,3,modified_position,0.9999992847442627,all_windows,qualified_attack_window,16,8,0.5,True,0.4689481854438782,0.9746807217597961,0.06045937538146973,0.05108193680644035,0.9999992847442627,0.9746807217597961,0.06045937538146973,0.05108193680644035,0.9999992847442627,
poison/poispps/datapoisppsseq/poispos_pps_3f530227.csv,ok,427,19,3,modified_position,3,modified_position,0.9999877214431763,all_windows,qualified_attack_window,19,8,0.42105263157894735,True,0.5324483513832092,0.9765194058418274,0.12904666364192963,0.08043070137500763,0.9999877214431763,0.9765194058418274,0.12904666364192963,0.08043070137500763,0.9999877214431763,
poison/poispps/datapoisppsseq/poispos_pps_3f556511.csv,ok,281,10,3,modified_position,3,modified_position,0.9999998807907104,all_windows,qualified_attack_window,10,7,0.7,True,0.27850377559661865,0.94316565990448,0.050153784453868866,0.03549385070800781,0.9999998807907104,0.94316565990448,0.050153784453868866,0.03549385070800781,0.9999998807907104,
poison/poispps/datapoisppsseq/poispos_pps_3f5a9b5e.csv,ok,265,9,3,modified_position,3,modified_position,0.9999890327453613,all_windows,qualified_attack_window,9,8,0.8888888888888888,True,0.1039753258228302,0.9357274174690247,0.020786017179489136,0.015561828389763832,0.9999890327453613,0.9357274174690247,0.020786017179489136,0.015561828389763832,0.9999890327453613,
poison/poispps/datapoisppsseq/poispos_pps_3f5acae1.csv,ok,476,22,3,modified_position,3,modified_position,0.9729527235031128,all_windows,qualified_attack_window,22,7,0.3181818181818182,True,0.6735265851020813,0.988257110118866,0.1463768184185028,0.057919006794691086,0.9729527235031128,0.988257110118866,0.1463768184185028,0.057919006794691086,0.9729527235031128,
poison/poispps/datapoisppsseq/poispos_pps_3f5f176f.csv,ok,412,18,3,modified_position,3,modified_position,0.9999998807907104,all_windows,qualified_attack_window,18,8,0.4444444444444444,True,0.5228537917137146,0.9861933588981628,0.08794421702623367,0.04540231078863144,0.9999998807907104,0.9861933588981628,0.08794421702623367,0.04540231078863144,0.9999998807907104,
poison/poispps/datapoisppsseq/poispos_pps_3f5fc518.csv,ok,320,13,3,modified_position,3,modified_position,0.9999935626983643,all_windows,qualified_attack_window,13,8,0.6153846153846154,True,0.37491849064826965,0.9823203086853027,0.032061655074357986,0.01923392340540886,0.9999935626983643,0.9823203086853027,0.032061655074357986,0.01923392340540886,0.9999935626983643,
poison/poispps/datapoisppsseq/poispos_pps_3f63398e.csv,ok,426,19,3,modified_position,3,modified_position,0.9973564147949219,all_windows,qualified_attack_window,19,8,0.42105263157894735,True,0.5668148994445801,0.9811052680015564,0.11424864083528519,0.03868352621793747,0.9973564147949219,0.9811052680015564,0.11424864083528519,0.03868352621793747,0.9973564147949219,
poison/poispps/datapoisppsseq/poispos_pps_3f67a7b3.csv,ok,381,16,3,modified_position,3,modified_position,0.9999980926513672,all_windows,qualified_attack_window,16,8,0.5,True,0.4542911648750305,0.982269823551178,0.14275869727134705,0.01750917173922062,0.9999980926513672,0.982269823551178,0.14275869727134705,0.01750917173922062,0.9999980926513672,
poison/poispps/datapoisppsseq/poispos_pps_3f67d5ec.csv,ok,401,18,3,modified_position,3,modified_position,0.9979943037033081,all_windows,qualified_attack_window,18,10,0.5555555555555556,True,0.3947943150997162,0.9704181551933289,0.061277832835912704,0.02980770170688629,0.9979943037033081,0.9704181551933289,0.061277832835912704,0.02980770170688629,0.9979943037033081,
poison/poispps/datapoisppsseq/poispos_pps_3f6eb08e.csv,ok,341,14,3,modified_position,3,modified_position,0.999992847442627,all_windows,qualified_attack_window,14,8,0.5714285714285714,True,0.40067386627197266,0.9782207012176514,0.0340169221162796,0.026467228308320045,0.999992847442627,0.9782207012176514,0.0340169221162796,0.026467228308320045,0.999992847442627,
poison/poispps/datapoisppsseq/poispos_pps_3f6f3ab3.csv,ok,325,13,3,modified_position,3,modified_position,0.9999890327453613,all_windows,qualified_attack_window,13,8,0.6153846153846154,True,0.32837817072868347,0.9936342239379883,0.23613637685775757,0.15216489136219025,0.9999890327453613,0.9936342239379883,0.23613637685775757,0.15216489136219025,0.9999890327453613,
poison/poispps/datapoisppsseq/poispos_pps_3f73ba3f.csv,ok,242,8,3,modified_position,3,modified_position,0.9999971389770508,all_windows,qualified_attack_window,8,6,0.75,True,0.23563192784786224,0.9624837636947632,0.027167459949851036,0.018901370465755463,0.9999971389770508,0.9624837636947632,0.027167459949851036,0.018901370465755463,0.9999971389770508,
poison/poispps/datapoisppsseq/poispos_pps_3f77a52d.csv,ok,331,13,3,modified_position,0,authentic,0.958914577960968,all_windows,no_qualified_attack_window,13,0,0.0,False,0.8970542550086975,0.958914577960968,0.04241650551557541,0.031568072736263275,0.11679964512586594,0.958914577960968,0.04241650551557541,0.031568072736263275,0.11679964512586594,
poison/poispps/datapoisppsseq/poispos_pps_3f82a0d7.csv,ok,282,10,3,modified_position,3,modified_position,0.9992958903312683,all_windows,qualified_attack_window,10,7,0.7,True,0.2861698269844055,0.9655712842941284,0.023619474843144417,0.017008736729621887,0.9992958903312683,0.9655712842941284,0.023619474843144417,0.017008736729621887,0.9992958903312683,
poison/poispps/datapoisppsseq/poispos_pps_3f835069.csv,ok,476,22,3,modified_position,3,modified_position,0.9999790787696838,all_windows,qualified_attack_window,22,8,0.36363636363636365,True,0.5976974964141846,0.9831523299217224,0.03717825561761856,0.0222356915473938,0.9999790787696838,0.9831523299217224,0.03717825561761856,0.0222356915473938,0.9999790787696838,
poison/poispps/datapoisppsseq/poispos_pps_3f872baf.csv,ok,285,10,3,modified_position,3,modified_position,0.9991323947906494,all_windows,qualified_attack_window,10,8,0.8,True,0.2103790044784546,0.9684296250343323,0.08819466084241867,0.023421401157975197,0.9991323947906494,0.9684296250343323,0.08819466084241867,0.023421401157975197,0.9991323947906494,
poison/poispps/datapoisppsseq/poispos_pps_3f8a28fd.csv,ok,297,11,3,modified_position,3,modified_position,0.9999769330024719,all_windows,qualified_attack_window,11,8,0.7272727272727273,True,0.2627623677253723,0.9890523552894592,0.027150796726346016,0.013740025460720062,0.9999769330024719,0.9890523552894592,0.027150796726346016,0.013740025460720062,0.9999769330024719,
poison/poispps/datapoisppsseq/poispos_pps_3f8e33ee.csv,ok,294,11,3,modified_position,3,modified_position,0.9999974966049194,all_windows,qualified_attack_window,11,7,0.6363636363636364,True,0.33195313811302185,0.989207923412323,0.04047675058245659,0.023814084008336067,0.9999974966049194,0.989207923412323,0.04047675058245659,0.023814084008336067,0.9999974966049194,
poison/poispps/datapoisppsseq/poispos_pps_3f8f2d43.csv,ok,393,17,3,modified_position,3,modified_position,0.9584246277809143,all_windows,qualified_attack_window,17,7,0.4117647058823529,True,0.5231678485870361,0.9833335280418396,0.1738213747739792,0.04465832561254501,0.9584246277809143,0.9833335280418396,0.1738213747739792,0.04465832561254501,0.9584246277809143,
poison/poispps/datapoisppsseq/poispos_pps_3f91efe4.csv,ok,394,17,3,modified_position,3,modified_position,0.9783943295478821,all_windows,qualified_attack_window,17,7,0.4117647058823529,True,0.5183594226837158,0.9370059370994568,0.1889333724975586,0.056119199842214584,0.9783943295478821,0.9370059370994568,0.1889333724975586,0.056119199842214584,0.9783943295478821,
poison/poispps/datapoisppsseq/poispos_pps_3f935e62.csv,ok,428,19,3,modified_position,3,modified_position,0.9999991655349731,all_windows,qualified_attack_window,19,8,0.42105263157894735,True,0.5417885184288025,0.9766459465026855,0.06740420311689377,0.06545885652303696,0.9999991655349731,0.9766459465026855,0.06740420311689377,0.06545885652303696,0.9999991655349731,
poison/poispps/datapoisppsseq/poispos_pps_inf_14.csv,ok,293,11,3,modified_position,3,modified_position,0.9999790787696838,all_windows,qualified_attack_window,11,8,0.7272727272727273,True,0.24941764771938324,0.9822158813476562,0.044489290565252304,0.10497309267520905,0.9999790787696838,0.9822158813476562,0.044489290565252304,0.10497309267520905,0.9999790787696838,
poison/poispps/datapoisppsseq/poispos_pps_inf_16.csv,ok,504,24,3,modified_position,3,modified_position,0.9996833801269531,all_windows,qualified_attack_window,24,11,0.4583333333333333,True,0.5237959027290344,0.9833958148956299,0.12286517769098282,0.07162605226039886,0.9996833801269531,0.9833958148956299,0.12286517769098282,0.07162605226039886,0.9996833801269531,
poison/poispps/datapoisppsseq/poisspd_pps_3e3a56df.csv,ok,341,14,2,modified_speed,2,modified_speed,1.0,all_windows,qualified_attack_window,14,8,0.5714285714285714,True,0.3833445608615875,0.977386474609375,0.19896568357944489,1.0,0.08403041958808899,0.977386474609375,0.19896568357944489,1.0,0.08403041958808899,
poison/poispps/datapoisppsseq/poisspd_pps_3e3b27f0.csv,ok,464,22,2,modified_speed,2,modified_speed,0.6982342004776001,all_windows,qualified_attack_window,22,8,0.36363636363636365,True,0.6198204755783081,0.9814226627349854,0.586225152015686,0.6982342004776001,0.12851472198963165,0.9814226627349854,0.586225152015686,0.6982342004776001,0.12851472198963165,
poison/poispps/datapoisppsseq/poisspd_pps_3e3d62fc.csv,ok,399,17,2,modified_speed,2,modified_speed,1.0,all_windows,qualified_attack_window,17,8,0.47058823529411764,True,0.4319126009941101,0.9500221610069275,0.10972777754068375,1.0,0.03613463044166565,0.9500221610069275,0.10972777754068375,1.0,0.03613463044166565,
poison/poispps/datapoisppsseq/poisspd_pps_3e3e764c.csv,ok,387,17,2,modified_speed,2,modified_speed,0.9995046854019165,all_windows,qualified_attack_window,17,8,0.47058823529411764,True,0.4922080338001251,0.9782705307006836,0.048241060227155685,0.9995046854019165,0.05098102241754532,0.9782705307006836,0.048241060227155685,0.9995046854019165,0.05098102241754532,
poison/poispps/datapoisppsseq/poisspd_pps_3e47d351.csv,ok,453,21,2,modified_speed,2,modified_speed,0.9999997615814209,all_windows,qualified_attack_window,21,10,0.47619047619047616,True,0.5093523859977722,0.9947794079780579,0.5372239947319031,0.9999997615814209,0.020664235576987267,0.9947794079780579,0.5372239947319031,0.9999997615814209,0.020664235576987267,
poison/poispps/datapoisppsseq/poisspd_pps_3e4c020c.csv,ok,397,17,2,modified_speed,1,modified_altitude,0.842922568321228,all_windows,qualified_attack_window,17,8,0.47058823529411764,False,0.5129575133323669,0.9162898063659668,0.842922568321228,0.7768580317497253,0.11056195199489594,0.9162898063659668,0.842922568321228,0.7768580317497253,0.11056195199489594,
poison/poispps/datapoisppsseq/poisspd_pps_3e4f2065.csv,ok,261,9,2,modified_speed,2,modified_speed,0.9931449890136719,all_windows,qualified_attack_window,9,4,0.4444444444444444,True,0.44861847162246704,0.8462399840354919,0.1089523583650589,0.9931449890136719,0.08934333920478821,0.8462399840354919,0.1089523583650589,0.9931449890136719,0.08934333920478821,
poison/poispps/datapoisppsseq/poisspd_pps_3e511fac.csv,ok,298,11,2,modified_speed,2,modified_speed,1.0,all_windows,qualified_attack_window,11,9,0.8181818181818182,True,0.1777237057685852,0.9893251061439514,0.014842759817838669,1.0,0.00980282947421074,0.9893251061439514,0.014842759817838669,1.0,0.00980282947421074,
poison/poispps/datapoisppsseq/poisspd_pps_3e5468f7.csv,ok,618,31,2,modified_speed,2,modified_speed,0.9999997615814209,all_windows,qualified_attack_window,31,8,0.25806451612903225,True,0.6869292259216309,0.9626703858375549,0.13986940681934357,0.9999997615814209,0.04612741246819496,0.9626703858375549,0.13986940681934357,0.9999997615814209,0.04612741246819496,
poison/poispps/datapoisppsseq/poisspd_pps_3e54a0d8.csv,ok,364,15,2,modified_speed,2,modified_speed,0.9951306581497192,all_windows,qualified_attack_window,15,7,0.4666666666666667,True,0.4998604357242584,0.9875507354736328,0.08843226730823517,0.9951306581497192,0.05936045199632645,0.9875507354736328,0.08843226730823517,0.9951306581497192,0.05936045199632645,
poison/poispps/datapoisppsseq/poisspd_pps_3e56e862.csv,ok,272,10,2,modified_speed,2,modified_speed,0.9999728798866272,all_windows,qualified_attack_window,10,7,0.7,True,0.29299378395080566,0.9889743328094482,0.012569248676300049,0.9999728798866272,0.008328597992658615,0.9889743328094482,0.012569248676300049,0.9999728798866272,0.008328597992658615,
poison/poispps/datapoisppsseq/poisspd_pps_3e58bd01.csv,ok,538,26,2,modified_speed,1,modified_altitude,0.920093834400177,all_windows,qualified_attack_window,26,7,0.2692307692307692,False,0.6817817091941833,0.997657299041748,0.920093834400177,0.21535596251487732,0.4574851095676422,0.997657299041748,0.920093834400177,0.21535596251487732,0.4574851095676422,
poison/poispps/datapoisppsseq/poisspd_pps_3e5d58c6.csv,ok,301,11,2,modified_speed,2,modified_speed,0.9998198747634888,all_windows,qualified_attack_window,11,8,0.7272727272727273,True,0.26231837272644043,0.9788886904716492,0.024224119260907173,0.9998198747634888,0.027750087901949883,0.9788886904716492,0.024224119260907173,0.9998198747634888,0.027750087901949883,
poison/poispps/datapoisppsseq/poisspd_pps_3e626c7b.csv,ok,281,10,2,modified_speed,2,modified_speed,0.9999297857284546,all_windows,qualified_attack_window,10,7,0.7,True,0.28890281915664673,0.9774104952812195,0.018551191315054893,0.9999297857284546,0.01647821068763733,0.9774104952812195,0.018551191315054893,0.9999297857284546,0.01647821068763733,
poison/poispps/datapoisppsseq/poisspd_pps_3e6850ee.csv,ok,292,11,2,modified_speed,2,modified_speed,0.9999677538871765,all_windows,qualified_attack_window,11,6,0.5454545454545454,True,0.40764522552490234,0.9627873301506042,0.0642213225364685,0.9999677538871765,0.10069657117128372,0.9627873301506042,0.0642213225364685,0.9999677538871765,0.10069657117128372,
poison/poispps/datapoisppsseq/poisspd_pps_3e68c61a.csv,ok,455,21,2,modified_speed,2,modified_speed,1.0,all_windows,qualified_attack_window,21,8,0.38095238095238093,True,0.5871750712394714,0.9857268929481506,0.05186951905488968,1.0,0.08554578572511673,0.9857268929481506,0.05186951905488968,1.0,0.08554578572511673,
poison/poispps/datapoisppsseq/poisspd_pps_3e68fe2b.csv,ok,390,17,2,modified_speed,2,modified_speed,0.9890465140342712,all_windows,qualified_attack_window,17,8,0.47058823529411764,True,0.5110449194908142,0.9806631207466125,0.9277012944221497,0.9890465140342712,0.018149172887206078,0.9806631207466125,0.9277012944221497,0.9890465140342712,0.018149172887206078,
poison/poispps/datapoisppsseq/poisspd_pps_3e6a9fd2.csv,ok,435,20,2,modified_speed,2,modified_speed,0.9999997615814209,all_windows,qualified_attack_window,20,9,0.45,True,0.5312541723251343,0.9936164617538452,0.040612537413835526,0.9999997615814209,0.08214035630226135,0.9936164617538452,0.040612537413835526,0.9999997615814209,0.08214035630226135,
poison/poispps/datapoisppsseq/poisspd_pps_3e6d76dc.csv,ok,366,15,2,modified_speed,2,modified_speed,0.9999807476997375,all_windows,qualified_attack_window,15,8,0.5333333333333333,True,0.42637112736701965,0.9694721698760986,0.06135448068380356,0.9999807476997375,0.07903770357370377,0.9694721698760986,0.06135448068380356,0.9999807476997375,0.07903770357370377,
poison/poispps/datapoisppsseq/poisspd_pps_3e7390c7.csv,ok,489,23,2,modified_speed,2,modified_speed,0.9999995231628418,all_windows,qualified_attack_window,23,8,0.34782608695652173,True,0.6288951635360718,0.9967993497848511,0.0573120079934597,0.9999995231628418,0.06619081646203995,0.9967993497848511,0.0573120079934597,0.9999995231628418,0.06619081646203995,
poison/poispps/datapoisppsseq/poisspd_pps_3e74e618.csv,ok,479,22,2,modified_speed,2,modified_speed,0.9980127811431885,all_windows,qualified_attack_window,22,8,0.36363636363636365,True,0.6253942847251892,0.9940707087516785,0.027844266965985298,0.9980127811431885,0.020902348682284355,0.9940707087516785,0.027844266965985298,0.9980127811431885,0.020902348682284355,
poison/poispps/datapoisppsseq/poisspd_pps_3e7fed81.csv,ok,329,13,2,modified_speed,2,modified_speed,1.0,all_windows,qualified_attack_window,13,10,0.7692307692307693,True,0.22111424803733826,0.9791414737701416,0.04025469720363617,1.0,0.026568176224827766,0.9791414737701416,0.04025469720363617,1.0,0.026568176224827766,
poison/poispps/datapoisppsseq/poisspd_pps_3e82b0f2.csv,ok,316,12,2,modified_speed,2,modified_speed,0.999998927116394,all_windows,qualified_attack_window,12,7,0.5833333333333334,True,0.3976001441478729,0.9815180897712708,0.022792667150497437,0.999998927116394,0.02517269365489483,0.9815180897712708,0.022792667150497437,0.999998927116394,0.02517269365489483,
poison/poispps/datapoisppsseq/poisspd_pps_3e86cbf8.csv,ok,269,9,2,modified_speed,2,modified_speed,1.0,all_windows,qualified_attack_window,9,8,0.8888888888888888,True,0.10650768131017685,0.9585691094398499,0.01660245656967163,1.0,0.014151770621538162,0.9585691094398499,0.01660245656967163,1.0,0.014151770621538162,
poison/poispps/datapoisppsseq/poisspd_pps_3e881e55.csv,ok,275,10,2,modified_speed,1,modified_altitude,0.7898333668708801,all_windows,qualified_attack_window,10,8,0.8,False,0.1956060826778412,0.9801320433616638,0.7898333668708801,0.7670402526855469,0.01692667044699192,0.9801320433616638,0.7898333668708801,0.7670402526855469,0.01692667044699192,
poison/poispps/datapoisppsseq/poisspd_pps_3e8af529.csv,ok,317,12,2,modified_speed,2,modified_speed,0.9999998807907104,all_windows,qualified_attack_window,12,8,0.6666666666666666,True,0.3211977183818817,0.9998558163642883,0.5976982712745667,0.9999998807907104,0.0444793775677681,0.9998558163642883,0.5976982712745667,0.9999998807907104,0.0444793775677681,
poison/poispps/datapoisppsseq/poisspd_pps_3e8b84a2.csv,ok,436,20,2,modified_speed,2,modified_speed,0.9999837279319763,all_windows,qualified_attack_window,20,7,0.35,True,0.6262099146842957,0.987675130367279,0.05486680567264557,0.9999837279319763,0.04053659737110138,0.987675130367279,0.05486680567264557,0.9999837279319763,0.04053659737110138,
poison/poispps/datapoisppsseq/poisspd_pps_3e8e6711.csv,ok,306,12,2,modified_speed,2,modified_speed,0.948188841342926,all_windows,qualified_attack_window,12,8,0.6666666666666666,True,0.3213929533958435,0.9806668162345886,0.6486333012580872,0.948188841342926,0.02564959041774273,0.9806668162345886,0.6486333012580872,0.948188841342926,0.02564959041774273,
poison/poispps/datapoisppsseq/poisspd_pps_3e96ab36.csv,ok,413,18,2,modified_speed,2,modified_speed,0.9999949932098389,all_windows,qualified_attack_window,18,8,0.4444444444444444,True,0.509752631187439,0.989107072353363,0.12953528761863708,0.9999949932098389,0.06945949047803879,0.989107072353363,0.12953528761863708,0.9999949932098389,0.06945949047803879,
poison/poispps/datapoisppsseq/poisspd_pps_3e9ac6c9.csv,ok,269,9,2,modified_speed,2,modified_speed,0.9999886751174927,all_windows,qualified_attack_window,9,7,0.7777777777777778,True,0.18351227045059204,0.8637043833732605,0.711825966835022,0.9999886751174927,0.07848799228668213,0.8637043833732605,0.711825966835022,0.9999886751174927,0.07848799228668213,
poison/poispps/datapoisppsseq/poisspd_pps_3eafacef.csv,ok,291,11,2,modified_speed,2,modified_speed,1.0,all_windows,qualified_attack_window,11,8,0.7272727272727273,True,0.2566291093826294,0.9670170545578003,0.0328647680580616,1.0,0.04035206884145737,0.9670170545578003,0.0328647680580616,1.0,0.04035206884145737,
poison/poispps/datapoisppsseq/poisspd_pps_3eb09bc0.csv,ok,424,19,2,modified_speed,2,modified_speed,0.9999978542327881,all_windows,qualified_attack_window,19,8,0.42105263157894735,True,0.5325075387954712,0.9924664497375488,0.19593384861946106,0.9999978542327881,0.037538375705480576,0.9924664497375488,0.19593384861946106,0.9999978542327881,0.037538375705480576,
poison/poispps/datapoisppsseq/poisspd_pps_3eb1065d.csv,ok,331,13,2,modified_speed,1,modified_altitude,0.49516451358795166,all_windows,qualified_attack_window,13,3,0.23076923076923078,False,0.6707150340080261,0.9641939997673035,0.49516451358795166,0.47482192516326904,0.11546914279460907,0.9641939997673035,0.49516451358795166,0.47482192516326904,0.11546914279460907,
poison/poispps/datapoisppsseq/poisspd_pps_3eb144d3.csv,ok,319,12,2,modified_speed,2,modified_speed,1.0,all_windows,qualified_attack_window,12,9,0.75,True,0.2440117597579956,0.9904160499572754,0.018027618527412415,1.0,0.013312865979969501,0.9904160499572754,0.018027618527412415,1.0,0.013312865979969501,
poison/poispps/datapoisppsseq/poisspd_pps_3eb4b51d.csv,ok,353,15,2,modified_speed,2,modified_speed,0.9999334812164307,all_windows,qualified_attack_window,15,7,0.4666666666666667,True,0.49549728631973267,0.9689275026321411,0.05041873827576637,0.9999334812164307,0.10753650963306427,0.9689275026321411,0.05041873827576637,0.9999334812164307,0.10753650963306427,
poison/poispps/datapoisppsseq/poisspd_pps_3eb4c033.csv,ok,327,13,2,modified_speed,2,modified_speed,0.9999998807907104,all_windows,qualified_attack_window,13,9,0.6923076923076923,True,0.3042472004890442,0.995526134967804,0.008326423354446888,0.9999998807907104,0.005020865239202976,0.995526134967804,0.008326423354446888,0.9999998807907104,0.005020865239202976,
poison/poispps/datapoisppsseq/poisspd_pps_3eb7532e.csv,ok,373,16,2,modified_speed,2,modified_speed,0.829700231552124,all_windows,qualified_attack_window,16,3,0.1875,True,0.7424770593643188,0.9555949568748474,0.1730271279811859,0.829700231552124,0.10678691416978836,0.9555949568748474,0.1730271279811859,0.829700231552124,0.10678691416978836,
poison/poispps/datapoisppsseq/poisspd_pps_3eb8c0d5.csv,ok,429,19,2,modified_speed,1,modified_altitude,0.9834363460540771,all_windows,qualified_attack_window,19,8,0.42105263157894735,False,0.5464951992034912,0.9840232729911804,0.9834363460540771,0.2871997058391571,0.0723673552274704,0.9840232729911804,0.9834363460540771,0.2871997058391571,0.0723673552274704,
poison/poispps/datapoisppsseq/poisspd_pps_3ebbb2d4.csv,ok,434,20,2,modified_speed,2,modified_speed,1.0,all_windows,qualified_attack_window,20,8,0.4,True,0.5706847906112671,0.9897456169128418,0.0549275167286396,1.0,0.04465113952755928,0.9897456169128418,0.0549275167286396,1.0,0.04465113952755928,
poison/poispps/datapoisppsseq/poisspd_pps_3ebbed5a.csv,ok,382,16,2,modified_speed,2,modified_speed,0.9887630939483643,all_windows,qualified_attack_window,16,8,0.5,True,0.4496842920780182,0.9680848121643066,0.9586584568023682,0.9887630939483643,0.11339268088340759,0.9680848121643066,0.9586584568023682,0.9887630939483643,0.11339268088340759,
poison/poispps/datapoisppsseq/poisspd_pps_3ebc63e3.csv,ok,468,22,2,modified_speed,1,modified_altitude,0.7324622869491577,all_windows,qualified_attack_window,22,8,0.36363636363636365,False,0.6170403361320496,0.993710458278656,0.7324622869491577,0.6625648736953735,0.031055252999067307,0.993710458278656,0.7324622869491577,0.6625648736953735,0.031055252999067307,
poison/poispps/datapoisppsseq/poisspd_pps_3ec01280.csv,ok,412,18,2,modified_speed,2,modified_speed,1.0,all_windows,qualified_attack_window,18,9,0.5,True,0.4700813889503479,0.9673015475273132,0.03366551175713539,1.0,0.06551218032836914,0.9673015475273132,0.03366551175713539,1.0,0.06551218032836914,
poison/poispps/datapoisppsseq/poisspd_pps_3ec015d8.csv,ok,429,19,2,modified_speed,2,modified_speed,1.0,all_windows,qualified_attack_window,19,9,0.47368421052631576,True,0.4923950135707855,0.9800876975059509,0.05020653083920479,1.0,0.09170396625995636,0.9800876975059509,0.05020653083920479,1.0,0.09170396625995636,
poison/poispps/datapoisppsseq/poisspd_pps_3ec27b98.csv,ok,461,21,2,modified_speed,2,modified_speed,1.0,all_windows,qualified_attack_window,21,10,0.47619047619047616,True,0.48298966884613037,0.9781695604324341,0.05701429396867752,1.0,0.09474191814661026,0.9781695604324341,0.05701429396867752,1.0,0.09474191814661026,
poison/poispps/datapoisppsseq/poisspd_pps_3ec6b3c3.csv,ok,358,15,2,modified_speed,2,modified_speed,1.0,all_windows,qualified_attack_window,15,8,0.5333333333333333,True,0.44044920802116394,0.9802632331848145,0.045064233243465424,1.0,0.0719088688492775,0.9802632331848145,0.045064233243465424,1.0,0.0719088688492775,
poison/poispps/datapoisppsseq/poisspd_pps_3ec95ad2.csv,ok,255,8,2,modified_speed,2,modified_speed,0.9992181062698364,all_windows,qualified_attack_window,8,5,0.625,True,0.3383794128894806,0.936414897441864,0.23711857199668884,0.9992181062698364,0.06395197659730911,0.936414897441864,0.23711857199668884,0.9992181062698364,0.06395197659730911,
poison/poispps/datapoisppsseq/poisspd_pps_3ec9602e.csv,ok,279,10,2,modified_speed,2,modified_speed,1.0,all_windows,qualified_attack_window,10,6,0.6,True,0.3603943884372711,0.9280192255973816,0.05921360105276108,1.0,0.04293880611658096,0.9280192255973816,0.05921360105276108,1.0,0.04293880611658096,
poison/poispps/datapoisppsseq/poisspd_pps_3ecf1d5f.csv,ok,314,12,2,modified_speed,2,modified_speed,0.9974803924560547,all_windows,qualified_attack_window,12,8,0.6666666666666666,True,0.32435765862464905,0.9941336512565613,0.8224201202392578,0.9974803924560547,0.013138932175934315,0.9941336512565613,0.8224201202392578,0.9974803924560547,0.013138932175934315,
poison/poispps/datapoisppsseq/poisspd_pps_3ed3b719.csv,ok,272,10,2,modified_speed,2,modified_speed,0.5742626786231995,all_windows,qualified_attack_window,10,1,0.1,True,0.7995145916938782,0.9758375287055969,0.1343848705291748,0.5742626786231995,0.07307559996843338,0.9758375287055969,0.1343848705291748,0.5742626786231995,0.07307559996843338,
poison/poispps/datapoisppsseq/poisspd_pps_3ed7dd02.csv,ok,320,13,2,modified_speed,2,modified_speed,0.9950608611106873,all_windows,qualified_attack_window,13,6,0.46153846153846156,True,0.4787920415401459,0.9874721169471741,0.07414844632148743,0.9950608611106873,0.025237292051315308,0.9874721169471741,0.07414844632148743,0.9950608611106873,0.025237292051315308,
poison/poispps/datapoisppsseq/poisspd_pps_3edabb6e.csv,ok,445,20,2,modified_speed,2,modified_speed,0.9998651742935181,all_windows,qualified_attack_window,20,8,0.4,True,0.5728647112846375,0.9836817979812622,0.04911112040281296,0.9998651742935181,0.07759877294301987,0.9836817979812622,0.04911112040281296,0.9998651742935181,0.07759877294301987,
poison/poispps/datapoisppsseq/poisspd_pps_3edb74ff.csv,ok,476,22,2,modified_speed,2,modified_speed,1.0,all_windows,qualified_attack_window,22,8,0.36363636363636365,True,0.5958628058433533,0.9833263754844666,0.08055429905653,1.0,0.09540592133998871,0.9833263754844666,0.08055429905653,1.0,0.09540592133998871,
poison/poispps/datapoisppsseq/poisspd_pps_3edf291e.csv,ok,441,20,2,modified_speed,2,modified_speed,0.9940866231918335,all_windows,qualified_attack_window,20,8,0.4,True,0.5804373621940613,0.9913498163223267,0.14108806848526,0.9940866231918335,0.06542454659938812,0.9913498163223267,0.14108806848526,0.9940866231918335,0.06542454659938812,
poison/poispps/datapoisppsseq/poisspd_pps_3ee7b137.csv,ok,263,9,2,modified_speed,2,modified_speed,0.9976395964622498,all_windows,qualified_attack_window,9,6,0.6666666666666666,True,0.2825087308883667,0.9225102066993713,0.07652849704027176,0.9976395964622498,0.09867575019598007,0.9225102066993713,0.07652849704027176,0.9976395964622498,0.09867575019598007,
poison/poispps/datapoisppsseq/poisspd_pps_3ef6a156.csv,ok,430,19,2,modified_speed,2,modified_speed,1.0,all_windows,qualified_attack_window,19,9,0.47368421052631576,True,0.4741140604019165,0.9753293991088867,0.14186584949493408,1.0,0.030092453584074974,0.9753293991088867,0.14186584949493408,1.0,0.030092453584074974,
poison/poispps/datapoisppsseq/poisspd_pps_3ef78af1.csv,ok,367,15,2,modified_speed,2,modified_speed,0.999894380569458,all_windows,qualified_attack_window,15,10,0.6666666666666666,True,0.30172476172447205,0.9834434986114502,0.8883402943611145,0.999894380569458,0.08346070349216461,0.9834434986114502,0.8883402943611145,0.999894380569458,0.08346070349216461,
poison/poispps/datapoisppsseq/poisspd_pps_3ef9b50e.csv,ok,339,14,2,modified_speed,2,modified_speed,0.9997625946998596,all_windows,qualified_attack_window,14,7,0.5,True,0.40520116686820984,0.9458613395690918,0.1648683398962021,0.9997625946998596,0.08860672265291214,0.9458613395690918,0.1648683398962021,0.9997625946998596,0.08860672265291214,
poison/poispps/datapoisppsseq/poisspd_pps_3efd6222.csv,ok,270,9,2,modified_speed,2,modified_speed,1.0,all_windows,qualified_attack_window,9,9,1.0,True,1.2807560567651421e-09,6.68366828548983e-09,0.0027256968896836042,1.0,4.1483683437240675e-17,6.68366828548983e-09,0.0027256968896836042,1.0,4.1483683437240675e-17,
poison/poispps/datapoisppsseq/poisspd_pps_3f0618cd.csv,ok,405,18,2,modified_speed,2,modified_speed,0.9999995231628418,all_windows,qualified_attack_window,18,8,0.4444444444444444,True,0.5406374931335449,0.9883343577384949,0.024429773911833763,0.9999995231628418,0.02268490567803383,0.9883343577384949,0.024429773911833763,0.9999995231628418,0.02268490567803383,
poison/poispps/datapoisppsseq/poisspd_pps_3f071cd8.csv,ok,341,14,2,modified_speed,1,modified_altitude,0.8822046518325806,all_windows,qualified_attack_window,14,8,0.5714285714285714,False,0.39226025342941284,0.9606429934501648,0.8822046518325806,0.7410810589790344,0.03435099124908447,0.9606429934501648,0.8822046518325806,0.7410810589790344,0.03435099124908447,
poison/poispps/datapoisppsseq/poisspd_pps_3f092b29.csv,ok,301,11,2,modified_speed,2,modified_speed,0.8097457885742188,all_windows,qualified_attack_window,11,5,0.45454545454545453,True,0.5195891857147217,0.9948663711547852,0.3751448094844818,0.8097457885742188,0.05264437571167946,0.9948663711547852,0.3751448094844818,0.8097457885742188,0.05264437571167946,
poison/poispps/datapoisppsseq/poisspd_pps_3f0a952f.csv,ok,291,11,2,modified_speed,2,modified_speed,0.9999998807907104,all_windows,qualified_attack_window,11,8,0.7272727272727273,True,0.2573253810405731,0.9622254967689514,0.024340078234672546,0.9999998807907104,0.03164326772093773,0.9622254967689514,0.024340078234672546,0.9999998807907104,0.03164326772093773,
poison/poispps/datapoisppsseq/poisspd_pps_3f0a9ef6.csv,ok,423,19,2,modified_speed,2,modified_speed,1.0,all_windows,qualified_attack_window,19,9,0.47368421052631576,True,0.5168573260307312,0.9939311146736145,0.018025416880846024,1.0,0.011133376508951187,0.9939311146736145,0.018025416880846024,1.0,0.011133376508951187,
poison/poispps/datapoisppsseq/poisspd_pps_3f0e5812.csv,ok,337,14,2,modified_speed,2,modified_speed,0.9997749924659729,all_windows,qualified_attack_window,14,5,0.35714285714285715,True,0.6039833426475525,0.9849739074707031,0.06016440689563751,0.9997749924659729,0.06549020111560822,0.9849739074707031,0.06016440689563751,0.9997749924659729,0.06549020111560822,
poison/poispps/datapoisppsseq/poisspd_pps_3f0e8a5a.csv,ok,372,16,2,modified_speed,2,modified_speed,1.0,all_windows,qualified_attack_window,16,10,0.625,True,0.3469540476799011,0.9877100586891174,0.17648762464523315,1.0,0.1065269187092781,0.9877100586891174,0.17648762464523315,1.0,0.1065269187092781,
poison/poispps/datapoisppsseq/poisspd_pps_3f0eaf7c.csv,ok,387,17,2,modified_speed,2,modified_speed,1.0,all_windows,qualified_attack_window,17,9,0.5294117647058824,True,0.32880929112434387,0.9992703199386597,0.24267509579658508,1.0,0.020804651081562042,0.9992703199386597,0.24267509579658508,1.0,0.020804651081562042,
poison/poispps/datapoisppsseq/poisspd_pps_3f10986f.csv,ok,289,11,2,modified_speed,2,modified_speed,1.0,all_windows,qualified_attack_window,11,9,0.8181818181818182,True,0.18084712326526642,0.9970782995223999,0.004315376281738281,1.0,0.0014727894449606538,0.9970782995223999,0.004315376281738281,1.0,0.0014727894449606538,
poison/poispps/datapoisppsseq/poisspd_pps_3f11f85c.csv,ok,278,10,2,modified_speed,2,modified_speed,1.0,all_windows,qualified_attack_window,10,8,0.8,True,0.17919735610485077,0.9454343914985657,0.04208607226610184,1.0,0.08764836937189102,0.9454343914985657,0.04208607226610184,1.0,0.08764836937189102,
poison/poispps/datapoisppsseq/poisspd_pps_3f150622.csv,ok,334,13,2,modified_speed,2,modified_speed,0.9999525547027588,all_windows,qualified_attack_window,13,8,0.6153846153846154,True,0.35266777873039246,0.9525514841079712,0.05190129578113556,0.9999525547027588,0.033476829528808594,0.9525514841079712,0.05190129578113556,0.9999525547027588,0.033476829528808594,
poison/poispps/datapoisppsseq/poisspd_pps_3f181dad.csv,ok,242,8,2,modified_speed,1,modified_altitude,0.6103086471557617,all_windows,qualified_attack_window,8,7,0.875,False,0.1370706558227539,0.7829505205154419,0.6103086471557617,0.36644187569618225,0.14357268810272217,0.7829505205154419,0.6103086471557617,0.36644187569618225,0.14357268810272217,
poison/poispps/datapoisppsseq/poisspd_pps_3f18d38a.csv,ok,614,31,2,modified_speed,2,modified_speed,0.999998927116394,all_windows,qualified_attack_window,31,9,0.2903225806451613,True,0.6817387342453003,0.9893048405647278,0.6753906011581421,0.999998927116394,0.04833922162652016,0.9893048405647278,0.6753906011581421,0.999998927116394,0.04833922162652016,
poison/poispps/datapoisppsseq/poisspd_pps_3f19a49f.csv,ok,398,17,2,modified_speed,2,modified_speed,0.9999714493751526,all_windows,qualified_attack_window,17,6,0.35294117647058826,True,0.5654417276382446,0.9620072841644287,0.25995945930480957,0.9999714493751526,0.07522757351398468,0.9620072841644287,0.25995945930480957,0.9999714493751526,0.07522757351398468,
poison/poispps/datapoisppsseq/poisspd_pps_3f1c255d.csv,ok,287,10,2,modified_speed,2,modified_speed,0.9991887211799622,all_windows,qualified_attack_window,10,8,0.8,True,0.1916579008102417,0.9897875785827637,0.6893990635871887,0.9991887211799622,0.043730828911066055,0.9897875785827637,0.6893990635871887,0.9991887211799622,0.043730828911066055,
poison/poispps/datapoisppsseq/poisspd_pps_3f1c4ede.csv,ok,241,8,2,modified_speed,2,modified_speed,1.0,all_windows,qualified_attack_window,8,8,1.0,True,1.1814040590252262e-07,9.450038191971544e-07,0.03878875449299812,1.0,7.954238396418178e-13,9.450038191971544e-07,0.03878875449299812,1.0,7.954238396418178e-13,
poison/poispps/datapoisppsseq/poisspd_pps_3f1e5295.csv,ok,363,15,2,modified_speed,2,modified_speed,0.999816358089447,all_windows,qualified_attack_window,15,1,0.06666666666666667,True,0.8028040528297424,0.9999874830245972,0.08435001224279404,0.999816358089447,0.04226698726415634,0.9999874830245972,0.08435001224279404,0.999816358089447,0.04226698726415634,
poison/poispps/datapoisppsseq/poisspd_pps_3f21c272.csv,ok,479,22,2,modified_speed,2,modified_speed,0.9999998807907104,all_windows,qualified_attack_window,22,9,0.4090909090909091,True,0.5753833651542664,0.9875671863555908,0.27016595005989075,0.9999998807907104,0.016451695933938026,0.9875671863555908,0.27016595005989075,0.9999998807907104,0.016451695933938026,
poison/poispps/datapoisppsseq/poisspd_pps_3f21e416.csv,ok,333,13,2,modified_speed,2,modified_speed,0.9990885257720947,all_windows,qualified_attack_window,13,8,0.6153846153846154,True,0.33779650926589966,0.9109407067298889,0.07790876924991608,0.9990885257720947,0.1338668316602707,0.9109407067298889,0.07790876924991608,0.9990885257720947,0.1338668316602707,
poison/poispps/datapoisppsseq/poisspd_pps_3f22ddbb.csv,ok,325,13,2,modified_speed,2,modified_speed,0.9990092515945435,all_windows,qualified_attack_window,13,8,0.6153846153846154,True,0.3767094016075134,0.9870855808258057,0.607149600982666,0.9990092515945435,0.018295368179678917,0.9870855808258057,0.607149600982666,0.9990092515945435,0.018295368179678917,
poison/poispps/datapoisppsseq/poisspd_pps_3f254422.csv,ok,246,8,2,modified_speed,1,modified_altitude,0.48323848843574524,all_windows,qualified_attack_window,8,2,0.25,False,0.5509068965911865,0.9277784824371338,0.48323848843574524,0.3721868693828583,0.09380427747964859,0.9277784824371338,0.48323848843574524,0.3721868693828583,0.09380427747964859,
poison/poispps/datapoisppsseq/poisspd_pps_3f314db7.csv,ok,327,13,2,modified_speed,2,modified_speed,0.9999998807907104,all_windows,qualified_attack_window,13,10,0.7692307692307693,True,0.2281801849603653,0.9748427867889404,0.5020810961723328,0.9999998807907104,0.0346071682870388,0.9748427867889404,0.5020810961723328,0.9999998807907104,0.0346071682870388,
poison/poispps/datapoisppsseq/poisspd_pps_3f326c32.csv,ok,307,12,2,modified_speed,2,modified_speed,0.9998247623443604,all_windows,qualified_attack_window,12,8,0.6666666666666666,True,0.3109520673751831,0.9613984823226929,0.03147566318511963,0.9998247623443604,0.048794206231832504,0.9613984823226929,0.03147566318511963,0.9998247623443604,0.048794206231832504,
poison/poispps/datapoisppsseq/poisspd_pps_3f35aa6c.csv,ok,440,20,2,modified_speed,2,modified_speed,0.9999994039535522,all_windows,qualified_attack_window,20,9,0.45,True,0.523077666759491,0.9813905954360962,0.04507642611861229,0.9999994039535522,0.07928483933210373,0.9813905954360962,0.04507642611861229,0.9999994039535522,0.07928483933210373,
poison/poispps/datapoisppsseq/poisspd_pps_3f369ee5.csv,ok,403,18,2,modified_speed,2,modified_speed,1.0,all_windows,qualified_attack_window,18,9,0.5,True,0.4877811670303345,0.9899418950080872,0.02350524812936783,1.0,0.014517317526042461,0.9899418950080872,0.02350524812936783,1.0,0.014517317526042461,
poison/poispps/datapoisppsseq/poisspd_pps_3f3a0618.csv,ok,393,17,2,modified_speed,2,modified_speed,1.0,all_windows,qualified_attack_window,17,8,0.47058823529411764,True,0.47680333256721497,0.999990701675415,0.09993332624435425,1.0,0.1656150370836258,0.999990701675415,0.09993332624435425,1.0,0.1656150370836258,
poison/poispps/datapoisppsseq/poisspd_pps_3f3a6a75.csv,ok,287,10,2,modified_speed,2,modified_speed,1.0,all_windows,qualified_attack_window,10,7,0.7,True,0.2842881679534912,0.9718144536018372,0.027316441759467125,1.0,0.023052094504237175,0.9718144536018372,0.027316441759467125,1.0,0.023052094504237175,
poison/poispps/datapoisppsseq/poisspd_pps_3f3ae357.csv,ok,248,8,2,modified_speed,2,modified_speed,0.9916856288909912,all_windows,qualified_attack_window,8,6,0.75,True,0.24130071699619293,0.9756262302398682,0.31844308972358704,0.9916856288909912,0.015827268362045288,0.9756262302398682,0.31844308972358704,0.9916856288909912,0.015827268362045288,
poison/poispps/datapoisppsseq/poisspd_pps_3f3d4a17.csv,ok,245,8,2,modified_speed,2,modified_speed,0.9999996423721313,all_windows,qualified_attack_window,8,7,0.875,True,0.1194901168346405,0.955920934677124,0.015655921772122383,0.9999996423721313,0.014697395265102386,0.955920934677124,0.015655921772122383,0.9999996423721313,0.014697395265102386,
poison/poispps/datapoisppsseq/poisspd_pps_3f3eb60d.csv,ok,336,14,2,modified_speed,2,modified_speed,0.9656713604927063,all_windows,qualified_attack_window,14,6,0.42857142857142855,True,0.5098575353622437,0.9622476696968079,0.5798535943031311,0.9656713604927063,0.040314964950084686,0.9622476696968079,0.5798535943031311,0.9656713604927063,0.040314964950084686,
poison/poispps/datapoisppsseq/poisspd_pps_3f3ed080.csv,ok,299,11,2,modified_speed,2,modified_speed,0.9999998807907104,all_windows,qualified_attack_window,11,9,0.8181818181818182,True,0.17739759385585785,0.9757392406463623,0.29738014936447144,0.9999998807907104,0.030172647908329964,0.9757392406463623,0.29738014936447144,0.9999998807907104,0.030172647908329964,
poison/poispps/datapoisppsseq/poisspd_pps_3f41a9e4.csv,ok,313,12,2,modified_speed,2,modified_speed,0.9999996423721313,all_windows,qualified_attack_window,12,8,0.6666666666666666,True,0.3169974386692047,0.9686901569366455,0.02680414915084839,0.9999996423721313,0.028595004230737686,0.9686901569366455,0.02680414915084839,0.9999996423721313,0.028595004230737686,
poison/poispps/datapoisppsseq/poisspd_pps_3f437085.csv,ok,274,10,2,modified_speed,2,modified_speed,0.976418673992157,all_windows,qualified_attack_window,10,2,0.2,True,0.6696707010269165,0.9090753197669983,0.07692892849445343,0.976418673992157,0.09394386410713196,0.9090753197669983,0.07692892849445343,0.976418673992157,0.09394386410713196,
poison/poispps/datapoisppsseq/poisspd_pps_3f45ef37.csv,ok,248,8,2,modified_speed,2,modified_speed,1.0,all_windows,qualified_attack_window,8,6,0.75,True,0.22586706280708313,0.9324015974998474,0.0339183546602726,1.0,0.07140528410673141,0.9324015974998474,0.0339183546602726,1.0,0.07140528410673141,
poison/poispps/datapoisppsseq/poisspd_pps_3f474a36.csv,ok,269,9,2,modified_speed,2,modified_speed,1.0,all_windows,qualified_attack_window,9,8,0.8888888888888888,True,0.09569261968135834,0.8612279891967773,0.03586699068546295,1.0,0.08155249059200287,0.8612279891967773,0.03586699068546295,1.0,0.08155249059200287,
poison/poispps/datapoisppsseq/poisspd_pps_3f4a8aff.csv,ok,401,18,2,modified_speed,2,modified_speed,1.0,all_windows,qualified_attack_window,18,8,0.4444444444444444,True,0.5225980281829834,0.9849287867546082,0.05049702897667885,1.0,0.034301139414310455,0.9849287867546082,0.05049702897667885,1.0,0.034301139414310455,
poison/poispps/datapoisppsseq/poisspd_pps_3f4b144a.csv,ok,311,12,2,modified_speed,2,modified_speed,0.99909907579422,all_windows,qualified_attack_window,12,7,0.5833333333333334,True,0.376224160194397,0.9819814562797546,0.11034737527370453,0.99909907579422,0.04597572609782219,0.9819814562797546,0.11034737527370453,0.99909907579422,0.04597572609782219,
poison/poispps/datapoisppsseq/poisspd_pps_3f52629f.csv,ok,378,16,2,modified_speed,2,modified_speed,1.0,all_windows,qualified_attack_window,16,9,0.5625,True,0.4094127416610718,0.9746807217597961,0.06045937538146973,1.0,0.022633761167526245,0.9746807217597961,0.06045937538146973,1.0,0.022633761167526245,
poison/poispps/datapoisppsseq/poisspd_pps_3f530227.csv,ok,427,19,2,modified_speed,2,modified_speed,1.0,all_windows,qualified_attack_window,19,13,0.6842105263157895,True,0.2990458011627197,0.9765194058418274,0.42175063490867615,1.0,0.10843393206596375,0.9765194058418274,0.42175063490867615,1.0,0.10843393206596375,
poison/poispps/datapoisppsseq/poisspd_pps_3f556511.csv,ok,281,10,2,modified_speed,2,modified_speed,0.9999958276748657,all_windows,qualified_attack_window,10,7,0.7,True,0.2785031199455261,0.94316565990448,0.11234644800424576,0.9999958276748657,0.013411409221589565,0.94316565990448,0.11234644800424576,0.9999958276748657,0.013411409221589565,
poison/poispps/datapoisppsseq/poisspd_pps_3f5a9b5e.csv,ok,265,9,2,modified_speed,1,modified_altitude,0.8124918341636658,all_windows,qualified_attack_window,9,7,0.7777777777777778,False,0.18663117289543152,0.8448999524116516,0.8124918341636658,0.3883858621120453,0.10581525415182114,0.8448999524116516,0.8124918341636658,0.3883858621120453,0.10581525415182114,
poison/poispps/datapoisppsseq/poisspd_pps_3f5acae1.csv,ok,476,22,2,modified_speed,2,modified_speed,1.0,all_windows,qualified_attack_window,22,8,0.36363636363636365,True,0.5969107151031494,0.988257110118866,0.08903490751981735,1.0,0.06708938628435135,0.988257110118866,0.08903490751981735,1.0,0.06708938628435135,
poison/poispps/datapoisppsseq/poisspd_pps_3f5fc518.csv,ok,320,13,2,modified_speed,2,modified_speed,0.8157166242599487,all_windows,qualified_attack_window,13,8,0.6153846153846154,True,0.3539370000362396,0.9823203086853027,0.7720111012458801,0.8157166242599487,0.08097799867391586,0.9823203086853027,0.7720111012458801,0.8157166242599487,0.08097799867391586,
poison/poispps/datapoisppsseq/poisspd_pps_3f63398e.csv,ok,426,19,2,modified_speed,1,modified_altitude,0.9536757469177246,all_windows,qualified_attack_window,19,8,0.42105263157894735,False,0.5385942459106445,0.9811052680015564,0.9536757469177246,0.7457067966461182,0.056237880140542984,0.9811052680015564,0.9536757469177246,0.7457067966461182,0.056237880140542984,
poison/poispps/datapoisppsseq/poisspd_pps_3f643d6d.csv,ok,284,10,2,modified_speed,2,modified_speed,1.0,all_windows,qualified_attack_window,10,8,0.8,True,0.17111054062843323,0.9036557078361511,0.08677303791046143,1.0,0.04106615111231804,0.9036557078361511,0.08677303791046143,1.0,0.04106615111231804,
poison/poispps/datapoisppsseq/poisspd_pps_3f67a7b3.csv,ok,381,16,2,modified_speed,2,modified_speed,1.0,all_windows,qualified_attack_window,16,8,0.5,True,0.48066556453704834,0.982269823551178,0.039243414998054504,1.0,0.01914384588599205,0.982269823551178,0.039243414998054504,1.0,0.01914384588599205,
poison/poispps/datapoisppsseq/poisspd_pps_3f67d5ec.csv,ok,401,18,2,modified_speed,2,modified_speed,0.9999959468841553,all_windows,qualified_attack_window,18,8,0.4444444444444444,True,0.5290917158126831,0.9886553287506104,0.1161540225148201,0.9999959468841553,0.024826668202877045,0.9886553287506104,0.1161540225148201,0.9999959468841553,0.024826668202877045,
poison/poispps/datapoisppsseq/poisspd_pps_3f6eb08e.csv,ok,341,14,2,modified_speed,2,modified_speed,0.9992127418518066,all_windows,qualified_attack_window,14,8,0.5714285714285714,True,0.3887658715248108,0.9714533090591431,0.05134938657283783,0.9992127418518066,0.06438145786523819,0.9714533090591431,0.05134938657283783,0.9992127418518066,0.06438145786523819,
poison/poispps/datapoisppsseq/poisspd_pps_3f6f3ab3.csv,ok,325,13,2,modified_speed,2,modified_speed,0.9998284578323364,all_windows,qualified_attack_window,13,8,0.6153846153846154,True,0.35817795991897583,0.9936331510543823,0.05675080791115761,0.9998284578323364,0.04180943965911865,0.9936331510543823,0.05675080791115761,0.9998284578323364,0.04180943965911865,
poison/poispps/datapoisppsseq/poisspd_pps_3f73ba3f.csv,ok,242,8,2,modified_speed,2,modified_speed,0.9991316795349121,all_windows,qualified_attack_window,8,8,1.0,True,2.7286267823001253e-07,2.1219166228547692e-06,0.6507301926612854,0.9991316795349121,3.565728007998148e-12,2.1219166228547692e-06,0.6507301926612854,0.9991316795349121,3.565728007998148e-12,
poison/poispps/datapoisppsseq/poisspd_pps_3f76d97b.csv,ok,408,18,2,modified_speed,2,modified_speed,0.9999845623970032,all_windows,qualified_attack_window,18,7,0.3888888888888889,True,0.55692058801651,0.990067720413208,0.18762624263763428,0.9999845623970032,0.03625974804162979,0.990067720413208,0.18762624263763428,0.9999845623970032,0.03625974804162979,
poison/poispps/datapoisppsseq/poisspd_pps_3f77a52d.csv,ok,331,13,2,modified_speed,2,modified_speed,1.0,all_windows,qualified_attack_window,13,8,0.6153846153846154,True,0.362263023853302,0.958914577960968,0.024674514308571815,1.0,0.03590305149555206,0.958914577960968,0.024674514308571815,1.0,0.03590305149555206,
poison/poispps/datapoisppsseq/poisspd_pps_3f82a0d7.csv,ok,282,10,2,modified_speed,2,modified_speed,0.9999518394470215,all_windows,qualified_attack_window,10,7,0.7,True,0.2559565305709839,0.9474124312400818,0.4404453635215759,0.9999518394470215,0.11117804050445557,0.9474124312400818,0.4404453635215759,0.9999518394470215,0.11117804050445557,
poison/poispps/datapoisppsseq/poisspd_pps_3f835069.csv,ok,476,22,2,modified_speed,2,modified_speed,0.9999004006385803,all_windows,qualified_attack_window,22,10,0.45454545454545453,True,0.5129910111427307,0.9831523299217224,0.4069366157054901,0.9999004006385803,0.0508970245718956,0.9831523299217224,0.4069366157054901,0.9999004006385803,0.0508970245718956,
poison/poispps/datapoisppsseq/poisspd_pps_3f872baf.csv,ok,285,10,2,modified_speed,2,modified_speed,0.9450688362121582,all_windows,qualified_attack_window,10,8,0.8,True,0.21959717571735382,0.9684296250343323,0.08283273130655289,0.9450688362121582,0.016902800649404526,0.9684296250343323,0.08283273130655289,0.9450688362121582,0.016902800649404526,
poison/poispps/datapoisppsseq/poisspd_pps_3f8a28fd.csv,ok,297,11,2,modified_speed,2,modified_speed,0.9999994039535522,all_windows,qualified_attack_window,11,7,0.6363636363636364,True,0.31786811351776123,0.9412717819213867,0.05444660410284996,0.9999994039535522,0.11587843298912048,0.9412717819213867,0.05444660410284996,0.9999994039535522,0.11587843298912048,
poison/poispps/datapoisppsseq/poisspd_pps_3f8e33ee.csv,ok,294,11,2,modified_speed,2,modified_speed,0.9999995231628418,all_windows,qualified_attack_window,11,7,0.6363636363636364,True,0.332020103931427,0.989207923412323,0.039126377552747726,0.9999995231628418,0.10260141640901566,0.989207923412323,0.039126377552747726,0.9999995231628418,0.10260141640901566,
poison/poispps/datapoisppsseq/poisspd_pps_3f8f2d43.csv,ok,393,17,2,modified_speed,2,modified_speed,0.9998670816421509,all_windows,qualified_attack_window,17,9,0.5294117647058824,True,0.4033115804195404,0.9833335280418396,0.07897709310054779,0.9998670816421509,0.47794896364212036,0.9833335280418396,0.07897709310054779,0.9998670816421509,0.47794896364212036,
poison/poispps/datapoisppsseq/poisspd_pps_3f91efe4.csv,ok,394,17,2,modified_speed,1,modified_altitude,0.7800264358520508,all_windows,qualified_attack_window,17,6,0.35294117647058826,False,0.5651421546936035,0.9168693423271179,0.7800264358520508,0.281162828207016,0.09774881601333618,0.9168693423271179,0.7800264358520508,0.281162828207016,0.09774881601333618,
poison/poispps/datapoisppsseq/poisspd_pps_3f935e62.csv,ok,428,19,2,modified_speed,2,modified_speed,1.0,all_windows,qualified_attack_window,19,9,0.47368421052631576,True,0.4966036081314087,0.9766459465026855,0.06740420311689377,1.0,0.029508551582694054,0.9766459465026855,0.06740420311689377,1.0,0.029508551582694054,
poison/poispps/datapoisppsseq/poisspd_pps_3f967712.csv,ok,282,10,2,modified_speed,2,modified_speed,0.999913215637207,all_windows,qualified_attack_window,10,5,0.5,True,0.4060635566711426,0.9509668946266174,0.18677955865859985,0.999913215637207,0.14065909385681152,0.9509668946266174,0.18677955865859985,0.999913215637207,0.14065909385681152,
poison/poispps/datapoisppsseq/poisspd_pps_inf_14.csv,ok,293,11,2,modified_speed,2,modified_speed,0.9999994039535522,all_windows,qualified_attack_window,11,7,0.6363636363636364,True,0.3408266305923462,0.9822158813476562,0.04668981209397316,0.9999994039535522,0.029352260753512383,0.9822158813476562,0.04668981209397316,0.9999994039535522,0.029352260753512383,
poison/poispps/datapoisppsseq/poisspd_pps_inf_16.csv,ok,504,24,2,modified_speed,2,modified_speed,0.9941589832305908,all_windows,qualified_attack_window,24,14,0.5833333333333334,True,0.4100736677646637,0.9833958148956299,0.12286517769098282,0.9941589832305908,0.9743832349777222,0.9833958148956299,0.12286517769098282,0.9941589832305908,0.9743832349777222,
