csv_path,window_index,start_row,end_row_exclusive,predicted_label,predicted_label_name,prob_authentic,prob_modified_altitude,prob_modified_speed,prob_modified_position
poison/poismph/datapoismphpar/poisalt_mph_3e39f7cd.csv,0,0,128,0,authentic,0.974400520324707,0.008149787783622742,0.008164661005139351,0.009285060688853264
poison/poismph/datapoismphpar/poisalt_mph_3e39f7cd.csv,1,16,144,0,authentic,0.9834725260734558,0.004222945775836706,0.005558405537158251,0.006746227853000164
poison/poismph/datapoismphpar/poisalt_mph_3e39f7cd.csv,2,32,160,0,authentic,0.9798122644424438,0.006132771261036396,0.0055232723243534565,0.008531753905117512
poison/poismph/datapoismphpar/poisalt_mph_3e39f7cd.csv,3,48,176,1,modified_altitude,0.00034663366386666894,0.9995891451835632,5.4376367188524455e-05,9.804594810702838e-06
poison/poismph/datapoismphpar/poisalt_mph_3e39f7cd.csv,4,64,192,1,modified_altitude,1.559629403402596e-08,1.0,5.406398440044313e-09,1.0705077102546312e-10
poison/poismph/datapoismphpar/poisalt_mph_3e39f7cd.csv,5,80,208,1,modified_altitude,1.807970306799689e-08,1.0,6.235284732980517e-09,1.6062012830886374e-10
poison/poismph/datapoismphpar/poisalt_mph_3e39f7cd.csv,6,96,224,1,modified_altitude,1.758465373313811e-08,1.0,9.733977179848807e-09,2.5580906837241457e-10
poison/poismph/datapoismphpar/poisalt_mph_3e39f7cd.csv,7,112,240,1,modified_altitude,1.7118237494173627e-08,1.0,1.3250396335706682e-08,1.7125305340481844e-10
poison/poismph/datapoismphpar/poisalt_mph_3e39f7cd.csv,8,128,256,1,modified_altitude,6.12939885513697e-08,0.9999998807907104,4.1644725001788174e-08,4.5608108956152194e-10
poison/poismph/datapoismphpar/poisalt_mph_3e39f7cd.csv,9,144,272,1,modified_altitude,3.61479060018155e-08,1.0,1.130311755304092e-08,3.9342307189826897e-10
poison/poismph/datapoismphpar/poisalt_mph_3e3a3689.csv,0,0,128,1,modified_altitude,3.80139795197465e-08,1.0,9.430860536951968e-09,3.192308639654584e-10
poison/poismph/datapoismphpar/poisalt_mph_3e3a3689.csv,1,16,144,1,modified_altitude,5.3234963104387134e-08,1.0,1.3846280566554015e-08,8.411591423396203e-10
poison/poismph/datapoismphpar/poisalt_mph_3e3a3689.csv,2,32,160,1,modified_altitude,5.940375658042285e-08,1.0,1.2474428601194631e-08,8.966910547414386e-10
poison/poismph/datapoismphpar/poisalt_mph_3e3a3689.csv,3,48,176,1,modified_altitude,6.522471096559457e-08,0.9999998807907104,1.3272830834409888e-08,1.1434821978184573e-09
poison/poismph/datapoismphpar/poisalt_mph_3e3a3689.csv,4,64,192,1,modified_altitude,6.539250563264432e-08,0.9999998807907104,2.1569341868143965e-08,1.161730933674221e-09
poison/poismph/datapoismphpar/poisalt_mph_3e3a3689.csv,5,80,208,1,modified_altitude,5.044166684342599e-08,1.0,1.997770127104559e-08,1.2522052283969742e-09
poison/poismph/datapoismphpar/poisalt_mph_3e3a3689.csv,6,96,224,1,modified_altitude,4.039911871700497e-08,1.0,9.720322324824338e-09,1.833413310059484e-09
poison/poismph/datapoismphpar/poisalt_mph_3e3a3689.csv,7,112,240,1,modified_altitude,0.0034636985510587692,0.9960722327232361,0.00013441288319882005,0.0003297460498288274
poison/poismph/datapoismphpar/poisalt_mph_3e3a3689.csv,8,128,256,0,authentic,0.9815440773963928,0.005923432298004627,0.005511731840670109,0.007020748686045408
poison/poismph/datapoismphpar/poisalt_mph_3e3a3689.csv,9,144,272,0,authentic,0.9534680247306824,0.018557589501142502,0.012032934464514256,0.01594136841595173
poison/poismph/datapoismphpar/poisalt_mph_3e3a3689.csv,10,160,288,0,authentic,0.905491292476654,0.0649835392832756,0.0036872990895062685,0.025837959721684456
poison/poismph/datapoismphpar/poisalt_mph_3e3a3689.csv,11,176,304,0,authentic,0.9917701482772827,0.002475540852174163,0.0028596611227840185,0.0028946090023964643
poison/poismph/datapoismphpar/poisalt_mph_3e3a3689.csv,12,192,320,0,authentic,0.9943708777427673,0.0017525568837299943,0.0020379293709993362,0.00183861015830189
poison/poismph/datapoismphpar/poisalt_mph_3e3a3689.csv,13,208,336,0,authentic,0.9932787418365479,0.0019849759992212057,0.0024982313625514507,0.00223814370110631
poison/poismph/datapoismphpar/poisalt_mph_3e3a3689.csv,14,224,352,0,authentic,0.9988480806350708,0.0005657903966493905,0.0003462478634901345,0.0002398240176262334
poison/poismph/datapoismphpar/poisalt_mph_3e3a3689.csv,15,240,368,0,authentic,0.9985126852989197,0.000559703097678721,0.000590710376854986,0.0003369520709384233
poison/poismph/datapoismphpar/poisalt_mph_3e3a3689.csv,16,256,384,0,authentic,0.9976525902748108,0.0008519944967702031,0.0009826697641983628,0.0005127725307829678
poison/poismph/datapoismphpar/poisalt_mph_3e3a3689.csv,17,272,400,0,authentic,0.9953214526176453,0.0017430176958441734,0.0015704927500337362,0.001365046831779182
poison/poismph/datapoismphpar/poisalt_mph_3e3a8fd0.csv,0,0,128,1,modified_altitude,0.0001878986950032413,0.9997743964195251,3.615628520492464e-05,1.5625630567228654e-06
poison/poismph/datapoismphpar/poisalt_mph_3e3a8fd0.csv,1,16,144,1,modified_altitude,2.2612585581782696e-08,1.0,1.4814994564460449e-08,9.142419460372864e-11
poison/poismph/datapoismphpar/poisalt_mph_3e3a8fd0.csv,2,32,160,1,modified_altitude,3.41744446075154e-08,1.0,1.6175071948509867e-08,4.2112924258930207e-10
poison/poismph/datapoismphpar/poisalt_mph_3e3a8fd0.csv,3,48,176,1,modified_altitude,3.80970170965611e-08,1.0,2.0601682138021715e-08,4.6114406737629565e-10
poison/poismph/datapoismphpar/poisalt_mph_3e3a8fd0.csv,4,64,192,1,modified_altitude,6.157028309417001e-08,0.9999998807907104,1.8923094202705215e-08,6.246339556703617e-10
poison/poismph/datapoismphpar/poisalt_mph_3e3a8fd0.csv,5,80,208,1,modified_altitude,6.419990228323513e-08,0.9999998807907104,1.7506843974501862e-08,7.356000253366801e-10
poison/poismph/datapoismphpar/poisalt_mph_3e3a8fd0.csv,6,96,224,1,modified_altitude,9.347196794351476e-08,0.9999998807907104,1.585293141204147e-08,1.5396098840270156e-09
poison/poismph/datapoismphpar/poisalt_mph_3e3a8fd0.csv,7,112,240,1,modified_altitude,5.6797958336574084e-08,1.0,4.0754510877150096e-08,8.257176609127725e-10
poison/poismph/datapoismphpar/poisalt_mph_3e3d86b8.csv,0,0,128,1,modified_altitude,0.0002867176663130522,0.9996989965438843,1.2269229955563787e-05,2.0324405340943485e-06
poison/poismph/datapoismphpar/poisalt_mph_3e3d86b8.csv,1,16,144,1,modified_altitude,0.00023920138482935727,0.9997488260269165,1.0518037925066892e-05,1.57731517447246e-06
poison/poismph/datapoismphpar/poisalt_mph_3e3d86b8.csv,2,32,160,1,modified_altitude,0.00025532578001730144,0.9997062683105469,3.6140998417977244e-05,2.3519492060586344e-06
poison/poismph/datapoismphpar/poisalt_mph_3e3d86b8.csv,3,48,176,1,modified_altitude,0.00030248399707488716,0.9996559023857117,3.8644175219815224e-05,3.101229594903998e-06
poison/poismph/datapoismphpar/poisalt_mph_3e3d86b8.csv,4,64,192,1,modified_altitude,0.0003302577533759177,0.9996340274810791,3.281447061453946e-05,2.8843139716627775e-06
poison/poismph/datapoismphpar/poisalt_mph_3e3d86b8.csv,5,80,208,1,modified_altitude,0.00031888982630334795,0.99964439868927,3.355805529281497e-05,3.1856823170528514e-06
poison/poismph/datapoismphpar/poisalt_mph_3e3d86b8.csv,6,96,224,1,modified_altitude,0.0001981738314498216,0.9997475147247314,5.258861347101629e-05,1.7675348544798908e-06
poison/poismph/datapoismphpar/poisalt_mph_3e3d86b8.csv,7,112,240,0,authentic,0.9769917130470276,0.006093920208513737,0.0074743423610925674,0.009440037421882153
poison/poismph/datapoismphpar/poisalt_mph_3e44f206.csv,0,0,128,1,modified_altitude,0.2302640974521637,0.7063670754432678,0.05891896411776543,0.004449839703738689
poison/poismph/datapoismphpar/poisalt_mph_3e44f206.csv,1,16,144,1,modified_altitude,0.34415265917778015,0.5991561412811279,0.05162554606795311,0.005065616220235825
poison/poismph/datapoismphpar/poisalt_mph_3e44f206.csv,2,32,160,1,modified_altitude,0.3880605101585388,0.5584778785705566,0.04788951948285103,0.005572175141423941
poison/poismph/datapoismphpar/poisalt_mph_3e44f206.csv,3,48,176,1,modified_altitude,0.4836396276950836,0.4884040653705597,0.020352376624941826,0.007603987120091915
poison/poismph/datapoismphpar/poisalt_mph_3e47f111.csv,0,0,128,1,modified_altitude,2.2323774828691967e-05,0.9999738335609436,3.6156820897303987e-06,3.291085022283369e-07
poison/poismph/datapoismphpar/poisalt_mph_3e47f111.csv,1,16,144,1,modified_altitude,2.0695850253105164e-05,0.9999746680259705,4.184304543741746e-06,4.0848749449651223e-07
poison/poismph/datapoismphpar/poisalt_mph_3e47f111.csv,2,32,160,1,modified_altitude,2.06512395379832e-05,0.999975860118866,3.33450520884071e-06,2.770867126855592e-07
poison/poismph/datapoismphpar/poisalt_mph_3e47f111.csv,3,48,176,1,modified_altitude,2.0585095626302063e-05,0.9999769330024719,1.802820179364062e-06,6.744264737790218e-07
poison/poismph/datapoismphpar/poisalt_mph_3e47f111.csv,4,64,192,1,modified_altitude,0.00048179912846535444,0.9994422793388367,5.4104482842376456e-05,2.1731066226493567e-05
poison/poismph/datapoismphpar/poisalt_mph_3e47f111.csv,5,80,208,0,authentic,0.9323427081108093,0.041336026042699814,0.013800429180264473,0.012520934455096722
poison/poismph/datapoismphpar/poisalt_mph_3e488bea.csv,0,0,128,0,authentic,0.9350804686546326,0.023687968030571938,0.018227072432637215,0.023004477843642235
poison/poismph/datapoismphpar/poisalt_mph_3e488bea.csv,1,16,144,0,authentic,0.9149074554443359,0.03260297700762749,0.02590644732117653,0.02658316120505333
poison/poismph/datapoismphpar/poisalt_mph_3e488bea.csv,2,32,160,0,authentic,0.9569929838180542,0.016406645998358727,0.011528685688972473,0.0150716882199049
poison/poismph/datapoismphpar/poisalt_mph_3e488bea.csv,3,48,176,0,authentic,0.9716777801513672,0.010598245076835155,0.00784141942858696,0.009882560931146145
poison/poismph/datapoismphpar/poisalt_mph_3e488bea.csv,4,64,192,0,authentic,0.9696938395500183,0.016283832490444183,0.00627578841522336,0.0077465493232011795
poison/poismph/datapoismphpar/poisalt_mph_3e4c8398.csv,0,0,128,0,authentic,0.9374733567237854,0.02077607437968254,0.019046170637011528,0.02270451746881008
poison/poismph/datapoismphpar/poisalt_mph_3e4c8398.csv,1,16,144,1,modified_altitude,0.0006051196833141148,0.9993435740470886,4.107121276319958e-05,1.0229031431663316e-05
poison/poismph/datapoismphpar/poisalt_mph_3e4c8398.csv,2,32,160,1,modified_altitude,0.00013799889711663127,0.9998443722724915,1.2413991498760879e-05,5.224754204391502e-06
poison/poismph/datapoismphpar/poisalt_mph_3e4c8398.csv,3,48,176,1,modified_altitude,0.00015779270324856043,0.9998190402984619,1.5411518688779324e-05,7.67011533753248e-06
poison/poismph/datapoismphpar/poisalt_mph_3e4c8398.csv,4,64,192,1,modified_altitude,0.00019963525119237602,0.9997764229774475,1.52498632814968e-05,8.741865713091101e-06
poison/poismph/datapoismphpar/poisalt_mph_3e4c8398.csv,5,80,208,1,modified_altitude,0.00016011793923098594,0.9998171329498291,1.5170398000918794e-05,7.542952516814694e-06
poison/poismph/datapoismphpar/poisalt_mph_3e4c8398.csv,6,96,224,1,modified_altitude,0.00023929751478135586,0.9997166991233826,3.087641016463749e-05,1.3099978787067812e-05
poison/poismph/datapoismphpar/poisalt_mph_3e4c8398.csv,7,112,240,1,modified_altitude,0.0011835190234705806,0.9987095594406128,9.028536442201585e-05,1.6574289475101978e-05
poison/poismph/datapoismphpar/poisalt_mph_3e4c8398.csv,8,128,256,1,modified_altitude,0.011356065049767494,0.9881575703620911,0.00043123544310219586,5.515088196261786e-05
poison/poismph/datapoismphpar/poisalt_mph_3e503efe.csv,0,0,128,1,modified_altitude,0.0005105293821543455,0.9987514615058899,0.0007373322732746601,7.726330863988551e-07
poison/poismph/datapoismphpar/poisalt_mph_3e503efe.csv,1,16,144,1,modified_altitude,0.0017858576029539108,0.996938169002533,0.0012738045770674944,2.1404910057754023e-06
poison/poismph/datapoismphpar/poisalt_mph_3e503efe.csv,2,32,160,1,modified_altitude,0.0013940072385594249,0.9979190826416016,0.0006847110926173627,2.201305733251502e-06
poison/poismph/datapoismphpar/poisalt_mph_3e503efe.csv,3,48,176,1,modified_altitude,0.0008862319518812001,0.9986392855644226,0.0004710218054242432,3.5511109217623016e-06
poison/poismph/datapoismphpar/poisalt_mph_3e503efe.csv,4,64,192,1,modified_altitude,0.00017773908621165901,0.9997643828392029,5.734826481784694e-05,5.65208438274567e-07
poison/poismph/datapoismphpar/poisalt_mph_3e503efe.csv,5,80,208,1,modified_altitude,0.08958210051059723,0.876566469669342,0.03347056731581688,0.0003808754845522344
poison/poismph/datapoismphpar/poisalt_mph_3e503efe.csv,6,96,224,1,modified_altitude,0.2915116846561432,0.5883223414421082,0.1190110445022583,0.0011549299815669656
poison/poismph/datapoismphpar/poisalt_mph_3e543f08.csv,0,0,128,1,modified_altitude,0.15290147066116333,0.814393162727356,0.03206447511911392,0.0006409186753444374
poison/poismph/datapoismphpar/poisalt_mph_3e543f08.csv,1,16,144,1,modified_altitude,0.1858603060245514,0.785313606262207,0.027658740058541298,0.0011673490516841412
poison/poismph/datapoismphpar/poisalt_mph_3e543f08.csv,2,32,160,1,modified_altitude,0.17182502150535583,0.7719346880912781,0.05417855829000473,0.002061780309304595
poison/poismph/datapoismphpar/poisalt_mph_3e543f08.csv,3,48,176,1,modified_altitude,0.2974904775619507,0.6520817279815674,0.047885142266750336,0.0025425769854336977
poison/poismph/datapoismphpar/poisalt_mph_3e543f08.csv,4,64,192,1,modified_altitude,0.3693155348300934,0.5815435647964478,0.042046479880809784,0.007094396278262138
poison/poismph/datapoismphpar/poisalt_mph_3e57a9b1.csv,0,0,128,1,modified_altitude,0.0016207299195230007,0.9982985258102417,7.122715032892302e-05,9.504020454187412e-06
poison/poismph/datapoismphpar/poisalt_mph_3e57a9b1.csv,1,16,144,1,modified_altitude,1.322626275168659e-07,0.9999998807907104,1.1469994731783117e-08,1.053999998390509e-09
poison/poismph/datapoismphpar/poisalt_mph_3e57a9b1.csv,2,32,160,1,modified_altitude,2.2634165475210466e-07,0.9999997615814209,1.8652968947208137e-08,3.2978433317509825e-09
poison/poismph/datapoismphpar/poisalt_mph_3e57a9b1.csv,3,48,176,1,modified_altitude,2.794994600208156e-07,0.9999997615814209,1.904922086737315e-08,3.812781201872895e-09
poison/poismph/datapoismphpar/poisalt_mph_3e57a9b1.csv,4,64,192,1,modified_altitude,3.507069266106555e-07,0.9999996423721313,3.0879739654210425e-08,6.600698210235123e-09
poison/poismph/datapoismphpar/poisalt_mph_3e57a9b1.csv,5,80,208,1,modified_altitude,3.3183465575348237e-07,0.9999996423721313,2.1280143869262247e-08,7.162912929459253e-09
poison/poismph/datapoismphpar/poisalt_mph_3e5e15b4.csv,0,0,128,0,authentic,0.979557454586029,0.012159044854342937,0.004728509578853846,0.003555018687620759
poison/poismph/datapoismphpar/poisalt_mph_3e5e15b4.csv,1,16,144,0,authentic,0.9659394025802612,0.01829519122838974,0.007491160649806261,0.008274247869849205
poison/poismph/datapoismphpar/poisalt_mph_3e5e15b4.csv,2,32,160,0,authentic,0.9246345162391663,0.04000496864318848,0.014977913349866867,0.02038256824016571
poison/poismph/datapoismphpar/poisalt_mph_3e5e15b4.csv,3,48,176,0,authentic,0.9487245082855225,0.029670793563127518,0.00962900836020708,0.01197559479624033
poison/poismph/datapoismphpar/poisalt_mph_3e5e15b4.csv,4,64,192,0,authentic,0.8938258290290833,0.07818885892629623,0.015903638675808907,0.012081669643521309
poison/poismph/datapoismphpar/poisalt_mph_3e5e15b4.csv,5,80,208,1,modified_altitude,0.22181834280490875,0.7490293383598328,0.024647539481520653,0.0045048329047858715
poison/poismph/datapoismphpar/poisalt_mph_3e5e15b4.csv,6,96,224,1,modified_altitude,0.025762220844626427,0.972236156463623,0.0014336572494357824,0.0005679275491274893
poison/poismph/datapoismphpar/poisalt_mph_3e5e15b4.csv,7,112,240,1,modified_altitude,0.012685826048254967,0.9865617752075195,0.0004889037809334695,0.00026338084717281163
poison/poismph/datapoismphpar/poisalt_mph_3e5ea18c.csv,0,0,128,0,authentic,0.9499692916870117,0.01769118569791317,0.02560438960790634,0.0067351022735238075
poison/poismph/datapoismphpar/poisalt_mph_3e5ea18c.csv,1,16,144,0,authentic,0.8370012640953064,0.055790241807699203,0.08065960556268692,0.02654876373708248
poison/poismph/datapoismphpar/poisalt_mph_3e5ea18c.csv,2,32,160,1,modified_altitude,0.00039260214543901384,0.9994880557060242,0.00011474189523141831,4.6463956095976755e-06
poison/poismph/datapoismphpar/poisalt_mph_3e5ea18c.csv,3,48,176,1,modified_altitude,1.5718947921072868e-08,1.0,1.0977905695597201e-08,1.3053666481077641e-10
poison/poismph/datapoismphpar/poisalt_mph_3e5ea18c.csv,4,64,192,1,modified_altitude,3.3911859986801574e-08,1.0,6.010922870558488e-09,4.5836776041419114e-10
poison/poismph/datapoismphpar/poisalt_mph_3e5ea18c.csv,5,80,208,1,modified_altitude,3.1850746040618105e-08,1.0,6.760325188537308e-09,6.533235619166078e-10
poison/poismph/datapoismphpar/poisalt_mph_3e61b514.csv,0,0,128,0,authentic,0.9925097227096558,0.0027380860410630703,0.002943923231214285,0.0018082986352965236
poison/poismph/datapoismphpar/poisalt_mph_3e61b514.csv,1,16,144,0,authentic,0.9930022954940796,0.00313454563729465,0.002453178633004427,0.0014100108528509736
poison/poismph/datapoismphpar/poisalt_mph_3e61b514.csv,2,32,160,0,authentic,0.9846857190132141,0.005925498902797699,0.005401012487709522,0.003987640142440796
poison/poismph/datapoismphpar/poisalt_mph_3e61b514.csv,3,48,176,0,authentic,0.9819744825363159,0.0067405239678919315,0.0059450347907841206,0.005339992232620716
poison/poismph/datapoismphpar/poisalt_mph_3e61b514.csv,4,64,192,0,authentic,0.9189661741256714,0.043507546186447144,0.026497123762965202,0.011029202491044998
poison/poismph/datapoismphpar/poisalt_mph_3e61b514.csv,5,80,208,1,modified_altitude,0.00998879037797451,0.9888007640838623,0.001086105708964169,0.0001243322330992669
poison/poismph/datapoismphpar/poisalt_mph_3e61b514.csv,6,96,224,1,modified_altitude,0.002344453474506736,0.9971804022789001,0.0004260978603269905,4.904697561869398e-05
poison/poismph/datapoismphpar/poisalt_mph_3e61b514.csv,7,112,240,1,modified_altitude,0.010715330019593239,0.9886046648025513,0.00033624895149841905,0.00034377985866740346
poison/poismph/datapoismphpar/poisalt_mph_3e61b514.csv,8,128,256,1,modified_altitude,1.0118727004737593e-05,0.9999892711639404,4.88530758957495e-07,8.191151579239886e-08
poison/poismph/datapoismphpar/poisalt_mph_3e61de69.csv,0,0,128,1,modified_altitude,7.744772301521152e-05,0.9995401501655579,0.00038144271820783615,8.757498903833039e-07
poison/poismph/datapoismphpar/poisalt_mph_3e61de69.csv,1,16,144,1,modified_altitude,4.5218197186613907e-08,0.9999998807907104,1.4915370627477387e-07,2.5414675919321894e-10
poison/poismph/datapoismphpar/poisalt_mph_3e61de69.csv,2,32,160,1,modified_altitude,5.800619362616999e-08,0.9999998807907104,1.5424333810187818e-07,2.828223211182035e-10
poison/poismph/datapoismphpar/poisalt_mph_3e61de69.csv,3,48,176,1,modified_altitude,7.306130811457479e-08,0.9999997615814209,9.493396646576002e-08,4.298252032075567e-10
poison/poismph/datapoismphpar/poisalt_mph_3e61de69.csv,4,64,192,1,modified_altitude,1.0873547040546327e-07,0.9999997615814209,1.2240379021477565e-07,1.026548512861325e-09
poison/poismph/datapoismphpar/poisalt_mph_3e61de69.csv,5,80,208,1,modified_altitude,1.3072968840788235e-07,0.9999997615814209,1.6327190621723275e-07,1.1619168960308457e-09
poison/poismph/datapoismphpar/poisalt_mph_3e622608.csv,0,0,128,0,authentic,0.558653712272644,0.37896597385406494,0.04994171857833862,0.012438645586371422
poison/poismph/datapoismphpar/poisalt_mph_3e622608.csv,1,16,144,0,authentic,0.6692809462547302,0.2858438789844513,0.022165868431329727,0.022709263488650322
poison/poismph/datapoismphpar/poisalt_mph_3e622608.csv,2,32,160,1,modified_altitude,0.0015694024041295052,0.9983423948287964,5.8780202380148694e-05,2.936207238235511e-05
poison/poismph/datapoismphpar/poisalt_mph_3e622608.csv,3,48,176,1,modified_altitude,0.0005085901939310133,0.9994552135467529,2.190132909163367e-05,1.4339044355438091e-05
poison/poismph/datapoismphpar/poisalt_mph_3e656a7d.csv,0,0,128,1,modified_altitude,4.857201929553412e-05,0.9999005198478699,5.07585791638121e-05,2.7983548989141127e-07
poison/poismph/datapoismphpar/poisalt_mph_3e656a7d.csv,1,16,144,1,modified_altitude,9.627016697777435e-05,0.9998712539672852,3.2026509870775044e-05,4.234830726090877e-07
poison/poismph/datapoismphpar/poisalt_mph_3e656a7d.csv,2,32,160,1,modified_altitude,8.218330913223326e-05,0.9998862743377686,3.126838055322878e-05,3.7664423757632903e-07
poison/poismph/datapoismphpar/poisalt_mph_3e656a7d.csv,3,48,176,1,modified_altitude,0.0001749849907355383,0.9998072385787964,1.685135612206068e-05,9.499814836999576e-07
poison/poismph/datapoismphpar/poisalt_mph_3e656a7d.csv,4,64,192,1,modified_altitude,0.002065433422103524,0.9978430271148682,7.63466305215843e-05,1.5084409824339673e-05
poison/poismph/datapoismphpar/poisalt_mph_3e696d81.csv,0,0,128,1,modified_altitude,4.2252337152604014e-05,0.9999531507492065,4.156894192419713e-06,5.353327878765413e-07
poison/poismph/datapoismphpar/poisalt_mph_3e696d81.csv,1,16,144,1,modified_altitude,5.4818421631352976e-05,0.9999399185180664,4.168291525274981e-06,1.1062477369705448e-06
poison/poismph/datapoismphpar/poisalt_mph_3e696d81.csv,2,32,160,1,modified_altitude,2.5417572032893077e-05,0.9999710917472839,3.232797780583496e-06,3.5765299344348023e-07
poison/poismph/datapoismphpar/poisalt_mph_3e696d81.csv,3,48,176,1,modified_altitude,4.94172127218917e-05,0.9999464750289917,3.5108730571664637e-06,5.406568561738823e-07
poison/poismph/datapoismphpar/poisalt_mph_3e696d81.csv,4,64,192,1,modified_altitude,6.52529633953236e-05,0.9999278783798218,6.101739472796908e-06,7.859510446905915e-07
poison/poismph/datapoismphpar/poisalt_mph_3e73fb1c.csv,0,0,128,0,authentic,0.9524499773979187,0.020603245124220848,0.013468612916767597,0.013478102162480354
poison/poismph/datapoismphpar/poisalt_mph_3e73fb1c.csv,1,16,144,0,authentic,0.9746872186660767,0.011338330805301666,0.0066637578420341015,0.007310735993087292
poison/poismph/datapoismphpar/poisalt_mph_3e73fb1c.csv,2,32,160,0,authentic,0.9864266514778137,0.006064463872462511,0.0036012576892971992,0.00390761299058795
poison/poismph/datapoismphpar/poisalt_mph_3e73fb1c.csv,3,48,176,0,authentic,0.9753783941268921,0.01014029886573553,0.005604746751487255,0.00887659378349781
poison/poismph/datapoismphpar/poisalt_mph_3e73fb1c.csv,4,64,192,1,modified_altitude,0.00037433457328006625,0.9995749592781067,3.8799975300207734e-05,1.1913300113519654e-05
poison/poismph/datapoismphpar/poisalt_mph_3e73fb1c.csv,5,80,208,1,modified_altitude,1.640724534013316e-08,1.0,3.460814301803339e-09,1.183613485000734e-10
poison/poismph/datapoismphpar/poisalt_mph_3e73fb1c.csv,6,96,224,1,modified_altitude,2.108098584585605e-08,1.0,2.351577821357864e-09,1.5653468798948467e-10
poison/poismph/datapoismphpar/poisalt_mph_3e743eea.csv,0,0,128,0,authentic,0.9286642074584961,0.021194884553551674,0.034490808844566345,0.015650097280740738
poison/poismph/datapoismphpar/poisalt_mph_3e743eea.csv,1,16,144,1,modified_altitude,1.1856573500779177e-08,1.0,6.230422400221869e-09,6.529967538915216e-11
poison/poismph/datapoismphpar/poisalt_mph_3e743eea.csv,2,32,160,1,modified_altitude,9.839837389336026e-09,1.0,4.400613651256435e-09,4.433559075422977e-11
poison/poismph/datapoismphpar/poisalt_mph_3e743eea.csv,3,48,176,1,modified_altitude,1.0572098751993053e-08,1.0,4.955175825216429e-09,4.7774173506098805e-11
poison/poismph/datapoismphpar/poisalt_mph_3e77a028.csv,0,0,128,1,modified_altitude,1.3713593034481164e-06,0.9999980926513672,4.616274509317009e-07,5.351092013938796e-09
poison/poismph/datapoismphpar/poisalt_mph_3e77a028.csv,1,16,144,1,modified_altitude,1.430125166734797e-06,0.9999978542327881,7.416151674988214e-07,1.0475988077018883e-08
poison/poismph/datapoismphpar/poisalt_mph_3e77a028.csv,2,32,160,1,modified_altitude,2.3243769646796864e-06,0.9999969005584717,8.021647204259352e-07,2.827710332553579e-08
poison/poismph/datapoismphpar/poisalt_mph_3e77a028.csv,3,48,176,1,modified_altitude,3.067911848120275e-06,0.9999960660934448,8.440516126029252e-07,2.89349557647256e-08
poison/poismph/datapoismphpar/poisalt_mph_3e77f289.csv,0,0,128,0,authentic,0.9741201996803284,0.008082342334091663,0.006570907309651375,0.011226562783122063
poison/poismph/datapoismphpar/poisalt_mph_3e77f289.csv,1,16,144,0,authentic,0.9260739088058472,0.05033137649297714,0.006932798773050308,0.016661986708641052
poison/poismph/datapoismphpar/poisalt_mph_3e77f289.csv,2,32,160,0,authentic,0.5283277630805969,0.4474896490573883,0.0109525416046381,0.013230028562247753
poison/poismph/datapoismphpar/poisalt_mph_3e77f289.csv,3,48,176,1,modified_altitude,0.09051532298326492,0.8992523550987244,0.008255981840193272,0.00197642226703465
poison/poismph/datapoismphpar/poisalt_mph_3e77f289.csv,4,64,192,1,modified_altitude,0.2666347324848175,0.7137401700019836,0.015525033697485924,0.004100079648196697
poison/poismph/datapoismphpar/poisalt_mph_3e7b8676.csv,0,0,128,0,authentic,0.9805192947387695,0.008258973248302937,0.006524229887872934,0.0046975393779575825
poison/poismph/datapoismphpar/poisalt_mph_3e7b8676.csv,1,16,144,0,authentic,0.9751986861228943,0.010500738397240639,0.008436007425189018,0.005864638369530439
poison/poismph/datapoismphpar/poisalt_mph_3e7b8676.csv,2,32,160,0,authentic,0.9711260795593262,0.011755591258406639,0.008830606937408447,0.00828772783279419
poison/poismph/datapoismphpar/poisalt_mph_3e7b8676.csv,3,48,176,1,modified_altitude,0.001482347259297967,0.9984549880027771,4.778373840963468e-05,1.4904448107699864e-05
poison/poismph/datapoismphpar/poisalt_mph_3e7b8676.csv,4,64,192,1,modified_altitude,4.111525049665943e-05,0.9999438524246216,1.3525632311939262e-05,1.4865863704471849e-06
poison/poismph/datapoismphpar/poisalt_mph_3e7f3fd9.csv,0,0,128,1,modified_altitude,2.0828238689318823e-07,0.9999997615814209,2.6115133167081694e-08,1.8482436692224269e-09
poison/poismph/datapoismphpar/poisalt_mph_3e7f3fd9.csv,1,16,144,1,modified_altitude,2.80861655710396e-07,0.9999997615814209,3.473810750165285e-08,4.10477296597378e-09
poison/poismph/datapoismphpar/poisalt_mph_3e7f3fd9.csv,2,32,160,1,modified_altitude,3.8360573739737447e-07,0.9999996423721313,4.12041565311938e-08,6.108910710622695e-09
poison/poismph/datapoismphpar/poisalt_mph_3e7f3fd9.csv,3,48,176,1,modified_altitude,4.475341199849936e-07,0.9999995231628418,3.281774851870978e-08,5.842363925978589e-09
poison/poismph/datapoismphpar/poisalt_mph_3e7f3fd9.csv,4,64,192,1,modified_altitude,4.3413285766291665e-07,0.9999995231628418,2.731981219028512e-08,5.2115716187017824e-09
poison/poismph/datapoismphpar/poisalt_mph_3e83ff63.csv,0,0,128,0,authentic,0.9536274671554565,0.017065132036805153,0.014469514600932598,0.014837830327451229
poison/poismph/datapoismphpar/poisalt_mph_3e83ff63.csv,1,16,144,0,authentic,0.9290527701377869,0.025385448709130287,0.022298816591501236,0.02326299622654915
poison/poismph/datapoismphpar/poisalt_mph_3e83ff63.csv,2,32,160,0,authentic,0.9664802551269531,0.012507260777056217,0.008433601818978786,0.012578907422721386
poison/poismph/datapoismphpar/poisalt_mph_3e83ff63.csv,3,48,176,0,authentic,0.9723458886146545,0.008838833309710026,0.006971255410462618,0.011843997985124588
poison/poismph/datapoismphpar/poisalt_mph_3e881f6e.csv,0,0,128,1,modified_altitude,4.022418522708904e-07,0.9999992847442627,3.9587351352565747e-07,2.044199476358699e-09
poison/poismph/datapoismphpar/poisalt_mph_3e881f6e.csv,1,16,144,1,modified_altitude,4.991669015907974e-07,0.9999990463256836,4.5379323410088546e-07,2.820830458105661e-09
poison/poismph/datapoismphpar/poisalt_mph_3e881f6e.csv,2,32,160,1,modified_altitude,4.847468630941876e-07,0.9999994039535522,1.4690088789848232e-07,1.8006448554430676e-09
poison/poismph/datapoismphpar/poisalt_mph_3e881f6e.csv,3,48,176,1,modified_altitude,1.6498109971507802e-06,0.9999980926513672,1.971162504332824e-07,7.461776085904148e-09
poison/poismph/datapoismphpar/poisalt_mph_3e881f6e.csv,4,64,192,1,modified_altitude,1.8176740468334174e-06,0.9999979734420776,2.279535777915953e-07,9.790226407346836e-09
poison/poismph/datapoismphpar/poisalt_mph_3e9de1d5.csv,0,0,128,0,authentic,0.9904496669769287,0.0029149074107408524,0.0032736717257648706,0.003361837472766638
poison/poismph/datapoismphpar/poisalt_mph_3e9de1d5.csv,1,16,144,0,authentic,0.9943335652351379,0.0018311183666810393,0.0019004064379259944,0.0019348415080457926
poison/poismph/datapoismphpar/poisalt_mph_3e9de1d5.csv,2,32,160,0,authentic,0.9865443706512451,0.004240293055772781,0.004370951093733311,0.004844513721764088
poison/poismph/datapoismphpar/poisalt_mph_3e9de1d5.csv,3,48,176,1,modified_altitude,1.3406664223225562e-08,1.0,6.422755660651092e-09,1.6718230966272785e-10
poison/poismph/datapoismphpar/poisalt_mph_3e9de1d5.csv,4,64,192,1,modified_altitude,1.2311097030703877e-08,1.0,5.21993070989879e-09,1.443358488284474e-10
poison/poismph/datapoismphpar/poisalt_mph_3e9de1d5.csv,5,80,208,1,modified_altitude,1.3975788526465749e-08,1.0,1.2440807495295303e-08,1.678481797995346e-10
poison/poismph/datapoismphpar/poisalt_mph_3e9de1d5.csv,6,96,224,1,modified_altitude,1.9503346493365825e-08,1.0,8.940956419678514e-09,3.3289354606225174e-10
poison/poismph/datapoismphpar/poisalt_mph_3e9de1d5.csv,7,112,240,1,modified_altitude,2.963480660866935e-08,1.0,1.4608389165005065e-08,4.1030961961396883e-10
poison/poismph/datapoismphpar/poisalt_mph_3e9e281c.csv,0,0,128,0,authentic,0.9947478771209717,0.0013747833436354995,0.0012925539631396532,0.00258491188287735
poison/poismph/datapoismphpar/poisalt_mph_3e9e281c.csv,1,16,144,0,authentic,0.8530241250991821,0.13859204947948456,0.005738736595958471,0.002645031316205859
poison/poismph/datapoismphpar/poisalt_mph_3e9e281c.csv,2,32,160,1,modified_altitude,0.04636625200510025,0.9471171498298645,0.0038224298041313887,0.0026942002587020397
poison/poismph/datapoismphpar/poisalt_mph_3e9e281c.csv,3,48,176,1,modified_altitude,0.11639304459095001,0.8767867088317871,0.0024387992452830076,0.004381406586617231
poison/poismph/datapoismphpar/poisalt_mph_3e9e281c.csv,4,64,192,1,modified_altitude,0.09702247381210327,0.8944629430770874,0.0036779260262846947,0.004836658947169781
poison/poismph/datapoismphpar/poisalt_mph_3e9e281c.csv,5,80,208,1,modified_altitude,0.2694137394428253,0.7184968590736389,0.005734959617257118,0.006354408338665962
poison/poismph/datapoismphpar/poisalt_mph_3e9e281c.csv,6,96,224,0,authentic,0.5662490129470825,0.4139004349708557,0.008946948684751987,0.010903514921665192
poison/poismph/datapoismphpar/poisalt_mph_3e9e281c.csv,7,112,240,1,modified_altitude,0.2774707078933716,0.6848763227462769,0.026647411286830902,0.011005447246134281
poison/poismph/datapoismphpar/poisalt_mph_3e9e7954.csv,0,0,128,0,authentic,0.9821352958679199,0.0059438967145979404,0.004557263106107712,0.007363500073552132
poison/poismph/datapoismphpar/poisalt_mph_3e9e7954.csv,1,16,144,0,authentic,0.9506637454032898,0.014876363798975945,0.013781217858195305,0.020678672939538956
poison/poismph/datapoismphpar/poisalt_mph_3e9e7954.csv,2,32,160,0,authentic,0.9742754697799683,0.0072129773907363415,0.006232734769582748,0.012278888374567032
poison/poismph/datapoismphpar/poisalt_mph_3e9e7954.csv,3,48,176,1,modified_altitude,0.011601160280406475,0.9877966046333313,0.0003072547842748463,0.0002949305344372988
poison/poismph/datapoismphpar/poisalt_mph_3e9e7954.csv,4,64,192,1,modified_altitude,0.010548708960413933,0.9890556335449219,0.00020276382565498352,0.00019292361685074866
poison/poismph/datapoismphpar/poisalt_mph_3e9e8545.csv,0,0,128,0,authentic,0.9685161113739014,0.01839466765522957,0.006331764627248049,0.006757406052201986
poison/poismph/datapoismphpar/poisalt_mph_3e9e8545.csv,1,16,144,0,authentic,0.976481020450592,0.011687972582876682,0.005053180735558271,0.00677797244861722
poison/poismph/datapoismphpar/poisalt_mph_3e9e8545.csv,2,32,160,0,authentic,0.9607043862342834,0.018963608890771866,0.007970083504915237,0.012361973524093628
poison/poismph/datapoismphpar/poisalt_mph_3e9e8545.csv,3,48,176,1,modified_altitude,0.0002901122497860342,0.9996786713600159,2.4743780159042217e-05,6.535784905281616e-06
poison/poismph/datapoismphpar/poisalt_mph_3e9e8545.csv,4,64,192,1,modified_altitude,2.911717092501931e-05,0.999968409538269,2.0159288851573365e-06,4.629575016679155e-07
poison/poismph/datapoismphpar/poisalt_mph_3ea21b8b.csv,0,0,128,1,modified_altitude,0.37238192558288574,0.6209716796875,0.004764616023749113,0.0018817851087078452
poison/poismph/datapoismphpar/poisalt_mph_3ea21b8b.csv,1,16,144,1,modified_altitude,0.2237219363451004,0.7667061686515808,0.004825190175324678,0.004746655467897654
poison/poismph/datapoismphpar/poisalt_mph_3ea21b8b.csv,2,32,160,1,modified_altitude,0.190828338265419,0.7951173782348633,0.006791762541979551,0.0072624837048351765
poison/poismph/datapoismphpar/poisalt_mph_3ea21b8b.csv,3,48,176,1,modified_altitude,0.21483168005943298,0.7699739933013916,0.0058945827186107635,0.00929981004446745
poison/poismph/datapoismphpar/poisalt_mph_3ea21b8b.csv,4,64,192,1,modified_altitude,0.39061689376831055,0.5977982878684998,0.0029336274601519108,0.008651155978441238
poison/poismph/datapoismphpar/poisalt_mph_3ea21b8b.csv,5,80,208,1,modified_altitude,0.4488423466682434,0.5383675694465637,0.0036438002716749907,0.009146266616880894
poison/poismph/datapoismphpar/poisalt_mph_3ea21b8b.csv,6,96,224,1,modified_altitude,0.1676371544599533,0.8269017338752747,0.0019868335220962763,0.003474332857877016
poison/poismph/datapoismphpar/poisalt_mph_3ea262ed.csv,0,0,128,0,authentic,0.9629630446434021,0.018332011997699738,0.0124287074431777,0.00627620005980134
poison/poismph/datapoismphpar/poisalt_mph_3ea262ed.csv,1,16,144,0,authentic,0.9383619427680969,0.02968812920153141,0.019582176581025124,0.012367857620120049
poison/poismph/datapoismphpar/poisalt_mph_3ea262ed.csv,2,32,160,0,authentic,0.9393441081047058,0.025097433477640152,0.020855681970715523,0.014702826738357544
poison/poismph/datapoismphpar/poisalt_mph_3ea262ed.csv,3,48,176,1,modified_altitude,0.025936312973499298,0.9723495841026306,0.0011540628038346767,0.0005601016455329955
poison/poismph/datapoismphpar/poisalt_mph_3ea262ed.csv,4,64,192,1,modified_altitude,0.020371701568365097,0.9782595634460449,0.0010589523008093238,0.0003098376910202205
poison/poismph/datapoismphpar/poisalt_mph_3ea5338f.csv,0,0,128,0,authentic,0.9353613257408142,0.01697627454996109,0.01628286764025688,0.03137954697012901
poison/poismph/datapoismphpar/poisalt_mph_3ea5338f.csv,1,16,144,1,modified_altitude,0.00024162490444723517,0.9995757341384888,0.00015858122787903994,2.412064714008011e-05
poison/poismph/datapoismphpar/poisalt_mph_3ea5338f.csv,2,32,160,1,modified_altitude,1.9373285198298618e-08,1.0,3.74511710532488e-09,1.6642932587629389e-09
poison/poismph/datapoismphpar/poisalt_mph_3ea5338f.csv,3,48,176,1,modified_altitude,1.7664525842064904e-08,1.0,4.70439598387884e-09,1.3756771277684265e-09
poison/poismph/datapoismphpar/poisalt_mph_3ea5338f.csv,4,64,192,1,modified_altitude,1.879776512225817e-08,1.0,7.560498005432237e-09,1.4177468088405476e-09
poison/poismph/datapoismphpar/poisalt_mph_3ea5338f.csv,5,80,208,1,modified_altitude,1.8357482645114942e-08,1.0,7.683529368307518e-09,1.198112387079675e-09
poison/poismph/datapoismphpar/poisalt_mph_3ea57789.csv,0,0,128,0,authentic,0.9310533404350281,0.02478071302175522,0.020822105929255486,0.023343846201896667
poison/poismph/datapoismphpar/poisalt_mph_3ea57789.csv,1,16,144,1,modified_altitude,1.033992980126186e-08,1.0,1.336117438910378e-08,1.7995326062614225e-10
poison/poismph/datapoismphpar/poisalt_mph_3ea57789.csv,2,32,160,1,modified_altitude,1.7382935979526337e-08,1.0,1.2103690494313923e-08,2.0327380056972544e-10
poison/poismph/datapoismphpar/poisalt_mph_3ea57789.csv,3,48,176,1,modified_altitude,2.0305700232370327e-08,1.0,8.440734333703404e-09,2.7262747614997807e-10
poison/poismph/datapoismphpar/poisalt_mph_3ea57789.csv,4,64,192,1,modified_altitude,2.2151290579586203e-08,1.0,5.7289057942000454e-09,2.227345391458968e-10
poison/poismph/datapoismphpar/poisalt_mph_3ea59d67.csv,0,0,128,0,authentic,0.9423983693122864,0.017592092975974083,0.019478997215628624,0.020530594512820244
poison/poismph/datapoismphpar/poisalt_mph_3ea59d67.csv,1,16,144,0,authentic,0.9567761421203613,0.015684258192777634,0.012644334696233273,0.01489527802914381
poison/poismph/datapoismphpar/poisalt_mph_3ea59d67.csv,2,32,160,0,authentic,0.9542552828788757,0.018399585038423538,0.010422920808196068,0.01692217029631138
poison/poismph/datapoismphpar/poisalt_mph_3ea59d67.csv,3,48,176,0,authentic,0.8408921957015991,0.11262314766645432,0.02033078484237194,0.026153819635510445
poison/poismph/datapoismphpar/poisalt_mph_3ea59d67.csv,4,64,192,0,authentic,0.8117515444755554,0.1424379050731659,0.021488208323717117,0.024322286248207092
poison/poismph/datapoismphpar/poisalt_mph_3ea867d9.csv,0,0,128,1,modified_altitude,0.0005142107838764787,0.9994523525238037,2.7753523681894876e-05,5.781090749223949e-06
poison/poismph/datapoismphpar/poisalt_mph_3ea867d9.csv,1,16,144,1,modified_altitude,3.387979319313672e-08,1.0,5.7994444802034195e-09,5.626439314454501e-10
poison/poismph/datapoismphpar/poisalt_mph_3ea867d9.csv,2,32,160,1,modified_altitude,3.7182786627454334e-08,1.0,5.236854061507756e-09,7.244001509754128e-10
poison/poismph/datapoismphpar/poisalt_mph_3ea867d9.csv,3,48,176,1,modified_altitude,4.047925727945767e-08,1.0,5.132459790502253e-09,7.040840688254946e-10
poison/poismph/datapoismphpar/poisalt_mph_3ea867d9.csv,4,64,192,1,modified_altitude,4.437110234789543e-08,1.0,6.649970796246407e-09,7.837355209261432e-10
poison/poismph/datapoismphpar/poisalt_mph_3ea867d9.csv,5,80,208,1,modified_altitude,4.5365407430608684e-08,1.0,5.981199535654014e-09,8.068884449485836e-10
poison/poismph/datapoismphpar/poisalt_mph_3ea867d9.csv,6,96,224,1,modified_altitude,1.9463470835034968e-08,1.0,2.6359892046912137e-09,2.120707359720697e-10
poison/poismph/datapoismphpar/poisalt_mph_3ea867d9.csv,7,112,240,1,modified_altitude,2.5080224077100866e-05,0.9999719262123108,2.7438907181931427e-06,3.5126925013173604e-07
poison/poismph/datapoismphpar/poisalt_mph_3ea867d9.csv,8,128,256,1,modified_altitude,0.004775610286742449,0.9948533773422241,0.00023268094810191542,0.00013826588110532612
poison/poismph/datapoismphpar/poisalt_mph_3ea867d9.csv,9,144,272,0,authentic,0.9629377722740173,0.011046785861253738,0.009737321175634861,0.016278082504868507
poison/poismph/datapoismphpar/poisalt_mph_3ea867d9.csv,10,160,288,0,authentic,0.8830087780952454,0.03499188274145126,0.039837516844272614,0.04216179996728897
poison/poismph/datapoismphpar/poisalt_mph_3ea867d9.csv,11,176,304,0,authentic,0.917887270450592,0.05342680960893631,0.015963591635227203,0.012722272425889969
poison/poismph/datapoismphpar/poisalt_mph_3ea867d9.csv,12,192,320,1,modified_altitude,0.17112161219120026,0.8184934258460999,0.009061615914106369,0.0013233821373432875
poison/poismph/datapoismphpar/poisalt_mph_3ea867d9.csv,13,208,336,0,authentic,0.5548276901245117,0.4297301769256592,0.013654214330017567,0.0017878724029287696
poison/poismph/datapoismphpar/poisalt_mph_3ea867d9.csv,14,224,352,0,authentic,0.9807258248329163,0.00930810160934925,0.004777561407536268,0.005188432522118092
poison/poismph/datapoismphpar/poisalt_mph_3eac32b0.csv,0,0,128,0,authentic,0.9872242212295532,0.006137441843748093,0.004322405438870192,0.0023159494157880545
poison/poismph/datapoismphpar/poisalt_mph_3eac32b0.csv,1,16,144,0,authentic,0.9810062050819397,0.009738636203110218,0.00674250116571784,0.0025126561522483826
poison/poismph/datapoismphpar/poisalt_mph_3eac32b0.csv,2,32,160,0,authentic,0.9451064467430115,0.022243641316890717,0.02402973733842373,0.008620092645287514
poison/poismph/datapoismphpar/poisalt_mph_3eac32b0.csv,3,48,176,0,authentic,0.9799664616584778,0.007351006381213665,0.007819055579602718,0.004863523878157139
poison/poismph/datapoismphpar/poisalt_mph_3eac32b0.csv,4,64,192,0,authentic,0.9774253964424133,0.008765344507992268,0.008001437410712242,0.005807809066027403
poison/poismph/datapoismphpar/poisalt_mph_3eac32b0.csv,5,80,208,1,modified_altitude,0.0002536158717703074,0.9996844530105591,5.84699992032256e-05,3.526793761920999e-06
poison/poismph/datapoismphpar/poisalt_mph_3eac32b0.csv,6,96,224,1,modified_altitude,0.0002603743923828006,0.9996999502182007,3.5269244108349085e-05,4.437061306816759e-06
poison/poismph/datapoismphpar/poisalt_mph_3eac32b0.csv,7,112,240,1,modified_altitude,0.00026661864831112325,0.9996427297592163,8.525041630491614e-05,5.489589057106059e-06
poison/poismph/datapoismphpar/poisalt_mph_3eac32b0.csv,8,128,256,1,modified_altitude,0.00024893894442357123,0.9996707439422607,7.642318814760074e-05,3.898364411725197e-06
poison/poismph/datapoismphpar/poisalt_mph_3eac32b0.csv,9,144,272,1,modified_altitude,0.00017862523964140564,0.9997099041938782,0.00010723847663030028,4.226363671477884e-06
poison/poismph/datapoismphpar/poisalt_mph_3eac32b0.csv,10,160,288,1,modified_altitude,0.0006174069130793214,0.9992715716362,0.00010326134361093864,7.79480797064025e-06
poison/poismph/datapoismphpar/poisalt_mph_3eac72f8.csv,0,0,128,0,authentic,0.9455858469009399,0.015257451683282852,0.02182430773973465,0.01733233593404293
poison/poismph/datapoismphpar/poisalt_mph_3eac72f8.csv,1,16,144,0,authentic,0.9623715281486511,0.012772630900144577,0.013494589366018772,0.011361286044120789
poison/poismph/datapoismphpar/poisalt_mph_3eac72f8.csv,2,32,160,0,authentic,0.9471849203109741,0.01724485494196415,0.022847291082143784,0.012722861021757126
poison/poismph/datapoismphpar/poisalt_mph_3eac72f8.csv,3,48,176,0,authentic,0.511741042137146,0.45278891921043396,0.030248207971453667,0.005221796687692404
poison/poismph/datapoismphpar/poisalt_mph_3eac72f8.csv,4,64,192,0,authentic,0.5385676622390747,0.44392576813697815,0.009321868419647217,0.008184658363461494
poison/poismph/datapoismphpar/poisalt_mph_3eaca993.csv,0,0,128,0,authentic,0.9633105397224426,0.0067031122744083405,0.019720302894711494,0.010265981778502464
poison/poismph/datapoismphpar/poisalt_mph_3eaca993.csv,1,16,144,0,authentic,0.9696391224861145,0.010584444738924503,0.012823347933590412,0.006953115575015545
poison/poismph/datapoismphpar/poisalt_mph_3eaca993.csv,2,32,160,0,authentic,0.9675285220146179,0.011172800324857235,0.012576738372445107,0.00872188899666071
poison/poismph/datapoismphpar/poisalt_mph_3eaca993.csv,3,48,176,0,authentic,0.9705407023429871,0.012422587722539902,0.009687014855444431,0.007349755149334669
poison/poismph/datapoismphpar/poisalt_mph_3eaca993.csv,4,64,192,1,modified_altitude,0.0152211245149374,0.9825093746185303,0.001989948796108365,0.00027958484133705497
poison/poismph/datapoismphpar/poisalt_mph_3eaca993.csv,5,80,208,1,modified_altitude,0.030069444328546524,0.9676239490509033,0.0016972750891000032,0.0006092210533097386
poison/poismph/datapoismphpar/poisalt_mph_3eaca993.csv,6,96,224,1,modified_altitude,0.05245336517691612,0.94041508436203,0.005039147101342678,0.002092348877340555
poison/poismph/datapoismphpar/poisalt_mph_3eb0a8e3.csv,0,0,128,0,authentic,0.970039427280426,0.010980152525007725,0.01415029726922512,0.004830159246921539
poison/poismph/datapoismphpar/poisalt_mph_3eb0a8e3.csv,1,16,144,0,authentic,0.9866565465927124,0.004783303011208773,0.006115743890404701,0.0024444633163511753
poison/poismph/datapoismphpar/poisalt_mph_3eb0a8e3.csv,2,32,160,0,authentic,0.9666392803192139,0.013271505944430828,0.01316872239112854,0.0069204214960336685
poison/poismph/datapoismphpar/poisalt_mph_3eb0a8e3.csv,3,48,176,0,authentic,0.9768730998039246,0.008765188977122307,0.007558702956885099,0.006803004536777735
poison/poismph/datapoismphpar/poisalt_mph_3eb0a8e3.csv,4,64,192,1,modified_altitude,0.00046954999561421573,0.9994122982025146,0.00011048967280657962,7.687575816817116e-06
poison/poismph/datapoismphpar/poisalt_mph_3eb0e146.csv,0,0,128,1,modified_altitude,4.4920593467168146e-08,0.9999998807907104,6.461709745053668e-08,5.387019996749842e-11
poison/poismph/datapoismphpar/poisalt_mph_3eb0e146.csv,1,16,144,1,modified_altitude,6.087628889872576e-08,0.9999997615814209,9.910018405889787e-08,2.321166869823088e-10
poison/poismph/datapoismphpar/poisalt_mph_3eb0e146.csv,2,32,160,1,modified_altitude,6.152225751065998e-08,0.9999997615814209,1.0435926611762625e-07,2.739493076830968e-10
poison/poismph/datapoismphpar/poisalt_mph_3eb0e146.csv,3,48,176,1,modified_altitude,7.466746865247842e-08,0.9999997615814209,9.495732911091181e-08,2.5156654537283885e-10
poison/poismph/datapoismphpar/poisalt_mph_3eb0e146.csv,4,64,192,1,modified_altitude,8.257592298832606e-08,0.9999997615814209,1.6851578266141587e-07,4.362193939400072e-10
poison/poismph/datapoismphpar/poisalt_mph_3eb0e146.csv,5,80,208,1,modified_altitude,0.0035757888108491898,0.9876837134361267,0.008719271048903465,2.1229898266028613e-05
poison/poismph/datapoismphpar/poisalt_mph_3eb0e146.csv,6,96,224,0,authentic,0.9584414958953857,0.012134718708693981,0.015800535678863525,0.013623284175992012
poison/poismph/datapoismphpar/poisalt_mph_3eb0e146.csv,7,112,240,0,authentic,0.9844503998756409,0.004885429982095957,0.004279996734112501,0.006384195294231176
poison/poismph/datapoismphpar/poisalt_mph_3eb0e146.csv,8,128,256,0,authentic,0.9939151406288147,0.003063531592488289,0.0016592699103057384,0.001362012350000441
poison/poismph/datapoismphpar/poisalt_mph_3eb0e146.csv,9,144,272,0,authentic,0.993607759475708,0.0033698435872793198,0.001633884385228157,0.0013884837972000241
poison/poismph/datapoismphpar/poisalt_mph_3eb3f86a.csv,0,0,128,0,authentic,0.9706833958625793,0.014688259921967983,0.007307095918804407,0.007321332581341267
poison/poismph/datapoismphpar/poisalt_mph_3eb3f86a.csv,1,16,144,0,authentic,0.8942086696624756,0.054617609828710556,0.021529803052544594,0.029643939808011055
poison/poismph/datapoismphpar/poisalt_mph_3eb3f86a.csv,2,32,160,1,modified_altitude,0.20905771851539612,0.7839094400405884,0.002281652297824621,0.0047511085867881775
poison/poismph/datapoismphpar/poisalt_mph_3eb3f86a.csv,3,48,176,1,modified_altitude,0.0002722125791478902,0.9997128844261169,1.1846780580526683e-05,3.0676221740577603e-06
poison/poismph/datapoismphpar/poisalt_mph_3eb3f86a.csv,4,64,192,1,modified_altitude,5.542097642319277e-05,0.999549925327301,0.0003943966585211456,2.0946325207660266e-07
poison/poismph/datapoismphpar/poisalt_mph_3eb85606.csv,0,0,128,1,modified_altitude,4.736385150749811e-08,0.9999995231628418,4.968513280800835e-07,5.523905291515696e-11
poison/poismph/datapoismphpar/poisalt_mph_3eb85606.csv,1,16,144,1,modified_altitude,5.423719429131779e-08,0.9999995231628418,4.224148142384365e-07,6.017452508499943e-11
poison/poismph/datapoismphpar/poisalt_mph_3eb85606.csv,2,32,160,1,modified_altitude,6.054290224710712e-08,0.9999994039535522,4.979071377420041e-07,6.129444868330225e-11
poison/poismph/datapoismphpar/poisalt_mph_3eb85606.csv,3,48,176,1,modified_altitude,9.744302076342137e-08,0.9999991655349731,7.505369126192818e-07,3.309919838212494e-10
poison/poismph/datapoismphpar/poisalt_mph_3eb85606.csv,4,64,192,1,modified_altitude,1.3493408346221258e-07,0.9999990463256836,8.485422995363479e-07,4.5883966071080806e-10
poison/poismph/datapoismphpar/poisalt_mph_3eb85606.csv,5,80,208,1,modified_altitude,2.094691922138736e-07,0.9999977350234985,2.015088284679223e-06,1.093524493178677e-09
poison/poismph/datapoismphpar/poisalt_mph_3ebc2471.csv,0,0,128,0,authentic,0.9835491180419922,0.003958874847739935,0.005780908744782209,0.006711086258292198
poison/poismph/datapoismphpar/poisalt_mph_3ebc2471.csv,1,16,144,0,authentic,0.9761962890625,0.007706038188189268,0.00791863352060318,0.008179033175110817
poison/poismph/datapoismphpar/poisalt_mph_3ebc2471.csv,2,32,160,0,authentic,0.9471138119697571,0.013774577528238297,0.015075607225298882,0.02403596229851246
poison/poismph/datapoismphpar/poisalt_mph_3ebc2471.csv,3,48,176,0,authentic,0.8937824368476868,0.03403303399682045,0.041110165417194366,0.031074387952685356
poison/poismph/datapoismphpar/poisalt_mph_3ebc2471.csv,4,64,192,0,authentic,0.7583469152450562,0.11878518760204315,0.09375515580177307,0.029112689197063446
poison/poismph/datapoismphpar/poisalt_mph_3ebc2471.csv,5,80,208,0,authentic,0.8922654986381531,0.05505431070923805,0.029593314975500107,0.023086808621883392
poison/poismph/datapoismphpar/poisalt_mph_3ebc2471.csv,6,96,224,0,authentic,0.7382791042327881,0.13533036410808563,0.08485210686922073,0.04153843969106674
poison/poismph/datapoismphpar/poisalt_mph_3ebc2471.csv,7,112,240,0,authentic,0.9591229557991028,0.015754204243421555,0.017690863460302353,0.007432014215737581
poison/poismph/datapoismphpar/poisalt_mph_3ebc2471.csv,8,128,256,0,authentic,0.990847110748291,0.004611458163708448,0.0028919095639139414,0.0016495418967679143
poison/poismph/datapoismphpar/poisalt_mph_3ebf64ae.csv,0,0,128,1,modified_altitude,3.727438624423485e-08,1.0,1.8463811812807762e-08,3.2581598530256883e-10
poison/poismph/datapoismphpar/poisalt_mph_3ebf64ae.csv,1,16,144,1,modified_altitude,1.9360799186074473e-08,1.0,8.105817350667621e-09,1.833080215396521e-10
poison/poismph/datapoismphpar/poisalt_mph_3ebf64ae.csv,2,32,160,1,modified_altitude,2.235178264697879e-08,1.0,5.877327513559294e-09,1.9485292546139732e-10
poison/poismph/datapoismphpar/poisalt_mph_3ebf64ae.csv,3,48,176,1,modified_altitude,2.6793863128204976e-08,1.0,5.548241865938053e-09,1.8088927578041591e-10
poison/poismph/datapoismphpar/poisalt_mph_3ebfcb91.csv,0,0,128,1,modified_altitude,0.1758895367383957,0.7754846811294556,0.040303755551576614,0.008322017267346382
poison/poismph/datapoismphpar/poisalt_mph_3ebfcb91.csv,1,16,144,1,modified_altitude,0.19820454716682434,0.7562939524650574,0.03551532328128815,0.009986236691474915
poison/poismph/datapoismphpar/poisalt_mph_3ebfcb91.csv,2,32,160,1,modified_altitude,0.3072327673435211,0.661026656627655,0.020149072632193565,0.011591468937695026
poison/poismph/datapoismphpar/poisalt_mph_3ebff749.csv,0,0,128,0,authentic,0.9653467535972595,0.008642623201012611,0.01390760950744152,0.012103086337447166
poison/poismph/datapoismphpar/poisalt_mph_3ebff749.csv,1,16,144,0,authentic,0.9875688552856445,0.0034358687698841095,0.00480139022693038,0.0041938903741538525
poison/poismph/datapoismphpar/poisalt_mph_3ebff749.csv,2,32,160,0,authentic,0.9864282011985779,0.0034699677489697933,0.005299393553286791,0.004802394192665815
poison/poismph/datapoismphpar/poisalt_mph_3ebff749.csv,3,48,176,0,authentic,0.959360659122467,0.010803861543536186,0.014004108496010303,0.015831338241696358
poison/poismph/datapoismphpar/poisalt_mph_3ebff749.csv,4,64,192,1,modified_altitude,0.00040764614823274314,0.9995283484458923,5.2992283599451184e-05,1.0950406249321532e-05
poison/poismph/datapoismphpar/poisalt_mph_3ebff749.csv,5,80,208,1,modified_altitude,2.0538202250008908e-08,1.0,7.929668477402174e-09,3.334127141041421e-10
poison/poismph/datapoismphpar/poisalt_mph_3ebff749.csv,6,96,224,1,modified_altitude,2.501820439704261e-08,1.0,1.1871101435190212e-08,3.419703409335284e-10
poison/poismph/datapoismphpar/poisalt_mph_3ebff749.csv,7,112,240,1,modified_altitude,2.3724016529058645e-08,1.0,8.917623972592992e-09,3.4588987229966506e-10
poison/poismph/datapoismphpar/poisalt_mph_3ebff749.csv,8,128,256,1,modified_altitude,8.354278691058425e-08,0.9999998807907104,1.500576196633574e-08,6.746770364607357e-10
poison/poismph/datapoismphpar/poisalt_mph_3eca8b3b.csv,0,0,128,0,authentic,0.988929033279419,0.003948426339775324,0.003147823503240943,0.003974703140556812
poison/poismph/datapoismphpar/poisalt_mph_3eca8b3b.csv,1,16,144,1,modified_altitude,1.2588247777500783e-08,1.0,3.6466993869055386e-09,3.418888228079453e-10
poison/poismph/datapoismphpar/poisalt_mph_3eca8b3b.csv,2,32,160,1,modified_altitude,1.758445300481526e-08,1.0,2.5132835812513576e-09,3.4949085292446114e-10
poison/poismph/datapoismphpar/poisalt_mph_3eca8b3b.csv,3,48,176,1,modified_altitude,1.7045028499751425e-08,1.0,2.6030340105620553e-09,3.4280495109229037e-10
poison/poismph/datapoismphpar/poisalt_mph_3eca8b3b.csv,4,64,192,1,modified_altitude,1.7990952727586773e-08,1.0,2.5827622263108196e-09,4.6180595458800155e-10
poison/poismph/datapoismphpar/poisalt_mph_3eca8b3b.csv,5,80,208,1,modified_altitude,2.157551470816088e-08,1.0,1.8887820196766825e-09,3.000973636257953e-10
poison/poismph/datapoismphpar/poisalt_mph_3ece97cb.csv,0,0,128,0,authentic,0.9787094593048096,0.009006164968013763,0.0070446147583425045,0.00523972325026989
poison/poismph/datapoismphpar/poisalt_mph_3ece97cb.csv,1,16,144,0,authentic,0.9882713556289673,0.004703795537352562,0.004346637986600399,0.0026781668420881033
poison/poismph/datapoismphpar/poisalt_mph_3ece97cb.csv,2,32,160,0,authentic,0.9826568365097046,0.006381339859217405,0.006010803394019604,0.0049511040560901165
poison/poismph/datapoismphpar/poisalt_mph_3ece97cb.csv,3,48,176,1,modified_altitude,9.187164806689907e-08,0.9999998807907104,4.137695697181698e-08,4.1545747397897514e-10
poison/poismph/datapoismphpar/poisalt_mph_3ece97cb.csv,4,64,192,1,modified_altitude,1.1777218844599702e-07,0.9999998807907104,4.967450806248053e-08,6.691151521742711e-10
poison/poismph/datapoismphpar/poisalt_mph_3ece97cb.csv,5,80,208,1,modified_altitude,1.687453021759211e-07,0.9999998807907104,4.050165003377515e-08,1.234659929849613e-09
poison/poismph/datapoismphpar/poisalt_mph_3ece97cb.csv,6,96,224,1,modified_altitude,1.4427068606437388e-07,0.9999998807907104,2.232323659256963e-08,1.242550506930229e-09
poison/poismph/datapoismphpar/poisalt_mph_3ed74cd0.csv,0,0,128,0,authentic,0.9469408392906189,0.040872473269701004,0.004194208886474371,0.007992450147867203
poison/poismph/datapoismphpar/poisalt_mph_3ed74cd0.csv,1,16,144,0,authentic,0.9360089302062988,0.04511388763785362,0.004518212750554085,0.014359028078615665
poison/poismph/datapoismphpar/poisalt_mph_3ed74cd0.csv,2,32,160,0,authentic,0.9693875908851624,0.021144801750779152,0.0020846975967288017,0.007382895331829786
poison/poismph/datapoismphpar/poisalt_mph_3ed74cd0.csv,3,48,176,0,authentic,0.9419402480125427,0.03624721243977547,0.004173716064542532,0.01763884909451008
poison/poismph/datapoismphpar/poisalt_mph_3ed74cd0.csv,4,64,192,0,authentic,0.9643132090568542,0.021562686190009117,0.0021372432820498943,0.011986864730715752
poison/poismph/datapoismphpar/poisalt_mph_3ed74cd0.csv,5,80,208,0,authentic,0.9380865097045898,0.02605331875383854,0.0028610783629119396,0.03299917280673981
poison/poismph/datapoismphpar/poisalt_mph_3edaa4e3.csv,0,0,128,0,authentic,0.9814093112945557,0.007510229479521513,0.004377600271254778,0.006702791899442673
poison/poismph/datapoismphpar/poisalt_mph_3edaa4e3.csv,1,16,144,1,modified_altitude,8.464917655714999e-09,1.0,3.325561159783774e-09,6.845358307971949e-11
poison/poismph/datapoismphpar/poisalt_mph_3edaa4e3.csv,2,32,160,1,modified_altitude,9.551478719060924e-09,1.0,3.769749401527633e-09,7.409224622723087e-11
poison/poismph/datapoismphpar/poisalt_mph_3edaa4e3.csv,3,48,176,1,modified_altitude,1.031446039689854e-08,1.0,4.458648117378061e-09,8.722360334001422e-11
poison/poismph/datapoismphpar/poisalt_mph_3edaa4e3.csv,4,64,192,1,modified_altitude,1.3409350074766735e-08,1.0,4.5264347825479945e-09,1.0337788958203475e-10
poison/poismph/datapoismphpar/poisalt_mph_3edaa4e3.csv,5,80,208,1,modified_altitude,1.587553555282284e-08,1.0,4.9381174704876685e-09,1.2781180280807547e-10
poison/poismph/datapoismphpar/poisalt_mph_3edaa4e3.csv,6,96,224,1,modified_altitude,4.5054974862068775e-08,1.0,1.1398158861197771e-08,2.5469321096593944e-10
poison/poismph/datapoismphpar/poisalt_mph_3edb145f.csv,0,0,128,1,modified_altitude,2.4472060999869427e-07,0.9999996423721313,1.5090651572791103e-07,3.572217188718696e-09
poison/poismph/datapoismphpar/poisalt_mph_3edb145f.csv,1,16,144,1,modified_altitude,3.0273417905846145e-07,0.9999995231628418,1.3573342982908798e-07,3.746816190641766e-09
poison/poismph/datapoismphpar/poisalt_mph_3edb145f.csv,2,32,160,1,modified_altitude,4.285037391582591e-07,0.9999994039535522,1.5196798131000833e-07,3.7937013530608965e-09
poison/poismph/datapoismphpar/poisalt_mph_3edb145f.csv,3,48,176,1,modified_altitude,3.384398041816894e-07,0.9999995231628418,6.606180136259354e-08,6.298981780616941e-09
poison/poismph/datapoismphpar/poisalt_mph_3edb145f.csv,4,64,192,1,modified_altitude,3.1034215908221086e-07,0.9999995231628418,8.016548491696085e-08,3.8493155329888395e-09
poison/poismph/datapoismphpar/poisalt_mph_3edebc1c.csv,0,0,128,1,modified_altitude,4.453600581655337e-07,0.9999992847442627,2.1104817449213442e-07,5.027428695569824e-09
poison/poismph/datapoismphpar/poisalt_mph_3edebc1c.csv,1,16,144,1,modified_altitude,5.079880338598741e-07,0.9999994039535522,1.6785185152912163e-07,5.119765944527899e-09
poison/poismph/datapoismphpar/poisalt_mph_3edebc1c.csv,2,32,160,1,modified_altitude,5.408560923569894e-07,0.9999992847442627,1.1484135598038847e-07,3.873390941322441e-09
poison/poismph/datapoismphpar/poisalt_mph_3edebc1c.csv,3,48,176,1,modified_altitude,1.5180144146142993e-06,0.9999982118606567,2.182417233598244e-07,1.6081925124922236e-08
poison/poismph/datapoismphpar/poisalt_mph_3edebc1c.csv,4,64,192,1,modified_altitude,4.037732196593424e-06,0.999995231628418,6.511710353152012e-07,6.161745602639712e-08
poison/poismph/datapoismphpar/poisalt_mph_3eeab179.csv,0,0,128,1,modified_altitude,0.0012569546233862638,0.9986746907234192,5.9127600252395496e-05,9.2178170234547e-06
poison/poismph/datapoismphpar/poisalt_mph_3eeab179.csv,1,16,144,1,modified_altitude,1.95461353769133e-08,1.0,2.5247617330137473e-09,1.7466136870147864e-10
poison/poismph/datapoismphpar/poisalt_mph_3eeab179.csv,2,32,160,1,modified_altitude,3.2941056105073585e-08,1.0,4.2190291260624235e-09,6.773021588024619e-10
poison/poismph/datapoismphpar/poisalt_mph_3eeab179.csv,3,48,176,1,modified_altitude,3.7510098138682224e-08,1.0,4.122372221360138e-09,7.712964711359405e-10
poison/poismph/datapoismphpar/poisalt_mph_3eeab179.csv,4,64,192,1,modified_altitude,5.323435559034806e-08,1.0,4.66615723837549e-09,2.213616179247424e-09
poison/poismph/datapoismphpar/poisalt_mph_3eeab179.csv,5,80,208,1,modified_altitude,7.45644399557932e-08,0.9999998807907104,7.706409732577413e-09,1.6185770501664365e-09
poison/poismph/datapoismphpar/poisalt_mph_3eeab179.csv,6,96,224,1,modified_altitude,6.987027489913089e-08,0.9999998807907104,4.8864450263863546e-09,8.746269819503993e-10
poison/poismph/datapoismphpar/poisalt_mph_3eeb5bac.csv,0,0,128,1,modified_altitude,4.8523158824309576e-08,1.0,1.3847653690390871e-08,4.000029196760124e-10
poison/poismph/datapoismphpar/poisalt_mph_3eeb5bac.csv,1,16,144,1,modified_altitude,6.309135613946637e-08,0.9999998807907104,1.630227508542248e-08,5.492392651795797e-10
poison/poismph/datapoismphpar/poisalt_mph_3eeb5bac.csv,2,32,160,1,modified_altitude,7.414183045284517e-08,0.9999998807907104,1.3955594901915447e-08,6.025405729914723e-10
poison/poismph/datapoismphpar/poisalt_mph_3eeb5bac.csv,3,48,176,1,modified_altitude,7.380518241006939e-08,0.9999998807907104,9.980903215023318e-09,5.144884518415438e-10
poison/poismph/datapoismphpar/poisalt_mph_3eeeaa2c.csv,0,0,128,0,authentic,0.9077091217041016,0.037588294595479965,0.028450941666960716,0.02625168487429619
poison/poismph/datapoismphpar/poisalt_mph_3eeeaa2c.csv,1,16,144,0,authentic,0.8246506452560425,0.07403936237096786,0.056540969759225845,0.04476897045969963
poison/poismph/datapoismphpar/poisalt_mph_3eeeaa2c.csv,2,32,160,0,authentic,0.8798611164093018,0.03992176800966263,0.022274905815720558,0.05794224143028259
poison/poismph/datapoismphpar/poisalt_mph_3eeeaa2c.csv,3,48,176,0,authentic,0.9023972153663635,0.036197613924741745,0.020574750378727913,0.04083038493990898
poison/poismph/datapoismphpar/poisalt_mph_3eeeaa2c.csv,4,64,192,0,authentic,0.6762512922286987,0.26724836230278015,0.03067435696721077,0.02582591585814953
poison/poismph/datapoismphpar/poisalt_mph_3eeeaa2c.csv,5,80,208,0,authentic,0.7773057222366333,0.16066668927669525,0.01591121219098568,0.046116411685943604
poison/poismph/datapoismphpar/poisalt_mph_3eeeaa2c.csv,6,96,224,0,authentic,0.9190167188644409,0.06774883717298508,0.00865976233035326,0.004574691876769066
poison/poismph/datapoismphpar/poisalt_mph_3eef2fac.csv,0,0,128,0,authentic,0.9913209676742554,0.004351701121777296,0.0023577113170176744,0.0019697705283761024
poison/poismph/datapoismphpar/poisalt_mph_3eef2fac.csv,1,16,144,0,authentic,0.9738754034042358,0.010572003200650215,0.006996055133640766,0.008556661196053028
poison/poismph/datapoismphpar/poisalt_mph_3eef2fac.csv,2,32,160,0,authentic,0.9521446228027344,0.02311909943819046,0.011907541193068027,0.012828798033297062
poison/poismph/datapoismphpar/poisalt_mph_3eef2fac.csv,3,48,176,1,modified_altitude,0.00012886110926046968,0.9998533129692078,1.4119883417151868e-05,3.707737732838723e-06
poison/poismph/datapoismphpar/poisalt_mph_3eef2fac.csv,4,64,192,1,modified_altitude,2.8406766716670973e-08,1.0,3.313626040224449e-09,2.552086597606973e-10
poison/poismph/datapoismphpar/poisalt_mph_3eef2fac.csv,5,80,208,1,modified_altitude,3.5294853262257675e-08,1.0,5.304651384818726e-09,3.198177556118509e-10
poison/poismph/datapoismphpar/poisalt_mph_3eef42f2.csv,0,0,128,0,authentic,0.9854333996772766,0.004736683797091246,0.004821796901524067,0.005008148495107889
poison/poismph/datapoismphpar/poisalt_mph_3eef42f2.csv,1,16,144,0,authentic,0.969057559967041,0.008417651057243347,0.01078384555876255,0.011740898713469505
poison/poismph/datapoismphpar/poisalt_mph_3eef42f2.csv,2,32,160,1,modified_altitude,1.6618131439827266e-06,0.9999977350234985,6.132663088465051e-07,3.174229590285904e-08
poison/poismph/datapoismphpar/poisalt_mph_3eef42f2.csv,3,48,176,1,modified_altitude,2.620619397930568e-06,0.9999966621398926,6.283287348196609e-07,2.8908052840392884e-08
poison/poismph/datapoismphpar/poisalt_mph_3eef42f2.csv,4,64,192,1,modified_altitude,4.0396616896032356e-06,0.999995231628418,6.292801231211342e-07,4.825895061344454e-08
poison/poismph/datapoismphpar/poisalt_mph_3ef36878.csv,0,0,128,0,authentic,0.9775629043579102,0.009493948891758919,0.006376574747264385,0.006566605530679226
poison/poismph/datapoismphpar/poisalt_mph_3ef36878.csv,1,16,144,1,modified_altitude,9.880493962555192e-06,0.9999885559082031,1.0751682566478848e-06,4.166492999502225e-07
poison/poismph/datapoismphpar/poisalt_mph_3ef36878.csv,2,32,160,1,modified_altitude,1.0256803761876654e-05,0.9999880790710449,1.3098905355946044e-06,4.1325969846184307e-07
poison/poismph/datapoismphpar/poisalt_mph_3ef36878.csv,3,48,176,1,modified_altitude,1.1759073458961211e-05,0.9999866485595703,1.149931790678238e-06,3.983251417594147e-07
poison/poismph/datapoismphpar/poisalt_mph_3ef36878.csv,4,64,192,1,modified_altitude,1.1732229722838383e-05,0.9999871253967285,8.936298172557144e-07,3.4837577800317376e-07
poison/poismph/datapoismphpar/poisalt_mph_3ef36878.csv,5,80,208,1,modified_altitude,1.4073742022446822e-05,0.9999847412109375,8.017228765311302e-07,4.2812246192625025e-07
poison/poismph/datapoismphpar/poisalt_mph_3ef36878.csv,6,96,224,1,modified_altitude,1.5082542631716933e-05,0.9999837875366211,6.928005404915893e-07,4.0449367588735186e-07
poison/poismph/datapoismphpar/poisalt_mph_3ef68363.csv,0,0,128,1,modified_altitude,0.14602622389793396,0.847379207611084,0.004843106959015131,0.0017515030922368169
poison/poismph/datapoismphpar/poisalt_mph_3ef68363.csv,1,16,144,1,modified_altitude,0.1212383583188057,0.867102324962616,0.008871343918144703,0.0027880321722477674
poison/poismph/datapoismphpar/poisalt_mph_3ef68363.csv,2,32,160,1,modified_altitude,0.45291808247566223,0.5361310243606567,0.00514925317838788,0.0058015985414385796
poison/poismph/datapoismphpar/poisalt_mph_3ef68363.csv,3,48,176,0,authentic,0.7428606152534485,0.243763267993927,0.0061833360232412815,0.007192783523350954
poison/poismph/datapoismphpar/poisalt_mph_3ef68363.csv,4,64,192,0,authentic,0.8076072931289673,0.18012021481990814,0.00586285162717104,0.006409637629985809
poison/poismph/datapoismphpar/poisalt_mph_3ef6adc6.csv,0,0,128,0,authentic,0.9400638341903687,0.025118442252278328,0.01423739455640316,0.020580332726240158
poison/poismph/datapoismphpar/poisalt_mph_3ef6adc6.csv,1,16,144,0,authentic,0.9433788657188416,0.02485409937798977,0.010711460374295712,0.021055594086647034
poison/poismph/datapoismphpar/poisalt_mph_3ef6adc6.csv,2,32,160,0,authentic,0.955657422542572,0.020997457206249237,0.008193940855562687,0.015151189640164375
poison/poismph/datapoismphpar/poisalt_mph_3ef6d1cd.csv,0,0,128,1,modified_altitude,6.047194460734318e-07,0.9999992847442627,1.700171026186581e-07,1.9275991913758617e-09
poison/poismph/datapoismphpar/poisalt_mph_3ef6d1cd.csv,1,16,144,1,modified_altitude,2.1968558883145306e-07,0.9999996423721313,6.363616478211043e-08,3.9447789479396533e-10
poison/poismph/datapoismphpar/poisalt_mph_3ef6d1cd.csv,2,32,160,1,modified_altitude,2.75803046179135e-07,0.9999996423721313,9.287234803423416e-08,1.682145311932004e-09
poison/poismph/datapoismphpar/poisalt_mph_3ef6d1cd.csv,3,48,176,1,modified_altitude,3.2727064080972923e-07,0.9999995231628418,8.692259712006489e-08,1.915581693268109e-09
poison/poismph/datapoismphpar/poisalt_mph_3ef6d1cd.csv,4,64,192,1,modified_altitude,6.2077322127152e-07,0.9999992847442627,8.12598557331512e-08,6.22645002223976e-09
poison/poismph/datapoismphpar/poisalt_mph_3ef6d1cd.csv,5,80,208,1,modified_altitude,1.5317277757276315e-06,0.9999982118606567,2.4698513811927114e-07,6.8875500858212035e-09
poison/poismph/datapoismphpar/poisalt_mph_3ef6d1cd.csv,6,96,224,1,modified_altitude,7.922562303974701e-07,0.999998927116394,2.0673466849530087e-07,4.634045591700442e-09
poison/poismph/datapoismphpar/poisalt_mph_3efabce5.csv,0,0,128,1,modified_altitude,2.4680026911028108e-09,1.0,1.54794899120958e-09,8.527439171457374e-12
poison/poismph/datapoismphpar/poisalt_mph_3efabce5.csv,1,16,144,1,modified_altitude,4.400026121231804e-09,1.0,2.15015583115985e-09,1.6491334339785446e-11
poison/poismph/datapoismphpar/poisalt_mph_3efabce5.csv,2,32,160,1,modified_altitude,5.034840544482222e-09,1.0,1.940038130143762e-09,1.5844081255322884e-11
poison/poismph/datapoismphpar/poisalt_mph_3efabce5.csv,3,48,176,1,modified_altitude,6.481271519476195e-09,1.0,2.2691466483593103e-09,3.690702604641771e-11
poison/poismph/datapoismphpar/poisalt_mph_3efabce5.csv,4,64,192,1,modified_altitude,8.399235085221335e-09,1.0,2.546564070726731e-09,7.444241056919765e-11
poison/poismph/datapoismphpar/poisalt_mph_3efabce5.csv,5,80,208,1,modified_altitude,8.71101413224551e-09,1.0,2.1354467083511963e-09,1.1648833286859173e-10
poison/poismph/datapoismphpar/poisalt_mph_3efe4dcd.csv,0,0,128,0,authentic,0.9856234788894653,0.0059496075846254826,0.002966927597299218,0.005460015963762999
poison/poismph/datapoismphpar/poisalt_mph_3efe4dcd.csv,1,16,144,1,modified_altitude,0.0021723441313952208,0.9976662993431091,0.00010731288784882054,5.392414459493011e-05
poison/poismph/datapoismphpar/poisalt_mph_3efe4dcd.csv,2,32,160,1,modified_altitude,7.32969056116417e-07,0.9999991655349731,7.615666675064858e-08,1.1312424774700958e-08
poison/poismph/datapoismphpar/poisalt_mph_3efe4dcd.csv,3,48,176,1,modified_altitude,1.0346398084948305e-06,0.9999988079071045,6.834767418695264e-08,1.4168239914624792e-08
poison/poismph/datapoismphpar/poisalt_mph_3efe4dcd.csv,4,64,192,1,modified_altitude,9.172837849291682e-07,0.999998927116394,5.80905030744816e-08,8.520648187015922e-09
poison/poismph/datapoismphpar/poisalt_mph_3efe5fe4.csv,0,0,128,0,authentic,0.988728940486908,0.005578476469963789,0.0024276135955005884,0.0032650092616677284
poison/poismph/datapoismphpar/poisalt_mph_3efe5fe4.csv,1,16,144,0,authentic,0.99447101354599,0.0024825227446854115,0.001304732053540647,0.0017416073242202401
poison/poismph/datapoismphpar/poisalt_mph_3efe5fe4.csv,2,32,160,0,authentic,0.993212103843689,0.003221420105546713,0.0015717879869043827,0.001994711346924305
poison/poismph/datapoismphpar/poisalt_mph_3efe5fe4.csv,3,48,176,1,modified_altitude,2.5221158495014606e-08,1.0,5.208712572368768e-09,2.4493373995682077e-10
poison/poismph/datapoismphpar/poisalt_mph_3efe5fe4.csv,4,64,192,1,modified_altitude,3.1522993992894044e-08,1.0,4.980275303267945e-09,2.67942473763938e-10
poison/poismph/datapoismphpar/poisalt_mph_3efe5fe4.csv,5,80,208,1,modified_altitude,3.489057576189225e-08,1.0,4.542773268667588e-09,5.193016572313525e-10
poison/poismph/datapoismphpar/poisalt_mph_3efe5fe4.csv,6,96,224,1,modified_altitude,3.9583209598959e-08,1.0,2.9285625036123974e-09,4.891245186655624e-10
poison/poismph/datapoismphpar/poisalt_mph_3efe7d81.csv,0,0,128,0,authentic,0.9845598340034485,0.006991195026785135,0.00419272156432271,0.0042563253082334995
poison/poismph/datapoismphpar/poisalt_mph_3efe7d81.csv,1,16,144,0,authentic,0.9673904776573181,0.011235230602324009,0.006851864978671074,0.014522340148687363
poison/poismph/datapoismphpar/poisalt_mph_3efe7d81.csv,2,32,160,0,authentic,0.9822594523429871,0.006678277626633644,0.0030276919715106487,0.008034609258174896
poison/poismph/datapoismphpar/poisalt_mph_3efe7d81.csv,3,48,176,0,authentic,0.9621752500534058,0.01676187850534916,0.007219301536679268,0.013843686319887638
poison/poismph/datapoismphpar/poisalt_mph_3efe7d81.csv,4,64,192,1,modified_altitude,0.045797474682331085,0.9527055025100708,0.0007686780882067978,0.0007284426828846335
poison/poismph/datapoismphpar/poisalt_mph_3efe7d81.csv,5,80,208,1,modified_altitude,0.040374014526605606,0.9579085111618042,0.000921146129257977,0.0007962455856613815
poison/poismph/datapoismphpar/poisalt_mph_3efea136.csv,0,0,128,1,modified_altitude,2.9694442460481696e-08,1.0,2.9772138532280223e-08,1.2281321792873e-10
poison/poismph/datapoismphpar/poisalt_mph_3efea136.csv,1,16,144,1,modified_altitude,3.0157405461750386e-08,1.0,4.4969294066277143e-08,2.970852175376848e-10
poison/poismph/datapoismphpar/poisalt_mph_3efea136.csv,2,32,160,1,modified_altitude,3.9843246923965125e-08,1.0,3.968359862938087e-08,6.234223137724371e-10
poison/poismph/datapoismphpar/poisalt_mph_3efea136.csv,3,48,176,1,modified_altitude,4.7541544034857e-08,1.0,3.8602301799528504e-08,6.316667744421522e-10
poison/poismph/datapoismphpar/poisalt_mph_3efea136.csv,4,64,192,1,modified_altitude,5.910493428018526e-08,1.0,3.578692542305362e-08,5.991461771159834e-10
poison/poismph/datapoismphpar/poisalt_mph_3efea136.csv,5,80,208,1,modified_altitude,3.7541518338457536e-08,1.0,1.162420915079565e-08,4.309123724510755e-09
poison/poismph/datapoismphpar/poisalt_mph_3efea136.csv,6,96,224,1,modified_altitude,9.963633118559301e-08,0.9999995231628418,4.079541611190507e-07,7.822059111539659e-10
poison/poismph/datapoismphpar/poisalt_mph_3f0239cf.csv,0,0,128,0,authentic,0.7954677939414978,0.13403689861297607,0.03391745314002037,0.03657792508602142
poison/poismph/datapoismphpar/poisalt_mph_3f0239cf.csv,1,16,144,0,authentic,0.8094038367271423,0.1288272589445114,0.027830662205815315,0.033938296139240265
poison/poismph/datapoismphpar/poisalt_mph_3f0239cf.csv,2,32,160,0,authentic,0.9295225739479065,0.03284978121519089,0.012084860354661942,0.025542650371789932
poison/poismph/datapoismphpar/poisalt_mph_3f0239cf.csv,3,48,176,0,authentic,0.9603302478790283,0.01639186218380928,0.005410829093307257,0.01786707155406475
poison/poismph/datapoismphpar/poisalt_mph_3f0239cf.csv,4,64,192,0,authentic,0.9651185870170593,0.010195977985858917,0.0072055091150105,0.01747995615005493
poison/poismph/datapoismphpar/poisalt_mph_3f0239cf.csv,5,80,208,0,authentic,0.928962767124176,0.047863755375146866,0.01347595825791359,0.009697504341602325
poison/poismph/datapoismphpar/poisalt_mph_3f02444d.csv,0,0,128,0,authentic,0.9806092381477356,0.00633727852255106,0.0054027121514081955,0.00765076233074069
poison/poismph/datapoismphpar/poisalt_mph_3f02444d.csv,1,16,144,0,authentic,0.980133056640625,0.00699195358902216,0.005678000394254923,0.007196885067969561
poison/poismph/datapoismphpar/poisalt_mph_3f02444d.csv,2,32,160,1,modified_altitude,1.8526781886407662e-08,1.0,7.087584741327646e-09,1.8233026199965252e-10
poison/poismph/datapoismphpar/poisalt_mph_3f02444d.csv,3,48,176,1,modified_altitude,1.9829494490863908e-08,1.0,5.502031719117895e-09,1.5960804899961545e-10
poison/poismph/datapoismphpar/poisalt_mph_3f02444d.csv,4,64,192,1,modified_altitude,2.8080478386982577e-08,1.0,4.506853557018076e-09,1.881769046141457e-10
poison/poismph/datapoismphpar/poisalt_mph_3f02444d.csv,5,80,208,1,modified_altitude,3.2601274568833105e-08,1.0,4.907283024380149e-09,1.8814531876909513e-10
poison/poismph/datapoismphpar/poisalt_mph_3f061c0f.csv,0,0,128,0,authentic,0.8968896269798279,0.03155568987131119,0.038758307695388794,0.03279634937644005
poison/poismph/datapoismphpar/poisalt_mph_3f061c0f.csv,1,16,144,0,authentic,0.9233636856079102,0.025255801156163216,0.03230522572994232,0.0190751813352108
poison/poismph/datapoismphpar/poisalt_mph_3f061c0f.csv,2,32,160,1,modified_altitude,0.0021969738882035017,0.9975522756576538,0.00018529791850596666,6.536133150802925e-05
poison/poismph/datapoismphpar/poisalt_mph_3f061c0f.csv,3,48,176,1,modified_altitude,5.122566108184401e-06,0.9999943971633911,4.1918573856492003e-07,1.0531049809969772e-07
poison/poismph/datapoismphpar/poisalt_mph_3f061c0f.csv,4,64,192,1,modified_altitude,5.932693966315128e-06,0.9999934434890747,4.4019992628818727e-07,1.869991734793075e-07
poison/poismph/datapoismphpar/poisalt_mph_3f06490c.csv,0,0,128,1,modified_altitude,0.0018184543587267399,0.9978501200675964,0.00032490387093275785,6.491155545518268e-06
poison/poismph/datapoismphpar/poisalt_mph_3f06490c.csv,1,16,144,1,modified_altitude,0.0031984734814614058,0.9964940547943115,0.0002992486988659948,8.335564416483976e-06
poison/poismph/datapoismphpar/poisalt_mph_3f06490c.csv,2,32,160,1,modified_altitude,0.004336817190051079,0.9951269030570984,0.0005109888152219355,2.538857370382175e-05
poison/poismph/datapoismphpar/poisalt_mph_3f06490c.csv,3,48,176,1,modified_altitude,0.006575604900717735,0.9929227828979492,0.0004652401839848608,3.6411904147826135e-05
poison/poismph/datapoismphpar/poisalt_mph_3f06490c.csv,4,64,192,1,modified_altitude,0.011253027245402336,0.9882027506828308,0.0004664679290726781,7.783805631333962e-05
poison/poismph/datapoismphpar/poisalt_mph_3f067464.csv,0,0,128,0,authentic,0.983795702457428,0.005716830957680941,0.005208725109696388,0.005278763361275196
poison/poismph/datapoismphpar/poisalt_mph_3f067464.csv,1,16,144,1,modified_altitude,0.0003677846980281174,0.9995781183242798,4.775038541993126e-05,6.333869350783061e-06
poison/poismph/datapoismphpar/poisalt_mph_3f067464.csv,2,32,160,1,modified_altitude,3.6214707677117985e-08,1.0,6.049580392186726e-09,3.0543312323771943e-10
poison/poismph/datapoismphpar/poisalt_mph_3f067464.csv,3,48,176,1,modified_altitude,5.306090855583534e-08,1.0,5.181700402090428e-09,3.856767405441275e-10
poison/poismph/datapoismphpar/poisalt_mph_3f067464.csv,4,64,192,1,modified_altitude,5.75602818742027e-08,1.0,4.482446858133926e-09,3.3713831726345234e-10
poison/poismph/datapoismphpar/poisalt_mph_3f067464.csv,5,80,208,1,modified_altitude,8.144859720005115e-08,0.9999998807907104,4.720583923756294e-09,5.796212398934131e-10
poison/poismph/datapoismphpar/poisalt_mph_3f09cfd8.csv,0,0,128,0,authentic,0.9604443907737732,0.02940509282052517,0.006009306758642197,0.00414111465215683
poison/poismph/datapoismphpar/poisalt_mph_3f09cfd8.csv,1,16,144,0,authentic,0.9569235444068909,0.03099820204079151,0.006126588676124811,0.005951665807515383
poison/poismph/datapoismphpar/poisalt_mph_3f09cfd8.csv,2,32,160,0,authentic,0.8989583849906921,0.05947110801935196,0.018251311033964157,0.02331916242837906
poison/poismph/datapoismphpar/poisalt_mph_3f09cfd8.csv,3,48,176,0,authentic,0.9318569898605347,0.039415936917066574,0.010100005194544792,0.01862708106637001
poison/poismph/datapoismphpar/poisalt_mph_3f09cfd8.csv,4,64,192,0,authentic,0.94455486536026,0.030682960525155067,0.011864331550896168,0.012897833250463009
poison/poismph/datapoismphpar/poisalt_mph_3f09cfd8.csv,5,80,208,0,authentic,0.9654591679573059,0.018493130803108215,0.007602833677083254,0.00844486616551876
poison/poismph/datapoismphpar/poisalt_mph_3f09cfd8.csv,6,96,224,0,authentic,0.9439570903778076,0.02882326766848564,0.013661547563970089,0.013558031991124153
poison/poismph/datapoismphpar/poisalt_mph_3f0a1418.csv,0,0,128,0,authentic,0.9853050112724304,0.005521852057427168,0.0034341050777584314,0.005739080253988504
poison/poismph/datapoismphpar/poisalt_mph_3f0a1418.csv,1,16,144,0,authentic,0.9897052049636841,0.0031002024188637733,0.002414603717625141,0.004779919516295195
poison/poismph/datapoismphpar/poisalt_mph_3f0a1418.csv,2,32,160,1,modified_altitude,0.0030738050118088722,0.9967437982559204,0.00010316213592886925,7.917126640677452e-05
poison/poismph/datapoismphpar/poisalt_mph_3f0a1418.csv,3,48,176,1,modified_altitude,6.208147595998526e-08,0.9999998807907104,7.76902986387995e-09,9.87203319091634e-10
poison/poismph/datapoismphpar/poisalt_mph_3f0a1418.csv,4,64,192,1,modified_altitude,6.171901389961931e-08,0.9999998807907104,5.752775589229486e-09,1.09895059718923e-09
poison/poismph/datapoismphpar/poisalt_mph_3f0a1418.csv,5,80,208,1,modified_altitude,7.324800321839575e-08,0.9999998807907104,6.765329185753899e-09,8.71768990329258e-10
poison/poismph/datapoismphpar/poisalt_mph_3f0a1418.csv,6,96,224,1,modified_altitude,7.691846093393906e-08,0.9999998807907104,5.493631771713581e-09,1.2844358909802622e-09
poison/poismph/datapoismphpar/poisalt_mph_3f11b99b.csv,0,0,128,0,authentic,0.903007447719574,0.0568523034453392,0.035535529255867004,0.004604722373187542
poison/poismph/datapoismphpar/poisalt_mph_3f11b99b.csv,1,16,144,0,authentic,0.9084879159927368,0.04271109029650688,0.03846599906682968,0.010334921069443226
poison/poismph/datapoismphpar/poisalt_mph_3f11b99b.csv,2,32,160,0,authentic,0.8496770262718201,0.12783001363277435,0.02047715149819851,0.002015761099755764
poison/poismph/datapoismphpar/poisalt_mph_3f11b99b.csv,3,48,176,1,modified_altitude,0.44408470392227173,0.5371131300926208,0.01779005117714405,0.0010120696388185024
poison/poismph/datapoismphpar/poisalt_mph_3f11b99b.csv,4,64,192,1,modified_altitude,0.39484041929244995,0.5694659948348999,0.030370084568858147,0.005323668941855431
poison/poismph/datapoismphpar/poisalt_mph_3f11b99b.csv,5,80,208,1,modified_altitude,0.3354312479496002,0.5935293436050415,0.06606286764144897,0.0049765100702643394
poison/poismph/datapoismphpar/poisalt_mph_3f11b99b.csv,6,96,224,0,authentic,0.4998338520526886,0.4247421324253082,0.0636952742934227,0.011728695593774319
poison/poismph/datapoismphpar/poisalt_mph_3f11b99b.csv,7,112,240,0,authentic,0.5050914287567139,0.39147913455963135,0.09166407585144043,0.011765272356569767
poison/poismph/datapoismphpar/poisalt_mph_3f147d2b.csv,0,0,128,1,modified_altitude,8.361704217918486e-09,1.0,6.213487502293447e-09,1.3783239827258598e-10
poison/poismph/datapoismphpar/poisalt_mph_3f147d2b.csv,1,16,144,1,modified_altitude,9.793869715224446e-09,1.0,5.755674159502178e-09,1.749370925896443e-10
poison/poismph/datapoismphpar/poisalt_mph_3f147d2b.csv,2,32,160,1,modified_altitude,1.17071135008473e-08,1.0,4.523353691610055e-09,1.7403485597089485e-10
poison/poismph/datapoismphpar/poisalt_mph_3f147d2b.csv,3,48,176,1,modified_altitude,1.4111297019780977e-08,1.0,3.5168701284504778e-09,1.546375388850052e-10
poison/poismph/datapoismphpar/poisalt_mph_3f147d2b.csv,4,64,192,1,modified_altitude,1.3831288114829476e-08,1.0,3.864914166484823e-09,1.5390722030161896e-10
poison/poismph/datapoismphpar/poisalt_mph_3f14d941.csv,0,0,128,0,authentic,0.9824987649917603,0.005281544290482998,0.006992359645664692,0.005227339919656515
poison/poismph/datapoismphpar/poisalt_mph_3f14d941.csv,1,16,144,0,authentic,0.9564037322998047,0.010217222385108471,0.016366248950362206,0.01701291836798191
poison/poismph/datapoismphpar/poisalt_mph_3f14d941.csv,2,32,160,1,modified_altitude,0.00016046842210926116,0.9997826218605042,5.071248597232625e-05,6.21344406681601e-06
poison/poismph/datapoismphpar/poisalt_mph_3f14d941.csv,3,48,176,1,modified_altitude,2.6244869388847292e-08,1.0,7.386824041333284e-09,5.860891216791231e-10
poison/poismph/datapoismphpar/poisalt_mph_3f14d941.csv,4,64,192,1,modified_altitude,2.7013953740606667e-08,1.0,1.0147947371308419e-08,6.130995156006236e-10
poison/poismph/datapoismphpar/poisalt_mph_3f18df2b.csv,0,0,128,1,modified_altitude,4.25364260081551e-06,0.9999904632568359,5.163554760656552e-06,6.803105634389794e-08
poison/poismph/datapoismphpar/poisalt_mph_3f18df2b.csv,1,16,144,1,modified_altitude,9.339621101389639e-06,0.9999861717224121,4.440736574906623e-06,1.2215502920298604e-07
poison/poismph/datapoismphpar/poisalt_mph_3f18df2b.csv,2,32,160,1,modified_altitude,7.968974387040362e-06,0.9999886751174927,3.2492177979293047e-06,8.307548426955691e-08
poison/poismph/datapoismphpar/poisalt_mph_3f18df2b.csv,3,48,176,1,modified_altitude,8.993668416223954e-06,0.9999877214431763,3.2124937661137665e-06,8.386810179672466e-08
poison/poismph/datapoismphpar/poisalt_mph_3f18df2b.csv,4,64,192,1,modified_altitude,7.982426723174285e-06,0.9999902248382568,1.754745881044073e-06,5.270484138009124e-08
poison/poismph/datapoismphpar/poisalt_mph_3f1908f0.csv,0,0,128,0,authentic,0.9905492067337036,0.003428321797400713,0.002564824651926756,0.003457637969404459
poison/poismph/datapoismphpar/poisalt_mph_3f1908f0.csv,1,16,144,1,modified_altitude,4.7799612730159424e-06,0.9999947547912598,3.8383183209589333e-07,4.886626925326709e-08
poison/poismph/datapoismphpar/poisalt_mph_3f1908f0.csv,2,32,160,1,modified_altitude,6.36610002402449e-06,0.999993085861206,4.979229402124474e-07,1.061747880726216e-07
poison/poismph/datapoismphpar/poisalt_mph_3f1908f0.csv,3,48,176,1,modified_altitude,5.898044491914334e-06,0.9999933242797852,7.391961958091997e-07,8.784607530287758e-08
poison/poismph/datapoismphpar/poisalt_mph_3f1908f0.csv,4,64,192,1,modified_altitude,7.805737368471455e-06,0.9999915361404419,6.366767024701403e-07,1.0791926285946829e-07
poison/poismph/datapoismphpar/poisalt_mph_3f1908f0.csv,5,80,208,1,modified_altitude,7.5948960329697e-06,0.999991774559021,4.585141937241133e-07,9.452307381252467e-08
poison/poismph/datapoismphpar/poisalt_mph_3f192ee1.csv,0,0,128,0,authentic,0.8426392674446106,0.13166837394237518,0.016054674983024597,0.009637661278247833
poison/poismph/datapoismphpar/poisalt_mph_3f192ee1.csv,1,16,144,0,authentic,0.8631761074066162,0.11404880881309509,0.010142233222723007,0.012632881291210651
poison/poismph/datapoismphpar/poisalt_mph_3f192ee1.csv,2,32,160,0,authentic,0.9128106832504272,0.0718618631362915,0.006767182145267725,0.008560236543416977
poison/poismph/datapoismphpar/poisalt_mph_3f192ee1.csv,3,48,176,0,authentic,0.9753270745277405,0.015883293002843857,0.002569763222709298,0.006219877395778894
poison/poismph/datapoismphpar/poisalt_mph_3f1d4c27.csv,0,0,128,1,modified_altitude,0.0003276838979218155,0.9996330738067627,3.617289985413663e-05,3.078035206272034e-06
poison/poismph/datapoismphpar/poisalt_mph_3f1d4c27.csv,1,16,144,1,modified_altitude,1.158828055736194e-08,1.0,4.2837036140497275e-09,1.2114394210005486e-10
poison/poismph/datapoismphpar/poisalt_mph_3f1d4c27.csv,2,32,160,1,modified_altitude,1.605522825798289e-08,1.0,3.5047562629841877e-09,1.353413769944467e-10
poison/poismph/datapoismphpar/poisalt_mph_3f1d4c27.csv,3,48,176,1,modified_altitude,1.641384983486205e-08,1.0,3.459217134960113e-09,1.4013973315130102e-10
poison/poismph/datapoismphpar/poisalt_mph_3f1d787f.csv,0,0,128,0,authentic,0.9846377372741699,0.007149728015065193,0.004341871477663517,0.003870550775900483
poison/poismph/datapoismphpar/poisalt_mph_3f1d787f.csv,1,16,144,0,authentic,0.9797050356864929,0.008631049655377865,0.005351406056433916,0.006312485318630934
poison/poismph/datapoismphpar/poisalt_mph_3f1d787f.csv,2,32,160,0,authentic,0.9512943625450134,0.019609998911619186,0.012607758864760399,0.016487807035446167
poison/poismph/datapoismphpar/poisalt_mph_3f1d787f.csv,3,48,176,1,modified_altitude,0.0008343026274815202,0.9991092085838318,3.0142513423925266e-05,2.627545291034039e-05
poison/poismph/datapoismphpar/poisalt_mph_3f1d787f.csv,4,64,192,1,modified_altitude,1.7172654409591814e-08,1.0,4.809596276800221e-09,2.518930897199567e-10
poison/poismph/datapoismphpar/poisalt_mph_3f1dc2f5.csv,0,0,128,1,modified_altitude,0.0004687667533289641,0.9994751811027527,5.343747034203261e-05,2.6634575078787748e-06
poison/poismph/datapoismphpar/poisalt_mph_3f1dc2f5.csv,1,16,144,1,modified_altitude,6.092961939430097e-07,0.9999994039535522,4.320958524317575e-08,5.433583805114495e-09
poison/poismph/datapoismphpar/poisalt_mph_3f1dc2f5.csv,2,32,160,1,modified_altitude,7.376519306490081e-07,0.9999991655349731,8.395868889010671e-08,1.6754817977471248e-08
poison/poismph/datapoismphpar/poisalt_mph_3f1dc2f5.csv,3,48,176,1,modified_altitude,8.618219453637721e-07,0.9999990463256836,6.706408584022938e-08,1.798763982208129e-08
poison/poismph/datapoismphpar/poisalt_mph_3f1dc2f5.csv,4,64,192,1,modified_altitude,9.97521397039236e-07,0.999998927116394,6.83575862581165e-08,2.0869885375418562e-08
poison/poismph/datapoismphpar/poisalt_mph_3f1dc2f5.csv,5,80,208,1,modified_altitude,7.316225492104422e-07,0.9999991655349731,9.453819416194165e-08,1.2198425380915978e-08
poison/poismph/datapoismphpar/poisalt_mph_3f1dc2f5.csv,6,96,224,1,modified_altitude,7.282561114152486e-07,0.9999991655349731,1.4451678964633174e-07,1.622660050770719e-08
poison/poismph/datapoismphpar/poisalt_mph_3f1dc2f5.csv,7,112,240,1,modified_altitude,2.5142367121588904e-06,0.9999971389770508,3.2653909443070006e-07,5.145788506411009e-08
poison/poismph/datapoismphpar/poisalt_mph_3f1dc2f5.csv,8,128,256,1,modified_altitude,0.24196194112300873,0.7485384345054626,0.003965600859373808,0.005534038878977299
poison/poismph/datapoismphpar/poisalt_mph_3f1dc2f5.csv,9,144,272,0,authentic,0.9824854135513306,0.005806096829473972,0.0037486013025045395,0.007959899492561817
poison/poismph/datapoismphpar/poisalt_mph_3f1dc2f5.csv,10,160,288,0,authentic,0.9905166029930115,0.0027315556071698666,0.0029672281816601753,0.003784598084166646
poison/poismph/datapoismphpar/poisalt_mph_3f1dc2f5.csv,11,176,304,0,authentic,0.9886666536331177,0.0025413502007722855,0.003970280755311251,0.004821757320314646
poison/poismph/datapoismphpar/poisalt_mph_3f1dc2f5.csv,12,192,320,0,authentic,0.9925941824913025,0.002874799771234393,0.002773724962025881,0.001757359248585999
poison/poismph/datapoismphpar/poisalt_mph_3f1dc2f5.csv,13,208,336,0,authentic,0.9936455488204956,0.002922898158431053,0.0020427422132343054,0.0013887889217585325
poison/poismph/datapoismphpar/poisalt_mph_3f1dc2f5.csv,14,224,352,0,authentic,0.982914388179779,0.005111744627356529,0.004249118268489838,0.007724760100245476
poison/poismph/datapoismphpar/poisalt_mph_3f1dcdbf.csv,0,0,128,0,authentic,0.9838823676109314,0.00811447948217392,0.005084760952740908,0.0029183721635490656
poison/poismph/datapoismphpar/poisalt_mph_3f1dcdbf.csv,1,16,144,0,authentic,0.9723203778266907,0.013803942129015923,0.008768338710069656,0.005107427015900612
poison/poismph/datapoismphpar/poisalt_mph_3f1dcdbf.csv,2,32,160,0,authentic,0.858976423740387,0.09715905040502548,0.027785273268818855,0.016079219058156013
poison/poismph/datapoismphpar/poisalt_mph_3f1dcdbf.csv,3,48,176,1,modified_altitude,0.0003321024414617568,0.9996146559715271,4.850976256420836e-05,4.790550519828685e-06
poison/poismph/datapoismphpar/poisalt_mph_3f1dcdbf.csv,4,64,192,1,modified_altitude,0.0002479120157659054,0.9997236132621765,2.111842877638992e-05,7.380695933534298e-06
poison/poismph/datapoismphpar/poisalt_mph_3f1dcdbf.csv,5,80,208,1,modified_altitude,0.0001716291590128094,0.9998065233230591,1.5474181054742076e-05,6.370553819579072e-06
poison/poismph/datapoismphpar/poisalt_mph_3f1dcdbf.csv,6,96,224,1,modified_altitude,3.937656219932251e-05,0.9999521970748901,7.475996426364873e-06,9.908795846058638e-07
poison/poismph/datapoismphpar/poisalt_mph_3f1dcdbf.csv,7,112,240,1,modified_altitude,0.00013380689779296517,0.9998496174812317,1.2708726899290923e-05,3.807149596468662e-06
poison/poismph/datapoismphpar/poisalt_mph_3f21e566.csv,0,0,128,1,modified_altitude,0.003906317055225372,0.9958415031433105,0.00021207955433055758,4.0240774978883564e-05
poison/poismph/datapoismphpar/poisalt_mph_3f21e566.csv,1,16,144,1,modified_altitude,2.9539081879192963e-05,0.9999635815620422,6.284892606345238e-06,6.281570108512824e-07
poison/poismph/datapoismphpar/poisalt_mph_3f21e566.csv,2,32,160,1,modified_altitude,2.802279959723819e-05,0.9999640583992004,7.4914514698321e-06,5.21193896929617e-07
poison/poismph/datapoismphpar/poisalt_mph_3f21e566.csv,3,48,176,1,modified_altitude,4.408138192957267e-05,0.9999496936798096,5.546633019548608e-06,6.97060102083924e-07
poison/poismph/datapoismphpar/poisalt_mph_3f21e566.csv,4,64,192,1,modified_altitude,7.325104525079951e-05,0.9999197721481323,6.359693088597851e-06,5.481919060912332e-07
poison/poismph/datapoismphpar/poisalt_mph_3f21e566.csv,5,80,208,1,modified_altitude,0.00010254613152937964,0.999847412109375,4.8655296268407255e-05,1.3593590892924112e-06
poison/poismph/datapoismphpar/poisalt_mph_3f21e566.csv,6,96,224,1,modified_altitude,0.00017212213424500078,0.9998051524162292,1.1266691217315383e-05,1.1512048331496771e-05
poison/poismph/datapoismphpar/poisalt_mph_3f221fe2.csv,0,0,128,0,authentic,0.9463747143745422,0.0169841181486845,0.018937373533844948,0.01770380139350891
poison/poismph/datapoismphpar/poisalt_mph_3f221fe2.csv,1,16,144,0,authentic,0.9794794917106628,0.008119635283946991,0.0056367916986346245,0.0067641823552548885
poison/poismph/datapoismphpar/poisalt_mph_3f221fe2.csv,2,32,160,0,authentic,0.9186751842498779,0.06334205716848373,0.008087286725640297,0.00989544577896595
poison/poismph/datapoismphpar/poisalt_mph_3f2601d9.csv,0,0,128,0,authentic,0.9843912720680237,0.004906478803604841,0.0035039065405726433,0.007198392879217863
poison/poismph/datapoismphpar/poisalt_mph_3f2601d9.csv,1,16,144,0,authentic,0.9820156693458557,0.004940682556480169,0.004487692844122648,0.008555964566767216
poison/poismph/datapoismphpar/poisalt_mph_3f2601d9.csv,2,32,160,0,authentic,0.9670546054840088,0.008720972575247288,0.007836475037038326,0.01638789474964142
poison/poismph/datapoismphpar/poisalt_mph_3f2601d9.csv,3,48,176,0,authentic,0.9637671709060669,0.011341546662151814,0.008191406726837158,0.01669982634484768
poison/poismph/datapoismphpar/poisalt_mph_3f2601d9.csv,4,64,192,1,modified_altitude,4.191392690700013e-06,0.9999954700469971,2.5306687234660785e-07,9.606341677681485e-08
poison/poismph/datapoismphpar/poisalt_mph_3f2601d9.csv,5,80,208,1,modified_altitude,5.057441754274805e-08,1.0,4.3580725694880584e-09,9.295079705928799e-10
poison/poismph/datapoismphpar/poisalt_mph_3f2601d9.csv,6,96,224,1,modified_altitude,5.56974768528562e-08,1.0,4.296730971020679e-09,7.142911262469909e-10
poison/poismph/datapoismphpar/poisalt_mph_3f26b37b.csv,0,0,128,1,modified_altitude,0.0003452359524089843,0.9996171593666077,3.274773189332336e-05,4.868091309617739e-06
poison/poismph/datapoismphpar/poisalt_mph_3f26b37b.csv,1,16,144,1,modified_altitude,1.0519099369332707e-08,1.0,3.6635077194091537e-09,2.218213390747792e-10
poison/poismph/datapoismphpar/poisalt_mph_3f26b37b.csv,2,32,160,1,modified_altitude,1.1549884604278304e-08,1.0,3.4431359985376275e-09,2.551113209570133e-10
poison/poismph/datapoismphpar/poisalt_mph_3f26b37b.csv,3,48,176,1,modified_altitude,1.750003519873644e-08,1.0,3.232134115904728e-09,2.864652404177548e-10
poison/poismph/datapoismphpar/poisalt_mph_3f26b37b.csv,4,64,192,1,modified_altitude,1.924405523823225e-08,1.0,3.2247386982930948e-09,2.6870605740469955e-10
poison/poismph/datapoismphpar/poisalt_mph_3f26dfa5.csv,0,0,128,0,authentic,0.9957845211029053,0.0012733543990179896,0.0010324514005333185,0.0019096673931926489
poison/poismph/datapoismphpar/poisalt_mph_3f26dfa5.csv,1,16,144,1,modified_altitude,0.00020778815087396652,0.9997568130493164,2.9652012017322704e-05,5.846623025718145e-06
poison/poismph/datapoismphpar/poisalt_mph_3f26dfa5.csv,2,32,160,1,modified_altitude,8.848466137578725e-08,0.9999998807907104,1.8066911522396367e-08,2.284807232300068e-09
poison/poismph/datapoismphpar/poisalt_mph_3f26dfa5.csv,3,48,176,1,modified_altitude,1.2681154260008043e-07,0.9999998807907104,1.3740491411340372e-08,2.6210087433753415e-09
poison/poismph/datapoismphpar/poisalt_mph_3f26dfa5.csv,4,64,192,1,modified_altitude,1.167636654031412e-07,0.9999998807907104,1.7286126308135863e-08,2.409787702717381e-09
poison/poismph/datapoismphpar/poisalt_mph_3f26dfa5.csv,5,80,208,1,modified_altitude,1.3456960346047708e-07,0.9999998807907104,1.3189902503540907e-08,2.368972795707691e-09
poison/poismph/datapoismphpar/poisalt_mph_3f26dfa5.csv,6,96,224,1,modified_altitude,1.1033137781168989e-07,0.9999998807907104,1.1913289021947548e-08,3.2507865288522453e-09
poison/poismph/datapoismphpar/poisalt_mph_3f2ac3b2.csv,0,0,128,1,modified_altitude,0.0002854343911167234,0.9996611475944519,5.084093572804704e-05,2.535886778787244e-06
poison/poismph/datapoismphpar/poisalt_mph_3f2ac3b2.csv,1,16,144,1,modified_altitude,2.3997120734975397e-08,1.0,1.3369918505645728e-08,2.9134128443075724e-10
poison/poismph/datapoismphpar/poisalt_mph_3f2ac3b2.csv,2,32,160,1,modified_altitude,4.4501796025997464e-08,1.0,8.762589764899076e-09,3.595835018632698e-10
poison/poismph/datapoismphpar/poisalt_mph_3f2ac3b2.csv,3,48,176,1,modified_altitude,3.88264140838146e-08,1.0,5.7285234333903645e-09,3.901552414475873e-10
poison/poismph/datapoismphpar/poisalt_mph_3f2b37cf.csv,0,0,128,0,authentic,0.9849910736083984,0.007006501313298941,0.003224080428481102,0.004778397269546986
poison/poismph/datapoismphpar/poisalt_mph_3f2b37cf.csv,1,16,144,0,authentic,0.9158296585083008,0.06031833216547966,0.005641369614750147,0.018210645765066147
poison/poismph/datapoismphpar/poisalt_mph_3f2b37cf.csv,2,32,160,1,modified_altitude,0.0029922814574092627,0.9968803524971008,6.0580896388273686e-05,6.675023905700073e-05
poison/poismph/datapoismphpar/poisalt_mph_3f2b37cf.csv,3,48,176,1,modified_altitude,1.3646164234160096e-06,0.9999985694885254,1.5620095439317083e-07,1.7797477269709816e-08
poison/poismph/datapoismphpar/poisalt_mph_3f2b37cf.csv,4,64,192,1,modified_altitude,1.8262472849528422e-06,0.9999980926513672,1.3540098109388055e-07,4.25243733559455e-08
poison/poismph/datapoismphpar/poisalt_mph_3f2b37cf.csv,5,80,208,1,modified_altitude,1.6869552155185374e-06,0.9999982118606567,9.281095714186449e-08,4.129236685912474e-08
poison/poismph/datapoismphpar/poisalt_mph_3f2e7614.csv,0,0,128,1,modified_altitude,2.7805528588942252e-05,0.9999663233757019,5.324328412825707e-06,6.119564659456955e-07
poison/poismph/datapoismphpar/poisalt_mph_3f2e7614.csv,1,16,144,1,modified_altitude,2.9473039830918424e-05,0.9999635815620422,5.740376764151733e-06,1.3511903489416e-06
poison/poismph/datapoismphpar/poisalt_mph_3f2e7614.csv,2,32,160,1,modified_altitude,6.0244441556278616e-05,0.9999340772628784,3.894266228599008e-06,1.811228344195115e-06
poison/poismph/datapoismphpar/poisalt_mph_3f2e7614.csv,3,48,176,1,modified_altitude,5.5449916544603184e-05,0.9999364614486694,6.833122370153433e-06,1.257086978512234e-06
poison/poismph/datapoismphpar/poisalt_mph_3f2e7614.csv,4,64,192,1,modified_altitude,7.094628381310031e-05,0.9999173879623413,1.0019012734119315e-05,1.6100407265184913e-06
poison/poismph/datapoismphpar/poisalt_mph_3f2e7614.csv,5,80,208,1,modified_altitude,6.520283477584599e-06,0.9999923706054688,8.892520213521493e-07,1.5484039295188268e-07
poison/poismph/datapoismphpar/poisalt_mph_3f2e8f41.csv,0,0,128,0,authentic,0.9365013241767883,0.030836470425128937,0.022131670266389847,0.010530541650950909
poison/poismph/datapoismphpar/poisalt_mph_3f2e8f41.csv,1,16,144,0,authentic,0.9709833860397339,0.012671113945543766,0.010498077608644962,0.005847530905157328
poison/poismph/datapoismphpar/poisalt_mph_3f2e8f41.csv,2,32,160,0,authentic,0.9577881097793579,0.02045065350830555,0.01317546609789133,0.008585778065025806
poison/poismph/datapoismphpar/poisalt_mph_3f2e8f41.csv,3,48,176,0,authentic,0.9588178396224976,0.01907244697213173,0.014510586857795715,0.007599136792123318
poison/poismph/datapoismphpar/poisalt_mph_3f2e8f41.csv,4,64,192,0,authentic,0.7135396599769592,0.23981913924217224,0.037279173731803894,0.009362036362290382
poison/poismph/datapoismphpar/poisalt_mph_3f325ccc.csv,0,0,128,0,authentic,0.964888334274292,0.015951797366142273,0.01022570114582777,0.008934078738093376
poison/poismph/datapoismphpar/poisalt_mph_3f325ccc.csv,1,16,144,1,modified_altitude,0.20293296873569489,0.7870983481407166,0.005292215850204229,0.004676403012126684
poison/poismph/datapoismphpar/poisalt_mph_3f325ccc.csv,2,32,160,1,modified_altitude,0.08860459923744202,0.9094655513763428,0.0009489391231909394,0.0009809547336772084
poison/poismph/datapoismphpar/poisalt_mph_3f325ccc.csv,3,48,176,1,modified_altitude,0.0002988385094795376,0.9996700882911682,2.9010878279223107e-05,1.9508536297507817e-06
poison/poismph/datapoismphpar/poisalt_mph_3f325ccc.csv,4,64,192,1,modified_altitude,0.0004984703264199197,0.9994686245918274,3.0289942515082657e-05,2.5736260340636363e-06
poison/poismph/datapoismphpar/poisalt_mph_3f35c134.csv,0,0,128,0,authentic,0.9921661615371704,0.0028943403158336878,0.0017887463327497244,0.003150755539536476
poison/poismph/datapoismphpar/poisalt_mph_3f35c134.csv,1,16,144,0,authentic,0.9875935316085815,0.004757910501211882,0.002507328987121582,0.005141300614923239
poison/poismph/datapoismphpar/poisalt_mph_3f35c134.csv,2,32,160,0,authentic,0.9785986542701721,0.006794074084609747,0.0038348722737282515,0.01077252347022295
poison/poismph/datapoismphpar/poisalt_mph_3f35c134.csv,3,48,176,0,authentic,0.9525260329246521,0.030035410076379776,0.005312791094183922,0.012125714682042599
poison/poismph/datapoismphpar/poisalt_mph_3f35c134.csv,4,64,192,1,modified_altitude,5.692679678759305e-07,0.9999992847442627,7.240026178578773e-08,4.666153685661811e-09
poison/poismph/datapoismphpar/poisalt_mph_3f35c134.csv,5,80,208,1,modified_altitude,5.93949096128199e-07,0.9999992847442627,7.90582106446891e-08,7.915745392494955e-09
poison/poismph/datapoismphpar/poisalt_mph_3f360050.csv,0,0,128,1,modified_altitude,0.023681115359067917,0.9755120277404785,0.00047473268932662904,0.00033216580050066113
poison/poismph/datapoismphpar/poisalt_mph_3f360050.csv,1,16,144,1,modified_altitude,0.011295001953840256,0.988198459148407,0.0003577164316084236,0.0001488848647568375
poison/poismph/datapoismphpar/poisalt_mph_3f360050.csv,2,32,160,1,modified_altitude,0.015310361981391907,0.9837489128112793,0.00047074106987565756,0.0004700537829194218
poison/poismph/datapoismphpar/poisalt_mph_3f360050.csv,3,48,176,1,modified_altitude,0.018199244514107704,0.9810343384742737,0.00035547601873986423,0.0004109106375835836
poison/poismph/datapoismphpar/poisalt_mph_3f360050.csv,4,64,192,1,modified_altitude,0.030600398778915405,0.9685081243515015,0.00029959590756334364,0.0005919941468164325
poison/poismph/datapoismphpar/poisalt_mph_3f360050.csv,5,80,208,1,modified_altitude,0.03151610493659973,0.9673588275909424,0.0004198902170173824,0.0007051419815979898
poison/poismph/datapoismphpar/poisalt_mph_3f360050.csv,6,96,224,1,modified_altitude,0.01695769466459751,0.9818663001060486,0.000827777199447155,0.00034820337896235287
poison/poismph/datapoismphpar/poisalt_mph_3f3a3ec1.csv,0,0,128,0,authentic,0.9953911304473877,0.00117291824426502,0.001649439218454063,0.0017864343244582415
poison/poismph/datapoismphpar/poisalt_mph_3f3a3ec1.csv,1,16,144,0,authentic,0.9946275949478149,0.0015026944456622005,0.002361396560445428,0.001508180983364582
poison/poismph/datapoismphpar/poisalt_mph_3f3a3ec1.csv,2,32,160,0,authentic,0.9891546368598938,0.0053167506121098995,0.002922041341662407,0.002606553491204977
poison/poismph/datapoismphpar/poisalt_mph_3f3a3ec1.csv,3,48,176,0,authentic,0.9905747175216675,0.004796515218913555,0.002232578583061695,0.002396159805357456
poison/poismph/datapoismphpar/poisalt_mph_3f3a3ec1.csv,4,64,192,0,authentic,0.9879930019378662,0.005847488064318895,0.002352191833779216,0.0038073069881647825
poison/poismph/datapoismphpar/poisalt_mph_3f3a3ec1.csv,5,80,208,0,authentic,0.9219682812690735,0.05773782357573509,0.008251621387898922,0.012042210437357426
poison/poismph/datapoismphpar/poisalt_mph_3f3a3ec1.csv,6,96,224,0,authentic,0.918643057346344,0.05628591403365135,0.013841494917869568,0.011229438707232475
poison/poismph/datapoismphpar/poisalt_mph_3f3a3ec1.csv,7,112,240,0,authentic,0.9214621782302856,0.046962983906269073,0.018935387954115868,0.012639547698199749
poison/poismph/datapoismphpar/poisalt_mph_3f3a3ec1.csv,8,128,256,0,authentic,0.9152002930641174,0.046062882989645004,0.023686470463871956,0.015050383284687996
poison/poismph/datapoismphpar/poisalt_mph_3f3a3ec1.csv,9,144,272,0,authentic,0.7112302184104919,0.0930807963013649,0.0421263761818409,0.15356260538101196
poison/poismph/datapoismphpar/poisalt_mph_3f3a3ec1.csv,10,160,288,0,authentic,0.9615969061851501,0.008641131222248077,0.005182728637009859,0.024579167366027832
poison/poismph/datapoismphpar/poisalt_mph_3f3a49a0.csv,0,0,128,0,authentic,0.9724903702735901,0.012327899225056171,0.008712713606655598,0.006469045300036669
poison/poismph/datapoismphpar/poisalt_mph_3f3a49a0.csv,1,16,144,0,authentic,0.9839798212051392,0.007255048491060734,0.004327758681029081,0.004437323193997145
poison/poismph/datapoismphpar/poisalt_mph_3f3a49a0.csv,2,32,160,0,authentic,0.9812387824058533,0.008275740779936314,0.004614336881786585,0.005871183704584837
poison/poismph/datapoismphpar/poisalt_mph_3f3a49a0.csv,3,48,176,0,authentic,0.9716969728469849,0.01341239083558321,0.00664474256336689,0.008245850913226604
poison/poismph/datapoismphpar/poisalt_mph_3f3a49a0.csv,4,64,192,1,modified_altitude,7.27195856597973e-06,0.9999865293502808,6.09218386671273e-06,7.983470595718245e-08
poison/poismph/datapoismphpar/poisalt_mph_3f3a49a0.csv,5,80,208,1,modified_altitude,3.164329243077191e-08,1.0,1.241549085762017e-08,3.2443187025776865e-10
poison/poismph/datapoismphpar/poisalt_mph_3f3e624f.csv,0,0,128,0,authentic,0.9244811534881592,0.030678439885377884,0.02360464259982109,0.021235717460513115
poison/poismph/datapoismphpar/poisalt_mph_3f3e624f.csv,1,16,144,0,authentic,0.9168627858161926,0.05121447518467903,0.01861869916319847,0.01330417301505804
poison/poismph/datapoismphpar/poisalt_mph_3f3e624f.csv,2,32,160,1,modified_altitude,0.0015416765818372369,0.9981765747070312,0.0002604898763820529,2.1303276298567653e-05
poison/poismph/datapoismphpar/poisalt_mph_3f3e624f.csv,3,48,176,1,modified_altitude,0.001169580384157598,0.9987317323684692,8.716560114407912e-05,1.1519644431245979e-05
poison/poismph/datapoismphpar/poisalt_mph_3f3e624f.csv,4,64,192,1,modified_altitude,0.009034842252731323,0.9904841184616089,0.0003837481199298054,9.728838631417602e-05
poison/poismph/datapoismphpar/poisalt_mph_3f3e624f.csv,5,80,208,1,modified_altitude,0.03362704813480377,0.9648615717887878,0.001182620064355433,0.00032878280035220087
poison/poismph/datapoismphpar/poisalt_mph_3f421169.csv,0,0,128,0,authentic,0.9751425385475159,0.010147335939109325,0.008404253050684929,0.006305926479399204
poison/poismph/datapoismphpar/poisalt_mph_3f421169.csv,1,16,144,0,authentic,0.9857411980628967,0.005135013721883297,0.004415716975927353,0.0047081285156309605
poison/poismph/datapoismphpar/poisalt_mph_3f421169.csv,2,32,160,1,modified_altitude,0.0006764678400941193,0.9992190599441528,9.271472663385794e-05,1.1770594028348569e-05
poison/poismph/datapoismphpar/poisalt_mph_3f421169.csv,3,48,176,1,modified_altitude,9.301593273391973e-09,1.0,4.692477517664884e-09,7.444411753709801e-11
poison/poismph/datapoismphpar/poisalt_mph_3f421169.csv,4,64,192,1,modified_altitude,8.843164422955851e-09,1.0,4.26290336363877e-09,8.359096054233461e-11
poison/poismph/datapoismphpar/poisalt_mph_3f421169.csv,5,80,208,1,modified_altitude,1.34360522707766e-08,1.0,3.4068148302424106e-09,1.2006050320589878e-10
poison/poismph/datapoismphpar/poisalt_mph_3f421169.csv,6,96,224,1,modified_altitude,1.7507780114556226e-08,1.0,8.084709790523448e-09,1.382705477892543e-10
poison/poismph/datapoismphpar/poisalt_mph_3f421169.csv,7,112,240,1,modified_altitude,2.1325575971786748e-08,1.0,3.934795600457619e-09,1.1850186110162753e-10
poison/poismph/datapoismphpar/poisalt_mph_3f42884e.csv,0,0,128,0,authentic,0.943261981010437,0.046106453984975815,0.005945573560893536,0.004686049185693264
poison/poismph/datapoismphpar/poisalt_mph_3f42884e.csv,1,16,144,0,authentic,0.8506608605384827,0.1090141162276268,0.018308810889720917,0.02201620303094387
poison/poismph/datapoismphpar/poisalt_mph_3f42884e.csv,2,32,160,0,authentic,0.9322913885116577,0.05128531903028488,0.006801322102546692,0.009621964767575264
poison/poismph/datapoismphpar/poisalt_mph_3f42884e.csv,3,48,176,0,authentic,0.9637892246246338,0.02703360840678215,0.003670165780931711,0.0055069029331207275
poison/poismph/datapoismphpar/poisalt_mph_3f42884e.csv,4,64,192,0,authentic,0.9807120561599731,0.014471643604338169,0.002193362219259143,0.002622943604364991
poison/poismph/datapoismphpar/poisalt_mph_3f42c0c7.csv,0,0,128,0,authentic,0.9325223565101624,0.04898330941796303,0.008992859162390232,0.009501541033387184
poison/poismph/datapoismphpar/poisalt_mph_3f42c0c7.csv,1,16,144,1,modified_altitude,0.0001807596709113568,0.999802827835083,1.450542185921222e-05,1.8612960275277146e-06
poison/poismph/datapoismphpar/poisalt_mph_3f42c0c7.csv,2,32,160,1,modified_altitude,5.089125806989614e-06,0.9999938011169434,1.0270002803736134e-06,7.038508442747116e-08
poison/poismph/datapoismphpar/poisalt_mph_3f42c0c7.csv,3,48,176,1,modified_altitude,7.007065050856909e-06,0.9999920129776001,8.197258125619555e-07,8.258442107944575e-08
poison/poismph/datapoismphpar/poisalt_mph_3f42c0c7.csv,4,64,192,1,modified_altitude,1.181844163511414e-05,0.9999872446060181,8.175686616596067e-07,9.239698073315594e-08
poison/poismph/datapoismphpar/poisalt_mph_3f46c72a.csv,0,0,128,1,modified_altitude,0.0006950519746169448,0.9992373585700989,6.077349462429993e-05,6.826014214311726e-06
poison/poismph/datapoismphpar/poisalt_mph_3f46c72a.csv,1,16,144,1,modified_altitude,0.0009846928296610713,0.9989350438117981,7.086792902555317e-05,9.346163096779492e-06
poison/poismph/datapoismphpar/poisalt_mph_3f46c72a.csv,2,32,160,1,modified_altitude,0.0011686469661071897,0.9986925721168518,0.00010774102702271193,3.105351061094552e-05
poison/poismph/datapoismphpar/poisalt_mph_3f46c72a.csv,3,48,176,1,modified_altitude,0.0018240398494526744,0.9980003237724304,0.0001169431779999286,5.866739229531959e-05
poison/poismph/datapoismphpar/poisalt_mph_3f46c72a.csv,4,64,192,1,modified_altitude,0.0005372344166971743,0.9994218349456787,2.5114164600381628e-05,1.5920493751764297e-05
poison/poismph/datapoismphpar/poisalt_mph_3f46c72a.csv,5,80,208,1,modified_altitude,0.0012646361719816923,0.998623251914978,8.07613687356934e-05,3.133407517452724e-05
poison/poismph/datapoismphpar/poisalt_mph_3f46c72a.csv,6,96,224,1,modified_altitude,0.0016093513695523143,0.9981228709220886,0.0002399124059593305,2.781884904834442e-05
poison/poismph/datapoismphpar/poisalt_mph_3f46ee35.csv,0,0,128,1,modified_altitude,0.0009107465157285333,0.9990234375,5.835882984683849e-05,7.498207196476869e-06
poison/poismph/datapoismphpar/poisalt_mph_3f46ee35.csv,1,16,144,1,modified_altitude,2.8090227033317205e-08,1.0,9.25074417068572e-09,2.463763915105943e-10
poison/poismph/datapoismphpar/poisalt_mph_3f46ee35.csv,2,32,160,1,modified_altitude,2.978150881460806e-08,1.0,1.2229838475263932e-08,3.154713990038971e-10
poison/poismph/datapoismphpar/poisalt_mph_3f46ee35.csv,3,48,176,1,modified_altitude,4.458871316614932e-08,1.0,7.481128605490994e-09,3.8823633197182517e-10
poison/poismph/datapoismphpar/poisalt_mph_3f46ee35.csv,4,64,192,1,modified_altitude,6.096216509376973e-08,0.9999998807907104,7.583749628281566e-09,7.887381858751041e-10
poison/poismph/datapoismphpar/poisalt_mph_3f4ac1e4.csv,0,0,128,0,authentic,0.9804075360298157,0.00897042267024517,0.004476222675293684,0.00614585354924202
poison/poismph/datapoismphpar/poisalt_mph_3f4ac1e4.csv,1,16,144,0,authentic,0.9652617573738098,0.015379421412944794,0.007084603421390057,0.012274185195565224
poison/poismph/datapoismphpar/poisalt_mph_3f4ac1e4.csv,2,32,160,0,authentic,0.9730130434036255,0.012484039179980755,0.005410057958215475,0.009092857129871845
poison/poismph/datapoismphpar/poisalt_mph_3f4ac1e4.csv,3,48,176,0,authentic,0.974108099937439,0.013171733357012272,0.004494804423302412,0.008225372061133385
poison/poismph/datapoismphpar/poisalt_mph_3f4ac1e4.csv,4,64,192,0,authentic,0.969907283782959,0.017247112467885017,0.0038638676051050425,0.008981701917946339
poison/poismph/datapoismphpar/poisalt_mph_3f4dc55d.csv,0,0,128,1,modified_altitude,1.1329730931208815e-08,1.0,6.79577416562438e-09,2.4120708902453103e-11
poison/poismph/datapoismphpar/poisalt_mph_3f4dc55d.csv,1,16,144,1,modified_altitude,1.1192013538163792e-08,1.0,1.402216742718565e-08,1.2934282811460918e-10
poison/poismph/datapoismphpar/poisalt_mph_3f4dc55d.csv,2,32,160,1,modified_altitude,1.2976773433592825e-08,1.0,9.865902761418965e-09,1.3417217337163834e-10
poison/poismph/datapoismphpar/poisalt_mph_3f4dc55d.csv,3,48,176,1,modified_altitude,1.494783141708922e-08,1.0,1.022989959409415e-08,1.3391419917407887e-10
poison/poismph/datapoismphpar/poisalt_mph_3f4dc55d.csv,4,64,192,1,modified_altitude,1.9045412358309477e-08,1.0,1.6949616821193558e-08,2.4105406559726816e-10
poison/poismph/datapoismphpar/poisalt_mph_3f4dc55d.csv,5,80,208,1,modified_altitude,2.2146686262658477e-08,1.0,7.850405658871296e-09,2.2462538773471152e-10
poison/poismph/datapoismphpar/poisalt_mph_3f4dc55d.csv,6,96,224,1,modified_altitude,2.104816232417761e-08,1.0,1.9194786204934644e-08,2.1855148246707756e-10
poison/poismph/datapoismphpar/poisalt_mph_3f5229d9.csv,0,0,128,1,modified_altitude,6.491893145721406e-05,0.9999226927757263,1.0797824870678596e-05,1.5484075674976339e-06
poison/poismph/datapoismphpar/poisalt_mph_3f5229d9.csv,1,16,144,1,modified_altitude,8.325816480692083e-09,1.0,8.960704400706732e-10,7.063016838060321e-11
poison/poismph/datapoismphpar/poisalt_mph_3f5229d9.csv,2,32,160,1,modified_altitude,8.698743947377352e-09,1.0,8.871304801871815e-10,7.479138142141295e-11
poison/poismph/datapoismphpar/poisalt_mph_3f5229d9.csv,3,48,176,1,modified_altitude,1.2677134009209112e-08,1.0,1.8135228874172071e-09,2.3073688792951685e-10
poison/poismph/datapoismphpar/poisalt_mph_3f5229d9.csv,4,64,192,1,modified_altitude,1.3513721697222536e-08,1.0,1.856628517593606e-09,2.365562745687555e-10
poison/poismph/datapoismphpar/poisalt_mph_3f5229d9.csv,5,80,208,1,modified_altitude,1.4353407351563874e-08,1.0,1.7133711116557038e-09,2.519488229157929e-10
poison/poismph/datapoismphpar/poisalt_mph_3f5229d9.csv,6,96,224,1,modified_altitude,1.815877581634595e-08,1.0,1.8019273850811146e-09,2.9832591952327903e-10
poison/poismph/datapoismphpar/poisalt_mph_3f5229d9.csv,7,112,240,1,modified_altitude,1.606867883197083e-08,1.0,5.96894800253267e-09,2.1621715529107632e-10
poison/poismph/datapoismphpar/poisalt_mph_3f5229d9.csv,8,128,256,0,authentic,0.8797633647918701,0.09212104231119156,0.01674608886241913,0.01136949472129345
poison/poismph/datapoismphpar/poisalt_mph_3f5229d9.csv,9,144,272,0,authentic,0.9666502475738525,0.006142674013972282,0.012266095727682114,0.01494109071791172
poison/poismph/datapoismphpar/poisalt_mph_3f5229d9.csv,10,160,288,0,authentic,0.986700713634491,0.002930818358436227,0.003279872937127948,0.00708850659430027
poison/poismph/datapoismphpar/poisalt_mph_3f52687e.csv,0,0,128,0,authentic,0.9859759211540222,0.008850975893437862,0.0030540642328560352,0.0021190978586673737
poison/poismph/datapoismphpar/poisalt_mph_3f52687e.csv,1,16,144,0,authentic,0.9702929854393005,0.017534449696540833,0.005270541179925203,0.006902061868458986
poison/poismph/datapoismphpar/poisalt_mph_3f52687e.csv,2,32,160,0,authentic,0.9784591197967529,0.011650019325315952,0.004072282463312149,0.005818610545247793
poison/poismph/datapoismphpar/poisalt_mph_3f52687e.csv,3,48,176,0,authentic,0.9780687689781189,0.012865927070379257,0.003831848967820406,0.0052334899082779884
poison/poismph/datapoismphpar/poisalt_mph_3f52687e.csv,4,64,192,0,authentic,0.9747626781463623,0.010476622730493546,0.005349715705960989,0.009410899132490158
poison/poismph/datapoismphpar/poisalt_mph_3f52687e.csv,5,80,208,0,authentic,0.9746800065040588,0.009820036590099335,0.0061507802456617355,0.009349148720502853
poison/poismph/datapoismphpar/poisalt_mph_3f52687e.csv,6,96,224,0,authentic,0.9294414520263672,0.0449969582259655,0.01980360969901085,0.005757960025221109
poison/poismph/datapoismphpar/poisalt_mph_3f5af0e7.csv,0,0,128,1,modified_altitude,2.1754773982252118e-08,1.0,1.972368757208187e-08,1.568329355272624e-10
poison/poismph/datapoismphpar/poisalt_mph_3f5af0e7.csv,1,16,144,1,modified_altitude,2.785249542114343e-08,1.0,1.367708613031482e-08,1.690568934842318e-10
poison/poismph/datapoismphpar/poisalt_mph_3f5af0e7.csv,2,32,160,1,modified_altitude,3.1533033961750334e-08,1.0,1.6539052793973497e-08,2.102980151130751e-10
poison/poismph/datapoismphpar/poisalt_mph_3f5af0e7.csv,3,48,176,1,modified_altitude,3.746612264876603e-08,1.0,1.2934838089506684e-08,2.5575200290894884e-10
poison/poismph/datapoismphpar/poisalt_mph_3f5af0e7.csv,4,64,192,1,modified_altitude,1.1497720464603844e-07,0.9999998807907104,8.671062978748978e-09,1.1956011736202754e-09
poison/poismph/datapoismphpar/poisalt_mph_3f5f1cea.csv,0,0,128,1,modified_altitude,1.4384792848431971e-05,0.9999825358390808,2.9788207029923797e-06,1.0604414057979739e-07
poison/poismph/datapoismphpar/poisalt_mph_3f5f1cea.csv,1,16,144,1,modified_altitude,1.8646553144208156e-05,0.9999784827232361,2.7954588404099923e-06,1.713525676905192e-07
poison/poismph/datapoismphpar/poisalt_mph_3f5f1cea.csv,2,32,160,1,modified_altitude,2.6215788238914683e-05,0.9999702572822571,3.3866801913973177e-06,2.3805682758393232e-07
poison/poismph/datapoismphpar/poisalt_mph_3f5f1cea.csv,3,48,176,1,modified_altitude,2.8059643227607012e-05,0.9999657273292542,5.850505203852663e-06,4.3479312239469436e-07
poison/poismph/datapoismphpar/poisalt_mph_3f5f1cea.csv,4,64,192,1,modified_altitude,2.4475099053233862e-05,0.9999701976776123,4.932508545607561e-06,4.2980371972589637e-07
poison/poismph/datapoismphpar/poisalt_mph_3f5f1cea.csv,5,80,208,1,modified_altitude,3.116355946986005e-05,0.9999624490737915,5.320105174178025e-06,1.0851051683857804e-06
poison/poismph/datapoismphpar/poisalt_mph_3f5f4746.csv,0,0,128,1,modified_altitude,0.0002969626511912793,0.9996492266654968,5.168366260477342e-05,2.1670978185284184e-06
poison/poismph/datapoismphpar/poisalt_mph_3f5f4746.csv,1,16,144,1,modified_altitude,2.4928320740968957e-08,1.0,6.972952437678259e-09,8.937741519110531e-11
poison/poismph/datapoismphpar/poisalt_mph_3f5f4746.csv,2,32,160,1,modified_altitude,3.423877714681112e-08,1.0,1.2480283473337295e-08,3.35096450587713e-10
poison/poismph/datapoismphpar/poisalt_mph_3f5f4746.csv,3,48,176,1,modified_altitude,5.2475549239261454e-08,1.0,1.0914769532632818e-08,3.582315000194569e-10
poison/poismph/datapoismphpar/poisalt_mph_3f5f4746.csv,4,64,192,1,modified_altitude,6.087629600415312e-08,0.9999998807907104,1.1570477020939052e-08,3.6002129055745513e-10
poison/poismph/datapoismphpar/poisalt_mph_3f5f559d.csv,0,0,128,1,modified_altitude,1.3320133120942046e-06,0.9999980926513672,5.32592650870356e-07,1.2068374743989807e-08
poison/poismph/datapoismphpar/poisalt_mph_3f5f559d.csv,1,16,144,1,modified_altitude,1.948993258338305e-06,0.999997615814209,4.1454214283476176e-07,1.4333757292206428e-08
poison/poismph/datapoismphpar/poisalt_mph_3f5f559d.csv,2,32,160,1,modified_altitude,2.8719607598759467e-06,0.9999967813491821,3.0478952339763055e-07,3.686088234644558e-08
poison/poismph/datapoismphpar/poisalt_mph_3f66d87a.csv,0,0,128,1,modified_altitude,1.7992275388678536e-05,0.9999738335609436,8.133812116284389e-06,1.2798818715964444e-07
poison/poismph/datapoismphpar/poisalt_mph_3f66d87a.csv,1,16,144,1,modified_altitude,2.5406994609511457e-05,0.9999648928642273,9.575435797160026e-06,2.3721204911453242e-07
poison/poismph/datapoismphpar/poisalt_mph_3f66d87a.csv,2,32,160,1,modified_altitude,2.011966898862738e-05,0.9999757409095764,3.97988014810835e-06,1.3455749581225973e-07
poison/poismph/datapoismphpar/poisalt_mph_3f66d87a.csv,3,48,176,1,modified_altitude,2.6182646251982078e-05,0.9999669194221497,6.6519305619294755e-06,2.024536769340557e-07
poison/poismph/datapoismphpar/poisalt_mph_3f66d87a.csv,4,64,192,1,modified_altitude,0.0026574647054076195,0.9967190623283386,0.0005988189368508756,2.459422466927208e-05
poison/poismph/datapoismphpar/poisalt_mph_3f66d87a.csv,5,80,208,0,authentic,0.7509561777114868,0.21318210661411285,0.0313199944794178,0.00454169325530529
poison/poismph/datapoismphpar/poisalt_mph_3f67096a.csv,0,0,128,0,authentic,0.9936800599098206,0.0026413535233587027,0.0013689335901290178,0.002309696516022086
poison/poismph/datapoismphpar/poisalt_mph_3f67096a.csv,1,16,144,0,authentic,0.98771733045578,0.004994611721485853,0.003174741053953767,0.004113371949642897
poison/poismph/datapoismphpar/poisalt_mph_3f67096a.csv,2,32,160,1,modified_altitude,0.0004145981802139431,0.999521017074585,4.65483135485556e-05,1.7753211068338715e-05
poison/poismph/datapoismphpar/poisalt_mph_3f67096a.csv,3,48,176,1,modified_altitude,1.770277435753087e-08,1.0,4.528628583244654e-09,2.0990688354149967e-10
poison/poismph/datapoismphpar/poisalt_mph_3f67096a.csv,4,64,192,1,modified_altitude,1.9845044718636018e-08,1.0,5.739679398431008e-09,2.2118085141187294e-10
poison/poismph/datapoismphpar/poisalt_mph_3f67096a.csv,5,80,208,1,modified_altitude,2.0117651544637738e-08,1.0,3.2698717067347616e-09,3.183686370089589e-10
poison/poismph/datapoismphpar/poisalt_mph_3f67096a.csv,6,96,224,1,modified_altitude,1.891490519767558e-08,1.0,4.510035456206651e-09,1.9609558421507245e-10
poison/poismph/datapoismphpar/poisalt_mph_3f67096a.csv,7,112,240,1,modified_altitude,1.8251139266567407e-08,1.0,2.6773212535857738e-09,6.664582774540406e-10
poison/poismph/datapoismphpar/poisalt_mph_3f67096a.csv,8,128,256,1,modified_altitude,3.5470723247499336e-08,1.0,4.89845497497754e-09,1.2527594517308671e-09
poison/poismph/datapoismphpar/poisalt_mph_3f67096a.csv,9,144,272,1,modified_altitude,5.814787940039423e-08,1.0,1.2768546220343069e-08,7.861354900384754e-10
poison/poismph/datapoismphpar/poisalt_mph_3f67096a.csv,10,160,288,1,modified_altitude,0.004503853153437376,0.995164692401886,0.00019294142839498818,0.00013848890375811607
poison/poismph/datapoismphpar/poisalt_mph_3f67096a.csv,11,176,304,0,authentic,0.9562312960624695,0.020514793694019318,0.00397344259545207,0.01928037591278553
poison/poismph/datapoismphpar/poisalt_mph_3f67096a.csv,12,192,320,0,authentic,0.9897742867469788,0.003078517271205783,0.0032937221694737673,0.00385358021594584
poison/poismph/datapoismphpar/poisalt_mph_3f67096a.csv,13,208,336,0,authentic,0.9967670440673828,0.0012116512516513467,0.0011040662648156285,0.0009172919089905918
poison/poismph/datapoismphpar/poisalt_mph_3f67096a.csv,14,224,352,0,authentic,0.9967105388641357,0.001040325965732336,0.0009901861194521189,0.0012589553371071815
poison/poismph/datapoismphpar/poisalt_mph_3f67096a.csv,15,240,368,0,authentic,0.9989084005355835,0.0003686229756567627,0.000369393324945122,0.0003535390133038163
poison/poismph/datapoismphpar/poisalt_mph_3f67096a.csv,16,256,384,0,authentic,0.9974435567855835,0.0012523450423032045,0.0008470555185340345,0.00045708968536928296
poison/poismph/datapoismphpar/poisalt_mph_3f67096a.csv,17,272,400,0,authentic,0.9958882927894592,0.0018576271831989288,0.00147608935367316,0.0007780584855936468
poison/poismph/datapoismphpar/poisalt_mph_3f67096a.csv,18,288,416,0,authentic,0.9941353797912598,0.0036594332195818424,0.001305806334130466,0.0008993336232379079
poison/poismph/datapoismphpar/poisalt_mph_3f6a9c9b.csv,0,0,128,0,authentic,0.9901345372200012,0.002771870931610465,0.00271275220438838,0.0043807667680084705
poison/poismph/datapoismphpar/poisalt_mph_3f6a9c9b.csv,1,16,144,0,authentic,0.9801768064498901,0.003740203334018588,0.005243914667516947,0.010839065536856651
poison/poismph/datapoismphpar/poisalt_mph_3f6a9c9b.csv,2,32,160,1,modified_altitude,0.0017305640503764153,0.998151957988739,6.125734944362193e-05,5.615166810457595e-05
poison/poismph/datapoismphpar/poisalt_mph_3f6a9c9b.csv,3,48,176,1,modified_altitude,0.0014769388362765312,0.9984466433525085,4.781976531376131e-05,2.8536873287521303e-05
poison/poismph/datapoismphpar/poisalt_mph_3f6a9c9b.csv,4,64,192,1,modified_altitude,3.3427328162360936e-05,0.9999649524688721,1.246106876351405e-06,4.750745006276702e-07
poison/poismph/datapoismphpar/poisalt_mph_3f6b0792.csv,0,0,128,0,authentic,0.9739570617675781,0.00987069122493267,0.010010434314608574,0.006161920726299286
poison/poismph/datapoismphpar/poisalt_mph_3f6b0792.csv,1,16,144,1,modified_altitude,0.009191371500492096,0.9899203777313232,0.0008299345499835908,5.8356581575935706e-05
poison/poismph/datapoismphpar/poisalt_mph_3f6b0792.csv,2,32,160,1,modified_altitude,0.0029157062526792288,0.9967479705810547,0.0003154899168293923,2.0767976820934564e-05
poison/poismph/datapoismphpar/poisalt_mph_3f6b0792.csv,3,48,176,1,modified_altitude,0.004670317284762859,0.9947971701622009,0.00047527009155601263,5.732580757467076e-05
poison/poismph/datapoismphpar/poisalt_mph_3f6b0792.csv,4,64,192,1,modified_altitude,0.003664062824100256,0.9957358241081238,0.0005412831087596714,5.8818317484110594e-05
poison/poismph/datapoismphpar/poisalt_mph_3f6b0792.csv,5,80,208,1,modified_altitude,0.004893250297755003,0.9946646690368652,0.00038955805939622223,5.2521318139042705e-05
poison/poismph/datapoismphpar/poisalt_mph_3f6b0792.csv,6,96,224,1,modified_altitude,0.007278975564986467,0.9920969009399414,0.000512374856043607,0.00011177732812939212
poison/poismph/datapoismphpar/poisalt_mph_3f6b0792.csv,7,112,240,1,modified_altitude,0.011526813730597496,0.9858240485191345,0.0022538304328918457,0.00039541753358207643
poison/poismph/datapoismphpar/poisalt_mph_3f6e8fbb.csv,0,0,128,0,authentic,0.9745700359344482,0.010142156854271889,0.007416796870529652,0.007870927453041077
poison/poismph/datapoismphpar/poisalt_mph_3f6e8fbb.csv,1,16,144,0,authentic,0.9729464650154114,0.010619230568408966,0.007765146903693676,0.00866907648742199
poison/poismph/datapoismphpar/poisalt_mph_3f6e8fbb.csv,2,32,160,1,modified_altitude,1.419143469405526e-08,1.0,6.267358632072728e-09,1.5188887647621385e-10
poison/poismph/datapoismphpar/poisalt_mph_3f6e8fbb.csv,3,48,176,1,modified_altitude,1.712264463549218e-08,1.0,6.161994914322122e-09,1.9235557591201768e-10
poison/poismph/datapoismphpar/poisalt_mph_3f6e8fbb.csv,4,64,192,1,modified_altitude,1.8218237585188035e-08,1.0,6.0655711564550074e-09,1.9634296966053455e-10
poison/poismph/datapoismphpar/poisalt_mph_3f6e8fbb.csv,5,80,208,1,modified_altitude,2.0697429548022228e-08,1.0,7.383246014569522e-09,2.5251845059415245e-10
poison/poismph/datapoismphpar/poisalt_mph_3f6e8fbb.csv,6,96,224,1,modified_altitude,3.5708854539961976e-08,1.0,1.2946982153039244e-08,3.665700798460847e-10
poison/poismph/datapoismphpar/poisalt_mph_3f6ed9ff.csv,0,0,128,1,modified_altitude,0.015803638845682144,0.9831578135490417,0.0008806491387076676,0.00015789792814757675
poison/poismph/datapoismphpar/poisalt_mph_3f6ed9ff.csv,1,16,144,1,modified_altitude,1.5819472309885896e-07,0.9999998807907104,2.4146103783095896e-08,2.2726376336379417e-09
poison/poismph/datapoismphpar/poisalt_mph_3f6ed9ff.csv,2,32,160,1,modified_altitude,1.6491713950017584e-07,0.9999998807907104,2.0522653798593637e-08,2.579734204033457e-09
poison/poismph/datapoismphpar/poisalt_mph_3f6ed9ff.csv,3,48,176,1,modified_altitude,1.7742415536758926e-07,0.9999998807907104,2.212354921482529e-08,2.9785693911321687e-09
poison/poismph/datapoismphpar/poisalt_mph_3f6ed9ff.csv,4,64,192,1,modified_altitude,2.603428299607913e-07,0.9999997615814209,3.656353797509837e-08,4.903538908251903e-09
poison/poismph/datapoismphpar/poisalt_mph_3f6ed9ff.csv,5,80,208,1,modified_altitude,3.392509313471237e-07,0.9999995231628418,9.938428036093683e-08,4.095965788764033e-09
poison/poismph/datapoismphpar/poisalt_mph_3f6ed9ff.csv,6,96,224,1,modified_altitude,5.491270940183313e-07,0.9999991655349731,1.7818045705553232e-07,5.096109312319186e-09
poison/poismph/datapoismphpar/poisalt_mph_3f6ed9ff.csv,7,112,240,1,modified_altitude,6.771567200303252e-07,0.9999991655349731,7.426433512591757e-08,2.137340615604444e-08
poison/poismph/datapoismphpar/poisalt_mph_3f6ed9ff.csv,8,128,256,0,authentic,0.7149960398674011,0.26683640480041504,0.011254426091909409,0.0069131432101130486
poison/poismph/datapoismphpar/poisalt_mph_3f6ed9ff.csv,9,144,272,0,authentic,0.984518826007843,0.003986207768321037,0.005917083937674761,0.005577906966209412
poison/poismph/datapoismphpar/poisalt_mph_3f6ed9ff.csv,10,160,288,0,authentic,0.9863271713256836,0.002804358024150133,0.004803473129868507,0.006064994260668755
poison/poismph/datapoismphpar/poisalt_mph_3f6ed9ff.csv,11,176,304,0,authentic,0.986068069934845,0.002936221659183502,0.003549514804035425,0.007446178235113621
poison/poismph/datapoismphpar/poisalt_mph_3f6ed9ff.csv,12,192,320,0,authentic,0.9871202111244202,0.0036021731793880463,0.003302341792732477,0.005975256208330393
poison/poismph/datapoismphpar/poisalt_mph_3f72dde5.csv,0,0,128,0,authentic,0.9112268090248108,0.030399711802601814,0.034295257180929184,0.02407819777727127
poison/poismph/datapoismphpar/poisalt_mph_3f72dde5.csv,1,16,144,1,modified_altitude,0.0006511578685604036,0.9992632865905762,7.876753807067871e-05,6.9372335929074325e-06
poison/poismph/datapoismphpar/poisalt_mph_3f72dde5.csv,2,32,160,1,modified_altitude,1.081956835236042e-08,1.0,2.295378109806734e-09,7.28727703180887e-11
poison/poismph/datapoismphpar/poisalt_mph_3f72dde5.csv,3,48,176,1,modified_altitude,1.2601484300489574e-08,1.0,2.0208787976372378e-09,8.236362286639931e-11
poison/poismph/datapoismphpar/poisalt_mph_3f7ba01a.csv,0,0,128,1,modified_altitude,5.232970057278408e-09,1.0,3.1187292748313666e-09,1.5660805985362458e-11
poison/poismph/datapoismphpar/poisalt_mph_3f7ba01a.csv,1,16,144,1,modified_altitude,7.087449738207852e-09,1.0,6.2091158881116826e-09,6.745043412692553e-11
poison/poismph/datapoismphpar/poisalt_mph_3f7ba01a.csv,2,32,160,1,modified_altitude,8.166400888853786e-09,1.0,6.162747201443608e-09,6.899442128727173e-11
poison/poismph/datapoismphpar/poisalt_mph_3f7ba01a.csv,3,48,176,1,modified_altitude,3.486077559955447e-08,1.0,5.540268688264405e-09,1.4872794662501576e-10
poison/poismph/datapoismphpar/poisalt_mph_3f7f9dd0.csv,0,0,128,1,modified_altitude,0.3233674466609955,0.6528350114822388,0.01759350672364235,0.006204025819897652
poison/poismph/datapoismphpar/poisalt_mph_3f7f9dd0.csv,1,16,144,0,authentic,0.5464876294136047,0.4158785939216614,0.020405011251568794,0.017228687182068825
poison/poismph/datapoismphpar/poisalt_mph_3f7f9dd0.csv,2,32,160,0,authentic,0.635327160358429,0.3013622462749481,0.05117287486791611,0.01213774736970663
poison/poismph/datapoismphpar/poisalt_mph_3f7f9dd0.csv,3,48,176,0,authentic,0.8044920563697815,0.16843706369400024,0.021519849076867104,0.0055509707890450954
poison/poismph/datapoismphpar/poisalt_mph_3f7f9dd0.csv,4,64,192,0,authentic,0.8824758529663086,0.10087127983570099,0.012670832686126232,0.0039819758385419846
poison/poismph/datapoismphpar/poisalt_mph_3f7f9dd0.csv,5,80,208,0,authentic,0.9006361365318298,0.07281196117401123,0.022106975317001343,0.004444964695721865
poison/poismph/datapoismphpar/poisalt_mph_3f836cd3.csv,0,0,128,0,authentic,0.9893047213554382,0.002532785292714834,0.004599215928465128,0.003563358448445797
poison/poismph/datapoismphpar/poisalt_mph_3f836cd3.csv,1,16,144,0,authentic,0.986963152885437,0.004167268518358469,0.004303276538848877,0.004566448740661144
poison/poismph/datapoismphpar/poisalt_mph_3f836cd3.csv,2,32,160,0,authentic,0.9743585586547852,0.008513431064784527,0.0080671152099967,0.009060988202691078
poison/poismph/datapoismphpar/poisalt_mph_3f836cd3.csv,3,48,176,0,authentic,0.9721147418022156,0.009095805697143078,0.00926621351391077,0.009523250162601471
poison/poismph/datapoismphpar/poisalt_mph_3f836cd3.csv,4,64,192,0,authentic,0.9761601686477661,0.0069349887780845165,0.006254035513848066,0.010650786571204662
poison/poismph/datapoismphpar/poisalt_mph_3f836cd3.csv,5,80,208,0,authentic,0.953050971031189,0.02474437840282917,0.007987559773027897,0.01421711128205061
poison/poismph/datapoismphpar/poisalt_mph_3f86beca.csv,0,0,128,1,modified_altitude,0.003915398381650448,0.9954697489738464,0.0005815292824991047,3.338300302857533e-05
poison/poismph/datapoismphpar/poisalt_mph_3f86beca.csv,1,16,144,1,modified_altitude,0.006890689022839069,0.9919962286949158,0.0010258787078782916,8.714535215403885e-05
poison/poismph/datapoismphpar/poisalt_mph_3f86beca.csv,2,32,160,1,modified_altitude,0.004442055709660053,0.99516361951828,0.00034888795926235616,4.543234535958618e-05
poison/poismph/datapoismphpar/poisalt_mph_3f86beca.csv,3,48,176,1,modified_altitude,0.00238610478118062,0.9974470138549805,0.0001494375173933804,1.754038930812385e-05
poison/poismph/datapoismphpar/poisalt_mph_3f86beca.csv,4,64,192,1,modified_altitude,0.002119343727827072,0.997771680355072,9.434053208678961e-05,1.4622110938944388e-05
poison/poismph/datapoismphpar/poisalt_mph_3f86beca.csv,5,80,208,0,authentic,0.9417420625686646,0.03972666710615158,0.014513886533677578,0.00401739776134491
poison/poismph/datapoismphpar/poisalt_mph_3f871473.csv,0,0,128,1,modified_altitude,0.005858394782990217,0.9938014149665833,0.0002583232126198709,8.191448432626203e-05
poison/poismph/datapoismphpar/poisalt_mph_3f871473.csv,1,16,144,1,modified_altitude,0.006473238114267588,0.9931081533432007,0.00026422057999297976,0.0001543408870929852
poison/poismph/datapoismphpar/poisalt_mph_3f871473.csv,2,32,160,1,modified_altitude,0.00876917690038681,0.9906350374221802,0.00033417256781831384,0.0002615512057673186
poison/poismph/datapoismphpar/poisalt_mph_3f871473.csv,3,48,176,1,modified_altitude,0.014545461162924767,0.9848012328147888,0.00032738319714553654,0.00032595047377981246
poison/poismph/datapoismphpar/poisalt_mph_3f871473.csv,4,64,192,1,modified_altitude,0.007654126733541489,0.9914182424545288,0.0006589776603505015,0.00026862602680921555
poison/poismph/datapoismphpar/poisalt_mph_3f871473.csv,5,80,208,1,modified_altitude,0.011289157904684544,0.9875968098640442,0.0008097307290881872,0.00030420933035202324
poison/poismph/datapoismphpar/poisalt_mph_3f873f36.csv,0,0,128,0,authentic,0.9717240333557129,0.010126716457307339,0.009321266785264015,0.008828021585941315
poison/poismph/datapoismphpar/poisalt_mph_3f873f36.csv,1,16,144,1,modified_altitude,0.00028719950933009386,0.9996148347854614,9.006289474200457e-05,7.91019465395948e-06
poison/poismph/datapoismphpar/poisalt_mph_3f873f36.csv,2,32,160,1,modified_altitude,0.0005352115258574486,0.999396800994873,5.9027592214988545e-05,8.982783583633136e-06
poison/poismph/datapoismphpar/poisalt_mph_3f8b1603.csv,0,0,128,0,authentic,0.609667956829071,0.3694435656070709,0.01958020217716694,0.0013082100776955485
poison/poismph/datapoismphpar/poisalt_mph_3f8b1603.csv,1,16,144,1,modified_altitude,0.31174564361572266,0.6421892642974854,0.043259721249341965,0.0028054220601916313
poison/poismph/datapoismphpar/poisalt_mph_3f8b1603.csv,2,32,160,1,modified_altitude,0.07336645573377609,0.9025844931602478,0.02247810922563076,0.0015709460712969303
poison/poismph/datapoismphpar/poisalt_mph_3f8b1603.csv,3,48,176,0,authentic,0.6797474026679993,0.26513171195983887,0.046328216791152954,0.008792659267783165
poison/poismph/datapoismphpar/poisalt_mph_3f8b1603.csv,4,64,192,1,modified_altitude,0.4013161063194275,0.5546542406082153,0.03580188751220703,0.008227708749473095
poison/poismph/datapoismphpar/poisalt_mph_3f8b1603.csv,5,80,208,0,authentic,0.590266227722168,0.34134185314178467,0.05186425521969795,0.016527710482478142
poison/poismph/datapoismphpar/poisalt_mph_3f8b1603.csv,6,96,224,0,authentic,0.9775186777114868,0.004142551217228174,0.00327887712046504,0.015059894882142544
poison/poismph/datapoismphpar/poisalt_mph_3f8b7bb1.csv,0,0,128,1,modified_altitude,0.011952820234000683,0.9853543043136597,0.002465094206854701,0.00022775412071496248
poison/poismph/datapoismphpar/poisalt_mph_3f8b7bb1.csv,1,16,144,1,modified_altitude,0.021305404603481293,0.9763613343238831,0.0020353745203465223,0.00029796382295899093
poison/poismph/datapoismphpar/poisalt_mph_3f8b7bb1.csv,2,32,160,1,modified_altitude,0.02210971899330616,0.9750449657440186,0.0024811732582747936,0.0003640717186499387
poison/poismph/datapoismphpar/poisalt_mph_3f8b7bb1.csv,3,48,176,1,modified_altitude,0.025553276762366295,0.9721013307571411,0.002099095145240426,0.0002463663986418396
poison/poismph/datapoismphpar/poisalt_mph_3f8b7bb1.csv,4,64,192,1,modified_altitude,0.008567877113819122,0.9878278970718384,0.00351619441062212,8.808750862954184e-05
poison/poismph/datapoismphpar/poisalt_mph_3f8f1c63.csv,0,0,128,0,authentic,0.9235228300094604,0.032773684710264206,0.02309027872979641,0.02061322331428528
poison/poismph/datapoismphpar/poisalt_mph_3f8f1c63.csv,1,16,144,0,authentic,0.9589309692382812,0.016756797209382057,0.012058859691023827,0.012253420427441597
poison/poismph/datapoismphpar/poisauth_mph_3e39f7cd.csv,0,0,128,0,authentic,0.974400520324707,0.008149787783622742,0.008164661005139351,0.009285060688853264
poison/poismph/datapoismphpar/poisauth_mph_3e39f7cd.csv,1,16,144,0,authentic,0.9834725260734558,0.004222945775836706,0.005558405537158251,0.006746227853000164
poison/poismph/datapoismphpar/poisauth_mph_3e39f7cd.csv,2,32,160,0,authentic,0.9798122644424438,0.006132771261036396,0.0055232723243534565,0.008531753905117512
poison/poismph/datapoismphpar/poisauth_mph_3e39f7cd.csv,3,48,176,0,authentic,0.9661328196525574,0.010596406646072865,0.009153386577963829,0.014117348939180374
poison/poismph/datapoismphpar/poisauth_mph_3e39f7cd.csv,4,64,192,0,authentic,0.9754846096038818,0.007133830804377794,0.006256848573684692,0.011124633252620697
poison/poismph/datapoismphpar/poisauth_mph_3e39f7cd.csv,5,80,208,0,authentic,0.9812052845954895,0.004746180959045887,0.004964924417436123,0.009083782322704792
poison/poismph/datapoismphpar/poisauth_mph_3e39f7cd.csv,6,96,224,0,authentic,0.9739881157875061,0.008635480888187885,0.0062716202810406685,0.011104828678071499
poison/poismph/datapoismphpar/poisauth_mph_3e39f7cd.csv,7,112,240,0,authentic,0.9158163666725159,0.039447978138923645,0.031426362693309784,0.01330924965441227
poison/poismph/datapoismphpar/poisauth_mph_3e39f7cd.csv,8,128,256,0,authentic,0.9595518708229065,0.016840104013681412,0.013305043801665306,0.010302984155714512
poison/poismph/datapoismphpar/poisauth_mph_3e39f7cd.csv,9,144,272,0,authentic,0.9755571484565735,0.01070224680006504,0.005498289596289396,0.008242343552410603
poison/poismph/datapoismphpar/poisauth_mph_3e3a3689.csv,0,0,128,0,authentic,0.8996474146842957,0.07887613773345947,0.014340057037770748,0.00713643804192543
poison/poismph/datapoismphpar/poisauth_mph_3e3a3689.csv,1,16,144,0,authentic,0.8838202357292175,0.08420247584581375,0.0145427780225873,0.01743463985621929
poison/poismph/datapoismphpar/poisauth_mph_3e3a3689.csv,2,32,160,0,authentic,0.9204990863800049,0.05561314895749092,0.009304609149694443,0.014583221636712551
poison/poismph/datapoismphpar/poisauth_mph_3e3a3689.csv,3,48,176,0,authentic,0.9267005920410156,0.046080783009529114,0.008312770165503025,0.01890578493475914
poison/poismph/datapoismphpar/poisauth_mph_3e3a3689.csv,4,64,192,0,authentic,0.930781900882721,0.039309531450271606,0.013791820034384727,0.016116714105010033
poison/poismph/datapoismphpar/poisauth_mph_3e3a3689.csv,5,80,208,0,authentic,0.8073013424873352,0.12820354104042053,0.028283091261982918,0.036212146282196045
poison/poismph/datapoismphpar/poisauth_mph_3e3a3689.csv,6,96,224,0,authentic,0.4678625464439392,0.42304736375808716,0.06915633380413055,0.0399337038397789
poison/poismph/datapoismphpar/poisauth_mph_3e3a3689.csv,7,112,240,0,authentic,0.777111291885376,0.15775451064109802,0.03109557554125786,0.03403869643807411
poison/poismph/datapoismphpar/poisauth_mph_3e3a3689.csv,8,128,256,0,authentic,0.9815440773963928,0.005923432298004627,0.005511731840670109,0.007020748686045408
poison/poismph/datapoismphpar/poisauth_mph_3e3a3689.csv,9,144,272,0,authentic,0.9534680247306824,0.018557589501142502,0.012032934464514256,0.01594136841595173
poison/poismph/datapoismphpar/poisauth_mph_3e3a3689.csv,10,160,288,0,authentic,0.905491292476654,0.0649835392832756,0.0036872990895062685,0.025837959721684456
poison/poismph/datapoismphpar/poisauth_mph_3e3a3689.csv,11,176,304,0,authentic,0.9917701482772827,0.002475540852174163,0.0028596611227840185,0.0028946090023964643
poison/poismph/datapoismphpar/poisauth_mph_3e3a3689.csv,12,192,320,0,authentic,0.9943708777427673,0.0017525568837299943,0.0020379293709993362,0.00183861015830189
poison/poismph/datapoismphpar/poisauth_mph_3e3a3689.csv,13,208,336,0,authentic,0.9932787418365479,0.0019849759992212057,0.0024982313625514507,0.00223814370110631
poison/poismph/datapoismphpar/poisauth_mph_3e3a3689.csv,14,224,352,0,authentic,0.9988480806350708,0.0005657903966493905,0.0003462478634901345,0.0002398240176262334
poison/poismph/datapoismphpar/poisauth_mph_3e3a3689.csv,15,240,368,0,authentic,0.9985126852989197,0.000559703097678721,0.000590710376854986,0.0003369520709384233
poison/poismph/datapoismphpar/poisauth_mph_3e3a3689.csv,16,256,384,0,authentic,0.9976525902748108,0.0008519944967702031,0.0009826697641983628,0.0005127725307829678
poison/poismph/datapoismphpar/poisauth_mph_3e3a3689.csv,17,272,400,0,authentic,0.9953214526176453,0.0017430176958441734,0.0015704927500337362,0.001365046831779182
poison/poismph/datapoismphpar/poisauth_mph_3e3a8fd0.csv,0,0,128,0,authentic,0.9856851696968079,0.006002059206366539,0.0043393997475504875,0.003973290324211121
poison/poismph/datapoismphpar/poisauth_mph_3e3a8fd0.csv,1,16,144,0,authentic,0.9858717322349548,0.005130027420818806,0.004775181412696838,0.004223090596497059
poison/poismph/datapoismphpar/poisauth_mph_3e3a8fd0.csv,2,32,160,0,authentic,0.9635525941848755,0.011720177717506886,0.009984331205487251,0.014742895029485226
poison/poismph/datapoismphpar/poisauth_mph_3e3a8fd0.csv,3,48,176,0,authentic,0.9589285254478455,0.013378512114286423,0.011888801120221615,0.015804104506969452
poison/poismph/datapoismphpar/poisauth_mph_3e3a8fd0.csv,4,64,192,0,authentic,0.9640991687774658,0.015414777211844921,0.008797463960945606,0.01168863009661436
poison/poismph/datapoismphpar/poisauth_mph_3e3a8fd0.csv,5,80,208,0,authentic,0.9773377776145935,0.006498940754681826,0.006061403546482325,0.010101847350597382
poison/poismph/datapoismphpar/poisauth_mph_3e3a8fd0.csv,6,96,224,0,authentic,0.9744538068771362,0.0077445777133107185,0.006611877121031284,0.011189793236553669
poison/poismph/datapoismphpar/poisauth_mph_3e3a8fd0.csv,7,112,240,0,authentic,0.8455440402030945,0.07987385988235474,0.052043408155441284,0.022538745775818825
poison/poismph/datapoismphpar/poisauth_mph_3e3d86b8.csv,0,0,128,0,authentic,0.9873895049095154,0.006659678649157286,0.0018190554110333323,0.004131765104830265
poison/poismph/datapoismphpar/poisauth_mph_3e3d86b8.csv,1,16,144,0,authentic,0.9821048378944397,0.011072101071476936,0.0023560388945043087,0.0044670444913208485
poison/poismph/datapoismphpar/poisauth_mph_3e3d86b8.csv,2,32,160,0,authentic,0.9483646750450134,0.022404886782169342,0.013801097869873047,0.015429345890879631
poison/poismph/datapoismphpar/poisauth_mph_3e3d86b8.csv,3,48,176,0,authentic,0.9422349333763123,0.025066716596484184,0.014394479803740978,0.01830386184155941
poison/poismph/datapoismphpar/poisauth_mph_3e3d86b8.csv,4,64,192,0,authentic,0.9583742022514343,0.019048325717449188,0.010378487408161163,0.01219901628792286
poison/poismph/datapoismphpar/poisauth_mph_3e3d86b8.csv,5,80,208,0,authentic,0.9543856382369995,0.020023198798298836,0.011895737610757351,0.013695376925170422
poison/poismph/datapoismphpar/poisauth_mph_3e3d86b8.csv,6,96,224,0,authentic,0.9413562417030334,0.02380475401878357,0.018869509920477867,0.015969423577189445
poison/poismph/datapoismphpar/poisauth_mph_3e3d86b8.csv,7,112,240,0,authentic,0.9769917130470276,0.006093920208513737,0.0074743423610925674,0.009440037421882153
poison/poismph/datapoismphpar/poisauth_mph_3e4459f6.csv,0,0,128,0,authentic,0.9896549582481384,0.004093511961400509,0.0025875824503600597,0.003663988783955574
poison/poismph/datapoismphpar/poisauth_mph_3e4459f6.csv,1,16,144,0,authentic,0.9623105525970459,0.0119548374786973,0.009742985479533672,0.015991657972335815
poison/poismph/datapoismphpar/poisauth_mph_3e4459f6.csv,2,32,160,0,authentic,0.9638572931289673,0.013677497394382954,0.009395785629749298,0.013069337233901024
poison/poismph/datapoismphpar/poisauth_mph_3e4459f6.csv,3,48,176,0,authentic,0.9744372367858887,0.008510916493833065,0.007105513941496611,0.009946194477379322
poison/poismph/datapoismphpar/poisauth_mph_3e4459f6.csv,4,64,192,0,authentic,0.975398600101471,0.006024542730301619,0.007461090572178364,0.011115852743387222
poison/poismph/datapoismphpar/poisauth_mph_3e4459f6.csv,5,80,208,0,authentic,0.9819746017456055,0.004851636476814747,0.004785316996276379,0.008388401940464973
poison/poismph/datapoismphpar/poisauth_mph_3e4459f6.csv,6,96,224,0,authentic,0.9652256369590759,0.006249659229069948,0.0034875008277595043,0.02503720484673977
poison/poismph/datapoismphpar/poisauth_mph_3e4459f6.csv,7,112,240,0,authentic,0.9553708434104919,0.018247652798891068,0.01214207150042057,0.014239436946809292
poison/poismph/datapoismphpar/poisauth_mph_3e44d6af.csv,0,0,128,0,authentic,0.978756844997406,0.010949207469820976,0.005358865484595299,0.004935071803629398
poison/poismph/datapoismphpar/poisauth_mph_3e44d6af.csv,1,16,144,0,authentic,0.9420024156570435,0.02565133571624756,0.017314784228801727,0.015031479299068451
poison/poismph/datapoismphpar/poisauth_mph_3e44d6af.csv,2,32,160,0,authentic,0.9172501564025879,0.034320540726184845,0.029526885598897934,0.018902456387877464
poison/poismph/datapoismphpar/poisauth_mph_3e44d6af.csv,3,48,176,0,authentic,0.9735069274902344,0.01494098361581564,0.005030629225075245,0.006521396338939667
poison/poismph/datapoismphpar/poisauth_mph_3e44d6af.csv,4,64,192,0,authentic,0.975035548210144,0.01642666384577751,0.0037028579972684383,0.0048349350690841675
poison/poismph/datapoismphpar/poisauth_mph_3e44d6af.csv,5,80,208,0,authentic,0.6706640124320984,0.3161514699459076,0.006159267388284206,0.007025157567113638
poison/poismph/datapoismphpar/poisauth_mph_3e44f206.csv,0,0,128,0,authentic,0.9085857272148132,0.03483981639146805,0.03737654909491539,0.019197901710867882
poison/poismph/datapoismphpar/poisauth_mph_3e44f206.csv,1,16,144,0,authentic,0.9370280504226685,0.024951361119747162,0.023895010352134705,0.014125639572739601
poison/poismph/datapoismphpar/poisauth_mph_3e44f206.csv,2,32,160,0,authentic,0.9417182207107544,0.023569384589791298,0.021885372698307037,0.012827008962631226
poison/poismph/datapoismphpar/poisauth_mph_3e44f206.csv,3,48,176,0,authentic,0.9445677399635315,0.034618306905031204,0.010126380249857903,0.010687554255127907
poison/poismph/datapoismphpar/poisauth_mph_3e47f111.csv,0,0,128,0,authentic,0.9684880375862122,0.009452128782868385,0.008535533212125301,0.013524218462407589
poison/poismph/datapoismphpar/poisauth_mph_3e47f111.csv,1,16,144,0,authentic,0.952681839466095,0.013950764201581478,0.011400238610804081,0.021967194974422455
poison/poismph/datapoismphpar/poisauth_mph_3e47f111.csv,2,32,160,0,authentic,0.9493832588195801,0.02223942242562771,0.01299265306442976,0.015384739264845848
poison/poismph/datapoismphpar/poisauth_mph_3e47f111.csv,3,48,176,0,authentic,0.9348836541175842,0.02366223931312561,0.009448281489312649,0.032005660235881805
poison/poismph/datapoismphpar/poisauth_mph_3e47f111.csv,4,64,192,0,authentic,0.9305242300033569,0.02537643164396286,0.010261040180921555,0.033838313072919846
poison/poismph/datapoismphpar/poisauth_mph_3e47f111.csv,5,80,208,0,authentic,0.9323427081108093,0.041336026042699814,0.013800429180264473,0.012520934455096722
poison/poismph/datapoismphpar/poisauth_mph_3e488bea.csv,0,0,128,0,authentic,0.9473410844802856,0.014350038953125477,0.014720182865858078,0.023588640615344048
poison/poismph/datapoismphpar/poisauth_mph_3e488bea.csv,1,16,144,0,authentic,0.9365079998970032,0.01882815733551979,0.01910867542028427,0.025555232539772987
poison/poismph/datapoismphpar/poisauth_mph_3e488bea.csv,2,32,160,0,authentic,0.9651955962181091,0.010232229717075825,0.009188080206513405,0.015384241007268429
poison/poismph/datapoismphpar/poisauth_mph_3e488bea.csv,3,48,176,0,authentic,0.9783608317375183,0.006128261331468821,0.0057852910831570625,0.009725488722324371
poison/poismph/datapoismphpar/poisauth_mph_3e488bea.csv,4,64,192,0,authentic,0.9785086512565613,0.009035423398017883,0.00486365333199501,0.007592334412038326
poison/poismph/datapoismphpar/poisauth_mph_3e4c00ce.csv,0,0,128,0,authentic,0.9940206408500671,0.0019406987121328712,0.0016422313638031483,0.0023963870480656624
poison/poismph/datapoismphpar/poisauth_mph_3e4c00ce.csv,1,16,144,0,authentic,0.9886535406112671,0.003397527616471052,0.002988751046359539,0.004960237070918083
poison/poismph/datapoismphpar/poisauth_mph_3e4c00ce.csv,2,32,160,0,authentic,0.9838117361068726,0.0041011725552380085,0.0038058965001255274,0.008281132206320763
poison/poismph/datapoismphpar/poisauth_mph_3e4c00ce.csv,3,48,176,0,authentic,0.9812501072883606,0.004796490538865328,0.004819830413907766,0.009133578278124332
poison/poismph/datapoismphpar/poisauth_mph_3e4c00ce.csv,4,64,192,0,authentic,0.993574321269989,0.0015902199083939195,0.0013097025221213698,0.0035257581621408463
poison/poismph/datapoismphpar/poisauth_mph_3e4c8398.csv,0,0,128,0,authentic,0.9374733567237854,0.02077607437968254,0.019046170637011528,0.02270451746881008
poison/poismph/datapoismphpar/poisauth_mph_3e4c8398.csv,1,16,144,0,authentic,0.9480993151664734,0.021267596632242203,0.013609282672405243,0.01702381670475006
poison/poismph/datapoismphpar/poisauth_mph_3e4c8398.csv,2,32,160,0,authentic,0.7414433360099792,0.057436950504779816,0.04353620857000351,0.15758353471755981
poison/poismph/datapoismphpar/poisauth_mph_3e4c8398.csv,3,48,176,0,authentic,0.746809184551239,0.07195138931274414,0.04940088838338852,0.13183847069740295
poison/poismph/datapoismphpar/poisauth_mph_3e4c8398.csv,4,64,192,0,authentic,0.8564107418060303,0.037423573434352875,0.02680424600839615,0.0793614611029625
poison/poismph/datapoismphpar/poisauth_mph_3e4c8398.csv,5,80,208,0,authentic,0.8707083463668823,0.03961486369371414,0.03215576335787773,0.05752106383442879
poison/poismph/datapoismphpar/poisauth_mph_3e4c8398.csv,6,96,224,0,authentic,0.8523956537246704,0.03886185958981514,0.045393817126750946,0.06334865093231201
poison/poismph/datapoismphpar/poisauth_mph_3e4c8398.csv,7,112,240,0,authentic,0.9740856885910034,0.007292774971574545,0.008861963637173176,0.009759527631103992
poison/poismph/datapoismphpar/poisauth_mph_3e4c8398.csv,8,128,256,0,authentic,0.9900549650192261,0.003520490601658821,0.003141530556604266,0.003282965160906315
poison/poismph/datapoismphpar/poisauth_mph_3e500481.csv,0,0,128,0,authentic,0.9823800325393677,0.005407747346907854,0.006622571498155594,0.005589702632278204
poison/poismph/datapoismphpar/poisauth_mph_3e500481.csv,1,16,144,0,authentic,0.9719436168670654,0.012602888979017735,0.00791014265269041,0.00754348561167717
poison/poismph/datapoismphpar/poisauth_mph_3e500481.csv,2,32,160,0,authentic,0.9905321002006531,0.004141910467296839,0.0025858308654278517,0.002740176161751151
poison/poismph/datapoismphpar/poisauth_mph_3e500481.csv,3,48,176,0,authentic,0.964839518070221,0.01461746171116829,0.009180540218949318,0.011362440884113312
poison/poismph/datapoismphpar/poisauth_mph_3e500481.csv,4,64,192,0,authentic,0.9749994277954102,0.008839783258736134,0.006180545315146446,0.009980336762964725
poison/poismph/datapoismphpar/poisauth_mph_3e500481.csv,5,80,208,0,authentic,0.9742413759231567,0.010084320791065693,0.0065569691359996796,0.009117386303842068
poison/poismph/datapoismphpar/poisauth_mph_3e500481.csv,6,96,224,0,authentic,0.9739058613777161,0.0075728027150034904,0.006759362760931253,0.011761974543333054
poison/poismph/datapoismphpar/poisauth_mph_3e500481.csv,7,112,240,0,authentic,0.9179998636245728,0.018280360847711563,0.046235159039497375,0.017484664916992188
poison/poismph/datapoismphpar/poisauth_mph_3e503efe.csv,0,0,128,0,authentic,0.988229513168335,0.006986456457525492,0.002863500500097871,0.0019204512936994433
poison/poismph/datapoismphpar/poisauth_mph_3e503efe.csv,1,16,144,0,authentic,0.9943408966064453,0.0025143425446003675,0.0017059027450159192,0.0014388470444828272
poison/poismph/datapoismphpar/poisauth_mph_3e503efe.csv,2,32,160,0,authentic,0.9928037524223328,0.003495614044368267,0.002056494588032365,0.0016440961044281721
poison/poismph/datapoismphpar/poisauth_mph_3e503efe.csv,3,48,176,0,authentic,0.985537052154541,0.0060525378212332726,0.00392599031329155,0.004484567325562239
poison/poismph/datapoismphpar/poisauth_mph_3e503efe.csv,4,64,192,0,authentic,0.9921050071716309,0.003203383181244135,0.0017797210020944476,0.002911861054599285
poison/poismph/datapoismphpar/poisauth_mph_3e503efe.csv,5,80,208,0,authentic,0.9800534844398499,0.005151900928467512,0.007621273398399353,0.007173346355557442
poison/poismph/datapoismphpar/poisauth_mph_3e503efe.csv,6,96,224,0,authentic,0.9871219992637634,0.004606207832694054,0.003567654872313142,0.004704133607447147
poison/poismph/datapoismphpar/poisauth_mph_3e543f08.csv,0,0,128,0,authentic,0.9795821905136108,0.009366222657263279,0.006597484461963177,0.004454121924936771
poison/poismph/datapoismphpar/poisauth_mph_3e543f08.csv,1,16,144,0,authentic,0.9765591025352478,0.011164211668074131,0.006592484191060066,0.005684171803295612
poison/poismph/datapoismphpar/poisauth_mph_3e543f08.csv,2,32,160,0,authentic,0.9155915379524231,0.05270778760313988,0.020815188065171242,0.010885597206652164
poison/poismph/datapoismphpar/poisauth_mph_3e543f08.csv,3,48,176,0,authentic,0.9481300115585327,0.03459465503692627,0.010297690518200397,0.006977630313485861
poison/poismph/datapoismphpar/poisauth_mph_3e543f08.csv,4,64,192,0,authentic,0.9391334056854248,0.03786858543753624,0.008881420828402042,0.014116574078798294
poison/poismph/datapoismphpar/poisauth_mph_3e57a9b1.csv,0,0,128,0,authentic,0.9913978576660156,0.0028182766400277615,0.002768287668004632,0.0030155666172504425
poison/poismph/datapoismphpar/poisauth_mph_3e57a9b1.csv,1,16,144,0,authentic,0.983944833278656,0.005190038587898016,0.004924951121211052,0.0059401546604931355
poison/poismph/datapoismphpar/poisauth_mph_3e57a9b1.csv,2,32,160,0,authentic,0.9816625714302063,0.005130196921527386,0.005554651375859976,0.007652650121599436
poison/poismph/datapoismphpar/poisauth_mph_3e57a9b1.csv,3,48,176,0,authentic,0.9867860078811646,0.0038543459959328175,0.0038788309320807457,0.005480722524225712
poison/poismph/datapoismphpar/poisauth_mph_3e57a9b1.csv,4,64,192,0,authentic,0.9860262870788574,0.002733465051278472,0.004421174991875887,0.006819093134254217
poison/poismph/datapoismphpar/poisauth_mph_3e57a9b1.csv,5,80,208,0,authentic,0.9844063520431519,0.0030401924159377813,0.004305392969399691,0.008248068392276764
poison/poismph/datapoismphpar/poisauth_mph_3e5e15b4.csv,0,0,128,0,authentic,0.979557454586029,0.012159044854342937,0.004728509578853846,0.003555018687620759
poison/poismph/datapoismphpar/poisauth_mph_3e5e15b4.csv,1,16,144,0,authentic,0.9659394025802612,0.01829519122838974,0.007491160649806261,0.008274247869849205
poison/poismph/datapoismphpar/poisauth_mph_3e5e15b4.csv,2,32,160,0,authentic,0.9246345162391663,0.04000496864318848,0.014977913349866867,0.02038256824016571
poison/poismph/datapoismphpar/poisauth_mph_3e5e15b4.csv,3,48,176,0,authentic,0.949328601360321,0.029390202835202217,0.009541409090161324,0.011739905923604965
poison/poismph/datapoismphpar/poisauth_mph_3e5e15b4.csv,4,64,192,0,authentic,0.948488712310791,0.033064104616642,0.009729456156492233,0.008717657066881657
poison/poismph/datapoismphpar/poisauth_mph_3e5e15b4.csv,5,80,208,0,authentic,0.9556050896644592,0.010165021754801273,0.020251691341400146,0.013978212140500546
poison/poismph/datapoismphpar/poisauth_mph_3e5e15b4.csv,6,96,224,0,authentic,0.9712586998939514,0.009964879602193832,0.009632427245378494,0.009144009090960026
poison/poismph/datapoismphpar/poisauth_mph_3e5e15b4.csv,7,112,240,0,authentic,0.9128246307373047,0.07090762257575989,0.008808402344584465,0.007459293119609356
poison/poismph/datapoismphpar/poisauth_mph_3e5ea18c.csv,0,0,128,0,authentic,0.9499692916870117,0.01769118569791317,0.02560438960790634,0.0067351022735238075
poison/poismph/datapoismphpar/poisauth_mph_3e5ea18c.csv,1,16,144,0,authentic,0.8423281311988831,0.05225524678826332,0.07921905070543289,0.02619754895567894
poison/poismph/datapoismphpar/poisauth_mph_3e5ea18c.csv,2,32,160,0,authentic,0.8092692494392395,0.0672353059053421,0.0911479964852333,0.03234736993908882
poison/poismph/datapoismphpar/poisauth_mph_3e5ea18c.csv,3,48,176,0,authentic,0.8930882215499878,0.04892687126994133,0.039877451956272125,0.018107416108250618
poison/poismph/datapoismphpar/poisauth_mph_3e5ea18c.csv,4,64,192,0,authentic,0.9445371031761169,0.013597461394965649,0.020704707130789757,0.021160706877708435
poison/poismph/datapoismphpar/poisauth_mph_3e5ea18c.csv,5,80,208,0,authentic,0.9400558471679688,0.010699101723730564,0.02494889870285988,0.024296101182699203
poison/poismph/datapoismphpar/poisauth_mph_3e61b514.csv,0,0,128,0,authentic,0.9925097227096558,0.0027380860410630703,0.002943923231214285,0.0018082986352965236
poison/poismph/datapoismphpar/poisauth_mph_3e61b514.csv,1,16,144,0,authentic,0.9930022954940796,0.00313454563729465,0.002453178633004427,0.0014100108528509736
poison/poismph/datapoismphpar/poisauth_mph_3e61b514.csv,2,32,160,0,authentic,0.9846857190132141,0.005925498902797699,0.005401012487709522,0.003987640142440796
poison/poismph/datapoismphpar/poisauth_mph_3e61b514.csv,3,48,176,0,authentic,0.9819744825363159,0.0067405239678919315,0.0059450347907841206,0.005339992232620716
poison/poismph/datapoismphpar/poisauth_mph_3e61b514.csv,4,64,192,0,authentic,0.974778413772583,0.008441089652478695,0.00864795409142971,0.00813252478837967
poison/poismph/datapoismphpar/poisauth_mph_3e61b514.csv,5,80,208,0,authentic,0.9694783687591553,0.007315811701118946,0.013254369609057903,0.009951462969183922
poison/poismph/datapoismphpar/poisauth_mph_3e61b514.csv,6,96,224,0,authentic,0.8904484510421753,0.04254402220249176,0.04377566650509834,0.023231826722621918
poison/poismph/datapoismphpar/poisauth_mph_3e61b514.csv,7,112,240,0,authentic,0.9536879062652588,0.01464871410280466,0.012377429753541946,0.019285986199975014
poison/poismph/datapoismphpar/poisauth_mph_3e61b514.csv,8,128,256,0,authentic,0.9861921072006226,0.0053992243483662605,0.004510799422860146,0.003897901391610503
poison/poismph/datapoismphpar/poisauth_mph_3e61de69.csv,0,0,128,0,authentic,0.9105013012886047,0.0414607971906662,0.027242327108979225,0.020795559510588646
poison/poismph/datapoismphpar/poisauth_mph_3e61de69.csv,1,16,144,0,authentic,0.8903176188468933,0.06114571541547775,0.03599098324775696,0.012545699253678322
poison/poismph/datapoismphpar/poisauth_mph_3e61de69.csv,2,32,160,0,authentic,0.8954188823699951,0.061641987413167953,0.03209692984819412,0.010842197574675083
poison/poismph/datapoismphpar/poisauth_mph_3e61de69.csv,3,48,176,0,authentic,0.9465519189834595,0.03275642171502113,0.009515956044197083,0.011175647377967834
poison/poismph/datapoismphpar/poisauth_mph_3e61de69.csv,4,64,192,0,authentic,0.9476419687271118,0.022577790543437004,0.016292070969939232,0.013488167896866798
poison/poismph/datapoismphpar/poisauth_mph_3e61de69.csv,5,80,208,0,authentic,0.9423933625221252,0.02369663491845131,0.020336970686912537,0.013573026284575462
poison/poismph/datapoismphpar/poisauth_mph_3e622608.csv,0,0,128,0,authentic,0.558653712272644,0.37896597385406494,0.04994171857833862,0.012438645586371422
poison/poismph/datapoismphpar/poisauth_mph_3e622608.csv,1,16,144,0,authentic,0.6692809462547302,0.2858438789844513,0.022165868431329727,0.022709263488650322
poison/poismph/datapoismphpar/poisauth_mph_3e622608.csv,2,32,160,0,authentic,0.5441802144050598,0.4100060760974884,0.026749927550554276,0.019063791260123253
poison/poismph/datapoismphpar/poisauth_mph_3e622608.csv,3,48,176,1,modified_altitude,0.34912070631980896,0.6158425211906433,0.017651302739977837,0.01738547720015049
poison/poismph/datapoismphpar/poisauth_mph_3e656a7d.csv,0,0,128,0,authentic,0.951550304889679,0.015247522853314877,0.02136651799082756,0.01183561235666275
poison/poismph/datapoismphpar/poisauth_mph_3e656a7d.csv,1,16,144,0,authentic,0.9794408082962036,0.006884887348860502,0.006669842638075352,0.007004468701779842
poison/poismph/datapoismphpar/poisauth_mph_3e656a7d.csv,2,32,160,0,authentic,0.9748561382293701,0.010491856373846531,0.007742493879050016,0.006909485440701246
poison/poismph/datapoismphpar/poisauth_mph_3e656a7d.csv,3,48,176,0,authentic,0.9725292325019836,0.011298305355012417,0.009085051715373993,0.007087382022291422
poison/poismph/datapoismphpar/poisauth_mph_3e656a7d.csv,4,64,192,0,authentic,0.9751752614974976,0.00962667167186737,0.0076546031050384045,0.007543472107499838
poison/poismph/datapoismphpar/poisauth_mph_3e696d81.csv,0,0,128,0,authentic,0.9576470851898193,0.02206498198211193,0.00917157530784607,0.011116430163383484
poison/poismph/datapoismphpar/poisauth_mph_3e696d81.csv,1,16,144,0,authentic,0.9583755731582642,0.019197238609194756,0.008096926845610142,0.014330407604575157
poison/poismph/datapoismphpar/poisauth_mph_3e696d81.csv,2,32,160,0,authentic,0.8818750977516174,0.08326578140258789,0.017882203683257103,0.016976844519376755
poison/poismph/datapoismphpar/poisauth_mph_3e696d81.csv,3,48,176,0,authentic,0.9603554606437683,0.022494114935398102,0.008154325187206268,0.008996075950562954
poison/poismph/datapoismphpar/poisauth_mph_3e696d81.csv,4,64,192,0,authentic,0.9410485029220581,0.03581905737519264,0.014089527539908886,0.009042960591614246
poison/poismph/datapoismphpar/poisauth_mph_3e6caa8e.csv,0,0,128,0,authentic,0.9803432822227478,0.010277210734784603,0.0050794463604688644,0.004300116561353207
poison/poismph/datapoismphpar/poisauth_mph_3e6caa8e.csv,1,16,144,0,authentic,0.991452157497406,0.003570199478417635,0.002667299471795559,0.002310436451807618
poison/poismph/datapoismphpar/poisauth_mph_3e6caa8e.csv,2,32,160,0,authentic,0.9819770455360413,0.005744489841163158,0.004830762278288603,0.007447652984410524
poison/poismph/datapoismphpar/poisauth_mph_3e6caa8e.csv,3,48,176,0,authentic,0.9755776524543762,0.009538640268146992,0.006988441571593285,0.007895199581980705
poison/poismph/datapoismphpar/poisauth_mph_3e6caa8e.csv,4,64,192,0,authentic,0.9709643125534058,0.017878210172057152,0.005301322788000107,0.005856258329004049
poison/poismph/datapoismphpar/poisauth_mph_3e6caa8e.csv,5,80,208,0,authentic,0.9688869714736938,0.020021645352244377,0.006541904993355274,0.004549499601125717
poison/poismph/datapoismphpar/poisauth_mph_3e6caa8e.csv,6,96,224,0,authentic,0.9772331118583679,0.003846082603558898,0.004116822499781847,0.014804041013121605
poison/poismph/datapoismphpar/poisauth_mph_3e6caa8e.csv,7,112,240,0,authentic,0.9666493535041809,0.007692862767726183,0.00837626215070486,0.01728156954050064
poison/poismph/datapoismphpar/poisauth_mph_3e73fb1c.csv,0,0,128,0,authentic,0.9524499773979187,0.020603245124220848,0.013468612916767597,0.013478102162480354
poison/poismph/datapoismphpar/poisauth_mph_3e73fb1c.csv,1,16,144,0,authentic,0.9746872186660767,0.011338330805301666,0.0066637578420341015,0.007310735993087292
poison/poismph/datapoismphpar/poisauth_mph_3e73fb1c.csv,2,32,160,0,authentic,0.9864266514778137,0.006064463872462511,0.0036012576892971992,0.00390761299058795
poison/poismph/datapoismphpar/poisauth_mph_3e73fb1c.csv,3,48,176,0,authentic,0.9753283262252808,0.010168344713747501,0.005612142384052277,0.008891193196177483
poison/poismph/datapoismphpar/poisauth_mph_3e73fb1c.csv,4,64,192,0,authentic,0.9430316686630249,0.022830858826637268,0.016270507127046585,0.017866916954517365
poison/poismph/datapoismphpar/poisauth_mph_3e73fb1c.csv,5,80,208,0,authentic,0.95905601978302,0.01732349954545498,0.011018136516213417,0.012602309696376324
poison/poismph/datapoismphpar/poisauth_mph_3e73fb1c.csv,6,96,224,0,authentic,0.9707937240600586,0.012607544660568237,0.0069774664007127285,0.009621215052902699
poison/poismph/datapoismphpar/poisauth_mph_3e743eea.csv,0,0,128,0,authentic,0.9286642074584961,0.021194884553551674,0.034490808844566345,0.015650097280740738
poison/poismph/datapoismphpar/poisauth_mph_3e743eea.csv,1,16,144,0,authentic,0.9059097170829773,0.030939139425754547,0.04513660445809364,0.018014566972851753
poison/poismph/datapoismphpar/poisauth_mph_3e743eea.csv,2,32,160,0,authentic,0.9386380910873413,0.025522973388433456,0.024512460455298424,0.011326417326927185
poison/poismph/datapoismphpar/poisauth_mph_3e743eea.csv,3,48,176,0,authentic,0.9398348927497864,0.023994626477360725,0.024989934638142586,0.011180587112903595
poison/poismph/datapoismphpar/poisauth_mph_3e77a028.csv,0,0,128,0,authentic,0.9940837025642395,0.0021568285301327705,0.0015101952012628317,0.002249346347525716
poison/poismph/datapoismphpar/poisauth_mph_3e77a028.csv,1,16,144,0,authentic,0.9849103093147278,0.004556114319711924,0.004025836940854788,0.0065077925100922585
poison/poismph/datapoismphpar/poisauth_mph_3e77a028.csv,2,32,160,0,authentic,0.9778857827186584,0.00652344198897481,0.005517845973372459,0.010072970762848854
poison/poismph/datapoismphpar/poisauth_mph_3e77a028.csv,3,48,176,0,authentic,0.9839316606521606,0.004298401065170765,0.004005973227322102,0.007764026988297701
poison/poismph/datapoismphpar/poisauth_mph_3e77f289.csv,0,0,128,0,authentic,0.9741201996803284,0.008082342334091663,0.006570907309651375,0.011226562783122063
poison/poismph/datapoismphpar/poisauth_mph_3e77f289.csv,1,16,144,0,authentic,0.963292121887207,0.013553732074797153,0.007389765698462725,0.015764283016324043
poison/poismph/datapoismphpar/poisauth_mph_3e77f289.csv,2,32,160,0,authentic,0.9651864171028137,0.015392467379570007,0.005810183938592672,0.01361090037971735
poison/poismph/datapoismphpar/poisauth_mph_3e77f289.csv,3,48,176,0,authentic,0.8878893256187439,0.07952363044023514,0.016682276502251625,0.015904797241091728
poison/poismph/datapoismphpar/poisauth_mph_3e77f289.csv,4,64,192,0,authentic,0.9548377990722656,0.02525576390326023,0.011624664068222046,0.008281813934445381
poison/poismph/datapoismphpar/poisauth_mph_3e7b8676.csv,0,0,128,0,authentic,0.9805192947387695,0.008258973248302937,0.006524229887872934,0.0046975393779575825
poison/poismph/datapoismphpar/poisauth_mph_3e7b8676.csv,1,16,144,0,authentic,0.9751986861228943,0.010500738397240639,0.008436007425189018,0.005864638369530439
poison/poismph/datapoismphpar/poisauth_mph_3e7b8676.csv,2,32,160,0,authentic,0.9714570641517639,0.011652776971459389,0.008729279041290283,0.008160898461937904
poison/poismph/datapoismphpar/poisauth_mph_3e7b8676.csv,3,48,176,0,authentic,0.9837032556533813,0.0071713365614414215,0.004270756617188454,0.004854648839682341
poison/poismph/datapoismphpar/poisauth_mph_3e7b8676.csv,4,64,192,0,authentic,0.9795387387275696,0.004696575924754143,0.004430336412042379,0.011334313079714775
poison/poismph/datapoismphpar/poisauth_mph_3e7b8fcb.csv,0,0,128,0,authentic,0.9828200936317444,0.007149984128773212,0.006319642532616854,0.003710335586220026
poison/poismph/datapoismphpar/poisauth_mph_3e7b8fcb.csv,1,16,144,0,authentic,0.9734431505203247,0.010662305168807507,0.009398741647601128,0.006495744455605745
poison/poismph/datapoismphpar/poisauth_mph_3e7b8fcb.csv,2,32,160,0,authentic,0.95110023021698,0.018913326784968376,0.01827153190970421,0.011714881286025047
poison/poismph/datapoismphpar/poisauth_mph_3e7b8fcb.csv,3,48,176,0,authentic,0.9773195385932922,0.009328502230346203,0.0069398460909724236,0.006412141490727663
poison/poismph/datapoismphpar/poisauth_mph_3e7b8fcb.csv,4,64,192,0,authentic,0.9850207567214966,0.005670627579092979,0.004268694203346968,0.005039983429014683
poison/poismph/datapoismphpar/poisauth_mph_3e7b8fcb.csv,5,80,208,0,authentic,0.978270947933197,0.0062390402890741825,0.0054146721959114075,0.010075376369059086
poison/poismph/datapoismphpar/poisauth_mph_3e7b9bb4.csv,0,0,128,0,authentic,0.9798582196235657,0.007411803584545851,0.007408800069242716,0.005321044474840164
poison/poismph/datapoismphpar/poisauth_mph_3e7b9bb4.csv,1,16,144,0,authentic,0.9723723530769348,0.00901360996067524,0.010704034008085728,0.00790990050882101
poison/poismph/datapoismphpar/poisauth_mph_3e7b9bb4.csv,2,32,160,0,authentic,0.9785777926445007,0.008633130230009556,0.00626356340944767,0.006525556556880474
poison/poismph/datapoismphpar/poisauth_mph_3e7b9bb4.csv,3,48,176,0,authentic,0.9753745794296265,0.0054208459332585335,0.008772231638431549,0.010432494804263115
poison/poismph/datapoismphpar/poisauth_mph_3e7b9bb4.csv,4,64,192,0,authentic,0.9323236346244812,0.027628129348158836,0.0258710328489542,0.014177223667502403
poison/poismph/datapoismphpar/poisauth_mph_3e7f3fd9.csv,0,0,128,0,authentic,0.9756739139556885,0.007026791572570801,0.006767954211682081,0.010531335137784481
poison/poismph/datapoismphpar/poisauth_mph_3e7f3fd9.csv,1,16,144,0,authentic,0.957834005355835,0.01104523241519928,0.012662087567150593,0.018458615988492966
poison/poismph/datapoismphpar/poisauth_mph_3e7f3fd9.csv,2,32,160,0,authentic,0.9679293632507324,0.007892545312643051,0.009537197649478912,0.014640985988080502
poison/poismph/datapoismphpar/poisauth_mph_3e7f3fd9.csv,3,48,176,0,authentic,0.9798086285591125,0.004877302795648575,0.005747135728597641,0.009566979482769966
poison/poismph/datapoismphpar/poisauth_mph_3e7f3fd9.csv,4,64,192,0,authentic,0.9845401644706726,0.004132506903260946,0.004504532087594271,0.00682289432734251
poison/poismph/datapoismphpar/poisauth_mph_3e83ff63.csv,0,0,128,0,authentic,0.9611770510673523,0.01071616169065237,0.014488108456134796,0.013618615455925465
poison/poismph/datapoismphpar/poisauth_mph_3e83ff63.csv,1,16,144,0,authentic,0.9425215125083923,0.015494594350457191,0.02097492478787899,0.02100885845720768
poison/poismph/datapoismphpar/poisauth_mph_3e83ff63.csv,2,32,160,0,authentic,0.9731375575065613,0.00778886117041111,0.007823348045349121,0.011250240728259087
poison/poismph/datapoismphpar/poisauth_mph_3e83ff63.csv,3,48,176,0,authentic,0.9758220911026001,0.006133511662483215,0.006891204509884119,0.01115324255079031
poison/poismph/datapoismphpar/poisauth_mph_3e881f6e.csv,0,0,128,0,authentic,0.9153534173965454,0.03934434801340103,0.027967998757958412,0.017334191128611565
poison/poismph/datapoismphpar/poisauth_mph_3e881f6e.csv,1,16,144,0,authentic,0.887283205986023,0.051963042467832565,0.04656604677438736,0.014187753200531006
poison/poismph/datapoismphpar/poisauth_mph_3e881f6e.csv,2,32,160,0,authentic,0.9605394005775452,0.022236930206418037,0.010393823496997356,0.006829873193055391
poison/poismph/datapoismphpar/poisauth_mph_3e881f6e.csv,3,48,176,0,authentic,0.9801811575889587,0.00979929231107235,0.0052155666053295135,0.004803966730833054
poison/poismph/datapoismphpar/poisauth_mph_3e881f6e.csv,4,64,192,0,authentic,0.9755094647407532,0.01101438794285059,0.006874715909361839,0.006601429544389248
poison/poismph/datapoismphpar/poisauth_mph_3e9de1d5.csv,0,0,128,0,authentic,0.9904496669769287,0.0029149074107408524,0.0032736717257648706,0.003361837472766638
poison/poismph/datapoismphpar/poisauth_mph_3e9de1d5.csv,1,16,144,0,authentic,0.9943335652351379,0.0018311183666810393,0.0019004064379259944,0.0019348415080457926
poison/poismph/datapoismphpar/poisauth_mph_3e9de1d5.csv,2,32,160,0,authentic,0.9865443706512451,0.004240293055772781,0.004370951093733311,0.004844513721764088
poison/poismph/datapoismphpar/poisauth_mph_3e9de1d5.csv,3,48,176,0,authentic,0.966227114200592,0.012155420146882534,0.00828245747834444,0.013335039839148521
poison/poismph/datapoismphpar/poisauth_mph_3e9de1d5.csv,4,64,192,0,authentic,0.962725818157196,0.01569196954369545,0.009565209038555622,0.012017111293971539
poison/poismph/datapoismphpar/poisauth_mph_3e9de1d5.csv,5,80,208,0,authentic,0.921711266040802,0.02441350929439068,0.03224734589457512,0.02162786014378071
poison/poismph/datapoismphpar/poisauth_mph_3e9de1d5.csv,6,96,224,0,authentic,0.9277351498603821,0.024363094940781593,0.022716911509633064,0.025184860453009605
poison/poismph/datapoismphpar/poisauth_mph_3e9de1d5.csv,7,112,240,0,authentic,0.9248154759407043,0.02626735344529152,0.025850918143987656,0.023066313937306404
poison/poismph/datapoismphpar/poisauth_mph_3e9e281c.csv,0,0,128,0,authentic,0.9946645498275757,0.0014052041806280613,0.0013099673669785261,0.0026202555745840073
poison/poismph/datapoismphpar/poisauth_mph_3e9e281c.csv,1,16,144,0,authentic,0.9939408898353577,0.0014735879376530647,0.0016508455155417323,0.00293465587310493
poison/poismph/datapoismphpar/poisauth_mph_3e9e281c.csv,2,32,160,0,authentic,0.9478340744972229,0.011616146191954613,0.013906863518059254,0.026642996817827225
poison/poismph/datapoismphpar/poisauth_mph_3e9e281c.csv,3,48,176,0,authentic,0.9719023704528809,0.0064329830929636955,0.004745612386614084,0.016919001936912537
poison/poismph/datapoismphpar/poisauth_mph_3e9e281c.csv,4,64,192,0,authentic,0.9551913738250732,0.011467686854302883,0.009017706848680973,0.024323221296072006
poison/poismph/datapoismphpar/poisauth_mph_3e9e281c.csv,5,80,208,0,authentic,0.9727585911750793,0.008079747669398785,0.006734924390912056,0.012426734901964664
poison/poismph/datapoismphpar/poisauth_mph_3e9e281c.csv,6,96,224,0,authentic,0.9781178832054138,0.005287206266075373,0.005872371140867472,0.010722532868385315
poison/poismph/datapoismphpar/poisauth_mph_3e9e281c.csv,7,112,240,0,authentic,0.9089202284812927,0.03303731605410576,0.029374446719884872,0.028667936101555824
poison/poismph/datapoismphpar/poisauth_mph_3e9e7954.csv,0,0,128,0,authentic,0.9821352958679199,0.0059438967145979404,0.004557263106107712,0.007363500073552132
poison/poismph/datapoismphpar/poisauth_mph_3e9e7954.csv,1,16,144,0,authentic,0.9506637454032898,0.014876363798975945,0.013781217858195305,0.020678672939538956
poison/poismph/datapoismphpar/poisauth_mph_3e9e7954.csv,2,32,160,0,authentic,0.9742754697799683,0.0072129773907363415,0.006232734769582748,0.012278888374567032
poison/poismph/datapoismphpar/poisauth_mph_3e9e7954.csv,3,48,176,0,authentic,0.979430615901947,0.00600964343175292,0.0052039544098079205,0.00935582909733057
poison/poismph/datapoismphpar/poisauth_mph_3e9e7954.csv,4,64,192,0,authentic,0.9834495186805725,0.007058761548250914,0.003488794667646289,0.006002920214086771
poison/poismph/datapoismphpar/poisauth_mph_3e9e8545.csv,0,0,128,0,authentic,0.9685161113739014,0.01839466765522957,0.006331764627248049,0.006757406052201986
poison/poismph/datapoismphpar/poisauth_mph_3e9e8545.csv,1,16,144,0,authentic,0.976481020450592,0.011687972582876682,0.005053180735558271,0.00677797244861722
poison/poismph/datapoismphpar/poisauth_mph_3e9e8545.csv,2,32,160,0,authentic,0.9607043862342834,0.018963608890771866,0.007970083504915237,0.012361973524093628
poison/poismph/datapoismphpar/poisauth_mph_3e9e8545.csv,3,48,176,0,authentic,0.9769514203071594,0.010450286790728569,0.004896942060440779,0.007701327558606863
poison/poismph/datapoismphpar/poisauth_mph_3e9e8545.csv,4,64,192,0,authentic,0.9820511341094971,0.007351758424192667,0.004196252673864365,0.006400913465768099
poison/poismph/datapoismphpar/poisauth_mph_3ea21b8b.csv,0,0,128,0,authentic,0.9900234937667847,0.0034035141579806805,0.0026514835190027952,0.003921466879546642
poison/poismph/datapoismphpar/poisauth_mph_3ea21b8b.csv,1,16,144,0,authentic,0.9774786829948425,0.006093545816838741,0.005338807124644518,0.011089030653238297
poison/poismph/datapoismphpar/poisauth_mph_3ea21b8b.csv,2,32,160,0,authentic,0.9543814659118652,0.010615555569529533,0.011404457502067089,0.02359853871166706
poison/poismph/datapoismphpar/poisauth_mph_3ea21b8b.csv,3,48,176,0,authentic,0.9556569457054138,0.011007550172507763,0.01132512092590332,0.022010313346982002
poison/poismph/datapoismphpar/poisauth_mph_3ea21b8b.csv,4,64,192,0,authentic,0.9778798222541809,0.006387273781001568,0.004301388747990131,0.011431515216827393
poison/poismph/datapoismphpar/poisauth_mph_3ea21b8b.csv,5,80,208,0,authentic,0.9788601398468018,0.005925795994699001,0.0044393716380000114,0.01077469252049923
poison/poismph/datapoismphpar/poisauth_mph_3ea21b8b.csv,6,96,224,0,authentic,0.9449028968811035,0.0341702364385128,0.008662237785756588,0.012264623306691647
poison/poismph/datapoismphpar/poisauth_mph_3ea230f5.csv,0,0,128,0,authentic,0.974368155002594,0.010293234139680862,0.008583585731685162,0.006755107548087835
poison/poismph/datapoismphpar/poisauth_mph_3ea230f5.csv,1,16,144,0,authentic,0.9335711598396301,0.027276460081338882,0.023173131048679352,0.015979159623384476
poison/poismph/datapoismphpar/poisauth_mph_3ea230f5.csv,2,32,160,0,authentic,0.9512845277786255,0.022960467264056206,0.013899050652980804,0.01185586303472519
poison/poismph/datapoismphpar/poisauth_mph_3ea230f5.csv,3,48,176,0,authentic,0.949333131313324,0.02542327158153057,0.014814767986536026,0.010428865440189838
poison/poismph/datapoismphpar/poisauth_mph_3ea230f5.csv,4,64,192,0,authentic,0.9285283088684082,0.027204250916838646,0.031140122562646866,0.013127237558364868
poison/poismph/datapoismphpar/poisauth_mph_3ea230f5.csv,5,80,208,0,authentic,0.6540049314498901,0.06137676164507866,0.12642112374305725,0.15819710493087769
poison/poismph/datapoismphpar/poisauth_mph_3ea230f5.csv,6,96,224,0,authentic,0.9732449650764465,0.008929344825446606,0.007786968722939491,0.010038699954748154
poison/poismph/datapoismphpar/poisauth_mph_3ea230f5.csv,7,112,240,0,authentic,0.9566787481307983,0.01960628665983677,0.012241329997777939,0.011473692022264004
poison/poismph/datapoismphpar/poisauth_mph_3ea230f5.csv,8,128,256,0,authentic,0.9888448715209961,0.0066592395305633545,0.0025232392363250256,0.001972654601559043
poison/poismph/datapoismphpar/poisauth_mph_3ea230f5.csv,9,144,272,0,authentic,0.9938294291496277,0.0018404765287414193,0.002291233278810978,0.0020388932898640633
poison/poismph/datapoismphpar/poisauth_mph_3ea230f5.csv,10,160,288,0,authentic,0.9936502575874329,0.0017403557430952787,0.002004614332690835,0.00260480516590178
poison/poismph/datapoismphpar/poisauth_mph_3ea230f5.csv,11,176,304,0,authentic,0.9961427450180054,0.0011762910289689898,0.0019094254821538925,0.0007714073872193694
poison/poismph/datapoismphpar/poisauth_mph_3ea230f5.csv,12,192,320,0,authentic,0.9948360919952393,0.0027902210131287575,0.0015245818067342043,0.0008491202024742961
poison/poismph/datapoismphpar/poisauth_mph_3ea230f5.csv,13,208,336,0,authentic,0.9923282265663147,0.0030714666936546564,0.0023052175529301167,0.0022950470447540283
poison/poismph/datapoismphpar/poisauth_mph_3ea230f5.csv,14,224,352,0,authentic,0.9972884654998779,0.0015266822883859277,0.0006701450329273939,0.0005146883195266128
poison/poismph/datapoismphpar/poisauth_mph_3ea262ed.csv,0,0,128,0,authentic,0.9629630446434021,0.018332011997699738,0.0124287074431777,0.00627620005980134
poison/poismph/datapoismphpar/poisauth_mph_3ea262ed.csv,1,16,144,0,authentic,0.9383619427680969,0.02968812920153141,0.019582176581025124,0.012367857620120049
poison/poismph/datapoismphpar/poisauth_mph_3ea262ed.csv,2,32,160,0,authentic,0.9393006563186646,0.025104191154241562,0.020867615938186646,0.014727461151778698
poison/poismph/datapoismphpar/poisauth_mph_3ea262ed.csv,3,48,176,0,authentic,0.9423708915710449,0.0284217968583107,0.017394592985510826,0.011812726967036724
poison/poismph/datapoismphpar/poisauth_mph_3ea262ed.csv,4,64,192,0,authentic,0.9524130821228027,0.023970037698745728,0.013690167106688023,0.00992670003324747
poison/poismph/datapoismphpar/poisauth_mph_3ea5338f.csv,0,0,128,0,authentic,0.9353613257408142,0.01697627454996109,0.01628286764025688,0.03137954697012901
poison/poismph/datapoismphpar/poisauth_mph_3ea5338f.csv,1,16,144,0,authentic,0.8939692378044128,0.025359701365232468,0.025264833122491837,0.05540616065263748
poison/poismph/datapoismphpar/poisauth_mph_3ea5338f.csv,2,32,160,0,authentic,0.965594470500946,0.006324918009340763,0.00578329898416996,0.02229720912873745
poison/poismph/datapoismphpar/poisauth_mph_3ea5338f.csv,3,48,176,0,authentic,0.9598861336708069,0.00944297295063734,0.00950267817825079,0.021168256178498268
poison/poismph/datapoismphpar/poisauth_mph_3ea5338f.csv,4,64,192,0,authentic,0.951257586479187,0.012217830866575241,0.014458147808909416,0.02206648327410221
poison/poismph/datapoismphpar/poisauth_mph_3ea5338f.csv,5,80,208,0,authentic,0.9357999563217163,0.019446734338998795,0.017676379531621933,0.02707691863179207
poison/poismph/datapoismphpar/poisauth_mph_3ea57789.csv,0,0,128,0,authentic,0.9310533404350281,0.02478071302175522,0.020822105929255486,0.023343846201896667
poison/poismph/datapoismphpar/poisauth_mph_3ea57789.csv,1,16,144,0,authentic,0.9128494262695312,0.027438905090093613,0.029561376199126244,0.030150281265378
poison/poismph/datapoismphpar/poisauth_mph_3ea57789.csv,2,32,160,0,authentic,0.9605881571769714,0.012520404532551765,0.011692029424011707,0.015199371613562107
poison/poismph/datapoismphpar/poisauth_mph_3ea57789.csv,3,48,176,0,authentic,0.959235429763794,0.01461976021528244,0.0114238066598773,0.01472098845988512
poison/poismph/datapoismphpar/poisauth_mph_3ea57789.csv,4,64,192,0,authentic,0.9798959493637085,0.0073182363994419575,0.004847765900194645,0.007938118651509285
poison/poismph/datapoismphpar/poisauth_mph_3ea59d67.csv,0,0,128,0,authentic,0.9423983693122864,0.017592092975974083,0.019478997215628624,0.020530594512820244
poison/poismph/datapoismphpar/poisauth_mph_3ea59d67.csv,1,16,144,0,authentic,0.9567761421203613,0.015684258192777634,0.012644334696233273,0.01489527802914381
poison/poismph/datapoismphpar/poisauth_mph_3ea59d67.csv,2,32,160,0,authentic,0.9542552828788757,0.018399585038423538,0.010422920808196068,0.01692217029631138
poison/poismph/datapoismphpar/poisauth_mph_3ea59d67.csv,3,48,176,0,authentic,0.9488998651504517,0.020070085301995277,0.012137539684772491,0.01889243721961975
poison/poismph/datapoismphpar/poisauth_mph_3ea59d67.csv,4,64,192,0,authentic,0.9380300641059875,0.029003379866480827,0.014752415008842945,0.01821409910917282
poison/poismph/datapoismphpar/poisauth_mph_3ea867d9.csv,0,0,128,0,authentic,0.9806446433067322,0.01020021177828312,0.004925956949591637,0.004229249432682991
poison/poismph/datapoismphpar/poisauth_mph_3ea867d9.csv,1,16,144,0,authentic,0.9345425963401794,0.03236989304423332,0.013303635641932487,0.019783897325396538
poison/poismph/datapoismphpar/poisauth_mph_3ea867d9.csv,2,32,160,0,authentic,0.9372482299804688,0.03028765879571438,0.01203486043959856,0.02042921632528305
poison/poismph/datapoismphpar/poisauth_mph_3ea867d9.csv,3,48,176,0,authentic,0.94609534740448,0.024613874033093452,0.012064877897500992,0.01722593791782856
poison/poismph/datapoismphpar/poisauth_mph_3ea867d9.csv,4,64,192,0,authentic,0.9324751496315002,0.03534577786922455,0.010034755803644657,0.022144366055727005
poison/poismph/datapoismphpar/poisauth_mph_3ea867d9.csv,5,80,208,0,authentic,0.9595847725868225,0.013194416649639606,0.008598011918365955,0.018622875213623047
poison/poismph/datapoismphpar/poisauth_mph_3ea867d9.csv,6,96,224,0,authentic,0.8133280873298645,0.14703628420829773,0.02301918715238571,0.016616391018033028
poison/poismph/datapoismphpar/poisauth_mph_3ea867d9.csv,7,112,240,0,authentic,0.9628258943557739,0.009935502894222736,0.010159347206354141,0.017079293727874756
poison/poismph/datapoismphpar/poisauth_mph_3ea867d9.csv,8,128,256,0,authentic,0.9600021243095398,0.012677225284278393,0.00937694776803255,0.017943669110536575
poison/poismph/datapoismphpar/poisauth_mph_3ea867d9.csv,9,144,272,0,authentic,0.9629377722740173,0.011046785861253738,0.009737321175634861,0.016278082504868507
poison/poismph/datapoismphpar/poisauth_mph_3ea867d9.csv,10,160,288,0,authentic,0.8830087780952454,0.03499188274145126,0.039837516844272614,0.04216179996728897
poison/poismph/datapoismphpar/poisauth_mph_3ea867d9.csv,11,176,304,0,authentic,0.917887270450592,0.05342680960893631,0.015963591635227203,0.012722272425889969
poison/poismph/datapoismphpar/poisauth_mph_3ea867d9.csv,12,192,320,1,modified_altitude,0.17112161219120026,0.8184934258460999,0.009061615914106369,0.0013233821373432875
poison/poismph/datapoismphpar/poisauth_mph_3ea867d9.csv,13,208,336,0,authentic,0.5548276901245117,0.4297301769256592,0.013654214330017567,0.0017878724029287696
poison/poismph/datapoismphpar/poisauth_mph_3ea867d9.csv,14,224,352,0,authentic,0.9807258248329163,0.00930810160934925,0.004777561407536268,0.005188432522118092
poison/poismph/datapoismphpar/poisauth_mph_3eac32b0.csv,0,0,128,0,authentic,0.9872242212295532,0.006137441843748093,0.004322405438870192,0.0023159494157880545
poison/poismph/datapoismphpar/poisauth_mph_3eac32b0.csv,1,16,144,0,authentic,0.9810062050819397,0.009738636203110218,0.00674250116571784,0.0025126561522483826
poison/poismph/datapoismphpar/poisauth_mph_3eac32b0.csv,2,32,160,0,authentic,0.9451064467430115,0.022243641316890717,0.02402973733842373,0.008620092645287514
poison/poismph/datapoismphpar/poisauth_mph_3eac32b0.csv,3,48,176,0,authentic,0.9799664616584778,0.007351006381213665,0.007819055579602718,0.004863523878157139
poison/poismph/datapoismphpar/poisauth_mph_3eac32b0.csv,4,64,192,0,authentic,0.9774253964424133,0.008765344507992268,0.008001437410712242,0.005807809066027403
poison/poismph/datapoismphpar/poisauth_mph_3eac32b0.csv,5,80,208,0,authentic,0.9336759448051453,0.019036512821912766,0.0270607341080904,0.02022678777575493
poison/poismph/datapoismphpar/poisauth_mph_3eac32b0.csv,6,96,224,0,authentic,0.9659839272499084,0.009090594947338104,0.009585844352841377,0.015339684672653675
poison/poismph/datapoismphpar/poisauth_mph_3eac32b0.csv,7,112,240,0,authentic,0.9235221147537231,0.020808447152376175,0.029869168996810913,0.025800257921218872
poison/poismph/datapoismphpar/poisauth_mph_3eac32b0.csv,8,128,256,0,authentic,0.9457870125770569,0.01413797214627266,0.02017804980278015,0.019896993413567543
poison/poismph/datapoismphpar/poisauth_mph_3eac32b0.csv,9,144,272,0,authentic,0.7673599720001221,0.0880584567785263,0.10020031780004501,0.04438130557537079
poison/poismph/datapoismphpar/poisauth_mph_3eac32b0.csv,10,160,288,0,authentic,0.9447796940803528,0.017583880573511124,0.017974374815821648,0.019662000238895416
poison/poismph/datapoismphpar/poisauth_mph_3eac72f8.csv,0,0,128,0,authentic,0.9455858469009399,0.015257451683282852,0.02182430773973465,0.01733233593404293
poison/poismph/datapoismphpar/poisauth_mph_3eac72f8.csv,1,16,144,0,authentic,0.9623715281486511,0.012772630900144577,0.013494589366018772,0.011361286044120789
poison/poismph/datapoismphpar/poisauth_mph_3eac72f8.csv,2,32,160,0,authentic,0.9471849203109741,0.01724485494196415,0.022847291082143784,0.012722861021757126
poison/poismph/datapoismphpar/poisauth_mph_3eac72f8.csv,3,48,176,0,authentic,0.9756987690925598,0.007302452344447374,0.009316030889749527,0.007682823576033115
poison/poismph/datapoismphpar/poisauth_mph_3eac72f8.csv,4,64,192,0,authentic,0.9790660738945007,0.007572128903120756,0.005993827246129513,0.007367887068539858
poison/poismph/datapoismphpar/poisauth_mph_3eaca993.csv,0,0,128,0,authentic,0.9633105397224426,0.0067031122744083405,0.019720302894711494,0.010265981778502464
poison/poismph/datapoismphpar/poisauth_mph_3eaca993.csv,1,16,144,0,authentic,0.9696391224861145,0.010584444738924503,0.012823347933590412,0.006953115575015545
poison/poismph/datapoismphpar/poisauth_mph_3eaca993.csv,2,32,160,0,authentic,0.9675285220146179,0.011172800324857235,0.012576738372445107,0.00872188899666071
poison/poismph/datapoismphpar/poisauth_mph_3eaca993.csv,3,48,176,0,authentic,0.9705407023429871,0.012422587722539902,0.009687014855444431,0.007349755149334669
poison/poismph/datapoismphpar/poisauth_mph_3eaca993.csv,4,64,192,0,authentic,0.8706990480422974,0.06925390660762787,0.0438777394592762,0.016169263049960136
poison/poismph/datapoismphpar/poisauth_mph_3eaca993.csv,5,80,208,0,authentic,0.9408470392227173,0.032122619450092316,0.014250818639993668,0.01277952454984188
poison/poismph/datapoismphpar/poisauth_mph_3eaca993.csv,6,96,224,0,authentic,0.9038336873054504,0.03903448209166527,0.0279148630797863,0.029216911643743515
poison/poismph/datapoismphpar/poisauth_mph_3eb0a8e3.csv,0,0,128,0,authentic,0.970039427280426,0.010980152525007725,0.01415029726922512,0.004830159246921539
poison/poismph/datapoismphpar/poisauth_mph_3eb0a8e3.csv,1,16,144,0,authentic,0.9866565465927124,0.004783303011208773,0.006115743890404701,0.0024444633163511753
poison/poismph/datapoismphpar/poisauth_mph_3eb0a8e3.csv,2,32,160,0,authentic,0.9666392803192139,0.013271505944430828,0.01316872239112854,0.0069204214960336685
poison/poismph/datapoismphpar/poisauth_mph_3eb0a8e3.csv,3,48,176,0,authentic,0.9768730998039246,0.008765188977122307,0.007558702956885099,0.006803004536777735
poison/poismph/datapoismphpar/poisauth_mph_3eb0a8e3.csv,4,64,192,0,authentic,0.9622599482536316,0.014150160364806652,0.01312609389424324,0.010463711805641651
poison/poismph/datapoismphpar/poisauth_mph_3eb0e146.csv,0,0,128,0,authentic,0.9874085783958435,0.005866801366209984,0.003743918379768729,0.0029807232785969973
poison/poismph/datapoismphpar/poisauth_mph_3eb0e146.csv,1,16,144,0,authentic,0.9800888299942017,0.00762787414714694,0.005405538249760866,0.0068777999840676785
poison/poismph/datapoismphpar/poisauth_mph_3eb0e146.csv,2,32,160,0,authentic,0.9711562991142273,0.009938931092619896,0.009510064497590065,0.00939477514475584
poison/poismph/datapoismphpar/poisauth_mph_3eb0e146.csv,3,48,176,0,authentic,0.9720448851585388,0.013209487311542034,0.007740621455013752,0.007005083374679089
poison/poismph/datapoismphpar/poisauth_mph_3eb0e146.csv,4,64,192,0,authentic,0.9232549667358398,0.04068712145090103,0.02261831797659397,0.013439558446407318
poison/poismph/datapoismphpar/poisauth_mph_3eb0e146.csv,5,80,208,0,authentic,0.953511118888855,0.014848667196929455,0.020103609189391136,0.01153662707656622
poison/poismph/datapoismphpar/poisauth_mph_3eb0e146.csv,6,96,224,0,authentic,0.954042911529541,0.013591991737484932,0.016968656331300735,0.015396421775221825
poison/poismph/datapoismphpar/poisauth_mph_3eb0e146.csv,7,112,240,0,authentic,0.9844503998756409,0.004885429982095957,0.004279996734112501,0.006384195294231176
poison/poismph/datapoismphpar/poisauth_mph_3eb0e146.csv,8,128,256,0,authentic,0.9939151406288147,0.003063531592488289,0.0016592699103057384,0.001362012350000441
poison/poismph/datapoismphpar/poisauth_mph_3eb0e146.csv,9,144,272,0,authentic,0.993607759475708,0.0033698435872793198,0.001633884385228157,0.0013884837972000241
poison/poismph/datapoismphpar/poisauth_mph_3eb3f86a.csv,0,0,128,0,authentic,0.9706833958625793,0.014688259921967983,0.007307095918804407,0.007321332581341267
poison/poismph/datapoismphpar/poisauth_mph_3eb3f86a.csv,1,16,144,0,authentic,0.8942086696624756,0.054617609828710556,0.021529803052544594,0.029643939808011055
poison/poismph/datapoismphpar/poisauth_mph_3eb3f86a.csv,2,32,160,0,authentic,0.942723274230957,0.03252236172556877,0.00954763125628233,0.015206673182547092
poison/poismph/datapoismphpar/poisauth_mph_3eb3f86a.csv,3,48,176,0,authentic,0.952286422252655,0.03093702159821987,0.007285855244845152,0.009490542113780975
poison/poismph/datapoismphpar/poisauth_mph_3eb3f86a.csv,4,64,192,2,modified_speed,0.21840685606002808,0.15121521055698395,0.6271078586578369,0.003270099638029933
poison/poismph/datapoismphpar/poisauth_mph_3eb46d81.csv,0,0,128,0,authentic,0.9423682689666748,0.02610212191939354,0.014781965874135494,0.01674770936369896
poison/poismph/datapoismphpar/poisauth_mph_3eb46d81.csv,1,16,144,0,authentic,0.9742723703384399,0.010801643133163452,0.005538286175578833,0.009387579746544361
poison/poismph/datapoismphpar/poisauth_mph_3eb46d81.csv,2,32,160,0,authentic,0.9788903594017029,0.008578715845942497,0.003489928087219596,0.009041033685207367
poison/poismph/datapoismphpar/poisauth_mph_3eb85606.csv,0,0,128,0,authentic,0.9637125730514526,0.009528620168566704,0.023148396983742714,0.0036103876773267984
poison/poismph/datapoismphpar/poisauth_mph_3eb85606.csv,1,16,144,0,authentic,0.980390191078186,0.005027535371482372,0.012871582992374897,0.0017106159357354045
poison/poismph/datapoismphpar/poisauth_mph_3eb85606.csv,2,32,160,0,authentic,0.9748424291610718,0.008976412937045097,0.014666532166302204,0.001514604315161705
poison/poismph/datapoismphpar/poisauth_mph_3eb85606.csv,3,48,176,0,authentic,0.9506569504737854,0.01577744632959366,0.028048425912857056,0.005517222918570042
poison/poismph/datapoismphpar/poisauth_mph_3eb85606.csv,4,64,192,0,authentic,0.9267396330833435,0.028425101190805435,0.03806488588452339,0.0067703635431826115
poison/poismph/datapoismphpar/poisauth_mph_3eb85606.csv,5,80,208,0,authentic,0.8319891691207886,0.05616781488060951,0.09871453046798706,0.013128499500453472
poison/poismph/datapoismphpar/poisauth_mph_3ebc2471.csv,0,0,128,0,authentic,0.9835491180419922,0.003958874847739935,0.005780908744782209,0.006711086258292198
poison/poismph/datapoismphpar/poisauth_mph_3ebc2471.csv,1,16,144,0,authentic,0.9761962890625,0.007706038188189268,0.00791863352060318,0.008179033175110817
poison/poismph/datapoismphpar/poisauth_mph_3ebc2471.csv,2,32,160,0,authentic,0.9471138119697571,0.013774577528238297,0.015075607225298882,0.02403596229851246
poison/poismph/datapoismphpar/poisauth_mph_3ebc2471.csv,3,48,176,0,authentic,0.9427024126052856,0.01701948419213295,0.01611442305147648,0.024163786321878433
poison/poismph/datapoismphpar/poisauth_mph_3ebc2471.csv,4,64,192,0,authentic,0.9319320321083069,0.016059162095189095,0.022475749254226685,0.029533110558986664
poison/poismph/datapoismphpar/poisauth_mph_3ebc2471.csv,5,80,208,0,authentic,0.9491941928863525,0.01423256378620863,0.01413448341190815,0.022438710555434227
poison/poismph/datapoismphpar/poisauth_mph_3ebc2471.csv,6,96,224,0,authentic,0.8637080788612366,0.044554490596055984,0.04253813996911049,0.04919929802417755
poison/poismph/datapoismphpar/poisauth_mph_3ebc2471.csv,7,112,240,0,authentic,0.9776162505149841,0.005502120591700077,0.010052323341369629,0.0068293469958007336
poison/poismph/datapoismphpar/poisauth_mph_3ebc2471.csv,8,128,256,0,authentic,0.9948616623878479,0.0016437689773738384,0.0018050282960757613,0.0016895130975171924
poison/poismph/datapoismphpar/poisauth_mph_3ebf64ae.csv,0,0,128,0,authentic,0.9691172242164612,0.012519481591880322,0.008634805679321289,0.009728442877531052
poison/poismph/datapoismphpar/poisauth_mph_3ebf64ae.csv,1,16,144,0,authentic,0.9602541923522949,0.01517343707382679,0.010524625889956951,0.014047791250050068
poison/poismph/datapoismphpar/poisauth_mph_3ebf64ae.csv,2,32,160,0,authentic,0.9752575755119324,0.010980665683746338,0.005855204071849585,0.007906618528068066
poison/poismph/datapoismphpar/poisauth_mph_3ebf64ae.csv,3,48,176,0,authentic,0.9791611433029175,0.00954400934278965,0.0050145164132118225,0.006280250381678343
poison/poismph/datapoismphpar/poisauth_mph_3ebfcb91.csv,0,0,128,0,authentic,0.8856423497200012,0.01969798095524311,0.04036249220371246,0.054297108203172684
poison/poismph/datapoismphpar/poisauth_mph_3ebfcb91.csv,1,16,144,0,authentic,0.877790629863739,0.025050275027751923,0.04255203157663345,0.054607003927230835
poison/poismph/datapoismphpar/poisauth_mph_3ebfcb91.csv,2,32,160,0,authentic,0.9415507316589355,0.012901274487376213,0.017722588032484055,0.027825364843010902
poison/poismph/datapoismphpar/poisauth_mph_3ebff749.csv,0,0,128,0,authentic,0.9653467535972595,0.008642623201012611,0.01390760950744152,0.012103086337447166
poison/poismph/datapoismphpar/poisauth_mph_3ebff749.csv,1,16,144,0,authentic,0.9875688552856445,0.0034358687698841095,0.00480139022693038,0.0041938903741538525
poison/poismph/datapoismphpar/poisauth_mph_3ebff749.csv,2,32,160,0,authentic,0.9864282011985779,0.0034699677489697933,0.005299393553286791,0.004802394192665815
poison/poismph/datapoismphpar/poisauth_mph_3ebff749.csv,3,48,176,0,authentic,0.959360659122467,0.010803861543536186,0.014004108496010303,0.015831338241696358
poison/poismph/datapoismphpar/poisauth_mph_3ebff749.csv,4,64,192,0,authentic,0.9657630324363708,0.008066732436418533,0.010632200166583061,0.015537980943918228
poison/poismph/datapoismphpar/poisauth_mph_3ebff749.csv,5,80,208,0,authentic,0.9630548357963562,0.007894792594015598,0.012708262540400028,0.016342120245099068
poison/poismph/datapoismphpar/poisauth_mph_3ebff749.csv,6,96,224,0,authentic,0.9374358057975769,0.015624086372554302,0.021041525527834892,0.025898462161421776
poison/poismph/datapoismphpar/poisauth_mph_3ebff749.csv,7,112,240,0,authentic,0.796292781829834,0.08354586362838745,0.06988079845905304,0.05028052255511284
poison/poismph/datapoismphpar/poisauth_mph_3ebff749.csv,8,128,256,0,authentic,0.9700608253479004,0.008851185441017151,0.010368626564741135,0.010719290003180504
poison/poismph/datapoismphpar/poisauth_mph_3ec33d32.csv,0,0,128,0,authentic,0.9302330613136292,0.02203195169568062,0.026924271136522293,0.020810652524232864
poison/poismph/datapoismphpar/poisauth_mph_3ec33d32.csv,1,16,144,0,authentic,0.913916289806366,0.029717694967985153,0.03408278524875641,0.022283310070633888
poison/poismph/datapoismphpar/poisauth_mph_3ec33d32.csv,2,32,160,0,authentic,0.9184888005256653,0.02645806409418583,0.03345459699630737,0.021598463878035545
poison/poismph/datapoismphpar/poisauth_mph_3ec33d32.csv,3,48,176,0,authentic,0.9473827481269836,0.02596869133412838,0.01372526865452528,0.012923253700137138
poison/poismph/datapoismphpar/poisauth_mph_3eca8b3b.csv,0,0,128,0,authentic,0.988984227180481,0.003933843690901995,0.0031326415482908487,0.003949221223592758
poison/poismph/datapoismphpar/poisauth_mph_3eca8b3b.csv,1,16,144,0,authentic,0.9473802447319031,0.014141369611024857,0.013019964098930359,0.025458453223109245
poison/poismph/datapoismphpar/poisauth_mph_3eca8b3b.csv,2,32,160,0,authentic,0.972848653793335,0.007476944010704756,0.005411243997514248,0.014263167977333069
poison/poismph/datapoismphpar/poisauth_mph_3eca8b3b.csv,3,48,176,0,authentic,0.9731261134147644,0.007113030645996332,0.005928116384893656,0.01383278239518404
poison/poismph/datapoismphpar/poisauth_mph_3eca8b3b.csv,4,64,192,0,authentic,0.9577816724777222,0.011172821745276451,0.008784514851868153,0.0222609993070364
poison/poismph/datapoismphpar/poisauth_mph_3eca8b3b.csv,5,80,208,0,authentic,0.982999861240387,0.005501111038029194,0.0036343501415103674,0.007864635437726974
poison/poismph/datapoismphpar/poisauth_mph_3ece97cb.csv,0,0,128,0,authentic,0.9787094593048096,0.009006164968013763,0.0070446147583425045,0.00523972325026989
poison/poismph/datapoismphpar/poisauth_mph_3ece97cb.csv,1,16,144,0,authentic,0.9882713556289673,0.004703795537352562,0.004346637986600399,0.0026781668420881033
poison/poismph/datapoismphpar/poisauth_mph_3ece97cb.csv,2,32,160,0,authentic,0.9826568365097046,0.006381339859217405,0.006010803394019604,0.0049511040560901165
poison/poismph/datapoismphpar/poisauth_mph_3ece97cb.csv,3,48,176,0,authentic,0.9710156917572021,0.010160030797123909,0.009715440683066845,0.009108851663768291
poison/poismph/datapoismphpar/poisauth_mph_3ece97cb.csv,4,64,192,0,authentic,0.9697147011756897,0.010107126086950302,0.010028600692749023,0.010149582289159298
poison/poismph/datapoismphpar/poisauth_mph_3ece97cb.csv,5,80,208,0,authentic,0.9732121825218201,0.008611165918409824,0.007247398607432842,0.01092926412820816
poison/poismph/datapoismphpar/poisauth_mph_3ece97cb.csv,6,96,224,0,authentic,0.9461263418197632,0.030836328864097595,0.013143676333129406,0.009893697686493397
poison/poismph/datapoismphpar/poisauth_mph_3ed74cd0.csv,0,0,128,0,authentic,0.9874389171600342,0.0031224151607602835,0.002609619637951255,0.0068290578201413155
poison/poismph/datapoismphpar/poisauth_mph_3ed74cd0.csv,1,16,144,0,authentic,0.9805709719657898,0.00445781834423542,0.0033302197698503733,0.011640931479632854
poison/poismph/datapoismphpar/poisauth_mph_3ed74cd0.csv,2,32,160,0,authentic,0.9900393486022949,0.002529450226575136,0.0018786838045343757,0.005552613642066717
poison/poismph/datapoismphpar/poisauth_mph_3ed74cd0.csv,3,48,176,0,authentic,0.9753202795982361,0.005579750053584576,0.004557228647172451,0.014542737975716591
poison/poismph/datapoismphpar/poisauth_mph_3ed74cd0.csv,4,64,192,0,authentic,0.98583984375,0.003282098565250635,0.0022373057436197996,0.008640645071864128
poison/poismph/datapoismphpar/poisauth_mph_3ed74cd0.csv,5,80,208,0,authentic,0.9684768915176392,0.004635107237845659,0.0031525129452347755,0.0237354077398777
poison/poismph/datapoismphpar/poisauth_mph_3edaa4e3.csv,0,0,128,0,authentic,0.9814093112945557,0.007510229479521513,0.004377600271254778,0.006702791899442673
poison/poismph/datapoismphpar/poisauth_mph_3edaa4e3.csv,1,16,144,0,authentic,0.9813573360443115,0.0079685989767313,0.004485343582928181,0.0061887940391898155
poison/poismph/datapoismphpar/poisauth_mph_3edaa4e3.csv,2,32,160,0,authentic,0.9661164879798889,0.015522944740951061,0.007942640222609043,0.010417860932648182
poison/poismph/datapoismphpar/poisauth_mph_3edaa4e3.csv,3,48,176,0,authentic,0.9667102694511414,0.013254361227154732,0.007817533798515797,0.01221785694360733
poison/poismph/datapoismphpar/poisauth_mph_3edaa4e3.csv,4,64,192,0,authentic,0.9670024514198303,0.013891197741031647,0.007831650786101818,0.011274727992713451
poison/poismph/datapoismphpar/poisauth_mph_3edaa4e3.csv,5,80,208,0,authentic,0.9555183053016663,0.015662571415305138,0.0147424740716815,0.014076647348701954
poison/poismph/datapoismphpar/poisauth_mph_3edaa4e3.csv,6,96,224,0,authentic,0.9810940027236938,0.007293510250747204,0.005873963236808777,0.005738543812185526
poison/poismph/datapoismphpar/poisauth_mph_3edb145f.csv,0,0,128,0,authentic,0.8312419652938843,0.059607986360788345,0.06250231713056564,0.04664778336882591
poison/poismph/datapoismphpar/poisauth_mph_3edb145f.csv,1,16,144,0,authentic,0.8924897909164429,0.04064170643687248,0.03923404589295387,0.02763446792960167
poison/poismph/datapoismphpar/poisauth_mph_3edb145f.csv,2,32,160,0,authentic,0.9346555471420288,0.025235729292035103,0.020997054874897003,0.019111646339297295
poison/poismph/datapoismphpar/poisauth_mph_3edb145f.csv,3,48,176,0,authentic,0.9392926692962646,0.020174892619252205,0.015496554784476757,0.02503584325313568
poison/poismph/datapoismphpar/poisauth_mph_3edb145f.csv,4,64,192,0,authentic,0.9297393560409546,0.023317493498325348,0.026505187153816223,0.020437920466065407
poison/poismph/datapoismphpar/poisauth_mph_3edebc1c.csv,0,0,128,0,authentic,0.9483949542045593,0.01810944266617298,0.018304113298654556,0.015191439539194107
poison/poismph/datapoismphpar/poisauth_mph_3edebc1c.csv,1,16,144,0,authentic,0.9721753001213074,0.010033754631876945,0.008478540927171707,0.009312450885772705
poison/poismph/datapoismphpar/poisauth_mph_3edebc1c.csv,2,32,160,0,authentic,0.9758819937705994,0.012348133139312267,0.005770932883024216,0.005998778156936169
poison/poismph/datapoismphpar/poisauth_mph_3edebc1c.csv,3,48,176,0,authentic,0.9819737076759338,0.006158730480819941,0.005069068167358637,0.006798436865210533
poison/poismph/datapoismphpar/poisauth_mph_3edebc1c.csv,4,64,192,0,authentic,0.9698225259780884,0.00986581388860941,0.009243200533092022,0.011068413034081459
poison/poismph/datapoismphpar/poisauth_mph_3eeab179.csv,0,0,128,0,authentic,0.9775357246398926,0.010306261479854584,0.006870680022984743,0.005287331063300371
poison/poismph/datapoismphpar/poisauth_mph_3eeab179.csv,1,16,144,0,authentic,0.9718307852745056,0.012572646141052246,0.008182269521057606,0.007414269261062145
poison/poismph/datapoismphpar/poisauth_mph_3eeab179.csv,2,32,160,0,authentic,0.950528621673584,0.018132658675312996,0.012730357237160206,0.01860838197171688
poison/poismph/datapoismphpar/poisauth_mph_3eeab179.csv,3,48,176,0,authentic,0.9406388998031616,0.023334849625825882,0.016045641154050827,0.019980600103735924
poison/poismph/datapoismphpar/poisauth_mph_3eeab179.csv,4,64,192,0,authentic,0.9153293371200562,0.022205904126167297,0.02310478314757347,0.039359912276268005
poison/poismph/datapoismphpar/poisauth_mph_3eeab179.csv,5,80,208,0,authentic,0.9559611678123474,0.012450930662453175,0.015801649540662766,0.015786239877343178
poison/poismph/datapoismphpar/poisauth_mph_3eeab179.csv,6,96,224,0,authentic,0.9651731848716736,0.015646977350115776,0.012293623760342598,0.006886147428303957
poison/poismph/datapoismphpar/poisauth_mph_3eeb5bac.csv,0,0,128,0,authentic,0.9580421447753906,0.017024144530296326,0.014070574194192886,0.01086315419524908
poison/poismph/datapoismphpar/poisauth_mph_3eeb5bac.csv,1,16,144,0,authentic,0.9539890885353088,0.018947578966617584,0.01570429466664791,0.011358888819813728
poison/poismph/datapoismphpar/poisauth_mph_3eeb5bac.csv,2,32,160,0,authentic,0.9580848217010498,0.0182164516299963,0.012597030028700829,0.011101694777607918
poison/poismph/datapoismphpar/poisauth_mph_3eeb5bac.csv,3,48,176,0,authentic,0.9721073508262634,0.013280278071761131,0.007836619392037392,0.0067757354117929935
poison/poismph/datapoismphpar/poisauth_mph_3eeeaa2c.csv,0,0,128,0,authentic,0.9599965810775757,0.009436212480068207,0.012906498275697231,0.01766064204275608
poison/poismph/datapoismphpar/poisauth_mph_3eeeaa2c.csv,1,16,144,0,authentic,0.918083131313324,0.019333237782120705,0.028540877625346184,0.03404274210333824
poison/poismph/datapoismphpar/poisauth_mph_3eeeaa2c.csv,2,32,160,0,authentic,0.9417631030082703,0.0087962681427598,0.013492976315319538,0.03594767674803734
poison/poismph/datapoismphpar/poisauth_mph_3eeeaa2c.csv,3,48,176,0,authentic,0.9545111656188965,0.008345815353095531,0.012318399734795094,0.024824630469083786
poison/poismph/datapoismphpar/poisauth_mph_3eeeaa2c.csv,4,64,192,0,authentic,0.9084067940711975,0.05271429568529129,0.015930935740470886,0.02294793352484703
poison/poismph/datapoismphpar/poisauth_mph_3eeeaa2c.csv,5,80,208,0,authentic,0.9054965376853943,0.05215688422322273,0.013530785217881203,0.028815779834985733
poison/poismph/datapoismphpar/poisauth_mph_3eeeaa2c.csv,6,96,224,0,authentic,0.9825769066810608,0.009089594706892967,0.005152386613190174,0.0031811255030333996
poison/poismph/datapoismphpar/poisauth_mph_3eef2fac.csv,0,0,128,0,authentic,0.9913209676742554,0.004351701121777296,0.0023577113170176744,0.0019697705283761024
poison/poismph/datapoismphpar/poisauth_mph_3eef2fac.csv,1,16,144,0,authentic,0.9738754034042358,0.010572003200650215,0.006996055133640766,0.008556661196053028
poison/poismph/datapoismphpar/poisauth_mph_3eef2fac.csv,2,32,160,0,authentic,0.9521446228027344,0.02311909943819046,0.011907541193068027,0.012828798033297062
poison/poismph/datapoismphpar/poisauth_mph_3eef2fac.csv,3,48,176,0,authentic,0.9081447720527649,0.06002742424607277,0.018528908491134644,0.013298843055963516
poison/poismph/datapoismphpar/poisauth_mph_3eef2fac.csv,4,64,192,0,authentic,0.9449698328971863,0.038521818816661835,0.00883125513792038,0.007677042856812477
poison/poismph/datapoismphpar/poisauth_mph_3eef2fac.csv,5,80,208,0,authentic,0.9665200114250183,0.015356360003352165,0.010757828131318092,0.007365743163973093
poison/poismph/datapoismphpar/poisauth_mph_3eef42f2.csv,0,0,128,0,authentic,0.9854333996772766,0.004736683797091246,0.004821796901524067,0.005008148495107889
poison/poismph/datapoismphpar/poisauth_mph_3eef42f2.csv,1,16,144,0,authentic,0.969057559967041,0.008417651057243347,0.01078384555876255,0.011740898713469505
poison/poismph/datapoismphpar/poisauth_mph_3eef42f2.csv,2,32,160,0,authentic,0.9565528631210327,0.010528676211833954,0.014459172263741493,0.018459193408489227
poison/poismph/datapoismphpar/poisauth_mph_3eef42f2.csv,3,48,176,0,authentic,0.9773985743522644,0.005585511215031147,0.0075709340162575245,0.009445076808333397
poison/poismph/datapoismphpar/poisauth_mph_3eef42f2.csv,4,64,192,0,authentic,0.9843533635139465,0.002950997557491064,0.0050823581404984,0.0076132891699671745
poison/poismph/datapoismphpar/poisauth_mph_3ef36878.csv,0,0,128,0,authentic,0.9775629043579102,0.009493948891758919,0.006376574747264385,0.006566605530679226
poison/poismph/datapoismphpar/poisauth_mph_3ef36878.csv,1,16,144,0,authentic,0.969944953918457,0.008130896836519241,0.007280340418219566,0.014643823727965355
poison/poismph/datapoismphpar/poisauth_mph_3ef36878.csv,2,32,160,0,authentic,0.9677415490150452,0.007976485416293144,0.008113629184663296,0.01616825722157955
poison/poismph/datapoismphpar/poisauth_mph_3ef36878.csv,3,48,176,0,authentic,0.9582032561302185,0.012946628965437412,0.010512413457036018,0.0183375496417284
poison/poismph/datapoismphpar/poisauth_mph_3ef36878.csv,4,64,192,0,authentic,0.9626036882400513,0.013333695940673351,0.007862369529902935,0.01620025560259819
poison/poismph/datapoismphpar/poisauth_mph_3ef36878.csv,5,80,208,0,authentic,0.975692868232727,0.0067837717942893505,0.0047216531820595264,0.012801777571439743
poison/poismph/datapoismphpar/poisauth_mph_3ef36878.csv,6,96,224,0,authentic,0.9576502442359924,0.020391862839460373,0.007992428727447987,0.013965442776679993
poison/poismph/datapoismphpar/poisauth_mph_3ef68363.csv,0,0,128,0,authentic,0.98123699426651,0.005880332086235285,0.005413538310676813,0.007469158619642258
poison/poismph/datapoismphpar/poisauth_mph_3ef68363.csv,1,16,144,0,authentic,0.9556073546409607,0.01212711539119482,0.013395115733146667,0.01887047290802002
poison/poismph/datapoismphpar/poisauth_mph_3ef68363.csv,2,32,160,0,authentic,0.984748899936676,0.004126774147152901,0.003360743634402752,0.007763613015413284
poison/poismph/datapoismphpar/poisauth_mph_3ef68363.csv,3,48,176,0,authentic,0.9867814183235168,0.0033739679493010044,0.0032470289152115583,0.006597557105123997
poison/poismph/datapoismphpar/poisauth_mph_3ef68363.csv,4,64,192,0,authentic,0.985939621925354,0.00462429691106081,0.0034963209182024,0.005939722526818514
poison/poismph/datapoismphpar/poisauth_mph_3ef6adc6.csv,0,0,128,0,authentic,0.9400638341903687,0.025118442252278328,0.01423739455640316,0.020580332726240158
poison/poismph/datapoismphpar/poisauth_mph_3ef6adc6.csv,1,16,144,0,authentic,0.9503543972969055,0.018812382593750954,0.010729791596531868,0.02010342851281166
poison/poismph/datapoismphpar/poisauth_mph_3ef6adc6.csv,2,32,160,0,authentic,0.9606453776359558,0.016397153958678246,0.008334793150424957,0.014622760005295277
poison/poismph/datapoismphpar/poisauth_mph_3ef6d1cd.csv,0,0,128,0,authentic,0.9782273173332214,0.011797596700489521,0.004971902351826429,0.005003240425139666
poison/poismph/datapoismphpar/poisauth_mph_3ef6d1cd.csv,1,16,144,0,authentic,0.9901415109634399,0.005512546747922897,0.0022061860654503107,0.002139698015525937
poison/poismph/datapoismphpar/poisauth_mph_3ef6d1cd.csv,2,32,160,0,authentic,0.9708147048950195,0.014145578257739544,0.006842902395874262,0.008196843788027763
poison/poismph/datapoismphpar/poisauth_mph_3ef6d1cd.csv,3,48,176,0,authentic,0.9714064598083496,0.01397030707448721,0.00697876513004303,0.007644398603588343
poison/poismph/datapoismphpar/poisauth_mph_3ef6d1cd.csv,4,64,192,0,authentic,0.9714383482933044,0.012858535163104534,0.005330983083695173,0.010372063145041466
poison/poismph/datapoismphpar/poisauth_mph_3ef6d1cd.csv,5,80,208,0,authentic,0.9615573287010193,0.01735895313322544,0.014637666754424572,0.006446073297411203
poison/poismph/datapoismphpar/poisauth_mph_3ef6d1cd.csv,6,96,224,0,authentic,0.974366307258606,0.011471050791442394,0.008202251978218555,0.005960403475910425
poison/poismph/datapoismphpar/poisauth_mph_3ef6f483.csv,0,0,128,0,authentic,0.9963961243629456,0.0009420023416168988,0.0011330129345878959,0.0015288107097148895
poison/poismph/datapoismphpar/poisauth_mph_3ef6f483.csv,1,16,144,0,authentic,0.9907059669494629,0.002671124180778861,0.00251111201941967,0.004111826419830322
poison/poismph/datapoismphpar/poisauth_mph_3ef6f483.csv,2,32,160,0,authentic,0.9941902756690979,0.0016237434465438128,0.0014744624495506287,0.002711377339437604
poison/poismph/datapoismphpar/poisauth_mph_3ef6f483.csv,3,48,176,0,authentic,0.9909798502922058,0.0022274444345384836,0.002234427025541663,0.004558269865810871
poison/poismph/datapoismphpar/poisauth_mph_3ef6f483.csv,4,64,192,0,authentic,0.9811718463897705,0.004077288322150707,0.0048396652564406395,0.009911284781992435
poison/poismph/datapoismphpar/poisauth_mph_3ef6f483.csv,5,80,208,0,authentic,0.9893029928207397,0.0022350698709487915,0.0022413015831261873,0.006220621056854725
poison/poismph/datapoismphpar/poisauth_mph_3ef6f483.csv,6,96,224,0,authentic,0.9935384392738342,0.0013825673377141356,0.0012143257772549987,0.003864692058414221
poison/poismph/datapoismphpar/poisauth_mph_3efabce5.csv,0,0,128,0,authentic,0.9852098822593689,0.0051007685251533985,0.0054668253287673,0.004222485702484846
poison/poismph/datapoismphpar/poisauth_mph_3efabce5.csv,1,16,144,0,authentic,0.9846737384796143,0.00558331748470664,0.006021732930094004,0.003721175016835332
poison/poismph/datapoismphpar/poisauth_mph_3efabce5.csv,2,32,160,0,authentic,0.9823492169380188,0.008033964782953262,0.006063169799745083,0.0035535739734768867
poison/poismph/datapoismphpar/poisauth_mph_3efabce5.csv,3,48,176,0,authentic,0.9742767810821533,0.010610830970108509,0.007892108522355556,0.007220254745334387
poison/poismph/datapoismphpar/poisauth_mph_3efabce5.csv,4,64,192,0,authentic,0.9612442255020142,0.013868269510567188,0.012198352254927158,0.012689203955233097
poison/poismph/datapoismphpar/poisauth_mph_3efabce5.csv,5,80,208,0,authentic,0.9342455863952637,0.025279490277171135,0.018884511664509773,0.021590424701571465
poison/poismph/datapoismphpar/poisauth_mph_3efe4dcd.csv,0,0,128,0,authentic,0.9856234788894653,0.0059496075846254826,0.002966927597299218,0.005460015963762999
poison/poismph/datapoismphpar/poisauth_mph_3efe4dcd.csv,1,16,144,0,authentic,0.974607527256012,0.008519294671714306,0.0038449710700660944,0.01302817091345787
poison/poismph/datapoismphpar/poisauth_mph_3efe4dcd.csv,2,32,160,0,authentic,0.9812924265861511,0.006159116514027119,0.0032288224902004004,0.009319654665887356
poison/poismph/datapoismphpar/poisauth_mph_3efe4dcd.csv,3,48,176,0,authentic,0.9879252910614014,0.0034762651193886995,0.0020794838201254606,0.006519007496535778
poison/poismph/datapoismphpar/poisauth_mph_3efe4dcd.csv,4,64,192,0,authentic,0.9865986108779907,0.005419181194156408,0.0022431036923080683,0.005739049054682255
poison/poismph/datapoismphpar/poisauth_mph_3efe5fe4.csv,0,0,128,0,authentic,0.988728940486908,0.005578476469963789,0.0024276135955005884,0.0032650092616677284
poison/poismph/datapoismphpar/poisauth_mph_3efe5fe4.csv,1,16,144,0,authentic,0.99447101354599,0.0024825227446854115,0.001304732053540647,0.0017416073242202401
poison/poismph/datapoismphpar/poisauth_mph_3efe5fe4.csv,2,32,160,0,authentic,0.993212103843689,0.003221420105546713,0.0015717879869043827,0.001994711346924305
poison/poismph/datapoismphpar/poisauth_mph_3efe5fe4.csv,3,48,176,0,authentic,0.978532612323761,0.006880455184727907,0.00622324226424098,0.00836368091404438
poison/poismph/datapoismphpar/poisauth_mph_3efe5fe4.csv,4,64,192,0,authentic,0.9765014052391052,0.008315988816320896,0.0065178703516721725,0.008664706721901894
poison/poismph/datapoismphpar/poisauth_mph_3efe5fe4.csv,5,80,208,0,authentic,0.9661869406700134,0.009336113929748535,0.008233939297497272,0.01624295487999916
poison/poismph/datapoismphpar/poisauth_mph_3efe5fe4.csv,6,96,224,0,authentic,0.9827523827552795,0.005468296352773905,0.004220131319016218,0.007559311576187611
poison/poismph/datapoismphpar/poisauth_mph_3efe7d81.csv,0,0,128,0,authentic,0.9845598340034485,0.006991195026785135,0.00419272156432271,0.0042563253082334995
poison/poismph/datapoismphpar/poisauth_mph_3efe7d81.csv,1,16,144,0,authentic,0.9673904776573181,0.011235230602324009,0.006851864978671074,0.014522340148687363
poison/poismph/datapoismphpar/poisauth_mph_3efe7d81.csv,2,32,160,0,authentic,0.9835630655288696,0.0056477743200957775,0.0025337047409266233,0.008255413733422756
poison/poismph/datapoismphpar/poisauth_mph_3efe7d81.csv,3,48,176,0,authentic,0.9763280749320984,0.007715050131082535,0.004154014401137829,0.011802775785326958
poison/poismph/datapoismphpar/poisauth_mph_3efe7d81.csv,4,64,192,0,authentic,0.9887025356292725,0.0037252032198011875,0.0023504088167101145,0.0052219051867723465
poison/poismph/datapoismphpar/poisauth_mph_3efe7d81.csv,5,80,208,0,authentic,0.9825566411018372,0.0060077086091041565,0.003807241329923272,0.007628430612385273
poison/poismph/datapoismphpar/poisauth_mph_3efea136.csv,0,0,128,0,authentic,0.9907000660896301,0.0035980422981083393,0.0023542095441371202,0.003347662976011634
poison/poismph/datapoismphpar/poisauth_mph_3efea136.csv,1,16,144,0,authentic,0.9730724096298218,0.008889780379831791,0.006325076799839735,0.011712647043168545
poison/poismph/datapoismphpar/poisauth_mph_3efea136.csv,2,32,160,0,authentic,0.9678040742874146,0.010390663519501686,0.006884718779474497,0.014920413494110107
poison/poismph/datapoismphpar/poisauth_mph_3efea136.csv,3,48,176,0,authentic,0.9502464532852173,0.024930421262979507,0.009294829331338406,0.015528443269431591
poison/poismph/datapoismphpar/poisauth_mph_3efea136.csv,4,64,192,0,authentic,0.9366461038589478,0.04336801916360855,0.006863519083708525,0.013122356496751308
poison/poismph/datapoismphpar/poisauth_mph_3efea136.csv,5,80,208,0,authentic,0.8660736083984375,0.01710052229464054,0.008059692569077015,0.10876618325710297
poison/poismph/datapoismphpar/poisauth_mph_3efea136.csv,6,96,224,0,authentic,0.8758521676063538,0.060810305178165436,0.042829934507608414,0.020507629960775375
poison/poismph/datapoismphpar/poisauth_mph_3f0239cf.csv,0,0,128,0,authentic,0.9225199818611145,0.024328133091330528,0.01969563402235508,0.03345627337694168
poison/poismph/datapoismphpar/poisauth_mph_3f0239cf.csv,1,16,144,0,authentic,0.9327037334442139,0.02103646844625473,0.015747783705592155,0.030512085184454918
poison/poismph/datapoismphpar/poisauth_mph_3f0239cf.csv,2,32,160,0,authentic,0.9403552412986755,0.01792697049677372,0.014141040854156017,0.027576709166169167
poison/poismph/datapoismphpar/poisauth_mph_3f0239cf.csv,3,48,176,0,authentic,0.9710598587989807,0.00754870381206274,0.005471457727253437,0.01592010259628296
poison/poismph/datapoismphpar/poisauth_mph_3f0239cf.csv,4,64,192,0,authentic,0.9705139398574829,0.008148828521370888,0.005503316409885883,0.015833944082260132
poison/poismph/datapoismphpar/poisauth_mph_3f0239cf.csv,5,80,208,0,authentic,0.9332378506660461,0.04385543614625931,0.013148581609129906,0.00975813064724207
poison/poismph/datapoismphpar/poisauth_mph_3f02444d.csv,0,0,128,0,authentic,0.9806092381477356,0.00633727852255106,0.0054027121514081955,0.00765076233074069
poison/poismph/datapoismphpar/poisauth_mph_3f02444d.csv,1,16,144,0,authentic,0.980133056640625,0.00699195358902216,0.005678000394254923,0.007196885067969561
poison/poismph/datapoismphpar/poisauth_mph_3f02444d.csv,2,32,160,0,authentic,0.9533613324165344,0.016206135973334312,0.010295020416378975,0.020137591287493706
poison/poismph/datapoismphpar/poisauth_mph_3f02444d.csv,3,48,176,0,authentic,0.9757578372955322,0.010019359178841114,0.005923174321651459,0.008299605920910835
poison/poismph/datapoismphpar/poisauth_mph_3f02444d.csv,4,64,192,0,authentic,0.9857079386711121,0.006020327564328909,0.002868165960535407,0.005403662566095591
poison/poismph/datapoismphpar/poisauth_mph_3f02444d.csv,5,80,208,0,authentic,0.9873623847961426,0.00419992720708251,0.003162453416734934,0.00527531374245882
poison/poismph/datapoismphpar/poisauth_mph_3f061c0f.csv,0,0,128,0,authentic,0.8968896269798279,0.03155568987131119,0.038758307695388794,0.03279634937644005
poison/poismph/datapoismphpar/poisauth_mph_3f061c0f.csv,1,16,144,0,authentic,0.9233636856079102,0.025255801156163216,0.03230522572994232,0.0190751813352108
poison/poismph/datapoismphpar/poisauth_mph_3f061c0f.csv,2,32,160,0,authentic,0.9106050133705139,0.03254223242402077,0.034817419946193695,0.02203533798456192
poison/poismph/datapoismphpar/poisauth_mph_3f061c0f.csv,3,48,176,0,authentic,0.959209680557251,0.015608713030815125,0.015525050461292267,0.009656610898673534
poison/poismph/datapoismphpar/poisauth_mph_3f061c0f.csv,4,64,192,0,authentic,0.9586118459701538,0.016125014051795006,0.014118673279881477,0.011144413612782955
poison/poismph/datapoismphpar/poisauth_mph_3f06490c.csv,0,0,128,0,authentic,0.9851713180541992,0.005852974951267242,0.00480365427210927,0.004172209650278091
poison/poismph/datapoismphpar/poisauth_mph_3f06490c.csv,1,16,144,0,authentic,0.9886201024055481,0.0043740952387452126,0.00430560577660799,0.002700095996260643
poison/poismph/datapoismphpar/poisauth_mph_3f06490c.csv,2,32,160,0,authentic,0.9686752557754517,0.010506786406040192,0.012825172394514084,0.007992840372025967
poison/poismph/datapoismphpar/poisauth_mph_3f06490c.csv,3,48,176,0,authentic,0.9810345768928528,0.006876156199723482,0.00625196285545826,0.005837390664964914
poison/poismph/datapoismphpar/poisauth_mph_3f06490c.csv,4,64,192,0,authentic,0.987966001033783,0.003602443030104041,0.003114143619313836,0.005317311733961105
poison/poismph/datapoismphpar/poisauth_mph_3f067464.csv,0,0,128,0,authentic,0.983795702457428,0.005716830957680941,0.005208725109696388,0.005278763361275196
poison/poismph/datapoismphpar/poisauth_mph_3f067464.csv,1,16,144,0,authentic,0.9695006608963013,0.01177122350782156,0.008170493878424168,0.010557635687291622
poison/poismph/datapoismphpar/poisauth_mph_3f067464.csv,2,32,160,0,authentic,0.9653782248497009,0.012684466317296028,0.010334140621125698,0.011603114195168018
poison/poismph/datapoismphpar/poisauth_mph_3f067464.csv,3,48,176,0,authentic,0.9808799028396606,0.006807568017393351,0.004678518511354923,0.007633958477526903
poison/poismph/datapoismphpar/poisauth_mph_3f067464.csv,4,64,192,0,authentic,0.9857180118560791,0.005306156352162361,0.0036990572698414326,0.005276761949062347
poison/poismph/datapoismphpar/poisauth_mph_3f067464.csv,5,80,208,0,authentic,0.9843927621841431,0.0058821821585297585,0.003663171548396349,0.006061897613108158
poison/poismph/datapoismphpar/poisauth_mph_3f09cfd8.csv,0,0,128,0,authentic,0.9910969138145447,0.0027485399041324854,0.0025230813771486282,0.003631414845585823
poison/poismph/datapoismphpar/poisauth_mph_3f09cfd8.csv,1,16,144,0,authentic,0.9874610304832458,0.0038164870347827673,0.0033290102146565914,0.005393426399677992
poison/poismph/datapoismphpar/poisauth_mph_3f09cfd8.csv,2,32,160,0,authentic,0.9604079723358154,0.008923325687646866,0.010179650969803333,0.020489122718572617
poison/poismph/datapoismphpar/poisauth_mph_3f09cfd8.csv,3,48,176,0,authentic,0.970035970211029,0.007134746760129929,0.007256872020661831,0.01557245198637247
poison/poismph/datapoismphpar/poisauth_mph_3f09cfd8.csv,4,64,192,0,authentic,0.9759714007377625,0.005845020525157452,0.007091900333762169,0.011091599240899086
poison/poismph/datapoismphpar/poisauth_mph_3f09cfd8.csv,5,80,208,0,authentic,0.9837808609008789,0.004201129078865051,0.004685877822339535,0.007332064211368561
poison/poismph/datapoismphpar/poisauth_mph_3f09cfd8.csv,6,96,224,0,authentic,0.9710379242897034,0.006104680709540844,0.009193804115056992,0.013663681223988533
poison/poismph/datapoismphpar/poisauth_mph_3f0a1418.csv,0,0,128,0,authentic,0.9853050112724304,0.005521852057427168,0.0034341050777584314,0.005739080253988504
poison/poismph/datapoismphpar/poisauth_mph_3f0a1418.csv,1,16,144,0,authentic,0.9897052049636841,0.0031002024188637733,0.002414603717625141,0.004779919516295195
poison/poismph/datapoismphpar/poisauth_mph_3f0a1418.csv,2,32,160,0,authentic,0.9778528213500977,0.005756323225796223,0.005019135773181915,0.01137177087366581
poison/poismph/datapoismphpar/poisauth_mph_3f0a1418.csv,3,48,176,0,authentic,0.9793260097503662,0.004885206930339336,0.004722158424556255,0.011066652834415436
poison/poismph/datapoismphpar/poisauth_mph_3f0a1418.csv,4,64,192,0,authentic,0.9639013409614563,0.01109728217124939,0.008563963696360588,0.01643734611570835
poison/poismph/datapoismphpar/poisauth_mph_3f0a1418.csv,5,80,208,0,authentic,0.9700465202331543,0.012048954144120216,0.008342544548213482,0.00956204254180193
poison/poismph/datapoismphpar/poisauth_mph_3f0a1418.csv,6,96,224,0,authentic,0.9693211317062378,0.011367029510438442,0.007040584459900856,0.0122712766751647
poison/poismph/datapoismphpar/poisauth_mph_3f11b99b.csv,0,0,128,0,authentic,0.903007447719574,0.0568523034453392,0.035535529255867004,0.004604722373187542
poison/poismph/datapoismphpar/poisauth_mph_3f11b99b.csv,1,16,144,0,authentic,0.9084879159927368,0.04271109029650688,0.03846599906682968,0.010334921069443226
poison/poismph/datapoismphpar/poisauth_mph_3f11b99b.csv,2,32,160,0,authentic,0.9772058725357056,0.010166998021304607,0.009426617994904518,0.00320053705945611
poison/poismph/datapoismphpar/poisauth_mph_3f11b99b.csv,3,48,176,0,authentic,0.9745177626609802,0.01381200086325407,0.009030281566083431,0.0026399786584079266
poison/poismph/datapoismphpar/poisauth_mph_3f11b99b.csv,4,64,192,0,authentic,0.912293553352356,0.04493757337331772,0.029417039826512337,0.013351872563362122
poison/poismph/datapoismphpar/poisauth_mph_3f11b99b.csv,5,80,208,0,authentic,0.6795560121536255,0.1841394603252411,0.12274521589279175,0.013559323735535145
poison/poismph/datapoismphpar/poisauth_mph_3f11b99b.csv,6,96,224,0,authentic,0.8374277353286743,0.08719535171985626,0.05277610570192337,0.022600829601287842
poison/poismph/datapoismphpar/poisauth_mph_3f11b99b.csv,7,112,240,0,authentic,0.7359730005264282,0.1457977145910263,0.09255252033472061,0.02567676268517971
poison/poismph/datapoismphpar/poisauth_mph_3f147d2b.csv,0,0,128,0,authentic,0.9680565595626831,0.009035234339535236,0.008756853640079498,0.014151294715702534
poison/poismph/datapoismphpar/poisauth_mph_3f147d2b.csv,1,16,144,0,authentic,0.9672063589096069,0.009614084847271442,0.008459753356873989,0.014719751663506031
poison/poismph/datapoismphpar/poisauth_mph_3f147d2b.csv,2,32,160,0,authentic,0.9671136736869812,0.013003701344132423,0.009006824344396591,0.010875807143747807
poison/poismph/datapoismphpar/poisauth_mph_3f147d2b.csv,3,48,176,0,authentic,0.9727692604064941,0.011795330792665482,0.0063976868987083435,0.009037671610713005
poison/poismph/datapoismphpar/poisauth_mph_3f147d2b.csv,4,64,192,0,authentic,0.9617224931716919,0.014444442465901375,0.010625042021274567,0.013208081014454365
poison/poismph/datapoismphpar/poisauth_mph_3f14d941.csv,0,0,128,0,authentic,0.9824987649917603,0.005281544290482998,0.006992359645664692,0.005227339919656515
poison/poismph/datapoismphpar/poisauth_mph_3f14d941.csv,1,16,144,0,authentic,0.9564037322998047,0.010217222385108471,0.016366248950362206,0.01701291836798191
poison/poismph/datapoismphpar/poisauth_mph_3f14d941.csv,2,32,160,0,authentic,0.9737939238548279,0.005742672365158796,0.008952428586781025,0.011511131189763546
poison/poismph/datapoismphpar/poisauth_mph_3f14d941.csv,3,48,176,0,authentic,0.9792541265487671,0.004688651766628027,0.007262773811817169,0.008794416673481464
poison/poismph/datapoismphpar/poisauth_mph_3f14d941.csv,4,64,192,0,authentic,0.9726585149765015,0.006194479763507843,0.011346690356731415,0.009800286963582039
poison/poismph/datapoismphpar/poisauth_mph_3f18df2b.csv,0,0,128,0,authentic,0.9153014421463013,0.02591445855796337,0.022418268024921417,0.036365848034620285
poison/poismph/datapoismphpar/poisauth_mph_3f18df2b.csv,1,16,144,0,authentic,0.9567570686340332,0.012522262521088123,0.010373848490417004,0.020346777513623238
poison/poismph/datapoismphpar/poisauth_mph_3f18df2b.csv,2,32,160,0,authentic,0.9527948498725891,0.017994685098528862,0.01102184597402811,0.018188612535595894
poison/poismph/datapoismphpar/poisauth_mph_3f18df2b.csv,3,48,176,0,authentic,0.9673358798027039,0.010333438403904438,0.008516212925314903,0.01381444837898016
poison/poismph/datapoismphpar/poisauth_mph_3f18df2b.csv,4,64,192,0,authentic,0.9803882837295532,0.00631932495161891,0.005532681476324797,0.007759659551084042
poison/poismph/datapoismphpar/poisauth_mph_3f1908f0.csv,0,0,128,0,authentic,0.9905492067337036,0.003428321797400713,0.002564824651926756,0.003457637969404459
poison/poismph/datapoismphpar/poisauth_mph_3f1908f0.csv,1,16,144,0,authentic,0.9832136631011963,0.004441621247678995,0.003884150180965662,0.008460539393126965
poison/poismph/datapoismphpar/poisauth_mph_3f1908f0.csv,2,32,160,0,authentic,0.9785860776901245,0.005475462414324284,0.00510417902842164,0.010834237560629845
poison/poismph/datapoismphpar/poisauth_mph_3f1908f0.csv,3,48,176,0,authentic,0.9761102199554443,0.0054417201317846775,0.007408676203340292,0.011039342731237411
poison/poismph/datapoismphpar/poisauth_mph_3f1908f0.csv,4,64,192,0,authentic,0.9813512563705444,0.004125714767724276,0.005290181841701269,0.009232860989868641
poison/poismph/datapoismphpar/poisauth_mph_3f1908f0.csv,5,80,208,0,authentic,0.9842790961265564,0.0044745649211108685,0.004101335071027279,0.0071450346149504185
poison/poismph/datapoismphpar/poisauth_mph_3f192ee1.csv,0,0,128,0,authentic,0.9806798100471497,0.006031944882124662,0.005287772510200739,0.008000442758202553
poison/poismph/datapoismphpar/poisauth_mph_3f192ee1.csv,1,16,144,0,authentic,0.9807227253913879,0.005336267873644829,0.004539311397820711,0.009401639923453331
poison/poismph/datapoismphpar/poisauth_mph_3f192ee1.csv,2,32,160,0,authentic,0.9868285655975342,0.0040858774445950985,0.0030620358884334564,0.006023572292178869
poison/poismph/datapoismphpar/poisauth_mph_3f192ee1.csv,3,48,176,0,authentic,0.9918245673179626,0.001596671063452959,0.0018231122521683574,0.004755654837936163
poison/poismph/datapoismphpar/poisauth_mph_3f1d4c27.csv,0,0,128,0,authentic,0.9883509874343872,0.0030919592827558517,0.0037220288068056107,0.004835040308535099
poison/poismph/datapoismphpar/poisauth_mph_3f1d4c27.csv,1,16,144,0,authentic,0.9813360571861267,0.005172453820705414,0.00538077624514699,0.008110666647553444
poison/poismph/datapoismphpar/poisauth_mph_3f1d4c27.csv,2,32,160,0,authentic,0.9809433221817017,0.006438565906137228,0.005158398300409317,0.007459616754204035
poison/poismph/datapoismphpar/poisauth_mph_3f1d4c27.csv,3,48,176,0,authentic,0.9761548638343811,0.008691101334989071,0.005122337024658918,0.010031736455857754
poison/poismph/datapoismphpar/poisauth_mph_3f1d787f.csv,0,0,128,0,authentic,0.9846377372741699,0.007149728015065193,0.004341871477663517,0.003870550775900483
poison/poismph/datapoismphpar/poisauth_mph_3f1d787f.csv,1,16,144,0,authentic,0.9797050356864929,0.008631049655377865,0.005351406056433916,0.006312485318630934
poison/poismph/datapoismphpar/poisauth_mph_3f1d787f.csv,2,32,160,0,authentic,0.9512943625450134,0.019609998911619186,0.012607758864760399,0.016487807035446167
poison/poismph/datapoismphpar/poisauth_mph_3f1d787f.csv,3,48,176,0,authentic,0.9691614508628845,0.011263331398367882,0.006894854363054037,0.01268039271235466
poison/poismph/datapoismphpar/poisauth_mph_3f1d787f.csv,4,64,192,0,authentic,0.9703322649002075,0.010208060033619404,0.006347992457449436,0.013111570850014687
poison/poismph/datapoismphpar/poisauth_mph_3f1dc2f5.csv,0,0,128,0,authentic,0.9692619442939758,0.012673033401370049,0.011541822925209999,0.006523253861814737
poison/poismph/datapoismphpar/poisauth_mph_3f1dc2f5.csv,1,16,144,0,authentic,0.9613335132598877,0.020192835479974747,0.011002130806446075,0.007471430581063032
poison/poismph/datapoismphpar/poisauth_mph_3f1dc2f5.csv,2,32,160,0,authentic,0.9018160104751587,0.04135943576693535,0.031253114342689514,0.02557140402495861
poison/poismph/datapoismphpar/poisauth_mph_3f1dc2f5.csv,3,48,176,0,authentic,0.9422467947006226,0.02614106796681881,0.01458898838609457,0.017023170366883278
poison/poismph/datapoismphpar/poisauth_mph_3f1dc2f5.csv,4,64,192,0,authentic,0.9492406845092773,0.02167535200715065,0.011902296915650368,0.017181668430566788
poison/poismph/datapoismphpar/poisauth_mph_3f1dc2f5.csv,5,80,208,0,authentic,0.9426268935203552,0.02137726917862892,0.016683589667081833,0.019312148913741112
poison/poismph/datapoismphpar/poisauth_mph_3f1dc2f5.csv,6,96,224,0,authentic,0.8730233907699585,0.045247387140989304,0.041245270520448685,0.04048391059041023
poison/poismph/datapoismphpar/poisauth_mph_3f1dc2f5.csv,7,112,240,0,authentic,0.9666603803634644,0.008935224264860153,0.012919427827000618,0.011484970338642597
poison/poismph/datapoismphpar/poisauth_mph_3f1dc2f5.csv,8,128,256,0,authentic,0.9860855937004089,0.0037863824982196093,0.0034890472888946533,0.006638954393565655
poison/poismph/datapoismphpar/poisauth_mph_3f1dc2f5.csv,9,144,272,0,authentic,0.9824854135513306,0.005806096829473972,0.0037486013025045395,0.007959899492561817
poison/poismph/datapoismphpar/poisauth_mph_3f1dc2f5.csv,10,160,288,0,authentic,0.9905166029930115,0.0027315556071698666,0.0029672281816601753,0.003784598084166646
poison/poismph/datapoismphpar/poisauth_mph_3f1dc2f5.csv,11,176,304,0,authentic,0.9886666536331177,0.0025413502007722855,0.003970280755311251,0.004821757320314646
poison/poismph/datapoismphpar/poisauth_mph_3f1dc2f5.csv,12,192,320,0,authentic,0.9925941824913025,0.002874799771234393,0.002773724962025881,0.001757359248585999
poison/poismph/datapoismphpar/poisauth_mph_3f1dc2f5.csv,13,208,336,0,authentic,0.9936455488204956,0.002922898158431053,0.0020427422132343054,0.0013887889217585325
poison/poismph/datapoismphpar/poisauth_mph_3f1dc2f5.csv,14,224,352,0,authentic,0.982914388179779,0.005111744627356529,0.004249118268489838,0.007724760100245476
poison/poismph/datapoismphpar/poisauth_mph_3f1dcdbf.csv,0,0,128,0,authentic,0.9838823676109314,0.00811447948217392,0.005084760952740908,0.0029183721635490656
poison/poismph/datapoismphpar/poisauth_mph_3f1dcdbf.csv,1,16,144,0,authentic,0.9723203778266907,0.013803942129015923,0.008768338710069656,0.005107427015900612
poison/poismph/datapoismphpar/poisauth_mph_3f1dcdbf.csv,2,32,160,0,authentic,0.9427885413169861,0.025405991822481155,0.018993474543094635,0.012812027707695961
poison/poismph/datapoismphpar/poisauth_mph_3f1dcdbf.csv,3,48,176,0,authentic,0.9650056958198547,0.015180214308202267,0.010136181488633156,0.009677880443632603
poison/poismph/datapoismphpar/poisauth_mph_3f1dcdbf.csv,4,64,192,0,authentic,0.9657300114631653,0.015872975811362267,0.008695325814187527,0.009701691567897797
poison/poismph/datapoismphpar/poisauth_mph_3f1dcdbf.csv,5,80,208,0,authentic,0.9363996982574463,0.04294801503419876,0.011097508482635021,0.009554724209010601
poison/poismph/datapoismphpar/poisauth_mph_3f1dcdbf.csv,6,96,224,0,authentic,0.8939644694328308,0.05267144739627838,0.039355549961328506,0.014008603058755398
poison/poismph/datapoismphpar/poisauth_mph_3f1dcdbf.csv,7,112,240,0,authentic,0.9776579737663269,0.008037570863962173,0.009096362628042698,0.005208157002925873
poison/poismph/datapoismphpar/poisauth_mph_3f21e566.csv,0,0,128,0,authentic,0.9775111079216003,0.012699376791715622,0.0055709038861095905,0.004218669608235359
poison/poismph/datapoismphpar/poisauth_mph_3f21e566.csv,1,16,144,0,authentic,0.9224157333374023,0.03836396336555481,0.020179428160190582,0.019040970131754875
poison/poismph/datapoismphpar/poisauth_mph_3f21e566.csv,2,32,160,0,authentic,0.898887038230896,0.05126554146409035,0.03163066506385803,0.018216745927929878
poison/poismph/datapoismphpar/poisauth_mph_3f21e566.csv,3,48,176,0,authentic,0.9501988887786865,0.024562392383813858,0.013485576026141644,0.011753084138035774
poison/poismph/datapoismphpar/poisauth_mph_3f21e566.csv,4,64,192,0,authentic,0.9738478064537048,0.013278741389513016,0.007577902637422085,0.005295637529343367
poison/poismph/datapoismphpar/poisauth_mph_3f21e566.csv,5,80,208,0,authentic,0.933890700340271,0.011506973765790462,0.03845809027552605,0.016144203022122383
poison/poismph/datapoismphpar/poisauth_mph_3f21e566.csv,6,96,224,0,authentic,0.9528641104698181,0.009791014716029167,0.011685432866215706,0.025659387931227684
poison/poismph/datapoismphpar/poisauth_mph_3f221fe2.csv,0,0,128,0,authentic,0.9463747143745422,0.0169841181486845,0.018937373533844948,0.01770380139350891
poison/poismph/datapoismphpar/poisauth_mph_3f221fe2.csv,1,16,144,0,authentic,0.9794794917106628,0.008119635283946991,0.0056367916986346245,0.0067641823552548885
poison/poismph/datapoismphpar/poisauth_mph_3f221fe2.csv,2,32,160,0,authentic,0.9825615882873535,0.0072648669593036175,0.003934603650122881,0.006238894537091255
poison/poismph/datapoismphpar/poisauth_mph_3f2601d9.csv,0,0,128,0,authentic,0.9843912720680237,0.004906478803604841,0.0035039065405726433,0.007198392879217863
poison/poismph/datapoismphpar/poisauth_mph_3f2601d9.csv,1,16,144,0,authentic,0.9820156693458557,0.004940682556480169,0.004487692844122648,0.008555964566767216
poison/poismph/datapoismphpar/poisauth_mph_3f2601d9.csv,2,32,160,0,authentic,0.9670546054840088,0.008720972575247288,0.007836475037038326,0.01638789474964142
poison/poismph/datapoismphpar/poisauth_mph_3f2601d9.csv,3,48,176,0,authentic,0.9637671709060669,0.011341546662151814,0.008191406726837158,0.01669982634484768
poison/poismph/datapoismphpar/poisauth_mph_3f2601d9.csv,4,64,192,0,authentic,0.9742932319641113,0.008074983023107052,0.004973939154297113,0.012657921761274338
poison/poismph/datapoismphpar/poisauth_mph_3f2601d9.csv,5,80,208,0,authentic,0.981105625629425,0.005594010930508375,0.004346195608377457,0.008954173885285854
poison/poismph/datapoismphpar/poisauth_mph_3f2601d9.csv,6,96,224,0,authentic,0.9782232642173767,0.009036729112267494,0.005602480378001928,0.0071374764665961266
poison/poismph/datapoismphpar/poisauth_mph_3f26b37b.csv,0,0,128,0,authentic,0.9876607656478882,0.0037238269578665495,0.0034016144927591085,0.0052137793973088264
poison/poismph/datapoismphpar/poisauth_mph_3f26b37b.csv,1,16,144,0,authentic,0.967969536781311,0.007795251905918121,0.008709702640771866,0.015525546856224537
poison/poismph/datapoismphpar/poisauth_mph_3f26b37b.csv,2,32,160,0,authentic,0.9661738872528076,0.007143106777220964,0.008237413130700588,0.018445484340190887
poison/poismph/datapoismphpar/poisauth_mph_3f26b37b.csv,3,48,176,0,authentic,0.9781726002693176,0.004660940263420343,0.005242467857897282,0.011923952959477901
poison/poismph/datapoismphpar/poisauth_mph_3f26b37b.csv,4,64,192,0,authentic,0.9831675887107849,0.003766590030863881,0.004444415215402842,0.008621489629149437
poison/poismph/datapoismphpar/poisauth_mph_3f26dfa5.csv,0,0,128,0,authentic,0.9957845211029053,0.0012733543990179896,0.0010324514005333185,0.0019096673931926489
poison/poismph/datapoismphpar/poisauth_mph_3f26dfa5.csv,1,16,144,0,authentic,0.9759196639060974,0.006266487296670675,0.005935814697295427,0.011878034099936485
poison/poismph/datapoismphpar/poisauth_mph_3f26dfa5.csv,2,32,160,0,authentic,0.9629179239273071,0.011390786617994308,0.009339161217212677,0.016352113336324692
poison/poismph/datapoismphpar/poisauth_mph_3f26dfa5.csv,3,48,176,0,authentic,0.9797134399414062,0.005416428204625845,0.00404980406165123,0.010820399038493633
poison/poismph/datapoismphpar/poisauth_mph_3f26dfa5.csv,4,64,192,0,authentic,0.9718315601348877,0.00711585721001029,0.006596084218472242,0.014456487260758877
poison/poismph/datapoismphpar/poisauth_mph_3f26dfa5.csv,5,80,208,0,authentic,0.981381893157959,0.005728254560381174,0.004303791560232639,0.008586065843701363
poison/poismph/datapoismphpar/poisauth_mph_3f26dfa5.csv,6,96,224,0,authentic,0.9592784643173218,0.012591386213898659,0.00934839528053999,0.018781814724206924
poison/poismph/datapoismphpar/poisauth_mph_3f2ac3b2.csv,0,0,128,0,authentic,0.9690144658088684,0.013522584922611713,0.008750109001994133,0.008712874725461006
poison/poismph/datapoismphpar/poisauth_mph_3f2ac3b2.csv,1,16,144,0,authentic,0.9411554336547852,0.017416059970855713,0.019399279728531837,0.022029245272278786
poison/poismph/datapoismphpar/poisauth_mph_3f2ac3b2.csv,2,32,160,0,authentic,0.9815313220024109,0.005718487314879894,0.004962942562997341,0.007787221111357212
poison/poismph/datapoismphpar/poisauth_mph_3f2ac3b2.csv,3,48,176,0,authentic,0.9726330637931824,0.01273688767105341,0.005767420865595341,0.008862603455781937
poison/poismph/datapoismphpar/poisauth_mph_3f2b37cf.csv,0,0,128,0,authentic,0.9849910736083984,0.007006501313298941,0.003224080428481102,0.004778397269546986
poison/poismph/datapoismphpar/poisauth_mph_3f2b37cf.csv,1,16,144,0,authentic,0.9462097883224487,0.028353068977594376,0.008276957087218761,0.017160167917609215
poison/poismph/datapoismphpar/poisauth_mph_3f2b37cf.csv,2,32,160,0,authentic,0.9728059768676758,0.013596420176327229,0.003632563166320324,0.009965062141418457
poison/poismph/datapoismphpar/poisauth_mph_3f2b37cf.csv,3,48,176,0,authentic,0.9725726246833801,0.012012291699647903,0.004268699325621128,0.01114641036838293
poison/poismph/datapoismphpar/poisauth_mph_3f2b37cf.csv,4,64,192,0,authentic,0.979769229888916,0.003575047943741083,0.00392477260902524,0.0127308564260602
poison/poismph/datapoismphpar/poisauth_mph_3f2b37cf.csv,5,80,208,0,authentic,0.972221851348877,0.0068251085467636585,0.005273803602904081,0.01567930169403553
poison/poismph/datapoismphpar/poisauth_mph_3f2e7614.csv,0,0,128,0,authentic,0.9552363157272339,0.009880046360194683,0.012770874425768852,0.02211267314851284
poison/poismph/datapoismphpar/poisauth_mph_3f2e7614.csv,1,16,144,0,authentic,0.9048929214477539,0.022606967017054558,0.02141926810145378,0.051080796867609024
poison/poismph/datapoismphpar/poisauth_mph_3f2e7614.csv,2,32,160,0,authentic,0.9675518870353699,0.007027137093245983,0.0050507159903645515,0.020370228216052055
poison/poismph/datapoismphpar/poisauth_mph_3f2e7614.csv,3,48,176,0,authentic,0.9634771943092346,0.008882546797394753,0.008706781081855297,0.018933400511741638
poison/poismph/datapoismphpar/poisauth_mph_3f2e7614.csv,4,64,192,0,authentic,0.9723315834999084,0.005058213137090206,0.007767044007778168,0.014843113720417023
poison/poismph/datapoismphpar/poisauth_mph_3f2e7614.csv,5,80,208,0,authentic,0.9710634350776672,0.008118201978504658,0.006270738784223795,0.014547619968652725
poison/poismph/datapoismphpar/poisauth_mph_3f2e8f41.csv,0,0,128,0,authentic,0.9365013241767883,0.030836470425128937,0.022131670266389847,0.010530541650950909
poison/poismph/datapoismphpar/poisauth_mph_3f2e8f41.csv,1,16,144,0,authentic,0.9709833860397339,0.012671113945543766,0.010498077608644962,0.005847530905157328
poison/poismph/datapoismphpar/poisauth_mph_3f2e8f41.csv,2,32,160,0,authentic,0.9577881097793579,0.02045065350830555,0.01317546609789133,0.008585778065025806
poison/poismph/datapoismphpar/poisauth_mph_3f2e8f41.csv,3,48,176,0,authentic,0.9588178396224976,0.01907244697213173,0.014510586857795715,0.007599136792123318
poison/poismph/datapoismphpar/poisauth_mph_3f2e8f41.csv,4,64,192,0,authentic,0.9109028577804565,0.058498315513134,0.021573007106781006,0.0090257553383708
poison/poismph/datapoismphpar/poisauth_mph_3f325ccc.csv,0,0,128,0,authentic,0.964888334274292,0.015951797366142273,0.01022570114582777,0.008934078738093376
poison/poismph/datapoismphpar/poisauth_mph_3f325ccc.csv,1,16,144,0,authentic,0.9610748291015625,0.012276067398488522,0.011673696339130402,0.014975406229496002
poison/poismph/datapoismphpar/poisauth_mph_3f325ccc.csv,2,32,160,0,authentic,0.9903522729873657,0.0026337418239563704,0.002107738982886076,0.004906202666461468
poison/poismph/datapoismphpar/poisauth_mph_3f325ccc.csv,3,48,176,0,authentic,0.9872437119483948,0.0037745703011751175,0.00335640087723732,0.005625300575047731
poison/poismph/datapoismphpar/poisauth_mph_3f325ccc.csv,4,64,192,0,authentic,0.9906381368637085,0.002822236157953739,0.0025890565011650324,0.003950602374970913
poison/poismph/datapoismphpar/poisauth_mph_3f35c134.csv,0,0,128,0,authentic,0.9921661615371704,0.0028943403158336878,0.0017887463327497244,0.003150755539536476
poison/poismph/datapoismphpar/poisauth_mph_3f35c134.csv,1,16,144,0,authentic,0.9875935316085815,0.004757910501211882,0.002507328987121582,0.005141300614923239
poison/poismph/datapoismphpar/poisauth_mph_3f35c134.csv,2,32,160,0,authentic,0.9785986542701721,0.006794074084609747,0.0038348722737282515,0.01077252347022295
poison/poismph/datapoismphpar/poisauth_mph_3f35c134.csv,3,48,176,0,authentic,0.9702902436256409,0.011863780207931995,0.006478472612798214,0.011367525905370712
poison/poismph/datapoismphpar/poisauth_mph_3f35c134.csv,4,64,192,0,authentic,0.988134503364563,0.0028264557477086782,0.0032212005462497473,0.005817771889269352
poison/poismph/datapoismphpar/poisauth_mph_3f35c134.csv,5,80,208,0,authentic,0.9724233150482178,0.008043651469051838,0.008153527975082397,0.011379393748939037
poison/poismph/datapoismphpar/poisauth_mph_3f360050.csv,0,0,128,0,authentic,0.9838594198226929,0.006890956312417984,0.0029140920378267765,0.00633549690246582
poison/poismph/datapoismphpar/poisauth_mph_3f360050.csv,1,16,144,0,authentic,0.9830288887023926,0.006766581907868385,0.0037392890080809593,0.006465263664722443
poison/poismph/datapoismphpar/poisauth_mph_3f360050.csv,2,32,160,0,authentic,0.9672131538391113,0.010275173932313919,0.006126716732978821,0.01638498716056347
poison/poismph/datapoismphpar/poisauth_mph_3f360050.csv,3,48,176,0,authentic,0.9754763245582581,0.00928634125739336,0.0038579453248530626,0.011379371397197247
poison/poismph/datapoismphpar/poisauth_mph_3f360050.csv,4,64,192,0,authentic,0.9843416810035706,0.005793106276541948,0.0018589820247143507,0.00800621323287487
poison/poismph/datapoismphpar/poisauth_mph_3f360050.csv,5,80,208,0,authentic,0.9819050431251526,0.006115015596151352,0.0029235216788947582,0.009056427516043186
poison/poismph/datapoismphpar/poisauth_mph_3f360050.csv,6,96,224,0,authentic,0.9626886248588562,0.014864567667245865,0.009385489858686924,0.01306125521659851
poison/poismph/datapoismphpar/poisauth_mph_3f3a3ec1.csv,0,0,128,0,authentic,0.9953911304473877,0.00117291824426502,0.001649439218454063,0.0017864343244582415
poison/poismph/datapoismphpar/poisauth_mph_3f3a3ec1.csv,1,16,144,0,authentic,0.9946275949478149,0.0015026944456622005,0.002361396560445428,0.001508180983364582
poison/poismph/datapoismphpar/poisauth_mph_3f3a3ec1.csv,2,32,160,0,authentic,0.9891546368598938,0.0053167506121098995,0.002922041341662407,0.002606553491204977
poison/poismph/datapoismphpar/poisauth_mph_3f3a3ec1.csv,3,48,176,0,authentic,0.9905747175216675,0.004796515218913555,0.002232578583061695,0.002396159805357456
poison/poismph/datapoismphpar/poisauth_mph_3f3a3ec1.csv,4,64,192,0,authentic,0.9879930019378662,0.005847488064318895,0.002352191833779216,0.0038073069881647825
poison/poismph/datapoismphpar/poisauth_mph_3f3a3ec1.csv,5,80,208,0,authentic,0.9693766236305237,0.012402506545186043,0.006554483901709318,0.011666420847177505
poison/poismph/datapoismphpar/poisauth_mph_3f3a3ec1.csv,6,96,224,0,authentic,0.9685347080230713,0.011180696077644825,0.008944087661802769,0.011340489611029625
poison/poismph/datapoismphpar/poisauth_mph_3f3a3ec1.csv,7,112,240,0,authentic,0.9600613117218018,0.01251137163490057,0.012922598049044609,0.01450467947870493
poison/poismph/datapoismphpar/poisauth_mph_3f3a3ec1.csv,8,128,256,0,authentic,0.9573771953582764,0.01215456984937191,0.014165953733026981,0.01630234718322754
poison/poismph/datapoismphpar/poisauth_mph_3f3a3ec1.csv,9,144,272,0,authentic,0.8164451122283936,0.0323573537170887,0.03378637135028839,0.11741117388010025
poison/poismph/datapoismphpar/poisauth_mph_3f3a3ec1.csv,10,160,288,0,authentic,0.9628980755805969,0.007447692099958658,0.004964096006006002,0.024690113961696625
poison/poismph/datapoismphpar/poisauth_mph_3f3a49a0.csv,0,0,128,0,authentic,0.9724903702735901,0.012327899225056171,0.008712713606655598,0.006469045300036669
poison/poismph/datapoismphpar/poisauth_mph_3f3a49a0.csv,1,16,144,0,authentic,0.9839798212051392,0.007255048491060734,0.004327758681029081,0.004437323193997145
poison/poismph/datapoismphpar/poisauth_mph_3f3a49a0.csv,2,32,160,0,authentic,0.9812387824058533,0.008275740779936314,0.004614336881786585,0.005871183704584837
poison/poismph/datapoismphpar/poisauth_mph_3f3a49a0.csv,3,48,176,0,authentic,0.9716969728469849,0.01341239083558321,0.00664474256336689,0.008245850913226604
poison/poismph/datapoismphpar/poisauth_mph_3f3a49a0.csv,4,64,192,0,authentic,0.9294521808624268,0.033756326884031296,0.018778059631586075,0.01801344007253647
poison/poismph/datapoismphpar/poisauth_mph_3f3a49a0.csv,5,80,208,0,authentic,0.9552795886993408,0.01874999701976776,0.011023023165762424,0.014947332441806793
poison/poismph/datapoismphpar/poisauth_mph_3f3e624f.csv,0,0,128,0,authentic,0.9244811534881592,0.030678439885377884,0.02360464259982109,0.021235717460513115
poison/poismph/datapoismphpar/poisauth_mph_3f3e624f.csv,1,16,144,0,authentic,0.9476749897003174,0.019740570336580276,0.01643555611371994,0.01614890620112419
poison/poismph/datapoismphpar/poisauth_mph_3f3e624f.csv,2,32,160,0,authentic,0.9463279843330383,0.01971062645316124,0.01565510220825672,0.018306296318769455
poison/poismph/datapoismphpar/poisauth_mph_3f3e624f.csv,3,48,176,0,authentic,0.9662081599235535,0.01993640698492527,0.006658804137259722,0.007196530699729919
poison/poismph/datapoismphpar/poisauth_mph_3f3e624f.csv,4,64,192,0,authentic,0.9584460258483887,0.032162923365831375,0.0033859701361507177,0.006005013361573219
poison/poismph/datapoismphpar/poisauth_mph_3f3e624f.csv,5,80,208,0,authentic,0.9858717322349548,0.006109973415732384,0.003902558935806155,0.004115682560950518
poison/poismph/datapoismphpar/poisauth_mph_3f421169.csv,0,0,128,0,authentic,0.9751425385475159,0.010147335939109325,0.008404253050684929,0.006305926479399204
poison/poismph/datapoismphpar/poisauth_mph_3f421169.csv,1,16,144,0,authentic,0.9857411980628967,0.005135013721883297,0.004415716975927353,0.0047081285156309605
poison/poismph/datapoismphpar/poisauth_mph_3f421169.csv,2,32,160,0,authentic,0.9825416803359985,0.004937708377838135,0.0048607527278363705,0.007659912575036287
poison/poismph/datapoismphpar/poisauth_mph_3f421169.csv,3,48,176,0,authentic,0.9732142090797424,0.00769888935610652,0.008155031129717827,0.0109319556504488
poison/poismph/datapoismphpar/poisauth_mph_3f421169.csv,4,64,192,0,authentic,0.9743747711181641,0.00717908563092351,0.00766172306612134,0.010784388519823551
poison/poismph/datapoismphpar/poisauth_mph_3f421169.csv,5,80,208,0,authentic,0.9839105010032654,0.004220173228532076,0.004243348725140095,0.00762598542496562
poison/poismph/datapoismphpar/poisauth_mph_3f421169.csv,6,96,224,0,authentic,0.9706984162330627,0.007478675339370966,0.012285015545785427,0.009537875652313232
poison/poismph/datapoismphpar/poisauth_mph_3f421169.csv,7,112,240,0,authentic,0.9910576343536377,0.0025844716001302004,0.0027299399953335524,0.0036279133055359125
poison/poismph/datapoismphpar/poisauth_mph_3f42884e.csv,0,0,128,0,authentic,0.9830910563468933,0.008485405705869198,0.003712482750415802,0.004711075685918331
poison/poismph/datapoismphpar/poisauth_mph_3f42884e.csv,1,16,144,0,authentic,0.9358871579170227,0.0266985222697258,0.014429045841097832,0.022985367104411125
poison/poismph/datapoismphpar/poisauth_mph_3f42884e.csv,2,32,160,0,authentic,0.9690484404563904,0.01660320907831192,0.005661764182150364,0.008686675690114498
poison/poismph/datapoismphpar/poisauth_mph_3f42884e.csv,3,48,176,0,authentic,0.9844525456428528,0.007834373973309994,0.0029214771930128336,0.004791610408574343
poison/poismph/datapoismphpar/poisauth_mph_3f42884e.csv,4,64,192,0,authentic,0.990127444267273,0.005796727258712053,0.0017126157181337476,0.0023632810916751623
poison/poismph/datapoismphpar/poisauth_mph_3f42c0c7.csv,0,0,128,0,authentic,0.9820508360862732,0.0062481435015797615,0.004423854406923056,0.007277298718690872
poison/poismph/datapoismphpar/poisauth_mph_3f42c0c7.csv,1,16,144,0,authentic,0.9753148555755615,0.010209521278738976,0.006115760188549757,0.008359918370842934
poison/poismph/datapoismphpar/poisauth_mph_3f42c0c7.csv,2,32,160,0,authentic,0.9301337003707886,0.025746174156665802,0.018950022757053375,0.02517014741897583
poison/poismph/datapoismphpar/poisauth_mph_3f42c0c7.csv,3,48,176,0,authentic,0.9632447361946106,0.014502150937914848,0.008618082851171494,0.013634901493787766
poison/poismph/datapoismphpar/poisauth_mph_3f42c0c7.csv,4,64,192,0,authentic,0.9802122116088867,0.007322312332689762,0.00462274020537734,0.00784279964864254
poison/poismph/datapoismphpar/poisauth_mph_3f46c72a.csv,0,0,128,0,authentic,0.9921732544898987,0.0022222204133868217,0.002410452114418149,0.0031940701883286238
poison/poismph/datapoismphpar/poisauth_mph_3f46c72a.csv,1,16,144,0,authentic,0.9917093515396118,0.0023011842276901007,0.003066984936594963,0.002922533545643091
poison/poismph/datapoismphpar/poisauth_mph_3f46c72a.csv,2,32,160,0,authentic,0.9718251824378967,0.009678000584244728,0.008858283050358295,0.009638435207307339
poison/poismph/datapoismphpar/poisauth_mph_3f46c72a.csv,3,48,176,0,authentic,0.9697698950767517,0.010044515132904053,0.009299155324697495,0.010886562056839466
poison/poismph/datapoismphpar/poisauth_mph_3f46c72a.csv,4,64,192,0,authentic,0.9825182557106018,0.004978233948349953,0.0034872200340032578,0.009016325697302818
poison/poismph/datapoismphpar/poisauth_mph_3f46c72a.csv,5,80,208,0,authentic,0.9843564629554749,0.004294672980904579,0.003480654675513506,0.00786814745515585
poison/poismph/datapoismphpar/poisauth_mph_3f46c72a.csv,6,96,224,0,authentic,0.9752911329269409,0.007535656914114952,0.007420883048325777,0.009752362035214901
poison/poismph/datapoismphpar/poisauth_mph_3f46ee35.csv,0,0,128,0,authentic,0.9948375821113586,0.002041178522631526,0.0013698643306270242,0.0017512806225568056
poison/poismph/datapoismphpar/poisauth_mph_3f46ee35.csv,1,16,144,0,authentic,0.9774556756019592,0.0078093972988426685,0.006115804426372051,0.008619244210422039
poison/poismph/datapoismphpar/poisauth_mph_3f46ee35.csv,2,32,160,0,authentic,0.9483118653297424,0.0175893884152174,0.015168503858149052,0.01893019862473011
poison/poismph/datapoismphpar/poisauth_mph_3f46ee35.csv,3,48,176,0,authentic,0.9796600937843323,0.007088192272931337,0.00486920727416873,0.008382458239793777
poison/poismph/datapoismphpar/poisauth_mph_3f46ee35.csv,4,64,192,0,authentic,0.9753888845443726,0.008145816624164581,0.005735404323786497,0.01072990708053112
poison/poismph/datapoismphpar/poisauth_mph_3f4ac1e4.csv,0,0,128,0,authentic,0.98757004737854,0.0031596648041158915,0.003421334084123373,0.005848994012922049
poison/poismph/datapoismphpar/poisauth_mph_3f4ac1e4.csv,1,16,144,0,authentic,0.976588785648346,0.006031364668160677,0.005678736139088869,0.011701079085469246
poison/poismph/datapoismphpar/poisauth_mph_3f4ac1e4.csv,2,32,160,0,authentic,0.9818919897079468,0.005128068849444389,0.004422088153660297,0.008557738736271858
poison/poismph/datapoismphpar/poisauth_mph_3f4ac1e4.csv,3,48,176,0,authentic,0.982117235660553,0.006336388643831015,0.003957443404942751,0.007589014247059822
poison/poismph/datapoismphpar/poisauth_mph_3f4ac1e4.csv,4,64,192,0,authentic,0.9818199872970581,0.007197482977062464,0.0035971186589449644,0.007385381031781435
poison/poismph/datapoismphpar/poisauth_mph_3f4dc55d.csv,0,0,128,0,authentic,0.986090362071991,0.006311248522251844,0.00476550729945302,0.00283289747312665
poison/poismph/datapoismphpar/poisauth_mph_3f4dc55d.csv,1,16,144,0,authentic,0.9162719249725342,0.02861631289124489,0.026321370154619217,0.028790324926376343
poison/poismph/datapoismphpar/poisauth_mph_3f4dc55d.csv,2,32,160,0,authentic,0.961685299873352,0.012580578215420246,0.011906390078365803,0.013827666640281677
poison/poismph/datapoismphpar/poisauth_mph_3f4dc55d.csv,3,48,176,0,authentic,0.9696061015129089,0.009091032668948174,0.009970491752028465,0.011332406662404537
poison/poismph/datapoismphpar/poisauth_mph_3f4dc55d.csv,4,64,192,0,authentic,0.9625108242034912,0.008751211687922478,0.01557651162147522,0.013161396607756615
poison/poismph/datapoismphpar/poisauth_mph_3f4dc55d.csv,5,80,208,0,authentic,0.9865142703056335,0.0034503419883549213,0.003908295650035143,0.0061271414160728455
poison/poismph/datapoismphpar/poisauth_mph_3f4dc55d.csv,6,96,224,0,authentic,0.9549060463905334,0.015455844812095165,0.014583459123969078,0.015054590068757534
poison/poismph/datapoismphpar/poisauth_mph_3f4ddd02.csv,0,0,128,0,authentic,0.9895945191383362,0.004031288903206587,0.002525756601244211,0.003848403925076127
poison/poismph/datapoismphpar/poisauth_mph_3f4ddd02.csv,1,16,144,0,authentic,0.9508527517318726,0.01638515293598175,0.014743845909833908,0.018018245697021484
poison/poismph/datapoismphpar/poisauth_mph_3f4ddd02.csv,2,32,160,0,authentic,0.9253026843070984,0.02549787610769272,0.020180653780698776,0.029018770903348923
poison/poismph/datapoismphpar/poisauth_mph_3f4ddd02.csv,3,48,176,0,authentic,0.9407393336296082,0.023071832954883575,0.01654197834432125,0.019646819680929184
poison/poismph/datapoismphpar/poisauth_mph_3f4ddd02.csv,4,64,192,0,authentic,0.9465775489807129,0.015587616711854935,0.017507879063487053,0.020326947793364525
poison/poismph/datapoismphpar/poisauth_mph_3f4ddd02.csv,5,80,208,0,authentic,0.9572322368621826,0.010093310847878456,0.01306422520428896,0.019610175862908363
poison/poismph/datapoismphpar/poisauth_mph_3f5229d9.csv,0,0,128,0,authentic,0.9842237830162048,0.003949400503188372,0.003998510539531708,0.007828311994671822
poison/poismph/datapoismphpar/poisauth_mph_3f5229d9.csv,1,16,144,0,authentic,0.9856168627738953,0.003938124980777502,0.004476567730307579,0.005968471989035606
poison/poismph/datapoismphpar/poisauth_mph_3f5229d9.csv,2,32,160,0,authentic,0.9818717241287231,0.004912301432341337,0.005787772126495838,0.0074282060377299786
poison/poismph/datapoismphpar/poisauth_mph_3f5229d9.csv,3,48,176,0,authentic,0.9396257996559143,0.019642729312181473,0.019197827205061913,0.021533574908971786
poison/poismph/datapoismphpar/poisauth_mph_3f5229d9.csv,4,64,192,0,authentic,0.9494175910949707,0.01529519259929657,0.014567053876817226,0.020720135420560837
poison/poismph/datapoismphpar/poisauth_mph_3f5229d9.csv,5,80,208,0,authentic,0.9684900641441345,0.0094071039929986,0.009912108071148396,0.012190625071525574
poison/poismph/datapoismphpar/poisauth_mph_3f5229d9.csv,6,96,224,0,authentic,0.9716151356697083,0.007681839168071747,0.007908785715699196,0.012794301845133305
poison/poismph/datapoismphpar/poisauth_mph_3f5229d9.csv,7,112,240,0,authentic,0.9116872549057007,0.023255983367562294,0.03762594237923622,0.027430877089500427
poison/poismph/datapoismphpar/poisauth_mph_3f5229d9.csv,8,128,256,0,authentic,0.9593666791915894,0.010695605538785458,0.015924867242574692,0.014012874104082584
poison/poismph/datapoismphpar/poisauth_mph_3f5229d9.csv,9,144,272,0,authentic,0.9666502475738525,0.006142674013972282,0.012266095727682114,0.01494109071791172
poison/poismph/datapoismphpar/poisauth_mph_3f5229d9.csv,10,160,288,0,authentic,0.986700713634491,0.002930818358436227,0.003279872937127948,0.00708850659430027
poison/poismph/datapoismphpar/poisauth_mph_3f52687e.csv,0,0,128,0,authentic,0.9859759211540222,0.008850975893437862,0.0030540642328560352,0.0021190978586673737
poison/poismph/datapoismphpar/poisauth_mph_3f52687e.csv,1,16,144,0,authentic,0.9708648920059204,0.014749545603990555,0.006923394277691841,0.0074621280655264854
poison/poismph/datapoismphpar/poisauth_mph_3f52687e.csv,2,32,160,0,authentic,0.9783701300621033,0.009972961619496346,0.005200848449021578,0.006456026341766119
poison/poismph/datapoismphpar/poisauth_mph_3f52687e.csv,3,48,176,0,authentic,0.9788086414337158,0.010600879788398743,0.0047506787814199924,0.005839796271175146
poison/poismph/datapoismphpar/poisauth_mph_3f52687e.csv,4,64,192,0,authentic,0.9759055376052856,0.007905784994363785,0.006920186337083578,0.009268431924283504
poison/poismph/datapoismphpar/poisauth_mph_3f52687e.csv,5,80,208,0,authentic,0.976077139377594,0.007553815376013517,0.007432170677930117,0.008936828933656216
poison/poismph/datapoismphpar/poisauth_mph_3f52687e.csv,6,96,224,0,authentic,0.9400922060012817,0.0360473170876503,0.018029211089015007,0.005831244867295027
poison/poismph/datapoismphpar/poisauth_mph_3f5af0e7.csv,0,0,128,0,authentic,0.9650299549102783,0.01229777280241251,0.011729435995221138,0.010942811146378517
poison/poismph/datapoismphpar/poisauth_mph_3f5af0e7.csv,1,16,144,0,authentic,0.9799431562423706,0.007003745064139366,0.0062698177061975,0.006783182732760906
poison/poismph/datapoismphpar/poisauth_mph_3f5af0e7.csv,2,32,160,0,authentic,0.9670543074607849,0.012451653368771076,0.011876324191689491,0.008617641404271126
poison/poismph/datapoismphpar/poisauth_mph_3f5af0e7.csv,3,48,176,0,authentic,0.974974513053894,0.009087388403713703,0.007725034840404987,0.008213001303374767
poison/poismph/datapoismphpar/poisauth_mph_3f5af0e7.csv,4,64,192,0,authentic,0.981383740901947,0.007302830461412668,0.0032134922221302986,0.008099894970655441
poison/poismph/datapoismphpar/poisauth_mph_3f5f1cea.csv,0,0,128,0,authentic,0.9760217070579529,0.010223859921097755,0.004805679898709059,0.008948704227805138
poison/poismph/datapoismphpar/poisauth_mph_3f5f1cea.csv,1,16,144,0,authentic,0.9818939566612244,0.008553456515073776,0.003064356744289398,0.006488121580332518
poison/poismph/datapoismphpar/poisauth_mph_3f5f1cea.csv,2,32,160,0,authentic,0.9857798218727112,0.005575592163950205,0.0027613635174930096,0.005883239209651947
poison/poismph/datapoismphpar/poisauth_mph_3f5f1cea.csv,3,48,176,0,authentic,0.9687172770500183,0.010381313040852547,0.006613049190491438,0.014288341626524925
poison/poismph/datapoismphpar/poisauth_mph_3f5f1cea.csv,4,64,192,0,authentic,0.9598925113677979,0.015280657447874546,0.009410002268850803,0.01541683729737997
poison/poismph/datapoismphpar/poisauth_mph_3f5f1cea.csv,5,80,208,0,authentic,0.9474282264709473,0.018000103533267975,0.006025706883519888,0.028546078130602837
poison/poismph/datapoismphpar/poisauth_mph_3f5f4746.csv,0,0,128,0,authentic,0.9907166957855225,0.0026179535780102015,0.0034005646593868732,0.0032648455817252398
poison/poismph/datapoismphpar/poisauth_mph_3f5f4746.csv,1,16,144,0,authentic,0.9874882102012634,0.004607114940881729,0.004280984867364168,0.0036236639134585857
poison/poismph/datapoismphpar/poisauth_mph_3f5f4746.csv,2,32,160,0,authentic,0.9640882611274719,0.010263893753290176,0.012347432784736156,0.013300402089953423
poison/poismph/datapoismphpar/poisauth_mph_3f5f4746.csv,3,48,176,0,authentic,0.9808675050735474,0.0062573133036494255,0.005841179750859737,0.0070339678786695
poison/poismph/datapoismphpar/poisauth_mph_3f5f4746.csv,4,64,192,0,authentic,0.9720110297203064,0.013914281502366066,0.006921388208866119,0.007153270300477743
poison/poismph/datapoismphpar/poisauth_mph_3f5f559d.csv,0,0,128,0,authentic,0.9338680505752563,0.02294822223484516,0.025715406984090805,0.017468295991420746
poison/poismph/datapoismphpar/poisauth_mph_3f5f559d.csv,1,16,144,0,authentic,0.9498441815376282,0.020364301279187202,0.017432644963264465,0.012358831241726875
poison/poismph/datapoismphpar/poisauth_mph_3f5f559d.csv,2,32,160,0,authentic,0.9658740162849426,0.012940905056893826,0.008202098309993744,0.012982984073460102
poison/poismph/datapoismphpar/poisauth_mph_3f66d87a.csv,0,0,128,0,authentic,0.9828164577484131,0.006100857630372047,0.004725364502519369,0.006357405800372362
poison/poismph/datapoismphpar/poisauth_mph_3f66d87a.csv,1,16,144,0,authentic,0.9795259237289429,0.006500177551060915,0.005276254843920469,0.008697692304849625
poison/poismph/datapoismphpar/poisauth_mph_3f66d87a.csv,2,32,160,0,authentic,0.9877107739448547,0.004996634554117918,0.002377226948738098,0.004915337543934584
poison/poismph/datapoismphpar/poisauth_mph_3f66d87a.csv,3,48,176,0,authentic,0.9861695766448975,0.0045315781608223915,0.003015160094946623,0.006283620372414589
poison/poismph/datapoismphpar/poisauth_mph_3f66d87a.csv,4,64,192,0,authentic,0.9913285374641418,0.0019404151244089007,0.0022233829367905855,0.00450765248388052
poison/poismph/datapoismphpar/poisauth_mph_3f66d87a.csv,5,80,208,0,authentic,0.9876290559768677,0.00319229019805789,0.003364464733749628,0.005814213305711746
poison/poismph/datapoismphpar/poisauth_mph_3f67096a.csv,0,0,128,0,authentic,0.9936800599098206,0.0026413535233587027,0.0013689335901290178,0.002309696516022086
poison/poismph/datapoismphpar/poisauth_mph_3f67096a.csv,1,16,144,0,authentic,0.98771733045578,0.004994611721485853,0.003174741053953767,0.004113371949642897
poison/poismph/datapoismphpar/poisauth_mph_3f67096a.csv,2,32,160,0,authentic,0.9665222764015198,0.009041857905685902,0.0069768852554261684,0.01745893806219101
poison/poismph/datapoismphpar/poisauth_mph_3f67096a.csv,3,48,176,0,authentic,0.9740564823150635,0.0071144383400678635,0.005522825289517641,0.013306296430528164
poison/poismph/datapoismphpar/poisauth_mph_3f67096a.csv,4,64,192,0,authentic,0.9686141014099121,0.009795809164643288,0.0067799766547977924,0.014810123480856419
poison/poismph/datapoismphpar/poisauth_mph_3f67096a.csv,5,80,208,0,authentic,0.9618371725082397,0.015106466598808765,0.005406148266047239,0.017650237306952477
poison/poismph/datapoismphpar/poisauth_mph_3f67096a.csv,6,96,224,0,authentic,0.8835934996604919,0.0699370726943016,0.027695871889591217,0.018773643299937248
poison/poismph/datapoismphpar/poisauth_mph_3f67096a.csv,7,112,240,0,authentic,0.877040684223175,0.05053563416004181,0.021754475310444832,0.05066916346549988
poison/poismph/datapoismphpar/poisauth_mph_3f67096a.csv,8,128,256,0,authentic,0.9591466188430786,0.009356270544230938,0.007467807736247778,0.024029353633522987
poison/poismph/datapoismphpar/poisauth_mph_3f67096a.csv,9,144,272,0,authentic,0.9696508049964905,0.008587250486016273,0.008847599849104881,0.012914289720356464
poison/poismph/datapoismphpar/poisauth_mph_3f67096a.csv,10,160,288,0,authentic,0.949939489364624,0.015512158162891865,0.00791566725820303,0.02663266658782959
poison/poismph/datapoismphpar/poisauth_mph_3f67096a.csv,11,176,304,0,authentic,0.9562312960624695,0.020514793694019318,0.00397344259545207,0.01928037591278553
poison/poismph/datapoismphpar/poisauth_mph_3f67096a.csv,12,192,320,0,authentic,0.9897742867469788,0.003078517271205783,0.0032937221694737673,0.00385358021594584
poison/poismph/datapoismphpar/poisauth_mph_3f67096a.csv,13,208,336,0,authentic,0.9967670440673828,0.0012116512516513467,0.0011040662648156285,0.0009172919089905918
poison/poismph/datapoismphpar/poisauth_mph_3f67096a.csv,14,224,352,0,authentic,0.9967105388641357,0.001040325965732336,0.0009901861194521189,0.0012589553371071815
poison/poismph/datapoismphpar/poisauth_mph_3f67096a.csv,15,240,368,0,authentic,0.9989084005355835,0.0003686229756567627,0.000369393324945122,0.0003535390133038163
poison/poismph/datapoismphpar/poisauth_mph_3f67096a.csv,16,256,384,0,authentic,0.9974435567855835,0.0012523450423032045,0.0008470555185340345,0.00045708968536928296
poison/poismph/datapoismphpar/poisauth_mph_3f67096a.csv,17,272,400,0,authentic,0.9958882927894592,0.0018576271831989288,0.00147608935367316,0.0007780584855936468
poison/poismph/datapoismphpar/poisauth_mph_3f67096a.csv,18,288,416,0,authentic,0.9941353797912598,0.0036594332195818424,0.001305806334130466,0.0008993336232379079
poison/poismph/datapoismphpar/poisauth_mph_3f6a9c9b.csv,0,0,128,0,authentic,0.9901345372200012,0.002771870931610465,0.00271275220438838,0.0043807667680084705
poison/poismph/datapoismphpar/poisauth_mph_3f6a9c9b.csv,1,16,144,0,authentic,0.9801768064498901,0.003740203334018588,0.005243914667516947,0.010839065536856651
poison/poismph/datapoismphpar/poisauth_mph_3f6a9c9b.csv,2,32,160,0,authentic,0.9802821278572083,0.0034542984794825315,0.005071266554296017,0.011192258447408676
poison/poismph/datapoismphpar/poisauth_mph_3f6a9c9b.csv,3,48,176,0,authentic,0.9850058555603027,0.003974056337028742,0.003817530581727624,0.007202683947980404
poison/poismph/datapoismphpar/poisauth_mph_3f6a9c9b.csv,4,64,192,0,authentic,0.9805588126182556,0.004394657909870148,0.005135634448379278,0.00991091225296259
poison/poismph/datapoismphpar/poisauth_mph_3f6b0792.csv,0,0,128,0,authentic,0.9826579689979553,0.005831496324390173,0.0065230452455580235,0.004987560678273439
poison/poismph/datapoismphpar/poisauth_mph_3f6b0792.csv,1,16,144,0,authentic,0.9812989830970764,0.00920173991471529,0.005959361791610718,0.003539879573509097
poison/poismph/datapoismphpar/poisauth_mph_3f6b0792.csv,2,32,160,0,authentic,0.972277820110321,0.014312569051980972,0.007655726280063391,0.005753856617957354
poison/poismph/datapoismphpar/poisauth_mph_3f6b0792.csv,3,48,176,0,authentic,0.9586626887321472,0.018348153680562973,0.01245254185050726,0.010536613874137402
poison/poismph/datapoismphpar/poisauth_mph_3f6b0792.csv,4,64,192,0,authentic,0.9132000803947449,0.04220455512404442,0.029046351090073586,0.0155490692704916
poison/poismph/datapoismphpar/poisauth_mph_3f6b0792.csv,5,80,208,0,authentic,0.958152174949646,0.021916653960943222,0.011948871426284313,0.007982317358255386
poison/poismph/datapoismphpar/poisauth_mph_3f6b0792.csv,6,96,224,0,authentic,0.9531090259552002,0.02353576570749283,0.013025778345763683,0.010329416953027248
poison/poismph/datapoismphpar/poisauth_mph_3f6b0792.csv,7,112,240,0,authentic,0.8375689387321472,0.06145216152071953,0.06177011877298355,0.039208848029375076
poison/poismph/datapoismphpar/poisauth_mph_3f6e8fbb.csv,0,0,128,0,authentic,0.9745700359344482,0.010142156854271889,0.007416796870529652,0.007870927453041077
poison/poismph/datapoismphpar/poisauth_mph_3f6e8fbb.csv,1,16,144,0,authentic,0.9729464650154114,0.010619230568408966,0.007765146903693676,0.00866907648742199
poison/poismph/datapoismphpar/poisauth_mph_3f6e8fbb.csv,2,32,160,0,authentic,0.9611508250236511,0.016867056488990784,0.010679478757083416,0.011302664875984192
poison/poismph/datapoismphpar/poisauth_mph_3f6e8fbb.csv,3,48,176,0,authentic,0.9613296389579773,0.01602880097925663,0.010260310024023056,0.012381266802549362
poison/poismph/datapoismphpar/poisauth_mph_3f6e8fbb.csv,4,64,192,0,authentic,0.9671924114227295,0.012968676164746284,0.008615999482572079,0.011222912929952145
poison/poismph/datapoismphpar/poisauth_mph_3f6e8fbb.csv,5,80,208,0,authentic,0.9556308388710022,0.015852494165301323,0.012925467453897,0.015591067261993885
poison/poismph/datapoismphpar/poisauth_mph_3f6e8fbb.csv,6,96,224,0,authentic,0.9559160470962524,0.016248509287834167,0.015453309752047062,0.012382186017930508
poison/poismph/datapoismphpar/poisauth_mph_3f6ed9ff.csv,0,0,128,0,authentic,0.9816797375679016,0.0074321068823337555,0.006078382488340139,0.004809804260730743
poison/poismph/datapoismphpar/poisauth_mph_3f6ed9ff.csv,1,16,144,0,authentic,0.9390853047370911,0.02141176536679268,0.021108346059918404,0.01839461363852024
poison/poismph/datapoismphpar/poisauth_mph_3f6ed9ff.csv,2,32,160,0,authentic,0.9495757818222046,0.017852220684289932,0.01613415963947773,0.016437815502285957
poison/poismph/datapoismphpar/poisauth_mph_3f6ed9ff.csv,3,48,176,0,authentic,0.9449142217636108,0.0191179309040308,0.017179282382130623,0.0187886580824852
poison/poismph/datapoismphpar/poisauth_mph_3f6ed9ff.csv,4,64,192,0,authentic,0.9282622933387756,0.021079473197460175,0.025828557088971138,0.024829624220728874
poison/poismph/datapoismphpar/poisauth_mph_3f6ed9ff.csv,5,80,208,0,authentic,0.8680374622344971,0.04517858475446701,0.06504522264003754,0.02173881232738495
poison/poismph/datapoismphpar/poisauth_mph_3f6ed9ff.csv,6,96,224,0,authentic,0.915762722492218,0.0298983883112669,0.03336607292294502,0.020972898229956627
poison/poismph/datapoismphpar/poisauth_mph_3f6ed9ff.csv,7,112,240,0,authentic,0.9678517580032349,0.008501753211021423,0.008282363414764404,0.015364178456366062
poison/poismph/datapoismphpar/poisauth_mph_3f6ed9ff.csv,8,128,256,0,authentic,0.9801068305969238,0.006132424343377352,0.005908802151679993,0.007851909846067429
poison/poismph/datapoismphpar/poisauth_mph_3f6ed9ff.csv,9,144,272,0,authentic,0.984518826007843,0.003986207768321037,0.005917083937674761,0.005577906966209412
poison/poismph/datapoismphpar/poisauth_mph_3f6ed9ff.csv,10,160,288,0,authentic,0.9863271713256836,0.002804358024150133,0.004803473129868507,0.006064994260668755
poison/poismph/datapoismphpar/poisauth_mph_3f6ed9ff.csv,11,176,304,0,authentic,0.986068069934845,0.002936221659183502,0.003549514804035425,0.007446178235113621
poison/poismph/datapoismphpar/poisauth_mph_3f6ed9ff.csv,12,192,320,0,authentic,0.9871202111244202,0.0036021731793880463,0.003302341792732477,0.005975256208330393
poison/poismph/datapoismphpar/poisauth_mph_3f72dde5.csv,0,0,128,0,authentic,0.9112268090248108,0.030399711802601814,0.034295257180929184,0.02407819777727127
poison/poismph/datapoismphpar/poisauth_mph_3f72dde5.csv,1,16,144,0,authentic,0.9449492692947388,0.018591132014989853,0.02090931497514248,0.015550277195870876
poison/poismph/datapoismphpar/poisauth_mph_3f72dde5.csv,2,32,160,0,authentic,0.9513309001922607,0.01792241260409355,0.01738029532134533,0.013366377912461758
poison/poismph/datapoismphpar/poisauth_mph_3f72dde5.csv,3,48,176,0,authentic,0.9647595882415771,0.01449801865965128,0.011717894114553928,0.009024381637573242
poison/poismph/datapoismphpar/poisauth_mph_3f7ba01a.csv,0,0,128,0,authentic,0.9855027198791504,0.005606954917311668,0.00486914673820138,0.004021283704787493
poison/poismph/datapoismphpar/poisauth_mph_3f7ba01a.csv,1,16,144,0,authentic,0.9226377010345459,0.023802390322089195,0.031875092536211014,0.021684829145669937
poison/poismph/datapoismphpar/poisauth_mph_3f7ba01a.csv,2,32,160,0,authentic,0.9234445095062256,0.024570198729634285,0.033524394035339355,0.018460815772414207
poison/poismph/datapoismphpar/poisauth_mph_3f7ba01a.csv,3,48,176,0,authentic,0.9824683666229248,0.009642106480896473,0.004440201912075281,0.0034492716658860445
poison/poismph/datapoismphpar/poisauth_mph_3f7f9dd0.csv,0,0,128,0,authentic,0.8618351221084595,0.11610687524080276,0.01358997356146574,0.008467929437756538
poison/poismph/datapoismphpar/poisauth_mph_3f7f9dd0.csv,1,16,144,0,authentic,0.8850929141044617,0.07924661785364151,0.013312064111232758,0.022348463535308838
poison/poismph/datapoismphpar/poisauth_mph_3f7f9dd0.csv,2,32,160,0,authentic,0.8462299108505249,0.10313128679990768,0.03336388245224953,0.017275037243962288
poison/poismph/datapoismphpar/poisauth_mph_3f7f9dd0.csv,3,48,176,0,authentic,0.929152250289917,0.05194314569234848,0.011876508593559265,0.007028218824416399
poison/poismph/datapoismphpar/poisauth_mph_3f7f9dd0.csv,4,64,192,0,authentic,0.9616658091545105,0.026987692341208458,0.006793147884309292,0.0045533133670687675
poison/poismph/datapoismphpar/poisauth_mph_3f7f9dd0.csv,5,80,208,0,authentic,0.9600599408149719,0.02156352810561657,0.012919806875288486,0.005456776823848486
poison/poismph/datapoismphpar/poisauth_mph_3f836cd3.csv,0,0,128,0,authentic,0.9893047213554382,0.002532785292714834,0.004599215928465128,0.003563358448445797
poison/poismph/datapoismphpar/poisauth_mph_3f836cd3.csv,1,16,144,0,authentic,0.986963152885437,0.004167268518358469,0.004303276538848877,0.004566448740661144
poison/poismph/datapoismphpar/poisauth_mph_3f836cd3.csv,2,32,160,0,authentic,0.9743585586547852,0.008513431064784527,0.0080671152099967,0.009060988202691078
poison/poismph/datapoismphpar/poisauth_mph_3f836cd3.csv,3,48,176,0,authentic,0.9721147418022156,0.009095805697143078,0.00926621351391077,0.009523250162601471
poison/poismph/datapoismphpar/poisauth_mph_3f836cd3.csv,4,64,192,0,authentic,0.9761601686477661,0.0069349887780845165,0.006254035513848066,0.010650786571204662
poison/poismph/datapoismphpar/poisauth_mph_3f836cd3.csv,5,80,208,0,authentic,0.9755861759185791,0.008830028586089611,0.003967000171542168,0.011616798117756844
poison/poismph/datapoismphpar/poisauth_mph_3f86beca.csv,0,0,128,0,authentic,0.9804903864860535,0.010169350542128086,0.0042780195362865925,0.005062302108854055
poison/poismph/datapoismphpar/poisauth_mph_3f86beca.csv,1,16,144,0,authentic,0.9596173763275146,0.02006904035806656,0.010919624008238316,0.009394009597599506
poison/poismph/datapoismphpar/poisauth_mph_3f86beca.csv,2,32,160,0,authentic,0.9678670167922974,0.02031656913459301,0.005811426322907209,0.006004964932799339
poison/poismph/datapoismphpar/poisauth_mph_3f86beca.csv,3,48,176,0,authentic,0.9470458626747131,0.042497508227825165,0.005078395828604698,0.005378348752856255
poison/poismph/datapoismphpar/poisauth_mph_3f86beca.csv,4,64,192,0,authentic,0.976994514465332,0.016490060836076736,0.00264874380081892,0.0038666902109980583
poison/poismph/datapoismphpar/poisauth_mph_3f86beca.csv,5,80,208,0,authentic,0.9898650050163269,0.003161368891596794,0.0029162985738366842,0.004057329148054123
poison/poismph/datapoismphpar/poisauth_mph_3f871473.csv,0,0,128,0,authentic,0.98907071352005,0.003589881816878915,0.002486695069819689,0.004852692596614361
poison/poismph/datapoismphpar/poisauth_mph_3f871473.csv,1,16,144,0,authentic,0.9826071262359619,0.005194514989852905,0.0035096865613013506,0.008688744157552719
poison/poismph/datapoismphpar/poisauth_mph_3f871473.csv,2,32,160,0,authentic,0.9798622131347656,0.00545548927038908,0.004014728590846062,0.01066767331212759
poison/poismph/datapoismphpar/poisauth_mph_3f871473.csv,3,48,176,0,authentic,0.9873294234275818,0.0035699326545000076,0.0023037404753267765,0.006796923000365496
poison/poismph/datapoismphpar/poisauth_mph_3f871473.csv,4,64,192,0,authentic,0.9634082913398743,0.01065504178404808,0.00867101363837719,0.017265595495700836
poison/poismph/datapoismphpar/poisauth_mph_3f871473.csv,5,80,208,0,authentic,0.9773993492126465,0.005990052130073309,0.006627513095736504,0.009983120486140251
poison/poismph/datapoismphpar/poisauth_mph_3f873ddb.csv,0,0,128,0,authentic,0.9917817115783691,0.0025202177930623293,0.0028654602356255054,0.0028325628954917192
poison/poismph/datapoismphpar/poisauth_mph_3f873ddb.csv,1,16,144,0,authentic,0.9836641550064087,0.00587352504953742,0.006013098638504744,0.004449300467967987
poison/poismph/datapoismphpar/poisauth_mph_3f873ddb.csv,2,32,160,0,authentic,0.970552384853363,0.009092253632843494,0.008852715604007244,0.011502622626721859
poison/poismph/datapoismphpar/poisauth_mph_3f873ddb.csv,3,48,176,0,authentic,0.9562432765960693,0.012639184482395649,0.013194916769862175,0.017922602593898773
poison/poismph/datapoismphpar/poisauth_mph_3f873ddb.csv,4,64,192,0,authentic,0.9667090177536011,0.010387076064944267,0.010542732663452625,0.012361118569970131
poison/poismph/datapoismphpar/poisauth_mph_3f873ddb.csv,5,80,208,0,authentic,0.9590077996253967,0.012250803411006927,0.01603609137237072,0.012705297209322453
poison/poismph/datapoismphpar/poisauth_mph_3f873ddb.csv,6,96,224,0,authentic,0.9521730542182922,0.013946191407740116,0.016774259507656097,0.017106488347053528
poison/poismph/datapoismphpar/poisauth_mph_3f873ddb.csv,7,112,240,0,authentic,0.8895469903945923,0.03249380365014076,0.044960666447877884,0.03299850597977638
poison/poismph/datapoismphpar/poisauth_mph_3f873ddb.csv,8,128,256,0,authentic,0.979221522808075,0.006884087808430195,0.008387275040149689,0.005507112480700016
poison/poismph/datapoismphpar/poisauth_mph_3f873ddb.csv,9,144,272,0,authentic,0.984481692314148,0.0052050151862204075,0.005926221143454313,0.004387085326015949
poison/poismph/datapoismphpar/poisauth_mph_3f873f36.csv,0,0,128,0,authentic,0.9717240333557129,0.010126716457307339,0.009321266785264015,0.008828021585941315
poison/poismph/datapoismphpar/poisauth_mph_3f873f36.csv,1,16,144,0,authentic,0.9175508618354797,0.027667513117194176,0.032451607286930084,0.02232997491955757
poison/poismph/datapoismphpar/poisauth_mph_3f873f36.csv,2,32,160,0,authentic,0.9676186442375183,0.010280393064022064,0.010308589786291122,0.011792471632361412
poison/poismph/datapoismphpar/poisauth_mph_3f8aa6b7.csv,0,0,128,0,authentic,0.9946979880332947,0.0023519117385149,0.0016735258977860212,0.0012767004081979394
poison/poismph/datapoismphpar/poisauth_mph_3f8aa6b7.csv,1,16,144,0,authentic,0.9625961184501648,0.012019886635243893,0.011211216449737549,0.01417281199246645
poison/poismph/datapoismphpar/poisauth_mph_3f8aa6b7.csv,2,32,160,0,authentic,0.9721367359161377,0.00823109969496727,0.00722428597509861,0.012407905422151089
poison/poismph/datapoismphpar/poisauth_mph_3f8aa6b7.csv,3,48,176,0,authentic,0.9814356565475464,0.0052269152365624905,0.003837526310235262,0.009499894455075264
poison/poismph/datapoismphpar/poisauth_mph_3f8aa6b7.csv,4,64,192,0,authentic,0.975449800491333,0.0075241569429636,0.007530685979872942,0.009495261125266552
poison/poismph/datapoismphpar/poisauth_mph_3f8aa6b7.csv,5,80,208,0,authentic,0.9649311900138855,0.009003419429063797,0.009549434296786785,0.01651597023010254
poison/poismph/datapoismphpar/poisauth_mph_3f8aa6b7.csv,6,96,224,0,authentic,0.9811346530914307,0.006082752253860235,0.004637109115719795,0.008145512081682682
poison/poismph/datapoismphpar/poisauth_mph_3f8b1603.csv,0,0,128,0,authentic,0.9919992089271545,0.0032548741437494755,0.002469274215400219,0.0022766520269215107
poison/poismph/datapoismphpar/poisauth_mph_3f8b1603.csv,1,16,144,0,authentic,0.9725632667541504,0.008797746151685715,0.008670605719089508,0.009968397207558155
poison/poismph/datapoismphpar/poisauth_mph_3f8b1603.csv,2,32,160,0,authentic,0.9706942439079285,0.008257012814283371,0.0077684419229626656,0.013280273415148258
poison/poismph/datapoismphpar/poisauth_mph_3f8b1603.csv,3,48,176,0,authentic,0.9765632152557373,0.006779496558010578,0.006569910794496536,0.010087384842336178
poison/poismph/datapoismphpar/poisauth_mph_3f8b1603.csv,4,64,192,0,authentic,0.9729477763175964,0.006837686523795128,0.008267410099506378,0.011947174556553364
poison/poismph/datapoismphpar/poisauth_mph_3f8b1603.csv,5,80,208,0,authentic,0.9627278447151184,0.00990619882941246,0.012400167062878609,0.014965824782848358
poison/poismph/datapoismphpar/poisauth_mph_3f8b1603.csv,6,96,224,0,authentic,0.9765065312385559,0.003938957583159208,0.004255977459251881,0.015298595651984215
poison/poismph/datapoismphpar/poisauth_mph_3f8b7bb1.csv,0,0,128,0,authentic,0.9129421710968018,0.026657486334443092,0.03163764625787735,0.0287628211081028
poison/poismph/datapoismphpar/poisauth_mph_3f8b7bb1.csv,1,16,144,0,authentic,0.9548317193984985,0.014766384847462177,0.014464297331869602,0.015937667340040207
poison/poismph/datapoismphpar/poisauth_mph_3f8b7bb1.csv,2,32,160,0,authentic,0.9402233958244324,0.018494075164198875,0.021193141117691994,0.020089272409677505
poison/poismph/datapoismphpar/poisauth_mph_3f8b7bb1.csv,3,48,176,0,authentic,0.9541537165641785,0.020279696211218834,0.015493196435272694,0.010073465295135975
poison/poismph/datapoismphpar/poisauth_mph_3f8b7bb1.csv,4,64,192,0,authentic,0.9504204988479614,0.014595436863601208,0.018711194396018982,0.016272909939289093
poison/poismph/datapoismphpar/poisauth_mph_3f8f1c63.csv,0,0,128,0,authentic,0.9376670718193054,0.022889304906129837,0.020455043762922287,0.018988482654094696
poison/poismph/datapoismphpar/poisauth_mph_3f8f1c63.csv,1,16,144,0,authentic,0.9663283228874207,0.011691641993820667,0.010706311091780663,0.01127376314252615
poison/poismph/datapoismphpar/poispos_mph_3e39f7cd.csv,0,0,128,0,authentic,0.974400520324707,0.008149787783622742,0.008164661005139351,0.009285060688853264
poison/poismph/datapoismphpar/poispos_mph_3e39f7cd.csv,1,16,144,0,authentic,0.9834725260734558,0.004222945775836706,0.005558405537158251,0.006746227853000164
poison/poismph/datapoismphpar/poispos_mph_3e39f7cd.csv,2,32,160,0,authentic,0.9798122644424438,0.006132771261036396,0.0055232723243534565,0.008531753905117512
poison/poismph/datapoismphpar/poispos_mph_3e39f7cd.csv,3,48,176,0,authentic,0.9661328196525574,0.010596406646072865,0.009153386577963829,0.014117348939180374
poison/poismph/datapoismphpar/poispos_mph_3e39f7cd.csv,4,64,192,3,modified_position,7.119169254110602e-08,1.3039748125720507e-07,1.2302503904493278e-08,0.9999997615814209
poison/poismph/datapoismphpar/poispos_mph_3e39f7cd.csv,5,80,208,3,modified_position,2.757890305016275e-10,8.483355129484949e-10,1.2916755165459648e-10,1.0
poison/poismph/datapoismphpar/poispos_mph_3e39f7cd.csv,6,96,224,3,modified_position,2.651266151065812e-10,5.284945814310049e-10,3.3104782803938804e-10,1.0
poison/poismph/datapoismphpar/poispos_mph_3e39f7cd.csv,7,112,240,3,modified_position,2.466688520108562e-10,1.0731721067358535e-09,1.50797219156118e-09,1.0
poison/poismph/datapoismphpar/poispos_mph_3e39f7cd.csv,8,128,256,3,modified_position,1.1914194075757223e-09,3.4874920729066616e-09,1.0455385446306309e-09,1.0
poison/poismph/datapoismphpar/poispos_mph_3e39f7cd.csv,9,144,272,3,modified_position,8.621107716599852e-10,2.5587654217673617e-09,4.393558017401489e-10,1.0
poison/poismph/datapoismphpar/poispos_mph_3e3a3689.csv,0,0,128,3,modified_position,2.2650914033306435e-08,5.8288229354275245e-08,3.573017437474846e-08,0.9999998807907104
poison/poismph/datapoismphpar/poispos_mph_3e3a3689.csv,1,16,144,3,modified_position,1.901317858710172e-08,5.1879716522762465e-08,2.8130543228144234e-08,0.9999998807907104
poison/poismph/datapoismphpar/poispos_mph_3e3a3689.csv,2,32,160,3,modified_position,1.68453553328618e-08,3.0540430628889226e-08,2.0689732593837107e-08,1.0
poison/poismph/datapoismphpar/poispos_mph_3e3a3689.csv,3,48,176,3,modified_position,2.1604174449407765e-08,3.854079722032111e-08,2.198196824565457e-08,0.9999998807907104
poison/poismph/datapoismphpar/poispos_mph_3e3a3689.csv,4,64,192,3,modified_position,2.979735747032919e-08,4.638579298443801e-08,2.65025210666181e-08,0.9999998807907104
poison/poismph/datapoismphpar/poispos_mph_3e3a3689.csv,5,80,208,3,modified_position,2.4343098203871705e-08,9.52392085196152e-08,3.906925272190165e-08,0.9999998807907104
poison/poismph/datapoismphpar/poispos_mph_3e3a3689.csv,6,96,224,3,modified_position,4.4892576767097125e-08,2.4549621002734057e-07,1.0813236883677746e-07,0.9999996423721313
poison/poismph/datapoismphpar/poispos_mph_3e3a3689.csv,7,112,240,2,modified_speed,0.30320218205451965,0.019375549629330635,0.6608480215072632,0.016574276611208916
poison/poismph/datapoismphpar/poispos_mph_3e3a3689.csv,8,128,256,0,authentic,0.9815440773963928,0.005923432298004627,0.005511731840670109,0.007020748686045408
poison/poismph/datapoismphpar/poispos_mph_3e3a3689.csv,9,144,272,0,authentic,0.9534680247306824,0.018557589501142502,0.012032934464514256,0.01594136841595173
poison/poismph/datapoismphpar/poispos_mph_3e3a3689.csv,10,160,288,0,authentic,0.905491292476654,0.0649835392832756,0.0036872990895062685,0.025837959721684456
poison/poismph/datapoismphpar/poispos_mph_3e3a3689.csv,11,176,304,0,authentic,0.9917701482772827,0.002475540852174163,0.0028596611227840185,0.0028946090023964643
poison/poismph/datapoismphpar/poispos_mph_3e3a3689.csv,12,192,320,0,authentic,0.9943708777427673,0.0017525568837299943,0.0020379293709993362,0.00183861015830189
poison/poismph/datapoismphpar/poispos_mph_3e3a3689.csv,13,208,336,0,authentic,0.9932787418365479,0.0019849759992212057,0.0024982313625514507,0.00223814370110631
poison/poismph/datapoismphpar/poispos_mph_3e3a3689.csv,14,224,352,0,authentic,0.9988480806350708,0.0005657903966493905,0.0003462478634901345,0.0002398240176262334
poison/poismph/datapoismphpar/poispos_mph_3e3a3689.csv,15,240,368,0,authentic,0.9985126852989197,0.000559703097678721,0.000590710376854986,0.0003369520709384233
poison/poismph/datapoismphpar/poispos_mph_3e3a3689.csv,16,256,384,0,authentic,0.9976525902748108,0.0008519944967702031,0.0009826697641983628,0.0005127725307829678
poison/poismph/datapoismphpar/poispos_mph_3e3a3689.csv,17,272,400,0,authentic,0.9953214526176453,0.0017430176958441734,0.0015704927500337362,0.001365046831779182
poison/poismph/datapoismphpar/poispos_mph_3e3a8fd0.csv,0,0,128,0,authentic,0.9856851696968079,0.006002059206366539,0.0043393997475504875,0.003973290324211121
poison/poismph/datapoismphpar/poispos_mph_3e3a8fd0.csv,1,16,144,3,modified_position,7.12946928160818e-08,1.2468011334476614e-07,2.5401517333989432e-08,0.9999997615814209
poison/poismph/datapoismphpar/poispos_mph_3e3a8fd0.csv,2,32,160,3,modified_position,1.6874826536117382e-10,6.154122766943715e-10,1.6638639077637407e-10,1.0
poison/poismph/datapoismphpar/poispos_mph_3e3a8fd0.csv,3,48,176,3,modified_position,1.509922881171022e-10,6.378850780919265e-10,1.515930853068781e-10,1.0
poison/poismph/datapoismphpar/poispos_mph_3e3a8fd0.csv,4,64,192,3,modified_position,2.0016738266903644e-10,8.773806126072259e-10,1.6588033724396212e-10,1.0
poison/poismph/datapoismphpar/poispos_mph_3e3a8fd0.csv,5,80,208,3,modified_position,4.164055766864294e-10,7.659586298558452e-10,2.158384998507401e-10,1.0
poison/poismph/datapoismphpar/poispos_mph_3e3a8fd0.csv,6,96,224,3,modified_position,6.654979900488911e-10,1.1393285204164272e-09,3.118275637703505e-10,1.0
poison/poismph/datapoismphpar/poispos_mph_3e3a8fd0.csv,7,112,240,3,modified_position,3.6934999503301924e-10,4.223473126785393e-09,6.471843061461868e-10,1.0
poison/poismph/datapoismphpar/poispos_mph_3e47f111.csv,0,0,128,0,authentic,0.9684880375862122,0.009452128782868385,0.008535533212125301,0.013524218462407589
poison/poismph/datapoismphpar/poispos_mph_3e47f111.csv,1,16,144,0,authentic,0.952681839466095,0.013950764201581478,0.011400238610804081,0.021967194974422455
poison/poismph/datapoismphpar/poispos_mph_3e47f111.csv,2,32,160,0,authentic,0.9493832588195801,0.02223942242562771,0.01299265306442976,0.015384739264845848
poison/poismph/datapoismphpar/poispos_mph_3e47f111.csv,3,48,176,3,modified_position,0.000198032459593378,2.25902895181207e-05,2.931234303105157e-05,0.9997501373291016
poison/poismph/datapoismphpar/poispos_mph_3e47f111.csv,4,64,192,3,modified_position,4.8500943705676036e-08,3.69082044926472e-08,3.987312169329016e-08,0.9999998807907104
poison/poismph/datapoismphpar/poispos_mph_3e47f111.csv,5,80,208,3,modified_position,1.2947155880738137e-07,2.3600264853484987e-07,9.232378062051794e-08,0.9999995231628418
poison/poismph/datapoismphpar/poispos_mph_3e488bea.csv,0,0,128,0,authentic,0.9473410844802856,0.014350038953125477,0.014720182865858078,0.023588640615344048
poison/poismph/datapoismphpar/poispos_mph_3e488bea.csv,1,16,144,0,authentic,0.9365079998970032,0.01882815733551979,0.01910867542028427,0.025555232539772987
poison/poismph/datapoismphpar/poispos_mph_3e488bea.csv,2,32,160,0,authentic,0.9651955962181091,0.010232229717075825,0.009188080206513405,0.015384241007268429
poison/poismph/datapoismphpar/poispos_mph_3e488bea.csv,3,48,176,3,modified_position,7.750211921120354e-07,8.315513611023562e-08,1.5359147198523715e-07,0.9999990463256836
poison/poismph/datapoismphpar/poispos_mph_3e488bea.csv,4,64,192,3,modified_position,6.242021299840417e-07,9.933724243182951e-08,1.216260727687768e-07,0.9999991655349731
poison/poismph/datapoismphpar/poispos_mph_3e4c8398.csv,0,0,128,0,authentic,0.9374733567237854,0.02077607437968254,0.019046170637011528,0.02270451746881008
poison/poismph/datapoismphpar/poispos_mph_3e4c8398.csv,1,16,144,0,authentic,0.9480993151664734,0.021267596632242203,0.013609282672405243,0.01702381670475006
poison/poismph/datapoismphpar/poispos_mph_3e4c8398.csv,2,32,160,0,authentic,0.7414433360099792,0.057436950504779816,0.04353620857000351,0.15758353471755981
poison/poismph/datapoismphpar/poispos_mph_3e4c8398.csv,3,48,176,0,authentic,0.7437094449996948,0.0722268596291542,0.050217971205711365,0.13384567201137543
poison/poismph/datapoismphpar/poispos_mph_3e4c8398.csv,4,64,192,3,modified_position,2.7217492970521562e-05,5.737566880270606e-06,2.4864193619578145e-05,0.9999421834945679
poison/poismph/datapoismphpar/poispos_mph_3e4c8398.csv,5,80,208,3,modified_position,7.233128229700014e-08,4.387624130686163e-08,1.0830039087750265e-07,0.9999997615814209
poison/poismph/datapoismphpar/poispos_mph_3e4c8398.csv,6,96,224,3,modified_position,2.1375400061085514e-10,3.362982670118697e-10,2.036794732873659e-09,1.0
poison/poismph/datapoismphpar/poispos_mph_3e4c8398.csv,7,112,240,3,modified_position,1.081607692299258e-09,6.727546852935973e-10,8.540111950949836e-10,1.0
poison/poismph/datapoismphpar/poispos_mph_3e4c8398.csv,8,128,256,3,modified_position,1.0964110730427024e-09,7.59014240347966e-10,4.151066435031936e-10,1.0
poison/poismph/datapoismphpar/poispos_mph_3e500481.csv,0,0,128,0,authentic,0.9799972772598267,0.005286781582981348,0.008065625093877316,0.006650302093476057
poison/poismph/datapoismphpar/poispos_mph_3e500481.csv,1,16,144,0,authentic,0.7033116817474365,0.01997608318924904,0.0187215693295002,0.25799065828323364
poison/poismph/datapoismphpar/poispos_mph_3e500481.csv,2,32,160,3,modified_position,7.468428719903386e-08,2.7831038806880315e-08,3.3861507375831934e-08,0.9999998807907104
poison/poismph/datapoismphpar/poispos_mph_3e500481.csv,3,48,176,3,modified_position,5.793531698827792e-08,2.8772713989155818e-08,2.9087011910178262e-08,0.9999998807907104
poison/poismph/datapoismphpar/poispos_mph_3e500481.csv,4,64,192,3,modified_position,9.497038178096773e-08,3.134420367700841e-08,2.8866931955917607e-08,0.9999998807907104
poison/poismph/datapoismphpar/poispos_mph_3e500481.csv,5,80,208,3,modified_position,8.299358000840584e-08,3.340916165939234e-08,3.6720443574722594e-08,0.9999998807907104
poison/poismph/datapoismphpar/poispos_mph_3e500481.csv,6,96,224,3,modified_position,1.03417079344581e-07,2.8079188751917172e-08,3.8410021829804464e-08,0.9999998807907104
poison/poismph/datapoismphpar/poispos_mph_3e500481.csv,7,112,240,3,modified_position,1.1235604802095622e-07,5.383740386832869e-08,2.2225546558729548e-07,0.9999996423721313
poison/poismph/datapoismphpar/poispos_mph_3e503efe.csv,0,0,128,0,authentic,0.988229513168335,0.006986456457525492,0.002863500500097871,0.0019204512936994433
poison/poismph/datapoismphpar/poispos_mph_3e503efe.csv,1,16,144,3,modified_position,0.0041848961263895035,6.642715015914291e-05,9.645168029237539e-05,0.9956522583961487
poison/poismph/datapoismphpar/poispos_mph_3e503efe.csv,2,32,160,3,modified_position,8.949175289707512e-10,6.601137414463665e-10,5.614754217120321e-10,1.0
poison/poismph/datapoismphpar/poispos_mph_3e503efe.csv,3,48,176,3,modified_position,9.077352203235023e-10,6.494298987469449e-10,4.692967126018743e-10,1.0
poison/poismph/datapoismphpar/poispos_mph_3e503efe.csv,4,64,192,3,modified_position,2.02817318495363e-09,9.007674051098036e-10,4.714031942576469e-10,1.0
poison/poismph/datapoismphpar/poispos_mph_3e503efe.csv,5,80,208,3,modified_position,2.0405159784075977e-09,7.737394613904769e-10,2.1629853463878135e-09,1.0
poison/poismph/datapoismphpar/poispos_mph_3e503efe.csv,6,96,224,3,modified_position,7.685991398886927e-09,2.9348141694640617e-09,2.1987285325764105e-09,1.0
poison/poismph/datapoismphpar/poispos_mph_3e57a9b1.csv,0,0,128,3,modified_position,6.789571671106387e-06,9.054418796949903e-07,9.721879905555397e-07,0.9999912977218628
poison/poismph/datapoismphpar/poispos_mph_3e57a9b1.csv,1,16,144,3,modified_position,3.530567937559681e-06,9.519165473648172e-07,6.486340566880244e-07,0.9999948740005493
poison/poismph/datapoismphpar/poispos_mph_3e57a9b1.csv,2,32,160,3,modified_position,4.448194431461161e-06,1.2617226730071707e-06,1.0088546105180285e-06,0.9999933242797852
poison/poismph/datapoismphpar/poispos_mph_3e57a9b1.csv,3,48,176,3,modified_position,0.0007430522819049656,7.63017451390624e-05,4.8889640311244875e-05,0.9991317987442017
poison/poismph/datapoismphpar/poispos_mph_3e57a9b1.csv,4,64,192,3,modified_position,0.013249884359538555,0.00035951711470261216,0.00034880073508247733,0.9860418438911438
poison/poismph/datapoismphpar/poispos_mph_3e57a9b1.csv,5,80,208,0,authentic,0.9751636385917664,0.003566392930224538,0.005441523622721434,0.015828512609004974
poison/poismph/datapoismphpar/poispos_mph_3e5e15b4.csv,0,0,128,3,modified_position,2.6222127247343963e-10,2.3442883190227803e-08,5.144453751881883e-10,1.0
poison/poismph/datapoismphpar/poispos_mph_3e5e15b4.csv,1,16,144,3,modified_position,2.985410807454514e-10,2.8328042134262432e-08,5.024113347573689e-10,1.0
poison/poismph/datapoismphpar/poispos_mph_3e5e15b4.csv,2,32,160,3,modified_position,2.3671919979761924e-10,2.200483173453449e-08,4.6486722804495173e-10,1.0
poison/poismph/datapoismphpar/poispos_mph_3e5e15b4.csv,3,48,176,3,modified_position,3.4409480820229987e-10,2.2681827971382518e-08,5.951756310018652e-10,1.0
poison/poismph/datapoismphpar/poispos_mph_3e5e15b4.csv,4,64,192,3,modified_position,5.226732935348366e-10,2.545744592907795e-08,9.109474286006503e-10,1.0
poison/poismph/datapoismphpar/poispos_mph_3e5e15b4.csv,5,80,208,3,modified_position,8.909373239163187e-10,2.8793579076591413e-08,2.083319072809786e-09,1.0
poison/poismph/datapoismphpar/poispos_mph_3e5e15b4.csv,6,96,224,3,modified_position,1.0319946008863212e-09,2.2224801554671103e-08,2.1552966078530744e-09,1.0
poison/poismph/datapoismphpar/poispos_mph_3e5e15b4.csv,7,112,240,3,modified_position,2.6276522291368565e-08,1.1591071597649716e-05,5.506387790177314e-09,0.9999884366989136
poison/poismph/datapoismphpar/poispos_mph_3e5ea18c.csv,0,0,128,3,modified_position,1.7565003872732632e-05,3.644198386609787e-06,7.793341501383111e-05,0.9999008774757385
poison/poismph/datapoismphpar/poispos_mph_3e5ea18c.csv,1,16,144,3,modified_position,1.4969841686252039e-05,5.813044026581338e-06,5.907320519327186e-05,0.9999201893806458
poison/poismph/datapoismphpar/poispos_mph_3e5ea18c.csv,2,32,160,3,modified_position,1.5969662854331546e-05,6.9214524955896195e-06,6.95117050781846e-05,0.9999076724052429
poison/poismph/datapoismphpar/poispos_mph_3e5ea18c.csv,3,48,176,3,modified_position,3.532938353600912e-05,1.0696255230868701e-05,7.904065569164231e-05,0.9998749494552612
poison/poismph/datapoismphpar/poispos_mph_3e5ea18c.csv,4,64,192,3,modified_position,8.037599036470056e-05,4.58570593764307e-06,6.592772842850536e-05,0.9998490810394287
poison/poismph/datapoismphpar/poispos_mph_3e5ea18c.csv,5,80,208,3,modified_position,0.0002869053278118372,1.3400211173575372e-05,0.00015687133418396115,0.9995428323745728
poison/poismph/datapoismphpar/poispos_mph_3e61b514.csv,0,0,128,0,authentic,0.9738308191299438,0.003267008578404784,0.00557461753487587,0.01732754334807396
poison/poismph/datapoismphpar/poispos_mph_3e61b514.csv,1,16,144,3,modified_position,0.0023659581784158945,7.922843360574916e-05,0.0002053886855719611,0.9973493814468384
poison/poismph/datapoismphpar/poispos_mph_3e61b514.csv,2,32,160,3,modified_position,0.0029943720437586308,0.00011507832823554054,0.0002731607819441706,0.9966174364089966
poison/poismph/datapoismphpar/poispos_mph_3e61b514.csv,3,48,176,3,modified_position,0.005729240830987692,0.00020689757366199046,0.0004339611332397908,0.9936298727989197
poison/poismph/datapoismphpar/poispos_mph_3e61b514.csv,4,64,192,3,modified_position,0.06076781824231148,0.00174920994322747,0.003280522534623742,0.9342024922370911
poison/poismph/datapoismphpar/poispos_mph_3e61b514.csv,5,80,208,3,modified_position,0.3965293765068054,0.008650362491607666,0.013183355331420898,0.5816369652748108
poison/poismph/datapoismphpar/poispos_mph_3e61b514.csv,6,96,224,3,modified_position,0.40572476387023926,0.03733185678720474,0.02294594794511795,0.5339974164962769
poison/poismph/datapoismphpar/poispos_mph_3e61b514.csv,7,112,240,0,authentic,0.8101850152015686,0.022254392504692078,0.009747838601469994,0.15781269967556
poison/poismph/datapoismphpar/poispos_mph_3e61b514.csv,8,128,256,3,modified_position,0.007318447809666395,0.00042138705612160265,5.683665585820563e-05,0.9922032356262207
poison/poismph/datapoismphpar/poispos_mph_3e622608.csv,0,0,128,0,authentic,0.558653712272644,0.37896597385406494,0.04994171857833862,0.012438645586371422
poison/poismph/datapoismphpar/poispos_mph_3e622608.csv,1,16,144,3,modified_position,0.005978738889098167,0.006456834729760885,0.000655558193102479,0.9869088530540466
poison/poismph/datapoismphpar/poispos_mph_3e622608.csv,2,32,160,3,modified_position,8.47571735018704e-11,9.282394297649432e-10,5.708288286498941e-10,1.0
poison/poismph/datapoismphpar/poispos_mph_3e622608.csv,3,48,176,3,modified_position,5.597108540533746e-11,9.951321988665995e-10,4.2200407057713107e-10,1.0
poison/poismph/datapoismphpar/poispos_mph_3e656a7d.csv,0,0,128,3,modified_position,6.444217433454469e-05,1.15813681986765e-05,5.486511145136319e-05,0.9998691082000732
poison/poismph/datapoismphpar/poispos_mph_3e656a7d.csv,1,16,144,3,modified_position,0.00012677117774728686,1.1615400580922142e-05,3.85207385988906e-05,0.9998230934143066
poison/poismph/datapoismphpar/poispos_mph_3e656a7d.csv,2,32,160,3,modified_position,0.00011150586942676455,1.30271282614558e-05,4.2895273509202525e-05,0.9998325705528259
poison/poismph/datapoismphpar/poispos_mph_3e656a7d.csv,3,48,176,3,modified_position,0.00013384594058152288,1.5514136975980364e-05,5.650824823533185e-05,0.9997941851615906
poison/poismph/datapoismphpar/poispos_mph_3e656a7d.csv,4,64,192,3,modified_position,0.0002045351720880717,1.995810634980444e-05,4.97249020554591e-05,0.9997257590293884
poison/poismph/datapoismphpar/poispos_mph_3e696d81.csv,0,0,128,0,authentic,0.9576470851898193,0.02206498198211193,0.00917157530784607,0.011116430163383484
poison/poismph/datapoismphpar/poispos_mph_3e696d81.csv,1,16,144,0,authentic,0.9583755731582642,0.019197238609194756,0.008096926845610142,0.014330407604575157
poison/poismph/datapoismphpar/poispos_mph_3e696d81.csv,2,32,160,0,authentic,0.8818750977516174,0.08326578140258789,0.017882203683257103,0.016976844519376755
poison/poismph/datapoismphpar/poispos_mph_3e696d81.csv,3,48,176,3,modified_position,1.639861295643641e-07,8.143567953311504e-08,1.2081711986411392e-07,0.9999996423721313
poison/poismph/datapoismphpar/poispos_mph_3e696d81.csv,4,64,192,3,modified_position,1.0680126649731392e-07,1.4463363129380014e-07,1.1782136510873897e-07,0.9999996423721313
poison/poismph/datapoismphpar/poispos_mph_3e6caa8e.csv,0,0,128,0,authentic,0.9803432822227478,0.010277210734784603,0.0050794463604688644,0.004300116561353207
poison/poismph/datapoismphpar/poispos_mph_3e6caa8e.csv,1,16,144,0,authentic,0.991452157497406,0.003570199478417635,0.002667299471795559,0.002310436451807618
poison/poismph/datapoismphpar/poispos_mph_3e6caa8e.csv,2,32,160,0,authentic,0.9819770455360413,0.005744489841163158,0.004830762278288603,0.007447652984410524
poison/poismph/datapoismphpar/poispos_mph_3e6caa8e.csv,3,48,176,3,modified_position,0.004834802821278572,0.00034401286393404007,0.0004500444047152996,0.9943711161613464
poison/poismph/datapoismphpar/poispos_mph_3e6caa8e.csv,4,64,192,3,modified_position,0.00433066301047802,0.00044435588642954826,0.000395550683606416,0.9948294162750244
poison/poismph/datapoismphpar/poispos_mph_3e6caa8e.csv,5,80,208,3,modified_position,0.005730040837079287,0.0008076703525148332,0.0006381415878422558,0.992824137210846
poison/poismph/datapoismphpar/poispos_mph_3e6caa8e.csv,6,96,224,3,modified_position,0.026180466637015343,0.00042973391828127205,0.0007844690699130297,0.972605288028717
poison/poismph/datapoismphpar/poispos_mph_3e6caa8e.csv,7,112,240,3,modified_position,0.027515538036823273,0.0011305386433377862,0.0015503217000514269,0.9698035717010498
poison/poismph/datapoismphpar/poispos_mph_3e73fb1c.csv,0,0,128,0,authentic,0.9524499773979187,0.020603245124220848,0.013468612916767597,0.013478102162480354
poison/poismph/datapoismphpar/poispos_mph_3e73fb1c.csv,1,16,144,0,authentic,0.9746872186660767,0.011338330805301666,0.0066637578420341015,0.007310735993087292
poison/poismph/datapoismphpar/poispos_mph_3e73fb1c.csv,2,32,160,0,authentic,0.9864266514778137,0.006064463872462511,0.0036012576892971992,0.00390761299058795
poison/poismph/datapoismphpar/poispos_mph_3e73fb1c.csv,3,48,176,0,authentic,0.9753283262252808,0.010168344713747501,0.005612142384052277,0.008891193196177483
poison/poismph/datapoismphpar/poispos_mph_3e73fb1c.csv,4,64,192,0,authentic,0.9463940858840942,0.021899379789829254,0.015322689898312092,0.01638384722173214
poison/poismph/datapoismphpar/poispos_mph_3e73fb1c.csv,5,80,208,3,modified_position,5.1259070460218936e-05,4.521966548054479e-05,8.165035978890955e-06,0.9998953342437744
poison/poismph/datapoismphpar/poispos_mph_3e73fb1c.csv,6,96,224,3,modified_position,6.190496726343753e-11,2.0977892756235406e-09,5.96864571655864e-11,1.0
poison/poismph/datapoismphpar/poispos_mph_3e743eea.csv,0,0,128,0,authentic,0.9286642074584961,0.021194884553551674,0.034490808844566345,0.015650097280740738
poison/poismph/datapoismphpar/poispos_mph_3e743eea.csv,1,16,144,0,authentic,0.9059097170829773,0.030939139425754547,0.04513660445809364,0.018014566972851753
poison/poismph/datapoismphpar/poispos_mph_3e743eea.csv,2,32,160,0,authentic,0.9283872842788696,0.02831427939236164,0.02863933891057968,0.014659075066447258
poison/poismph/datapoismphpar/poispos_mph_3e743eea.csv,3,48,176,3,modified_position,2.825859013455556e-08,1.4834221850890117e-08,5.327264673837817e-08,1.0
poison/poismph/datapoismphpar/poispos_mph_3e77a028.csv,0,0,128,0,authentic,0.9940837025642395,0.0021568285301327705,0.0015101952012628317,0.002249346347525716
poison/poismph/datapoismphpar/poispos_mph_3e77a028.csv,1,16,144,3,modified_position,1.787273995468297e-09,4.0083691921211084e-10,1.0593248500612162e-09,1.0
poison/poismph/datapoismphpar/poispos_mph_3e77a028.csv,2,32,160,3,modified_position,1.1505048025384212e-09,4.5701115114482604e-10,7.272548119274802e-10,1.0
poison/poismph/datapoismphpar/poispos_mph_3e77a028.csv,3,48,176,3,modified_position,1.8766050935425937e-09,5.075662667941572e-10,7.851749250775697e-10,1.0
poison/poismph/datapoismphpar/poispos_mph_3e77f289.csv,0,0,128,3,modified_position,3.7015436191722983e-06,4.933655191052821e-07,6.114112807154015e-07,0.999995231628418
poison/poismph/datapoismphpar/poispos_mph_3e77f289.csv,1,16,144,3,modified_position,5.7749221014091745e-06,9.255228405891103e-07,8.669766202729079e-07,0.9999924898147583
poison/poismph/datapoismphpar/poispos_mph_3e77f289.csv,2,32,160,3,modified_position,5.782851076219231e-06,1.2594504141816287e-06,6.935633223292825e-07,0.9999922513961792
poison/poismph/datapoismphpar/poispos_mph_3e77f289.csv,3,48,176,3,modified_position,4.778607944899704e-06,3.0146607059577946e-06,2.3013205918687163e-06,0.9999899864196777
poison/poismph/datapoismphpar/poispos_mph_3e77f289.csv,4,64,192,3,modified_position,1.3039082659815904e-05,3.5190766993764555e-06,4.294747213862138e-06,0.9999791383743286
poison/poismph/datapoismphpar/poispos_mph_3e7b8676.csv,0,0,128,3,modified_position,6.021404902467609e-11,1.1567422020242191e-10,1.3806347176625877e-09,1.0
poison/poismph/datapoismphpar/poispos_mph_3e7b8676.csv,1,16,144,3,modified_position,7.302401044961826e-11,1.3569394219370423e-10,1.4510687096347397e-09,1.0
poison/poismph/datapoismphpar/poispos_mph_3e7b8676.csv,2,32,160,3,modified_position,7.496104431625739e-11,1.3105833085447216e-10,1.0265918115592854e-09,1.0
poison/poismph/datapoismphpar/poispos_mph_3e7b8676.csv,3,48,176,3,modified_position,1.0937015182399534e-10,1.1932994870011981e-10,8.969356923849148e-10,1.0
poison/poismph/datapoismphpar/poispos_mph_3e7b8676.csv,4,64,192,3,modified_position,1.536291788228894e-10,1.0943108225136555e-10,1.0289009644282032e-09,1.0
poison/poismph/datapoismphpar/poispos_mph_3e7b8fcb.csv,0,0,128,3,modified_position,3.035940943085791e-11,2.541962473845416e-10,1.7650900185905982e-10,1.0
poison/poismph/datapoismphpar/poispos_mph_3e7b8fcb.csv,1,16,144,3,modified_position,3.5699606465433575e-11,3.479835863906544e-10,1.999277549069589e-10,1.0
poison/poismph/datapoismphpar/poispos_mph_3e7b8fcb.csv,2,32,160,3,modified_position,4.484904808643719e-11,4.2353698326280664e-10,2.6093308069796706e-10,1.0
poison/poismph/datapoismphpar/poispos_mph_3e7b8fcb.csv,3,48,176,3,modified_position,6.477544889360587e-11,3.9309602795079e-10,1.6421974891045465e-10,1.0
poison/poismph/datapoismphpar/poispos_mph_3e7b8fcb.csv,4,64,192,3,modified_position,7.288569747743168e-11,3.5880659554621275e-10,1.0408818945650822e-10,1.0
poison/poismph/datapoismphpar/poispos_mph_3e7b8fcb.csv,5,80,208,3,modified_position,8.060727779701793e-11,5.349242715446678e-10,1.538637689479927e-10,1.0
poison/poismph/datapoismphpar/poispos_mph_3e7b9bb4.csv,0,0,128,3,modified_position,4.252671459425983e-08,1.4665975811567478e-07,2.634572204840424e-08,0.9999997615814209
poison/poismph/datapoismphpar/poispos_mph_3e7b9bb4.csv,1,16,144,3,modified_position,1.965897311606568e-08,7.031560045334118e-08,1.9028272291166104e-08,0.9999998807907104
poison/poismph/datapoismphpar/poispos_mph_3e7b9bb4.csv,2,32,160,3,modified_position,2.1415289097603818e-08,7.115355060705042e-08,1.3484882543934873e-08,0.9999998807907104
poison/poismph/datapoismphpar/poispos_mph_3e7b9bb4.csv,3,48,176,3,modified_position,5.233211197719356e-08,1.0086374402362708e-07,2.182442671028184e-08,0.9999998807907104
poison/poismph/datapoismphpar/poispos_mph_3e7b9bb4.csv,4,64,192,3,modified_position,4.174714973714799e-08,3.3988084169322974e-07,2.997589021447311e-08,0.9999996423721313
poison/poismph/datapoismphpar/poispos_mph_3e7f3fd9.csv,0,0,128,3,modified_position,8.49063527819105e-11,7.386704442557956e-11,1.2495181278548984e-10,1.0
poison/poismph/datapoismphpar/poispos_mph_3e7f3fd9.csv,1,16,144,3,modified_position,1.1184682346954133e-10,1.2214626532447426e-10,1.5866680191933824e-10,1.0
poison/poismph/datapoismphpar/poispos_mph_3e7f3fd9.csv,2,32,160,3,modified_position,1.441273211888472e-10,1.3392288666924657e-10,1.6061031671288362e-10,1.0
poison/poismph/datapoismphpar/poispos_mph_3e7f3fd9.csv,3,48,176,3,modified_position,1.4562223649150496e-10,1.0135131622845961e-10,1.4424997307749265e-10,1.0
poison/poismph/datapoismphpar/poispos_mph_3e7f3fd9.csv,4,64,192,3,modified_position,0.00011499227548483759,8.961173989519011e-06,1.4552746506524272e-05,0.999861478805542
poison/poismph/datapoismphpar/poispos_mph_3e83ff63.csv,0,0,128,3,modified_position,1.8022711101295386e-09,1.0283751628037407e-09,4.203318137996348e-09,1.0
poison/poismph/datapoismphpar/poispos_mph_3e83ff63.csv,1,16,144,3,modified_position,2.344564542511307e-09,1.5201762071370695e-09,5.555707449644842e-09,1.0
poison/poismph/datapoismphpar/poispos_mph_3e83ff63.csv,2,32,160,3,modified_position,3.152321514932055e-09,1.2264405047091032e-09,4.200977787860438e-09,1.0
poison/poismph/datapoismphpar/poispos_mph_3e83ff63.csv,3,48,176,3,modified_position,2.956179745439158e-09,9.512004517375772e-10,3.586022145896095e-09,1.0
poison/poismph/datapoismphpar/poispos_mph_3e881f6e.csv,0,0,128,3,modified_position,1.7602134903427213e-05,3.574275251594372e-05,9.12570430955384e-06,0.9999374151229858
poison/poismph/datapoismphpar/poispos_mph_3e881f6e.csv,1,16,144,3,modified_position,2.969708657474257e-05,7.222792191896588e-05,2.1277683117659763e-05,0.9998767375946045
poison/poismph/datapoismphpar/poispos_mph_3e881f6e.csv,2,32,160,3,modified_position,5.706361844204366e-05,3.7089430406922475e-05,1.3280518032843247e-05,0.9998925924301147
poison/poismph/datapoismphpar/poispos_mph_3e881f6e.csv,3,48,176,3,modified_position,0.0004348794464021921,9.986843360820785e-05,2.3490063540521078e-05,0.9994418621063232
poison/poismph/datapoismphpar/poispos_mph_3e881f6e.csv,4,64,192,3,modified_position,0.0004629940667655319,9.856030374066904e-05,2.768739068415016e-05,0.99941086769104
poison/poismph/datapoismphpar/poispos_mph_3e9de1d5.csv,0,0,128,3,modified_position,0.00032551048207096756,5.075330136605771e-06,3.0626961233792827e-05,0.9996387958526611
poison/poismph/datapoismphpar/poispos_mph_3e9de1d5.csv,1,16,144,3,modified_position,5.3405202038447896e-08,1.089850076851917e-08,2.081000616271922e-08,0.9999998807907104
poison/poismph/datapoismphpar/poispos_mph_3e9de1d5.csv,2,32,160,3,modified_position,1.2024109485864187e-10,5.554613990987889e-10,1.3784395846982989e-10,1.0
poison/poismph/datapoismphpar/poispos_mph_3e9de1d5.csv,3,48,176,3,modified_position,6.988990636225267e-11,4.711316892169748e-10,8.016570740565498e-11,1.0
poison/poismph/datapoismphpar/poispos_mph_3e9de1d5.csv,4,64,192,3,modified_position,8.102933601872309e-11,4.919613605380846e-10,1.0177205606032302e-10,1.0
poison/poismph/datapoismphpar/poispos_mph_3e9de1d5.csv,5,80,208,3,modified_position,7.909766591707168e-11,5.121466029045507e-10,3.458865693861668e-10,1.0
poison/poismph/datapoismphpar/poispos_mph_3e9de1d5.csv,6,96,224,3,modified_position,1.6486688403372085e-10,1.2357980194721563e-09,3.8313549555191173e-10,1.0
poison/poismph/datapoismphpar/poispos_mph_3e9de1d5.csv,7,112,240,3,modified_position,2.708558932695837e-10,1.6460366403237003e-09,4.6051998325857824e-10,1.0
poison/poismph/datapoismphpar/poispos_mph_3e9e281c.csv,0,0,128,0,authentic,0.9946645498275757,0.0014052041806280613,0.0013099673669785261,0.0026202555745840073
poison/poismph/datapoismphpar/poispos_mph_3e9e281c.csv,1,16,144,0,authentic,0.9939408898353577,0.0014735879376530647,0.0016508455155417323,0.00293465587310493
poison/poismph/datapoismphpar/poispos_mph_3e9e281c.csv,2,32,160,3,modified_position,1.156041484762227e-09,2.7689958659316005e-10,6.92182977601874e-09,1.0
poison/poismph/datapoismphpar/poispos_mph_3e9e281c.csv,3,48,176,3,modified_position,1.4705920925450755e-09,2.392812614715467e-10,5.269829461695963e-09,1.0
poison/poismph/datapoismphpar/poispos_mph_3e9e281c.csv,4,64,192,3,modified_position,1.6684951198442377e-09,3.4068717291724226e-10,7.868349527484497e-09,1.0
poison/poismph/datapoismphpar/poispos_mph_3e9e281c.csv,5,80,208,3,modified_position,1.696199403156129e-09,3.0326208211306493e-10,7.14121162204151e-09,1.0
poison/poismph/datapoismphpar/poispos_mph_3e9e281c.csv,6,96,224,3,modified_position,2.3886463917932588e-09,3.77730458023251e-10,8.047432942248633e-09,1.0
poison/poismph/datapoismphpar/poispos_mph_3e9e281c.csv,7,112,240,3,modified_position,2.6621163051743224e-09,1.970754448521461e-09,1.4749750754106117e-08,1.0
poison/poismph/datapoismphpar/poispos_mph_3e9e8545.csv,0,0,128,3,modified_position,5.8787982482044754e-08,8.946827989575468e-08,3.0922066684979654e-08,0.9999998807907104
poison/poismph/datapoismphpar/poispos_mph_3e9e8545.csv,1,16,144,3,modified_position,2.4599767556310326e-08,3.149943239577624e-08,1.217440104284151e-08,1.0
poison/poismph/datapoismphpar/poispos_mph_3e9e8545.csv,2,32,160,3,modified_position,2.4361634487490846e-08,3.3502267626772664e-08,9.589977700841246e-09,1.0
poison/poismph/datapoismphpar/poispos_mph_3e9e8545.csv,3,48,176,3,modified_position,3.622271904646368e-08,2.7171559224825614e-08,9.185513683007684e-09,0.9999998807907104
poison/poismph/datapoismphpar/poispos_mph_3e9e8545.csv,4,64,192,3,modified_position,3.476303689353699e-08,2.024927248100994e-08,9.051078997401873e-09,1.0
poison/poismph/datapoismphpar/poispos_mph_3ea21b8b.csv,0,0,128,0,authentic,0.9900234937667847,0.0034035141579806805,0.0026514835190027952,0.003921466879546642
poison/poismph/datapoismphpar/poispos_mph_3ea21b8b.csv,1,16,144,0,authentic,0.9751714468002319,0.006516928318887949,0.005801933817565441,0.012509673833847046
poison/poismph/datapoismphpar/poispos_mph_3ea21b8b.csv,2,32,160,3,modified_position,5.746538533912826e-08,1.1184740600356236e-07,4.412222054384074e-08,0.9999998807907104
poison/poismph/datapoismphpar/poispos_mph_3ea21b8b.csv,3,48,176,3,modified_position,6.430431653825508e-08,8.929116290801176e-08,3.693228833867579e-08,0.9999998807907104
poison/poismph/datapoismphpar/poispos_mph_3ea21b8b.csv,4,64,192,3,modified_position,8.726250655399781e-08,8.740992996081332e-08,2.354504857748907e-08,0.9999998807907104
poison/poismph/datapoismphpar/poispos_mph_3ea21b8b.csv,5,80,208,3,modified_position,1.1738308103304007e-07,9.164936898287124e-08,3.333455822485121e-08,0.9999997615814209
poison/poismph/datapoismphpar/poispos_mph_3ea21b8b.csv,6,96,224,3,modified_position,6.187624990161567e-08,1.6641882893964066e-07,3.4054323805321474e-08,0.9999997615814209
poison/poismph/datapoismphpar/poispos_mph_3ea262ed.csv,0,0,128,0,authentic,0.9635169506072998,0.016539810225367546,0.011930875480175018,0.008012349717319012
poison/poismph/datapoismphpar/poispos_mph_3ea262ed.csv,1,16,144,3,modified_position,9.3231597020349e-07,3.0842900855532207e-07,1.3147977142580203e-06,0.9999974966049194
poison/poismph/datapoismphpar/poispos_mph_3ea262ed.csv,2,32,160,3,modified_position,1.4189964758770657e-06,3.3304783642051916e-07,1.8128654346583062e-06,0.9999964237213135
poison/poismph/datapoismphpar/poispos_mph_3ea262ed.csv,3,48,176,3,modified_position,1.8647875776878209e-06,6.317908969322161e-07,1.8709598634814029e-06,0.9999955892562866
poison/poismph/datapoismphpar/poispos_mph_3ea262ed.csv,4,64,192,3,modified_position,3.272244157415116e-06,8.472152899230423e-07,2.6512939257372636e-06,0.9999932050704956
poison/poismph/datapoismphpar/poispos_mph_3ea5338f.csv,0,0,128,0,authentic,0.9353613257408142,0.01697627454996109,0.01628286764025688,0.03137954697012901
poison/poismph/datapoismphpar/poispos_mph_3ea5338f.csv,1,16,144,0,authentic,0.8939692378044128,0.025359701365232468,0.025264833122491837,0.05540616065263748
poison/poismph/datapoismphpar/poispos_mph_3ea5338f.csv,2,32,160,0,authentic,0.965594470500946,0.006324918009340763,0.00578329898416996,0.02229720912873745
poison/poismph/datapoismphpar/poispos_mph_3ea5338f.csv,3,48,176,3,modified_position,9.412819679255335e-08,6.923046669271571e-08,1.0131472549801401e-07,0.9999997615814209
poison/poismph/datapoismphpar/poispos_mph_3ea5338f.csv,4,64,192,3,modified_position,1.2941109162056819e-07,7.370907439963048e-08,1.3641630403071758e-07,0.9999996423721313
poison/poismph/datapoismphpar/poispos_mph_3ea5338f.csv,5,80,208,3,modified_position,1.0994272514608383e-07,8.475452517586746e-08,1.1410167388703485e-07,0.9999996423721313
poison/poismph/datapoismphpar/poispos_mph_3ea57789.csv,0,0,128,3,modified_position,1.4957585392494366e-08,1.5516981477503577e-08,3.61605252408026e-08,1.0
poison/poismph/datapoismphpar/poispos_mph_3ea57789.csv,1,16,144,3,modified_position,1.6791943835414713e-08,1.9319742250445415e-08,4.606926395922528e-08,1.0
poison/poismph/datapoismphpar/poispos_mph_3ea57789.csv,2,32,160,3,modified_position,3.013986571431815e-08,1.5769186845204786e-08,4.2923016252416346e-08,1.0
poison/poismph/datapoismphpar/poispos_mph_3ea57789.csv,3,48,176,3,modified_position,2.961813727608842e-08,2.1791235482737648e-08,3.494978884077682e-08,1.0
poison/poismph/datapoismphpar/poispos_mph_3ea57789.csv,4,64,192,3,modified_position,5.193308183493173e-08,1.9709132104139826e-08,3.2516688008854544e-08,0.9999998807907104
poison/poismph/datapoismphpar/poispos_mph_3ea59d67.csv,0,0,128,3,modified_position,5.431253953247506e-07,1.6938534486143908e-07,5.953471600150806e-07,0.9999986886978149
poison/poismph/datapoismphpar/poispos_mph_3ea59d67.csv,1,16,144,3,modified_position,7.049596888464293e-07,1.7881855285395432e-07,5.321218736753508e-07,0.9999986886978149
poison/poismph/datapoismphpar/poispos_mph_3ea59d67.csv,2,32,160,3,modified_position,6.850457339169225e-07,2.2254624809647794e-07,4.154061059580272e-07,0.9999986886978149
poison/poismph/datapoismphpar/poispos_mph_3ea59d67.csv,3,48,176,3,modified_position,1.3691500271306722e-06,3.729827540155384e-07,6.92768423959933e-07,0.9999974966049194
poison/poismph/datapoismphpar/poispos_mph_3ea59d67.csv,4,64,192,3,modified_position,1.0923711215582443e-06,4.128212935938791e-07,7.026534376564086e-07,0.9999977350234985
poison/poismph/datapoismphpar/poispos_mph_3eac32b0.csv,0,0,128,0,authentic,0.9872242212295532,0.006137441843748093,0.004322405438870192,0.0023159494157880545
poison/poismph/datapoismphpar/poispos_mph_3eac32b0.csv,1,16,144,0,authentic,0.9810062050819397,0.009738636203110218,0.00674250116571784,0.0025126561522483826
poison/poismph/datapoismphpar/poispos_mph_3eac32b0.csv,2,32,160,0,authentic,0.9451064467430115,0.022243641316890717,0.02402973733842373,0.008620092645287514
poison/poismph/datapoismphpar/poispos_mph_3eac32b0.csv,3,48,176,0,authentic,0.9799664616584778,0.007351006381213665,0.007819055579602718,0.004863523878157139
poison/poismph/datapoismphpar/poispos_mph_3eac32b0.csv,4,64,192,0,authentic,0.9774253964424133,0.008765344507992268,0.008001437410712242,0.005807809066027403
poison/poismph/datapoismphpar/poispos_mph_3eac32b0.csv,5,80,208,3,modified_position,4.9263714635428e-11,3.9790273853590463e-10,8.030470177722293e-10,1.0
poison/poismph/datapoismphpar/poispos_mph_3eac32b0.csv,6,96,224,3,modified_position,5.581213616268066e-11,3.937180859114875e-10,3.1567967684331677e-10,1.0
poison/poismph/datapoismphpar/poispos_mph_3eac32b0.csv,7,112,240,3,modified_position,7.036084909151086e-11,6.973361332818229e-10,6.345516334604895e-10,1.0
poison/poismph/datapoismphpar/poispos_mph_3eac32b0.csv,8,128,256,3,modified_position,8.183403954475921e-11,7.18355763762446e-10,5.877313635771486e-10,1.0
poison/poismph/datapoismphpar/poispos_mph_3eac32b0.csv,9,144,272,3,modified_position,9.648531973383001e-11,2.3008879246333436e-09,7.358035847282451e-10,1.0
poison/poismph/datapoismphpar/poispos_mph_3eac32b0.csv,10,160,288,3,modified_position,2.9615793151194225e-10,2.5502000511323786e-09,6.255556073142543e-10,1.0
poison/poismph/datapoismphpar/poispos_mph_3eac72f8.csv,0,0,128,3,modified_position,0.00016268706531263888,4.9810802011052147e-05,5.5121177865657955e-05,0.9997323155403137
poison/poismph/datapoismphpar/poispos_mph_3eac72f8.csv,1,16,144,3,modified_position,0.00020949622557964176,0.00012016068649245426,2.5756497052498162e-05,0.9996446371078491
poison/poismph/datapoismphpar/poispos_mph_3eac72f8.csv,2,32,160,3,modified_position,1.0153319157657492e-10,1.3756954464483329e-09,5.6879756460404e-10,1.0
poison/poismph/datapoismphpar/poispos_mph_3eac72f8.csv,3,48,176,3,modified_position,1.9190776745503513e-10,1.8152428449269564e-09,9.623541963321713e-10,1.0
poison/poismph/datapoismphpar/poispos_mph_3eac72f8.csv,4,64,192,3,modified_position,1.596074383769519e-10,1.5879858539236125e-09,5.510483735982064e-10,1.0
poison/poismph/datapoismphpar/poispos_mph_3eaca993.csv,0,0,128,0,authentic,0.9633105397224426,0.0067031122744083405,0.019720302894711494,0.010265981778502464
poison/poismph/datapoismphpar/poispos_mph_3eaca993.csv,1,16,144,0,authentic,0.9595988392829895,0.011426336131989956,0.01679338328540325,0.012181456200778484
poison/poismph/datapoismphpar/poispos_mph_3eaca993.csv,2,32,160,3,modified_position,0.0023921728134155273,0.0001883864460978657,0.0005067659658379853,0.9969127178192139
poison/poismph/datapoismphpar/poispos_mph_3eaca993.csv,3,48,176,3,modified_position,0.0016486720414832234,0.0001300679286941886,0.00035921434755437076,0.9978619813919067
poison/poismph/datapoismphpar/poispos_mph_3eaca993.csv,4,64,192,3,modified_position,0.002542034024372697,0.0008602375746704638,0.0008517343085259199,0.9957460761070251
poison/poismph/datapoismphpar/poispos_mph_3eaca993.csv,5,80,208,3,modified_position,0.13488377630710602,0.013486197218298912,0.00835470575839281,0.8432753682136536
poison/poismph/datapoismphpar/poispos_mph_3eaca993.csv,6,96,224,0,authentic,0.49419695138931274,0.04103167727589607,0.02681242674589157,0.4379589557647705
poison/poismph/datapoismphpar/poispos_mph_3eb0a8e3.csv,0,0,128,0,authentic,0.970039427280426,0.010980152525007725,0.01415029726922512,0.004830159246921539
poison/poismph/datapoismphpar/poispos_mph_3eb0a8e3.csv,1,16,144,0,authentic,0.9866565465927124,0.004783303011208773,0.006115743890404701,0.0024444633163511753
poison/poismph/datapoismphpar/poispos_mph_3eb0a8e3.csv,2,32,160,0,authentic,0.9666392803192139,0.013271505944430828,0.01316872239112854,0.0069204214960336685
poison/poismph/datapoismphpar/poispos_mph_3eb0a8e3.csv,3,48,176,0,authentic,0.9768730998039246,0.008765188977122307,0.007558702956885099,0.006803004536777735
poison/poismph/datapoismphpar/poispos_mph_3eb0a8e3.csv,4,64,192,3,modified_position,6.1014623497612774e-05,8.797089685685933e-05,1.4755826668988448e-05,0.9998362064361572
poison/poismph/datapoismphpar/poispos_mph_3eb0e146.csv,0,0,128,0,authentic,0.9874085783958435,0.005866801366209984,0.003743918379768729,0.0029807232785969973
poison/poismph/datapoismphpar/poispos_mph_3eb0e146.csv,1,16,144,3,modified_position,5.435391869923478e-08,9.581112436762851e-08,8.380131077956321e-08,0.9999997615814209
poison/poismph/datapoismphpar/poispos_mph_3eb0e146.csv,2,32,160,3,modified_position,4.990051394315742e-08,1.067701163037782e-07,9.024620339914691e-08,0.9999997615814209
poison/poismph/datapoismphpar/poispos_mph_3eb0e146.csv,3,48,176,3,modified_position,3.6142591142152014e-08,8.868435941167263e-08,6.687572806640674e-08,0.9999997615814209
poison/poismph/datapoismphpar/poispos_mph_3eb0e146.csv,4,64,192,3,modified_position,3.91934413812578e-08,1.3789725983315293e-07,1.0341470613184356e-07,0.9999997615814209
poison/poismph/datapoismphpar/poispos_mph_3eb0e146.csv,5,80,208,3,modified_position,1.8000851298438647e-07,2.268554482043328e-07,3.267961972142075e-07,0.9999992847442627
poison/poismph/datapoismphpar/poispos_mph_3eb0e146.csv,6,96,224,3,modified_position,3.6469634778768523e-07,4.846625074605981e-07,2.5606692588553415e-07,0.999998927116394
poison/poismph/datapoismphpar/poispos_mph_3eb0e146.csv,7,112,240,3,modified_position,5.83938060572109e-07,3.199731963832164e-07,1.0398186844895463e-07,0.999998927116394
poison/poismph/datapoismphpar/poispos_mph_3eb0e146.csv,8,128,256,3,modified_position,2.4424355160590494e-07,1.8633842557846947e-07,3.3496309725933315e-08,0.9999995231628418
poison/poismph/datapoismphpar/poispos_mph_3eb0e146.csv,9,144,272,0,authentic,0.993607759475708,0.0033698435872793198,0.001633884385228157,0.0013884837972000241
poison/poismph/datapoismphpar/poispos_mph_3eb3f86a.csv,0,0,128,3,modified_position,0.006798780057579279,0.00043812324292957783,0.0003861399891320616,0.9923769235610962
poison/poismph/datapoismphpar/poispos_mph_3eb3f86a.csv,1,16,144,3,modified_position,0.0034007609356194735,0.0005701794871129096,0.00032023160019889474,0.9957088828086853
poison/poismph/datapoismphpar/poispos_mph_3eb3f86a.csv,2,32,160,3,modified_position,0.0036986186169087887,0.0003787551249843091,0.00023389457783196121,0.9956886172294617
poison/poismph/datapoismphpar/poispos_mph_3eb3f86a.csv,3,48,176,3,modified_position,0.0066804285161197186,0.000689484819304198,0.0003739519452210516,0.9922561645507812
poison/poismph/datapoismphpar/poispos_mph_3eb3f86a.csv,4,64,192,3,modified_position,0.00531935365870595,0.0035422993823885918,0.06071573495864868,0.9304225444793701
poison/poismph/datapoismphpar/poispos_mph_3eb46d81.csv,0,0,128,3,modified_position,3.63169598560642e-11,8.979245819107362e-11,1.4426208838624888e-10,1.0
poison/poismph/datapoismphpar/poispos_mph_3eb46d81.csv,1,16,144,3,modified_position,6.605933161596411e-11,1.180382874776953e-10,1.364838103645738e-10,1.0
poison/poismph/datapoismphpar/poispos_mph_3eb46d81.csv,2,32,160,3,modified_position,5.707196867876796e-11,9.56413837016612e-11,8.304983090123841e-11,1.0
poison/poismph/datapoismphpar/poispos_mph_3eb85606.csv,0,0,128,0,authentic,0.9637125730514526,0.009528620168566704,0.023148396983742714,0.0036103876773267984
poison/poismph/datapoismphpar/poispos_mph_3eb85606.csv,1,16,144,0,authentic,0.980390191078186,0.005027535371482372,0.012871582992374897,0.0017106159357354045
poison/poismph/datapoismphpar/poispos_mph_3eb85606.csv,2,32,160,0,authentic,0.9748424291610718,0.008976412937045097,0.014666532166302204,0.001514604315161705
poison/poismph/datapoismphpar/poispos_mph_3eb85606.csv,3,48,176,3,modified_position,4.415479182284798e-08,7.74673267756043e-08,2.1771546698801103e-07,0.9999996423721313
poison/poismph/datapoismphpar/poispos_mph_3eb85606.csv,4,64,192,3,modified_position,5.286740489829356e-10,3.1185226845309444e-08,4.63597737976329e-09,1.0
poison/poismph/datapoismphpar/poispos_mph_3eb85606.csv,5,80,208,3,modified_position,1.0247763748694183e-09,4.5612683408080557e-08,7.31981142365612e-09,1.0
poison/poismph/datapoismphpar/poispos_mph_3ebc2471.csv,0,0,128,0,authentic,0.9835491180419922,0.003958874847739935,0.005780908744782209,0.006711086258292198
poison/poismph/datapoismphpar/poispos_mph_3ebc2471.csv,1,16,144,0,authentic,0.9761962890625,0.007706038188189268,0.00791863352060318,0.008179033175110817
poison/poismph/datapoismphpar/poispos_mph_3ebc2471.csv,2,32,160,0,authentic,0.9471138119697571,0.013774577528238297,0.015075607225298882,0.02403596229851246
poison/poismph/datapoismphpar/poispos_mph_3ebc2471.csv,3,48,176,0,authentic,0.9431367516517639,0.016950154677033424,0.016000619158148766,0.02391246147453785
poison/poismph/datapoismphpar/poispos_mph_3ebc2471.csv,4,64,192,0,authentic,0.9005042910575867,0.015463423915207386,0.027680668979883194,0.056351590901613235
poison/poismph/datapoismphpar/poispos_mph_3ebc2471.csv,5,80,208,3,modified_position,0.0002171282540075481,2.525070340197999e-05,5.237199002294801e-05,0.9997053146362305
poison/poismph/datapoismphpar/poispos_mph_3ebc2471.csv,6,96,224,3,modified_position,0.00034309097100049257,0.00010149960144190118,9.504546324023977e-05,0.9994602203369141
poison/poismph/datapoismphpar/poispos_mph_3ebc2471.csv,7,112,240,3,modified_position,0.0002163426106562838,1.807262742659077e-05,1.7359636331093498e-05,0.9997482299804688
poison/poismph/datapoismphpar/poispos_mph_3ebc2471.csv,8,128,256,3,modified_position,1.4733629996044328e-06,8.05003281811878e-08,1.2639189606034051e-07,0.9999983310699463
poison/poismph/datapoismphpar/poispos_mph_3ebf64ae.csv,0,0,128,0,authentic,0.9691172242164612,0.012519481591880322,0.008634805679321289,0.009728442877531052
poison/poismph/datapoismphpar/poispos_mph_3ebf64ae.csv,1,16,144,3,modified_position,4.68064499727916e-05,2.067271270789206e-05,7.361556527030189e-06,0.9999251365661621
poison/poismph/datapoismphpar/poispos_mph_3ebf64ae.csv,2,32,160,3,modified_position,4.426224768394604e-05,1.268158848688472e-05,5.2981968110543676e-06,0.9999377727508545
poison/poismph/datapoismphpar/poispos_mph_3ebf64ae.csv,3,48,176,3,modified_position,4.8067480551416963e-11,8.466507356308384e-11,2.2491175588612577e-10,1.0
poison/poismph/datapoismphpar/poispos_mph_3ebfcb91.csv,0,0,128,3,modified_position,4.5926994062028825e-05,4.360919319879031e-06,4.1138744563795626e-05,0.9999085664749146
poison/poismph/datapoismphpar/poispos_mph_3ebfcb91.csv,1,16,144,3,modified_position,3.512664881188954e-10,3.724520969417e-10,2.5217155030787808e-09,1.0
poison/poismph/datapoismphpar/poispos_mph_3ebfcb91.csv,2,32,160,3,modified_position,5.591072604893554e-10,3.4941419202461077e-10,2.052166658828014e-09,1.0
poison/poismph/datapoismphpar/poispos_mph_3ebff749.csv,0,0,128,3,modified_position,2.1691701768133953e-09,1.301224017424829e-08,4.062263414539302e-09,1.0
poison/poismph/datapoismphpar/poispos_mph_3ebff749.csv,1,16,144,3,modified_position,4.813808907044859e-09,1.5685344578741933e-08,3.8938230417784325e-09,1.0
poison/poismph/datapoismphpar/poispos_mph_3ebff749.csv,2,32,160,3,modified_position,4.201354375510391e-09,1.2676819594048538e-08,3.756191357950911e-09,1.0
poison/poismph/datapoismphpar/poispos_mph_3ebff749.csv,3,48,176,3,modified_position,4.216881066554379e-09,1.6322408313840242e-08,3.853975361067796e-09,1.0
poison/poismph/datapoismphpar/poispos_mph_3ebff749.csv,4,64,192,3,modified_position,6.991943912737497e-09,2.1983142417525414e-08,4.6787409502258015e-09,1.0
poison/poismph/datapoismphpar/poispos_mph_3ebff749.csv,5,80,208,3,modified_position,1.2245804370536462e-08,3.7961957133347823e-08,7.0102115223846795e-09,1.0
poison/poismph/datapoismphpar/poispos_mph_3ebff749.csv,6,96,224,3,modified_position,1.6226149313069982e-08,5.932788127438471e-08,8.972902421078288e-09,0.9999998807907104
poison/poismph/datapoismphpar/poispos_mph_3ebff749.csv,7,112,240,3,modified_position,4.1213650092686294e-07,2.385321067777113e-06,4.107122038021771e-07,0.9999969005584717
poison/poismph/datapoismphpar/poispos_mph_3ebff749.csv,8,128,256,0,authentic,0.9700608253479004,0.008851185441017151,0.010368626564741135,0.010719290003180504
poison/poismph/datapoismphpar/poispos_mph_3ec33d32.csv,0,0,128,3,modified_position,3.2389640969299194e-10,8.082007285636905e-10,1.073579558585891e-09,1.0
poison/poismph/datapoismphpar/poispos_mph_3ec33d32.csv,1,16,144,3,modified_position,2.6421440035839794e-10,7.707420257574427e-10,8.133565487788985e-10,1.0
poison/poismph/datapoismphpar/poispos_mph_3ec33d32.csv,2,32,160,3,modified_position,6.110098538236741e-10,1.4229889488959202e-09,1.714577368971959e-09,1.0
poison/poismph/datapoismphpar/poispos_mph_3ec33d32.csv,3,48,176,3,modified_position,3.302254858450482e-10,1.2734927556934394e-09,5.574269934527365e-10,1.0
poison/poismph/datapoismphpar/poispos_mph_3eca8b3b.csv,0,0,128,0,authentic,0.988984227180481,0.003933843690901995,0.0031326415482908487,0.003949221223592758
poison/poismph/datapoismphpar/poispos_mph_3eca8b3b.csv,1,16,144,0,authentic,0.9473802447319031,0.014141369611024857,0.013019964098930359,0.025458453223109245
poison/poismph/datapoismphpar/poispos_mph_3eca8b3b.csv,2,32,160,0,authentic,0.972848653793335,0.007476936560124159,0.005411192309111357,0.014263201504945755
poison/poismph/datapoismphpar/poispos_mph_3eca8b3b.csv,3,48,176,0,authentic,0.9714335203170776,0.007381211034953594,0.005794181022793055,0.0153911542147398
poison/poismph/datapoismphpar/poispos_mph_3eca8b3b.csv,4,64,192,3,modified_position,0.00023366302775684744,1.6705809684935957e-05,1.5721832824056037e-05,0.9997338652610779
poison/poismph/datapoismphpar/poispos_mph_3eca8b3b.csv,5,80,208,3,modified_position,2.7512676581409323e-08,6.0892180187011036e-09,6.295405530210019e-09,1.0
poison/poismph/datapoismphpar/poispos_mph_3ece97cb.csv,0,0,128,0,authentic,0.9787094593048096,0.009006164968013763,0.0070446147583425045,0.00523972325026989
poison/poismph/datapoismphpar/poispos_mph_3ece97cb.csv,1,16,144,0,authentic,0.9882713556289673,0.004703795537352562,0.004346637986600399,0.0026781668420881033
poison/poismph/datapoismphpar/poispos_mph_3ece97cb.csv,2,32,160,0,authentic,0.9826568365097046,0.006381339859217405,0.006010803394019604,0.0049511040560901165
poison/poismph/datapoismphpar/poispos_mph_3ece97cb.csv,3,48,176,0,authentic,0.9710156917572021,0.010160030797123909,0.009715440683066845,0.009108851663768291
poison/poismph/datapoismphpar/poispos_mph_3ece97cb.csv,4,64,192,3,modified_position,1.4666305669930324e-10,4.863522917730734e-10,1.4069015952244968e-09,1.0
poison/poismph/datapoismphpar/poispos_mph_3ece97cb.csv,5,80,208,3,modified_position,1.465981780413017e-10,4.688225363480569e-10,1.4831894601385898e-09,1.0
poison/poismph/datapoismphpar/poispos_mph_3ece97cb.csv,6,96,224,3,modified_position,2.2208804240086977e-10,5.706242145464557e-10,1.8626549191935737e-09,1.0
poison/poismph/datapoismphpar/poispos_mph_3ed74cd0.csv,0,0,128,3,modified_position,1.0541045813994288e-09,2.1611655520725748e-10,1.9872675727228284e-10,1.0
poison/poismph/datapoismphpar/poispos_mph_3ed74cd0.csv,1,16,144,3,modified_position,1.1616180239926166e-09,1.5724149760032446e-10,1.9523610506055888e-10,1.0
poison/poismph/datapoismphpar/poispos_mph_3ed74cd0.csv,2,32,160,3,modified_position,1.928240456194885e-09,2.8663030282594093e-10,2.94240187770356e-10,1.0
poison/poismph/datapoismphpar/poispos_mph_3ed74cd0.csv,3,48,176,3,modified_position,3.734383824394172e-08,6.6414784782864444e-09,5.093898192143342e-09,1.0
poison/poismph/datapoismphpar/poispos_mph_3ed74cd0.csv,4,64,192,3,modified_position,2.2656733733583678e-07,2.3217891609306207e-08,1.4370825418552613e-08,0.9999997615814209
poison/poismph/datapoismphpar/poispos_mph_3ed74cd0.csv,5,80,208,3,modified_position,3.3085160566770355e-07,2.0081914797742684e-08,2.1044380460466527e-08,0.9999996423721313
poison/poismph/datapoismphpar/poispos_mph_3edaa4e3.csv,0,0,128,3,modified_position,3.2247631231996365e-09,2.644050756117622e-09,1.0358346180794342e-08,1.0
poison/poismph/datapoismphpar/poispos_mph_3edaa4e3.csv,1,16,144,3,modified_position,2.8692253017936764e-09,2.2372672603410138e-09,1.0086217194782421e-08,1.0
poison/poismph/datapoismphpar/poispos_mph_3edaa4e3.csv,2,32,160,3,modified_position,2.554469302751272e-09,2.344846095070352e-09,9.44836031635532e-09,1.0
poison/poismph/datapoismphpar/poispos_mph_3edaa4e3.csv,3,48,176,3,modified_position,5.909126521430608e-09,5.716877193862047e-09,1.5609090908697e-08,1.0
poison/poismph/datapoismphpar/poispos_mph_3edaa4e3.csv,4,64,192,3,modified_position,7.271261814878471e-09,8.574702725638872e-09,1.588604625624157e-08,1.0
poison/poismph/datapoismphpar/poispos_mph_3edaa4e3.csv,5,80,208,3,modified_position,2.60812882402206e-08,2.1515145220973864e-08,1.0952101803241021e-07,0.9999998807907104
poison/poismph/datapoismphpar/poispos_mph_3edaa4e3.csv,6,96,224,0,authentic,0.9810940027236938,0.007293510250747204,0.005873963236808777,0.005738543812185526
poison/poismph/datapoismphpar/poispos_mph_3edb145f.csv,0,0,128,3,modified_position,9.411991896968175e-08,1.1405008848441867e-07,2.0875800998965133e-07,0.9999995231628418
poison/poismph/datapoismphpar/poispos_mph_3edb145f.csv,1,16,144,3,modified_position,8.519960914554758e-08,7.267964008406125e-08,1.4288062288869696e-07,0.9999997615814209
poison/poismph/datapoismphpar/poispos_mph_3edb145f.csv,2,32,160,3,modified_position,2.5149341809083126e-07,1.36425114760641e-07,2.2865935989102582e-07,0.9999994039535522
poison/poismph/datapoismphpar/poispos_mph_3edb145f.csv,3,48,176,3,modified_position,5.073192141935579e-07,2.5898040689753543e-07,2.9744711582679884e-07,0.9999990463256836
poison/poismph/datapoismphpar/poispos_mph_3edb145f.csv,4,64,192,3,modified_position,7.112124649211182e-07,2.702172707813588e-07,8.178162147487456e-07,0.9999982118606567
poison/poismph/datapoismphpar/poispos_mph_3edebc1c.csv,0,0,128,3,modified_position,3.14864507799939e-08,1.9375747228878026e-07,2.163724310833004e-08,0.9999997615814209
poison/poismph/datapoismphpar/poispos_mph_3edebc1c.csv,1,16,144,3,modified_position,4.371577233541757e-08,1.8152201164411963e-07,1.616307265805972e-08,0.9999997615814209
poison/poismph/datapoismphpar/poispos_mph_3edebc1c.csv,2,32,160,3,modified_position,4.116865071068787e-08,2.1711150566261495e-07,1.4308166207399609e-08,0.9999997615814209
poison/poismph/datapoismphpar/poispos_mph_3edebc1c.csv,3,48,176,3,modified_position,7.259248491209291e-08,2.592531416212296e-07,1.889322831516438e-08,0.9999996423721313
poison/poismph/datapoismphpar/poispos_mph_3edebc1c.csv,4,64,192,3,modified_position,1.0741740652520093e-07,3.7676269926123496e-07,3.1359501662109324e-08,0.9999995231628418
poison/poismph/datapoismphpar/poispos_mph_3eeab179.csv,0,0,128,3,modified_position,5.457152951748867e-09,1.6615749887094466e-09,5.664138935657093e-09,1.0
poison/poismph/datapoismphpar/poispos_mph_3eeab179.csv,1,16,144,3,modified_position,3.518332736263119e-09,1.2675798188865883e-09,3.897634659466576e-09,1.0
poison/poismph/datapoismphpar/poispos_mph_3eeab179.csv,2,32,160,3,modified_position,2.0367137949506287e-06,4.563514721667161e-07,5.917489147577726e-07,0.9999969005584717
poison/poismph/datapoismphpar/poispos_mph_3eeab179.csv,3,48,176,3,modified_position,8.87463841081626e-07,3.0437175269071304e-07,3.5490788263814466e-07,0.9999984502792358
poison/poismph/datapoismphpar/poispos_mph_3eeab179.csv,4,64,192,0,authentic,0.9249700307846069,0.022305743768811226,0.021449750289320946,0.0312744602560997
poison/poismph/datapoismphpar/poispos_mph_3eeab179.csv,5,80,208,0,authentic,0.9559611678123474,0.012450930662453175,0.015801649540662766,0.015786239877343178
poison/poismph/datapoismphpar/poispos_mph_3eeab179.csv,6,96,224,0,authentic,0.9651731848716736,0.015646977350115776,0.012293623760342598,0.006886147428303957
poison/poismph/datapoismphpar/poispos_mph_3eeb5bac.csv,0,0,128,0,authentic,0.9580421447753906,0.017024144530296326,0.014070574194192886,0.01086315419524908
poison/poismph/datapoismphpar/poispos_mph_3eeb5bac.csv,1,16,144,0,authentic,0.9539890885353088,0.018947578966617584,0.01570429466664791,0.011358888819813728
poison/poismph/datapoismphpar/poispos_mph_3eeb5bac.csv,2,32,160,0,authentic,0.9581780433654785,0.018201066181063652,0.012575022876262665,0.011045907624065876
poison/poismph/datapoismphpar/poispos_mph_3eeb5bac.csv,3,48,176,0,authentic,0.7806524038314819,0.035181861370801926,0.014267908409237862,0.16989780962467194
poison/poismph/datapoismphpar/poispos_mph_3eeeaa2c.csv,0,0,128,3,modified_position,2.1258436390780844e-05,2.0494624095590552e-06,5.534847787203034e-06,0.9999712109565735
poison/poismph/datapoismphpar/poispos_mph_3eeeaa2c.csv,1,16,144,3,modified_position,4.042797809233889e-05,5.347632395569235e-06,1.4036187167221215e-05,0.9999401569366455
poison/poismph/datapoismphpar/poispos_mph_3eeeaa2c.csv,2,32,160,3,modified_position,4.9818045226857066e-05,3.4300569495826494e-06,9.919748663378414e-06,0.9999368190765381
poison/poismph/datapoismphpar/poispos_mph_3eeeaa2c.csv,3,48,176,3,modified_position,7.978572102729231e-05,5.467584742291365e-06,1.7050921087502502e-05,0.9998977780342102
poison/poismph/datapoismphpar/poispos_mph_3eeeaa2c.csv,4,64,192,3,modified_position,6.958765879971907e-05,1.7725868019624613e-05,2.1890527932555415e-05,0.9998906850814819
poison/poismph/datapoismphpar/poispos_mph_3eeeaa2c.csv,5,80,208,3,modified_position,0.001062349765561521,0.0002138604613719508,8.96620549610816e-05,0.9986341595649719
poison/poismph/datapoismphpar/poispos_mph_3eeeaa2c.csv,6,96,224,3,modified_position,0.005874468479305506,0.00039169640513136983,8.916507795220241e-05,0.9936445951461792
poison/poismph/datapoismphpar/poispos_mph_3ef36878.csv,0,0,128,3,modified_position,3.391121339291203e-08,1.0034963082716786e-08,9.3449301630244e-09,1.0
poison/poismph/datapoismphpar/poispos_mph_3ef36878.csv,1,16,144,3,modified_position,2.770002360819035e-08,8.737688794724363e-09,1.2259265602665437e-08,1.0
poison/poismph/datapoismphpar/poispos_mph_3ef36878.csv,2,32,160,3,modified_position,7.246827493645469e-08,2.89236439243723e-08,2.1900861568724395e-08,0.9999998807907104
poison/poismph/datapoismphpar/poispos_mph_3ef36878.csv,3,48,176,3,modified_position,4.259386088278916e-08,1.5301900191388995e-08,1.2545797289931215e-08,1.0
poison/poismph/datapoismphpar/poispos_mph_3ef36878.csv,4,64,192,3,modified_position,2.2832051627119654e-07,1.9253762673088204e-07,7.363795617720825e-08,0.9999994039535522
poison/poismph/datapoismphpar/poispos_mph_3ef36878.csv,5,80,208,3,modified_position,2.6570353384158807e-07,1.131915965402186e-07,4.080147419927016e-08,0.9999996423721313
poison/poismph/datapoismphpar/poispos_mph_3ef36878.csv,6,96,224,0,authentic,0.7426548004150391,0.042970411479473114,0.0075556812807917595,0.20681917667388916
poison/poismph/datapoismphpar/poispos_mph_3ef68363.csv,0,0,128,0,authentic,0.98123699426651,0.005880332086235285,0.005413538310676813,0.007469158619642258
poison/poismph/datapoismphpar/poispos_mph_3ef68363.csv,1,16,144,0,authentic,0.9556073546409607,0.01212711539119482,0.013395115733146667,0.01887047290802002
poison/poismph/datapoismphpar/poispos_mph_3ef68363.csv,2,32,160,3,modified_position,4.420974875074535e-08,5.251669676908932e-08,1.8847055471837848e-08,0.9999998807907104
poison/poismph/datapoismphpar/poispos_mph_3ef68363.csv,3,48,176,3,modified_position,4.8409631858703506e-08,5.255848378737937e-08,2.011684507863265e-08,0.9999998807907104
poison/poismph/datapoismphpar/poispos_mph_3ef68363.csv,4,64,192,3,modified_position,9.792813088216334e-11,3.209323640174233e-10,1.7795583062696352e-10,1.0
poison/poismph/datapoismphpar/poispos_mph_3ef6adc6.csv,0,0,128,3,modified_position,3.3519409470272876e-11,2.1644215308924686e-09,1.0337118661052358e-10,1.0
poison/poismph/datapoismphpar/poispos_mph_3ef6adc6.csv,1,16,144,3,modified_position,2.0405840212012194e-11,2.768817619624997e-09,5.2485581852890206e-11,1.0
poison/poismph/datapoismphpar/poispos_mph_3ef6adc6.csv,2,32,160,3,modified_position,2.186497857770142e-11,2.9252686939429395e-09,4.7923939122673787e-11,1.0
poison/poismph/datapoismphpar/poispos_mph_3ef6d1cd.csv,0,0,128,3,modified_position,1.555421675902835e-07,5.197102126430764e-08,1.0851004361711603e-07,0.9999996423721313
poison/poismph/datapoismphpar/poispos_mph_3ef6d1cd.csv,1,16,144,3,modified_position,2.6412902798256255e-07,6.143125119706383e-08,1.1013560197170591e-07,0.9999995231628418
poison/poismph/datapoismphpar/poispos_mph_3ef6d1cd.csv,2,32,160,3,modified_position,2.7227696364207077e-07,6.654666862004888e-08,9.55080494691174e-08,0.9999995231628418
poison/poismph/datapoismphpar/poispos_mph_3ef6d1cd.csv,3,48,176,3,modified_position,3.542799049682799e-07,8.54865618293843e-08,1.3377977836626087e-07,0.9999994039535522
poison/poismph/datapoismphpar/poispos_mph_3ef6d1cd.csv,4,64,192,3,modified_position,6.056041002011625e-07,1.2669227089645574e-07,1.2944249760948878e-07,0.9999991655349731
poison/poismph/datapoismphpar/poispos_mph_3ef6d1cd.csv,5,80,208,3,modified_position,1.3327529586604214e-06,3.092214626576606e-07,1.0519402167119551e-06,0.9999972581863403
poison/poismph/datapoismphpar/poispos_mph_3ef6d1cd.csv,6,96,224,3,modified_position,4.09703170589637e-06,5.91394666571432e-07,1.1611555237323046e-06,0.999994158744812
poison/poismph/datapoismphpar/poispos_mph_3ef6f483.csv,0,0,128,3,modified_position,6.432614441109763e-08,2.3705148066710535e-08,1.3286387456901139e-07,0.9999997615814209
poison/poismph/datapoismphpar/poispos_mph_3ef6f483.csv,1,16,144,3,modified_position,8.041778354339613e-11,2.815365440778095e-10,3.8365907673032495e-10,1.0
poison/poismph/datapoismphpar/poispos_mph_3ef6f483.csv,2,32,160,3,modified_position,1.147729411510312e-10,2.7624441623075313e-10,3.6391378799294216e-10,1.0
poison/poismph/datapoismphpar/poispos_mph_3ef6f483.csv,3,48,176,3,modified_position,1.1471604222101917e-10,3.028458872567086e-10,4.161522793033612e-10,1.0
poison/poismph/datapoismphpar/poispos_mph_3ef6f483.csv,4,64,192,3,modified_position,1.2146091077358534e-10,3.569002315906289e-10,4.0885891894326676e-10,1.0
poison/poismph/datapoismphpar/poispos_mph_3ef6f483.csv,5,80,208,3,modified_position,1.4789006130833116e-10,2.7626970156013897e-10,2.5380045287626274e-10,1.0
poison/poismph/datapoismphpar/poispos_mph_3ef6f483.csv,6,96,224,3,modified_position,2.0408963408158343e-10,3.367225387407302e-10,1.8020948622243793e-10,1.0
poison/poismph/datapoismphpar/poispos_mph_3efe4dcd.csv,0,0,128,3,modified_position,3.101369161484513e-11,2.5773674861007123e-10,5.8181407608381974e-11,1.0
poison/poismph/datapoismphpar/poispos_mph_3efe4dcd.csv,1,16,144,3,modified_position,3.2575987046756794e-11,2.3184153208344327e-10,3.9162457998731526e-11,1.0
poison/poismph/datapoismphpar/poispos_mph_3efe4dcd.csv,2,32,160,3,modified_position,3.955703473113026e-11,1.7668988494534688e-10,5.2089353663742344e-11,1.0
poison/poismph/datapoismphpar/poispos_mph_3efe4dcd.csv,3,48,176,3,modified_position,8.286012154190558e-11,2.109130092797784e-10,6.847943739840545e-11,1.0
poison/poismph/datapoismphpar/poispos_mph_3efe4dcd.csv,4,64,192,3,modified_position,3.5631306932737417e-11,5.030499350411333e-10,3.327734268698812e-11,1.0
poison/poismph/datapoismphpar/poispos_mph_3efe5fe4.csv,0,0,128,0,authentic,0.988728940486908,0.005578476469963789,0.0024276135955005884,0.0032650092616677284
poison/poismph/datapoismphpar/poispos_mph_3efe5fe4.csv,1,16,144,0,authentic,0.99447101354599,0.0024825227446854115,0.001304732053540647,0.0017416073242202401
poison/poismph/datapoismphpar/poispos_mph_3efe5fe4.csv,2,32,160,0,authentic,0.993212103843689,0.003221420105546713,0.0015717879869043827,0.001994711346924305
poison/poismph/datapoismphpar/poispos_mph_3efe5fe4.csv,3,48,176,0,authentic,0.978532612323761,0.006880455184727907,0.00622324226424098,0.00836368091404438
poison/poismph/datapoismphpar/poispos_mph_3efe5fe4.csv,4,64,192,3,modified_position,4.3189898860873654e-05,2.0419174688868225e-05,7.0833111749379896e-06,0.9999293088912964
poison/poismph/datapoismphpar/poispos_mph_3efe5fe4.csv,5,80,208,3,modified_position,2.1887843967838272e-11,6.47815412424535e-10,5.133981781368924e-11,1.0
poison/poismph/datapoismphpar/poispos_mph_3efe5fe4.csv,6,96,224,3,modified_position,3.1413285167536387e-11,7.40292771528317e-10,4.3197844606934765e-11,1.0
poison/poismph/datapoismphpar/poispos_mph_3efe7d81.csv,0,0,128,3,modified_position,8.170739420165773e-06,1.4795870129091782e-06,1.4419749732041964e-06,0.9999889135360718
poison/poismph/datapoismphpar/poispos_mph_3efe7d81.csv,1,16,144,3,modified_position,7.411997557937866e-06,1.5400233905893401e-06,8.20497064069059e-07,0.9999902248382568
poison/poismph/datapoismphpar/poispos_mph_3efe7d81.csv,2,32,160,3,modified_position,1.7738570022629574e-05,1.7704589936329285e-06,9.050608582583664e-07,0.999979555606842
poison/poismph/datapoismphpar/poispos_mph_3efe7d81.csv,3,48,176,3,modified_position,3.176780592184514e-05,3.3546273243700853e-06,1.764696889949846e-06,0.999963104724884
poison/poismph/datapoismphpar/poispos_mph_3efe7d81.csv,4,64,192,3,modified_position,6.0947211750317365e-05,3.5876284982805373e-06,2.2639408143732e-06,0.9999332427978516
poison/poismph/datapoismphpar/poispos_mph_3efe7d81.csv,5,80,208,3,modified_position,0.0001454567100154236,9.557090379530564e-06,6.809234946558718e-06,0.99983811378479
poison/poismph/datapoismphpar/poispos_mph_3efea136.csv,0,0,128,0,authentic,0.9907000660896301,0.0035980422981083393,0.0023542095441371202,0.003347662976011634
poison/poismph/datapoismphpar/poispos_mph_3efea136.csv,1,16,144,3,modified_position,2.7775886479730616e-08,6.3436425001839325e-09,1.1620777229381929e-07,0.9999998807907104
poison/poismph/datapoismphpar/poispos_mph_3efea136.csv,2,32,160,3,modified_position,2.560160416997803e-10,1.39801212273305e-10,1.685058426126318e-09,1.0
poison/poismph/datapoismphpar/poispos_mph_3efea136.csv,3,48,176,3,modified_position,2.294623935306106e-10,3.261542147470209e-10,1.7296407639477707e-09,1.0
poison/poismph/datapoismphpar/poispos_mph_3efea136.csv,4,64,192,3,modified_position,2.16478363013195e-10,3.585411689766005e-10,1.4706005302400627e-09,1.0
poison/poismph/datapoismphpar/poispos_mph_3efea136.csv,5,80,208,3,modified_position,3.2524349879992087e-10,2.8868230028678e-10,1.682502026589816e-09,1.0
poison/poismph/datapoismphpar/poispos_mph_3efea136.csv,6,96,224,3,modified_position,4.2255901555598996e-10,1.2576721886148334e-09,6.9272978464596235e-09,1.0
poison/poismph/datapoismphpar/poispos_mph_3f0239cf.csv,0,0,128,3,modified_position,0.0002584143076092005,2.8988997655687854e-05,3.487056528683752e-05,0.9996775984764099
poison/poismph/datapoismphpar/poispos_mph_3f0239cf.csv,1,16,144,3,modified_position,0.00029548685415647924,3.285298225819133e-05,2.9092643671901897e-05,0.9996426105499268
poison/poismph/datapoismphpar/poispos_mph_3f0239cf.csv,2,32,160,3,modified_position,0.0003069404629059136,2.885431604227051e-05,3.234632094972767e-05,0.9996318817138672
poison/poismph/datapoismphpar/poispos_mph_3f0239cf.csv,3,48,176,3,modified_position,0.0009105114731937647,3.1883580959402025e-05,3.6709956475533545e-05,0.9990209341049194
poison/poismph/datapoismphpar/poispos_mph_3f0239cf.csv,4,64,192,3,modified_position,0.0021567062940448523,7.78750836616382e-05,6.216861220309511e-05,0.9977032542228699
poison/poismph/datapoismphpar/poispos_mph_3f0239cf.csv,5,80,208,3,modified_position,0.0020232368260622025,0.00035744704655371606,0.00019415284623391926,0.9974251985549927
poison/poismph/datapoismphpar/poispos_mph_3f02444d.csv,0,0,128,3,modified_position,5.517883982975036e-05,4.2664910324674565e-06,6.692324859614018e-06,0.9999338388442993
poison/poismph/datapoismphpar/poispos_mph_3f02444d.csv,1,16,144,3,modified_position,5.746890383306891e-05,5.06458763993578e-06,7.637678208993748e-06,0.9999297857284546
poison/poismph/datapoismphpar/poispos_mph_3f02444d.csv,2,32,160,3,modified_position,5.02363545820117e-05,5.646208137477515e-06,7.381740942946635e-06,0.9999366998672485
poison/poismph/datapoismphpar/poispos_mph_3f02444d.csv,3,48,176,3,modified_position,5.142101872479543e-05,4.332159278419567e-06,6.266745913308114e-06,0.999937891960144
poison/poismph/datapoismphpar/poispos_mph_3f02444d.csv,4,64,192,3,modified_position,8.709083340363577e-05,4.91421451442875e-06,4.795050699613057e-06,0.9999032020568848
poison/poismph/datapoismphpar/poispos_mph_3f02444d.csv,5,80,208,3,modified_position,0.00021828721219208091,6.572218808287289e-06,8.663315384183079e-06,0.9997664093971252
poison/poismph/datapoismphpar/poispos_mph_3f061c0f.csv,0,0,128,3,modified_position,4.6514572749067895e-10,1.807121230434916e-09,1.799938531554801e-09,1.0
poison/poismph/datapoismphpar/poispos_mph_3f061c0f.csv,1,16,144,3,modified_position,3.9900471815457195e-10,1.0468674815911072e-09,1.311339037357584e-09,1.0
poison/poismph/datapoismphpar/poispos_mph_3f061c0f.csv,2,32,160,3,modified_position,5.575130912482962e-10,1.9116443983335785e-09,1.4559119465573644e-09,1.0
poison/poismph/datapoismphpar/poispos_mph_3f061c0f.csv,3,48,176,3,modified_position,5.227550614606002e-10,1.4772013612329715e-09,1.2881357092098256e-09,1.0
poison/poismph/datapoismphpar/poispos_mph_3f061c0f.csv,4,64,192,3,modified_position,5.707134764776356e-10,1.4143679560874034e-09,1.9203822976265883e-09,1.0
poison/poismph/datapoismphpar/poispos_mph_3f06490c.csv,0,0,128,0,authentic,0.9851713180541992,0.005852974951267242,0.00480365427210927,0.004172209650278091
poison/poismph/datapoismphpar/poispos_mph_3f06490c.csv,1,16,144,0,authentic,0.9886201024055481,0.0043740952387452126,0.00430560577660799,0.002700095996260643
poison/poismph/datapoismphpar/poispos_mph_3f06490c.csv,2,32,160,0,authentic,0.9686752557754517,0.010506786406040192,0.012825172394514084,0.007992840372025967
poison/poismph/datapoismphpar/poispos_mph_3f06490c.csv,3,48,176,0,authentic,0.9810106754302979,0.0068815057165920734,0.006254753563553095,0.005852940026670694
poison/poismph/datapoismphpar/poispos_mph_3f06490c.csv,4,64,192,3,modified_position,0.014157786034047604,0.0047489493153989315,0.00021051157091278583,0.9808828234672546
poison/poismph/datapoismphpar/poispos_mph_3f067464.csv,0,0,128,3,modified_position,7.889575798225579e-11,9.020770935785904e-11,6.822876152945412e-10,1.0
poison/poismph/datapoismphpar/poispos_mph_3f067464.csv,1,16,144,3,modified_position,6.667745522381807e-11,7.819941222342308e-11,4.835283839987881e-10,1.0
poison/poismph/datapoismphpar/poispos_mph_3f067464.csv,2,32,160,3,modified_position,1.0011017709254943e-10,9.594450234295948e-11,6.124029616749738e-10,1.0
poison/poismph/datapoismphpar/poispos_mph_3f067464.csv,3,48,176,3,modified_position,1.89172302822449e-10,1.0006550449359608e-10,4.572256462331836e-10,1.0
poison/poismph/datapoismphpar/poispos_mph_3f067464.csv,4,64,192,3,modified_position,2.3001538174138858e-10,9.896462122016558e-11,5.561928695385632e-10,1.0
poison/poismph/datapoismphpar/poispos_mph_3f067464.csv,5,80,208,3,modified_position,2.0158652525026355e-10,1.142714187163385e-10,6.666082685846675e-10,1.0
poison/poismph/datapoismphpar/poispos_mph_3f09cfd8.csv,0,0,128,0,authentic,0.9910969138145447,0.0027485399041324854,0.0025230813771486282,0.003631414845585823
poison/poismph/datapoismphpar/poispos_mph_3f09cfd8.csv,1,16,144,0,authentic,0.9874610304832458,0.0038164870347827673,0.0033290102146565914,0.005393426399677992
poison/poismph/datapoismphpar/poispos_mph_3f09cfd8.csv,2,32,160,0,authentic,0.9604079723358154,0.008923325687646866,0.010179650969803333,0.020489122718572617
poison/poismph/datapoismphpar/poispos_mph_3f09cfd8.csv,3,48,176,3,modified_position,0.00023161362332757562,1.001083819573978e-05,2.39469445659779e-05,0.9997344613075256
poison/poismph/datapoismphpar/poispos_mph_3f09cfd8.csv,4,64,192,3,modified_position,5.449336468177357e-11,1.504757096704168e-09,1.213851796855181e-10,1.0
poison/poismph/datapoismphpar/poispos_mph_3f09cfd8.csv,5,80,208,3,modified_position,2.5286146440595125e-11,1.05060604660423e-09,4.212736409714424e-11,1.0
poison/poismph/datapoismphpar/poispos_mph_3f09cfd8.csv,6,96,224,3,modified_position,4.581996934649446e-11,1.5528993646540812e-09,5.45665838902476e-11,1.0
poison/poismph/datapoismphpar/poispos_mph_3f0a1418.csv,0,0,128,0,authentic,0.9852586388587952,0.004271517042070627,0.0029221423901617527,0.007547726389020681
poison/poismph/datapoismphpar/poispos_mph_3f0a1418.csv,1,16,144,3,modified_position,1.0674709471913957e-07,1.9978237730811088e-07,1.0215389423251509e-08,0.9999996423721313
poison/poismph/datapoismphpar/poispos_mph_3f0a1418.csv,2,32,160,3,modified_position,1.133632707706056e-07,1.477387172599265e-07,1.281856754076216e-08,0.9999997615814209
poison/poismph/datapoismphpar/poispos_mph_3f0a1418.csv,3,48,176,3,modified_position,1.763729216008869e-07,1.6829910975957318e-07,1.698974649855245e-08,0.9999996423721313
poison/poismph/datapoismphpar/poispos_mph_3f0a1418.csv,4,64,192,3,modified_position,3.559215997483989e-07,4.548352876554418e-07,5.0460677414321253e-08,0.9999991655349731
poison/poismph/datapoismphpar/poispos_mph_3f0a1418.csv,5,80,208,3,modified_position,4.4864142978440213e-07,6.738651450177713e-07,6.175616107384485e-08,0.9999988079071045
poison/poismph/datapoismphpar/poispos_mph_3f0a1418.csv,6,96,224,3,modified_position,5.203552859711635e-07,6.633393923038966e-07,5.1955122870595005e-08,0.9999988079071045
poison/poismph/datapoismphpar/poispos_mph_3f11b99b.csv,0,0,128,0,authentic,0.903007447719574,0.0568523034453392,0.035535529255867004,0.004604722373187542
poison/poismph/datapoismphpar/poispos_mph_3f11b99b.csv,1,16,144,0,authentic,0.9084879159927368,0.04271109029650688,0.03846599906682968,0.010334921069443226
poison/poismph/datapoismphpar/poispos_mph_3f11b99b.csv,2,32,160,0,authentic,0.9772058725357056,0.010166998021304607,0.009426617994904518,0.00320053705945611
poison/poismph/datapoismphpar/poispos_mph_3f11b99b.csv,3,48,176,0,authentic,0.9745177626609802,0.01381200086325407,0.009030281566083431,0.0026399786584079266
poison/poismph/datapoismphpar/poispos_mph_3f11b99b.csv,4,64,192,0,authentic,0.9198464751243591,0.038335464894771576,0.02816375158727169,0.013654270209372044
poison/poismph/datapoismphpar/poispos_mph_3f11b99b.csv,5,80,208,3,modified_position,3.687490846004948e-08,3.101888808032527e-07,6.273972985582077e-08,0.9999995231628418
poison/poismph/datapoismphpar/poispos_mph_3f11b99b.csv,6,96,224,3,modified_position,9.381011939479933e-11,1.3359441553006945e-08,2.1142453066058664e-10,1.0
poison/poismph/datapoismphpar/poispos_mph_3f11b99b.csv,7,112,240,3,modified_position,1.6018232573689062e-10,1.8646998611870913e-08,3.5369551731889715e-10,1.0
poison/poismph/datapoismphpar/poispos_mph_3f147d2b.csv,0,0,128,3,modified_position,5.751817866439524e-07,5.123733259893015e-08,2.1590327037301904e-07,0.9999991655349731
poison/poismph/datapoismphpar/poispos_mph_3f147d2b.csv,1,16,144,3,modified_position,7.003322934906464e-07,6.670204300007754e-08,2.3779819002811564e-07,0.9999990463256836
poison/poismph/datapoismphpar/poispos_mph_3f147d2b.csv,2,32,160,3,modified_position,0.00010584403935354203,1.0016798114520498e-05,2.2898500901646912e-05,0.9998612999916077
poison/poismph/datapoismphpar/poispos_mph_3f147d2b.csv,3,48,176,3,modified_position,0.00042294940794818103,3.103876224486157e-05,5.133126614964567e-05,0.999494731426239
poison/poismph/datapoismphpar/poispos_mph_3f147d2b.csv,4,64,192,0,authentic,0.970045268535614,0.011961895041167736,0.00831377413123846,0.009679064154624939
poison/poismph/datapoismphpar/poispos_mph_3f14d941.csv,0,0,128,0,authentic,0.9824987649917603,0.005281544290482998,0.006992359645664692,0.005227339919656515
poison/poismph/datapoismphpar/poispos_mph_3f14d941.csv,1,16,144,3,modified_position,7.55849396227859e-05,1.8748305592453107e-05,2.7905338356504217e-05,0.9998778104782104
poison/poismph/datapoismphpar/poispos_mph_3f14d941.csv,2,32,160,3,modified_position,6.782210210110051e-11,4.173056067369174e-10,2.545746946580607e-10,1.0
poison/poismph/datapoismphpar/poispos_mph_3f14d941.csv,3,48,176,3,modified_position,6.813652420056826e-11,3.0842930986985095e-10,2.2474108685166527e-10,1.0
poison/poismph/datapoismphpar/poispos_mph_3f14d941.csv,4,64,192,3,modified_position,7.732964962814393e-11,3.5679609267091905e-10,3.3851788039385156e-10,1.0
poison/poismph/datapoismphpar/poispos_mph_3f18df2b.csv,0,0,128,3,modified_position,2.505968723198748e-06,7.040684408821107e-07,1.4181603091856232e-06,0.9999953508377075
poison/poismph/datapoismphpar/poispos_mph_3f18df2b.csv,1,16,144,3,modified_position,5.94013863519649e-06,1.0717163831941434e-06,1.4239240044844337e-06,0.9999915361404419
poison/poismph/datapoismphpar/poispos_mph_3f18df2b.csv,2,32,160,3,modified_position,4.664440893975552e-06,9.451925961911911e-07,1.3763152537649148e-06,0.9999929666519165
poison/poismph/datapoismphpar/poispos_mph_3f18df2b.csv,3,48,176,3,modified_position,4.976406671630684e-06,6.819104214628169e-07,1.5097624554982758e-06,0.999992847442627
poison/poismph/datapoismphpar/poispos_mph_3f18df2b.csv,4,64,192,3,modified_position,6.63131595501909e-06,4.912352551400545e-07,1.7313921034656232e-06,0.9999910593032837
poison/poismph/datapoismphpar/poispos_mph_3f1908f0.csv,0,0,128,3,modified_position,2.29537680529468e-10,1.6801249280717911e-10,2.4241791907186894e-10,1.0
poison/poismph/datapoismphpar/poispos_mph_3f1908f0.csv,1,16,144,3,modified_position,2.233198764800548e-10,1.0932135058316916e-10,2.2465194982057568e-10,1.0
poison/poismph/datapoismphpar/poispos_mph_3f1908f0.csv,2,32,160,3,modified_position,2.169437962606935e-10,9.023627678406143e-11,2.01629601903619e-10,1.0
poison/poismph/datapoismphpar/poispos_mph_3f1908f0.csv,3,48,176,3,modified_position,3.8292580217813565e-10,1.661346060721769e-10,3.41854905494543e-10,1.0
poison/poismph/datapoismphpar/poispos_mph_3f1908f0.csv,4,64,192,3,modified_position,6.47220110838731e-10,1.9944786100456469e-10,3.7674757757955035e-10,1.0
poison/poismph/datapoismphpar/poispos_mph_3f1908f0.csv,5,80,208,3,modified_position,5.88644577526054e-10,2.8157359777125635e-10,3.1580854598090013e-10,1.0
poison/poismph/datapoismphpar/poispos_mph_3f192ee1.csv,0,0,128,3,modified_position,0.1572021096944809,0.004283094312995672,0.004526274278759956,0.8339885473251343
poison/poismph/datapoismphpar/poispos_mph_3f192ee1.csv,1,16,144,3,modified_position,0.12052591145038605,0.002560789929702878,0.002946678316220641,0.8739666938781738
poison/poismph/datapoismphpar/poispos_mph_3f192ee1.csv,2,32,160,3,modified_position,0.2238343507051468,0.0036391494795680046,0.003051851410418749,0.7694747447967529
poison/poismph/datapoismphpar/poispos_mph_3f192ee1.csv,3,48,176,3,modified_position,0.4668290317058563,0.0023379912599921227,0.0031856170389801264,0.5276473760604858
poison/poismph/datapoismphpar/poispos_mph_3f1d787f.csv,0,0,128,0,authentic,0.9846377372741699,0.007149728015065193,0.004341871477663517,0.003870550775900483
poison/poismph/datapoismphpar/poispos_mph_3f1d787f.csv,1,16,144,3,modified_position,8.122565020585171e-08,8.731959866281613e-08,9.724497118668296e-08,0.9999997615814209
poison/poismph/datapoismphpar/poispos_mph_3f1d787f.csv,2,32,160,3,modified_position,9.073428941519524e-08,1.2894639667138108e-07,7.607656016261899e-08,0.9999996423721313
poison/poismph/datapoismphpar/poispos_mph_3f1d787f.csv,3,48,176,3,modified_position,1.3286589251038095e-07,1.2897321255422867e-07,6.138277086620292e-08,0.9999996423721313
poison/poismph/datapoismphpar/poispos_mph_3f1d787f.csv,4,64,192,3,modified_position,1.4397814140920673e-07,1.1327463766974688e-07,7.051462347362758e-08,0.9999996423721313
poison/poismph/datapoismphpar/poispos_mph_3f1dc2f5.csv,0,0,128,0,authentic,0.9692619442939758,0.012673033401370049,0.011541822925209999,0.006523253861814737
poison/poismph/datapoismphpar/poispos_mph_3f1dc2f5.csv,1,16,144,0,authentic,0.9613335132598877,0.020192835479974747,0.011002130806446075,0.007471430581063032
poison/poismph/datapoismphpar/poispos_mph_3f1dc2f5.csv,2,32,160,0,authentic,0.9018160104751587,0.04135943576693535,0.031253114342689514,0.02557140402495861
poison/poismph/datapoismphpar/poispos_mph_3f1dc2f5.csv,3,48,176,0,authentic,0.9422467947006226,0.02614106796681881,0.01458898838609457,0.017023170366883278
poison/poismph/datapoismphpar/poispos_mph_3f1dc2f5.csv,4,64,192,0,authentic,0.9492406845092773,0.02167535200715065,0.011902296915650368,0.017181668430566788
poison/poismph/datapoismphpar/poispos_mph_3f1dc2f5.csv,5,80,208,0,authentic,0.9426268935203552,0.02137726917862892,0.016683589667081833,0.019312148913741112
poison/poismph/datapoismphpar/poispos_mph_3f1dc2f5.csv,6,96,224,0,authentic,0.8730233907699585,0.045247387140989304,0.041245270520448685,0.04048391059041023
poison/poismph/datapoismphpar/poispos_mph_3f1dc2f5.csv,7,112,240,0,authentic,0.9732456803321838,0.007725226692855358,0.011070500127971172,0.007958647795021534
poison/poismph/datapoismphpar/poispos_mph_3f1dc2f5.csv,8,128,256,3,modified_position,0.014727422967553139,0.0004190983308944851,0.00014551317144650966,0.9847079515457153
poison/poismph/datapoismphpar/poispos_mph_3f1dc2f5.csv,9,144,272,3,modified_position,0.008875945582985878,0.00023933171178214252,5.985078678349964e-05,0.990824818611145
poison/poismph/datapoismphpar/poispos_mph_3f1dc2f5.csv,10,160,288,3,modified_position,0.01620587334036827,0.00013087521074339747,0.00011122912110295147,0.9835520386695862
poison/poismph/datapoismphpar/poispos_mph_3f1dc2f5.csv,11,176,304,3,modified_position,0.013140274211764336,0.00014672755787614733,0.0001451944262953475,0.9865677356719971
poison/poismph/datapoismphpar/poispos_mph_3f1dc2f5.csv,12,192,320,3,modified_position,0.024421023204922676,0.00016622098337393254,0.00012853936641477048,0.9752840995788574
poison/poismph/datapoismphpar/poispos_mph_3f1dc2f5.csv,13,208,336,3,modified_position,0.020052818581461906,0.0002313142758794129,8.638342114863917e-05,0.9796294569969177
poison/poismph/datapoismphpar/poispos_mph_3f1dc2f5.csv,14,224,352,3,modified_position,0.008357358165085316,0.00018563540652394295,5.59766122023575e-05,0.9914010167121887
poison/poismph/datapoismphpar/poispos_mph_3f1dcdbf.csv,0,0,128,0,authentic,0.9838823676109314,0.00811447948217392,0.005084760952740908,0.0029183721635490656
poison/poismph/datapoismphpar/poispos_mph_3f1dcdbf.csv,1,16,144,0,authentic,0.9723203778266907,0.013803942129015923,0.008768338710069656,0.005107427015900612
poison/poismph/datapoismphpar/poispos_mph_3f1dcdbf.csv,2,32,160,0,authentic,0.9427885413169861,0.025405991822481155,0.018993474543094635,0.012812027707695961
poison/poismph/datapoismphpar/poispos_mph_3f1dcdbf.csv,3,48,176,3,modified_position,6.86470084474422e-05,6.463606951001566e-06,1.880788113339804e-05,0.9999061226844788
poison/poismph/datapoismphpar/poispos_mph_3f1dcdbf.csv,4,64,192,3,modified_position,0.00010209168249275535,1.1335528142808471e-05,2.121230136253871e-05,0.9998652935028076
poison/poismph/datapoismphpar/poispos_mph_3f1dcdbf.csv,5,80,208,3,modified_position,3.8902962842257693e-05,1.8576218280941248e-05,1.4298803762358148e-05,0.9999282360076904
poison/poismph/datapoismphpar/poispos_mph_3f1dcdbf.csv,6,96,224,3,modified_position,1.938861737826869e-09,9.33969079852659e-09,9.116675414588826e-09,1.0
poison/poismph/datapoismphpar/poispos_mph_3f1dcdbf.csv,7,112,240,3,modified_position,4.988029989050347e-10,1.3108364393943361e-09,6.951741404748191e-10,1.0
poison/poismph/datapoismphpar/poispos_mph_3f21e566.csv,0,0,128,0,authentic,0.9775111079216003,0.012699376791715622,0.0055709038861095905,0.004218669608235359
poison/poismph/datapoismphpar/poispos_mph_3f21e566.csv,1,16,144,3,modified_position,9.388344324179343e-07,8.174450840670033e-07,9.819365232033306e-07,0.9999972581863403
poison/poismph/datapoismphpar/poispos_mph_3f21e566.csv,2,32,160,3,modified_position,1.2726159184239805e-06,1.0473595466464758e-06,1.461098463551025e-06,0.9999963045120239
poison/poismph/datapoismphpar/poispos_mph_3f21e566.csv,3,48,176,3,modified_position,1.2835255347454222e-06,7.031576956251229e-07,9.033210517372936e-07,0.9999970197677612
poison/poismph/datapoismphpar/poispos_mph_3f21e566.csv,4,64,192,3,modified_position,1.9513861388986697e-06,5.419578883447684e-07,1.1459535471658455e-06,0.9999963045120239
poison/poismph/datapoismphpar/poispos_mph_3f21e566.csv,5,80,208,3,modified_position,5.14018665853655e-06,6.356463586598693e-07,9.617485375201795e-06,0.999984622001648
poison/poismph/datapoismphpar/poispos_mph_3f21e566.csv,6,96,224,3,modified_position,1.672825419518631e-05,1.5908769910311094e-06,2.8128422400186537e-06,0.99997878074646
poison/poismph/datapoismphpar/poispos_mph_3f221fe2.csv,0,0,128,3,modified_position,0.00012857303954660892,1.991859608097002e-05,2.364266401855275e-05,0.9998278617858887
poison/poismph/datapoismphpar/poispos_mph_3f221fe2.csv,1,16,144,3,modified_position,8.651709210161229e-11,2.0769617969929044e-10,3.7183667256357467e-10,1.0
poison/poismph/datapoismphpar/poispos_mph_3f221fe2.csv,2,32,160,3,modified_position,6.580768568964501e-11,1.791112258509031e-10,1.838931923403564e-10,1.0
poison/poismph/datapoismphpar/poispos_mph_3f2601d9.csv,0,0,128,0,authentic,0.9843912720680237,0.004906478803604841,0.0035039065405726433,0.007198392879217863
poison/poismph/datapoismphpar/poispos_mph_3f2601d9.csv,1,16,144,0,authentic,0.9820156693458557,0.004940682556480169,0.004487692844122648,0.008555964566767216
poison/poismph/datapoismphpar/poispos_mph_3f2601d9.csv,2,32,160,0,authentic,0.9670546054840088,0.008720972575247288,0.007836475037038326,0.01638789474964142
poison/poismph/datapoismphpar/poispos_mph_3f2601d9.csv,3,48,176,0,authentic,0.9637671709060669,0.011341546662151814,0.008191406726837158,0.01669982634484768
poison/poismph/datapoismphpar/poispos_mph_3f2601d9.csv,4,64,192,3,modified_position,5.9565114497672766e-05,1.689128839643672e-05,5.8890614127449226e-06,0.99991774559021
poison/poismph/datapoismphpar/poispos_mph_3f2601d9.csv,5,80,208,3,modified_position,7.175122300395742e-05,2.1830088371643797e-05,6.275521627685521e-06,0.9999001026153564
poison/poismph/datapoismphpar/poispos_mph_3f2601d9.csv,6,96,224,3,modified_position,9.821432556123e-11,3.7685682352517347e-10,1.5817820664398852e-10,1.0
poison/poismph/datapoismphpar/poispos_mph_3f26b37b.csv,0,0,128,3,modified_position,1.0679102047106426e-09,3.3276975619500604e-10,1.439562247185222e-09,1.0
poison/poismph/datapoismphpar/poispos_mph_3f26b37b.csv,1,16,144,3,modified_position,1.0740854872182126e-09,3.775352530599463e-10,1.5958072641097942e-09,1.0
poison/poismph/datapoismphpar/poispos_mph_3f26b37b.csv,2,32,160,3,modified_position,9.855704030670154e-10,3.2228800184164186e-10,1.3667299514352749e-09,1.0
poison/poismph/datapoismphpar/poispos_mph_3f26b37b.csv,3,48,176,3,modified_position,1.6182716278123621e-09,3.292851824543419e-10,1.5570040812207253e-09,1.0
poison/poismph/datapoismphpar/poispos_mph_3f26b37b.csv,4,64,192,3,modified_position,1.605858890307843e-09,2.6926991192333105e-10,1.3013375932402482e-09,1.0
poison/poismph/datapoismphpar/poispos_mph_3f26dfa5.csv,0,0,128,0,authentic,0.9957845211029053,0.0012733543990179896,0.0010324514005333185,0.0019096673931926489
poison/poismph/datapoismphpar/poispos_mph_3f26dfa5.csv,1,16,144,0,authentic,0.9759196639060974,0.006266487296670675,0.005935814697295427,0.011878034099936485
poison/poismph/datapoismphpar/poispos_mph_3f26dfa5.csv,2,32,160,3,modified_position,3.835944880847819e-05,4.6712566472706385e-06,6.743232461303705e-06,0.9999501705169678
poison/poismph/datapoismphpar/poispos_mph_3f26dfa5.csv,3,48,176,3,modified_position,7.158225344028324e-05,3.5730079162021866e-06,4.979979166819248e-06,0.9999199509620667
poison/poismph/datapoismphpar/poispos_mph_3f26dfa5.csv,4,64,192,3,modified_position,7.808059308445081e-05,4.627928774425527e-06,8.47732644615462e-06,0.9999088048934937
poison/poismph/datapoismphpar/poispos_mph_3f26dfa5.csv,5,80,208,3,modified_position,6.578865577466786e-05,3.613069111452205e-06,5.4885217650735285e-06,0.9999251365661621
poison/poismph/datapoismphpar/poispos_mph_3f26dfa5.csv,6,96,224,3,modified_position,4.8797784984344617e-05,8.220376912504435e-06,5.7008919611689635e-06,0.9999372959136963
poison/poismph/datapoismphpar/poispos_mph_3f2ac3b2.csv,0,0,128,3,modified_position,3.1231922603680573e-10,1.4964139927187148e-09,2.1258081517316896e-08,1.0
poison/poismph/datapoismphpar/poispos_mph_3f2ac3b2.csv,1,16,144,3,modified_position,3.481482324652063e-10,1.231052815242606e-09,2.154101608198289e-08,1.0
poison/poismph/datapoismphpar/poispos_mph_3f2ac3b2.csv,2,32,160,3,modified_position,5.227979160693508e-10,1.0333182087762793e-09,1.699788754194742e-08,1.0
poison/poismph/datapoismphpar/poispos_mph_3f2ac3b2.csv,3,48,176,3,modified_position,4.5810905069387786e-10,2.307660729172767e-09,9.52293710554386e-09,1.0
poison/poismph/datapoismphpar/poispos_mph_3f2b37cf.csv,0,0,128,0,authentic,0.985002338886261,0.0070067220367491245,0.003215421224012971,0.004775490611791611
poison/poismph/datapoismphpar/poispos_mph_3f2b37cf.csv,1,16,144,3,modified_position,1.6185333628904175e-10,3.45305839477561e-10,6.600571200721106e-10,1.0
poison/poismph/datapoismphpar/poispos_mph_3f2b37cf.csv,2,32,160,3,modified_position,2.2259481757824773e-10,2.590096470633796e-10,6.100747684811836e-10,1.0
poison/poismph/datapoismphpar/poispos_mph_3f2b37cf.csv,3,48,176,3,modified_position,2.2871302074456423e-10,2.274579413708011e-10,7.098959198259536e-10,1.0
poison/poismph/datapoismphpar/poispos_mph_3f2b37cf.csv,4,64,192,3,modified_position,7.483693664767088e-10,3.118614810837528e-10,1.1685870049404912e-09,1.0
poison/poismph/datapoismphpar/poispos_mph_3f2b37cf.csv,5,80,208,3,modified_position,7.649001432241676e-10,4.636576400596226e-10,1.3323402381359983e-09,1.0
poison/poismph/datapoismphpar/poispos_mph_3f2e8f41.csv,0,0,128,0,authentic,0.9365013241767883,0.030836470425128937,0.022131670266389847,0.010530541650950909
poison/poismph/datapoismphpar/poispos_mph_3f2e8f41.csv,1,16,144,0,authentic,0.9709833860397339,0.012671113945543766,0.010498077608644962,0.005847530905157328
poison/poismph/datapoismphpar/poispos_mph_3f2e8f41.csv,2,32,160,3,modified_position,7.494553422304762e-09,8.743043622416735e-08,2.4990873370711597e-08,0.9999998807907104
poison/poismph/datapoismphpar/poispos_mph_3f2e8f41.csv,3,48,176,3,modified_position,2.1693592755500646e-10,2.4812849552802163e-09,1.0985587994838397e-09,1.0
poison/poismph/datapoismphpar/poispos_mph_3f2e8f41.csv,4,64,192,3,modified_position,2.135416982129712e-10,7.654800349143898e-09,7.917830280312899e-10,1.0
poison/poismph/datapoismphpar/poispos_mph_3f325ccc.csv,0,0,128,3,modified_position,1.1454800663557307e-08,1.1552400991376999e-07,1.2720390074605348e-08,0.9999998807907104
poison/poismph/datapoismphpar/poispos_mph_3f325ccc.csv,1,16,144,3,modified_position,2.1685091056156125e-08,1.1072074812545907e-07,1.2603646126763124e-08,0.9999998807907104
poison/poismph/datapoismphpar/poispos_mph_3f325ccc.csv,2,32,160,3,modified_position,4.6943139153654556e-08,9.00036596362952e-08,8.406559004470182e-09,0.9999998807907104
poison/poismph/datapoismphpar/poispos_mph_3f325ccc.csv,3,48,176,3,modified_position,5.2923844862107217e-08,1.0744366818471462e-07,1.2645085867291073e-08,0.9999998807907104
poison/poismph/datapoismphpar/poispos_mph_3f325ccc.csv,4,64,192,3,modified_position,6.036167121692415e-08,9.951215673709157e-08,1.4658879443629758e-08,0.9999998807907104
poison/poismph/datapoismphpar/poispos_mph_3f35c134.csv,0,0,128,0,authentic,0.9921661615371704,0.0028943403158336878,0.0017887463327497244,0.003150755539536476
poison/poismph/datapoismphpar/poispos_mph_3f35c134.csv,1,16,144,0,authentic,0.9875935316085815,0.004757910501211882,0.002507328987121582,0.005141300614923239
poison/poismph/datapoismphpar/poispos_mph_3f35c134.csv,2,32,160,0,authentic,0.9785986542701721,0.006794074084609747,0.0038348722737282515,0.01077252347022295
poison/poismph/datapoismphpar/poispos_mph_3f35c134.csv,3,48,176,3,modified_position,7.909068244771333e-08,3.888414212838143e-08,2.0126092792338568e-08,0.9999998807907104
poison/poismph/datapoismphpar/poispos_mph_3f35c134.csv,4,64,192,3,modified_position,6.438747313097792e-10,6.026348864374143e-10,2.4279089849699176e-10,1.0
poison/poismph/datapoismphpar/poispos_mph_3f35c134.csv,5,80,208,3,modified_position,7.649381128516097e-10,8.338796320117581e-10,4.77436867818426e-10,1.0
poison/poismph/datapoismphpar/poispos_mph_3f360050.csv,0,0,128,0,authentic,0.9838594198226929,0.006890956312417984,0.0029140920378267765,0.00633549690246582
poison/poismph/datapoismphpar/poispos_mph_3f360050.csv,1,16,144,0,authentic,0.9830288887023926,0.006766581907868385,0.0037392890080809593,0.006465263664722443
poison/poismph/datapoismphpar/poispos_mph_3f360050.csv,2,32,160,3,modified_position,0.0003358162066433579,1.749990406096913e-05,1.9959859855589457e-05,0.9996267557144165
poison/poismph/datapoismphpar/poispos_mph_3f360050.csv,3,48,176,3,modified_position,3.1771269642932864e-11,1.1142294864541213e-09,9.93125512382953e-11,1.0
poison/poismph/datapoismphpar/poispos_mph_3f360050.csv,4,64,192,3,modified_position,1.7597978629879663e-11,6.768785532074162e-10,3.3277405137033256e-11,1.0
poison/poismph/datapoismphpar/poispos_mph_3f360050.csv,5,80,208,3,modified_position,2.088700046254388e-11,1.1344538641822055e-09,3.9230490384012384e-11,1.0
poison/poismph/datapoismphpar/poispos_mph_3f360050.csv,6,96,224,3,modified_position,2.0266512426592165e-11,1.421420980918242e-09,6.427527954322443e-11,1.0
poison/poismph/datapoismphpar/poispos_mph_3f3a49a0.csv,0,0,128,0,authentic,0.9724903702735901,0.012327899225056171,0.008712713606655598,0.006469045300036669
poison/poismph/datapoismphpar/poispos_mph_3f3a49a0.csv,1,16,144,0,authentic,0.9839798212051392,0.007255048491060734,0.004327758681029081,0.004437323193997145
poison/poismph/datapoismphpar/poispos_mph_3f3a49a0.csv,2,32,160,0,authentic,0.9812387824058533,0.008275740779936314,0.004614336881786585,0.005871183704584837
poison/poismph/datapoismphpar/poispos_mph_3f3a49a0.csv,3,48,176,3,modified_position,2.941917542909067e-11,1.8751846742048883e-09,6.972254024129043e-11,1.0
poison/poismph/datapoismphpar/poispos_mph_3f3a49a0.csv,4,64,192,3,modified_position,3.510553653329751e-11,1.847792918674429e-09,6.955292591870332e-11,1.0
poison/poismph/datapoismphpar/poispos_mph_3f3a49a0.csv,5,80,208,3,modified_position,5.527702254259914e-11,2.2183499481798208e-09,9.417405050227146e-11,1.0
poison/poismph/datapoismphpar/poispos_mph_3f3e624f.csv,0,0,128,3,modified_position,0.031947970390319824,0.004110534675419331,0.00707209063693881,0.95686936378479
poison/poismph/datapoismphpar/poispos_mph_3f3e624f.csv,1,16,144,3,modified_position,0.052261024713516235,0.0049644154496490955,0.00888825487345457,0.9338862895965576
poison/poismph/datapoismphpar/poispos_mph_3f3e624f.csv,2,32,160,3,modified_position,0.06972656399011612,0.00614536926150322,0.008589492179453373,0.9155386090278625
poison/poismph/datapoismphpar/poispos_mph_3f3e624f.csv,3,48,176,3,modified_position,0.05853917449712753,0.005256171338260174,0.005178401712328196,0.9310262799263
poison/poismph/datapoismphpar/poispos_mph_3f3e624f.csv,4,64,192,3,modified_position,0.1855006366968155,0.02289082482457161,0.0048602307215332985,0.7867483496665955
poison/poismph/datapoismphpar/poispos_mph_3f3e624f.csv,5,80,208,0,authentic,0.7500632405281067,0.014214039780199528,0.009627081453800201,0.22609561681747437
poison/poismph/datapoismphpar/poispos_mph_3f421169.csv,0,0,128,0,authentic,0.9751425385475159,0.010147335939109325,0.008404253050684929,0.006305926479399204
poison/poismph/datapoismphpar/poispos_mph_3f421169.csv,1,16,144,0,authentic,0.9857411980628967,0.005135013721883297,0.004415716975927353,0.0047081285156309605
poison/poismph/datapoismphpar/poispos_mph_3f421169.csv,2,32,160,0,authentic,0.9825416803359985,0.004937708377838135,0.0048607527278363705,0.007659912575036287
poison/poismph/datapoismphpar/poispos_mph_3f421169.csv,3,48,176,0,authentic,0.9732142090797424,0.00769888935610652,0.008155031129717827,0.0109319556504488
poison/poismph/datapoismphpar/poispos_mph_3f421169.csv,4,64,192,0,authentic,0.9743747711181641,0.00717908563092351,0.00766172306612134,0.010784388519823551
poison/poismph/datapoismphpar/poispos_mph_3f421169.csv,5,80,208,3,modified_position,1.0675322670294918e-07,4.458479807567528e-08,5.266203828568905e-08,0.9999998807907104
poison/poismph/datapoismphpar/poispos_mph_3f421169.csv,6,96,224,3,modified_position,4.2589348714372477e-10,2.1769084312950326e-09,1.196287846561006e-09,1.0
poison/poismph/datapoismphpar/poispos_mph_3f421169.csv,7,112,240,3,modified_position,6.26984242302342e-10,1.9061174860723895e-09,4.84531026412327e-10,1.0
poison/poismph/datapoismphpar/poispos_mph_3f42884e.csv,0,0,128,0,authentic,0.9830910563468933,0.008485405705869198,0.003712482750415802,0.004711075685918331
poison/poismph/datapoismphpar/poispos_mph_3f42884e.csv,1,16,144,3,modified_position,6.146043229904308e-09,5.472903463754619e-09,8.325658384933377e-09,1.0
poison/poismph/datapoismphpar/poispos_mph_3f42884e.csv,2,32,160,3,modified_position,5.2026356556211795e-09,2.9029416648285178e-09,4.598855962711923e-09,1.0
poison/poismph/datapoismphpar/poispos_mph_3f42884e.csv,3,48,176,3,modified_position,7.48712469800239e-09,2.2747974615100475e-09,3.904472745119847e-09,1.0
poison/poismph/datapoismphpar/poispos_mph_3f42884e.csv,4,64,192,3,modified_position,2.2453651382647877e-08,4.243482454313607e-09,5.3255249099493085e-09,1.0
poison/poismph/datapoismphpar/poispos_mph_3f42c0c7.csv,0,0,128,3,modified_position,1.1888430240247772e-09,1.7079376801731883e-10,3.1194474781059967e-10,1.0
poison/poismph/datapoismphpar/poispos_mph_3f42c0c7.csv,1,16,144,3,modified_position,1.0975220732234447e-09,2.292935147307773e-10,3.775366963498783e-10,1.0
poison/poismph/datapoismphpar/poispos_mph_3f42c0c7.csv,2,32,160,3,modified_position,8.216047842068974e-10,3.6452788010343795e-10,4.800135844362785e-10,1.0
poison/poismph/datapoismphpar/poispos_mph_3f42c0c7.csv,3,48,176,3,modified_position,6.512930750268708e-10,2.617525640680185e-10,4.063439029700078e-10,1.0
poison/poismph/datapoismphpar/poispos_mph_3f42c0c7.csv,4,64,192,3,modified_position,1.1099109409329344e-09,2.4320895297691436e-10,5.114973999909012e-10,1.0
poison/poismph/datapoismphpar/poispos_mph_3f4ac1e4.csv,0,0,128,0,authentic,0.98757004737854,0.0031596648041158915,0.003421334084123373,0.005848994012922049
poison/poismph/datapoismphpar/poispos_mph_3f4ac1e4.csv,1,16,144,3,modified_position,1.863960008563481e-08,1.1695836121816683e-07,8.82829986892375e-09,0.9999998807907104
poison/poismph/datapoismphpar/poispos_mph_3f4ac1e4.csv,2,32,160,3,modified_position,2.2867002513748957e-08,1.1149617051842142e-07,7.191840900588886e-09,0.9999998807907104
poison/poismph/datapoismphpar/poispos_mph_3f4ac1e4.csv,3,48,176,3,modified_position,2.2460030280058163e-08,1.0395024219178595e-07,5.9719535983049354e-09,0.9999998807907104
poison/poismph/datapoismphpar/poispos_mph_3f4ac1e4.csv,4,64,192,3,modified_position,1.7029980980964865e-08,1.0075010692389696e-07,5.115219803286664e-09,0.9999998807907104
poison/poismph/datapoismphpar/poispos_mph_3f5229d9.csv,0,0,128,3,modified_position,8.913499105478451e-11,6.959446213761211e-11,1.199497307036168e-10,1.0
poison/poismph/datapoismphpar/poispos_mph_3f5229d9.csv,1,16,144,3,modified_position,2.1062597499454938e-10,1.206155036959089e-10,2.5402369097093924e-10,1.0
poison/poismph/datapoismphpar/poispos_mph_3f5229d9.csv,2,32,160,3,modified_position,2.2156382284421738e-10,1.3208598104164082e-10,2.5613422494075166e-10,1.0
poison/poismph/datapoismphpar/poispos_mph_3f5229d9.csv,3,48,176,3,modified_position,6.963376403268384e-11,8.760391023709957e-11,2.1326043708747022e-10,1.0
poison/poismph/datapoismphpar/poispos_mph_3f5229d9.csv,4,64,192,3,modified_position,7.686617453650513e-10,4.856514634887787e-10,8.151814223644749e-10,1.0
poison/poismph/datapoismphpar/poispos_mph_3f5229d9.csv,5,80,208,3,modified_position,3.577088847350751e-08,1.3688569389103122e-08,1.791623205349424e-08,1.0
poison/poismph/datapoismphpar/poispos_mph_3f5229d9.csv,6,96,224,3,modified_position,6.361906912388804e-08,1.7866543799982537e-08,2.7325135931732802e-08,0.9999998807907104
poison/poismph/datapoismphpar/poispos_mph_3f5229d9.csv,7,112,240,0,authentic,0.9167201519012451,0.02230246737599373,0.03494025021791458,0.026037076488137245
poison/poismph/datapoismphpar/poispos_mph_3f5229d9.csv,8,128,256,0,authentic,0.9593666791915894,0.010695605538785458,0.015924867242574692,0.014012874104082584
poison/poismph/datapoismphpar/poispos_mph_3f5229d9.csv,9,144,272,0,authentic,0.9666502475738525,0.006142674013972282,0.012266095727682114,0.01494109071791172
poison/poismph/datapoismphpar/poispos_mph_3f5229d9.csv,10,160,288,0,authentic,0.986700713634491,0.002930818358436227,0.003279872937127948,0.00708850659430027
poison/poismph/datapoismphpar/poispos_mph_3f52687e.csv,0,0,128,0,authentic,0.9859759211540222,0.008850975893437862,0.0030540642328560352,0.0021190978586673737
poison/poismph/datapoismphpar/poispos_mph_3f52687e.csv,1,16,144,3,modified_position,2.7457886972115375e-05,6.480806405306794e-06,1.2626406714844052e-05,0.9999533891677856
poison/poismph/datapoismphpar/poispos_mph_3f52687e.csv,2,32,160,3,modified_position,4.252236249158159e-05,7.755515071039554e-06,1.0944908353849314e-05,0.9999387264251709
poison/poismph/datapoismphpar/poispos_mph_3f52687e.csv,3,48,176,3,modified_position,4.8699017497710884e-05,7.266404736583354e-06,9.103966476686765e-06,0.9999349117279053
poison/poismph/datapoismphpar/poispos_mph_3f52687e.csv,4,64,192,3,modified_position,6.850107456557453e-05,6.044440397090511e-06,1.6035039152484387e-05,0.9999094009399414
poison/poismph/datapoismphpar/poispos_mph_3f52687e.csv,5,80,208,3,modified_position,7.022712816251442e-05,5.0253029257874005e-06,1.9116610928904265e-05,0.9999057054519653
poison/poismph/datapoismphpar/poispos_mph_3f52687e.csv,6,96,224,3,modified_position,9.654954192228615e-05,3.1898867746349424e-05,7.505802932428196e-05,0.999796450138092
poison/poismph/datapoismphpar/poispos_mph_3f5af0e7.csv,0,0,128,3,modified_position,1.779252717382107e-10,6.461975399219e-10,5.464952379519161e-10,1.0
poison/poismph/datapoismphpar/poispos_mph_3f5af0e7.csv,1,16,144,3,modified_position,1.5167117561887267e-10,4.0045941562816267e-10,2.8006849617234764e-10,1.0
poison/poismph/datapoismphpar/poispos_mph_3f5af0e7.csv,2,32,160,3,modified_position,1.8750048735860503e-10,6.507665517574424e-10,5.261641677911655e-10,1.0
poison/poismph/datapoismphpar/poispos_mph_3f5af0e7.csv,3,48,176,3,modified_position,2.3280886940479917e-10,6.288010112598386e-10,4.2477232842230706e-10,1.0
poison/poismph/datapoismphpar/poispos_mph_3f5af0e7.csv,4,64,192,3,modified_position,3.7337888336708147e-10,7.950032854253664e-10,2.3177300356724828e-10,1.0
poison/poismph/datapoismphpar/poispos_mph_3f5f1cea.csv,0,0,128,3,modified_position,0.005527056287974119,0.0006966025102883577,0.0005826507695019245,0.9931936264038086
poison/poismph/datapoismphpar/poispos_mph_3f5f1cea.csv,1,16,144,3,modified_position,0.005528010427951813,0.0005828245193697512,0.0005006914725527167,0.9933884143829346
poison/poismph/datapoismphpar/poispos_mph_3f5f1cea.csv,2,32,160,3,modified_position,0.01427770871669054,0.0007961430819705129,0.0009749364689923823,0.9839511513710022
poison/poismph/datapoismphpar/poispos_mph_3f5f1cea.csv,3,48,176,3,modified_position,0.02042330428957939,0.001484797685407102,0.0017438631039112806,0.9763480424880981
poison/poismph/datapoismphpar/poispos_mph_3f5f1cea.csv,4,64,192,3,modified_position,0.036639850586652756,0.00399151211604476,0.0030182343907654285,0.9563504457473755
poison/poismph/datapoismphpar/poispos_mph_3f5f1cea.csv,5,80,208,3,modified_position,0.05065079778432846,0.0045836190693080425,0.0020850563887506723,0.9426805973052979
poison/poismph/datapoismphpar/poispos_mph_3f5f4746.csv,0,0,128,3,modified_position,9.814728890722435e-11,1.2713782804318896e-10,5.978333939005154e-10,1.0
poison/poismph/datapoismphpar/poispos_mph_3f5f4746.csv,1,16,144,3,modified_position,9.61377574770772e-11,1.561827750462541e-10,5.072856024135319e-10,1.0
poison/poismph/datapoismphpar/poispos_mph_3f5f4746.csv,2,32,160,3,modified_position,8.446732202571638e-11,1.494485091235731e-10,4.1488737445583013e-10,1.0
poison/poismph/datapoismphpar/poispos_mph_3f5f4746.csv,3,48,176,3,modified_position,1.3299783496734108e-10,1.5782260220920108e-10,3.4654495939534513e-10,1.0
poison/poismph/datapoismphpar/poispos_mph_3f5f4746.csv,4,64,192,3,modified_position,1.1374366726268903e-10,2.428316436819955e-10,2.5037560913432344e-10,1.0
poison/poismph/datapoismphpar/poispos_mph_3f5f559d.csv,0,0,128,3,modified_position,8.741919737076387e-05,1.2807158782379702e-05,4.615871876012534e-05,0.9998536109924316
poison/poismph/datapoismphpar/poispos_mph_3f5f559d.csv,1,16,144,3,modified_position,0.00014078493404667825,1.9726001482922584e-05,5.178269566386007e-05,0.9997877478599548
poison/poismph/datapoismphpar/poispos_mph_3f5f559d.csv,2,32,160,3,modified_position,0.00015362974954769015,1.5034327589091845e-05,2.6249759685015306e-05,0.9998051524162292
poison/poismph/datapoismphpar/poispos_mph_3f66d87a.csv,0,0,128,3,modified_position,7.636946075528783e-10,5.664017588280501e-10,1.1402220279066455e-09,1.0
poison/poismph/datapoismphpar/poispos_mph_3f66d87a.csv,1,16,144,3,modified_position,3.0223896718695187e-09,1.367911450778081e-09,2.188022873994555e-09,1.0
poison/poismph/datapoismphpar/poispos_mph_3f66d87a.csv,2,32,160,3,modified_position,1.5272122455556314e-09,7.924190748020976e-10,9.391795119384483e-10,1.0
poison/poismph/datapoismphpar/poispos_mph_3f66d87a.csv,3,48,176,3,modified_position,2.057163328572642e-09,8.232330372948127e-10,1.547978523142035e-09,1.0
poison/poismph/datapoismphpar/poispos_mph_3f66d87a.csv,4,64,192,3,modified_position,3.590361119520935e-09,7.1721123484636e-10,1.803061921989979e-09,1.0
poison/poismph/datapoismphpar/poispos_mph_3f66d87a.csv,5,80,208,3,modified_position,4.017104426878859e-09,1.140524341636251e-09,2.511568064633707e-09,1.0
poison/poismph/datapoismphpar/poispos_mph_3f6a9c9b.csv,0,0,128,0,authentic,0.9901345372200012,0.002771870931610465,0.00271275220438838,0.0043807667680084705
poison/poismph/datapoismphpar/poispos_mph_3f6a9c9b.csv,1,16,144,3,modified_position,1.3338181226174584e-08,3.448314744858294e-09,4.317498802919317e-09,1.0
poison/poismph/datapoismphpar/poispos_mph_3f6a9c9b.csv,2,32,160,3,modified_position,2.021982403732636e-08,4.867571234967727e-09,5.460422336511783e-09,1.0
poison/poismph/datapoismphpar/poispos_mph_3f6a9c9b.csv,3,48,176,3,modified_position,2.258452447279069e-08,5.421495252733166e-09,7.009917091238549e-09,1.0
poison/poismph/datapoismphpar/poispos_mph_3f6a9c9b.csv,4,64,192,3,modified_position,3.083319910501814e-08,6.144507569416646e-09,1.2977020347193502e-08,1.0
poison/poismph/datapoismphpar/poispos_mph_3f6b0792.csv,0,0,128,3,modified_position,4.7026060129296e-11,7.767511633893776e-11,6.42560379904289e-11,1.0
poison/poismph/datapoismphpar/poispos_mph_3f6b0792.csv,1,16,144,3,modified_position,6.503578925398656e-11,1.1304183977767224e-10,5.780554160339513e-11,1.0
poison/poismph/datapoismphpar/poispos_mph_3f6b0792.csv,2,32,160,3,modified_position,5.930584495716928e-11,8.819388275238538e-11,3.4715143953922833e-11,1.0
poison/poismph/datapoismphpar/poispos_mph_3f6b0792.csv,3,48,176,3,modified_position,7.525917389283876e-11,1.1459597853979986e-10,5.1543904561190956e-11,1.0
poison/poismph/datapoismphpar/poispos_mph_3f6b0792.csv,4,64,192,3,modified_position,3.8194600260332834e-11,1.6216017417747253e-10,4.8807118069316147e-11,1.0
poison/poismph/datapoismphpar/poispos_mph_3f6b0792.csv,5,80,208,3,modified_position,4.5083277389057486e-11,3.1329172589522614e-10,4.924642985071337e-11,1.0
poison/poismph/datapoismphpar/poispos_mph_3f6b0792.csv,6,96,224,3,modified_position,8.790276062597968e-09,5.891965670912214e-08,7.232214382923985e-09,0.9999998807907104
poison/poismph/datapoismphpar/poispos_mph_3f6b0792.csv,7,112,240,0,authentic,0.5883581042289734,0.07155828922986984,0.23250247538089752,0.10758112370967865
poison/poismph/datapoismphpar/poispos_mph_3f6e8fbb.csv,0,0,128,0,authentic,0.9745700359344482,0.010142156854271889,0.007416796870529652,0.007870927453041077
poison/poismph/datapoismphpar/poispos_mph_3f6e8fbb.csv,1,16,144,0,authentic,0.9729464650154114,0.010619230568408966,0.007765146903693676,0.00866907648742199
poison/poismph/datapoismphpar/poispos_mph_3f6e8fbb.csv,2,32,160,0,authentic,0.960574209690094,0.017576074227690697,0.010684585198760033,0.011165214702486992
poison/poismph/datapoismphpar/poispos_mph_3f6e8fbb.csv,3,48,176,3,modified_position,4.3093330986954115e-11,1.214281009076501e-09,4.360703811934208e-11,1.0
poison/poismph/datapoismphpar/poispos_mph_3f6e8fbb.csv,4,64,192,3,modified_position,1.6510029454686048e-11,2.063383908179617e-09,2.7833442148295084e-11,1.0
poison/poismph/datapoismphpar/poispos_mph_3f6e8fbb.csv,5,80,208,3,modified_position,2.470736636117632e-11,2.208673244297188e-09,4.011105336765297e-11,1.0
poison/poismph/datapoismphpar/poispos_mph_3f6e8fbb.csv,6,96,224,3,modified_position,4.4662440412679416e-11,3.3524365505854803e-09,6.899599641618792e-11,1.0
poison/poismph/datapoismphpar/poispos_mph_3f6ed9ff.csv,0,0,128,0,authentic,0.9816797375679016,0.0074321068823337555,0.006078382488340139,0.004809804260730743
poison/poismph/datapoismphpar/poispos_mph_3f6ed9ff.csv,1,16,144,0,authentic,0.9390853047370911,0.02141176536679268,0.021108346059918404,0.01839461363852024
poison/poismph/datapoismphpar/poispos_mph_3f6ed9ff.csv,2,32,160,0,authentic,0.949687659740448,0.0178388524800539,0.0160384401679039,0.01643509604036808
poison/poismph/datapoismphpar/poispos_mph_3f6ed9ff.csv,3,48,176,0,authentic,0.9468892216682434,0.01904115453362465,0.016673412173986435,0.017396194860339165
poison/poismph/datapoismphpar/poispos_mph_3f6ed9ff.csv,4,64,192,3,modified_position,0.0001488333655288443,1.4662425201095175e-05,7.685954187763855e-05,0.9997595548629761
poison/poismph/datapoismphpar/poispos_mph_3f6ed9ff.csv,5,80,208,3,modified_position,0.00017824256792664528,4.6833258238621056e-05,0.00021831925550941378,0.9995566010475159
poison/poismph/datapoismphpar/poispos_mph_3f6ed9ff.csv,6,96,224,3,modified_position,0.00024050718639045954,0.00027100558509118855,0.00013746015611104667,0.9993509650230408
poison/poismph/datapoismphpar/poispos_mph_3f6ed9ff.csv,7,112,240,3,modified_position,2.345954089832958e-05,1.2582628187374212e-05,3.991548055637395e-06,0.9999601244926453
poison/poismph/datapoismphpar/poispos_mph_3f6ed9ff.csv,8,128,256,3,modified_position,3.3809505112003535e-05,9.969662642106414e-06,3.2300986276823096e-06,0.999953031539917
poison/poismph/datapoismphpar/poispos_mph_3f6ed9ff.csv,9,144,272,3,modified_position,3.5701668821275234e-05,1.0069147720059846e-05,5.406006948760478e-06,0.9999488592147827
poison/poismph/datapoismphpar/poispos_mph_3f6ed9ff.csv,10,160,288,3,modified_position,5.7968154578702524e-05,1.1931711014767643e-05,6.096277957112761e-06,0.9999240636825562
poison/poismph/datapoismphpar/poispos_mph_3f6ed9ff.csv,11,176,304,3,modified_position,0.0001038621921907179,1.018641432892764e-05,8.378476195503026e-06,0.9998775720596313
poison/poismph/datapoismphpar/poispos_mph_3f6ed9ff.csv,12,192,320,0,authentic,0.9093659520149231,0.012374111451208591,0.00443315552547574,0.07382681220769882
poison/poismph/datapoismphpar/poispos_mph_3f72dde5.csv,0,0,128,3,modified_position,0.0002315427118446678,3.195181125192903e-05,7.557978096883744e-05,0.9996609091758728
poison/poismph/datapoismphpar/poispos_mph_3f72dde5.csv,1,16,144,3,modified_position,3.613508070543503e-08,2.1024005647518607e-08,8.993639255550079e-08,0.9999998807907104
poison/poismph/datapoismphpar/poispos_mph_3f72dde5.csv,2,32,160,3,modified_position,5.025851734785647e-08,2.742841864744605e-08,9.767623510015255e-08,0.9999997615814209
poison/poismph/datapoismphpar/poispos_mph_3f72dde5.csv,3,48,176,3,modified_position,2.872013560306641e-08,1.6148900883194983e-08,5.370409184024538e-08,1.0
poison/poismph/datapoismphpar/poispos_mph_3f7ba01a.csv,0,0,128,0,authentic,0.9855027198791504,0.005606954917311668,0.00486914673820138,0.004021283704787493
poison/poismph/datapoismphpar/poispos_mph_3f7ba01a.csv,1,16,144,3,modified_position,4.208697532703809e-07,2.4118762098623847e-07,1.0864890782613656e-06,0.9999982118606567
poison/poismph/datapoismphpar/poispos_mph_3f7ba01a.csv,2,32,160,3,modified_position,4.283030250462616e-07,2.419190252567205e-07,1.0924425168923335e-06,0.9999982118606567
poison/poismph/datapoismphpar/poispos_mph_3f7ba01a.csv,3,48,176,3,modified_position,2.9345987968554255e-06,5.639116693600954e-07,1.0090512887472869e-06,0.9999955892562866
poison/poismph/datapoismphpar/poispos_mph_3f836cd3.csv,0,0,128,3,modified_position,1.5430952089445782e-06,5.524895527742046e-07,4.808657649846282e-07,0.9999973773956299
poison/poismph/datapoismphpar/poispos_mph_3f836cd3.csv,1,16,144,3,modified_position,1.3630306883172238e-09,1.2351523137610343e-09,1.8271399948588396e-09,1.0
poison/poismph/datapoismphpar/poispos_mph_3f836cd3.csv,2,32,160,3,modified_position,1.3380013763608645e-09,1.4282531823894828e-09,1.960960727132033e-09,1.0
poison/poismph/datapoismphpar/poispos_mph_3f836cd3.csv,3,48,176,3,modified_position,1.5808658826443889e-09,1.6897412358218844e-09,2.1272390515747475e-09,1.0
poison/poismph/datapoismphpar/poispos_mph_3f836cd3.csv,4,64,192,3,modified_position,3.3779310459891576e-09,2.3163966300643324e-09,2.858404402061865e-09,1.0
poison/poismph/datapoismphpar/poispos_mph_3f836cd3.csv,5,80,208,3,modified_position,1.0182128917790578e-08,6.263367158254596e-09,3.448018981444534e-09,1.0
poison/poismph/datapoismphpar/poispos_mph_3f86beca.csv,0,0,128,3,modified_position,6.477350877887034e-10,5.558429272412013e-10,9.207962725632513e-10,1.0
poison/poismph/datapoismphpar/poispos_mph_3f86beca.csv,1,16,144,3,modified_position,1.5388585961062518e-09,1.5983661061369503e-09,2.9422573266657537e-09,1.0
poison/poismph/datapoismphpar/poispos_mph_3f86beca.csv,2,32,160,3,modified_position,9.595205741064206e-10,1.4999488318068188e-09,1.2539213001261373e-09,1.0
poison/poismph/datapoismphpar/poispos_mph_3f86beca.csv,3,48,176,3,modified_position,7.148430736236833e-10,1.8442753990655092e-09,8.437526233251447e-10,1.0
poison/poismph/datapoismphpar/poispos_mph_3f86beca.csv,4,64,192,3,modified_position,9.063684802690375e-10,1.162333895798895e-09,8.867447887084268e-10,1.0
poison/poismph/datapoismphpar/poispos_mph_3f86beca.csv,5,80,208,3,modified_position,2.8974154187011436e-09,9.042583903884349e-10,2.3686748118478818e-09,1.0
poison/poismph/datapoismphpar/poispos_mph_3f871473.csv,0,0,128,0,authentic,0.98907071352005,0.003589881816878915,0.002486695069819689,0.004852692596614361
poison/poismph/datapoismphpar/poispos_mph_3f871473.csv,1,16,144,3,modified_position,2.5109181933657965e-07,9.059785099907458e-08,5.433567196178046e-08,0.9999996423721313
poison/poismph/datapoismphpar/poispos_mph_3f871473.csv,2,32,160,3,modified_position,3.016652669884934e-07,9.467158434972589e-08,5.3915499620416085e-08,0.9999996423721313
poison/poismph/datapoismphpar/poispos_mph_3f871473.csv,3,48,176,3,modified_position,4.2385258325339237e-07,8.411339535996376e-08,5.0333522239043305e-08,0.9999995231628418
poison/poismph/datapoismphpar/poispos_mph_3f871473.csv,4,64,192,3,modified_position,3.0954467433730315e-07,8.899086623159747e-08,1.5445553458448558e-07,0.9999995231628418
poison/poismph/datapoismphpar/poispos_mph_3f871473.csv,5,80,208,3,modified_position,8.04974888524157e-07,1.5521173679644562e-07,2.45396989839719e-07,0.9999988079071045
poison/poismph/datapoismphpar/poispos_mph_3f873ddb.csv,0,0,128,3,modified_position,0.00013771514932159334,5.670333393936744e-06,1.45915428220178e-05,0.99984210729599
poison/poismph/datapoismphpar/poispos_mph_3f873ddb.csv,1,16,144,3,modified_position,9.831172320673431e-08,2.5972617834213452e-08,6.856735978999495e-08,0.9999997615814209
poison/poismph/datapoismphpar/poispos_mph_3f873ddb.csv,2,32,160,3,modified_position,1.013027457474891e-07,2.244748209534464e-08,3.800310111046201e-08,0.9999998807907104
poison/poismph/datapoismphpar/poispos_mph_3f873ddb.csv,3,48,176,3,modified_position,9.288778102245487e-08,2.1075837963735466e-08,4.8951410036579546e-08,0.9999998807907104
poison/poismph/datapoismphpar/poispos_mph_3f873ddb.csv,4,64,192,3,modified_position,1.3619559524613578e-07,2.9627338804516512e-08,6.572887656375315e-08,0.9999997615814209
poison/poismph/datapoismphpar/poispos_mph_3f873ddb.csv,5,80,208,3,modified_position,2.830103937867534e-07,5.712799833190729e-08,1.9815408336398832e-07,0.9999994039535522
poison/poismph/datapoismphpar/poispos_mph_3f873ddb.csv,6,96,224,3,modified_position,6.026944561199343e-07,1.5205259273898264e-07,2.449511669055937e-07,0.9999990463256836
poison/poismph/datapoismphpar/poispos_mph_3f873ddb.csv,7,112,240,3,modified_position,1.0052299330709502e-06,4.0426493796985596e-07,5.845492978551192e-07,0.9999979734420776
poison/poismph/datapoismphpar/poispos_mph_3f873ddb.csv,8,128,256,0,authentic,0.9386443495750427,0.014789490029215813,0.009229258634150028,0.037336960434913635
poison/poismph/datapoismphpar/poispos_mph_3f873ddb.csv,9,144,272,0,authentic,0.984481692314148,0.0052050151862204075,0.005926221143454313,0.004387085326015949
poison/poismph/datapoismphpar/poispos_mph_3f873f36.csv,0,0,128,0,authentic,0.9717240333557129,0.010126716457307339,0.009321266785264015,0.008828021585941315
poison/poismph/datapoismphpar/poispos_mph_3f873f36.csv,1,16,144,0,authentic,0.9175508618354797,0.027667513117194176,0.032451607286930084,0.02232997491955757
poison/poismph/datapoismphpar/poispos_mph_3f873f36.csv,2,32,160,3,modified_position,1.2204322047182359e-05,2.298847903148271e-06,2.4431512883893447e-06,0.9999830722808838
poison/poismph/datapoismphpar/poispos_mph_3f8aa6b7.csv,0,0,128,3,modified_position,2.7130968760502583e-07,1.3900051953896764e-07,5.320449503187774e-08,0.9999996423721313
poison/poismph/datapoismphpar/poispos_mph_3f8aa6b7.csv,1,16,144,3,modified_position,2.4574159596113532e-08,1.3093033146560629e-07,1.539716620868603e-08,0.9999998807907104
poison/poismph/datapoismphpar/poispos_mph_3f8aa6b7.csv,2,32,160,3,modified_position,1.9343966428664316e-08,7.038833160777358e-08,7.061689455412079e-09,0.9999998807907104
poison/poismph/datapoismphpar/poispos_mph_3f8aa6b7.csv,3,48,176,3,modified_position,4.190255964431344e-08,7.383658129356263e-08,7.227001663778765e-09,0.9999998807907104
poison/poismph/datapoismphpar/poispos_mph_3f8aa6b7.csv,4,64,192,3,modified_position,6.552384235192221e-08,1.3634010542773467e-07,2.2196667615048682e-08,0.9999997615814209
poison/poismph/datapoismphpar/poispos_mph_3f8aa6b7.csv,5,80,208,3,modified_position,8.108633409165122e-08,1.32188972656877e-07,2.6251671059185355e-08,0.9999997615814209
poison/poismph/datapoismphpar/poispos_mph_3f8aa6b7.csv,6,96,224,3,modified_position,5.8929884971803403e-08,6.784354411593085e-08,1.2269322446911701e-08,0.9999998807907104
poison/poismph/datapoismphpar/poispos_mph_3f8b1603.csv,0,0,128,3,modified_position,9.285197499764308e-09,1.7450270561880643e-08,8.623151970255094e-09,1.0
poison/poismph/datapoismphpar/poispos_mph_3f8b1603.csv,1,16,144,3,modified_position,1.4603736886442675e-08,3.2103983471643005e-08,1.616967537643177e-08,1.0
poison/poismph/datapoismphpar/poispos_mph_3f8b1603.csv,2,32,160,3,modified_position,1.0674117589815069e-08,1.934422577676287e-08,9.385710875164932e-09,1.0
poison/poismph/datapoismphpar/poispos_mph_3f8b1603.csv,3,48,176,3,modified_position,2.912404362120924e-08,2.3727002584905676e-08,1.6114039880221753e-08,1.0
poison/poismph/datapoismphpar/poispos_mph_3f8b1603.csv,4,64,192,3,modified_position,4.639951001195186e-08,4.738121361924641e-08,2.632362594567894e-08,0.9999998807907104
poison/poismph/datapoismphpar/poispos_mph_3f8b1603.csv,5,80,208,3,modified_position,4.670022946129393e-08,4.258557240177652e-08,2.9886493280173454e-08,0.9999998807907104
poison/poismph/datapoismphpar/poispos_mph_3f8b1603.csv,6,96,224,3,modified_position,4.830365440966489e-08,2.1900026681009876e-08,1.5492581439957576e-08,0.9999998807907104
poison/poismph/datapoismphpar/poispos_mph_3f8b7bb1.csv,0,0,128,3,modified_position,1.499625534862048e-09,8.316257682494665e-10,9.948119661373767e-09,1.0
poison/poismph/datapoismphpar/poispos_mph_3f8b7bb1.csv,1,16,144,3,modified_position,2.918096875248466e-09,9.425172864396814e-10,1.0855888632477217e-08,1.0
poison/poismph/datapoismphpar/poispos_mph_3f8b7bb1.csv,2,32,160,3,modified_position,4.33783764464124e-09,1.484383727046179e-09,1.7868659440978263e-08,1.0
poison/poismph/datapoismphpar/poispos_mph_3f8b7bb1.csv,3,48,176,3,modified_position,3.3493943174534024e-09,1.611615285668222e-09,1.3197555048805043e-08,1.0
poison/poismph/datapoismphpar/poispos_mph_3f8b7bb1.csv,4,64,192,3,modified_position,1.1081091599862702e-08,3.7340472935909474e-09,3.016292637880724e-08,1.0
poison/poismph/datapoismphpar/poispos_mph_3f8f1c63.csv,0,0,128,3,modified_position,2.1452103982078086e-10,4.1272557593785564e-10,4.1790379490258545e-10,1.0
poison/poismph/datapoismphpar/poispos_mph_3f8f1c63.csv,1,16,144,3,modified_position,1.9239898563228053e-09,9.202098527616442e-10,2.1597328370148716e-09,1.0
poison/poismph/datapoismphpar/poisspd_mph_3e39f7cd.csv,0,0,128,0,authentic,0.974400520324707,0.008149787783622742,0.008164661005139351,0.009285060688853264
poison/poismph/datapoismphpar/poisspd_mph_3e39f7cd.csv,1,16,144,0,authentic,0.9834725260734558,0.004222945775836706,0.005558405537158251,0.006746227853000164
poison/poismph/datapoismphpar/poisspd_mph_3e39f7cd.csv,2,32,160,0,authentic,0.9798122644424438,0.006132771261036396,0.0055232723243534565,0.008531753905117512
poison/poismph/datapoismphpar/poisspd_mph_3e39f7cd.csv,3,48,176,2,modified_speed,6.919796760485042e-06,8.544535376131535e-05,0.9999068379402161,7.762500899843872e-07
poison/poismph/datapoismphpar/poisspd_mph_3e39f7cd.csv,4,64,192,2,modified_speed,2.0387301059594104e-13,3.4755424233035015e-11,1.0,4.118253589709131e-13
poison/poismph/datapoismphpar/poisspd_mph_3e39f7cd.csv,5,80,208,2,modified_speed,1.217088767008906e-13,4.2376786107967135e-11,1.0,2.3784349056227283e-13
poison/poismph/datapoismphpar/poisspd_mph_3e39f7cd.csv,6,96,224,2,modified_speed,1.7362710390527586e-13,5.699495042588154e-11,1.0,2.3263495622059815e-13
poison/poismph/datapoismphpar/poisspd_mph_3e39f7cd.csv,7,112,240,2,modified_speed,1.462538586332468e-13,5.651690573871271e-11,1.0,1.3217749919754163e-13
poison/poismph/datapoismphpar/poisspd_mph_3e39f7cd.csv,8,128,256,2,modified_speed,8.800978609085908e-13,2.540731236511107e-10,1.0,3.5241013124180653e-13
poison/poismph/datapoismphpar/poisspd_mph_3e39f7cd.csv,9,144,272,2,modified_speed,7.777925439128586e-13,2.0016546753431896e-10,1.0,4.26473255581844e-13
poison/poismph/datapoismphpar/poisspd_mph_3e3a3689.csv,0,0,128,2,modified_speed,4.959403981236177e-12,6.163087817867563e-09,1.0,5.829286706116044e-13
poison/poismph/datapoismphpar/poisspd_mph_3e3a3689.csv,1,16,144,2,modified_speed,4.479405561752525e-12,5.584136708591814e-09,1.0,8.602057868095647e-13
poison/poismph/datapoismphpar/poisspd_mph_3e3a3689.csv,2,32,160,2,modified_speed,4.050311301628806e-12,4.35380220764614e-09,1.0,8.445435106460564e-13
poison/poismph/datapoismphpar/poisspd_mph_3e3a3689.csv,3,48,176,2,modified_speed,4.826792611434261e-12,4.296476951992645e-09,1.0,1.0434908145895427e-12
poison/poismph/datapoismphpar/poisspd_mph_3e3a3689.csv,4,64,192,2,modified_speed,5.0188880829082905e-12,4.220646943053907e-09,1.0,1.0060526630523148e-12
poison/poismph/datapoismphpar/poisspd_mph_3e3a3689.csv,5,80,208,2,modified_speed,5.102039016963156e-12,5.372599254371835e-09,1.0,1.4190838174693576e-12
poison/poismph/datapoismphpar/poisspd_mph_3e3a3689.csv,6,96,224,2,modified_speed,1.607769646583268e-11,1.2811677052582127e-08,1.0,2.9689230674617706e-12
poison/poismph/datapoismphpar/poisspd_mph_3e3a3689.csv,7,112,240,2,modified_speed,2.144634709111415e-05,0.0016077301697805524,0.9983704686164856,3.639115391251835e-07
poison/poismph/datapoismphpar/poisspd_mph_3e3a3689.csv,8,128,256,0,authentic,0.9815440773963928,0.005923432298004627,0.005511731840670109,0.007020748686045408
poison/poismph/datapoismphpar/poisspd_mph_3e3a3689.csv,9,144,272,0,authentic,0.9534680247306824,0.018557589501142502,0.012032934464514256,0.01594136841595173
poison/poismph/datapoismphpar/poisspd_mph_3e3a3689.csv,10,160,288,0,authentic,0.905491292476654,0.0649835392832756,0.0036872990895062685,0.025837959721684456
poison/poismph/datapoismphpar/poisspd_mph_3e3a3689.csv,11,176,304,0,authentic,0.9917701482772827,0.002475540852174163,0.0028596611227840185,0.0028946090023964643
poison/poismph/datapoismphpar/poisspd_mph_3e3a3689.csv,12,192,320,0,authentic,0.9943708777427673,0.0017525568837299943,0.0020379293709993362,0.00183861015830189
poison/poismph/datapoismphpar/poisspd_mph_3e3a3689.csv,13,208,336,0,authentic,0.9932787418365479,0.0019849759992212057,0.0024982313625514507,0.00223814370110631
poison/poismph/datapoismphpar/poisspd_mph_3e3a3689.csv,14,224,352,0,authentic,0.9988480806350708,0.0005657903966493905,0.0003462478634901345,0.0002398240176262334
poison/poismph/datapoismphpar/poisspd_mph_3e3a3689.csv,15,240,368,0,authentic,0.9985126852989197,0.000559703097678721,0.000590710376854986,0.0003369520709384233
poison/poismph/datapoismphpar/poisspd_mph_3e3a3689.csv,16,256,384,0,authentic,0.9976525902748108,0.0008519944967702031,0.0009826697641983628,0.0005127725307829678
poison/poismph/datapoismphpar/poisspd_mph_3e3a3689.csv,17,272,400,0,authentic,0.9953214526176453,0.0017430176958441734,0.0015704927500337362,0.001365046831779182
poison/poismph/datapoismphpar/poisspd_mph_3e3a8fd0.csv,0,0,128,2,modified_speed,1.780850880095386e-06,2.544329436204862e-05,0.9999726414680481,2.3471871202218608e-07
poison/poismph/datapoismphpar/poisspd_mph_3e3a8fd0.csv,1,16,144,2,modified_speed,1.48952052948792e-12,4.817967691472802e-10,1.0,4.899360539663278e-13
poison/poismph/datapoismphpar/poisspd_mph_3e3a8fd0.csv,2,32,160,2,modified_speed,1.7508445864997113e-12,4.4869691295801317e-10,1.0,1.2893652074838502e-12
poison/poismph/datapoismphpar/poisspd_mph_3e3a8fd0.csv,3,48,176,2,modified_speed,1.9368551901211006e-12,5.800028235469767e-10,1.0,1.3330041280859573e-12
poison/poismph/datapoismphpar/poisspd_mph_3e3a8fd0.csv,4,64,192,2,modified_speed,3.698338944119195e-12,8.027039588576201e-10,1.0,2.541959915128289e-12
poison/poismph/datapoismphpar/poisspd_mph_3e3a8fd0.csv,5,80,208,2,modified_speed,5.2337001919811055e-12,1.0416252305134321e-09,1.0,3.304210854579437e-12
poison/poismph/datapoismphpar/poisspd_mph_3e3a8fd0.csv,6,96,224,2,modified_speed,9.281021264018197e-12,1.3380880847790877e-09,1.0,5.569587759740591e-12
poison/poismph/datapoismphpar/poisspd_mph_3e3a8fd0.csv,7,112,240,2,modified_speed,1.0519804645447994e-11,3.7051723911218915e-09,1.0,4.6925597088631754e-12
poison/poismph/datapoismphpar/poisspd_mph_3e3d86b8.csv,0,0,128,2,modified_speed,0.00041482647066004574,0.0012441335711628199,0.9983113408088684,2.9635046303155832e-05
poison/poismph/datapoismphpar/poisspd_mph_3e3d86b8.csv,1,16,144,2,modified_speed,0.000602428917773068,0.002109917113557458,0.9972561597824097,3.151964119751938e-05
poison/poismph/datapoismphpar/poisspd_mph_3e3d86b8.csv,2,32,160,2,modified_speed,0.0003148998075630516,0.0010437376331537962,0.9986097812652588,3.154051591991447e-05
poison/poismph/datapoismphpar/poisspd_mph_3e3d86b8.csv,3,48,176,2,modified_speed,0.0003969045355916023,0.0013190077152103186,0.998242974281311,4.11721775890328e-05
poison/poismph/datapoismphpar/poisspd_mph_3e3d86b8.csv,4,64,192,2,modified_speed,0.0005507878377102315,0.0014655620325356722,0.9979321956634521,5.1489700126694515e-05
poison/poismph/datapoismphpar/poisspd_mph_3e3d86b8.csv,5,80,208,2,modified_speed,0.0006678463541902602,0.001440144027583301,0.9978207945823669,7.108994032023475e-05
poison/poismph/datapoismphpar/poisspd_mph_3e3d86b8.csv,6,96,224,2,modified_speed,0.0008693040581420064,0.001467749709263444,0.9975531101226807,0.00010973753524012864
poison/poismph/datapoismphpar/poisspd_mph_3e3d86b8.csv,7,112,240,0,authentic,0.9769917130470276,0.006093920208513737,0.0074743423610925674,0.009440037421882153
poison/poismph/datapoismphpar/poisspd_mph_3e44f206.csv,0,0,128,2,modified_speed,0.00014569700579158962,0.000360397418262437,0.9994794726371765,1.4398810890270397e-05
poison/poismph/datapoismphpar/poisspd_mph_3e44f206.csv,1,16,144,2,modified_speed,0.00024933097301982343,0.0004721828445326537,0.9992561340332031,2.2384492694982328e-05
poison/poismph/datapoismphpar/poisspd_mph_3e44f206.csv,2,32,160,2,modified_speed,0.0003583579382393509,0.0006219830829650164,0.9989894032478333,3.0306386179290712e-05
poison/poismph/datapoismphpar/poisspd_mph_3e44f206.csv,3,48,176,2,modified_speed,0.0002761752693913877,0.0006253215251490474,0.9990718364715576,2.6636360416887328e-05
poison/poismph/datapoismphpar/poisspd_mph_3e47f111.csv,0,0,128,2,modified_speed,2.8983742489385733e-11,7.089545395189134e-09,1.0,2.1930623549798467e-12
poison/poismph/datapoismphpar/poisspd_mph_3e47f111.csv,1,16,144,2,modified_speed,2.502647047930573e-11,7.049874461984018e-09,1.0,2.284167646693369e-12
poison/poismph/datapoismphpar/poisspd_mph_3e47f111.csv,2,32,160,2,modified_speed,2.4821153812859542e-11,5.859731366797405e-09,1.0,2.3215724048036845e-12
poison/poismph/datapoismphpar/poisspd_mph_3e47f111.csv,3,48,176,2,modified_speed,1.7657490053446523e-11,3.3195470816593797e-09,1.0,3.23261621464066e-12
poison/poismph/datapoismphpar/poisspd_mph_3e47f111.csv,4,64,192,2,modified_speed,1.5563322852685246e-10,3.9605563273426014e-08,1.0,2.1256144414061318e-11
poison/poismph/datapoismphpar/poisspd_mph_3e47f111.csv,5,80,208,0,authentic,0.9323427081108093,0.041336026042699814,0.013800429180264473,0.012520934455096722
poison/poismph/datapoismphpar/poisspd_mph_3e488bea.csv,0,0,128,2,modified_speed,0.009049249812960625,0.02867358736693859,0.9620097279548645,0.00026728070224635303
poison/poismph/datapoismphpar/poisspd_mph_3e488bea.csv,1,16,144,2,modified_speed,0.012587587349116802,0.04015053063631058,0.9468764662742615,0.0003853995003737509
poison/poismph/datapoismphpar/poisspd_mph_3e488bea.csv,2,32,160,2,modified_speed,0.023927977308630943,0.0536368153989315,0.9218665957450867,0.0005686001386493444
poison/poismph/datapoismphpar/poisspd_mph_3e488bea.csv,3,48,176,2,modified_speed,0.03772401437163353,0.061115674674510956,0.9005557894706726,0.0006045656045898795
poison/poismph/datapoismphpar/poisspd_mph_3e488bea.csv,4,64,192,2,modified_speed,0.05222874507308006,0.10724420845508575,0.839838981628418,0.0006881288718432188
poison/poismph/datapoismphpar/poisspd_mph_3e4c8398.csv,0,0,128,0,authentic,0.9374733567237854,0.02077607437968254,0.019046170637011528,0.02270451746881008
poison/poismph/datapoismphpar/poisspd_mph_3e4c8398.csv,1,16,144,2,modified_speed,9.962884632841451e-07,2.5050055683095707e-06,0.9999961853027344,3.837558892882953e-07
poison/poismph/datapoismphpar/poisspd_mph_3e4c8398.csv,2,32,160,2,modified_speed,5.021671555145713e-13,4.859878610652402e-10,1.0,3.1000945083584086e-13
poison/poismph/datapoismphpar/poisspd_mph_3e4c8398.csv,3,48,176,2,modified_speed,3.085229554472546e-13,3.825534888868276e-10,1.0,2.164057913986786e-13
poison/poismph/datapoismphpar/poisspd_mph_3e4c8398.csv,4,64,192,2,modified_speed,4.340261873861384e-13,4.143211884688469e-10,1.0,3.4039757774648183e-13
poison/poismph/datapoismphpar/poisspd_mph_3e4c8398.csv,5,80,208,2,modified_speed,5.700249842456595e-13,3.818136085076418e-10,1.0,4.914634779869254e-13
poison/poismph/datapoismphpar/poisspd_mph_3e4c8398.csv,6,96,224,2,modified_speed,8.102307345013438e-13,3.4583447217073626e-10,1.0,7.29057818889961e-13
poison/poismph/datapoismphpar/poisspd_mph_3e4c8398.csv,7,112,240,2,modified_speed,1.674036603782625e-11,4.078092530335198e-09,1.0,1.888786219442218e-12
poison/poismph/datapoismphpar/poisspd_mph_3e4c8398.csv,8,128,256,2,modified_speed,9.352252305916409e-10,1.4522413493978092e-07,0.9999998807907104,1.5491228091968345e-11
poison/poismph/datapoismphpar/poisspd_mph_3e503efe.csv,0,0,128,2,modified_speed,1.1713623127018735e-10,3.489796185363048e-08,1.0,8.977014444300213e-12
poison/poismph/datapoismphpar/poisspd_mph_3e503efe.csv,1,16,144,2,modified_speed,3.7686759268851233e-10,4.799582242753786e-08,1.0,2.6719314261125504e-11
poison/poismph/datapoismphpar/poisspd_mph_3e503efe.csv,2,32,160,2,modified_speed,3.878011523017477e-10,4.319436541777577e-08,1.0,2.999729978303556e-11
poison/poismph/datapoismphpar/poisspd_mph_3e503efe.csv,3,48,176,2,modified_speed,4.3175130137740325e-10,4.5955523830798484e-08,1.0,6.47225883998459e-11
poison/poismph/datapoismphpar/poisspd_mph_3e503efe.csv,4,64,192,2,modified_speed,2.0358459362768144e-10,1.666489168883345e-08,1.0,3.9496947379369374e-11
poison/poismph/datapoismphpar/poisspd_mph_3e503efe.csv,5,80,208,2,modified_speed,4.530019452886336e-07,4.242222530592699e-06,0.999995231628418,6.862985202360505e-08
poison/poismph/datapoismphpar/poisspd_mph_3e503efe.csv,6,96,224,2,modified_speed,6.556840526172891e-05,0.00018330998136661947,0.9997473359107971,3.863991423713742e-06
poison/poismph/datapoismphpar/poisspd_mph_3e543f08.csv,0,0,128,0,authentic,0.9772360920906067,0.011460939422249794,0.007230902090668678,0.004071919713169336
poison/poismph/datapoismphpar/poisspd_mph_3e543f08.csv,1,16,144,0,authentic,0.9774988889694214,0.011751466430723667,0.005906098522245884,0.004843549802899361
poison/poismph/datapoismphpar/poisspd_mph_3e543f08.csv,2,32,160,0,authentic,0.931096076965332,0.04523550719022751,0.013463982380926609,0.010204408317804337
poison/poismph/datapoismphpar/poisspd_mph_3e543f08.csv,3,48,176,0,authentic,0.9564043283462524,0.029720323160290718,0.0068428092636168,0.007032549008727074
poison/poismph/datapoismphpar/poisspd_mph_3e543f08.csv,4,64,192,0,authentic,0.9436176419258118,0.03652052581310272,0.006606928538531065,0.013254844583570957
poison/poismph/datapoismphpar/poisspd_mph_3e57a9b1.csv,0,0,128,2,modified_speed,4.0898865449889854e-07,1.4379372714756755e-06,0.9999982118606567,3.3007346189606324e-08
poison/poismph/datapoismphpar/poisspd_mph_3e57a9b1.csv,1,16,144,2,modified_speed,2.9922353657341194e-13,5.266702074457896e-10,1.0,2.448888294025956e-14
poison/poismph/datapoismphpar/poisspd_mph_3e57a9b1.csv,2,32,160,2,modified_speed,3.554547064674174e-13,4.548215137845091e-10,1.0,5.364107527844157e-14
poison/poismph/datapoismphpar/poisspd_mph_3e57a9b1.csv,3,48,176,2,modified_speed,3.940247650727202e-13,4.417641252807414e-10,1.0,6.039949356634322e-14
poison/poismph/datapoismphpar/poisspd_mph_3e57a9b1.csv,4,64,192,2,modified_speed,5.559140929707607e-13,4.522514585048043e-10,1.0,7.700718724799535e-14
poison/poismph/datapoismphpar/poisspd_mph_3e57a9b1.csv,5,80,208,2,modified_speed,6.787598911747739e-13,4.4281608935214933e-10,1.0,1.193156630354547e-13
poison/poismph/datapoismphpar/poisspd_mph_3e5ea18c.csv,0,0,128,0,authentic,0.9499692916870117,0.01769118569791317,0.02560438960790634,0.0067351022735238075
poison/poismph/datapoismphpar/poisspd_mph_3e5ea18c.csv,1,16,144,0,authentic,0.8334722518920898,0.0529821403324604,0.08454469591379166,0.0290009006857872
poison/poismph/datapoismphpar/poisspd_mph_3e5ea18c.csv,2,32,160,2,modified_speed,1.1228398761886638e-06,2.059638518403517e-06,0.9999964237213135,3.82889226102634e-07
poison/poismph/datapoismphpar/poisspd_mph_3e5ea18c.csv,3,48,176,2,modified_speed,1.5334943601411077e-12,1.038533911645878e-10,1.0,9.967376316671883e-13
poison/poismph/datapoismphpar/poisspd_mph_3e5ea18c.csv,4,64,192,2,modified_speed,1.5941195845997624e-12,5.916044737430681e-11,1.0,2.62848445266306e-12
poison/poismph/datapoismphpar/poisspd_mph_3e5ea18c.csv,5,80,208,2,modified_speed,2.560836525472565e-12,7.313077921011768e-11,1.0,3.5893423649957512e-12
poison/poismph/datapoismphpar/poisspd_mph_3e61de69.csv,0,0,128,2,modified_speed,3.7726524624304147e-06,0.00010780531738419086,0.9998881816864014,1.9597487721512152e-07
poison/poismph/datapoismphpar/poisspd_mph_3e61de69.csv,1,16,144,2,modified_speed,2.7587960670268086e-13,3.562643235976992e-10,1.0,7.563824647996084e-14
poison/poismph/datapoismphpar/poisspd_mph_3e61de69.csv,2,32,160,2,modified_speed,2.3629481617909454e-13,3.312764784713096e-10,1.0,8.449039130007177e-14
poison/poismph/datapoismphpar/poisspd_mph_3e61de69.csv,3,48,176,2,modified_speed,2.582865019952474e-13,2.4735483106219647e-10,1.0,1.170154739164181e-13
poison/poismph/datapoismphpar/poisspd_mph_3e61de69.csv,4,64,192,2,modified_speed,3.025515493519648e-13,1.2910449098679777e-10,1.0,2.286079854064982e-13
poison/poismph/datapoismphpar/poisspd_mph_3e61de69.csv,5,80,208,2,modified_speed,5.322244381322783e-13,1.6781936951204557e-10,1.0,2.850949999081559e-13
poison/poismph/datapoismphpar/poisspd_mph_3e622608.csv,0,0,128,0,authentic,0.558653712272644,0.37896597385406494,0.04994171857833862,0.012438645586371422
poison/poismph/datapoismphpar/poisspd_mph_3e622608.csv,1,16,144,0,authentic,0.6692809462547302,0.2858438789844513,0.022165868431329727,0.022709263488650322
poison/poismph/datapoismphpar/poisspd_mph_3e622608.csv,2,32,160,2,modified_speed,5.550554305955302e-06,5.915015208302066e-05,0.9999344348907471,7.940991508803563e-07
poison/poismph/datapoismphpar/poisspd_mph_3e622608.csv,3,48,176,2,modified_speed,2.6782757345245045e-08,7.226157663353661e-07,0.9999992847442627,6.350902914675771e-09
poison/poismph/datapoismphpar/poisspd_mph_3e656a7d.csv,0,0,128,2,modified_speed,1.0917256682008158e-10,3.7211924652780226e-09,1.0,2.3393356696210788e-11
poison/poismph/datapoismphpar/poisspd_mph_3e656a7d.csv,1,16,144,2,modified_speed,2.2082466410999757e-10,4.72098049542069e-09,1.0,4.5498094874973916e-11
poison/poismph/datapoismphpar/poisspd_mph_3e656a7d.csv,2,32,160,2,modified_speed,2.5179316964774046e-10,6.393104712287823e-09,1.0,5.803023686579145e-11
poison/poismph/datapoismphpar/poisspd_mph_3e656a7d.csv,3,48,176,2,modified_speed,2.5422886018588997e-09,3.244470292429469e-08,1.0,5.240318734500704e-10
poison/poismph/datapoismphpar/poisspd_mph_3e656a7d.csv,4,64,192,2,modified_speed,1.7442998434535895e-10,3.5281844112944327e-09,1.0,3.473044421498095e-11
poison/poismph/datapoismphpar/poisspd_mph_3e696d81.csv,0,0,128,2,modified_speed,2.6494770821727798e-09,1.829380238405065e-07,0.9999997615814209,2.661520448477006e-10
poison/poismph/datapoismphpar/poisspd_mph_3e696d81.csv,1,16,144,2,modified_speed,2.6405122532935366e-09,1.935072617698097e-07,0.9999997615814209,2.9021149372532307e-10
poison/poismph/datapoismphpar/poisspd_mph_3e696d81.csv,2,32,160,2,modified_speed,2.563209644534936e-09,2.980296471832844e-07,0.9999996423721313,2.4798491038424686e-10
poison/poismph/datapoismphpar/poisspd_mph_3e696d81.csv,3,48,176,2,modified_speed,5.262676072703698e-09,2.999617834120727e-07,0.9999996423721313,4.690137722640486e-10
poison/poismph/datapoismphpar/poisspd_mph_3e696d81.csv,4,64,192,2,modified_speed,7.346551811338031e-09,3.2455665177621995e-07,0.9999996423721313,6.493429682841168e-10
poison/poismph/datapoismphpar/poisspd_mph_3e73fb1c.csv,0,0,128,0,authentic,0.9524499773979187,0.020603245124220848,0.013468612916767597,0.013478102162480354
poison/poismph/datapoismphpar/poisspd_mph_3e73fb1c.csv,1,16,144,0,authentic,0.9746872186660767,0.011338330805301666,0.0066637578420341015,0.007310735993087292
poison/poismph/datapoismphpar/poisspd_mph_3e73fb1c.csv,2,32,160,0,authentic,0.9864266514778137,0.006064463872462511,0.0036012576892971992,0.00390761299058795
poison/poismph/datapoismphpar/poisspd_mph_3e73fb1c.csv,3,48,176,0,authentic,0.9752666354179382,0.01021940540522337,0.005602862220257521,0.008911071345210075
poison/poismph/datapoismphpar/poisspd_mph_3e73fb1c.csv,4,64,192,2,modified_speed,6.8930426095903385e-06,3.1786898034624755e-05,0.9999603033065796,1.0682299489417346e-06
poison/poismph/datapoismphpar/poisspd_mph_3e73fb1c.csv,5,80,208,2,modified_speed,5.624582356399295e-14,2.928779163635653e-10,1.0,1.0381910886807667e-14
poison/poismph/datapoismphpar/poisspd_mph_3e73fb1c.csv,6,96,224,2,modified_speed,7.806099787833337e-14,3.3706887281326203e-10,1.0,1.388204414837441e-14
poison/poismph/datapoismphpar/poisspd_mph_3e743eea.csv,0,0,128,0,authentic,0.9286642074584961,0.021194884553551674,0.034490808844566345,0.015650097280740738
poison/poismph/datapoismphpar/poisspd_mph_3e743eea.csv,1,16,144,2,modified_speed,9.797916736839843e-14,3.7942281261305055e-11,1.0,3.896479967564585e-14
poison/poismph/datapoismphpar/poisspd_mph_3e743eea.csv,2,32,160,2,modified_speed,1.0143393015717844e-13,4.495353395084223e-11,1.0,3.660711396014961e-14
poison/poismph/datapoismphpar/poisspd_mph_3e743eea.csv,3,48,176,2,modified_speed,1.2158890973050507e-13,4.973786660311674e-11,1.0,4.283055301482902e-14
poison/poismph/datapoismphpar/poisspd_mph_3e77a028.csv,0,0,128,2,modified_speed,7.65495555832274e-10,8.26318711233398e-08,0.9999998807907104,3.530186559741466e-11
poison/poismph/datapoismphpar/poisspd_mph_3e77a028.csv,1,16,144,2,modified_speed,6.143918152012873e-10,8.330522405231022e-08,0.9999998807907104,5.5106898211310096e-11
poison/poismph/datapoismphpar/poisspd_mph_3e77a028.csv,2,32,160,2,modified_speed,6.604726210390766e-10,6.273855746030677e-08,0.9999998807907104,1.051501455351378e-10
poison/poismph/datapoismphpar/poisspd_mph_3e77a028.csv,3,48,176,2,modified_speed,5.85758330728936e-10,3.9214839375745214e-08,1.0,9.290927055483067e-11
poison/poismph/datapoismphpar/poisspd_mph_3e77f289.csv,0,0,128,0,authentic,0.9741201996803284,0.008082342334091663,0.006570907309651375,0.011226562783122063
poison/poismph/datapoismphpar/poisspd_mph_3e77f289.csv,1,16,144,0,authentic,0.9685424566268921,0.009200937114655972,0.0069934288039803505,0.015263169072568417
poison/poismph/datapoismphpar/poisspd_mph_3e77f289.csv,2,32,160,2,modified_speed,0.34225133061408997,0.06298666447401047,0.5805705785751343,0.014191554859280586
poison/poismph/datapoismphpar/poisspd_mph_3e77f289.csv,3,48,176,2,modified_speed,0.3552696108818054,0.09251894801855087,0.5400391221046448,0.01217225007712841
poison/poismph/datapoismphpar/poisspd_mph_3e77f289.csv,4,64,192,0,authentic,0.6596702933311462,0.03740675747394562,0.2904205024242401,0.012502455152571201
poison/poismph/datapoismphpar/poisspd_mph_3e7b8676.csv,0,0,128,0,authentic,0.9805192947387695,0.008258973248302937,0.006524229887872934,0.0046975393779575825
poison/poismph/datapoismphpar/poisspd_mph_3e7b8676.csv,1,16,144,0,authentic,0.9751986861228943,0.010500738397240639,0.008436007425189018,0.005864638369530439
poison/poismph/datapoismphpar/poisspd_mph_3e7b8676.csv,2,32,160,0,authentic,0.9703905582427979,0.012145728804171085,0.009207673370838165,0.008255979977548122
poison/poismph/datapoismphpar/poisspd_mph_3e7b8676.csv,3,48,176,2,modified_speed,1.6623644114588387e-06,5.425881681730971e-06,0.9999927282333374,2.307813389279545e-07
poison/poismph/datapoismphpar/poisspd_mph_3e7b8676.csv,4,64,192,2,modified_speed,2.016451844610856e-06,4.338997769082198e-06,0.9999932050704956,4.7107258183132217e-07
poison/poismph/datapoismphpar/poisspd_mph_3e7b8fcb.csv,0,0,128,2,modified_speed,0.3047320246696472,0.05838986486196518,0.6286987662315369,0.008179408498108387
poison/poismph/datapoismphpar/poisspd_mph_3e7b8fcb.csv,1,16,144,2,modified_speed,0.27188077569007874,0.06559649109840393,0.6484236121177673,0.014099116437137127
poison/poismph/datapoismphpar/poisspd_mph_3e7b8fcb.csv,2,32,160,2,modified_speed,0.22981847822666168,0.08156222850084305,0.6701059341430664,0.01851336471736431
poison/poismph/datapoismphpar/poisspd_mph_3e7b8fcb.csv,3,48,176,0,authentic,0.5856905579566956,0.0787290632724762,0.3125303089618683,0.023050110787153244
poison/poismph/datapoismphpar/poisspd_mph_3e7b8fcb.csv,4,64,192,0,authentic,0.7664533853530884,0.021469803526997566,0.1869206577539444,0.025156065821647644
poison/poismph/datapoismphpar/poisspd_mph_3e7b8fcb.csv,5,80,208,0,authentic,0.9753260612487793,0.007594607770442963,0.0063368817791342735,0.0107423672452569
poison/poismph/datapoismphpar/poisspd_mph_3e7f3fd9.csv,0,0,128,2,modified_speed,1.0538732430134812e-13,4.538351638938565e-11,1.0,6.691559605682615e-14
poison/poismph/datapoismphpar/poisspd_mph_3e7f3fd9.csv,1,16,144,2,modified_speed,1.1389827069777786e-13,5.3204430444653283e-11,1.0,9.505654455840146e-14
poison/poismph/datapoismphpar/poisspd_mph_3e7f3fd9.csv,2,32,160,2,modified_speed,1.3528413144500012e-13,5.91011198314284e-11,1.0,1.2846023073401214e-13
poison/poismph/datapoismphpar/poisspd_mph_3e7f3fd9.csv,3,48,176,2,modified_speed,1.5145296041602085e-13,4.805006739716511e-11,1.0,1.3076646428016037e-13
poison/poismph/datapoismphpar/poisspd_mph_3e7f3fd9.csv,4,64,192,2,modified_speed,1.5704371668107814e-13,3.975778734011115e-11,1.0,1.3512398123159686e-13
poison/poismph/datapoismphpar/poisspd_mph_3e83ff63.csv,0,0,128,0,authentic,0.9349387288093567,0.03141126409173012,0.02054903656244278,0.013100996613502502
poison/poismph/datapoismphpar/poisspd_mph_3e83ff63.csv,1,16,144,0,authentic,0.9074916243553162,0.04337258264422417,0.028498739004135132,0.020637067034840584
poison/poismph/datapoismphpar/poisspd_mph_3e83ff63.csv,2,32,160,0,authentic,0.9550468325614929,0.023067466914653778,0.010564887896180153,0.011320816352963448
poison/poismph/datapoismphpar/poisspd_mph_3e83ff63.csv,3,48,176,0,authentic,0.9582257270812988,0.019960351288318634,0.009145000949501991,0.012668878771364689
poison/poismph/datapoismphpar/poisspd_mph_3e881f6e.csv,0,0,128,2,modified_speed,6.95302537767617e-10,3.2236985703093524e-07,0.9999996423721313,1.061974050364789e-10
poison/poismph/datapoismphpar/poisspd_mph_3e881f6e.csv,1,16,144,2,modified_speed,8.034266585354999e-10,3.251167584039649e-07,0.9999996423721313,9.520726568235105e-11
poison/poismph/datapoismphpar/poisspd_mph_3e881f6e.csv,2,32,160,2,modified_speed,1.0027226826636593e-09,2.229626545613428e-07,0.9999997615814209,1.312649433593549e-10
poison/poismph/datapoismphpar/poisspd_mph_3e881f6e.csv,3,48,176,2,modified_speed,5.627673438368674e-09,4.84846736981126e-07,0.9999995231628418,4.732136904550543e-10
poison/poismph/datapoismphpar/poisspd_mph_3e881f6e.csv,4,64,192,2,modified_speed,6.426894572086894e-09,4.731755325337872e-07,0.9999995231628418,6.240573613425227e-10
poison/poismph/datapoismphpar/poisspd_mph_3e9e281c.csv,0,0,128,0,authentic,0.9945231676101685,0.001457233796827495,0.0013395021669566631,0.002680151956155896
poison/poismph/datapoismphpar/poisspd_mph_3e9e281c.csv,1,16,144,2,modified_speed,2.2459374804384424e-08,7.046972996249679e-07,0.9999992847442627,8.786711913622014e-10
poison/poismph/datapoismphpar/poisspd_mph_3e9e281c.csv,2,32,160,2,modified_speed,3.059713815645182e-09,2.3840486562676233e-07,0.9999997615814209,3.1644761810945e-10
poison/poismph/datapoismphpar/poisspd_mph_3e9e281c.csv,3,48,176,2,modified_speed,5.235174516116103e-09,3.045022083369986e-07,0.9999996423721313,6.427210985648912e-10
poison/poismph/datapoismphpar/poisspd_mph_3e9e281c.csv,4,64,192,2,modified_speed,5.163190763823877e-09,3.2794426374493924e-07,0.9999996423721313,6.997180612700049e-10
poison/poismph/datapoismphpar/poisspd_mph_3e9e281c.csv,5,80,208,2,modified_speed,7.913634192391328e-09,4.5166487439018965e-07,0.9999995231628418,7.33095417704277e-10
poison/poismph/datapoismphpar/poisspd_mph_3e9e281c.csv,6,96,224,2,modified_speed,1.2799480586522805e-08,6.839200636932219e-07,0.9999992847442627,9.589198324277959e-10
poison/poismph/datapoismphpar/poisspd_mph_3e9e281c.csv,7,112,240,2,modified_speed,2.53222296464628e-08,2.156703885702882e-06,0.9999978542327881,1.5109401507729103e-09
poison/poismph/datapoismphpar/poisspd_mph_3e9e8545.csv,0,0,128,0,authentic,0.9685161113739014,0.01839466765522957,0.006331764627248049,0.006757406052201986
poison/poismph/datapoismphpar/poisspd_mph_3e9e8545.csv,1,16,144,0,authentic,0.976481020450592,0.011687972582876682,0.005053180735558271,0.00677797244861722
poison/poismph/datapoismphpar/poisspd_mph_3e9e8545.csv,2,32,160,0,authentic,0.9607043862342834,0.018963608890771866,0.007970083504915237,0.012361973524093628
poison/poismph/datapoismphpar/poisspd_mph_3e9e8545.csv,3,48,176,2,modified_speed,4.914232704322785e-06,3.2082862162496895e-05,0.9999622702598572,8.940082238950708e-07
poison/poismph/datapoismphpar/poisspd_mph_3e9e8545.csv,4,64,192,2,modified_speed,1.5335496428292572e-08,2.9116412747498543e-07,0.9999996423721313,5.6479438903522805e-09
poison/poismph/datapoismphpar/poisspd_mph_3ea21b8b.csv,0,0,128,2,modified_speed,6.5501271819812246e-06,0.00012143680214649066,0.9998717308044434,1.983679425165974e-07
poison/poismph/datapoismphpar/poisspd_mph_3ea21b8b.csv,1,16,144,2,modified_speed,5.049942956247833e-06,9.098297596210614e-05,0.9999036192893982,3.8997760043457674e-07
poison/poismph/datapoismphpar/poisspd_mph_3ea21b8b.csv,2,32,160,2,modified_speed,5.543697625398636e-06,9.860187128651887e-05,0.9998952746391296,5.830951863572409e-07
poison/poismph/datapoismphpar/poisspd_mph_3ea21b8b.csv,3,48,176,2,modified_speed,5.883369794901228e-06,9.47516891756095e-05,0.9998987317085266,6.785923005736549e-07
poison/poismph/datapoismphpar/poisspd_mph_3ea21b8b.csv,4,64,192,2,modified_speed,1.3481038877216633e-05,0.00015808461466804147,0.9998267292976379,1.7414515696145827e-06
poison/poismph/datapoismphpar/poisspd_mph_3ea21b8b.csv,5,80,208,2,modified_speed,1.2646118193515576e-05,9.926671191351488e-05,0.9998862743377686,1.7993967276197509e-06
poison/poismph/datapoismphpar/poisspd_mph_3ea21b8b.csv,6,96,224,2,modified_speed,3.673197716125287e-05,0.00022846121282782406,0.9997298121452332,4.955507847625995e-06
poison/poismph/datapoismphpar/poisspd_mph_3ea5338f.csv,0,0,128,0,authentic,0.9353613257408142,0.01697627454996109,0.01628286764025688,0.03137954697012901
poison/poismph/datapoismphpar/poisspd_mph_3ea5338f.csv,1,16,144,2,modified_speed,3.1839895200391766e-06,9.100385796045884e-05,0.9999052882194519,6.223176001185493e-07
poison/poismph/datapoismphpar/poisspd_mph_3ea5338f.csv,2,32,160,2,modified_speed,5.4114400677499064e-14,7.235229776414442e-11,1.0,9.748685826692707e-14
poison/poismph/datapoismphpar/poisspd_mph_3ea5338f.csv,3,48,176,2,modified_speed,8.205036720583883e-14,2.555993472430629e-10,1.0,1.0723555696852058e-13
poison/poismph/datapoismphpar/poisspd_mph_3ea5338f.csv,4,64,192,2,modified_speed,1.1337311704674377e-13,3.276794113826753e-10,1.0,1.1655415944455266e-13
poison/poismph/datapoismphpar/poisspd_mph_3ea5338f.csv,5,80,208,2,modified_speed,1.3912055372728577e-13,4.332452452349145e-10,1.0,1.1524791266714213e-13
poison/poismph/datapoismphpar/poisspd_mph_3ea57789.csv,0,0,128,0,authentic,0.9228304624557495,0.026400530710816383,0.022824835032224655,0.027944263070821762
poison/poismph/datapoismphpar/poisspd_mph_3ea57789.csv,1,16,144,2,modified_speed,1.1207985359034875e-13,1.4480296128827064e-10,1.0,9.994365361351565e-14
poison/poismph/datapoismphpar/poisspd_mph_3ea57789.csv,2,32,160,2,modified_speed,2.072265698881831e-13,1.7235605997978354e-10,1.0,1.6960180005201608e-13
poison/poismph/datapoismphpar/poisspd_mph_3ea57789.csv,3,48,176,2,modified_speed,2.1286551893980737e-13,1.8422845193821757e-10,1.0,1.8194819294877623e-13
poison/poismph/datapoismphpar/poisspd_mph_3ea57789.csv,4,64,192,2,modified_speed,2.525339150034195e-13,1.4209866616710087e-10,1.0,2.1713140725514168e-13
poison/poismph/datapoismphpar/poisspd_mph_3ea59d67.csv,0,0,128,0,authentic,0.9423983693122864,0.017592092975974083,0.019478997215628624,0.020530594512820244
poison/poismph/datapoismphpar/poisspd_mph_3ea59d67.csv,1,16,144,0,authentic,0.9567761421203613,0.015684258192777634,0.012644334696233273,0.01489527802914381
poison/poismph/datapoismphpar/poisspd_mph_3ea59d67.csv,2,32,160,0,authentic,0.9542552828788757,0.018399585038423538,0.010422920808196068,0.01692217029631138
poison/poismph/datapoismphpar/poisspd_mph_3ea59d67.csv,3,48,176,2,modified_speed,2.4445695089525543e-05,3.692122481879778e-05,0.9999325275421143,6.071711140975822e-06
poison/poismph/datapoismphpar/poisspd_mph_3ea59d67.csv,4,64,192,2,modified_speed,2.238198067061603e-05,7.110326259862632e-05,0.9999027252197266,3.800701961154118e-06
poison/poismph/datapoismphpar/poisspd_mph_3ea867d9.csv,0,0,128,2,modified_speed,2.601310825411929e-06,2.681737532839179e-05,0.9999704957008362,1.5249914042669843e-07
poison/poismph/datapoismphpar/poisspd_mph_3ea867d9.csv,1,16,144,2,modified_speed,3.652898469819199e-11,1.204114585817706e-09,1.0,7.435258658761157e-11
poison/poismph/datapoismphpar/poisspd_mph_3ea867d9.csv,2,32,160,2,modified_speed,3.811483767490742e-11,1.0827428953419371e-09,1.0,7.205963603595933e-11
poison/poismph/datapoismphpar/poisspd_mph_3ea867d9.csv,3,48,176,2,modified_speed,4.175330914346631e-11,1.193650733810614e-09,1.0,8.171175541749065e-11
poison/poismph/datapoismphpar/poisspd_mph_3ea867d9.csv,4,64,192,2,modified_speed,4.739977160772568e-11,1.685624195779667e-09,1.0,8.948453783519383e-11
poison/poismph/datapoismphpar/poisspd_mph_3ea867d9.csv,5,80,208,2,modified_speed,8.274199381208547e-11,2.0844796999597293e-09,1.0,1.41646763762715e-10
poison/poismph/datapoismphpar/poisspd_mph_3ea867d9.csv,6,96,224,2,modified_speed,9.083651886232502e-11,3.4609066723589876e-09,1.0,8.038956306188894e-11
poison/poismph/datapoismphpar/poisspd_mph_3ea867d9.csv,7,112,240,2,modified_speed,8.559293718235494e-08,5.68220684726839e-07,0.9999994039535522,2.327356973808037e-08
poison/poismph/datapoismphpar/poisspd_mph_3ea867d9.csv,8,128,256,2,modified_speed,9.895895908274e-11,2.5779733903164015e-09,1.0,8.10565434217203e-11
poison/poismph/datapoismphpar/poisspd_mph_3ea867d9.csv,9,144,272,0,authentic,0.9629377722740173,0.011046785861253738,0.009737321175634861,0.016278082504868507
poison/poismph/datapoismphpar/poisspd_mph_3ea867d9.csv,10,160,288,0,authentic,0.8830087780952454,0.03499188274145126,0.039837516844272614,0.04216179996728897
poison/poismph/datapoismphpar/poisspd_mph_3ea867d9.csv,11,176,304,0,authentic,0.917887270450592,0.05342680960893631,0.015963591635227203,0.012722272425889969
poison/poismph/datapoismphpar/poisspd_mph_3ea867d9.csv,12,192,320,1,modified_altitude,0.17112161219120026,0.8184934258460999,0.009061615914106369,0.0013233821373432875
poison/poismph/datapoismphpar/poisspd_mph_3ea867d9.csv,13,208,336,0,authentic,0.5548276901245117,0.4297301769256592,0.013654214330017567,0.0017878724029287696
poison/poismph/datapoismphpar/poisspd_mph_3ea867d9.csv,14,224,352,0,authentic,0.9807258248329163,0.00930810160934925,0.004777561407536268,0.005188432522118092
poison/poismph/datapoismphpar/poisspd_mph_3eac32b0.csv,0,0,128,0,authentic,0.9872242212295532,0.006137441843748093,0.004322405438870192,0.0023159494157880545
poison/poismph/datapoismphpar/poisspd_mph_3eac32b0.csv,1,16,144,0,authentic,0.9810062050819397,0.009738636203110218,0.00674250116571784,0.0025126561522483826
poison/poismph/datapoismphpar/poisspd_mph_3eac32b0.csv,2,32,160,0,authentic,0.9451064467430115,0.022243641316890717,0.02402973733842373,0.008620092645287514
poison/poismph/datapoismphpar/poisspd_mph_3eac32b0.csv,3,48,176,0,authentic,0.9799664616584778,0.007351006381213665,0.007819055579602718,0.004863523878157139
poison/poismph/datapoismphpar/poisspd_mph_3eac32b0.csv,4,64,192,0,authentic,0.9774253964424133,0.008765344507992268,0.008001437410712242,0.005807809066027403
poison/poismph/datapoismphpar/poisspd_mph_3eac32b0.csv,5,80,208,2,modified_speed,4.800558235729113e-05,0.0004030203854199499,0.9995447993278503,4.2068477341672406e-06
poison/poismph/datapoismphpar/poisspd_mph_3eac32b0.csv,6,96,224,2,modified_speed,7.386678771581501e-05,0.00047604122664779425,0.999442458152771,7.585708772239741e-06
poison/poismph/datapoismphpar/poisspd_mph_3eac32b0.csv,7,112,240,2,modified_speed,8.321151108248159e-05,0.0005968406330794096,0.9993127584457397,7.173105586844031e-06
poison/poismph/datapoismphpar/poisspd_mph_3eac32b0.csv,8,128,256,2,modified_speed,0.00015902542509138584,0.0007772055687382817,0.9990487694740295,1.5032542250992265e-05
poison/poismph/datapoismphpar/poisspd_mph_3eac32b0.csv,9,144,272,2,modified_speed,0.0001965621195267886,0.0012530930107459426,0.9985338449478149,1.6529924323549494e-05
poison/poismph/datapoismphpar/poisspd_mph_3eac32b0.csv,10,160,288,2,modified_speed,0.0006414493545889854,0.002733857138082385,0.9965988993644714,2.5768616978893988e-05
poison/poismph/datapoismphpar/poisspd_mph_3eaca993.csv,0,0,128,0,authentic,0.9633105397224426,0.0067031122744083405,0.019720302894711494,0.010265981778502464
poison/poismph/datapoismphpar/poisspd_mph_3eaca993.csv,1,16,144,0,authentic,0.9696391224861145,0.010584444738924503,0.012823347933590412,0.006953115575015545
poison/poismph/datapoismphpar/poisspd_mph_3eaca993.csv,2,32,160,0,authentic,0.9675285220146179,0.011172800324857235,0.012576738372445107,0.00872188899666071
poison/poismph/datapoismphpar/poisspd_mph_3eaca993.csv,3,48,176,0,authentic,0.9705407023429871,0.012422587722539902,0.009687014855444431,0.007349755149334669
poison/poismph/datapoismphpar/poisspd_mph_3eaca993.csv,4,64,192,2,modified_speed,0.00029056708444841206,0.0003838767879642546,0.9992780089378357,4.752800305141136e-05
poison/poismph/datapoismphpar/poisspd_mph_3eaca993.csv,5,80,208,2,modified_speed,0.0006461604498326778,0.0006715924246236682,0.9985916018486023,9.056590351974592e-05
poison/poismph/datapoismphpar/poisspd_mph_3eaca993.csv,6,96,224,2,modified_speed,0.0010803554905578494,0.0009731405880302191,0.9977654218673706,0.0001810818212106824
poison/poismph/datapoismphpar/poisspd_mph_3eb0a8e3.csv,0,0,128,0,authentic,0.970039427280426,0.010980152525007725,0.01415029726922512,0.004830159246921539
poison/poismph/datapoismphpar/poisspd_mph_3eb0a8e3.csv,1,16,144,0,authentic,0.9866565465927124,0.004783303011208773,0.006115743890404701,0.0024444633163511753
poison/poismph/datapoismphpar/poisspd_mph_3eb0a8e3.csv,2,32,160,0,authentic,0.9666392803192139,0.013271505944430828,0.01316872239112854,0.0069204214960336685
poison/poismph/datapoismphpar/poisspd_mph_3eb0a8e3.csv,3,48,176,0,authentic,0.9768730998039246,0.008765188977122307,0.007558702956885099,0.006803004536777735
poison/poismph/datapoismphpar/poisspd_mph_3eb0a8e3.csv,4,64,192,2,modified_speed,1.5241346773109399e-05,6.0217436839593574e-05,0.999922513961792,2.0596060039679287e-06
poison/poismph/datapoismphpar/poisspd_mph_3eb0e146.csv,0,0,128,2,modified_speed,2.781941255136644e-08,1.7455170109315077e-07,0.9999997615814209,2.1041683950784318e-09
poison/poismph/datapoismphpar/poisspd_mph_3eb0e146.csv,1,16,144,2,modified_speed,2.953345656919737e-08,1.864053018607592e-07,0.9999997615814209,3.983660956663471e-09
poison/poismph/datapoismphpar/poisspd_mph_3eb0e146.csv,2,32,160,2,modified_speed,2.961682987745462e-08,2.027544212523935e-07,0.9999997615814209,4.192107994072103e-09
poison/poismph/datapoismphpar/poisspd_mph_3eb0e146.csv,3,48,176,2,modified_speed,2.6027814570284136e-08,1.941438654284866e-07,0.9999997615814209,3.82156173373005e-09
poison/poismph/datapoismphpar/poisspd_mph_3eb0e146.csv,4,64,192,2,modified_speed,2.1465258015496147e-08,2.2151191103603196e-07,0.9999997615814209,3.7182898982024426e-09
poison/poismph/datapoismphpar/poisspd_mph_3eb0e146.csv,5,80,208,2,modified_speed,0.015350613743066788,0.008133809082210064,0.9760273694992065,0.0004882682696916163
poison/poismph/datapoismphpar/poisspd_mph_3eb0e146.csv,6,96,224,0,authentic,0.9510189294815063,0.013936595991253853,0.01818806305527687,0.016856368631124496
poison/poismph/datapoismphpar/poisspd_mph_3eb0e146.csv,7,112,240,0,authentic,0.9844503998756409,0.004885429982095957,0.004279996734112501,0.006384195294231176
poison/poismph/datapoismphpar/poisspd_mph_3eb0e146.csv,8,128,256,0,authentic,0.9939151406288147,0.003063531592488289,0.0016592699103057384,0.001362012350000441
poison/poismph/datapoismphpar/poisspd_mph_3eb0e146.csv,9,144,272,0,authentic,0.993607759475708,0.0033698435872793198,0.001633884385228157,0.0013884837972000241
poison/poismph/datapoismphpar/poisspd_mph_3eb3f86a.csv,0,0,128,0,authentic,0.9706833958625793,0.014688259921967983,0.007307095918804407,0.007321332581341267
poison/poismph/datapoismphpar/poisspd_mph_3eb3f86a.csv,1,16,144,0,authentic,0.8942086696624756,0.054617609828710556,0.021529803052544594,0.029643939808011055
poison/poismph/datapoismphpar/poisspd_mph_3eb3f86a.csv,2,32,160,2,modified_speed,0.0021463593002408743,0.0026682859752327204,0.9949622750282288,0.00022311304928734899
poison/poismph/datapoismphpar/poisspd_mph_3eb3f86a.csv,3,48,176,2,modified_speed,5.729541499022162e-06,1.727462949929759e-05,0.999975860118866,1.1534053783179843e-06
poison/poismph/datapoismphpar/poisspd_mph_3eb3f86a.csv,4,64,192,2,modified_speed,9.586225132807158e-06,3.2097384973894805e-05,0.9999570846557617,1.2062703262927243e-06
poison/poismph/datapoismphpar/poisspd_mph_3eb85606.csv,0,0,128,2,modified_speed,6.928480011936244e-11,1.4322196761895611e-07,0.9999998807907104,7.520240398288525e-13
poison/poismph/datapoismphpar/poisspd_mph_3eb85606.csv,1,16,144,2,modified_speed,7.03495664500231e-11,1.2316480990648415e-07,0.9999998807907104,5.940473265207691e-13
poison/poismph/datapoismphpar/poisspd_mph_3eb85606.csv,2,32,160,2,modified_speed,7.401045748478552e-11,1.3515145269593631e-07,0.9999998807907104,5.85583068580392e-13
poison/poismph/datapoismphpar/poisspd_mph_3eb85606.csv,3,48,176,2,modified_speed,8.909860349515242e-11,1.5138149933591194e-07,0.9999998807907104,1.9411007089881194e-12
poison/poismph/datapoismphpar/poisspd_mph_3eb85606.csv,4,64,192,2,modified_speed,1.268193189352118e-10,1.8670117185592972e-07,0.9999997615814209,2.8395274413034466e-12
poison/poismph/datapoismphpar/poisspd_mph_3eb85606.csv,5,80,208,2,modified_speed,2.1855307841267546e-10,3.03759406961035e-07,0.9999996423721313,8.449302889290689e-12
poison/poismph/datapoismphpar/poisspd_mph_3ebc2471.csv,0,0,128,0,authentic,0.9835491180419922,0.003958874847739935,0.005780908744782209,0.006711086258292198
poison/poismph/datapoismphpar/poisspd_mph_3ebc2471.csv,1,16,144,0,authentic,0.9761962890625,0.007706038188189268,0.00791863352060318,0.008179033175110817
poison/poismph/datapoismphpar/poisspd_mph_3ebc2471.csv,2,32,160,0,authentic,0.9471138119697571,0.013774577528238297,0.015075607225298882,0.02403596229851246
poison/poismph/datapoismphpar/poisspd_mph_3ebc2471.csv,3,48,176,0,authentic,0.8440137505531311,0.07190852612257004,0.05499457195401192,0.029083164408802986
poison/poismph/datapoismphpar/poisspd_mph_3ebc2471.csv,4,64,192,2,modified_speed,0.15915900468826294,0.061850495636463165,0.759928286075592,0.019062276929616928
poison/poismph/datapoismphpar/poisspd_mph_3ebc2471.csv,5,80,208,0,authentic,0.5905689597129822,0.07125166803598404,0.29192861914634705,0.04625064879655838
poison/poismph/datapoismphpar/poisspd_mph_3ebc2471.csv,6,96,224,2,modified_speed,0.3739336133003235,0.11429273337125778,0.46455302834510803,0.047220584005117416
poison/poismph/datapoismphpar/poisspd_mph_3ebc2471.csv,7,112,240,0,authentic,0.8649025559425354,0.03707834333181381,0.08735209703445435,0.010666988790035248
poison/poismph/datapoismphpar/poisspd_mph_3ebc2471.csv,8,128,256,0,authentic,0.9781543612480164,0.00792026985436678,0.01137437205761671,0.0025509039405733347
poison/poismph/datapoismphpar/poisspd_mph_3ebf64ae.csv,0,0,128,2,modified_speed,1.6224724471922136e-12,3.68178904031069e-10,1.0,7.248219494222774e-13
poison/poismph/datapoismphpar/poisspd_mph_3ebf64ae.csv,1,16,144,2,modified_speed,1.2362880901298223e-13,1.9973946108198248e-10,1.0,4.5936541517247603e-14
poison/poismph/datapoismphpar/poisspd_mph_3ebf64ae.csv,2,32,160,2,modified_speed,1.448181852214958e-13,1.5822466947756908e-10,1.0,5.3138432375013714e-14
poison/poismph/datapoismphpar/poisspd_mph_3ebf64ae.csv,3,48,176,2,modified_speed,1.5165761712860465e-13,1.415678962946032e-10,1.0,4.805824046550701e-14
poison/poismph/datapoismphpar/poisspd_mph_3ebfcb91.csv,0,0,128,2,modified_speed,0.07976628839969635,0.02263735421001911,0.8806143403053284,0.016981959342956543
poison/poismph/datapoismphpar/poisspd_mph_3ebfcb91.csv,1,16,144,2,modified_speed,0.0853288471698761,0.022527867928147316,0.8755047917366028,0.01663854718208313
poison/poismph/datapoismphpar/poisspd_mph_3ebfcb91.csv,2,32,160,2,modified_speed,0.19841258227825165,0.028912032023072243,0.7450188994407654,0.027656519785523415
poison/poismph/datapoismphpar/poisspd_mph_3ebff749.csv,0,0,128,0,authentic,0.9653467535972595,0.008642623201012611,0.01390760950744152,0.012103086337447166
poison/poismph/datapoismphpar/poisspd_mph_3ebff749.csv,1,16,144,0,authentic,0.9875688552856445,0.0034358687698841095,0.00480139022693038,0.0041938903741538525
poison/poismph/datapoismphpar/poisspd_mph_3ebff749.csv,2,32,160,0,authentic,0.9864282011985779,0.0034699677489697933,0.005299393553286791,0.004802394192665815
poison/poismph/datapoismphpar/poisspd_mph_3ebff749.csv,3,48,176,0,authentic,0.959360659122467,0.010803861543536186,0.014004108496010303,0.015831338241696358
poison/poismph/datapoismphpar/poisspd_mph_3ebff749.csv,4,64,192,2,modified_speed,3.2267764709104085e-06,1.2185835657874122e-05,0.9999836087226868,1.0659548479452496e-06
poison/poismph/datapoismphpar/poisspd_mph_3ebff749.csv,5,80,208,2,modified_speed,2.2569363912483542e-12,8.935423234657236e-11,1.0,2.7068312868916422e-12
poison/poismph/datapoismphpar/poisspd_mph_3ebff749.csv,6,96,224,2,modified_speed,2.960401455226469e-12,1.3253037556282266e-10,1.0,3.624434953553024e-12
poison/poismph/datapoismphpar/poisspd_mph_3ebff749.csv,7,112,240,2,modified_speed,2.5846900574694187e-12,1.7624156301021543e-10,1.0,3.8985949885050886e-12
poison/poismph/datapoismphpar/poisspd_mph_3ebff749.csv,8,128,256,2,modified_speed,1.8347722646749887e-11,6.749164560559962e-10,1.0,7.779917335359876e-12
poison/poismph/datapoismphpar/poisspd_mph_3eca8b3b.csv,0,0,128,0,authentic,0.9855542182922363,0.0051467539742589,0.004559432156383991,0.004739558324217796
poison/poismph/datapoismphpar/poisspd_mph_3eca8b3b.csv,1,16,144,2,modified_speed,9.7913220771257e-14,3.537776668838255e-11,1.0,1.408912727153891e-13
poison/poismph/datapoismphpar/poisspd_mph_3eca8b3b.csv,2,32,160,2,modified_speed,1.4525305871287975e-13,3.892371147617979e-11,1.0,2.036289431343874e-13
poison/poismph/datapoismphpar/poisspd_mph_3eca8b3b.csv,3,48,176,2,modified_speed,1.3759577244948362e-13,3.638886067469649e-11,1.0,1.9473374193550164e-13
poison/poismph/datapoismphpar/poisspd_mph_3eca8b3b.csv,4,64,192,2,modified_speed,1.4464566155079905e-13,3.669364465053171e-11,1.0,2.6663843659055497e-13
poison/poismph/datapoismphpar/poisspd_mph_3eca8b3b.csv,5,80,208,2,modified_speed,2.4154522782968146e-13,4.088517024936067e-11,1.0,2.3743509870895185e-13
poison/poismph/datapoismphpar/poisspd_mph_3ece97cb.csv,0,0,128,0,authentic,0.9787094593048096,0.009006164968013763,0.0070446147583425045,0.00523972325026989
poison/poismph/datapoismphpar/poisspd_mph_3ece97cb.csv,1,16,144,0,authentic,0.9882713556289673,0.004703795537352562,0.004346637986600399,0.0026781668420881033
poison/poismph/datapoismphpar/poisspd_mph_3ece97cb.csv,2,32,160,0,authentic,0.9826568365097046,0.006381339859217405,0.006010803394019604,0.0049511040560901165
poison/poismph/datapoismphpar/poisspd_mph_3ece97cb.csv,3,48,176,2,modified_speed,2.919659791711382e-10,5.520840673511884e-08,1.0,5.4376871061467824e-11
poison/poismph/datapoismphpar/poisspd_mph_3ece97cb.csv,4,64,192,2,modified_speed,3.839811246741931e-10,6.610606106960404e-08,0.9999998807907104,6.925731516060907e-11
poison/poismph/datapoismphpar/poisspd_mph_3ece97cb.csv,5,80,208,2,modified_speed,5.718553408584626e-10,6.704700439286171e-08,0.9999998807907104,1.4311811458167512e-10
poison/poismph/datapoismphpar/poisspd_mph_3ece97cb.csv,6,96,224,2,modified_speed,1.3315119007373255e-09,9.61824611067641e-08,0.9999998807907104,2.848666025290214e-10
poison/poismph/datapoismphpar/poisspd_mph_3ed74cd0.csv,0,0,128,2,modified_speed,0.014826484955847263,0.0020098781678825617,0.9822913408279419,0.0008723204373382032
poison/poismph/datapoismphpar/poisspd_mph_3ed74cd0.csv,1,16,144,2,modified_speed,0.012293410487473011,0.002161244861781597,0.9844229221343994,0.0011225154157727957
poison/poismph/datapoismphpar/poisspd_mph_3ed74cd0.csv,2,32,160,2,modified_speed,0.03340120613574982,0.002362974686548114,0.9626911878585815,0.0015445302706211805
poison/poismph/datapoismphpar/poisspd_mph_3ed74cd0.csv,3,48,176,2,modified_speed,0.021992476657032967,0.003267276333644986,0.9728598594665527,0.0018803634447976947
poison/poismph/datapoismphpar/poisspd_mph_3ed74cd0.csv,4,64,192,2,modified_speed,0.04829449951648712,0.0031385081820189953,0.9455716609954834,0.0029953867197036743
poison/poismph/datapoismphpar/poisspd_mph_3ed74cd0.csv,5,80,208,2,modified_speed,0.01952291838824749,0.0012878099223598838,0.9762749075889587,0.0029144627042114735
poison/poismph/datapoismphpar/poisspd_mph_3edaa4e3.csv,0,0,128,0,authentic,0.9814093112945557,0.007510229479521513,0.004377600271254778,0.006702791899442673
poison/poismph/datapoismphpar/poisspd_mph_3edaa4e3.csv,1,16,144,2,modified_speed,8.933254309895222e-12,7.749446639948587e-10,1.0,6.920235218199622e-12
poison/poismph/datapoismphpar/poisspd_mph_3edaa4e3.csv,2,32,160,2,modified_speed,6.687438282174454e-14,2.1111817155583523e-11,1.0,7.169950261764688e-14
poison/poismph/datapoismphpar/poisspd_mph_3edaa4e3.csv,3,48,176,2,modified_speed,8.218930093797927e-14,2.6118886567449984e-11,1.0,9.091611198695088e-14
poison/poismph/datapoismphpar/poisspd_mph_3edaa4e3.csv,4,64,192,2,modified_speed,1.0862572099408149e-13,3.238554563411711e-11,1.0,8.639658134962716e-14
poison/poismph/datapoismphpar/poisspd_mph_3edaa4e3.csv,5,80,208,2,modified_speed,1.3380393798154144e-13,4.139528650415336e-11,1.0,7.798152585909018e-14
poison/poismph/datapoismphpar/poisspd_mph_3edaa4e3.csv,6,96,224,2,modified_speed,7.290105476752406e-13,1.9868202916217825e-10,1.0,1.3876199451631765e-13
poison/poismph/datapoismphpar/poisspd_mph_3edb145f.csv,0,0,128,2,modified_speed,1.474414394828788e-13,5.406571301769247e-10,1.0,5.376019521587984e-14
poison/poismph/datapoismphpar/poisspd_mph_3edb145f.csv,1,16,144,2,modified_speed,1.8928787573826988e-13,4.952801502255966e-10,1.0,5.765020080240879e-14
poison/poismph/datapoismphpar/poisspd_mph_3edb145f.csv,2,32,160,2,modified_speed,2.9996982003378803e-13,6.965744092646275e-10,1.0,1.1654460491290763e-13
poison/poismph/datapoismphpar/poisspd_mph_3edb145f.csv,3,48,176,2,modified_speed,3.7788481653706907e-13,8.234277149021807e-10,1.0,1.681953052312321e-13
poison/poismph/datapoismphpar/poisspd_mph_3edb145f.csv,4,64,192,2,modified_speed,4.706854480826528e-13,8.358223002602472e-10,1.0,1.401015534054778e-13
poison/poismph/datapoismphpar/poisspd_mph_3edebc1c.csv,0,0,128,2,modified_speed,5.384036315739249e-13,1.1252341419742962e-10,1.0,3.5728248159484777e-13
poison/poismph/datapoismphpar/poisspd_mph_3edebc1c.csv,1,16,144,2,modified_speed,1.086062880253924e-12,1.5911169604088116e-10,1.0,7.290828639601454e-13
poison/poismph/datapoismphpar/poisspd_mph_3edebc1c.csv,2,32,160,2,modified_speed,1.040251652179025e-12,1.5673036479757485e-10,1.0,5.894469482826958e-13
poison/poismph/datapoismphpar/poisspd_mph_3edebc1c.csv,3,48,176,2,modified_speed,1.3108518177179507e-12,1.7136578267518132e-10,1.0,8.539219678582732e-13
poison/poismph/datapoismphpar/poisspd_mph_3edebc1c.csv,4,64,192,2,modified_speed,1.8458774005830625e-12,2.1070994948857447e-10,1.0,1.281426570756694e-12
poison/poismph/datapoismphpar/poisspd_mph_3eeab179.csv,0,0,128,2,modified_speed,1.3953635402685904e-07,1.0344067959522363e-05,0.9999895095825195,7.812353430836083e-09
poison/poismph/datapoismphpar/poisspd_mph_3eeab179.csv,1,16,144,2,modified_speed,6.275440779003605e-14,1.8533460988123807e-08,1.0,3.993356311588186e-15
poison/poismph/datapoismphpar/poisspd_mph_3eeab179.csv,2,32,160,2,modified_speed,8.558226420292761e-14,1.926594350720734e-08,1.0,1.171999170347486e-14
poison/poismph/datapoismphpar/poisspd_mph_3eeab179.csv,3,48,176,2,modified_speed,1.0300966893708741e-13,2.10940989120445e-08,1.0,1.410646468071649e-14
poison/poismph/datapoismphpar/poisspd_mph_3eeab179.csv,4,64,192,2,modified_speed,1.7893442261739112e-13,2.603417392776919e-08,1.0,4.0841302914465874e-14
poison/poismph/datapoismphpar/poisspd_mph_3eeab179.csv,5,80,208,2,modified_speed,1.904706996508701e-13,1.4896485822646355e-08,1.0,2.341081836850986e-14
poison/poismph/datapoismphpar/poisspd_mph_3eeab179.csv,6,96,224,2,modified_speed,7.761147410509373e-13,3.3478542604825634e-07,0.9999996423721313,3.861586614709034e-14
poison/poismph/datapoismphpar/poisspd_mph_3eeb5bac.csv,0,0,128,2,modified_speed,4.4122618427823446e-13,1.6536803038036396e-09,1.0,6.024313806054366e-14
poison/poismph/datapoismphpar/poisspd_mph_3eeb5bac.csv,1,16,144,2,modified_speed,5.673479806615755e-13,1.7716410560808526e-09,1.0,7.903028139679899e-14
poison/poismph/datapoismphpar/poisspd_mph_3eeb5bac.csv,2,32,160,2,modified_speed,6.573297678738599e-13,2.0207284734397035e-09,1.0,8.290647357002412e-14
poison/poismph/datapoismphpar/poisspd_mph_3eeb5bac.csv,3,48,176,2,modified_speed,7.835385443764886e-13,2.0838712977422347e-09,1.0,9.056822539111817e-14
poison/poismph/datapoismphpar/poisspd_mph_3eeeaa2c.csv,0,0,128,2,modified_speed,0.13753660023212433,0.034505266696214676,0.8203977942466736,0.007560309488326311
poison/poismph/datapoismphpar/poisspd_mph_3eeeaa2c.csv,1,16,144,2,modified_speed,0.11470401287078857,0.05266408249735832,0.8232318758964539,0.009399935603141785
poison/poismph/datapoismphpar/poisspd_mph_3eeeaa2c.csv,2,32,160,2,modified_speed,0.1878422051668167,0.026095980778336525,0.7628147602081299,0.02324693650007248
poison/poismph/datapoismphpar/poisspd_mph_3eeeaa2c.csv,3,48,176,2,modified_speed,0.24372942745685577,0.028438344597816467,0.7096624374389648,0.018169695511460304
poison/poismph/datapoismphpar/poisspd_mph_3eeeaa2c.csv,4,64,192,2,modified_speed,0.20185089111328125,0.12657567858695984,0.6594787240028381,0.01209475938230753
poison/poismph/datapoismphpar/poisspd_mph_3eeeaa2c.csv,5,80,208,2,modified_speed,0.23110608756542206,0.14424650371074677,0.6106182932853699,0.014029066078364849
poison/poismph/datapoismphpar/poisspd_mph_3eeeaa2c.csv,6,96,224,0,authentic,0.5577987432479858,0.07783738523721695,0.3617326319217682,0.002631158335134387
poison/poismph/datapoismphpar/poisspd_mph_3eef42f2.csv,0,0,128,0,authentic,0.9854333996772766,0.004736683797091246,0.004821796901524067,0.005008148495107889
poison/poismph/datapoismphpar/poisspd_mph_3eef42f2.csv,1,16,144,0,authentic,0.969057559967041,0.008417651057243347,0.01078384555876255,0.011740898713469505
poison/poismph/datapoismphpar/poisspd_mph_3eef42f2.csv,2,32,160,2,modified_speed,4.135095321711191e-10,1.0398752436913128e-07,0.9999998807907104,7.51677817212304e-11
poison/poismph/datapoismphpar/poisspd_mph_3eef42f2.csv,3,48,176,2,modified_speed,9.619961494067297e-10,1.5893341753780987e-07,0.9999998807907104,1.2239578794925876e-10
poison/poismph/datapoismphpar/poisspd_mph_3eef42f2.csv,4,64,192,2,modified_speed,1.397255422475041e-09,1.5688013377257448e-07,0.9999998807907104,1.3765739936832944e-10
poison/poismph/datapoismphpar/poisspd_mph_3ef36878.csv,0,0,128,0,authentic,0.9775629043579102,0.009493948891758919,0.006376574747264385,0.006566605530679226
poison/poismph/datapoismphpar/poisspd_mph_3ef36878.csv,1,16,144,2,modified_speed,2.369555560880615e-13,3.7751850257006225e-11,1.0,3.3260107992413857e-13
poison/poismph/datapoismphpar/poisspd_mph_3ef36878.csv,2,32,160,2,modified_speed,2.6567593611193097e-13,4.32687601026327e-11,1.0,3.337818574051382e-13
poison/poismph/datapoismphpar/poisspd_mph_3ef36878.csv,3,48,176,2,modified_speed,4.3355954677110065e-13,7.353052194902787e-11,1.0,4.24805725535507e-13
poison/poismph/datapoismphpar/poisspd_mph_3ef36878.csv,4,64,192,2,modified_speed,3.967078401889701e-13,5.99436125736652e-11,1.0,4.772995150156834e-13
poison/poismph/datapoismphpar/poisspd_mph_3ef36878.csv,5,80,208,2,modified_speed,5.577047070687291e-13,8.70735011870849e-11,1.0,5.433544781642541e-13
poison/poismph/datapoismphpar/poisspd_mph_3ef36878.csv,6,96,224,2,modified_speed,6.165226749260677e-13,8.846394450312545e-11,1.0,4.606791836024582e-13
poison/poismph/datapoismphpar/poisspd_mph_3ef68363.csv,0,0,128,2,modified_speed,1.3655573338766658e-09,8.088276359785596e-08,0.9999998807907104,2.113108160672894e-10
poison/poismph/datapoismphpar/poisspd_mph_3ef68363.csv,1,16,144,2,modified_speed,9.839455916704765e-10,9.550698365501376e-08,0.9999998807907104,1.997089577043809e-10
poison/poismph/datapoismphpar/poisspd_mph_3ef68363.csv,2,32,160,2,modified_speed,1.3891797712162202e-09,8.18677179381666e-08,0.9999998807907104,2.717189528933517e-10
poison/poismph/datapoismphpar/poisspd_mph_3ef68363.csv,3,48,176,2,modified_speed,1.7966284016068812e-09,8.408230911527426e-08,0.9999998807907104,3.319817198921271e-10
poison/poismph/datapoismphpar/poisspd_mph_3ef68363.csv,4,64,192,2,modified_speed,2.078631267110609e-09,1.0729478816529081e-07,0.9999998807907104,3.5458505576180244e-10
poison/poismph/datapoismphpar/poisspd_mph_3ef6d1cd.csv,0,0,128,2,modified_speed,5.426353411053242e-08,1.2564210010168608e-06,0.9999986886978149,5.617234233312729e-09
poison/poismph/datapoismphpar/poisspd_mph_3ef6d1cd.csv,1,16,144,2,modified_speed,1.0208531797673004e-09,4.578963341828057e-08,1.0,8.411089880144829e-11
poison/poismph/datapoismphpar/poisspd_mph_3ef6d1cd.csv,2,32,160,2,modified_speed,1.4109675650075815e-09,5.46197718165331e-08,1.0,2.8636254478797696e-10
poison/poismph/datapoismphpar/poisspd_mph_3ef6d1cd.csv,3,48,176,2,modified_speed,1.8513557353827537e-09,6.385052842006189e-08,0.9999998807907104,3.6836919625748976e-10
poison/poismph/datapoismphpar/poisspd_mph_3ef6d1cd.csv,4,64,192,2,modified_speed,2.905927054541735e-09,8.76652137549172e-08,0.9999998807907104,7.926683753822772e-10
poison/poismph/datapoismphpar/poisspd_mph_3ef6d1cd.csv,5,80,208,2,modified_speed,5.288880444709321e-09,1.607319006780017e-07,0.9999998807907104,6.161756660461037e-10
poison/poismph/datapoismphpar/poisspd_mph_3ef6d1cd.csv,6,96,224,2,modified_speed,3.875654464025047e-09,1.357771139964825e-07,0.9999998807907104,4.833798916692444e-10
poison/poismph/datapoismphpar/poisspd_mph_3ef6f483.csv,0,0,128,2,modified_speed,0.0002800326037686318,0.046028539538383484,0.9536902904510498,1.142573182733031e-06
poison/poismph/datapoismphpar/poisspd_mph_3ef6f483.csv,1,16,144,2,modified_speed,0.0003361075941938907,0.012160351499915123,0.9874998331069946,3.6058422665519174e-06
poison/poismph/datapoismphpar/poisspd_mph_3ef6f483.csv,2,32,160,2,modified_speed,0.000519926892593503,0.010885825380682945,0.9885904788970947,3.622567646743846e-06
poison/poismph/datapoismphpar/poisspd_mph_3ef6f483.csv,3,48,176,2,modified_speed,0.00047294594696722925,0.010246490128338337,0.9892756342887878,4.9015184231393505e-06
poison/poismph/datapoismphpar/poisspd_mph_3ef6f483.csv,4,64,192,2,modified_speed,0.000549173797480762,0.01319233886897564,0.9862483143806458,1.0202111297985539e-05
poison/poismph/datapoismphpar/poisspd_mph_3ef6f483.csv,5,80,208,2,modified_speed,0.0022224863059818745,0.045537423342466354,0.9522096514701843,3.0402767151826993e-05
poison/poismph/datapoismphpar/poisspd_mph_3ef6f483.csv,6,96,224,0,authentic,0.47370997071266174,0.1110754907131195,0.40495672821998596,0.010257747955620289
poison/poismph/datapoismphpar/poisspd_mph_3efabce5.csv,0,0,128,2,modified_speed,3.1005776559515225e-14,9.57079901442448e-11,1.0,4.568478553763173e-15
poison/poismph/datapoismphpar/poisspd_mph_3efabce5.csv,1,16,144,2,modified_speed,3.591413597721013e-14,1.0008211620560203e-10,1.0,5.135381611734479e-15
poison/poismph/datapoismphpar/poisspd_mph_3efabce5.csv,2,32,160,2,modified_speed,3.4975152521333694e-14,9.507972187350333e-11,1.0,5.593937720807171e-15
poison/poismph/datapoismphpar/poisspd_mph_3efabce5.csv,3,48,176,2,modified_speed,4.3463896490150006e-14,1.0471584710458615e-10,1.0,1.2955440079022093e-14
poison/poismph/datapoismphpar/poisspd_mph_3efabce5.csv,4,64,192,2,modified_speed,5.703476699172455e-14,1.2261053283779688e-10,1.0,2.339314248496656e-14
poison/poismph/datapoismphpar/poisspd_mph_3efabce5.csv,5,80,208,2,modified_speed,8.731684537736928e-14,2.2564911050793057e-10,1.0,3.281772233522731e-14
poison/poismph/datapoismphpar/poisspd_mph_3efe4dcd.csv,0,0,128,0,authentic,0.9856234788894653,0.0059496075846254826,0.002966927597299218,0.005460015963762999
poison/poismph/datapoismphpar/poisspd_mph_3efe4dcd.csv,1,16,144,2,modified_speed,2.1188074242672883e-05,0.00010894570732489228,0.9998669624328613,2.820352165144868e-06
poison/poismph/datapoismphpar/poisspd_mph_3efe4dcd.csv,2,32,160,2,modified_speed,1.627902479484078e-09,1.7574284072452429e-07,0.9999998807907104,3.476054444284671e-10
poison/poismph/datapoismphpar/poisspd_mph_3efe4dcd.csv,3,48,176,2,modified_speed,3.4903659962282063e-09,2.6983451562045957e-07,0.9999997615814209,6.569321198135469e-10
poison/poismph/datapoismphpar/poisspd_mph_3efe4dcd.csv,4,64,192,2,modified_speed,5.134210834256692e-09,3.0976855214248644e-07,0.9999996423721313,7.611886676528457e-10
poison/poismph/datapoismphpar/poisspd_mph_3efe5fe4.csv,0,0,128,0,authentic,0.988728940486908,0.005578476469963789,0.0024276135955005884,0.0032650092616677284
poison/poismph/datapoismphpar/poisspd_mph_3efe5fe4.csv,1,16,144,0,authentic,0.99447101354599,0.0024825227446854115,0.001304732053540647,0.0017416073242202401
poison/poismph/datapoismphpar/poisspd_mph_3efe5fe4.csv,2,32,160,0,authentic,0.993212103843689,0.003221420105546713,0.0015717879869043827,0.001994711346924305
poison/poismph/datapoismphpar/poisspd_mph_3efe5fe4.csv,3,48,176,2,modified_speed,9.035393283172641e-14,9.556370278440696e-11,1.0,3.2470791192559106e-14
poison/poismph/datapoismphpar/poisspd_mph_3efe5fe4.csv,4,64,192,2,modified_speed,1.0649586003634234e-13,1.122269846498547e-10,1.0,4.0061216063230765e-14
poison/poismph/datapoismphpar/poisspd_mph_3efe5fe4.csv,5,80,208,2,modified_speed,1.163653456362143e-13,1.2507032909336857e-10,1.0,5.341686565730336e-14
poison/poismph/datapoismphpar/poisspd_mph_3efe5fe4.csv,6,96,224,2,modified_speed,1.8427738447592684e-13,1.7942408669924248e-10,1.0,6.071910281426479e-14
poison/poismph/datapoismphpar/poisspd_mph_3efe7d81.csv,0,0,128,0,authentic,0.9845598340034485,0.006991195026785135,0.00419272156432271,0.0042563253082334995
poison/poismph/datapoismphpar/poisspd_mph_3efe7d81.csv,1,16,144,0,authentic,0.9673904776573181,0.011235230602324009,0.006851864978671074,0.014522340148687363
poison/poismph/datapoismphpar/poisspd_mph_3efe7d81.csv,2,32,160,0,authentic,0.9775797128677368,0.008627933450043201,0.003535499330610037,0.01025698147714138
poison/poismph/datapoismphpar/poisspd_mph_3efe7d81.csv,3,48,176,0,authentic,0.9684656262397766,0.01103164441883564,0.005803718231618404,0.014699113555252552
poison/poismph/datapoismphpar/poisspd_mph_3efe7d81.csv,4,64,192,2,modified_speed,0.0004200339026283473,0.00022363233438227326,0.9993277788162231,2.8629770895349793e-05
poison/poismph/datapoismphpar/poisspd_mph_3efe7d81.csv,5,80,208,2,modified_speed,0.0004344479239080101,0.0002564994792919606,0.9992764592170715,3.269919034210034e-05
poison/poismph/datapoismphpar/poisspd_mph_3efea136.csv,0,0,128,2,modified_speed,1.44114527169531e-12,3.063662212809959e-09,1.0,1.2834880185573494e-13
poison/poismph/datapoismphpar/poisspd_mph_3efea136.csv,1,16,144,2,modified_speed,1.2931654445186291e-12,3.309754026403766e-09,1.0,2.1330323846189408e-13
poison/poismph/datapoismphpar/poisspd_mph_3efea136.csv,2,32,160,2,modified_speed,1.332261991698891e-12,2.5797588509846037e-09,1.0,3.3048645200692284e-13
poison/poismph/datapoismphpar/poisspd_mph_3efea136.csv,3,48,176,2,modified_speed,1.8334418185050882e-12,2.6572968270244246e-09,1.0,3.4441731151108046e-13
poison/poismph/datapoismphpar/poisspd_mph_3efea136.csv,4,64,192,2,modified_speed,1.9991916108685892e-12,2.50636134069282e-09,1.0,4.4629613047721117e-13
poison/poismph/datapoismphpar/poisspd_mph_3efea136.csv,5,80,208,2,modified_speed,1.48901496601489e-12,6.551579279090447e-10,1.0,3.3387184076444365e-12
poison/poismph/datapoismphpar/poisspd_mph_3efea136.csv,6,96,224,2,modified_speed,4.393201514379941e-12,1.5330403613234012e-09,1.0,1.0805893940063482e-12
poison/poismph/datapoismphpar/poisspd_mph_3f0239cf.csv,0,0,128,2,modified_speed,0.02284996211528778,0.022795503959059715,0.9529683589935303,0.0013861700426787138
poison/poismph/datapoismphpar/poisspd_mph_3f0239cf.csv,1,16,144,2,modified_speed,0.02552458457648754,0.02344929426908493,0.9494922757148743,0.0015338860685005784
poison/poismph/datapoismphpar/poisspd_mph_3f0239cf.csv,2,32,160,2,modified_speed,0.33600905537605286,0.06000368297100067,0.5872148871421814,0.016772348433732986
poison/poismph/datapoismphpar/poisspd_mph_3f0239cf.csv,3,48,176,2,modified_speed,0.03709680214524269,0.01017847191542387,0.9514644145965576,0.0012602276401594281
poison/poismph/datapoismphpar/poisspd_mph_3f0239cf.csv,4,64,192,0,authentic,0.9635859131813049,0.011026051826775074,0.006936884950846434,0.01845107600092888
poison/poismph/datapoismphpar/poisspd_mph_3f0239cf.csv,5,80,208,0,authentic,0.9395463466644287,0.03849931061267853,0.012185191735625267,0.009769096970558167
poison/poismph/datapoismphpar/poisspd_mph_3f02444d.csv,0,0,128,0,authentic,0.9806092381477356,0.00633727852255106,0.0054027121514081955,0.00765076233074069
poison/poismph/datapoismphpar/poisspd_mph_3f02444d.csv,1,16,144,0,authentic,0.980133056640625,0.00699195358902216,0.005678000394254923,0.007196885067969561
poison/poismph/datapoismphpar/poisspd_mph_3f02444d.csv,2,32,160,2,modified_speed,1.4744440043901186e-11,2.1190345034227676e-09,1.0,1.337502504583643e-11
poison/poismph/datapoismphpar/poisspd_mph_3f02444d.csv,3,48,176,2,modified_speed,5.596590356947428e-13,3.071003173982234e-10,1.0,3.273184403639745e-13
poison/poismph/datapoismphpar/poisspd_mph_3f02444d.csv,4,64,192,2,modified_speed,8.20807831425352e-13,4.6393541786038384e-10,1.0,3.712153739780788e-13
poison/poismph/datapoismphpar/poisspd_mph_3f02444d.csv,5,80,208,2,modified_speed,1.1312239122859835e-12,4.72274330753919e-10,1.0,5.000872762769837e-13
poison/poismph/datapoismphpar/poisspd_mph_3f061c0f.csv,0,0,128,0,authentic,0.8968896269798279,0.03155568987131119,0.038758307695388794,0.03279634937644005
poison/poismph/datapoismphpar/poisspd_mph_3f061c0f.csv,1,16,144,0,authentic,0.9233636856079102,0.025255801156163216,0.03230522572994232,0.0190751813352108
poison/poismph/datapoismphpar/poisspd_mph_3f061c0f.csv,2,32,160,2,modified_speed,2.295016747666523e-05,8.183949830709025e-05,0.9998939633369446,1.308276750933146e-06
poison/poismph/datapoismphpar/poisspd_mph_3f061c0f.csv,3,48,176,2,modified_speed,1.134816754455592e-10,9.918407206654933e-10,1.0,2.052052000545146e-10
poison/poismph/datapoismphpar/poisspd_mph_3f061c0f.csv,4,64,192,2,modified_speed,3.945066218147275e-10,3.0203266554451602e-09,1.0,3.981897034321946e-10
poison/poismph/datapoismphpar/poisspd_mph_3f06490c.csv,0,0,128,2,modified_speed,1.0025749361375347e-05,3.541437035892159e-05,0.9999535083770752,1.0992638408424682e-06
poison/poismph/datapoismphpar/poisspd_mph_3f06490c.csv,1,16,144,2,modified_speed,2.2871287001180463e-05,3.884890247718431e-05,0.9999366998672485,1.5602939811287797e-06
poison/poismph/datapoismphpar/poisspd_mph_3f06490c.csv,2,32,160,2,modified_speed,2.6761419576359913e-05,4.9083268095273525e-05,0.9999207854270935,3.4129886898881523e-06
poison/poismph/datapoismphpar/poisspd_mph_3f06490c.csv,3,48,176,2,modified_speed,3.9586466300534084e-05,5.7765420933719724e-05,0.9998967051506042,5.911416792514501e-06
poison/poismph/datapoismphpar/poisspd_mph_3f06490c.csv,4,64,192,2,modified_speed,0.00010696012759581208,0.00011606670159380883,0.9997668862342834,1.009429161058506e-05
poison/poismph/datapoismphpar/poisspd_mph_3f067464.csv,0,0,128,0,authentic,0.983795702457428,0.005716830957680941,0.005208725109696388,0.005278763361275196
poison/poismph/datapoismphpar/poisspd_mph_3f067464.csv,1,16,144,2,modified_speed,4.9539039537194185e-06,3.518411176628433e-05,0.9999592900276184,6.365899594129587e-07
poison/poismph/datapoismphpar/poisspd_mph_3f067464.csv,2,32,160,2,modified_speed,3.7126776804806416e-13,4.27247126566499e-11,1.0,6.559971207735493e-13
poison/poismph/datapoismphpar/poisspd_mph_3f067464.csv,3,48,176,2,modified_speed,7.722550897371061e-13,6.406011832105207e-11,1.0,1.1942865316486029e-12
poison/poismph/datapoismphpar/poisspd_mph_3f067464.csv,4,64,192,2,modified_speed,8.892433772840491e-13,6.889921272401622e-11,1.0,1.2754938164688534e-12
poison/poismph/datapoismphpar/poisspd_mph_3f067464.csv,5,80,208,2,modified_speed,1.2869205484253299e-12,8.757884695231866e-11,1.0,1.925223869214676e-12
poison/poismph/datapoismphpar/poisspd_mph_3f09cfd8.csv,0,0,128,1,modified_altitude,0.002018301747739315,0.9514246582984924,0.046542245894670486,1.481968502048403e-05
poison/poismph/datapoismphpar/poisspd_mph_3f09cfd8.csv,1,16,144,1,modified_altitude,0.001976161962375045,0.9343849420547485,0.06362142413854599,1.7488924640929326e-05
poison/poismph/datapoismphpar/poisspd_mph_3f09cfd8.csv,2,32,160,1,modified_altitude,0.002679781522601843,0.8689907193183899,0.12825803458690643,7.144863775465637e-05
poison/poismph/datapoismphpar/poisspd_mph_3f09cfd8.csv,3,48,176,1,modified_altitude,0.0030977267306298018,0.8497352600097656,0.14706693589687347,0.00010011019185185432
poison/poismph/datapoismphpar/poisspd_mph_3f09cfd8.csv,4,64,192,1,modified_altitude,0.005389876198023558,0.8663042783737183,0.12820172309875488,0.00010410670802230015
poison/poismph/datapoismphpar/poisspd_mph_3f09cfd8.csv,5,80,208,1,modified_altitude,0.007148046046495438,0.831805944442749,0.1609361469745636,0.00010984717664541677
poison/poismph/datapoismphpar/poisspd_mph_3f09cfd8.csv,6,96,224,1,modified_altitude,0.010199488140642643,0.8139640092849731,0.17571252584457397,0.0001239837147295475
poison/poismph/datapoismphpar/poisspd_mph_3f0a1418.csv,0,0,128,0,authentic,0.9853050112724304,0.005521852057427168,0.0034341050777584314,0.005739080253988504
poison/poismph/datapoismphpar/poisspd_mph_3f0a1418.csv,1,16,144,0,authentic,0.9897052049636841,0.0031002024188637733,0.002414603717625141,0.004779919516295195
poison/poismph/datapoismphpar/poisspd_mph_3f0a1418.csv,2,32,160,2,modified_speed,1.5876281622695387e-06,3.6765827644558158e-06,0.9999943971633911,3.6821111848439614e-07
poison/poismph/datapoismphpar/poisspd_mph_3f0a1418.csv,3,48,176,2,modified_speed,3.9674944644733923e-13,1.4266461623169135e-10,1.0,1.8946413990646171e-13
poison/poismph/datapoismphpar/poisspd_mph_3f0a1418.csv,4,64,192,2,modified_speed,5.292744866512711e-13,1.276770633662494e-10,1.0,3.585228359852255e-13
poison/poismph/datapoismphpar/poisspd_mph_3f0a1418.csv,5,80,208,2,modified_speed,8.00037065675635e-13,1.606951932631162e-10,1.0,3.822691945973289e-13
poison/poismph/datapoismphpar/poisspd_mph_3f0a1418.csv,6,96,224,2,modified_speed,8.879925332376526e-13,1.5754349214081032e-10,1.0,5.143611231384071e-13
poison/poismph/datapoismphpar/poisspd_mph_3f11b99b.csv,0,0,128,0,authentic,0.903007447719574,0.0568523034453392,0.035535529255867004,0.004604722373187542
poison/poismph/datapoismphpar/poisspd_mph_3f11b99b.csv,1,16,144,0,authentic,0.9084879159927368,0.04271109029650688,0.03846599906682968,0.010334921069443226
poison/poismph/datapoismphpar/poisspd_mph_3f11b99b.csv,2,32,160,2,modified_speed,1.3997533642395865e-05,1.5546742361038923e-05,0.9999690651893616,1.452837295801146e-06
poison/poismph/datapoismphpar/poisspd_mph_3f11b99b.csv,3,48,176,2,modified_speed,2.0899825869946653e-07,5.26803414686583e-05,0.9999470710754395,6.418423570409004e-09
poison/poismph/datapoismphpar/poisspd_mph_3f11b99b.csv,4,64,192,2,modified_speed,1.8158755210606614e-07,4.626368900062516e-05,0.9999535083770752,1.2503408974851027e-08
poison/poismph/datapoismphpar/poisspd_mph_3f11b99b.csv,5,80,208,2,modified_speed,3.0547531082447676e-07,0.00011287243978586048,0.9998867511749268,1.821398498691451e-08
poison/poismph/datapoismphpar/poisspd_mph_3f11b99b.csv,6,96,224,2,modified_speed,5.501950681718881e-07,0.00010487773397471756,0.9998946785926819,4.051593194276393e-08
poison/poismph/datapoismphpar/poisspd_mph_3f11b99b.csv,7,112,240,2,modified_speed,7.287829362212506e-07,0.00011430506128817797,0.9998849630355835,3.978710338969904e-08
poison/poismph/datapoismphpar/poisspd_mph_3f147d2b.csv,0,0,128,2,modified_speed,2.1146535314920528e-13,3.631148853822097e-11,1.0,6.492405896750542e-13
poison/poismph/datapoismphpar/poisspd_mph_3f147d2b.csv,1,16,144,2,modified_speed,1.199957695057277e-13,2.3887987074533434e-11,1.0,3.861649227384495e-13
poison/poismph/datapoismphpar/poisspd_mph_3f147d2b.csv,2,32,160,2,modified_speed,1.4257788471996186e-13,2.731592729787735e-11,1.0,4.748713358301848e-13
poison/poismph/datapoismphpar/poisspd_mph_3f147d2b.csv,3,48,176,2,modified_speed,1.9450952892623163e-13,3.191752764863942e-11,1.0,4.789063026353069e-13
poison/poismph/datapoismphpar/poisspd_mph_3f147d2b.csv,4,64,192,2,modified_speed,2.1203724269013707e-13,3.384060393019084e-11,1.0,5.714532037674747e-13
poison/poismph/datapoismphpar/poisspd_mph_3f14d941.csv,0,0,128,0,authentic,0.9824987649917603,0.005281544290482998,0.006992359645664692,0.005227339919656515
poison/poismph/datapoismphpar/poisspd_mph_3f14d941.csv,1,16,144,0,authentic,0.9564037322998047,0.010217222385108471,0.016366248950362206,0.01701291836798191
poison/poismph/datapoismphpar/poisspd_mph_3f14d941.csv,2,32,160,2,modified_speed,7.223491593322251e-06,3.2919677323661745e-05,0.9999588131904602,1.0914831136688008e-06
poison/poismph/datapoismphpar/poisspd_mph_3f14d941.csv,3,48,176,2,modified_speed,1.9485448139993505e-13,1.5991369339829475e-10,1.0,6.01930546964384e-14
poison/poismph/datapoismphpar/poisspd_mph_3f14d941.csv,4,64,192,2,modified_speed,2.449352027623919e-13,2.047965963480891e-10,1.0,8.319762928718152e-14
poison/poismph/datapoismphpar/poisspd_mph_3f18df2b.csv,0,0,128,2,modified_speed,1.2403575944119893e-09,1.8950551350371825e-07,0.9999997615814209,2.196655912722889e-10
poison/poismph/datapoismphpar/poisspd_mph_3f18df2b.csv,1,16,144,2,modified_speed,2.756197714504083e-09,2.738810280789039e-07,0.9999997615814209,5.092612442858524e-10
poison/poismph/datapoismphpar/poisspd_mph_3f18df2b.csv,2,32,160,2,modified_speed,3.1287799018286933e-09,2.6696744725995813e-07,0.9999997615814209,5.361304733497718e-10
poison/poismph/datapoismphpar/poisspd_mph_3f18df2b.csv,3,48,176,2,modified_speed,3.0447695475999126e-09,2.168377477573813e-07,0.9999997615814209,5.409778180975877e-10
poison/poismph/datapoismphpar/poisspd_mph_3f18df2b.csv,4,64,192,2,modified_speed,3.887239863331615e-09,2.3312354358040466e-07,0.9999997615814209,5.508097311590632e-10
poison/poismph/datapoismphpar/poisspd_mph_3f192ee1.csv,0,0,128,2,modified_speed,0.10256446897983551,0.3947563171386719,0.5019328594207764,0.0007463615038432181
poison/poismph/datapoismphpar/poisspd_mph_3f192ee1.csv,1,16,144,2,modified_speed,0.07367373257875443,0.26197507977485657,0.6631782054901123,0.001172972726635635
poison/poismph/datapoismphpar/poisspd_mph_3f192ee1.csv,2,32,160,2,modified_speed,0.20538972318172455,0.3660931885242462,0.4266609251499176,0.0018561268225312233
poison/poismph/datapoismphpar/poisspd_mph_3f192ee1.csv,3,48,176,0,authentic,0.6036821007728577,0.10846779495477676,0.28394433856010437,0.003905779914930463
poison/poismph/datapoismphpar/poisspd_mph_3f1d4c27.csv,0,0,128,2,modified_speed,1.2543026969069615e-05,3.439279680605978e-05,0.9999520778656006,9.928847930495976e-07
poison/poismph/datapoismphpar/poisspd_mph_3f1d4c27.csv,1,16,144,2,modified_speed,1.1709048715422693e-13,1.7301833576954806e-11,1.0,3.259497164363745e-13
poison/poismph/datapoismphpar/poisspd_mph_3f1d4c27.csv,2,32,160,2,modified_speed,6.083421120366486e-14,9.537796941128107e-11,1.0,7.014700642181057e-14
poison/poismph/datapoismphpar/poisspd_mph_3f1d4c27.csv,3,48,176,2,modified_speed,6.216482542490201e-14,1.180072151107936e-10,1.0,5.917988131877785e-14
poison/poismph/datapoismphpar/poisspd_mph_3f1dcdbf.csv,0,0,128,0,authentic,0.9838823676109314,0.00811447948217392,0.005084760952740908,0.0029183721635490656
poison/poismph/datapoismphpar/poisspd_mph_3f1dcdbf.csv,1,16,144,0,authentic,0.9723203778266907,0.013803942129015923,0.008768338710069656,0.005107427015900612
poison/poismph/datapoismphpar/poisspd_mph_3f1dcdbf.csv,2,32,160,2,modified_speed,5.724476432078518e-05,0.0002057317178696394,0.9997318387031555,5.164711183169857e-06
poison/poismph/datapoismphpar/poisspd_mph_3f1dcdbf.csv,3,48,176,2,modified_speed,3.936657776648644e-06,2.8560272767208517e-05,0.9999670386314392,4.943533440382453e-07
poison/poismph/datapoismphpar/poisspd_mph_3f1dcdbf.csv,4,64,192,2,modified_speed,9.708424286714035e-09,1.972060772459372e-07,0.9999997615814209,2.9856277450335256e-09
poison/poismph/datapoismphpar/poisspd_mph_3f1dcdbf.csv,5,80,208,2,modified_speed,1.213204559036285e-08,3.3402449162167613e-07,0.9999996423721313,3.739434095706429e-09
poison/poismph/datapoismphpar/poisspd_mph_3f1dcdbf.csv,6,96,224,2,modified_speed,1.3556187422603116e-12,1.9013814134272167e-10,1.0,7.255647363306472e-13
poison/poismph/datapoismphpar/poisspd_mph_3f1dcdbf.csv,7,112,240,2,modified_speed,4.181816351533918e-12,2.9903174381118447e-10,1.0,1.617982223894865e-12
poison/poismph/datapoismphpar/poisspd_mph_3f21e566.csv,0,0,128,2,modified_speed,1.844868279476941e-06,2.5337241822853684e-05,0.9999727606773376,1.343272231224546e-07
poison/poismph/datapoismphpar/poisspd_mph_3f21e566.csv,1,16,144,2,modified_speed,3.6511757159352065e-12,3.3451533210104856e-10,1.0,1.7716796779643218e-11
poison/poismph/datapoismphpar/poisspd_mph_3f21e566.csv,2,32,160,2,modified_speed,3.84919396703709e-12,3.6435968131520724e-10,1.0,1.8318419697793686e-11
poison/poismph/datapoismphpar/poisspd_mph_3f21e566.csv,3,48,176,2,modified_speed,4.674327765130659e-12,3.270181903047842e-10,1.0,2.3461992765261286e-11
poison/poismph/datapoismphpar/poisspd_mph_3f21e566.csv,4,64,192,2,modified_speed,7.419727159063694e-12,3.572795947981433e-10,1.0,2.6483129925147786e-11
poison/poismph/datapoismphpar/poisspd_mph_3f21e566.csv,5,80,208,2,modified_speed,9.634404385394646e-12,4.669484798824897e-10,1.0,3.1412983325651567e-11
poison/poismph/datapoismphpar/poisspd_mph_3f21e566.csv,6,96,224,2,modified_speed,2.51053552946523e-11,1.1491495532922613e-09,1.0,5.826580190548825e-11
poison/poismph/datapoismphpar/poisspd_mph_3f221fe2.csv,0,0,128,0,authentic,0.9463747143745422,0.0169841181486845,0.018937373533844948,0.01770380139350891
poison/poismph/datapoismphpar/poisspd_mph_3f221fe2.csv,1,16,144,0,authentic,0.9794794917106628,0.008119635283946991,0.0056367916986346245,0.0067641823552548885
poison/poismph/datapoismphpar/poisspd_mph_3f221fe2.csv,2,32,160,0,authentic,0.967541515827179,0.010721618309617043,0.014793941751122475,0.00694293575361371
poison/poismph/datapoismphpar/poisspd_mph_3f2601d9.csv,0,0,128,0,authentic,0.9843912720680237,0.004906478803604841,0.0035039065405726433,0.007198392879217863
poison/poismph/datapoismphpar/poisspd_mph_3f2601d9.csv,1,16,144,0,authentic,0.9820156693458557,0.004940682556480169,0.004487692844122648,0.008555964566767216
poison/poismph/datapoismphpar/poisspd_mph_3f2601d9.csv,2,32,160,0,authentic,0.9670546054840088,0.008720972575247288,0.007836475037038326,0.01638789474964142
poison/poismph/datapoismphpar/poisspd_mph_3f2601d9.csv,3,48,176,0,authentic,0.9637671709060669,0.011341546662151814,0.008191406726837158,0.01669982634484768
poison/poismph/datapoismphpar/poisspd_mph_3f2601d9.csv,4,64,192,2,modified_speed,9.069347703394293e-12,8.089379166520416e-10,1.0,4.343957485386518e-12
poison/poismph/datapoismphpar/poisspd_mph_3f2601d9.csv,5,80,208,2,modified_speed,4.987422692719068e-13,6.389757473135305e-11,1.0,4.278999572206177e-13
poison/poismph/datapoismphpar/poisspd_mph_3f2601d9.csv,6,96,224,2,modified_speed,7.599923836955347e-13,9.842473364107818e-11,1.0,4.56576562581773e-13
poison/poismph/datapoismphpar/poisspd_mph_3f26b37b.csv,0,0,128,2,modified_speed,1.0669734365365002e-05,5.080652772448957e-05,0.9999377727508545,7.321974635488004e-07
poison/poismph/datapoismphpar/poisspd_mph_3f26b37b.csv,1,16,144,2,modified_speed,8.109290826731688e-14,8.324056721686901e-12,1.0,1.0389211192729508e-12
poison/poismph/datapoismphpar/poisspd_mph_3f26b37b.csv,2,32,160,2,modified_speed,9.482819125208528e-14,8.150639885240452e-12,1.0,1.192706632242857e-12
poison/poismph/datapoismphpar/poisspd_mph_3f26b37b.csv,3,48,176,2,modified_speed,1.678792874030069e-13,1.1050471301898845e-11,1.0,1.9371988822097785e-12
poison/poismph/datapoismphpar/poisspd_mph_3f26b37b.csv,4,64,192,2,modified_speed,2.1679000554355315e-13,1.1165791381773094e-11,1.0,2.0377473580052152e-12
poison/poismph/datapoismphpar/poisspd_mph_3f2ac3b2.csv,0,0,128,2,modified_speed,5.583801129804833e-11,5.6321784569490774e-08,1.0,9.129606792779299e-12
poison/poismph/datapoismphpar/poisspd_mph_3f2ac3b2.csv,1,16,144,2,modified_speed,4.494445925997369e-14,8.986429378410321e-10,1.0,1.2685439009722365e-14
poison/poismph/datapoismphpar/poisspd_mph_3f2ac3b2.csv,2,32,160,2,modified_speed,9.100095080694787e-14,9.171364223625744e-10,1.0,2.1260975903544983e-14
poison/poismph/datapoismphpar/poisspd_mph_3f2ac3b2.csv,3,48,176,2,modified_speed,1.383046102773275e-13,1.1803159560841436e-09,1.0,2.700351708461845e-14
poison/poismph/datapoismphpar/poisspd_mph_3f2b37cf.csv,0,0,128,0,authentic,0.9849910736083984,0.007006501313298941,0.003224080428481102,0.004778397269546986
poison/poismph/datapoismphpar/poisspd_mph_3f2b37cf.csv,1,16,144,2,modified_speed,6.655705510638654e-05,0.0001932432787725702,0.9997336268424988,6.602603207284119e-06
poison/poismph/datapoismphpar/poisspd_mph_3f2b37cf.csv,2,32,160,2,modified_speed,3.037295925878425e-07,1.8633498939379933e-06,0.9999977350234985,9.104634557388636e-08
poison/poismph/datapoismphpar/poisspd_mph_3f2b37cf.csv,3,48,176,2,modified_speed,4.5243800025907e-13,7.390030254406099e-11,1.0,4.599021901155464e-13
poison/poismph/datapoismphpar/poisspd_mph_3f2b37cf.csv,4,64,192,2,modified_speed,8.316816202738608e-13,7.805055213250256e-11,1.0,1.1807914672076758e-12
poison/poismph/datapoismphpar/poisspd_mph_3f2b37cf.csv,5,80,208,2,modified_speed,9.076957935283403e-13,6.976444422157613e-11,1.0,1.6756587437050108e-12
poison/poismph/datapoismphpar/poisspd_mph_3f2e7614.csv,0,0,128,2,modified_speed,1.4175247997627594e-07,8.855585065248306e-07,0.9999988079071045,6.66954136363529e-08
poison/poismph/datapoismphpar/poisspd_mph_3f2e7614.csv,1,16,144,2,modified_speed,1.2088227663298312e-07,8.511332794114423e-07,0.999998927116394,9.304267223342322e-08
poison/poismph/datapoismphpar/poisspd_mph_3f2e7614.csv,2,32,160,2,modified_speed,2.4548654664613423e-07,1.055408233696653e-06,0.9999984502792358,2.0213671803048783e-07
poison/poismph/datapoismphpar/poisspd_mph_3f2e7614.csv,3,48,176,2,modified_speed,3.628746867434529e-07,1.3565332892540027e-06,0.9999980926513672,2.157215135412116e-07
poison/poismph/datapoismphpar/poisspd_mph_3f2e7614.csv,4,64,192,2,modified_speed,5.363066293284646e-07,1.4829507790636853e-06,0.9999977350234985,2.3935734816404874e-07
poison/poismph/datapoismphpar/poisspd_mph_3f2e7614.csv,5,80,208,2,modified_speed,4.13588531955611e-06,7.380011993518565e-06,0.9999866485595703,1.7692748315312201e-06
poison/poismph/datapoismphpar/poisspd_mph_3f2e8f41.csv,0,0,128,0,authentic,0.9365013241767883,0.030836470425128937,0.022131670266389847,0.010530541650950909
poison/poismph/datapoismphpar/poisspd_mph_3f2e8f41.csv,1,16,144,0,authentic,0.9709833860397339,0.012671113945543766,0.010498077608644962,0.005847530905157328
poison/poismph/datapoismphpar/poisspd_mph_3f2e8f41.csv,2,32,160,0,authentic,0.9577881097793579,0.02045065350830555,0.01317546609789133,0.008585778065025806
poison/poismph/datapoismphpar/poisspd_mph_3f2e8f41.csv,3,48,176,0,authentic,0.9588178396224976,0.01907244697213173,0.014510586857795715,0.007599136792123318
poison/poismph/datapoismphpar/poisspd_mph_3f2e8f41.csv,4,64,192,2,modified_speed,1.3680711163033266e-05,3.0414863431360573e-05,0.9999544620513916,1.4032727904123021e-06
poison/poismph/datapoismphpar/poisspd_mph_3f325ccc.csv,0,0,128,0,authentic,0.964888334274292,0.015951797366142273,0.01022570114582777,0.008934078738093376
poison/poismph/datapoismphpar/poisspd_mph_3f325ccc.csv,1,16,144,2,modified_speed,1.0667438345990377e-06,3.889169420290273e-06,0.9999947547912598,2.555296703121712e-07
poison/poismph/datapoismphpar/poisspd_mph_3f325ccc.csv,2,32,160,2,modified_speed,2.0045101791765774e-06,2.6738975975604262e-06,0.9999948740005493,5.088400598651788e-07
poison/poismph/datapoismphpar/poisspd_mph_3f325ccc.csv,3,48,176,2,modified_speed,6.888222197493077e-12,2.524543907256316e-10,1.0,3.627630097355339e-12
poison/poismph/datapoismphpar/poisspd_mph_3f325ccc.csv,4,64,192,2,modified_speed,8.879607119038901e-12,2.3299942530918827e-10,1.0,4.595104678706274e-12
poison/poismph/datapoismphpar/poisspd_mph_3f35c134.csv,0,0,128,0,authentic,0.9921661615371704,0.0028943403158336878,0.0017887463327497244,0.003150755539536476
poison/poismph/datapoismphpar/poisspd_mph_3f35c134.csv,1,16,144,0,authentic,0.9875935316085815,0.004757910501211882,0.002507328987121582,0.005141300614923239
poison/poismph/datapoismphpar/poisspd_mph_3f35c134.csv,2,32,160,0,authentic,0.9785986542701721,0.006794074084609747,0.0038348722737282515,0.01077252347022295
poison/poismph/datapoismphpar/poisspd_mph_3f35c134.csv,3,48,176,2,modified_speed,9.328533633379266e-05,0.00029650202486664057,0.999603807926178,6.4477712840016466e-06
poison/poismph/datapoismphpar/poisspd_mph_3f35c134.csv,4,64,192,2,modified_speed,3.7787224738128344e-11,3.09105541163035e-09,1.0,9.186971496044638e-12
poison/poismph/datapoismphpar/poisspd_mph_3f35c134.csv,5,80,208,2,modified_speed,4.92408891439311e-11,3.2836027230587206e-09,1.0,1.8737669402191237e-11
poison/poismph/datapoismphpar/poisspd_mph_3f360050.csv,0,0,128,2,modified_speed,4.081959559698589e-06,1.3342608326638583e-05,0.9999812245368958,1.454196763006621e-06
poison/poismph/datapoismphpar/poisspd_mph_3f360050.csv,1,16,144,2,modified_speed,1.2409245506161959e-11,3.6920366763837364e-09,1.0,5.025565033567325e-12
poison/poismph/datapoismphpar/poisspd_mph_3f360050.csv,2,32,160,2,modified_speed,1.281498171468165e-11,3.3815668043502e-09,1.0,6.895465101686149e-12
poison/poismph/datapoismphpar/poisspd_mph_3f360050.csv,3,48,176,2,modified_speed,1.3716487147485967e-11,3.047291752267256e-09,1.0,7.065748593854115e-12
poison/poismph/datapoismphpar/poisspd_mph_3f360050.csv,4,64,192,2,modified_speed,1.9624104424798006e-11,3.3639595553580648e-09,1.0,9.906013509475287e-12
poison/poismph/datapoismphpar/poisspd_mph_3f360050.csv,5,80,208,2,modified_speed,2.354465754306201e-11,3.101467083155285e-09,1.0,1.2023783010906008e-11
poison/poismph/datapoismphpar/poisspd_mph_3f360050.csv,6,96,224,2,modified_speed,2.5348438625893976e-11,3.461527287029753e-09,1.0,1.2264953809515422e-11
poison/poismph/datapoismphpar/poisspd_mph_3f3e624f.csv,0,0,128,0,authentic,0.9244811534881592,0.030678439885377884,0.02360464259982109,0.021235717460513115
poison/poismph/datapoismphpar/poisspd_mph_3f3e624f.csv,1,16,144,2,modified_speed,6.272291648201644e-05,0.00010717019176809117,0.9998205900192261,9.544690328766592e-06
poison/poismph/datapoismphpar/poisspd_mph_3f3e624f.csv,2,32,160,2,modified_speed,5.321762475141156e-11,2.555707201423729e-09,1.0,1.7550245978714685e-11
poison/poismph/datapoismphpar/poisspd_mph_3f3e624f.csv,3,48,176,2,modified_speed,4.899888828013843e-11,2.7198563401498177e-09,1.0,1.5280993484467764e-11
poison/poismph/datapoismphpar/poisspd_mph_3f3e624f.csv,4,64,192,2,modified_speed,2.554867706283659e-10,1.1034249070007718e-08,1.0,5.3008531591958175e-11
poison/poismph/datapoismphpar/poisspd_mph_3f3e624f.csv,5,80,208,2,modified_speed,1.5726165925045166e-09,2.556424938404689e-08,1.0,1.6261454682808818e-10
poison/poismph/datapoismphpar/poisspd_mph_3f421169.csv,0,0,128,0,authentic,0.9751425385475159,0.010147335939109325,0.008404253050684929,0.006305926479399204
poison/poismph/datapoismphpar/poisspd_mph_3f421169.csv,1,16,144,0,authentic,0.9857411980628967,0.005135013721883297,0.004415716975927353,0.0047081285156309605
poison/poismph/datapoismphpar/poisspd_mph_3f421169.csv,2,32,160,2,modified_speed,9.72172256297199e-06,0.00012663569941651076,0.9998630285263062,6.174115014800918e-07
poison/poismph/datapoismphpar/poisspd_mph_3f421169.csv,3,48,176,2,modified_speed,5.6097328523943904e-14,3.9478814661819683e-10,1.0,1.802593176721684e-14
poison/poismph/datapoismphpar/poisspd_mph_3f421169.csv,4,64,192,2,modified_speed,3.4865319453129123e-14,2.552271727296329e-10,1.0,1.3051995905778453e-14
poison/poismph/datapoismphpar/poisspd_mph_3f421169.csv,5,80,208,2,modified_speed,7.365265895006162e-14,3.7984440592886415e-10,1.0,2.373353792141375e-14
poison/poismph/datapoismphpar/poisspd_mph_3f421169.csv,6,96,224,2,modified_speed,1.3930908293255384e-13,7.640704735578652e-10,1.0,2.6049840995238938e-14
poison/poismph/datapoismphpar/poisspd_mph_3f421169.csv,7,112,240,2,modified_speed,2.0639464800870783e-13,1.0238249137373145e-09,1.0,3.166535095114678e-14
poison/poismph/datapoismphpar/poisspd_mph_3f42884e.csv,0,0,128,2,modified_speed,0.18474146723747253,0.022340424358844757,0.7881770133972168,0.004741091746836901
poison/poismph/datapoismphpar/poisspd_mph_3f42884e.csv,1,16,144,2,modified_speed,0.1491195112466812,0.03355134651064873,0.8069019913673401,0.010427110828459263
poison/poismph/datapoismphpar/poisspd_mph_3f42884e.csv,2,32,160,2,modified_speed,0.1997593492269516,0.02359691821038723,0.7667672038078308,0.009876604191958904
poison/poismph/datapoismphpar/poisspd_mph_3f42884e.csv,3,48,176,2,modified_speed,0.4130655825138092,0.018244590610265732,0.5571269989013672,0.01156287919729948
poison/poismph/datapoismphpar/poisspd_mph_3f42884e.csv,4,64,192,0,authentic,0.9147279858589172,0.011926558800041676,0.0670277401804924,0.006317720282822847
poison/poismph/datapoismphpar/poisspd_mph_3f42c0c7.csv,0,0,128,2,modified_speed,0.00026540496037341654,0.0011359340278431773,0.9985848665237427,1.385495579597773e-05
poison/poismph/datapoismphpar/poisspd_mph_3f42c0c7.csv,1,16,144,2,modified_speed,2.6196514113507874e-07,4.827482371183578e-06,0.9999948740005493,2.6923745011231404e-08
poison/poismph/datapoismphpar/poisspd_mph_3f42c0c7.csv,2,32,160,2,modified_speed,1.1275999689530636e-08,6.088384907343425e-07,0.9999994039535522,2.238990548519837e-09
poison/poismph/datapoismphpar/poisspd_mph_3f42c0c7.csv,3,48,176,2,modified_speed,1.5094684613359277e-08,6.088524173719634e-07,0.9999994039535522,2.751737060435744e-09
poison/poismph/datapoismphpar/poisspd_mph_3f42c0c7.csv,4,64,192,2,modified_speed,2.5695538141690122e-08,6.967616741349048e-07,0.9999992847442627,4.563569078186447e-09
poison/poismph/datapoismphpar/poisspd_mph_3f46c72a.csv,0,0,128,2,modified_speed,1.1647977515849561e-07,3.3520434499223484e-06,0.999996542930603,1.5044486545434665e-08
poison/poismph/datapoismphpar/poisspd_mph_3f46c72a.csv,1,16,144,2,modified_speed,1.6113183676225162e-07,3.947979166696314e-06,0.9999959468841553,1.7721655254376856e-08
poison/poismph/datapoismphpar/poisspd_mph_3f46c72a.csv,2,32,160,2,modified_speed,2.5367879175064445e-07,3.947052846342558e-06,0.9999958276748657,5.665360447437706e-08
poison/poismph/datapoismphpar/poisspd_mph_3f46c72a.csv,3,48,176,2,modified_speed,3.2824351592353196e-07,7.261930932145333e-06,0.9999923706054688,5.733784291805932e-08
poison/poismph/datapoismphpar/poisspd_mph_3f46c72a.csv,4,64,192,2,modified_speed,3.7179270861997793e-07,2.9166390049795154e-06,0.999996542930603,1.4261931369219383e-07
poison/poismph/datapoismphpar/poisspd_mph_3f46c72a.csv,5,80,208,2,modified_speed,9.507120921625756e-07,6.270895937632304e-06,0.9999923706054688,3.067322609240364e-07
poison/poismph/datapoismphpar/poisspd_mph_3f46c72a.csv,6,96,224,2,modified_speed,0.0002176020061597228,0.0003073832194786519,0.9994540810585022,2.1017151084379293e-05
poison/poismph/datapoismphpar/poisspd_mph_3f46ee35.csv,0,0,128,2,modified_speed,9.381457857671194e-06,8.72468517627567e-05,0.9999029040336609,4.6327829750225646e-07
poison/poismph/datapoismphpar/poisspd_mph_3f46ee35.csv,1,16,144,2,modified_speed,8.868613173484627e-14,3.1504868158727106e-10,1.0,2.063417829884038e-14
poison/poismph/datapoismphpar/poisspd_mph_3f46ee35.csv,2,32,160,2,modified_speed,8.012766340194377e-14,3.5152519783920866e-10,1.0,2.6162972409740116e-14
poison/poismph/datapoismphpar/poisspd_mph_3f46ee35.csv,3,48,176,2,modified_speed,1.3758947052435605e-13,3.2766189761446185e-10,1.0,4.0208423613199984e-14
poison/poismph/datapoismphpar/poisspd_mph_3f46ee35.csv,4,64,192,2,modified_speed,1.9355322195251795e-13,3.5732936054522213e-10,1.0,6.678706388927799e-14
poison/poismph/datapoismphpar/poisspd_mph_3f4ac1e4.csv,0,0,128,2,modified_speed,0.050181303173303604,0.4164610207080841,0.5330624580383301,0.0002951861242763698
poison/poismph/datapoismphpar/poisspd_mph_3f4ac1e4.csv,1,16,144,2,modified_speed,0.04381826892495155,0.34141501784324646,0.6142986416816711,0.00046798199764452875
poison/poismph/datapoismphpar/poisspd_mph_3f4ac1e4.csv,2,32,160,2,modified_speed,0.061428915709257126,0.4007117748260498,0.5373104810714722,0.0005487817688845098
poison/poismph/datapoismphpar/poisspd_mph_3f4ac1e4.csv,3,48,176,1,modified_altitude,0.08255128562450409,0.5129929184913635,0.403702974319458,0.000752761319745332
poison/poismph/datapoismphpar/poisspd_mph_3f4ac1e4.csv,4,64,192,1,modified_altitude,0.07279449701309204,0.5519671440124512,0.37421712279319763,0.0010212527122348547
poison/poismph/datapoismphpar/poisspd_mph_3f4dc55d.csv,0,0,128,2,modified_speed,2.1065859831265882e-13,1.5857452850820408e-10,1.0,5.954684987284631e-14
poison/poismph/datapoismphpar/poisspd_mph_3f4dc55d.csv,1,16,144,2,modified_speed,1.1649215663281365e-13,1.206125060937424e-10,1.0,6.942120760623088e-14
poison/poismph/datapoismphpar/poisspd_mph_3f4dc55d.csv,2,32,160,2,modified_speed,1.5383271642199076e-13,9.764723751803928e-11,1.0,8.626336678394658e-14
poison/poismph/datapoismphpar/poisspd_mph_3f4dc55d.csv,3,48,176,2,modified_speed,1.6987018074728771e-13,8.946030721768139e-11,1.0,1.0478481960157077e-13
poison/poismph/datapoismphpar/poisspd_mph_3f4dc55d.csv,4,64,192,2,modified_speed,2.805990032342387e-13,9.713232301811203e-11,1.0,1.94757133597373e-13
poison/poismph/datapoismphpar/poisspd_mph_3f4dc55d.csv,5,80,208,2,modified_speed,3.2432615078813176e-13,5.841925554417315e-11,1.0,1.9992364155233672e-13
poison/poismph/datapoismphpar/poisspd_mph_3f4dc55d.csv,6,96,224,2,modified_speed,5.049351778710354e-13,9.276036189165282e-11,1.0,2.5737083905047475e-13
poison/poismph/datapoismphpar/poisspd_mph_3f5229d9.csv,0,0,128,2,modified_speed,2.5119666133832652e-06,2.5929226467269473e-05,0.9999712109565735,3.016978098457912e-07
poison/poismph/datapoismphpar/poisspd_mph_3f5229d9.csv,1,16,144,2,modified_speed,1.3349455004960098e-12,7.9339301795045e-10,1.0,3.620784770098917e-13
poison/poismph/datapoismphpar/poisspd_mph_3f5229d9.csv,2,32,160,2,modified_speed,1.6168715671893708e-12,8.621485747539737e-10,1.0,4.116918394733715e-13
poison/poismph/datapoismphpar/poisspd_mph_3f5229d9.csv,3,48,176,2,modified_speed,1.8178316924660765e-12,8.116518568357378e-10,1.0,7.886438355662884e-13
poison/poismph/datapoismphpar/poisspd_mph_3f5229d9.csv,4,64,192,2,modified_speed,2.2493983672239315e-12,9.085493468674599e-10,1.0,9.032882406466436e-13
poison/poismph/datapoismphpar/poisspd_mph_3f5229d9.csv,5,80,208,2,modified_speed,2.5743628149360598e-12,9.655238830674762e-10,1.0,9.840679703401745e-13
poison/poismph/datapoismphpar/poisspd_mph_3f5229d9.csv,6,96,224,2,modified_speed,3.430577436708271e-12,1.2868121013198675e-09,1.0,1.365219460917888e-12
poison/poismph/datapoismphpar/poisspd_mph_3f5229d9.csv,7,112,240,2,modified_speed,1.83828104648176e-12,1.9006463070070367e-09,1.0,4.2811218979588173e-13
poison/poismph/datapoismphpar/poisspd_mph_3f5229d9.csv,8,128,256,0,authentic,0.7141104340553284,0.03726138174533844,0.22600972652435303,0.022618507966399193
poison/poismph/datapoismphpar/poisspd_mph_3f5229d9.csv,9,144,272,0,authentic,0.9666502475738525,0.006142674013972282,0.012266095727682114,0.01494109071791172
poison/poismph/datapoismphpar/poisspd_mph_3f5229d9.csv,10,160,288,0,authentic,0.986700713634491,0.002930818358436227,0.003279872937127948,0.00708850659430027
poison/poismph/datapoismphpar/poisspd_mph_3f5af0e7.csv,0,0,128,2,modified_speed,2.124453092828063e-13,2.9270924573054913e-10,1.0,1.1159265379161523e-13
poison/poismph/datapoismphpar/poisspd_mph_3f5af0e7.csv,1,16,144,2,modified_speed,2.431612582728254e-13,2.4312546420546255e-10,1.0,1.0476643559848356e-13
poison/poismph/datapoismphpar/poisspd_mph_3f5af0e7.csv,2,32,160,2,modified_speed,2.661369659807261e-13,2.875173432670408e-10,1.0,1.079017449934043e-13
poison/poismph/datapoismphpar/poisspd_mph_3f5af0e7.csv,3,48,176,2,modified_speed,3.2396261779969737e-13,3.2712738073925607e-10,1.0,1.3425079190693134e-13
poison/poismph/datapoismphpar/poisspd_mph_3f5af0e7.csv,4,64,192,2,modified_speed,1.1003332576683955e-12,3.6751868215390004e-10,1.0,6.594621224965957e-13
poison/poismph/datapoismphpar/poisspd_mph_3f5f1cea.csv,0,0,128,2,modified_speed,1.5344121101750624e-13,2.349048178196256e-10,1.0,4.360539164992294e-14
poison/poismph/datapoismphpar/poisspd_mph_3f5f1cea.csv,1,16,144,2,modified_speed,1.6139867220488213e-13,1.9828036434965668e-10,1.0,5.911061435248319e-14
poison/poismph/datapoismphpar/poisspd_mph_3f5f1cea.csv,2,32,160,2,modified_speed,1.5755586668230598e-13,1.4755757726803154e-10,1.0,6.748314201280442e-14
poison/poismph/datapoismphpar/poisspd_mph_3f5f1cea.csv,3,48,176,2,modified_speed,1.5494878058582018e-13,1.4242862445001947e-10,1.0,9.499166183464178e-14
poison/poismph/datapoismphpar/poisspd_mph_3f5f1cea.csv,4,64,192,2,modified_speed,2.552014318184942e-13,2.046431496482981e-10,1.0,1.4266956756617266e-13
poison/poismph/datapoismphpar/poisspd_mph_3f5f1cea.csv,5,80,208,2,modified_speed,3.213336443718545e-13,2.3057938891568597e-10,1.0,2.2618739563620704e-13
poison/poismph/datapoismphpar/poisspd_mph_3f5f4746.csv,0,0,128,2,modified_speed,3.4488869005144807e-06,2.6472816898603924e-05,0.9999697804450989,3.781312045703089e-07
poison/poismph/datapoismphpar/poisspd_mph_3f5f4746.csv,1,16,144,2,modified_speed,2.7663415720462214e-13,7.847568428420715e-11,1.0,1.2539162687775357e-13
poison/poismph/datapoismphpar/poisspd_mph_3f5f4746.csv,2,32,160,2,modified_speed,3.547131121814373e-13,9.392792793549987e-11,1.0,3.1082769821541567e-13
poison/poismph/datapoismphpar/poisspd_mph_3f5f4746.csv,3,48,176,2,modified_speed,6.4792187457266e-13,1.2735212884251723e-10,1.0,4.954116001980313e-13
poison/poismph/datapoismphpar/poisspd_mph_3f5f4746.csv,4,64,192,2,modified_speed,8.418898174086809e-13,2.0501311759346663e-10,1.0,5.90183772079117e-13
poison/poismph/datapoismphpar/poisspd_mph_3f5f559d.csv,0,0,128,2,modified_speed,1.1571898994588992e-10,2.637540319483378e-07,0.9999997615814209,7.765964087080857e-12
poison/poismph/datapoismphpar/poisspd_mph_3f5f559d.csv,1,16,144,2,modified_speed,1.6596604646146318e-10,3.2080970413517207e-07,0.9999996423721313,1.054650117238154e-11
poison/poismph/datapoismphpar/poisspd_mph_3f5f559d.csv,2,32,160,2,modified_speed,1.0186876342466178e-10,1.1447707493061898e-07,0.9999998807907104,1.1947335482043187e-11
poison/poismph/datapoismphpar/poisspd_mph_3f66d87a.csv,0,0,128,2,modified_speed,0.013197426684200764,0.171443372964859,0.8152174949645996,0.00014172456576488912
poison/poismph/datapoismphpar/poisspd_mph_3f66d87a.csv,1,16,144,2,modified_speed,0.027371443808078766,0.25948968529701233,0.7128735780715942,0.000265297043370083
poison/poismph/datapoismphpar/poisspd_mph_3f66d87a.csv,2,32,160,2,modified_speed,0.04384450986981392,0.42867356538772583,0.5270769000053406,0.0004050162679050118
poison/poismph/datapoismphpar/poisspd_mph_3f66d87a.csv,3,48,176,2,modified_speed,0.0398278683423996,0.35667502880096436,0.6030827164649963,0.00041438950574956834
poison/poismph/datapoismphpar/poisspd_mph_3f66d87a.csv,4,64,192,2,modified_speed,0.09961260110139847,0.3463744819164276,0.5532496571540833,0.0007632368942722678
poison/poismph/datapoismphpar/poisspd_mph_3f66d87a.csv,5,80,208,0,authentic,0.4176590144634247,0.3175756633281708,0.2616991400718689,0.003066206583753228
poison/poismph/datapoismphpar/poisspd_mph_3f6a9c9b.csv,0,0,128,0,authentic,0.9901345372200012,0.002771870931610465,0.00271275220438838,0.0043807667680084705
poison/poismph/datapoismphpar/poisspd_mph_3f6a9c9b.csv,1,16,144,0,authentic,0.9801768064498901,0.003740203334018588,0.005243914667516947,0.010839065536856651
poison/poismph/datapoismphpar/poisspd_mph_3f6a9c9b.csv,2,32,160,2,modified_speed,1.1918633617824526e-06,3.0692849577462766e-06,0.9999953508377075,3.352277531121217e-07
poison/poismph/datapoismphpar/poisspd_mph_3f6a9c9b.csv,3,48,176,2,modified_speed,1.2271692639842513e-06,2.8959041173948208e-06,0.9999954700469971,3.109814201707195e-07
poison/poismph/datapoismphpar/poisspd_mph_3f6a9c9b.csv,4,64,192,2,modified_speed,2.1360931079517087e-10,3.3380866959475952e-09,1.0,9.552033469750754e-11
poison/poismph/datapoismphpar/poisspd_mph_3f6b0792.csv,0,0,128,0,authentic,0.9734758138656616,0.01134451199322939,0.008520746603608131,0.006658836733549833
poison/poismph/datapoismphpar/poisspd_mph_3f6b0792.csv,1,16,144,0,authentic,0.9802460074424744,0.007091843523085117,0.007998977787792683,0.0046631465665996075
poison/poismph/datapoismphpar/poisspd_mph_3f6b0792.csv,2,32,160,2,modified_speed,0.0026066710706800222,0.002977184485644102,0.9942857027053833,0.00013042667706031352
poison/poismph/datapoismphpar/poisspd_mph_3f6b0792.csv,3,48,176,2,modified_speed,0.004504655487835407,0.004011696204543114,0.9911749958992004,0.00030871311901137233
poison/poismph/datapoismphpar/poisspd_mph_3f6b0792.csv,4,64,192,2,modified_speed,0.0028814985416829586,0.004303496330976486,0.9926121830940247,0.00020284597121644765
poison/poismph/datapoismphpar/poisspd_mph_3f6b0792.csv,5,80,208,2,modified_speed,0.0056949276477098465,0.006336912978440523,0.987675130367279,0.000293083896394819
poison/poismph/datapoismphpar/poisspd_mph_3f6b0792.csv,6,96,224,2,modified_speed,0.013356980867683887,0.01697535812854767,0.9691473841667175,0.0005203562323004007
poison/poismph/datapoismphpar/poisspd_mph_3f6b0792.csv,7,112,240,2,modified_speed,0.020102864131331444,0.028198253363370895,0.9507100582122803,0.0009888114873319864
poison/poismph/datapoismphpar/poisspd_mph_3f6e8fbb.csv,0,0,128,0,authentic,0.9745700359344482,0.010142156854271889,0.007416796870529652,0.007870927453041077
poison/poismph/datapoismphpar/poisspd_mph_3f6e8fbb.csv,1,16,144,0,authentic,0.9729464650154114,0.010619230568408966,0.007765146903693676,0.00866907648742199
poison/poismph/datapoismphpar/poisspd_mph_3f6e8fbb.csv,2,32,160,2,modified_speed,2.259858099262768e-11,1.440562003018897e-09,1.0,1.696589049804409e-11
poison/poismph/datapoismphpar/poisspd_mph_3f6e8fbb.csv,3,48,176,2,modified_speed,2.2873297006453797e-11,1.4028099792895432e-09,1.0,1.9018628685807393e-11
poison/poismph/datapoismphpar/poisspd_mph_3f6e8fbb.csv,4,64,192,2,modified_speed,2.532611100003468e-11,1.545338301767174e-09,1.0,1.979379334049458e-11
poison/poismph/datapoismphpar/poisspd_mph_3f6e8fbb.csv,5,80,208,2,modified_speed,3.047486221707807e-11,1.916313552285942e-09,1.0,2.215747030298587e-11
poison/poismph/datapoismphpar/poisspd_mph_3f6e8fbb.csv,6,96,224,2,modified_speed,8.151048586091392e-11,3.4557616768182697e-09,1.0,3.0143151863448736e-11
poison/poismph/datapoismphpar/poisspd_mph_3f6ed9ff.csv,0,0,128,2,modified_speed,2.122217119904235e-05,6.89293592586182e-05,0.9999080300331116,1.9526546566339675e-06
poison/poismph/datapoismphpar/poisspd_mph_3f6ed9ff.csv,1,16,144,2,modified_speed,4.623049447601002e-13,3.896270805991975e-11,1.0,1.7326329173478205e-12
poison/poismph/datapoismphpar/poisspd_mph_3f6ed9ff.csv,2,32,160,2,modified_speed,5.081999274528237e-13,3.9887062402987894e-11,1.0,1.8295154887576492e-12
poison/poismph/datapoismphpar/poisspd_mph_3f6ed9ff.csv,3,48,176,2,modified_speed,5.861988412042551e-13,4.5095316369980765e-11,1.0,2.0105104647089034e-12
poison/poismph/datapoismphpar/poisspd_mph_3f6ed9ff.csv,4,64,192,2,modified_speed,7.643302223775406e-13,6.084254627891639e-11,1.0,2.249986221641853e-12
poison/poismph/datapoismphpar/poisspd_mph_3f6ed9ff.csv,5,80,208,2,modified_speed,1.4335813352389648e-12,1.296847212950425e-10,1.0,2.046827334359347e-12
poison/poismph/datapoismphpar/poisspd_mph_3f6ed9ff.csv,6,96,224,2,modified_speed,2.5417174875225212e-12,2.41674652512458e-10,1.0,2.4652185674767235e-12
poison/poismph/datapoismphpar/poisspd_mph_3f6ed9ff.csv,7,112,240,2,modified_speed,7.449122915725859e-12,5.217250520495043e-10,1.0,4.015067792129123e-12
poison/poismph/datapoismphpar/poisspd_mph_3f6ed9ff.csv,8,128,256,0,authentic,0.8494609594345093,0.051193349063396454,0.09018540382385254,0.009160264395177364
poison/poismph/datapoismphpar/poisspd_mph_3f6ed9ff.csv,9,144,272,0,authentic,0.984518826007843,0.003986207768321037,0.005917083937674761,0.005577906966209412
poison/poismph/datapoismphpar/poisspd_mph_3f6ed9ff.csv,10,160,288,0,authentic,0.9863271713256836,0.002804358024150133,0.004803473129868507,0.006064994260668755
poison/poismph/datapoismphpar/poisspd_mph_3f6ed9ff.csv,11,176,304,0,authentic,0.986068069934845,0.002936221659183502,0.003549514804035425,0.007446178235113621
poison/poismph/datapoismphpar/poisspd_mph_3f6ed9ff.csv,12,192,320,0,authentic,0.9871202111244202,0.0036021731793880463,0.003302341792732477,0.005975256208330393
poison/poismph/datapoismphpar/poisspd_mph_3f72dde5.csv,0,0,128,0,authentic,0.9112268090248108,0.030399711802601814,0.034295257180929184,0.02407819777727127
poison/poismph/datapoismphpar/poisspd_mph_3f72dde5.csv,1,16,144,2,modified_speed,4.6654204766127805e-07,7.763786925352179e-06,0.999991774559021,5.2192632438163855e-08
poison/poismph/datapoismphpar/poisspd_mph_3f72dde5.csv,2,32,160,2,modified_speed,1.3006798058306374e-13,8.11875983108834e-11,1.0,4.174830579438578e-14
poison/poismph/datapoismphpar/poisspd_mph_3f72dde5.csv,3,48,176,2,modified_speed,1.4288087856959009e-13,7.629458870228589e-11,1.0,4.833079195101092e-14
poison/poismph/datapoismphpar/poisspd_mph_3f7ba01a.csv,0,0,128,2,modified_speed,3.9688231867618384e-11,1.7749906433550677e-08,1.0,2.7674091317153593e-12
poison/poismph/datapoismphpar/poisspd_mph_3f7ba01a.csv,1,16,144,2,modified_speed,4.376243464832008e-11,1.9131881856537802e-08,1.0,5.677943358539661e-12
poison/poismph/datapoismphpar/poisspd_mph_3f7ba01a.csv,2,32,160,2,modified_speed,4.9727715001335326e-11,1.9156749075932566e-08,1.0,6.140339105231707e-12
poison/poismph/datapoismphpar/poisspd_mph_3f7ba01a.csv,3,48,176,2,modified_speed,3.19290538453032e-10,4.5615379917762766e-08,1.0,1.99222686958489e-11
poison/poismph/datapoismphpar/poisspd_mph_3f7f9dd0.csv,0,0,128,2,modified_speed,0.15765509009361267,0.21548345685005188,0.6247784495353699,0.0020829292479902506
poison/poismph/datapoismphpar/poisspd_mph_3f7f9dd0.csv,1,16,144,2,modified_speed,0.15415632724761963,0.1742466390132904,0.6672458648681641,0.004351109731942415
poison/poismph/datapoismphpar/poisspd_mph_3f7f9dd0.csv,2,32,160,2,modified_speed,0.099870964884758,0.07265489548444748,0.8242689371109009,0.003205156186595559
poison/poismph/datapoismphpar/poisspd_mph_3f7f9dd0.csv,3,48,176,2,modified_speed,0.2833639681339264,0.10278697311878204,0.6099514365196228,0.0038976846262812614
poison/poismph/datapoismphpar/poisspd_mph_3f7f9dd0.csv,4,64,192,2,modified_speed,0.43418383598327637,0.07890354841947556,0.4828682839870453,0.004044292028993368
poison/poismph/datapoismphpar/poisspd_mph_3f7f9dd0.csv,5,80,208,0,authentic,0.4914264380931854,0.05958116799592972,0.4435879588127136,0.005404438357800245
poison/poismph/datapoismphpar/poisspd_mph_3f836cd3.csv,0,0,128,0,authentic,0.9893047213554382,0.002532785292714834,0.004599215928465128,0.003563358448445797
poison/poismph/datapoismphpar/poisspd_mph_3f836cd3.csv,1,16,144,0,authentic,0.986963152885437,0.004167268518358469,0.004303276538848877,0.004566448740661144
poison/poismph/datapoismphpar/poisspd_mph_3f836cd3.csv,2,32,160,0,authentic,0.9743585586547852,0.008513431064784527,0.0080671152099967,0.009060988202691078
poison/poismph/datapoismphpar/poisspd_mph_3f836cd3.csv,3,48,176,0,authentic,0.9721147418022156,0.009095805697143078,0.00926621351391077,0.009523250162601471
poison/poismph/datapoismphpar/poisspd_mph_3f836cd3.csv,4,64,192,0,authentic,0.9761601686477661,0.0069349887780845165,0.006254035513848066,0.010650786571204662
poison/poismph/datapoismphpar/poisspd_mph_3f836cd3.csv,5,80,208,2,modified_speed,0.32300910353660583,0.040656618773937225,0.6233292818069458,0.013004972599446774
poison/poismph/datapoismphpar/poisspd_mph_3f86beca.csv,0,0,128,2,modified_speed,0.0016586349811404943,0.011761937290430069,0.9865620136260986,1.7448828657506965e-05
poison/poismph/datapoismphpar/poisspd_mph_3f86beca.csv,1,16,144,2,modified_speed,0.002659755991771817,0.013962284661829472,0.9833400845527649,3.7880272429902107e-05
poison/poismph/datapoismphpar/poisspd_mph_3f86beca.csv,2,32,160,2,modified_speed,0.003622479969635606,0.015336220152676105,0.9809846878051758,5.6651068007340655e-05
poison/poismph/datapoismphpar/poisspd_mph_3f86beca.csv,3,48,176,2,modified_speed,0.00446790736168623,0.019977658987045288,0.975490391254425,6.407178443623707e-05
poison/poismph/datapoismphpar/poisspd_mph_3f86beca.csv,4,64,192,2,modified_speed,0.004860491491854191,0.012665481306612492,0.9824007749557495,7.330553489737213e-05
poison/poismph/datapoismphpar/poisspd_mph_3f86beca.csv,5,80,208,1,modified_altitude,0.01405581459403038,0.8245362043380737,0.16131623089313507,9.17702927836217e-05
poison/poismph/datapoismphpar/poisspd_mph_3f871473.csv,0,0,128,2,modified_speed,3.0628484193329086e-09,4.643927127290226e-07,0.9999995231628418,1.8499811405003896e-10
poison/poismph/datapoismphpar/poisspd_mph_3f871473.csv,1,16,144,2,modified_speed,3.2373459468715282e-09,4.3532230620257906e-07,0.9999995231628418,3.1479205353512896e-10
poison/poismph/datapoismphpar/poisspd_mph_3f871473.csv,2,32,160,2,modified_speed,4.354148597229823e-09,4.767857433307654e-07,0.9999995231628418,5.28837140745253e-10
poison/poismph/datapoismphpar/poisspd_mph_3f871473.csv,3,48,176,2,modified_speed,6.58844534484615e-09,5.301022270032263e-07,0.9999994039535522,8.138557605619212e-10
poison/poismph/datapoismphpar/poisspd_mph_3f871473.csv,4,64,192,2,modified_speed,9.746027984647299e-09,5.562230853684014e-07,0.9999994039535522,1.740126043259238e-09
poison/poismph/datapoismphpar/poisspd_mph_3f871473.csv,5,80,208,2,modified_speed,2.0881875784084514e-08,8.595343956585566e-07,0.9999991655349731,2.4477440074832657e-09
poison/poismph/datapoismphpar/poisspd_mph_3f873f36.csv,0,0,128,0,authentic,0.9717240333557129,0.010126716457307339,0.009321266785264015,0.008828021585941315
poison/poismph/datapoismphpar/poisspd_mph_3f873f36.csv,1,16,144,2,modified_speed,6.540377398778219e-06,5.0490281864767894e-05,0.9999423027038574,6.700341828036471e-07
poison/poismph/datapoismphpar/poisspd_mph_3f873f36.csv,2,32,160,2,modified_speed,4.1235730918742775e-07,1.825742970140709e-06,0.9999946355819702,3.140097760478966e-06
poison/poismph/datapoismphpar/poisspd_mph_3f8b1603.csv,0,0,128,0,authentic,0.9345070123672485,0.021954456344246864,0.038383785635232925,0.005154767539352179
poison/poismph/datapoismphpar/poisspd_mph_3f8b1603.csv,1,16,144,0,authentic,0.7582544684410095,0.08949698507785797,0.13595636188983917,0.016292240470647812
poison/poismph/datapoismphpar/poisspd_mph_3f8b1603.csv,2,32,160,0,authentic,0.7332546710968018,0.11592002213001251,0.13080048561096191,0.020024791359901428
poison/poismph/datapoismphpar/poisspd_mph_3f8b1603.csv,3,48,176,0,authentic,0.9777318239212036,0.007613417226821184,0.00624951533973217,0.008405208587646484
poison/poismph/datapoismphpar/poisspd_mph_3f8b1603.csv,4,64,192,0,authentic,0.9380431771278381,0.03629303723573685,0.013683773577213287,0.01197992917150259
poison/poismph/datapoismphpar/poisspd_mph_3f8b1603.csv,5,80,208,0,authentic,0.9697502255439758,0.007438492029905319,0.010903376154601574,0.01190794538706541
poison/poismph/datapoismphpar/poisspd_mph_3f8b1603.csv,6,96,224,0,authentic,0.972934901714325,0.0046328166499733925,0.008236298337578773,0.014195960015058517
poison/poismph/datapoismphpar/poisspd_mph_3f8b7bb1.csv,0,0,128,2,modified_speed,0.15037764608860016,0.041219741106033325,0.7995133996009827,0.008889257907867432
poison/poismph/datapoismphpar/poisspd_mph_3f8b7bb1.csv,1,16,144,2,modified_speed,0.31474268436431885,0.03879993408918381,0.6346779465675354,0.011779450811445713
poison/poismph/datapoismphpar/poisspd_mph_3f8b7bb1.csv,2,32,160,2,modified_speed,0.3107457160949707,0.044126544147729874,0.6322683691978455,0.012859376147389412
poison/poismph/datapoismphpar/poisspd_mph_3f8b7bb1.csv,3,48,176,2,modified_speed,0.2182251214981079,0.04069998115301132,0.735108494758606,0.005966415163129568
poison/poismph/datapoismphpar/poisspd_mph_3f8b7bb1.csv,4,64,192,0,authentic,0.5215822458267212,0.1075994074344635,0.3602827191352844,0.01053564716130495
poison/poismph/datapoismphpar/poisspd_mph_3f8f1c63.csv,0,0,128,1,modified_altitude,0.23031413555145264,0.5849156975746155,0.17880617082118988,0.005963928997516632
poison/poismph/datapoismphpar/poisspd_mph_3f8f1c63.csv,1,16,144,1,modified_altitude,0.31156009435653687,0.49992096424102783,0.18235339224338531,0.006165448110550642
