csv_path,status,rows,window_count,true_label,true_label_name,predicted_label,predicted_label_name,score,decision_scope,decision_reason,decision_window_count,attack_window_count,attack_window_fraction,correct_if_labeled,authentic_score_mean,authentic_score_max,modified_altitude_score_max,modified_speed_score_max,modified_position_score_max,all_authentic_score_max,all_modified_altitude_score_max,all_modified_speed_score_max,all_modified_position_score_max,error
poison/poispps/datapoisppspar/poisalt_pps_3e3d62fc.csv,ok,399,17,1,modified_altitude,1,modified_altitude,1.0,all_windows,qualified_attack_window,17,8,0.47058823529411764,True,0.5086613893508911,0.9808945655822754,1.0,0.01724502630531788,0.07778126001358032,0.9808945655822754,1.0,0.01724502630531788,0.07778126001358032,
poison/poispps/datapoisppspar/poisalt_pps_3e3e764c.csv,ok,387,17,1,modified_altitude,1,modified_altitude,0.9979872703552246,all_windows,qualified_attack_window,17,7,0.4117647058823529,True,0.5437485575675964,0.9649703502655029,0.9979872703552246,0.07812075316905975,0.025561848655343056,0.9649703502655029,0.9979872703552246,0.07812075316905975,0.025561848655343056,
poison/poispps/datapoisppspar/poisalt_pps_3e47d351.csv,ok,453,21,1,modified_altitude,1,modified_altitude,1.0,all_windows,qualified_attack_window,21,10,0.47619047619047616,True,0.44334375858306885,0.9674143195152283,1.0,0.11898793280124664,0.020878702402114868,0.9674143195152283,1.0,0.11898793280124664,0.020878702402114868,
poison/poispps/datapoisppspar/poisalt_pps_3e4c020c.csv,ok,397,17,1,modified_altitude,0,authentic,0.9777898192405701,all_windows,no_qualified_attack_window,17,0,0.0,False,0.8246428966522217,0.9777898192405701,0.2819061875343323,0.0263435710221529,0.13702160120010376,0.9777898192405701,0.2819061875343323,0.0263435710221529,0.13702160120010376,
poison/poispps/datapoisppspar/poisalt_pps_3e4c278e.csv,ok,432,20,1,modified_altitude,0,authentic,0.98503577709198,all_windows,no_qualified_attack_window,20,0,0.0,False,0.9192034602165222,0.98503577709198,0.16317559778690338,0.03785378858447075,0.050111811608076096,0.98503577709198,0.16317559778690338,0.03785378858447075,0.050111811608076096,
poison/poispps/datapoisppspar/poisalt_pps_3e4f2065.csv,ok,261,9,1,modified_altitude,1,modified_altitude,0.8984459638595581,all_windows,qualified_attack_window,9,2,0.2222222222222222,True,0.6386969685554504,0.9714511632919312,0.8984459638595581,0.030534066259860992,0.0665445551276207,0.9714511632919312,0.8984459638595581,0.030534066259860992,0.0665445551276207,
poison/poispps/datapoisppspar/poisalt_pps_3e511fac.csv,ok,298,11,1,modified_altitude,1,modified_altitude,0.9999998807907104,all_windows,qualified_attack_window,11,9,0.8181818181818182,True,0.207890123128891,0.9811297059059143,0.9999998807907104,0.023570023477077484,0.016092175617814064,0.9811297059059143,0.9999998807907104,0.023570023477077484,0.016092175617814064,
poison/poispps/datapoisppspar/poisalt_pps_3e5468f7.csv,ok,618,31,1,modified_altitude,1,modified_altitude,0.9999136328697205,all_windows,qualified_attack_window,31,8,0.25806451612903225,True,0.7298722267150879,0.9926251173019409,0.9999136328697205,0.01037136185914278,0.011607280001044273,0.9926251173019409,0.9999136328697205,0.01037136185914278,0.011607280001044273,
poison/poispps/datapoisppspar/poisalt_pps_3e54a0d8.csv,ok,364,15,1,modified_altitude,1,modified_altitude,0.9999467134475708,all_windows,qualified_attack_window,15,7,0.4666666666666667,True,0.5193337202072144,0.982524573802948,0.9999467134475708,0.008832735009491444,0.012945367954671383,0.982524573802948,0.9999467134475708,0.008832735009491444,0.012945367954671383,
poison/poispps/datapoisppspar/poisalt_pps_3e5d58c6.csv,ok,301,11,1,modified_altitude,1,modified_altitude,0.9998220205307007,all_windows,qualified_attack_window,11,8,0.7272727272727273,True,0.2252393662929535,0.8544886112213135,0.9998220205307007,0.03322913870215416,0.5277116894721985,0.8544886112213135,0.9998220205307007,0.03322913870215416,0.5277116894721985,
poison/poispps/datapoisppspar/poisalt_pps_3e626c7b.csv,ok,281,10,1,modified_altitude,1,modified_altitude,1.0,all_windows,qualified_attack_window,10,7,0.7,True,0.28890299797058105,0.9727098941802979,1.0,0.010995305143296719,0.011804316192865372,0.9727098941802979,1.0,0.010995305143296719,0.011804316192865372,
poison/poispps/datapoisppspar/poisalt_pps_3e68c61a.csv,ok,455,21,1,modified_altitude,1,modified_altitude,1.0,all_windows,qualified_attack_window,21,8,0.38095238095238093,True,0.5980278849601746,0.994316041469574,1.0,0.014910825528204441,0.014416707679629326,0.994316041469574,1.0,0.014910825528204441,0.014416707679629326,
poison/poispps/datapoisppspar/poisalt_pps_3e68fe2b.csv,ok,390,17,1,modified_altitude,1,modified_altitude,0.929405152797699,all_windows,qualified_attack_window,17,8,0.47058823529411764,True,0.5646047592163086,0.9829254746437073,0.929405152797699,0.04568739980459213,0.02346515655517578,0.9829254746437073,0.929405152797699,0.04568739980459213,0.02346515655517578,
poison/poispps/datapoisppspar/poisalt_pps_3e6a9fd2.csv,ok,435,20,1,modified_altitude,1,modified_altitude,1.0,all_windows,qualified_attack_window,20,9,0.45,True,0.5267598628997803,0.9811496138572693,1.0,0.034244269132614136,0.03779581934213638,0.9811496138572693,1.0,0.034244269132614136,0.03779581934213638,
poison/poispps/datapoisppspar/poisalt_pps_3e6d76dc.csv,ok,366,15,1,modified_altitude,1,modified_altitude,1.0,all_windows,qualified_attack_window,15,8,0.5333333333333333,True,0.4575166702270508,0.9870836734771729,1.0,0.009693767875432968,0.011113667860627174,0.9870836734771729,1.0,0.009693767875432968,0.011113667860627174,
poison/poispps/datapoisppspar/poisalt_pps_3e7390c7.csv,ok,489,23,1,modified_altitude,1,modified_altitude,0.9999957084655762,all_windows,qualified_attack_window,23,8,0.34782608695652173,True,0.6393049359321594,0.9842599630355835,0.9999957084655762,0.04210152104496956,0.02584882825613022,0.9842599630355835,0.9999957084655762,0.04210152104496956,0.02584882825613022,
poison/poispps/datapoisppspar/poisalt_pps_3e74e618.csv,ok,479,22,1,modified_altitude,1,modified_altitude,0.9999969005584717,all_windows,qualified_attack_window,22,8,0.36363636363636365,True,0.6255218982696533,0.9907081127166748,0.9999969005584717,0.00955657847225666,0.017120737582445145,0.9907081127166748,0.9999969005584717,0.00955657847225666,0.017120737582445145,
poison/poispps/datapoisppspar/poisalt_pps_3e7fed81.csv,ok,329,13,1,modified_altitude,1,modified_altitude,1.0,all_windows,qualified_attack_window,13,9,0.6923076923076923,True,0.2971416711807251,0.9802420139312744,1.0,0.11120996624231339,0.00982402078807354,0.9802420139312744,1.0,0.11120996624231339,0.00982402078807354,
poison/poispps/datapoisppspar/poisalt_pps_3e82b0f2.csv,ok,316,12,1,modified_altitude,1,modified_altitude,1.0,all_windows,qualified_attack_window,12,7,0.5833333333333334,True,0.40401339530944824,0.9888186454772949,1.0,0.015819033607840538,0.01773873344063759,0.9888186454772949,1.0,0.015819033607840538,0.01773873344063759,
poison/poispps/datapoisppspar/poisalt_pps_3e86cbf8.csv,ok,269,9,1,modified_altitude,1,modified_altitude,1.0,all_windows,qualified_attack_window,9,8,0.8888888888888888,True,0.10773222893476486,0.9695879817008972,1.0,0.008643132634460926,0.008385964669287205,0.9695879817008972,1.0,0.008643132634460926,0.008385964669287205,
poison/poispps/datapoisppspar/poisalt_pps_3e881e55.csv,ok,275,10,1,modified_altitude,1,modified_altitude,0.9992532730102539,all_windows,qualified_attack_window,10,7,0.7,True,0.26633650064468384,0.979380190372467,0.9992532730102539,0.045057665556669235,0.20225529372692108,0.979380190372467,0.9992532730102539,0.045057665556669235,0.20225529372692108,
poison/poispps/datapoisppspar/poisalt_pps_3e8af529.csv,ok,317,12,1,modified_altitude,1,modified_altitude,1.0,all_windows,qualified_attack_window,12,7,0.5833333333333334,True,0.3840893507003784,0.9787334203720093,1.0,0.038383133709430695,0.05424076318740845,0.9787334203720093,1.0,0.038383133709430695,0.05424076318740845,
poison/poispps/datapoisppspar/poisalt_pps_3e8b84a2.csv,ok,436,20,1,modified_altitude,1,modified_altitude,1.0,all_windows,qualified_attack_window,20,7,0.35,True,0.6276828646659851,0.9874451756477356,1.0,0.026112135499715805,0.03289994224905968,0.9874451756477356,1.0,0.026112135499715805,0.03289994224905968,
poison/poispps/datapoisppspar/poisalt_pps_3e8e6711.csv,ok,306,12,1,modified_altitude,0,authentic,0.9857400059700012,all_windows,no_qualified_attack_window,12,0,0.0,False,0.8889358639717102,0.9857400059700012,0.1033756360411644,0.042457278817892075,0.06820803880691528,0.9857400059700012,0.1033756360411644,0.042457278817892075,0.06820803880691528,
poison/poispps/datapoisppspar/poisalt_pps_3e96ab36.csv,ok,413,18,1,modified_altitude,1,modified_altitude,1.0,all_windows,qualified_attack_window,18,8,0.4444444444444444,True,0.5122737884521484,0.9834007024765015,1.0,0.010972699150443077,0.1458965688943863,0.9834007024765015,1.0,0.010972699150443077,0.1458965688943863,
poison/poispps/datapoisppspar/poisalt_pps_3e9ac6c9.csv,ok,269,9,1,modified_altitude,1,modified_altitude,0.9999891519546509,all_windows,qualified_attack_window,9,6,0.6666666666666666,True,0.30611908435821533,0.9754905104637146,0.9999891519546509,0.03802315145730972,0.04316246509552002,0.9754905104637146,0.9999891519546509,0.03802315145730972,0.04316246509552002,
poison/poispps/datapoisppspar/poisalt_pps_3eafacef.csv,ok,291,11,1,modified_altitude,1,modified_altitude,0.9999994039535522,all_windows,qualified_attack_window,11,8,0.7272727272727273,True,0.2597431242465973,0.9608437418937683,0.9999994039535522,0.0248110331594944,0.013326154090464115,0.9608437418937683,0.9999994039535522,0.0248110331594944,0.013326154090464115,
poison/poispps/datapoisppspar/poisalt_pps_3eb09bc0.csv,ok,424,19,1,modified_altitude,1,modified_altitude,1.0,all_windows,qualified_attack_window,19,9,0.47368421052631576,True,0.49600857496261597,0.9853593111038208,1.0,0.03373070806264877,0.0127449044957757,0.9853593111038208,1.0,0.03373070806264877,0.0127449044957757,
poison/poispps/datapoisppspar/poisalt_pps_3eb1065d.csv,ok,331,13,1,modified_altitude,0,authentic,0.977403461933136,all_windows,no_qualified_attack_window,13,0,0.0,False,0.8548727035522461,0.977403461933136,0.17200498282909393,0.21371543407440186,0.09777441620826721,0.977403461933136,0.17200498282909393,0.21371543407440186,0.09777441620826721,
poison/poispps/datapoisppspar/poisalt_pps_3eb144d3.csv,ok,319,12,1,modified_altitude,1,modified_altitude,1.0,all_windows,qualified_attack_window,12,9,0.75,True,0.24454621970653534,0.9812701344490051,1.0,0.009499773383140564,0.007056745234876871,0.9812701344490051,1.0,0.009499773383140564,0.007056745234876871,
poison/poispps/datapoisppspar/poisalt_pps_3eb4b51d.csv,ok,353,15,1,modified_altitude,1,modified_altitude,0.9999991655349731,all_windows,qualified_attack_window,15,7,0.4666666666666667,True,0.516836941242218,0.9820592999458313,0.9999991655349731,0.01955580897629261,0.01480171736329794,0.9820592999458313,0.9999991655349731,0.01955580897629261,0.01480171736329794,
poison/poispps/datapoisppspar/poisalt_pps_3eb4c033.csv,ok,327,13,1,modified_altitude,1,modified_altitude,1.0,all_windows,qualified_attack_window,13,9,0.6923076923076923,True,0.3032680153846741,0.9886876940727234,1.0,0.006501887924969196,0.006913214921951294,0.9886876940727234,1.0,0.006501887924969196,0.006913214921951294,
poison/poispps/datapoisppspar/poisalt_pps_3eb8c0d5.csv,ok,429,19,1,modified_altitude,1,modified_altitude,0.8694214224815369,all_windows,qualified_attack_window,19,5,0.2631578947368421,True,0.7012066841125488,0.9920951724052429,0.8694214224815369,0.050932031124830246,0.10905567556619644,0.9920951724052429,0.8694214224815369,0.050932031124830246,0.10905567556619644,
poison/poispps/datapoisppspar/poisalt_pps_3ebbb2d4.csv,ok,434,20,1,modified_altitude,1,modified_altitude,0.9999995231628418,all_windows,qualified_attack_window,20,8,0.4,True,0.5809766054153442,0.9857825636863708,0.9999995231628418,0.07223383337259293,0.02397351711988449,0.9857825636863708,0.9999995231628418,0.07223383337259293,0.02397351711988449,
poison/poispps/datapoisppspar/poisalt_pps_3ebbed5a.csv,ok,382,16,1,modified_altitude,1,modified_altitude,0.9999997615814209,all_windows,qualified_attack_window,16,9,0.5625,True,0.42515069246292114,0.9890415072441101,0.9999997615814209,0.021549392491579056,0.010685871355235577,0.9890415072441101,0.9999997615814209,0.021549392491579056,0.010685871355235577,
poison/poispps/datapoisppspar/poisalt_pps_3ebc63e3.csv,ok,468,22,1,modified_altitude,1,modified_altitude,0.999997615814209,all_windows,qualified_attack_window,22,8,0.36363636363636365,True,0.6137822866439819,0.9877455830574036,0.999997615814209,0.03070932812988758,0.015782596543431282,0.9877455830574036,0.999997615814209,0.03070932812988758,0.015782596543431282,
poison/poispps/datapoisppspar/poisalt_pps_3ec01280.csv,ok,412,18,1,modified_altitude,1,modified_altitude,1.0,all_windows,qualified_attack_window,18,9,0.5,True,0.4890625774860382,0.9860420227050781,1.0,0.03012603521347046,0.01384799461811781,0.9860420227050781,1.0,0.03012603521347046,0.01384799461811781,
poison/poispps/datapoisppspar/poisalt_pps_3ec015d8.csv,ok,429,19,1,modified_altitude,1,modified_altitude,1.0,all_windows,qualified_attack_window,19,9,0.47368421052631576,True,0.5140970349311829,0.9894002079963684,1.0,0.013142199255526066,0.022256353870034218,0.9894002079963684,1.0,0.013142199255526066,0.022256353870034218,
poison/poispps/datapoisppspar/poisalt_pps_3ec27b98.csv,ok,461,21,1,modified_altitude,1,modified_altitude,1.0,all_windows,qualified_attack_window,21,10,0.47619047619047616,True,0.49947938323020935,0.9800099730491638,1.0,0.03166186064481735,0.03045991249382496,0.9800099730491638,1.0,0.03166186064481735,0.03045991249382496,
poison/poispps/datapoisppspar/poisalt_pps_3ec6b3c3.csv,ok,358,15,1,modified_altitude,1,modified_altitude,1.0,all_windows,qualified_attack_window,15,8,0.5333333333333333,True,0.45201385021209717,0.9876017570495605,1.0,0.023653315380215645,0.010352885350584984,0.9876017570495605,1.0,0.023653315380215645,0.010352885350584984,
poison/poispps/datapoisppspar/poisalt_pps_3ec95ad2.csv,ok,255,8,1,modified_altitude,1,modified_altitude,0.9999557137489319,all_windows,qualified_attack_window,8,5,0.625,True,0.353189617395401,0.9605586528778076,0.9999557137489319,0.02531791292130947,0.035365477204322815,0.9605586528778076,0.9999557137489319,0.02531791292130947,0.035365477204322815,
poison/poispps/datapoisppspar/poisalt_pps_3ec9602e.csv,ok,279,10,1,modified_altitude,1,modified_altitude,0.9998291730880737,all_windows,qualified_attack_window,10,6,0.6,True,0.36432963609695435,0.9485116004943848,0.9998291730880737,0.03752497583627701,0.044428933411836624,0.9485116004943848,0.9998291730880737,0.03752497583627701,0.044428933411836624,
poison/poispps/datapoisppspar/poisalt_pps_3ecf1d5f.csv,ok,314,12,1,modified_altitude,1,modified_altitude,0.9929139018058777,all_windows,qualified_attack_window,12,8,0.6666666666666666,True,0.33953261375427246,0.9940001368522644,0.9929139018058777,0.025561435148119926,0.009200605563819408,0.9940001368522644,0.9929139018058777,0.025561435148119926,0.009200605563819408,
poison/poispps/datapoisppspar/poisalt_pps_3edabb6e.csv,ok,445,20,1,modified_altitude,1,modified_altitude,0.9999995231628418,all_windows,qualified_attack_window,20,8,0.4,True,0.5780726671218872,0.9846401214599609,0.9999995231628418,0.024205926805734634,0.01387058012187481,0.9846401214599609,0.9999995231628418,0.024205926805734634,0.01387058012187481,
poison/poispps/datapoisppspar/poisalt_pps_3edb74ff.csv,ok,476,22,1,modified_altitude,1,modified_altitude,0.9999998807907104,all_windows,qualified_attack_window,22,8,0.36363636363636365,True,0.616281270980835,0.983268141746521,0.9999998807907104,0.023104283958673477,0.015143383294343948,0.983268141746521,0.9999998807907104,0.023104283958673477,0.015143383294343948,
poison/poispps/datapoisppspar/poisalt_pps_3ee7b137.csv,ok,263,9,1,modified_altitude,1,modified_altitude,0.9991973042488098,all_windows,qualified_attack_window,9,5,0.5555555555555556,True,0.36317455768585205,0.9520442485809326,0.9991973042488098,0.9578319787979126,0.030091896653175354,0.9520442485809326,0.9991973042488098,0.9578319787979126,0.030091896653175354,
poison/poispps/datapoisppspar/poisalt_pps_3eeb9529.csv,ok,281,10,1,modified_altitude,1,modified_altitude,0.5332280993461609,all_windows,qualified_attack_window,10,4,0.4,True,0.6015265583992004,0.9470232725143433,0.5332280993461609,0.0928320586681366,0.05413394793868065,0.9470232725143433,0.5332280993461609,0.0928320586681366,0.05413394793868065,
poison/poispps/datapoisppspar/poisalt_pps_3ef6a156.csv,ok,430,19,1,modified_altitude,1,modified_altitude,1.0,all_windows,qualified_attack_window,19,9,0.47368421052631576,True,0.5044404864311218,0.9752288460731506,1.0,0.018870549276471138,0.01255042850971222,0.9752288460731506,1.0,0.018870549276471138,0.01255042850971222,
poison/poispps/datapoisppspar/poisalt_pps_3ef78af1.csv,ok,367,15,1,modified_altitude,1,modified_altitude,0.9834718108177185,all_windows,qualified_attack_window,15,6,0.4,True,0.5526751279830933,0.9818017482757568,0.9834718108177185,0.033195264637470245,0.05689072608947754,0.9818017482757568,0.9834718108177185,0.033195264637470245,0.05689072608947754,
poison/poispps/datapoisppspar/poisalt_pps_3efd6222.csv,ok,270,9,1,modified_altitude,1,modified_altitude,1.0,all_windows,qualified_attack_window,9,9,1.0,True,6.255966582102701e-05,0.0005277495947666466,1.0,0.0006383900763466954,0.00019094701565336436,0.0005277495947666466,1.0,0.0006383900763466954,0.00019094701565336436,
poison/poispps/datapoisppspar/poisalt_pps_3f0618cd.csv,ok,405,18,1,modified_altitude,1,modified_altitude,0.9999998807907104,all_windows,qualified_attack_window,18,8,0.4444444444444444,True,0.5466929078102112,0.9914699792861938,0.9999998807907104,0.025470122694969177,0.01080971397459507,0.9914699792861938,0.9999998807907104,0.025470122694969177,0.01080971397459507,
poison/poispps/datapoisppspar/poisalt_pps_3f071cd8.csv,ok,341,14,1,modified_altitude,1,modified_altitude,0.9851782917976379,all_windows,qualified_attack_window,14,7,0.5,True,0.5078575611114502,0.9835910201072693,0.9851782917976379,0.04688055068254471,0.03232726827263832,0.9835910201072693,0.9851782917976379,0.04688055068254471,0.03232726827263832,
poison/poispps/datapoisppspar/poisalt_pps_3f0a952f.csv,ok,291,11,1,modified_altitude,1,modified_altitude,1.0,all_windows,qualified_attack_window,11,8,0.7272727272727273,True,0.26188695430755615,0.9715456366539001,1.0,0.013341645710170269,0.01734033413231373,0.9715456366539001,1.0,0.013341645710170269,0.01734033413231373,
poison/poispps/datapoisppspar/poisalt_pps_3f0a9ef6.csv,ok,423,19,1,modified_altitude,1,modified_altitude,1.0,all_windows,qualified_attack_window,19,9,0.47368421052631576,True,0.510728657245636,0.9841736555099487,1.0,0.011007657274603844,0.02776527777314186,0.9841736555099487,1.0,0.011007657274603844,0.02776527777314186,
poison/poispps/datapoisppspar/poisalt_pps_3f0e8a5a.csv,ok,372,16,1,modified_altitude,1,modified_altitude,0.9999998807907104,all_windows,qualified_attack_window,16,8,0.5,True,0.4370887279510498,0.9753750562667847,0.9999998807907104,0.06699854880571365,0.04941561818122864,0.9753750562667847,0.9999998807907104,0.06699854880571365,0.04941561818122864,
poison/poispps/datapoisppspar/poisalt_pps_3f0eaf7c.csv,ok,387,17,1,modified_altitude,1,modified_altitude,1.0,all_windows,qualified_attack_window,17,10,0.5882352941176471,True,0.37328219413757324,0.9610055685043335,1.0,0.9957043528556824,0.10810676217079163,0.9610055685043335,1.0,0.9957043528556824,0.10810676217079163,
poison/poispps/datapoisppspar/poisalt_pps_3f10986f.csv,ok,289,11,1,modified_altitude,1,modified_altitude,1.0,all_windows,qualified_attack_window,11,9,0.8181818181818182,True,0.1785586178302765,0.9845161437988281,1.0,0.006082180887460709,0.006323461886495352,0.9845161437988281,1.0,0.006082180887460709,0.006323461886495352,
poison/poispps/datapoisppspar/poisalt_pps_3f11f85c.csv,ok,278,10,1,modified_altitude,1,modified_altitude,1.0,all_windows,qualified_attack_window,10,8,0.8,True,0.18912819027900696,0.960090160369873,1.0,0.01766294799745083,0.022868111729621887,0.960090160369873,1.0,0.01766294799745083,0.022868111729621887,
poison/poispps/datapoisppspar/poisalt_pps_3f150622.csv,ok,334,13,1,modified_altitude,1,modified_altitude,0.999729335308075,all_windows,qualified_attack_window,13,7,0.5384615384615384,True,0.43802353739738464,0.9787617325782776,0.999729335308075,0.052259642630815506,0.03099394589662552,0.9787617325782776,0.999729335308075,0.052259642630815506,0.03099394589662552,
poison/poispps/datapoisppspar/poisalt_pps_3f181dad.csv,ok,242,8,1,modified_altitude,1,modified_altitude,0.9999275207519531,all_windows,qualified_attack_window,8,7,0.875,True,0.11572816967964172,0.9253448247909546,0.9999275207519531,0.01783936657011509,0.03599618002772331,0.9253448247909546,0.9999275207519531,0.01783936657011509,0.03599618002772331,
poison/poispps/datapoisppspar/poisalt_pps_3f18d38a.csv,ok,614,31,1,modified_altitude,1,modified_altitude,1.0,all_windows,qualified_attack_window,31,9,0.2903225806451613,True,0.7026606798171997,0.9976731538772583,1.0,0.010241292417049408,0.00941501185297966,0.9976731538772583,1.0,0.010241292417049408,0.00941501185297966,
poison/poispps/datapoisppspar/poisalt_pps_3f19a49f.csv,ok,398,17,1,modified_altitude,1,modified_altitude,1.0,all_windows,qualified_attack_window,17,6,0.35294117647058826,True,0.5892360806465149,0.9858673214912415,1.0,0.02349218539893627,0.01625669188797474,0.9858673214912415,1.0,0.02349218539893627,0.01625669188797474,
poison/poispps/datapoisppspar/poisalt_pps_3f1c255d.csv,ok,287,10,1,modified_altitude,1,modified_altitude,0.7932010293006897,all_windows,qualified_attack_window,10,5,0.5,True,0.5819177031517029,0.9930523633956909,0.7932010293006897,0.1370072215795517,0.03611527383327484,0.9930523633956909,0.7932010293006897,0.1370072215795517,0.03611527383327484,
poison/poispps/datapoisppspar/poisalt_pps_3f1c4ede.csv,ok,241,8,1,modified_altitude,1,modified_altitude,1.0,all_windows,qualified_attack_window,8,8,1.0,True,4.211901978123933e-05,0.00033026584424078465,1.0,0.000685670122038573,0.00011542364518390968,0.00033026584424078465,1.0,0.000685670122038573,0.00011542364518390968,
poison/poispps/datapoisppspar/poisalt_pps_3f21c272.csv,ok,479,22,1,modified_altitude,1,modified_altitude,1.0,all_windows,qualified_attack_window,22,8,0.36363636363636365,True,0.6240466237068176,0.9957870841026306,1.0,0.01974456198513508,0.016552351415157318,0.9957870841026306,1.0,0.01974456198513508,0.016552351415157318,
poison/poispps/datapoisppspar/poisalt_pps_3f21e416.csv,ok,333,13,1,modified_altitude,1,modified_altitude,0.9999972581863403,all_windows,qualified_attack_window,13,8,0.6153846153846154,True,0.3651683032512665,0.9884310960769653,0.9999972581863403,0.030986443161964417,0.04329822212457657,0.9884310960769653,0.9999972581863403,0.030986443161964417,0.04329822212457657,
poison/poispps/datapoisppspar/poisalt_pps_3f22ddbb.csv,ok,325,13,1,modified_altitude,1,modified_altitude,0.999998927116394,all_windows,qualified_attack_window,13,8,0.6153846153846154,True,0.3768080472946167,0.9885543584823608,0.999998927116394,0.9957426190376282,0.00911844801157713,0.9885543584823608,0.999998927116394,0.9957426190376282,0.00911844801157713,
poison/poispps/datapoisppspar/poisalt_pps_3f314db7.csv,ok,327,13,1,modified_altitude,1,modified_altitude,0.9981909394264221,all_windows,qualified_attack_window,13,9,0.6923076923076923,True,0.29390156269073486,0.9818437099456787,0.9981909394264221,0.06462761014699936,0.03806189075112343,0.9818437099456787,0.9981909394264221,0.06462761014699936,0.03806189075112343,
poison/poispps/datapoisppspar/poisalt_pps_3f326c32.csv,ok,307,12,1,modified_altitude,1,modified_altitude,0.9999998807907104,all_windows,qualified_attack_window,12,8,0.6666666666666666,True,0.31924787163734436,0.9626361727714539,0.9999998807907104,0.027241399511694908,0.02411443181335926,0.9626361727714539,0.9999998807907104,0.027241399511694908,0.02411443181335926,
poison/poispps/datapoisppspar/poisalt_pps_3f35aa6c.csv,ok,440,20,1,modified_altitude,1,modified_altitude,1.0,all_windows,qualified_attack_window,20,9,0.45,True,0.5339800119400024,0.9891281127929688,1.0,0.06504129618406296,0.014321452006697655,0.9891281127929688,1.0,0.06504129618406296,0.014321452006697655,
poison/poispps/datapoisppspar/poisalt_pps_3f369ee5.csv,ok,403,18,1,modified_altitude,1,modified_altitude,1.0,all_windows,qualified_attack_window,18,9,0.5,True,0.4902322590351105,0.9901109933853149,1.0,0.012723532505333424,0.008640510961413383,0.9901109933853149,1.0,0.012723532505333424,0.008640510961413383,
poison/poispps/datapoisppspar/poisalt_pps_3f3a6a75.csv,ok,287,10,1,modified_altitude,1,modified_altitude,1.0,all_windows,qualified_attack_window,10,7,0.7,True,0.28915417194366455,0.9810465574264526,1.0,0.013286076486110687,0.011564084328711033,0.9810465574264526,1.0,0.013286076486110687,0.011564084328711033,
poison/poispps/datapoisppspar/poisalt_pps_3f3ae357.csv,ok,248,8,1,modified_altitude,1,modified_altitude,0.9999922513961792,all_windows,qualified_attack_window,8,6,0.75,True,0.24247105419635773,0.976421594619751,0.9999922513961792,0.009311164729297161,0.011960162781178951,0.976421594619751,0.9999922513961792,0.009311164729297161,0.011960162781178951,
poison/poispps/datapoisppspar/poisalt_pps_3f3d4a17.csv,ok,245,8,1,modified_altitude,1,modified_altitude,1.0,all_windows,qualified_attack_window,8,7,0.875,True,0.11872658878564835,0.9497191309928894,1.0,0.013386890292167664,0.01404428668320179,0.9497191309928894,1.0,0.013386890292167664,0.01404428668320179,
poison/poispps/datapoisppspar/poisalt_pps_3f3eb60d.csv,ok,336,14,1,modified_altitude,1,modified_altitude,0.9985872507095337,all_windows,qualified_attack_window,14,6,0.42857142857142855,True,0.552817165851593,0.9823637008666992,0.9985872507095337,0.022318970412015915,0.026815012097358704,0.9823637008666992,0.9985872507095337,0.022318970412015915,0.026815012097358704,
poison/poispps/datapoisppspar/poisalt_pps_3f3ed080.csv,ok,299,11,1,modified_altitude,1,modified_altitude,1.0,all_windows,qualified_attack_window,11,9,0.8181818181818182,True,0.2031014859676361,0.9726702570915222,1.0,0.13251610100269318,0.0106984693557024,0.9726702570915222,1.0,0.13251610100269318,0.0106984693557024,
poison/poispps/datapoisppspar/poisalt_pps_3f41a9e4.csv,ok,313,12,1,modified_altitude,1,modified_altitude,1.0,all_windows,qualified_attack_window,12,8,0.6666666666666666,True,0.3220714032649994,0.9818204641342163,1.0,0.014748075976967812,0.009051310829818249,0.9818204641342163,1.0,0.014748075976967812,0.009051310829818249,
poison/poispps/datapoisppspar/poisalt_pps_3f45ef37.csv,ok,248,8,1,modified_altitude,1,modified_altitude,1.0,all_windows,qualified_attack_window,8,6,0.75,True,0.2361302375793457,0.9547611474990845,1.0,0.03508664295077324,0.014192556031048298,0.9547611474990845,1.0,0.03508664295077324,0.014192556031048298,
poison/poispps/datapoisppspar/poisalt_pps_3f474a36.csv,ok,269,9,1,modified_altitude,1,modified_altitude,1.0,all_windows,qualified_attack_window,9,9,1.0,True,0.0018982961773872375,0.01698589324951172,1.0,0.008180148899555206,0.001353222643956542,0.01698589324951172,1.0,0.008180148899555206,0.001353222643956542,
poison/poispps/datapoisppspar/poisalt_pps_3f4a8aff.csv,ok,401,18,1,modified_altitude,1,modified_altitude,1.0,all_windows,qualified_attack_window,18,8,0.4444444444444444,True,0.5370018482208252,0.9791667461395264,1.0,0.012317321263253689,0.011652148328721523,0.9791667461395264,1.0,0.012317321263253689,0.011652148328721523,
poison/poispps/datapoisppspar/poisalt_pps_3f4b144a.csv,ok,311,12,1,modified_altitude,1,modified_altitude,0.9999998807907104,all_windows,qualified_attack_window,12,7,0.5833333333333334,True,0.3973275423049927,0.986693799495697,0.9999998807907104,0.026276342570781708,0.03201112523674965,0.986693799495697,0.9999998807907104,0.026276342570781708,0.03201112523674965,
poison/poispps/datapoisppspar/poisalt_pps_3f4b60b3.csv,ok,309,12,1,modified_altitude,2,modified_speed,0.9716616272926331,all_windows,qualified_attack_window,12,6,0.5,False,0.5298921465873718,0.9053872227668762,0.10627523064613342,0.9716616272926331,0.06461299955844879,0.9053872227668762,0.10627523064613342,0.9716616272926331,0.06461299955844879,
poison/poispps/datapoisppspar/poisalt_pps_3f52629f.csv,ok,378,16,1,modified_altitude,1,modified_altitude,1.0,all_windows,qualified_attack_window,16,9,0.5625,True,0.4242843985557556,0.9852442145347595,1.0,0.0117829330265522,0.013228119350969791,0.9852442145347595,1.0,0.0117829330265522,0.013228119350969791,
poison/poispps/datapoisppspar/poisalt_pps_3f530227.csv,ok,427,19,1,modified_altitude,1,modified_altitude,0.9999936819076538,all_windows,qualified_attack_window,19,11,0.5789473684210527,True,0.3873583674430847,0.9882505536079407,0.9999936819076538,0.056328583508729935,0.04159794747829437,0.9882505536079407,0.9999936819076538,0.056328583508729935,0.04159794747829437,
poison/poispps/datapoisppspar/poisalt_pps_3f556511.csv,ok,281,10,1,modified_altitude,1,modified_altitude,0.9999998807907104,all_windows,qualified_attack_window,10,7,0.7,True,0.29440242052078247,0.9898808002471924,0.9999998807907104,0.008795702829957008,0.007620119024068117,0.9898808002471924,0.9999998807907104,0.008795702829957008,0.007620119024068117,
poison/poispps/datapoisppspar/poisalt_pps_3f5a9b5e.csv,ok,265,9,1,modified_altitude,0,authentic,0.9534048438072205,all_windows,no_qualified_attack_window,9,0,0.0,False,0.8378250598907471,0.9534048438072205,0.12032914161682129,0.05311976373195648,0.09004414081573486,0.9534048438072205,0.12032914161682129,0.05311976373195648,0.09004414081573486,
poison/poispps/datapoisppspar/poisalt_pps_3f5acae1.csv,ok,476,22,1,modified_altitude,1,modified_altitude,1.0,all_windows,qualified_attack_window,22,8,0.36363636363636365,True,0.6197046637535095,0.9898563623428345,1.0,0.03308483585715294,0.01707133837044239,0.9898563623428345,1.0,0.03308483585715294,0.01707133837044239,
poison/poispps/datapoisppspar/poisalt_pps_3f5fc518.csv,ok,320,13,1,modified_altitude,1,modified_altitude,0.9991593360900879,all_windows,qualified_attack_window,13,7,0.5384615384615384,True,0.4355376064777374,0.9827389121055603,0.9991593360900879,0.06318759173154831,0.022362085059285164,0.9827389121055603,0.9991593360900879,0.06318759173154831,0.022362085059285164,
poison/poispps/datapoisppspar/poisalt_pps_3f643d6d.csv,ok,284,10,1,modified_altitude,1,modified_altitude,0.9999998807907104,all_windows,qualified_attack_window,10,8,0.8,True,0.18178324401378632,0.9223167300224304,0.9999998807907104,0.031968653202056885,0.031081290915608406,0.9223167300224304,0.9999998807907104,0.031968653202056885,0.031081290915608406,
poison/poispps/datapoisppspar/poisalt_pps_3f67a7b3.csv,ok,381,16,1,modified_altitude,1,modified_altitude,0.9999994039535522,all_windows,qualified_attack_window,16,8,0.5,True,0.4859032928943634,0.9862440228462219,0.9999994039535522,0.012944799847900867,0.01282124686986208,0.9862440228462219,0.9999994039535522,0.012944799847900867,0.01282124686986208,
poison/poispps/datapoisppspar/poisalt_pps_3f67d5ec.csv,ok,401,18,1,modified_altitude,1,modified_altitude,1.0,all_windows,qualified_attack_window,18,8,0.4444444444444444,True,0.5434589385986328,0.9874752759933472,1.0,0.007387887220829725,0.010301453061401844,0.9874752759933472,1.0,0.007387887220829725,0.010301453061401844,
poison/poispps/datapoisppspar/poisalt_pps_3f6eb08e.csv,ok,341,14,1,modified_altitude,1,modified_altitude,0.9999966621398926,all_windows,qualified_attack_window,14,8,0.5714285714285714,True,0.3895123600959778,0.9448686242103577,0.9999966621398926,0.04927683621644974,0.029787110164761543,0.9448686242103577,0.9999966621398926,0.04927683621644974,0.029787110164761543,
poison/poispps/datapoisppspar/poisalt_pps_3f6f3ab3.csv,ok,325,13,1,modified_altitude,1,modified_altitude,0.9999290704727173,all_windows,qualified_attack_window,13,8,0.6153846153846154,True,0.37670576572418213,0.995326817035675,0.9999290704727173,0.015094085596501827,0.010391905903816223,0.995326817035675,0.9999290704727173,0.015094085596501827,0.010391905903816223,
poison/poispps/datapoisppspar/poisalt_pps_3f73ba3f.csv,ok,242,8,1,modified_altitude,1,modified_altitude,0.9999781250953674,all_windows,qualified_attack_window,8,7,0.875,True,0.11757168173789978,0.9405342936515808,0.9999781250953674,0.016221152618527412,0.018121328204870224,0.9405342936515808,0.9999781250953674,0.016221152618527412,0.018121328204870224,
poison/poispps/datapoisppspar/poisalt_pps_3f76d97b.csv,ok,408,18,1,modified_altitude,1,modified_altitude,0.9997863173484802,all_windows,qualified_attack_window,18,7,0.3888888888888889,True,0.5856544971466064,0.9850132465362549,0.9997863173484802,0.029153455048799515,0.031827155500650406,0.9850132465362549,0.9997863173484802,0.029153455048799515,0.031827155500650406,
poison/poispps/datapoisppspar/poisalt_pps_3f77a52d.csv,ok,331,13,1,modified_altitude,1,modified_altitude,1.0,all_windows,qualified_attack_window,13,9,0.6923076923076923,True,0.3288186490535736,0.969155490398407,1.0,0.08937287330627441,0.011356571689248085,0.969155490398407,1.0,0.08937287330627441,0.011356571689248085,
poison/poispps/datapoisppspar/poisalt_pps_3f82a0d7.csv,ok,282,10,1,modified_altitude,1,modified_altitude,0.9998157024383545,all_windows,qualified_attack_window,10,6,0.6,True,0.36362189054489136,0.9718971848487854,0.9998157024383545,0.030880620703101158,0.04927702993154526,0.9718971848487854,0.9998157024383545,0.030880620703101158,0.04927702993154526,
poison/poispps/datapoisppspar/poisalt_pps_3f835069.csv,ok,476,22,1,modified_altitude,1,modified_altitude,0.9999943971633911,all_windows,qualified_attack_window,22,10,0.45454545454545453,True,0.5305342078208923,0.9913735389709473,0.9999943971633911,0.3020407259464264,0.0131424805149436,0.9913735389709473,0.9999943971633911,0.3020407259464264,0.0131424805149436,
poison/poispps/datapoisppspar/poisalt_pps_3f8a28fd.csv,ok,297,11,1,modified_altitude,1,modified_altitude,0.999923586845398,all_windows,qualified_attack_window,11,7,0.6363636363636364,True,0.3393556773662567,0.9666178822517395,0.999923586845398,0.03229290619492531,0.03987708315253258,0.9666178822517395,0.999923586845398,0.03229290619492531,0.03987708315253258,
poison/poispps/datapoisppspar/poisalt_pps_3f8e33ee.csv,ok,294,11,1,modified_altitude,1,modified_altitude,1.0,all_windows,qualified_attack_window,11,7,0.6363636363636364,True,0.3537827730178833,0.9884672164916992,1.0,0.012661969289183617,0.01567644439637661,0.9884672164916992,1.0,0.012661969289183617,0.01567644439637661,
poison/poispps/datapoisppspar/poisalt_pps_3f8f2d43.csv,ok,393,17,1,modified_altitude,1,modified_altitude,0.9999997615814209,all_windows,qualified_attack_window,17,8,0.47058823529411764,True,0.5024479627609253,0.9915779829025269,0.9999997615814209,0.013491863384842873,0.09316132962703705,0.9915779829025269,0.9999997615814209,0.013491863384842873,0.09316132962703705,
poison/poispps/datapoisppspar/poisalt_pps_3f935e62.csv,ok,428,19,1,modified_altitude,1,modified_altitude,1.0,all_windows,qualified_attack_window,19,9,0.47368421052631576,True,0.5067376494407654,0.9801482558250427,1.0,0.019423309713602066,0.02232680469751358,0.9801482558250427,1.0,0.019423309713602066,0.02232680469751358,
poison/poispps/datapoisppspar/poisalt_pps_3f967712.csv,ok,282,10,1,modified_altitude,1,modified_altitude,0.9999997615814209,all_windows,qualified_attack_window,10,5,0.5,True,0.46408209204673767,0.9838060140609741,0.9999997615814209,0.041968174278736115,0.06092233955860138,0.9838060140609741,0.9999997615814209,0.041968174278736115,0.06092233955860138,
poison/poispps/datapoisppspar/poisalt_pps_inf_14.csv,ok,293,11,1,modified_altitude,1,modified_altitude,0.999975860118866,all_windows,qualified_attack_window,11,7,0.6363636363636364,True,0.34975096583366394,0.9789776802062988,0.999975860118866,0.013080555945634842,0.015869202092289925,0.9789776802062988,0.999975860118866,0.013080555945634842,0.015869202092289925,
poison/poispps/datapoisppspar/poisalt_pps_inf_16.csv,ok,504,24,1,modified_altitude,1,modified_altitude,0.9988517761230469,all_windows,qualified_attack_window,24,15,0.625,True,0.40405771136283875,0.9955348968505859,0.9988517761230469,0.05199958756566048,0.9868583083152771,0.9955348968505859,0.9988517761230469,0.05199958756566048,0.9868583083152771,
poison/poispps/datapoisppspar/poisauth_pps_3e3a56df.csv,ok,341,14,0,authentic,0,authentic,0.983144998550415,all_windows,no_qualified_attack_window,14,0,0.0,True,0.9362196922302246,0.983144998550415,0.06749383360147476,0.037302643060684204,0.044488511979579926,0.983144998550415,0.06749383360147476,0.037302643060684204,0.044488511979579926,
poison/poispps/datapoisppspar/poisauth_pps_3e3b27f0.csv,ok,464,22,0,authentic,3,modified_position,0.9146270155906677,all_windows,qualified_attack_window,22,11,0.5,False,0.5379313230514526,0.9902971386909485,0.08840246498584747,0.6146754622459412,0.9146270155906677,0.9902971386909485,0.08840246498584747,0.6146754622459412,0.9146270155906677,
poison/poispps/datapoisppspar/poisauth_pps_3e3d62fc.csv,ok,399,17,0,authentic,0,authentic,0.9808945655822754,all_windows,no_qualified_attack_window,17,0,0.0,True,0.9212321639060974,0.9808945655822754,0.06147681921720505,0.03370537981390953,0.12391362339258194,0.9808945655822754,0.06147681921720505,0.03370537981390953,0.12391362339258194,
poison/poispps/datapoisppspar/poisauth_pps_3e3e764c.csv,ok,387,17,0,authentic,0,authentic,0.9649703502655029,all_windows,no_qualified_attack_window,17,0,0.0,True,0.9149896502494812,0.9649703502655029,0.07755734026432037,0.04057638347148895,0.06716670095920563,0.9649703502655029,0.07755734026432037,0.04057638347148895,0.06716670095920563,
poison/poispps/datapoisppspar/poisauth_pps_3e47d351.csv,ok,453,21,0,authentic,0,authentic,0.9772012829780579,all_windows,no_qualified_attack_window,21,0,0.0,True,0.8575068712234497,0.9772012829780579,0.18812017142772675,0.11898793280124664,0.10676200687885284,0.9772012829780579,0.18812017142772675,0.11898793280124664,0.10676200687885284,
poison/poispps/datapoisppspar/poisauth_pps_3e4c020c.csv,ok,397,17,0,authentic,0,authentic,0.9777898192405701,all_windows,no_qualified_attack_window,17,0,0.0,True,0.9348935484886169,0.9777898192405701,0.05930434539914131,0.032556261867284775,0.06368531286716461,0.9777898192405701,0.05930434539914131,0.032556261867284775,0.06368531286716461,
poison/poispps/datapoisppspar/poisauth_pps_3e4c278e.csv,ok,432,20,0,authentic,0,authentic,0.98503577709198,all_windows,no_qualified_attack_window,20,0,0.0,True,0.9549750089645386,0.98503577709198,0.033376555889844894,0.022361209616065025,0.035601530224084854,0.98503577709198,0.033376555889844894,0.022361209616065025,0.035601530224084854,
poison/poispps/datapoisppspar/poisauth_pps_3e4f2065.csv,ok,261,9,0,authentic,0,authentic,0.9714511632919312,all_windows,no_qualified_attack_window,9,0,0.0,True,0.918522834777832,0.9714511632919312,0.05167730525135994,0.033967312425374985,0.040507592260837555,0.9714511632919312,0.05167730525135994,0.033967312425374985,0.040507592260837555,
poison/poispps/datapoisppspar/poisauth_pps_3e511fac.csv,ok,298,11,0,authentic,0,authentic,0.9811297059059143,all_windows,no_qualified_attack_window,11,0,0.0,True,0.9394797682762146,0.9811297059059143,0.041568823158741,0.03156161680817604,0.04159960895776749,0.9811297059059143,0.041568823158741,0.03156161680817604,0.04159960895776749,
poison/poispps/datapoisppspar/poisauth_pps_3e5468f7.csv,ok,618,31,0,authentic,0,authentic,0.9926251173019409,all_windows,no_qualified_attack_window,31,0,0.0,True,0.9734315276145935,0.9926251173019409,0.031197380274534225,0.016758963465690613,0.051016662269830704,0.9926251173019409,0.031197380274534225,0.016758963465690613,0.051016662269830704,
poison/poispps/datapoisppspar/poisauth_pps_3e54a0d8.csv,ok,364,15,0,authentic,0,authentic,0.982524573802948,all_windows,no_qualified_attack_window,15,0,0.0,True,0.9218860268592834,0.982524573802948,0.04397525638341904,0.050171636044979095,0.07468418776988983,0.982524573802948,0.04397525638341904,0.050171636044979095,0.07468418776988983,
poison/poispps/datapoisppspar/poisauth_pps_3e56e862.csv,ok,272,10,0,authentic,0,authentic,0.9598448276519775,all_windows,no_qualified_attack_window,10,0,0.0,True,0.8456228375434875,0.9598448276519775,0.109345942735672,0.05563518777489662,0.28239309787750244,0.9598448276519775,0.109345942735672,0.05563518777489662,0.28239309787750244,
poison/poispps/datapoisppspar/poisauth_pps_3e58bd01.csv,ok,538,26,0,authentic,0,authentic,0.987800121307373,all_windows,no_qualified_attack_window,26,0,0.0,True,0.9156781435012817,0.987800121307373,0.1052720695734024,0.04076508805155754,0.15708595514297485,0.987800121307373,0.1052720695734024,0.04076508805155754,0.15708595514297485,
poison/poispps/datapoisppspar/poisauth_pps_3e5d58c6.csv,ok,301,11,0,authentic,3,modified_position,0.7084111571311951,all_windows,qualified_attack_window,11,2,0.18181818181818182,False,0.6945417523384094,0.9687418341636658,0.1121392473578453,0.06977887451648712,0.7084111571311951,0.9687418341636658,0.1121392473578453,0.06977887451648712,0.7084111571311951,
poison/poispps/datapoisppspar/poisauth_pps_3e626c7b.csv,ok,281,10,0,authentic,0,authentic,0.9727098941802979,all_windows,no_qualified_attack_window,10,0,0.0,True,0.9024066925048828,0.9727098941802979,0.09554552286863327,0.050254255533218384,0.04674132168292999,0.9727098941802979,0.09554552286863327,0.050254255533218384,0.04674132168292999,
poison/poispps/datapoisppspar/poisauth_pps_3e6850ee.csv,ok,292,11,0,authentic,0,authentic,0.9853775501251221,all_windows,no_qualified_attack_window,11,0,0.0,True,0.9402058124542236,0.9853775501251221,0.0473986491560936,0.026557467877864838,0.03943723812699318,0.9853775501251221,0.0473986491560936,0.026557467877864838,0.03943723812699318,
poison/poispps/datapoisppspar/poisauth_pps_3e68c61a.csv,ok,455,21,0,authentic,0,authentic,0.994316041469574,all_windows,no_qualified_attack_window,21,0,0.0,True,0.9463315606117249,0.994316041469574,0.062977135181427,0.030314167961478233,0.04639527574181557,0.994316041469574,0.062977135181427,0.030314167961478233,0.04639527574181557,
poison/poispps/datapoisppspar/poisauth_pps_3e68fe2b.csv,ok,390,17,0,authentic,0,authentic,0.9829254746437073,all_windows,no_qualified_attack_window,17,0,0.0,True,0.9382851719856262,0.9829254746437073,0.04843384400010109,0.027385244145989418,0.07132312655448914,0.9829254746437073,0.04843384400010109,0.027385244145989418,0.07132312655448914,
poison/poispps/datapoisppspar/poisauth_pps_3e6a9fd2.csv,ok,435,20,0,authentic,0,authentic,0.9811496138572693,all_windows,no_qualified_attack_window,20,0,0.0,True,0.9084030389785767,0.9811496138572693,0.12187095731496811,0.07902444899082184,0.15120644867420197,0.9811496138572693,0.12187095731496811,0.07902444899082184,0.15120644867420197,
poison/poispps/datapoisppspar/poisauth_pps_3e6d76dc.csv,ok,366,15,0,authentic,0,authentic,0.9870836734771729,all_windows,no_qualified_attack_window,15,0,0.0,True,0.9475918412208557,0.9870836734771729,0.05816102400422096,0.031135626137256622,0.05290106683969498,0.9870836734771729,0.05816102400422096,0.031135626137256622,0.05290106683969498,
poison/poispps/datapoisppspar/poisauth_pps_3e7390c7.csv,ok,489,23,0,authentic,0,authentic,0.9842599630355835,all_windows,no_qualified_attack_window,23,0,0.0,True,0.9387454986572266,0.9842599630355835,0.06399606168270111,0.03674273565411568,0.03621457517147064,0.9842599630355835,0.06399606168270111,0.03674273565411568,0.03621457517147064,
poison/poispps/datapoisppspar/poisauth_pps_3e74e618.csv,ok,479,22,0,authentic,0,authentic,0.9907081127166748,all_windows,no_qualified_attack_window,22,0,0.0,True,0.9502052664756775,0.9907081127166748,0.056674472987651825,0.035274166613817215,0.08986528217792511,0.9907081127166748,0.056674472987651825,0.035274166613817215,0.08986528217792511,
poison/poispps/datapoisppspar/poisauth_pps_3e7fed81.csv,ok,329,13,0,authentic,0,authentic,0.9802420139312744,all_windows,no_qualified_attack_window,13,0,0.0,True,0.923434317111969,0.9802420139312744,0.06907840818166733,0.04539589211344719,0.04736439883708954,0.9802420139312744,0.06907840818166733,0.04539589211344719,0.04736439883708954,
poison/poispps/datapoisppspar/poisauth_pps_3e82b0f2.csv,ok,316,12,0,authentic,0,authentic,0.9888186454772949,all_windows,no_qualified_attack_window,12,0,0.0,True,0.9223406910896301,0.9888186454772949,0.06512483954429626,0.03957032784819603,0.04958294704556465,0.9888186454772949,0.06512483954429626,0.03957032784819603,0.04958294704556465,
poison/poispps/datapoisppspar/poisauth_pps_3e86cbf8.csv,ok,269,9,0,authentic,0,authentic,0.9695879817008972,all_windows,no_qualified_attack_window,9,0,0.0,True,0.9065939784049988,0.9695879817008972,0.09512420743703842,0.04096116125583649,0.03872988373041153,0.9695879817008972,0.09512420743703842,0.04096116125583649,0.03872988373041153,
poison/poispps/datapoisppspar/poisauth_pps_3e881e55.csv,ok,275,10,0,authentic,0,authentic,0.979380190372467,all_windows,no_qualified_attack_window,10,0,0.0,True,0.80762779712677,0.979380190372467,0.07252516597509384,0.04420505464076996,0.32676824927330017,0.979380190372467,0.07252516597509384,0.04420505464076996,0.32676824927330017,
poison/poispps/datapoisppspar/poisauth_pps_3e8af529.csv,ok,317,12,0,authentic,0,authentic,0.9787334203720093,all_windows,no_qualified_attack_window,12,0,0.0,True,0.9360678791999817,0.9787334203720093,0.04352790489792824,0.026286810636520386,0.037426941096782684,0.9787334203720093,0.04352790489792824,0.026286810636520386,0.037426941096782684,
poison/poispps/datapoisppspar/poisauth_pps_3e8b84a2.csv,ok,436,20,0,authentic,0,authentic,0.9874451756477356,all_windows,no_qualified_attack_window,20,0,0.0,True,0.9397029876708984,0.9874451756477356,0.059248801320791245,0.03313599154353142,0.054511453956365585,0.9874451756477356,0.059248801320791245,0.03313599154353142,0.054511453956365585,
poison/poispps/datapoisppspar/poisauth_pps_3e8e6711.csv,ok,306,12,0,authentic,0,authentic,0.9857400059700012,all_windows,no_qualified_attack_window,12,0,0.0,True,0.9109227061271667,0.9857400059700012,0.07228904962539673,0.04145047068595886,0.06361600756645203,0.9857400059700012,0.07228904962539673,0.04145047068595886,0.06361600756645203,
poison/poispps/datapoisppspar/poisauth_pps_3e96ab36.csv,ok,413,18,0,authentic,0,authentic,0.9834007024765015,all_windows,no_qualified_attack_window,18,0,0.0,True,0.9208914637565613,0.9834007024765015,0.05289331451058388,0.07135685533285141,0.1458965688943863,0.9834007024765015,0.05289331451058388,0.07135685533285141,0.1458965688943863,
poison/poispps/datapoisppspar/poisauth_pps_3e9ac6c9.csv,ok,269,9,0,authentic,0,authentic,0.9754905104637146,all_windows,no_qualified_attack_window,9,0,0.0,True,0.927463948726654,0.9754905104637146,0.04159929230809212,0.027734912931919098,0.03527434542775154,0.9754905104637146,0.04159929230809212,0.027734912931919098,0.03527434542775154,
poison/poispps/datapoisppspar/poisauth_pps_3eafacef.csv,ok,291,11,0,authentic,0,authentic,0.9608437418937683,all_windows,no_qualified_attack_window,11,0,0.0,True,0.9085564017295837,0.9608437418937683,0.06291979551315308,0.05510203540325165,0.05963682010769844,0.9608437418937683,0.06291979551315308,0.05510203540325165,0.05963682010769844,
poison/poispps/datapoisppspar/poisauth_pps_3eb09bc0.csv,ok,424,19,0,authentic,0,authentic,0.9853593111038208,all_windows,no_qualified_attack_window,19,0,0.0,True,0.9310317039489746,0.9853593111038208,0.08893024921417236,0.04753246158361435,0.03958193212747574,0.9853593111038208,0.08893024921417236,0.04753246158361435,0.03958193212747574,
poison/poispps/datapoisppspar/poisauth_pps_3eb1065d.csv,ok,331,13,0,authentic,0,authentic,0.9774814248085022,all_windows,no_qualified_attack_window,13,0,0.0,True,0.8800933361053467,0.9774814248085022,0.13662859797477722,0.21371543407440186,0.09777441620826721,0.9774814248085022,0.13662859797477722,0.21371543407440186,0.09777441620826721,
poison/poispps/datapoisppspar/poisauth_pps_3eb144d3.csv,ok,319,12,0,authentic,0,authentic,0.9812701344490051,all_windows,no_qualified_attack_window,12,0,0.0,True,0.9386921525001526,0.9812701344490051,0.05438752844929695,0.02993771992623806,0.04151967167854309,0.9812701344490051,0.05438752844929695,0.02993771992623806,0.04151967167854309,
poison/poispps/datapoisppspar/poisauth_pps_3eb4b51d.csv,ok,353,15,0,authentic,0,authentic,0.9820592999458313,all_windows,no_qualified_attack_window,15,0,0.0,True,0.9509743452072144,0.9820592999458313,0.039580367505550385,0.029148370027542114,0.03150595724582672,0.9820592999458313,0.039580367505550385,0.029148370027542114,0.03150595724582672,
poison/poispps/datapoisppspar/poisauth_pps_3eb4c033.csv,ok,327,13,0,authentic,0,authentic,0.9886876940727234,all_windows,no_qualified_attack_window,13,0,0.0,True,0.9390527009963989,0.9886876940727234,0.06298842281103134,0.03369630128145218,0.05885221064090729,0.9886876940727234,0.06298842281103134,0.03369630128145218,0.05885221064090729,
poison/poispps/datapoisppspar/poisauth_pps_3eb7532e.csv,ok,373,16,0,authentic,0,authentic,0.9844563007354736,all_windows,no_qualified_attack_window,16,0,0.0,True,0.9502851963043213,0.9844563007354736,0.05235666036605835,0.04150497913360596,0.03424922004342079,0.9844563007354736,0.05235666036605835,0.04150497913360596,0.03424922004342079,
poison/poispps/datapoisppspar/poisauth_pps_3eb8c0d5.csv,ok,429,19,0,authentic,0,authentic,0.9920951724052429,all_windows,no_qualified_attack_window,19,0,0.0,True,0.9426354765892029,0.9920951724052429,0.06138911098241806,0.03531429544091225,0.06562341004610062,0.9920951724052429,0.06138911098241806,0.03531429544091225,0.06562341004610062,
poison/poispps/datapoisppspar/poisauth_pps_3ebbb2d4.csv,ok,434,20,0,authentic,0,authentic,0.9857825636863708,all_windows,no_qualified_attack_window,20,0,0.0,True,0.9328773617744446,0.9857825636863708,0.07731786370277405,0.08168788999319077,0.05449855700135231,0.9857825636863708,0.07731786370277405,0.08168788999319077,0.05449855700135231,
poison/poispps/datapoisppspar/poisauth_pps_3ebbed5a.csv,ok,382,16,0,authentic,0,authentic,0.9890415072441101,all_windows,no_qualified_attack_window,16,0,0.0,True,0.9402695894241333,0.9890415072441101,0.06807214021682739,0.046133704483509064,0.04827684536576271,0.9890415072441101,0.06807214021682739,0.046133704483509064,0.04827684536576271,
poison/poispps/datapoisppspar/poisauth_pps_3ebc63e3.csv,ok,468,22,0,authentic,0,authentic,0.9877455830574036,all_windows,no_qualified_attack_window,22,0,0.0,True,0.949729859828949,0.9877455830574036,0.0463612899184227,0.03185547888278961,0.035850394517183304,0.9877455830574036,0.0463612899184227,0.03185547888278961,0.035850394517183304,
poison/poispps/datapoisppspar/poisauth_pps_3ec01280.csv,ok,412,18,0,authentic,0,authentic,0.9860420227050781,all_windows,no_qualified_attack_window,18,0,0.0,True,0.9587387442588806,0.9860420227050781,0.03390616178512573,0.027761340141296387,0.03711877390742302,0.9860420227050781,0.03390616178512573,0.027761340141296387,0.03711877390742302,
poison/poispps/datapoisppspar/poisauth_pps_3ec015d8.csv,ok,429,19,0,authentic,0,authentic,0.9894376397132874,all_windows,no_qualified_attack_window,19,0,0.0,True,0.9575124979019165,0.9894376397132874,0.041850682348012924,0.025892753154039383,0.04495113343000412,0.9894376397132874,0.041850682348012924,0.025892753154039383,0.04495113343000412,
poison/poispps/datapoisppspar/poisauth_pps_3ec27b98.csv,ok,461,21,0,authentic,0,authentic,0.9847459197044373,all_windows,no_qualified_attack_window,21,0,0.0,True,0.9455333948135376,0.9847459197044373,0.05859258398413658,0.0388592891395092,0.04709647223353386,0.9847459197044373,0.05859258398413658,0.0388592891395092,0.04709647223353386,
poison/poispps/datapoisppspar/poisauth_pps_3ec6b3c3.csv,ok,358,15,0,authentic,0,authentic,0.9876017570495605,all_windows,no_qualified_attack_window,15,0,0.0,True,0.9499197006225586,0.9876017570495605,0.04235098138451576,0.0288796778768301,0.028293156996369362,0.9876017570495605,0.04235098138451576,0.0288796778768301,0.028293156996369362,
poison/poispps/datapoisppspar/poisauth_pps_3ec95ad2.csv,ok,255,8,0,authentic,0,authentic,0.9605586528778076,all_windows,no_qualified_attack_window,8,0,0.0,True,0.9199157953262329,0.9605586528778076,0.05834304168820381,0.03725675493478775,0.035360950976610184,0.9605586528778076,0.05834304168820381,0.03725675493478775,0.035360950976610184,
poison/poispps/datapoisppspar/poisauth_pps_3ec9602e.csv,ok,279,10,0,authentic,0,authentic,0.9571626782417297,all_windows,no_qualified_attack_window,10,0,0.0,True,0.9059569239616394,0.9571626782417297,0.05822853371500969,0.03760862722992897,0.045442599803209305,0.9571626782417297,0.05822853371500969,0.03760862722992897,0.045442599803209305,
poison/poispps/datapoisppspar/poisauth_pps_3ecf1d5f.csv,ok,314,12,0,authentic,0,authentic,0.9940001368522644,all_windows,no_qualified_attack_window,12,0,0.0,True,0.9419098496437073,0.9940001368522644,0.04979434981942177,0.0289873406291008,0.044915881007909775,0.9940001368522644,0.04979434981942177,0.0289873406291008,0.044915881007909775,
poison/poispps/datapoisppspar/poisauth_pps_3ed3b719.csv,ok,272,10,0,authentic,0,authentic,0.9816407561302185,all_windows,no_qualified_attack_window,10,0,0.0,True,0.9200893640518188,0.9816407561302185,0.058819480240345,0.043394286185503006,0.03991738334298134,0.9816407561302185,0.058819480240345,0.043394286185503006,0.03991738334298134,
poison/poispps/datapoisppspar/poisauth_pps_3ed7dd02.csv,ok,320,13,0,authentic,0,authentic,0.9876996278762817,all_windows,no_qualified_attack_window,13,0,0.0,True,0.9372004270553589,0.9876996278762817,0.05329815670847893,0.035783976316452026,0.04223128408193588,0.9876996278762817,0.05329815670847893,0.035783976316452026,0.04223128408193588,
poison/poispps/datapoisppspar/poisauth_pps_3edabb6e.csv,ok,445,20,0,authentic,0,authentic,0.9846401214599609,all_windows,no_qualified_attack_window,20,0,0.0,True,0.9487559199333191,0.9846401214599609,0.043596845120191574,0.026131480932235718,0.03694573789834976,0.9846401214599609,0.043596845120191574,0.026131480932235718,0.03694573789834976,
poison/poispps/datapoisppspar/poisauth_pps_3edb74ff.csv,ok,476,22,0,authentic,0,authentic,0.983268141746521,all_windows,no_qualified_attack_window,22,0,0.0,True,0.9466248154640198,0.983268141746521,0.05405673384666443,0.03689223527908325,0.0373581163585186,0.983268141746521,0.05405673384666443,0.03689223527908325,0.0373581163585186,
poison/poispps/datapoisppspar/poisauth_pps_3edf291e.csv,ok,441,20,0,authentic,0,authentic,0.9867029786109924,all_windows,no_qualified_attack_window,20,0,0.0,True,0.9444766044616699,0.9867029786109924,0.06460535526275635,0.03486555442214012,0.06661728769540787,0.9867029786109924,0.06460535526275635,0.03486555442214012,0.06661728769540787,
poison/poispps/datapoisppspar/poisauth_pps_3ee7b137.csv,ok,263,9,0,authentic,0,authentic,0.9520442485809326,all_windows,no_qualified_attack_window,9,0,0.0,True,0.7743011713027954,0.9520442485809326,0.3516509532928467,0.06443498283624649,0.2420305609703064,0.9520442485809326,0.3516509532928467,0.06443498283624649,0.2420305609703064,
poison/poispps/datapoisppspar/poisauth_pps_3eeb9529.csv,ok,281,10,0,authentic,0,authentic,0.9682521224021912,all_windows,no_qualified_attack_window,10,0,0.0,True,0.8759669065475464,0.9682521224021912,0.1126365065574646,0.04474305361509323,0.055422283709049225,0.9682521224021912,0.1126365065574646,0.04474305361509323,0.055422283709049225,
poison/poispps/datapoisppspar/poisauth_pps_3ef6a156.csv,ok,430,19,0,authentic,0,authentic,0.9752288460731506,all_windows,no_qualified_attack_window,19,0,0.0,True,0.9404342770576477,0.9752288460731506,0.0502932071685791,0.02992064133286476,0.04681643098592758,0.9752288460731506,0.0502932071685791,0.02992064133286476,0.04681643098592758,
poison/poispps/datapoisppspar/poisauth_pps_3ef78af1.csv,ok,367,15,0,authentic,0,authentic,0.9940780401229858,all_windows,no_qualified_attack_window,15,0,0.0,True,0.9480903744697571,0.9940780401229858,0.0549340546131134,0.03529050946235657,0.05222645774483681,0.9940780401229858,0.0549340546131134,0.03529050946235657,0.05222645774483681,
poison/poispps/datapoisppspar/poisauth_pps_3ef9b50e.csv,ok,339,14,0,authentic,0,authentic,0.991270899772644,all_windows,no_qualified_attack_window,14,0,0.0,True,0.8377419114112854,0.991270899772644,0.09162191301584244,0.046542759984731674,0.4364875853061676,0.991270899772644,0.09162191301584244,0.046542759984731674,0.4364875853061676,
poison/poispps/datapoisppspar/poisauth_pps_3efd6222.csv,ok,270,9,0,authentic,0,authentic,0.9715445041656494,all_windows,no_qualified_attack_window,9,0,0.0,True,0.7952945232391357,0.9715445041656494,0.16732820868492126,0.3821556568145752,0.06657679378986359,0.9715445041656494,0.16732820868492126,0.3821556568145752,0.06657679378986359,
poison/poispps/datapoisppspar/poisauth_pps_3f0618cd.csv,ok,405,18,0,authentic,0,authentic,0.9914699792861938,all_windows,no_qualified_attack_window,18,0,0.0,True,0.9518966674804688,0.9914699792861938,0.046663712710142136,0.03539939597249031,0.052402328699827194,0.9914699792861938,0.046663712710142136,0.03539939597249031,0.052402328699827194,
poison/poispps/datapoisppspar/poisauth_pps_3f071cd8.csv,ok,341,14,0,authentic,0,authentic,0.9835910201072693,all_windows,no_qualified_attack_window,14,0,0.0,True,0.9202542901039124,0.9835910201072693,0.07316482067108154,0.03685949370265007,0.04772523045539856,0.9835910201072693,0.07316482067108154,0.03685949370265007,0.04772523045539856,
poison/poispps/datapoisppspar/poisauth_pps_3f092b29.csv,ok,301,11,0,authentic,0,authentic,0.9933638572692871,all_windows,no_qualified_attack_window,11,0,0.0,True,0.9187008142471313,0.9933638572692871,0.07435251027345657,0.044082075357437134,0.07012715190649033,0.9933638572692871,0.07435251027345657,0.044082075357437134,0.07012715190649033,
poison/poispps/datapoisppspar/poisauth_pps_3f0a952f.csv,ok,291,11,0,authentic,0,authentic,0.9780195951461792,all_windows,no_qualified_attack_window,11,0,0.0,True,0.9305515289306641,0.9780195951461792,0.04341336339712143,0.03025536797940731,0.03848116844892502,0.9780195951461792,0.04341336339712143,0.03025536797940731,0.03848116844892502,
poison/poispps/datapoisppspar/poisauth_pps_3f0a9ef6.csv,ok,423,19,0,authentic,0,authentic,0.9841736555099487,all_windows,no_qualified_attack_window,19,0,0.0,True,0.9374850392341614,0.9841736555099487,0.06132993847131729,0.0424838550388813,0.07340560108423233,0.9841736555099487,0.06132993847131729,0.0424838550388813,0.07340560108423233,
poison/poispps/datapoisppspar/poisauth_pps_3f0e5812.csv,ok,337,14,0,authentic,0,authentic,0.9776238799095154,all_windows,no_qualified_attack_window,14,0,0.0,True,0.9208908677101135,0.9776238799095154,0.08316062390804291,0.061491820961236954,0.038039419800043106,0.9776238799095154,0.08316062390804291,0.061491820961236954,0.038039419800043106,
poison/poispps/datapoisppspar/poisauth_pps_3f0e8a5a.csv,ok,372,16,0,authentic,0,authentic,0.9753750562667847,all_windows,no_qualified_attack_window,16,0,0.0,True,0.8917791843414307,0.9753750562667847,0.12097937613725662,0.06477739661931992,0.07281861454248428,0.9753750562667847,0.12097937613725662,0.06477739661931992,0.07281861454248428,
poison/poispps/datapoisppspar/poisauth_pps_3f0eaf7c.csv,ok,387,17,0,authentic,2,modified_speed,0.9957043528556824,all_windows,qualified_attack_window,17,1,0.058823529411764705,False,0.8269505500793457,0.9610055685043335,0.07226919382810593,0.9957043528556824,0.10810676217079163,0.9610055685043335,0.07226919382810593,0.9957043528556824,0.10810676217079163,
poison/poispps/datapoisppspar/poisauth_pps_3f10986f.csv,ok,289,11,0,authentic,0,authentic,0.9845161437988281,all_windows,no_qualified_attack_window,11,0,0.0,True,0.9243889451026917,0.9845161437988281,0.05541028454899788,0.03318207710981369,0.05914822965860367,0.9845161437988281,0.05541028454899788,0.03318207710981369,0.05914822965860367,
poison/poispps/datapoisppspar/poisauth_pps_3f11f85c.csv,ok,278,10,0,authentic,0,authentic,0.9791039228439331,all_windows,no_qualified_attack_window,10,0,0.0,True,0.9257022142410278,0.9791039228439331,0.05551238730549812,0.03181993216276169,0.04902753606438637,0.9791039228439331,0.05551238730549812,0.03181993216276169,0.04902753606438637,
poison/poispps/datapoisppspar/poisauth_pps_3f150622.csv,ok,334,13,0,authentic,0,authentic,0.9787617325782776,all_windows,no_qualified_attack_window,13,0,0.0,True,0.9320353865623474,0.9787617325782776,0.04180606082081795,0.03263416886329651,0.05272757634520531,0.9787617325782776,0.04180606082081795,0.03263416886329651,0.05272757634520531,
poison/poispps/datapoisppspar/poisauth_pps_3f181dad.csv,ok,242,8,0,authentic,0,authentic,0.9253448247909546,all_windows,no_qualified_attack_window,8,0,0.0,True,0.8472943305969238,0.9253448247909546,0.08772880584001541,0.04129257798194885,0.08955306559801102,0.9253448247909546,0.08772880584001541,0.04129257798194885,0.08955306559801102,
poison/poispps/datapoisppspar/poisauth_pps_3f18d38a.csv,ok,614,31,0,authentic,0,authentic,0.9976731538772583,all_windows,no_qualified_attack_window,31,0,0.0,True,0.9602793455123901,0.9976731538772583,0.085273377597332,0.03240710124373436,0.0637253075838089,0.9976731538772583,0.085273377597332,0.03240710124373436,0.0637253075838089,
poison/poispps/datapoisppspar/poisauth_pps_3f1976b1.csv,ok,325,13,0,authentic,0,authentic,0.9856869578361511,all_windows,no_qualified_attack_window,13,0,0.0,True,0.942812979221344,0.9856869578361511,0.04168562591075897,0.026658108457922935,0.0547262541949749,0.9856869578361511,0.04168562591075897,0.026658108457922935,0.0547262541949749,
poison/poispps/datapoisppspar/poisauth_pps_3f19a49f.csv,ok,398,17,0,authentic,0,authentic,0.9858673214912415,all_windows,no_qualified_attack_window,17,0,0.0,True,0.9179268479347229,0.9858673214912415,0.45250165462493896,0.024101726710796356,0.033698953688144684,0.9858673214912415,0.45250165462493896,0.024101726710796356,0.033698953688144684,
poison/poispps/datapoisppspar/poisauth_pps_3f1c255d.csv,ok,287,10,0,authentic,0,authentic,0.9930523633956909,all_windows,no_qualified_attack_window,10,0,0.0,True,0.9139662981033325,0.9930523633956909,0.06733330339193344,0.0630529448390007,0.047424573451280594,0.9930523633956909,0.06733330339193344,0.0630529448390007,0.047424573451280594,
poison/poispps/datapoisppspar/poisauth_pps_3f1c4ede.csv,ok,241,8,0,authentic,0,authentic,0.9666699171066284,all_windows,no_qualified_attack_window,8,0,0.0,True,0.9126214385032654,0.9666699171066284,0.052354082465171814,0.029399851337075233,0.03761163353919983,0.9666699171066284,0.052354082465171814,0.029399851337075233,0.03761163353919983,
poison/poispps/datapoisppspar/poisauth_pps_3f1e5295.csv,ok,363,15,0,authentic,0,authentic,0.9883935451507568,all_windows,no_qualified_attack_window,15,0,0.0,True,0.9243406653404236,0.9883935451507568,0.07981867343187332,0.0486796498298645,0.04289522394537926,0.9883935451507568,0.07981867343187332,0.0486796498298645,0.04289522394537926,
poison/poispps/datapoisppspar/poisauth_pps_3f21c272.csv,ok,479,22,0,authentic,0,authentic,0.9957870841026306,all_windows,no_qualified_attack_window,22,0,0.0,True,0.9545705318450928,0.9957870841026306,0.04338476434350014,0.025052009150385857,0.08122694492340088,0.9957870841026306,0.04338476434350014,0.025052009150385857,0.08122694492340088,
poison/poispps/datapoisppspar/poisauth_pps_3f21e416.csv,ok,333,13,0,authentic,0,authentic,0.9884310960769653,all_windows,no_qualified_attack_window,13,0,0.0,True,0.9346886873245239,0.9884310960769653,0.06477095186710358,0.03475748375058174,0.05066458880901337,0.9884310960769653,0.06477095186710358,0.03475748375058174,0.05066458880901337,
poison/poispps/datapoisppspar/poisauth_pps_3f22ddbb.csv,ok,325,13,0,authentic,2,modified_speed,0.9957426190376282,all_windows,qualified_attack_window,13,1,0.07692307692307693,False,0.8477680683135986,0.9885543584823608,0.1089116707444191,0.9957426190376282,0.05466562882065773,0.9885543584823608,0.1089116707444191,0.9957426190376282,0.05466562882065773,
poison/poispps/datapoisppspar/poisauth_pps_3f254422.csv,ok,246,8,0,authentic,0,authentic,0.9633153080940247,all_windows,no_qualified_attack_window,8,0,0.0,True,0.8877526521682739,0.9633153080940247,0.1076902449131012,0.03081599250435829,0.05390795320272446,0.9633153080940247,0.1076902449131012,0.03081599250435829,0.05390795320272446,
poison/poispps/datapoisppspar/poisauth_pps_3f2f38e4.csv,ok,380,16,0,authentic,0,authentic,0.9817801713943481,all_windows,no_qualified_attack_window,16,0,0.0,True,0.9433201551437378,0.9817801713943481,0.047754425555467606,0.029538733884692192,0.04089835658669472,0.9817801713943481,0.047754425555467606,0.029538733884692192,0.04089835658669472,
poison/poispps/datapoisppspar/poisauth_pps_3f314db7.csv,ok,327,13,0,authentic,0,authentic,0.9818437099456787,all_windows,no_qualified_attack_window,13,0,0.0,True,0.9029462337493896,0.9818437099456787,0.08107894659042358,0.06950127333402634,0.04953524097800255,0.9818437099456787,0.08107894659042358,0.06950127333402634,0.04953524097800255,
poison/poispps/datapoisppspar/poisauth_pps_3f326c32.csv,ok,307,12,0,authentic,0,authentic,0.9686192870140076,all_windows,no_qualified_attack_window,12,0,0.0,True,0.9291741251945496,0.9686192870140076,0.04216102883219719,0.033030688762664795,0.0467287115752697,0.9686192870140076,0.04216102883219719,0.033030688762664795,0.0467287115752697,
poison/poispps/datapoisppspar/poisauth_pps_3f35aa6c.csv,ok,440,20,0,authentic,0,authentic,0.9891281127929688,all_windows,no_qualified_attack_window,20,0,0.0,True,0.9401131868362427,0.9891281127929688,0.0845138281583786,0.03559049218893051,0.04946329444646835,0.9891281127929688,0.0845138281583786,0.03559049218893051,0.04946329444646835,
poison/poispps/datapoisppspar/poisauth_pps_3f35e08f.csv,ok,432,20,0,authentic,0,authentic,0.980418860912323,all_windows,no_qualified_attack_window,20,0,0.0,True,0.948161244392395,0.980418860912323,0.042569633573293686,0.030579792335629463,0.04098464921116829,0.980418860912323,0.042569633573293686,0.030579792335629463,0.04098464921116829,
poison/poispps/datapoisppspar/poisauth_pps_3f369ee5.csv,ok,403,18,0,authentic,0,authentic,0.9901109933853149,all_windows,no_qualified_attack_window,18,0,0.0,True,0.9524216055870056,0.9901109933853149,0.05461927130818367,0.030262822285294533,0.038736458867788315,0.9901109933853149,0.05461927130818367,0.030262822285294533,0.038736458867788315,
poison/poispps/datapoisppspar/poisauth_pps_3f3a0618.csv,ok,393,17,0,authentic,0,authentic,0.9904550313949585,all_windows,no_qualified_attack_window,17,0,0.0,True,0.9330113530158997,0.9904550313949585,0.0824660137295723,0.04552966356277466,0.06913008540868759,0.9904550313949585,0.0824660137295723,0.04552966356277466,0.06913008540868759,
poison/poispps/datapoisppspar/poisauth_pps_3f3a6a75.csv,ok,287,10,0,authentic,0,authentic,0.9810465574264526,all_windows,no_qualified_attack_window,10,0,0.0,True,0.9213815927505493,0.9810465574264526,0.05805885046720505,0.03456490486860275,0.03550855815410614,0.9810465574264526,0.05805885046720505,0.03456490486860275,0.03550855815410614,
poison/poispps/datapoisppspar/poisauth_pps_3f3ae357.csv,ok,248,8,0,authentic,0,authentic,0.976421594619751,all_windows,no_qualified_attack_window,8,0,0.0,True,0.9306044578552246,0.976421594619751,0.04684585705399513,0.02739953063428402,0.03582088276743889,0.976421594619751,0.04684585705399513,0.02739953063428402,0.03582088276743889,
poison/poispps/datapoisppspar/poisauth_pps_3f3d4a17.csv,ok,245,8,0,authentic,0,authentic,0.9589435458183289,all_windows,no_qualified_attack_window,8,0,0.0,True,0.8976594805717468,0.9589435458183289,0.0884220153093338,0.040249425917863846,0.040198422968387604,0.9589435458183289,0.0884220153093338,0.040249425917863846,0.040198422968387604,
poison/poispps/datapoisppspar/poisauth_pps_3f3eb60d.csv,ok,336,14,0,authentic,0,authentic,0.9823637008666992,all_windows,no_qualified_attack_window,14,0,0.0,True,0.9334338903427124,0.9823637008666992,0.06242265924811363,0.03393527492880821,0.04389381781220436,0.9823637008666992,0.06242265924811363,0.03393527492880821,0.04389381781220436,
poison/poispps/datapoisppspar/poisauth_pps_3f3ed080.csv,ok,299,11,0,authentic,0,authentic,0.9726702570915222,all_windows,no_qualified_attack_window,11,0,0.0,True,0.9187872409820557,0.9726702570915222,0.050022974610328674,0.035984061658382416,0.10936976969242096,0.9726702570915222,0.050022974610328674,0.035984061658382416,0.10936976969242096,
poison/poispps/datapoisppspar/poisauth_pps_3f41a9e4.csv,ok,313,12,0,authentic,0,authentic,0.9818204641342163,all_windows,no_qualified_attack_window,12,0,0.0,True,0.916469156742096,0.9818204641342163,0.07925194501876831,0.039722803980112076,0.047243840992450714,0.9818204641342163,0.07925194501876831,0.039722803980112076,0.047243840992450714,
poison/poispps/datapoisppspar/poisauth_pps_3f437085.csv,ok,274,10,0,authentic,0,authentic,0.9666434526443481,all_windows,no_qualified_attack_window,10,0,0.0,True,0.9182596206665039,0.9666434526443481,0.05501658096909523,0.03726784884929657,0.03442399948835373,0.9666434526443481,0.05501658096909523,0.03726784884929657,0.03442399948835373,
poison/poispps/datapoisppspar/poisauth_pps_3f45ef37.csv,ok,248,8,0,authentic,0,authentic,0.9555786848068237,all_windows,no_qualified_attack_window,8,0,0.0,True,0.9249895811080933,0.9555786848068237,0.04219794645905495,0.03508664295077324,0.033073846250772476,0.9555786848068237,0.04219794645905495,0.03508664295077324,0.033073846250772476,
poison/poispps/datapoisppspar/poisauth_pps_3f474a36.csv,ok,269,9,0,authentic,0,authentic,0.9692614674568176,all_windows,no_qualified_attack_window,9,0,0.0,True,0.9227726459503174,0.9692614674568176,0.05094009265303612,0.03125113621354103,0.03886229172348976,0.9692614674568176,0.05094009265303612,0.03125113621354103,0.03886229172348976,
poison/poispps/datapoisppspar/poisauth_pps_3f4a8aff.csv,ok,401,18,0,authentic,0,authentic,0.9791667461395264,all_windows,no_qualified_attack_window,18,0,0.0,True,0.9475329518318176,0.9791667461395264,0.0482642836868763,0.031219812110066414,0.03444577381014824,0.9791667461395264,0.0482642836868763,0.031219812110066414,0.03444577381014824,
poison/poispps/datapoisppspar/poisauth_pps_3f4b144a.csv,ok,311,12,0,authentic,0,authentic,0.986693799495697,all_windows,no_qualified_attack_window,12,0,0.0,True,0.9308607578277588,0.986693799495697,0.05929708108305931,0.03507252782583237,0.04326212406158447,0.986693799495697,0.05929708108305931,0.03507252782583237,0.04326212406158447,
poison/poispps/datapoisppspar/poisauth_pps_3f4b60b3.csv,ok,309,12,0,authentic,3,modified_position,0.45992887020111084,all_windows,qualified_attack_window,12,1,0.08333333333333333,False,0.8339290618896484,0.9780611395835876,0.051471855491399765,0.09275570511817932,0.45992887020111084,0.9780611395835876,0.051471855491399765,0.09275570511817932,0.45992887020111084,
poison/poispps/datapoisppspar/poisauth_pps_3f52629f.csv,ok,378,16,0,authentic,0,authentic,0.9852442145347595,all_windows,no_qualified_attack_window,16,0,0.0,True,0.934001088142395,0.9852442145347595,0.08586587011814117,0.0402512326836586,0.051567524671554565,0.9852442145347595,0.08586587011814117,0.0402512326836586,0.051567524671554565,
poison/poispps/datapoisppspar/poisauth_pps_3f530227.csv,ok,427,19,0,authentic,0,authentic,0.9882505536079407,all_windows,no_qualified_attack_window,19,0,0.0,True,0.9396965503692627,0.9882505536079407,0.059540923684835434,0.04056060314178467,0.0404132641851902,0.9882505536079407,0.059540923684835434,0.04056060314178467,0.0404132641851902,
poison/poispps/datapoisppspar/poisauth_pps_3f556511.csv,ok,281,10,0,authentic,0,authentic,0.9898808002471924,all_windows,no_qualified_attack_window,10,0,0.0,True,0.9238651394844055,0.9898808002471924,0.0579022653400898,0.029409602284431458,0.04920783266425133,0.9898808002471924,0.0579022653400898,0.029409602284431458,0.04920783266425133,
poison/poispps/datapoisppspar/poisauth_pps_3f5a9b5e.csv,ok,265,9,0,authentic,0,authentic,0.9534048438072205,all_windows,no_qualified_attack_window,9,0,0.0,True,0.8623355031013489,0.9534048438072205,0.10223059356212616,0.04842248186469078,0.08193950355052948,0.9534048438072205,0.10223059356212616,0.04842248186469078,0.08193950355052948,
poison/poispps/datapoisppspar/poisauth_pps_3f5acae1.csv,ok,476,22,0,authentic,0,authentic,0.9898563623428345,all_windows,no_qualified_attack_window,22,0,0.0,True,0.9518697261810303,0.9898563623428345,0.05084032565355301,0.03308483585715294,0.044850535690784454,0.9898563623428345,0.05084032565355301,0.03308483585715294,0.044850535690784454,
poison/poispps/datapoisppspar/poisauth_pps_3f5f176f.csv,ok,412,18,0,authentic,0,authentic,0.9847845435142517,all_windows,no_qualified_attack_window,18,0,0.0,True,0.9389257431030273,0.9847845435142517,0.06370288133621216,0.029788771644234657,0.055012818425893784,0.9847845435142517,0.06370288133621216,0.029788771644234657,0.055012818425893784,
poison/poispps/datapoisppspar/poisauth_pps_3f5fc518.csv,ok,320,13,0,authentic,0,authentic,0.9827389121055603,all_windows,no_qualified_attack_window,13,0,0.0,True,0.9287220239639282,0.9827389121055603,0.05498998612165451,0.03763028606772423,0.07576353847980499,0.9827389121055603,0.05498998612165451,0.03763028606772423,0.07576353847980499,
poison/poispps/datapoisppspar/poisauth_pps_3f63398e.csv,ok,426,19,0,authentic,0,authentic,0.9901421070098877,all_windows,no_qualified_attack_window,19,0,0.0,True,0.9425690174102783,0.9901421070098877,0.04130745679140091,0.03176480531692505,0.051755718886852264,0.9901421070098877,0.04130745679140091,0.03176480531692505,0.051755718886852264,
poison/poispps/datapoisppspar/poisauth_pps_3f643d6d.csv,ok,284,10,0,authentic,0,authentic,0.9559049606323242,all_windows,no_qualified_attack_window,10,0,0.0,True,0.8948542475700378,0.9559049606323242,0.06816506385803223,0.0525548942387104,0.06418750435113907,0.9559049606323242,0.06816506385803223,0.0525548942387104,0.06418750435113907,
poison/poispps/datapoisppspar/poisauth_pps_3f67a7b3.csv,ok,381,16,0,authentic,0,authentic,0.9862440228462219,all_windows,no_qualified_attack_window,16,0,0.0,True,0.9478532075881958,0.9862440228462219,0.04202321171760559,0.023497235029935837,0.034981872886419296,0.9862440228462219,0.04202321171760559,0.023497235029935837,0.034981872886419296,
poison/poispps/datapoisppspar/poisauth_pps_3f67d5ec.csv,ok,401,18,0,authentic,0,authentic,0.9874752759933472,all_windows,no_qualified_attack_window,18,0,0.0,True,0.9603910446166992,0.9874752759933472,0.03655624017119408,0.021886982023715973,0.036910392343997955,0.9874752759933472,0.03655624017119408,0.021886982023715973,0.036910392343997955,
poison/poispps/datapoisppspar/poisauth_pps_3f6eb08e.csv,ok,341,14,0,authentic,0,authentic,0.978359043598175,all_windows,no_qualified_attack_window,14,0,0.0,True,0.9303241968154907,0.978359043598175,0.04905182495713234,0.04927683621644974,0.03683849051594734,0.978359043598175,0.04905182495713234,0.04927683621644974,0.03683849051594734,
poison/poispps/datapoisppspar/poisauth_pps_3f6f3ab3.csv,ok,325,13,0,authentic,0,authentic,0.995326817035675,all_windows,no_qualified_attack_window,13,0,0.0,True,0.9480876922607422,0.995326817035675,0.053172532469034195,0.03233509138226509,0.040558211505413055,0.995326817035675,0.053172532469034195,0.03233509138226509,0.040558211505413055,
poison/poispps/datapoisppspar/poisauth_pps_3f73ba3f.csv,ok,242,8,0,authentic,0,authentic,0.9513380527496338,all_windows,no_qualified_attack_window,8,0,0.0,True,0.8893997073173523,0.9513380527496338,0.05578313395380974,0.034709446132183075,0.06836006045341492,0.9513380527496338,0.05578313395380974,0.034709446132183075,0.06836006045341492,
poison/poispps/datapoisppspar/poisauth_pps_3f76d97b.csv,ok,408,18,0,authentic,0,authentic,0.9850132465362549,all_windows,no_qualified_attack_window,18,0,0.0,True,0.9382787346839905,0.9850132465362549,0.055992137640714645,0.030575381591916084,0.047836534678936005,0.9850132465362549,0.055992137640714645,0.030575381591916084,0.047836534678936005,
poison/poispps/datapoisppspar/poisauth_pps_3f77a52d.csv,ok,331,13,0,authentic,0,authentic,0.969155490398407,all_windows,no_qualified_attack_window,13,0,0.0,True,0.9408310651779175,0.969155490398407,0.057325731962919235,0.032684896141290665,0.04792295768857002,0.969155490398407,0.057325731962919235,0.032684896141290665,0.04792295768857002,
poison/poispps/datapoisppspar/poisauth_pps_3f82a0d7.csv,ok,282,10,0,authentic,0,authentic,0.9856654405593872,all_windows,no_qualified_attack_window,10,0,0.0,True,0.9313424825668335,0.9856654405593872,0.046429287642240524,0.027817126363515854,0.04359384998679161,0.9856654405593872,0.046429287642240524,0.027817126363515854,0.04359384998679161,
poison/poispps/datapoisppspar/poisauth_pps_3f835069.csv,ok,476,22,0,authentic,0,authentic,0.9913735389709473,all_windows,no_qualified_attack_window,22,0,0.0,True,0.947013795375824,0.9913735389709473,0.08895730972290039,0.05489581450819969,0.04383118823170662,0.9913735389709473,0.08895730972290039,0.05489581450819969,0.04383118823170662,
poison/poispps/datapoisppspar/poisauth_pps_3f872baf.csv,ok,285,10,0,authentic,0,authentic,0.9651684761047363,all_windows,no_qualified_attack_window,10,0,0.0,True,0.9219304919242859,0.9651684761047363,0.040276188403367996,0.03028305061161518,0.061315666884183884,0.9651684761047363,0.040276188403367996,0.03028305061161518,0.061315666884183884,
poison/poispps/datapoisppspar/poisauth_pps_3f8a28fd.csv,ok,297,11,0,authentic,0,authentic,0.9860703349113464,all_windows,no_qualified_attack_window,11,0,0.0,True,0.9183946251869202,0.9860703349113464,0.0511275976896286,0.04859857261180878,0.08688657730817795,0.9860703349113464,0.0511275976896286,0.04859857261180878,0.08688657730817795,
poison/poispps/datapoisppspar/poisauth_pps_3f8e33ee.csv,ok,294,11,0,authentic,0,authentic,0.9884672164916992,all_windows,no_qualified_attack_window,11,0,0.0,True,0.9260972738265991,0.9884672164916992,0.04775933548808098,0.03050832636654377,0.0677700787782669,0.9884672164916992,0.04775933548808098,0.03050832636654377,0.0677700787782669,
poison/poispps/datapoisppspar/poisauth_pps_3f8f2d43.csv,ok,393,17,0,authentic,0,authentic,0.9915779829025269,all_windows,no_qualified_attack_window,17,0,0.0,True,0.9391269683837891,0.9915779829025269,0.048386797308921814,0.02561892382800579,0.09316132962703705,0.9915779829025269,0.048386797308921814,0.02561892382800579,0.09316132962703705,
poison/poispps/datapoisppspar/poisauth_pps_3f91efe4.csv,ok,394,17,0,authentic,0,authentic,0.9912775754928589,all_windows,no_qualified_attack_window,17,0,0.0,True,0.9371116757392883,0.9912775754928589,0.06205068901181221,0.035710204392671585,0.05794312804937363,0.9912775754928589,0.06205068901181221,0.035710204392671585,0.05794312804937363,
poison/poispps/datapoisppspar/poisauth_pps_3f935e62.csv,ok,428,19,0,authentic,0,authentic,0.9801482558250427,all_windows,no_qualified_attack_window,19,0,0.0,True,0.9340622425079346,0.9801482558250427,0.1001509353518486,0.05899740010499954,0.05241438373923302,0.9801482558250427,0.1001509353518486,0.05899740010499954,0.05241438373923302,
poison/poispps/datapoisppspar/poisauth_pps_3f967712.csv,ok,282,10,0,authentic,0,authentic,0.9838060140609741,all_windows,no_qualified_attack_window,10,0,0.0,True,0.9028148651123047,0.9838060140609741,0.07345341891050339,0.041968174278736115,0.08893681317567825,0.9838060140609741,0.07345341891050339,0.041968174278736115,0.08893681317567825,
poison/poispps/datapoisppspar/poisauth_pps_inf_14.csv,ok,293,11,0,authentic,0,authentic,0.9789776802062988,all_windows,no_qualified_attack_window,11,0,0.0,True,0.9168403148651123,0.9789776802062988,0.06587503105401993,0.04182960093021393,0.05716174840927124,0.9789776802062988,0.06587503105401993,0.04182960093021393,0.05716174840927124,
poison/poispps/datapoisppspar/poisauth_pps_inf_16.csv,ok,504,24,0,authentic,3,modified_position,0.991084098815918,all_windows,qualified_attack_window,24,7,0.2916666666666667,False,0.7185924053192139,0.9955348968505859,0.026790494099259377,0.05199958756566048,0.991084098815918,0.9955348968505859,0.026790494099259377,0.05199958756566048,0.991084098815918,
poison/poispps/datapoisppspar/poispos_pps_3e3a56df.csv,ok,341,14,3,modified_position,3,modified_position,0.9855459928512573,all_windows,qualified_attack_window,14,8,0.5714285714285714,True,0.46120113134384155,0.983144998550415,0.0233490951359272,0.014493155293166637,0.9855459928512573,0.983144998550415,0.0233490951359272,0.014493155293166637,0.9855459928512573,
poison/poispps/datapoisppspar/poispos_pps_3e3d62fc.csv,ok,399,17,3,modified_position,3,modified_position,0.9998044967651367,all_windows,qualified_attack_window,17,7,0.4117647058823529,True,0.5409725904464722,0.9798886775970459,0.054642241448163986,0.02547856606543064,0.9998044967651367,0.9798886775970459,0.054642241448163986,0.02547856606543064,0.9998044967651367,
poison/poispps/datapoisppspar/poispos_pps_3e3e764c.csv,ok,387,17,3,modified_position,3,modified_position,0.9999759793281555,all_windows,qualified_attack_window,17,8,0.47058823529411764,True,0.5006428956985474,0.9649703502655029,0.03449065983295441,0.020851489156484604,0.9999759793281555,0.9649703502655029,0.03449065983295441,0.020851489156484604,0.9999759793281555,
poison/poispps/datapoisppspar/poispos_pps_3e47d351.csv,ok,453,21,3,modified_position,3,modified_position,1.0,all_windows,qualified_attack_window,21,8,0.38095238095238093,True,0.5294592976570129,0.9772012829780579,0.18812017142772675,0.11898793280124664,1.0,0.9772012829780579,0.18812017142772675,0.11898793280124664,1.0,
poison/poispps/datapoisppspar/poispos_pps_3e4c020c.csv,ok,397,17,3,modified_position,3,modified_position,1.0,all_windows,qualified_attack_window,17,9,0.5294117647058824,True,0.4557066857814789,0.9777898192405701,0.020851150155067444,0.012832599692046642,1.0,0.9777898192405701,0.020851150155067444,0.012832599692046642,1.0,
poison/poispps/datapoisppspar/poispos_pps_3e4c278e.csv,ok,432,20,3,modified_position,3,modified_position,0.9999995231628418,all_windows,qualified_attack_window,20,8,0.4,True,0.5812554359436035,0.98503577709198,0.026341406628489494,0.022361209616065025,0.9999995231628418,0.98503577709198,0.026341406628489494,0.022361209616065025,0.9999995231628418,
poison/poispps/datapoisppspar/poispos_pps_3e4f2065.csv,ok,261,9,3,modified_position,3,modified_position,0.9995706081390381,all_windows,qualified_attack_window,9,5,0.5555555555555556,True,0.4244266152381897,0.9714511632919312,0.04772425815463066,0.02946561947464943,0.9995706081390381,0.9714511632919312,0.04772425815463066,0.02946561947464943,0.9995706081390381,
poison/poispps/datapoisppspar/poispos_pps_3e511fac.csv,ok,298,11,3,modified_position,3,modified_position,1.0,all_windows,qualified_attack_window,11,8,0.7272727272727273,True,0.26405131816864014,0.9809107780456543,0.01610107161104679,0.010122793726623058,1.0,0.9809107780456543,0.01610107161104679,0.010122793726623058,1.0,
poison/poispps/datapoisppspar/poispos_pps_3e5d58c6.csv,ok,301,11,3,modified_position,3,modified_position,0.8377326130867004,all_windows,qualified_attack_window,11,3,0.2727272727272727,True,0.5422027707099915,0.8544886112213135,0.13441704213619232,0.06223057210445404,0.8377326130867004,0.8544886112213135,0.13441704213619232,0.06223057210445404,0.8377326130867004,
poison/poispps/datapoisppspar/poispos_pps_3e626c7b.csv,ok,281,10,3,modified_position,3,modified_position,1.0,all_windows,qualified_attack_window,10,8,0.8,True,0.19689984619617462,0.9727098941802979,0.01944391056895256,0.010995305143296719,1.0,0.9727098941802979,0.01944391056895256,0.010995305143296719,1.0,
poison/poispps/datapoisppspar/poispos_pps_3e6850ee.csv,ok,292,11,3,modified_position,3,modified_position,0.9895612597465515,all_windows,qualified_attack_window,11,8,0.7272727272727273,True,0.3223460018634796,0.967355489730835,0.03561462089419365,0.02116156741976738,0.9895612597465515,0.967355489730835,0.03561462089419365,0.02116156741976738,0.9895612597465515,
poison/poispps/datapoisppspar/poispos_pps_3e68c61a.csv,ok,455,21,3,modified_position,3,modified_position,0.999983012676239,all_windows,qualified_attack_window,21,7,0.3333333333333333,True,0.6238213777542114,0.994316041469574,0.0366855263710022,0.018144603818655014,0.999983012676239,0.994316041469574,0.0366855263710022,0.018144603818655014,0.999983012676239,
poison/poispps/datapoisppspar/poispos_pps_3e68fe2b.csv,ok,390,17,3,modified_position,3,modified_position,0.9999982118606567,all_windows,qualified_attack_window,17,8,0.47058823529411764,True,0.5120184421539307,0.9829254746437073,0.021581469103693962,0.01487000659108162,0.9999982118606567,0.9829254746437073,0.021581469103693962,0.01487000659108162,0.9999982118606567,
poison/poispps/datapoisppspar/poispos_pps_3e6a9fd2.csv,ok,435,20,3,modified_position,3,modified_position,0.999180257320404,all_windows,qualified_attack_window,20,13,0.65,True,0.32310760021209717,0.9811496138572693,0.12180761992931366,0.5632023215293884,0.999180257320404,0.9811496138572693,0.12180761992931366,0.5632023215293884,0.999180257320404,
poison/poispps/datapoisppspar/poispos_pps_3e7390c7.csv,ok,489,23,3,modified_position,3,modified_position,0.9483852982521057,all_windows,qualified_attack_window,23,7,0.30434782608695654,True,0.6738132238388062,0.9842599630355835,0.07210114598274231,0.12614701688289642,0.9483852982521057,0.9842599630355835,0.07210114598274231,0.12614701688289642,0.9483852982521057,
poison/poispps/datapoisppspar/poispos_pps_3e74e618.csv,ok,479,22,3,modified_position,3,modified_position,1.0,all_windows,qualified_attack_window,22,8,0.36363636363636365,True,0.62529057264328,0.9907081127166748,0.012694713659584522,0.009900332428514957,1.0,0.9907081127166748,0.012694713659584522,0.009900332428514957,1.0,
poison/poispps/datapoisppspar/poispos_pps_3e7fed81.csv,ok,329,13,3,modified_position,3,modified_position,0.9999998807907104,all_windows,qualified_attack_window,13,8,0.6153846153846154,True,0.3667483329772949,0.9802420139312744,0.0293187964707613,0.027381863445043564,0.9999998807907104,0.9802420139312744,0.0293187964707613,0.027381863445043564,0.9999998807907104,
poison/poispps/datapoisppspar/poispos_pps_3e82b0f2.csv,ok,316,12,3,modified_position,3,modified_position,0.99919593334198,all_windows,qualified_attack_window,12,6,0.5,True,0.4798829257488251,0.9888186454772949,0.037159889936447144,0.025887608528137207,0.99919593334198,0.9888186454772949,0.037159889936447144,0.025887608528137207,0.99919593334198,
poison/poispps/datapoisppspar/poispos_pps_3e86cbf8.csv,ok,269,9,3,modified_position,3,modified_position,1.0,all_windows,qualified_attack_window,9,8,0.8888888888888888,True,0.13358403742313385,0.9403175115585327,0.03367295861244202,0.014541618525981903,1.0,0.9403175115585327,0.03367295861244202,0.014541618525981903,1.0,
poison/poispps/datapoisppspar/poispos_pps_3e881e55.csv,ok,275,10,3,modified_position,3,modified_position,0.9995158910751343,all_windows,qualified_attack_window,10,7,0.7,True,0.22739079594612122,0.9615687131881714,0.04753175005316734,0.038135699927806854,0.9995158910751343,0.9615687131881714,0.04753175005316734,0.038135699927806854,0.9995158910751343,
poison/poispps/datapoisppspar/poispos_pps_3e8e6711.csv,ok,306,12,3,modified_position,3,modified_position,1.0,all_windows,qualified_attack_window,12,5,0.4166666666666667,True,0.5368770360946655,0.9857400059700012,0.05082949623465538,0.04145047068595886,1.0,0.9857400059700012,0.05082949623465538,0.04145047068595886,1.0,
poison/poispps/datapoisppspar/poispos_pps_3e96ab36.csv,ok,413,18,3,modified_position,3,modified_position,0.9999959468841553,all_windows,qualified_attack_window,18,8,0.4444444444444444,True,0.5127959251403809,0.9834007024765015,0.02345072478055954,0.010505643673241138,0.9999959468841553,0.9834007024765015,0.02345072478055954,0.010505643673241138,0.9999959468841553,
poison/poispps/datapoisppspar/poispos_pps_3e9ac6c9.csv,ok,269,9,3,modified_position,3,modified_position,0.9999997615814209,all_windows,qualified_attack_window,9,8,0.8888888888888888,True,0.1065160483121872,0.9579173922538757,0.012384283356368542,0.010333103127777576,0.9999997615814209,0.9579173922538757,0.012384283356368542,0.010333103127777576,0.9999997615814209,
poison/poispps/datapoisppspar/poispos_pps_3eafacef.csv,ok,291,11,3,modified_position,3,modified_position,0.6453588604927063,all_windows,qualified_attack_window,11,6,0.5454545454545454,True,0.5941609740257263,0.9608437418937683,0.03986763581633568,0.035422127693891525,0.6453588604927063,0.9608437418937683,0.03986763581633568,0.035422127693891525,0.6453588604927063,
poison/poispps/datapoisppspar/poispos_pps_3eb09bc0.csv,ok,424,19,3,modified_position,3,modified_position,1.0,all_windows,qualified_attack_window,19,8,0.42105263157894735,True,0.5347991585731506,0.9577476382255554,0.08893024921417236,0.04753246158361435,1.0,0.9577476382255554,0.08893024921417236,0.04753246158361435,1.0,
poison/poispps/datapoisppspar/poispos_pps_3eb1065d.csv,ok,331,13,3,modified_position,3,modified_position,0.9999921321868896,all_windows,qualified_attack_window,13,9,0.6923076923076923,True,0.3011116087436676,0.9774814248085022,0.0336986742913723,0.03296249732375145,0.9999921321868896,0.9774814248085022,0.0336986742913723,0.03296249732375145,0.9999921321868896,
poison/poispps/datapoisppspar/poispos_pps_3eb144d3.csv,ok,319,12,3,modified_position,3,modified_position,0.9999994039535522,all_windows,qualified_attack_window,12,9,0.75,True,0.2713492214679718,0.9759962558746338,0.02108844369649887,0.011731880716979504,0.9999994039535522,0.9759962558746338,0.02108844369649887,0.011731880716979504,0.9999994039535522,
poison/poispps/datapoisppspar/poispos_pps_3eb4b51d.csv,ok,353,15,3,modified_position,3,modified_position,0.9999842047691345,all_windows,qualified_attack_window,15,9,0.6,True,0.41982200741767883,0.9785547852516174,0.030296361073851585,0.018723158165812492,0.9999842047691345,0.9785547852516174,0.030296361073851585,0.018723158165812492,0.9999842047691345,
poison/poispps/datapoisppspar/poispos_pps_3eb4c033.csv,ok,327,13,3,modified_position,3,modified_position,1.0,all_windows,qualified_attack_window,13,8,0.6153846153846154,True,0.3777536153793335,0.9886876940727234,0.01193212904036045,0.007729069795459509,1.0,0.9886876940727234,0.01193212904036045,0.007729069795459509,1.0,
poison/poispps/datapoisppspar/poispos_pps_3eb7532e.csv,ok,373,16,3,modified_position,3,modified_position,0.9999849796295166,all_windows,qualified_attack_window,16,7,0.4375,True,0.53345787525177,0.9751166105270386,0.05235666036605835,0.04150497913360596,0.9999849796295166,0.9751166105270386,0.05235666036605835,0.04150497913360596,0.9999849796295166,
poison/poispps/datapoisppspar/poispos_pps_3eb8c0d5.csv,ok,429,19,3,modified_position,3,modified_position,0.9999953508377075,all_windows,qualified_attack_window,19,8,0.42105263157894735,True,0.5644550323486328,0.9920951724052429,0.023109296336770058,0.01700136624276638,0.9999953508377075,0.9920951724052429,0.023109296336770058,0.01700136624276638,0.9999953508377075,
poison/poispps/datapoisppspar/poispos_pps_3ebbb2d4.csv,ok,434,20,3,modified_position,3,modified_position,1.0,all_windows,qualified_attack_window,20,8,0.4,True,0.5830727815628052,0.9857825636863708,0.02668721415102482,0.014752077870070934,1.0,0.9857825636863708,0.02668721415102482,0.014752077870070934,1.0,
poison/poispps/datapoisppspar/poispos_pps_3ebbed5a.csv,ok,382,16,3,modified_position,3,modified_position,1.0,all_windows,qualified_attack_window,16,9,0.5625,True,0.428341805934906,0.9890415072441101,0.012918146327137947,0.011685017496347427,1.0,0.9890415072441101,0.012918146327137947,0.011685017496347427,1.0,
poison/poispps/datapoisppspar/poispos_pps_3ebc63e3.csv,ok,468,22,3,modified_position,3,modified_position,0.9999996423721313,all_windows,qualified_attack_window,22,8,0.36363636363636365,True,0.6133887767791748,0.9877455830574036,0.0463612899184227,0.03070932812988758,0.9999996423721313,0.9877455830574036,0.0463612899184227,0.03070932812988758,0.9999996423721313,
poison/poispps/datapoisppspar/poispos_pps_3ec01280.csv,ok,412,18,3,modified_position,3,modified_position,1.0,all_windows,qualified_attack_window,18,8,0.4444444444444444,True,0.5309324264526367,0.9860420227050781,0.013378185220062733,0.01834915019571781,1.0,0.9860420227050781,0.013378185220062733,0.01834915019571781,1.0,
poison/poispps/datapoisppspar/poispos_pps_3ec015d8.csv,ok,429,19,3,modified_position,3,modified_position,0.999995231628418,all_windows,qualified_attack_window,19,8,0.42105263157894735,True,0.5952690243721008,0.9894376397132874,0.029569247737526894,0.021523240953683853,0.999995231628418,0.9894376397132874,0.029569247737526894,0.021523240953683853,0.999995231628418,
poison/poispps/datapoisppspar/poispos_pps_3ec27b98.csv,ok,461,21,3,modified_position,3,modified_position,1.0,all_windows,qualified_attack_window,21,8,0.38095238095238093,True,0.5956299901008606,0.9847459197044373,0.022543402388691902,0.018378380686044693,1.0,0.9847459197044373,0.022543402388691902,0.018378380686044693,1.0,
poison/poispps/datapoisppspar/poispos_pps_3ec6b3c3.csv,ok,358,15,3,modified_position,3,modified_position,0.7623490691184998,all_windows,qualified_attack_window,15,4,0.26666666666666666,True,0.6992353200912476,0.972625195980072,0.10044392198324203,0.07581309229135513,0.7623490691184998,0.972625195980072,0.10044392198324203,0.07581309229135513,0.7623490691184998,
poison/poispps/datapoisppspar/poispos_pps_3ec95ad2.csv,ok,255,8,3,modified_position,3,modified_position,1.0,all_windows,qualified_attack_window,8,7,0.875,True,0.11822639405727386,0.945810854434967,0.01738075166940689,0.014218172989785671,1.0,0.945810854434967,0.01738075166940689,0.014218172989785671,1.0,
poison/poispps/datapoisppspar/poispos_pps_3ed3b719.csv,ok,272,10,3,modified_position,3,modified_position,0.9973284006118774,all_windows,qualified_attack_window,10,5,0.5,True,0.48153361678123474,0.9729579091072083,0.058819480240345,0.043394286185503006,0.9973284006118774,0.9729579091072083,0.058819480240345,0.043394286185503006,0.9973284006118774,
poison/poispps/datapoisppspar/poispos_pps_3ed7dd02.csv,ok,320,13,3,modified_position,3,modified_position,1.0,all_windows,qualified_attack_window,13,9,0.6923076923076923,True,0.30347853899002075,0.9876996278762817,0.014425775036215782,0.010877142660319805,1.0,0.9876996278762817,0.014425775036215782,0.010877142660319805,1.0,
poison/poispps/datapoisppspar/poispos_pps_3edabb6e.csv,ok,445,20,3,modified_position,3,modified_position,0.9999992847442627,all_windows,qualified_attack_window,20,9,0.45,True,0.5375160574913025,0.9846401214599609,0.037995945662260056,0.024205926805734634,0.9999992847442627,0.9846401214599609,0.037995945662260056,0.024205926805734634,0.9999992847442627,
poison/poispps/datapoisppspar/poispos_pps_3edb74ff.csv,ok,476,22,3,modified_position,3,modified_position,0.9999988079071045,all_windows,qualified_attack_window,22,5,0.22727272727272727,True,0.7364456653594971,0.983268141746521,0.05206970497965813,0.04723450541496277,0.9999988079071045,0.983268141746521,0.05206970497965813,0.04723450541496277,0.9999988079071045,
poison/poispps/datapoisppspar/poispos_pps_3edf291e.csv,ok,441,20,3,modified_position,3,modified_position,0.9938897490501404,all_windows,qualified_attack_window,20,7,0.35,True,0.6329914927482605,0.9867029786109924,0.02605600468814373,0.01466030441224575,0.9938897490501404,0.9867029786109924,0.02605600468814373,0.01466030441224575,0.9938897490501404,
poison/poispps/datapoisppspar/poispos_pps_3ee7b137.csv,ok,263,9,3,modified_position,3,modified_position,0.9997876286506653,all_windows,qualified_attack_window,9,8,0.8888888888888888,True,0.10690278559923172,0.9520442485809326,0.020212819799780846,0.012494994327425957,0.9997876286506653,0.9520442485809326,0.020212819799780846,0.012494994327425957,0.9997876286506653,
poison/poispps/datapoisppspar/poispos_pps_3ef6a156.csv,ok,430,19,3,modified_position,3,modified_position,0.9959865808486938,all_windows,qualified_attack_window,19,8,0.42105263157894735,True,0.541297435760498,0.9752288460731506,0.10190929472446442,0.05532439053058624,0.9959865808486938,0.9752288460731506,0.10190929472446442,0.05532439053058624,0.9959865808486938,
poison/poispps/datapoisppspar/poispos_pps_3ef9b50e.csv,ok,339,14,3,modified_position,3,modified_position,0.9999996423721313,all_windows,qualified_attack_window,14,8,0.5714285714285714,True,0.4155110716819763,0.991270899772644,0.04416647180914879,0.015142517164349556,0.9999996423721313,0.991270899772644,0.04416647180914879,0.015142517164349556,0.9999996423721313,
poison/poispps/datapoisppspar/poispos_pps_3efd6222.csv,ok,270,9,3,modified_position,3,modified_position,1.0,all_windows,qualified_attack_window,9,8,0.8888888888888888,True,0.10801835358142853,0.9715445041656494,0.011588034220039845,0.00769379548728466,1.0,0.9715445041656494,0.011588034220039845,0.00769379548728466,1.0,
poison/poispps/datapoisppspar/poispos_pps_3f0618cd.csv,ok,405,18,3,modified_position,3,modified_position,0.9999995231628418,all_windows,qualified_attack_window,18,8,0.4444444444444444,True,0.5465747714042664,0.9914699792861938,0.01415765006095171,0.008931165561079979,0.9999995231628418,0.9914699792861938,0.01415765006095171,0.008931165561079979,0.9999995231628418,
poison/poispps/datapoisppspar/poispos_pps_3f071cd8.csv,ok,341,14,3,modified_position,3,modified_position,1.0,all_windows,qualified_attack_window,14,8,0.5714285714285714,True,0.41421961784362793,0.9835910201072693,0.03569009527564049,0.015695761889219284,1.0,0.9835910201072693,0.03569009527564049,0.015695761889219284,1.0,
poison/poispps/datapoisppspar/poispos_pps_3f092b29.csv,ok,301,11,3,modified_position,3,modified_position,0.999998927116394,all_windows,qualified_attack_window,11,6,0.5454545454545454,True,0.4476935565471649,0.9933638572692871,0.008427475579082966,0.009168794378638268,0.999998927116394,0.9933638572692871,0.008427475579082966,0.009168794378638268,0.999998927116394,
poison/poispps/datapoisppspar/poispos_pps_3f0a9ef6.csv,ok,423,19,3,modified_position,3,modified_position,0.9965990781784058,all_windows,qualified_attack_window,19,10,0.5263157894736842,True,0.4528387486934662,0.9604061245918274,0.3383088707923889,0.3263566493988037,0.9965990781784058,0.9604061245918274,0.3383088707923889,0.3263566493988037,0.9965990781784058,
poison/poispps/datapoisppspar/poispos_pps_3f0e5812.csv,ok,337,14,3,modified_position,3,modified_position,1.0,all_windows,qualified_attack_window,14,11,0.7857142857142857,True,0.19836117327213287,0.9584933519363403,0.04826854541897774,0.03445906564593315,1.0,0.9584933519363403,0.04826854541897774,0.03445906564593315,1.0,
poison/poispps/datapoisppspar/poispos_pps_3f0e8a5a.csv,ok,372,16,3,modified_position,3,modified_position,1.0,all_windows,qualified_attack_window,16,8,0.5,True,0.48064881563186646,0.9753750562667847,0.029927467927336693,0.018105434253811836,1.0,0.9753750562667847,0.029927467927336693,0.018105434253811836,1.0,
poison/poispps/datapoisppspar/poispos_pps_3f0eaf7c.csv,ok,387,17,3,modified_position,3,modified_position,0.9999596476554871,all_windows,qualified_attack_window,17,9,0.5294117647058824,True,0.4268493354320526,0.9610055685043335,0.038832079619169235,0.9957043528556824,0.9999596476554871,0.9610055685043335,0.038832079619169235,0.9957043528556824,0.9999596476554871,
poison/poispps/datapoisppspar/poispos_pps_3f10986f.csv,ok,289,11,3,modified_position,3,modified_position,1.0,all_windows,qualified_attack_window,11,7,0.6363636363636364,True,0.3551006019115448,0.9845161437988281,0.012274270877242088,0.0085004772990942,1.0,0.9845161437988281,0.012274270877242088,0.0085004772990942,1.0,
poison/poispps/datapoisppspar/poispos_pps_3f150622.csv,ok,334,13,3,modified_position,3,modified_position,0.9864055514335632,all_windows,qualified_attack_window,13,5,0.38461538461538464,True,0.5655649900436401,0.9787617325782776,0.041717153042554855,0.032227810472249985,0.9864055514335632,0.9787617325782776,0.041717153042554855,0.032227810472249985,0.9864055514335632,
poison/poispps/datapoisppspar/poispos_pps_3f181dad.csv,ok,242,8,3,modified_position,3,modified_position,0.999991774559021,all_windows,qualified_attack_window,8,8,1.0,True,0.00828919094055891,0.06575638800859451,0.0019177836365997791,0.0018105474300682545,0.999991774559021,0.06575638800859451,0.0019177836365997791,0.0018105474300682545,0.999991774559021,
poison/poispps/datapoisppspar/poispos_pps_3f18d38a.csv,ok,614,31,3,modified_position,3,modified_position,0.9999991655349731,all_windows,qualified_attack_window,31,8,0.25806451612903225,True,0.730434000492096,0.9976731538772583,0.02820623107254505,0.017646826803684235,0.9999991655349731,0.9976731538772583,0.02820623107254505,0.017646826803684235,0.9999991655349731,
poison/poispps/datapoisppspar/poispos_pps_3f1976b1.csv,ok,325,13,3,modified_position,3,modified_position,1.0,all_windows,qualified_attack_window,13,8,0.6153846153846154,True,0.37101852893829346,0.9856869578361511,0.017934216186404228,0.010344935581088066,1.0,0.9856869578361511,0.017934216186404228,0.010344935581088066,1.0,
poison/poispps/datapoisppspar/poispos_pps_3f19a49f.csv,ok,398,17,3,modified_position,3,modified_position,0.9999843239784241,all_windows,qualified_attack_window,17,8,0.47058823529411764,True,0.4830886721611023,0.9858673214912415,0.45250165462493896,0.02249155566096306,0.9999843239784241,0.9858673214912415,0.45250165462493896,0.02249155566096306,0.9999843239784241,
poison/poispps/datapoisppspar/poispos_pps_3f1c255d.csv,ok,287,10,3,modified_position,3,modified_position,1.0,all_windows,qualified_attack_window,10,5,0.5,True,0.4733094573020935,0.9930523633956909,0.06733330339193344,0.0630529448390007,1.0,0.9930523633956909,0.06733330339193344,0.0630529448390007,1.0,
poison/poispps/datapoisppspar/poispos_pps_3f1c4ede.csv,ok,241,8,3,modified_position,3,modified_position,1.0,all_windows,qualified_attack_window,8,8,1.0,True,0.008315885439515114,0.06641963869333267,0.004870747681707144,0.004333545919507742,1.0,0.06641963869333267,0.004870747681707144,0.004333545919507742,1.0,
poison/poispps/datapoisppspar/poispos_pps_3f21c272.csv,ok,479,22,3,modified_position,3,modified_position,0.9999997615814209,all_windows,qualified_attack_window,22,8,0.36363636363636365,True,0.6246410608291626,0.9957870841026306,0.017132272943854332,0.013957759365439415,0.9999997615814209,0.9957870841026306,0.017132272943854332,0.013957759365439415,0.9999997615814209,
poison/poispps/datapoisppspar/poispos_pps_3f21e416.csv,ok,333,13,3,modified_position,3,modified_position,0.9999992847442627,all_windows,qualified_attack_window,13,8,0.6153846153846154,True,0.37705543637275696,0.9884310960769653,0.012368055991828442,0.01008880790323019,0.9999992847442627,0.9884310960769653,0.012368055991828442,0.01008880790323019,0.9999992847442627,
poison/poispps/datapoisppspar/poispos_pps_3f22ddbb.csv,ok,325,13,3,modified_position,3,modified_position,0.9999996423721313,all_windows,qualified_attack_window,13,9,0.6923076923076923,True,0.30274665355682373,0.9885543584823608,0.013918936252593994,0.9957426190376282,0.9999996423721313,0.9885543584823608,0.013918936252593994,0.9957426190376282,0.9999996423721313,
poison/poispps/datapoisppspar/poispos_pps_3f254422.csv,ok,246,8,3,modified_position,3,modified_position,1.0,all_windows,qualified_attack_window,8,8,1.0,True,9.07223451918071e-09,4.839985123794577e-08,1.1260956611636175e-09,5.015957871279397e-09,1.0,4.839985123794577e-08,1.1260956611636175e-09,5.015957871279397e-09,1.0,
poison/poispps/datapoisppspar/poispos_pps_3f2f38e4.csv,ok,380,16,3,modified_position,3,modified_position,0.9932655096054077,all_windows,qualified_attack_window,16,7,0.4375,True,0.5522693395614624,0.9817801713943481,0.039800696074962616,0.02379155345261097,0.9932655096054077,0.9817801713943481,0.039800696074962616,0.02379155345261097,0.9932655096054077,
poison/poispps/datapoisppspar/poispos_pps_3f314db7.csv,ok,327,13,3,modified_position,3,modified_position,0.9967054128646851,all_windows,qualified_attack_window,13,8,0.6153846153846154,True,0.4397045969963074,0.9818437099456787,0.018682975322008133,0.026745138689875603,0.9967054128646851,0.9818437099456787,0.018682975322008133,0.026745138689875603,0.9967054128646851,
poison/poispps/datapoisppspar/poispos_pps_3f326c32.csv,ok,307,12,3,modified_position,3,modified_position,1.0,all_windows,qualified_attack_window,12,7,0.5833333333333334,True,0.39277318120002747,0.9626361727714539,0.0341055691242218,0.02725311741232872,1.0,0.9626361727714539,0.0341055691242218,0.02725311741232872,1.0,
poison/poispps/datapoisppspar/poispos_pps_3f35aa6c.csv,ok,440,20,3,modified_position,3,modified_position,0.9999899864196777,all_windows,qualified_attack_window,20,7,0.35,True,0.6266049146652222,0.9891281127929688,0.03029708005487919,0.03422464802861214,0.9999899864196777,0.9891281127929688,0.03029708005487919,0.03422464802861214,0.9999899864196777,
poison/poispps/datapoisppspar/poispos_pps_3f369ee5.csv,ok,403,18,3,modified_position,3,modified_position,0.9999990463256836,all_windows,qualified_attack_window,18,8,0.4444444444444444,True,0.5612103939056396,0.9901109933853149,0.017873264849185944,0.012723532505333424,0.9999990463256836,0.9901109933853149,0.017873264849185944,0.012723532505333424,0.9999990463256836,
poison/poispps/datapoisppspar/poispos_pps_3f3a6a75.csv,ok,287,10,3,modified_position,3,modified_position,1.0,all_windows,qualified_attack_window,10,6,0.6,True,0.3759723901748657,0.9810465574264526,0.02702312543988228,0.023199431598186493,1.0,0.9810465574264526,0.02702312543988228,0.023199431598186493,1.0,
poison/poispps/datapoisppspar/poispos_pps_3f3ae357.csv,ok,248,8,3,modified_position,3,modified_position,1.0,all_windows,qualified_attack_window,8,8,1.0,True,3.0737171528016916e-06,2.4576402211096138e-05,5.205256456974894e-07,7.711365128670877e-07,1.0,2.4576402211096138e-05,5.205256456974894e-07,7.711365128670877e-07,1.0,
poison/poispps/datapoisppspar/poispos_pps_3f3d4a17.csv,ok,245,8,3,modified_position,3,modified_position,1.0,all_windows,qualified_attack_window,8,7,0.875,True,0.10420876741409302,0.8336691856384277,0.030290691182017326,0.014876180328428745,1.0,0.8336691856384277,0.030290691182017326,0.014876180328428745,1.0,
poison/poispps/datapoisppspar/poispos_pps_3f3eb60d.csv,ok,336,14,3,modified_position,3,modified_position,0.9613363742828369,all_windows,qualified_attack_window,14,11,0.7857142857142857,True,0.29621949791908264,0.9739661812782288,0.14759474992752075,0.03219447284936905,0.9613363742828369,0.9739661812782288,0.14759474992752075,0.03219447284936905,0.9613363742828369,
poison/poispps/datapoisppspar/poispos_pps_3f3ed080.csv,ok,299,11,3,modified_position,3,modified_position,1.0,all_windows,qualified_attack_window,11,9,0.8181818181818182,True,0.21767856180667877,0.9726702570915222,0.008193645626306534,0.010755772702395916,1.0,0.9726702570915222,0.008193645626306534,0.010755772702395916,1.0,
poison/poispps/datapoisppspar/poispos_pps_3f41a9e4.csv,ok,313,12,3,modified_position,3,modified_position,0.9999788403511047,all_windows,qualified_attack_window,12,7,0.5833333333333334,True,0.3874688148498535,0.9818204641342163,0.08010082691907883,0.04032205045223236,0.9999788403511047,0.9818204641342163,0.08010082691907883,0.04032205045223236,0.9999788403511047,
poison/poispps/datapoisppspar/poispos_pps_3f437085.csv,ok,274,10,3,modified_position,3,modified_position,1.0,all_windows,qualified_attack_window,10,8,0.8,True,0.19214899837970734,0.9641014337539673,0.014783980324864388,0.014808024279773235,1.0,0.9641014337539673,0.014783980324864388,0.014808024279773235,1.0,
poison/poispps/datapoisppspar/poispos_pps_3f45ef37.csv,ok,248,8,3,modified_position,3,modified_position,0.999993085861206,all_windows,qualified_attack_window,8,7,0.875,True,0.11825365573167801,0.9342158436775208,0.023098232224583626,0.03508664295077324,0.999993085861206,0.9342158436775208,0.023098232224583626,0.03508664295077324,0.999993085861206,
poison/poispps/datapoisppspar/poispos_pps_3f474a36.csv,ok,269,9,3,modified_position,3,modified_position,0.9961357116699219,all_windows,qualified_attack_window,9,6,0.6666666666666666,True,0.3225613832473755,0.9634156227111816,0.02386612258851528,0.016123326495289803,0.9961357116699219,0.9634156227111816,0.02386612258851528,0.016123326495289803,0.9961357116699219,
poison/poispps/datapoisppspar/poispos_pps_3f4a8aff.csv,ok,401,18,3,modified_position,3,modified_position,0.9999998807907104,all_windows,qualified_attack_window,18,8,0.4444444444444444,True,0.5362102389335632,0.9791667461395264,0.023444639518857002,0.016797982156276703,0.9999998807907104,0.9791667461395264,0.023444639518857002,0.016797982156276703,0.9999998807907104,
poison/poispps/datapoisppspar/poispos_pps_3f4b144a.csv,ok,311,12,3,modified_position,3,modified_position,0.9991177916526794,all_windows,qualified_attack_window,12,7,0.5833333333333334,True,0.37946245074272156,0.986693799495697,0.009700192138552666,0.007787715643644333,0.9991177916526794,0.986693799495697,0.009700192138552666,0.007787715643644333,0.9991177916526794,
poison/poispps/datapoisppspar/poispos_pps_3f4b60b3.csv,ok,309,12,3,modified_position,3,modified_position,1.0,all_windows,qualified_attack_window,12,8,0.6666666666666666,True,0.31780847907066345,0.9780611395835876,0.011845665983855724,0.01652093604207039,1.0,0.9780611395835876,0.011845665983855724,0.01652093604207039,1.0,
poison/poispps/datapoisppspar/poispos_pps_3f52629f.csv,ok,378,16,3,modified_position,3,modified_position,1.0,all_windows,qualified_attack_window,16,8,0.5,True,0.47761911153793335,0.9852442145347595,0.08586587011814117,0.0402512326836586,1.0,0.9852442145347595,0.08586587011814117,0.0402512326836586,1.0,
poison/poispps/datapoisppspar/poispos_pps_3f530227.csv,ok,427,19,3,modified_position,3,modified_position,1.0,all_windows,qualified_attack_window,19,8,0.42105263157894735,True,0.5521683692932129,0.9882505536079407,0.043760478496551514,0.04011257365345955,1.0,0.9882505536079407,0.043760478496551514,0.04011257365345955,1.0,
poison/poispps/datapoisppspar/poispos_pps_3f556511.csv,ok,281,10,3,modified_position,3,modified_position,1.0,all_windows,qualified_attack_window,10,7,0.7,True,0.2942652702331543,0.9898808002471924,0.011695018038153648,0.008795702829957008,1.0,0.9898808002471924,0.011695018038153648,0.008795702829957008,1.0,
poison/poispps/datapoisppspar/poispos_pps_3f5a9b5e.csv,ok,265,9,3,modified_position,3,modified_position,1.0,all_windows,qualified_attack_window,9,8,0.8888888888888888,True,0.10399916023015976,0.9359817504882812,0.03161344677209854,0.01675623282790184,1.0,0.9359817504882812,0.03161344677209854,0.01675623282790184,1.0,
poison/poispps/datapoisppspar/poispos_pps_3f5acae1.csv,ok,476,22,3,modified_position,3,modified_position,0.9983803629875183,all_windows,qualified_attack_window,22,7,0.3181818181818182,True,0.664800226688385,0.9898563623428345,0.025794576853513718,0.03308483585715294,0.9983803629875183,0.9898563623428345,0.025794576853513718,0.03308483585715294,0.9983803629875183,
poison/poispps/datapoisppspar/poispos_pps_3f5f176f.csv,ok,412,18,3,modified_position,3,modified_position,1.0,all_windows,qualified_attack_window,18,8,0.4444444444444444,True,0.5403834581375122,0.9847845435142517,0.01788938045501709,0.013007714413106441,1.0,0.9847845435142517,0.01788938045501709,0.013007714413106441,1.0,
poison/poispps/datapoisppspar/poispos_pps_3f5fc518.csv,ok,320,13,3,modified_position,3,modified_position,0.9999997615814209,all_windows,qualified_attack_window,13,8,0.6153846153846154,True,0.37591785192489624,0.9827389121055603,0.014754381030797958,0.011763869784772396,0.9999997615814209,0.9827389121055603,0.014754381030797958,0.011763869784772396,0.9999997615814209,
poison/poispps/datapoisppspar/poispos_pps_3f63398e.csv,ok,426,19,3,modified_position,3,modified_position,0.9999955892562866,all_windows,qualified_attack_window,19,9,0.47368421052631576,True,0.5110074281692505,0.9901421070098877,0.04130745679140091,0.01747509278357029,0.9999955892562866,0.9901421070098877,0.04130745679140091,0.01747509278357029,0.9999955892562866,
poison/poispps/datapoisppspar/poispos_pps_3f67a7b3.csv,ok,381,16,3,modified_position,3,modified_position,1.0,all_windows,qualified_attack_window,16,9,0.5625,True,0.4543120861053467,0.9862440228462219,0.018097002059221268,0.012944799847900867,1.0,0.9862440228462219,0.018097002059221268,0.012944799847900867,1.0,
poison/poispps/datapoisppspar/poispos_pps_3f67d5ec.csv,ok,401,18,3,modified_position,3,modified_position,0.9968523383140564,all_windows,qualified_attack_window,18,10,0.5555555555555556,True,0.42389723658561707,0.9744507074356079,0.03436117246747017,0.020457733422517776,0.9968523383140564,0.9744507074356079,0.03436117246747017,0.020457733422517776,0.9968523383140564,
poison/poispps/datapoisppspar/poispos_pps_3f6eb08e.csv,ok,341,14,3,modified_position,3,modified_position,1.0,all_windows,qualified_attack_window,14,8,0.5714285714285714,True,0.39580848813056946,0.978359043598175,0.059820156544446945,0.044974613934755325,1.0,0.978359043598175,0.059820156544446945,0.044974613934755325,1.0,
poison/poispps/datapoisppspar/poispos_pps_3f6f3ab3.csv,ok,325,13,3,modified_position,3,modified_position,1.0,all_windows,qualified_attack_window,13,9,0.6923076923076923,True,0.2958492040634155,0.9953200817108154,0.03305407240986824,0.022191645577549934,1.0,0.9953200817108154,0.03305407240986824,0.022191645577549934,1.0,
poison/poispps/datapoisppspar/poispos_pps_3f73ba3f.csv,ok,242,8,3,modified_position,3,modified_position,1.0,all_windows,qualified_attack_window,8,6,0.75,True,0.23463211953639984,0.9513380527496338,0.027934568002820015,0.0203639417886734,1.0,0.9513380527496338,0.027934568002820015,0.0203639417886734,1.0,
poison/poispps/datapoisppspar/poispos_pps_3f76d97b.csv,ok,408,18,3,modified_position,2,modified_speed,0.5654058456420898,all_windows,qualified_attack_window,18,4,0.2222222222222222,False,0.6967496871948242,0.9668322801589966,0.34690359234809875,0.5654058456420898,0.10403111577033997,0.9668322801589966,0.34690359234809875,0.5654058456420898,0.10403111577033997,
poison/poispps/datapoisppspar/poispos_pps_3f82a0d7.csv,ok,282,10,3,modified_position,3,modified_position,0.9989755153656006,all_windows,qualified_attack_window,10,7,0.7,True,0.3151003420352936,0.9856654405593872,0.012263637967407703,0.00906422920525074,0.9989755153656006,0.9856654405593872,0.012263637967407703,0.00906422920525074,0.9989755153656006,
poison/poispps/datapoisppspar/poispos_pps_3f835069.csv,ok,476,22,3,modified_position,3,modified_position,0.9999998807907104,all_windows,qualified_attack_window,22,8,0.36363636363636365,True,0.6146825551986694,0.9913735389709473,0.04679390415549278,0.026052359491586685,0.9999998807907104,0.9913735389709473,0.04679390415549278,0.026052359491586685,0.9999998807907104,
poison/poispps/datapoisppspar/poispos_pps_3f872baf.csv,ok,285,10,3,modified_position,3,modified_position,0.7544845342636108,all_windows,qualified_attack_window,10,4,0.4,True,0.529455840587616,0.9334661960601807,0.049683500081300735,0.027417974546551704,0.7544845342636108,0.9334661960601807,0.049683500081300735,0.027417974546551704,0.7544845342636108,
poison/poispps/datapoisppspar/poispos_pps_3f8a28fd.csv,ok,297,11,3,modified_position,3,modified_position,0.9999996423721313,all_windows,qualified_attack_window,11,8,0.7272727272727273,True,0.26631230115890503,0.9860703349113464,0.012233996763825417,0.009136763401329517,0.9999996423721313,0.9860703349113464,0.012233996763825417,0.009136763401329517,0.9999996423721313,
poison/poispps/datapoisppspar/poispos_pps_3f8e33ee.csv,ok,294,11,3,modified_position,3,modified_position,1.0,all_windows,qualified_attack_window,11,7,0.6363636363636364,True,0.35280466079711914,0.9884672164916992,0.01726675219833851,0.013545296154916286,1.0,0.9884672164916992,0.01726675219833851,0.013545296154916286,1.0,
poison/poispps/datapoisppspar/poispos_pps_3f8f2d43.csv,ok,393,17,3,modified_position,3,modified_position,0.9962009191513062,all_windows,qualified_attack_window,17,8,0.47058823529411764,True,0.48518091440200806,0.9915779829025269,0.047009196132421494,0.026485811918973923,0.9962009191513062,0.9915779829025269,0.047009196132421494,0.026485811918973923,0.9962009191513062,
poison/poispps/datapoisppspar/poispos_pps_3f91efe4.csv,ok,394,17,3,modified_position,3,modified_position,0.9987765550613403,all_windows,qualified_attack_window,17,7,0.4117647058823529,True,0.557710587978363,0.9800819754600525,0.0750642642378807,0.04352333024144173,0.9987765550613403,0.9800819754600525,0.0750642642378807,0.04352333024144173,0.9987765550613403,
poison/poispps/datapoisppspar/poispos_pps_3f935e62.csv,ok,428,19,3,modified_position,3,modified_position,1.0,all_windows,qualified_attack_window,19,8,0.42105263157894735,True,0.5581095218658447,0.9801482558250427,0.025941865518689156,0.02000635303556919,1.0,0.9801482558250427,0.025941865518689156,0.02000635303556919,1.0,
poison/poispps/datapoisppspar/poispos_pps_3f967712.csv,ok,282,10,3,modified_position,3,modified_position,0.8289533853530884,all_windows,qualified_attack_window,10,6,0.6,True,0.4843953251838684,0.9838060140609741,0.02837441675364971,0.0274188369512558,0.8289533853530884,0.9838060140609741,0.02837441675364971,0.0274188369512558,0.8289533853530884,
poison/poispps/datapoisppspar/poispos_pps_inf_14.csv,ok,293,11,3,modified_position,3,modified_position,1.0,all_windows,qualified_attack_window,11,9,0.8181818181818182,True,0.17618970572948456,0.9789776802062988,0.015790065750479698,0.012101239524781704,1.0,0.9789776802062988,0.015790065750479698,0.012101239524781704,1.0,
poison/poispps/datapoisppspar/poispos_pps_inf_16.csv,ok,504,24,3,modified_position,3,modified_position,0.9984630346298218,all_windows,qualified_attack_window,24,11,0.4583333333333333,True,0.5839772820472717,0.9955348968505859,0.018912550061941147,0.05199958756566048,0.9984630346298218,0.9955348968505859,0.018912550061941147,0.05199958756566048,0.9984630346298218,
poison/poispps/datapoisppspar/poisspd_pps_3e3a56df.csv,ok,341,14,2,modified_speed,2,modified_speed,1.0,all_windows,qualified_attack_window,14,8,0.5714285714285714,True,0.39848390221595764,0.9721487760543823,0.06209833174943924,1.0,0.04171183705329895,0.9721487760543823,0.06209833174943924,1.0,0.04171183705329895,
poison/poispps/datapoisppspar/poisspd_pps_3e3d62fc.csv,ok,399,17,2,modified_speed,2,modified_speed,1.0,all_windows,qualified_attack_window,17,8,0.47058823529411764,True,0.5086613893508911,0.9808945655822754,0.0183932613581419,1.0,0.07778126001358032,0.9808945655822754,0.0183932613581419,1.0,0.07778126001358032,
poison/poispps/datapoisppspar/poisspd_pps_3e3e764c.csv,ok,387,17,2,modified_speed,2,modified_speed,0.9999969005584717,all_windows,qualified_attack_window,17,8,0.47058823529411764,True,0.502764105796814,0.9649703502655029,0.03449065983295441,0.9999969005584717,0.022425366565585136,0.9649703502655029,0.03449065983295441,0.9999969005584717,0.022425366565585136,
poison/poispps/datapoisppspar/poisspd_pps_3e47d351.csv,ok,453,21,2,modified_speed,2,modified_speed,1.0,all_windows,qualified_attack_window,21,10,0.47619047619047616,True,0.4433540105819702,0.9674143195152283,0.18812017142772675,1.0,0.020878702402114868,0.9674143195152283,0.18812017142772675,1.0,0.020878702402114868,
poison/poispps/datapoisppspar/poisspd_pps_3e4c020c.csv,ok,397,17,2,modified_speed,2,modified_speed,0.9999980926513672,all_windows,qualified_attack_window,17,7,0.4117647058823529,True,0.5617599487304688,0.9777898192405701,0.03729347884654999,0.9999980926513672,0.03295965492725372,0.9777898192405701,0.03729347884654999,0.9999980926513672,0.03295965492725372,
poison/poispps/datapoisppspar/poisspd_pps_3e4f2065.csv,ok,261,9,2,modified_speed,1,modified_altitude,0.920348048210144,all_windows,qualified_attack_window,9,4,0.4444444444444444,False,0.6062456369400024,0.9714511632919312,0.920348048210144,0.5793066620826721,0.12163961678743362,0.9714511632919312,0.920348048210144,0.5793066620826721,0.12163961678743362,
poison/poispps/datapoisppspar/poisspd_pps_3e511fac.csv,ok,298,11,2,modified_speed,2,modified_speed,1.0,all_windows,qualified_attack_window,11,9,0.8181818181818182,True,0.17836833000183105,0.9811297059059143,0.006787837948650122,1.0,0.009256967343389988,0.9811297059059143,0.006787837948650122,1.0,0.009256967343389988,
poison/poispps/datapoisppspar/poisspd_pps_3e5468f7.csv,ok,618,31,2,modified_speed,2,modified_speed,1.0,all_windows,qualified_attack_window,31,8,0.25806451612903225,True,0.7298443913459778,0.9926251173019409,0.01800443045794964,1.0,0.011607280001044273,0.9926251173019409,0.01800443045794964,1.0,0.011607280001044273,
poison/poispps/datapoisppspar/poisspd_pps_3e54a0d8.csv,ok,364,15,2,modified_speed,2,modified_speed,0.9999988079071045,all_windows,qualified_attack_window,15,7,0.4666666666666667,True,0.519268274307251,0.982524573802948,0.015381901524960995,0.9999988079071045,0.014239145442843437,0.982524573802948,0.015381901524960995,0.9999988079071045,0.014239145442843437,
poison/poispps/datapoisppspar/poisspd_pps_3e56e862.csv,ok,272,10,2,modified_speed,2,modified_speed,0.9998201131820679,all_windows,qualified_attack_window,10,7,0.7,True,0.2848947048187256,0.9598448276519775,0.0550394281744957,0.9998201131820679,0.018131868913769722,0.9598448276519775,0.0550394281744957,0.9998201131820679,0.018131868913769722,
poison/poispps/datapoisppspar/poisspd_pps_3e58bd01.csv,ok,538,26,2,modified_speed,2,modified_speed,0.9999998807907104,all_windows,qualified_attack_window,26,6,0.23076923076923078,True,0.713032603263855,0.987800121307373,0.12371675670146942,0.9999998807907104,0.15708595514297485,0.987800121307373,0.12371675670146942,0.9999998807907104,0.15708595514297485,
poison/poispps/datapoisppspar/poisspd_pps_3e5d58c6.csv,ok,301,11,2,modified_speed,2,modified_speed,0.9999998807907104,all_windows,qualified_attack_window,11,8,0.7272727272727273,True,0.19715458154678345,0.8544886112213135,0.022799503058195114,0.9999998807907104,0.3745235502719879,0.8544886112213135,0.022799503058195114,0.9999998807907104,0.3745235502719879,
poison/poispps/datapoisppspar/poisspd_pps_3e626c7b.csv,ok,281,10,2,modified_speed,2,modified_speed,1.0,all_windows,qualified_attack_window,10,7,0.7,True,0.28890299797058105,0.9727098941802979,0.01944391056895256,1.0,0.011804316192865372,0.9727098941802979,0.01944391056895256,1.0,0.011804316192865372,
poison/poispps/datapoisppspar/poisspd_pps_3e6850ee.csv,ok,292,11,2,modified_speed,2,modified_speed,0.9996723532676697,all_windows,qualified_attack_window,11,6,0.5454545454545454,True,0.4372398257255554,0.9853775501251221,0.02950458414852619,0.9996723532676697,0.023403281345963478,0.9853775501251221,0.02950458414852619,0.9996723532676697,0.023403281345963478,
poison/poispps/datapoisppspar/poisspd_pps_3e68c61a.csv,ok,455,21,2,modified_speed,2,modified_speed,1.0,all_windows,qualified_attack_window,21,8,0.38095238095238093,True,0.5980778336524963,0.994316041469574,0.030995884910225868,1.0,0.014416707679629326,0.994316041469574,0.030995884910225868,1.0,0.014416707679629326,
poison/poispps/datapoisppspar/poisspd_pps_3e68fe2b.csv,ok,390,17,2,modified_speed,2,modified_speed,0.9965682029724121,all_windows,qualified_attack_window,17,8,0.47058823529411764,True,0.5148802995681763,0.9829254746437073,0.06419261544942856,0.9965682029724121,0.012332247570157051,0.9829254746437073,0.06419261544942856,0.9965682029724121,0.012332247570157051,
poison/poispps/datapoisppspar/poisspd_pps_3e6a9fd2.csv,ok,435,20,2,modified_speed,2,modified_speed,1.0,all_windows,qualified_attack_window,20,9,0.45,True,0.5257466435432434,0.9811496138572693,0.05500754341483116,1.0,0.03779581934213638,0.9811496138572693,0.05500754341483116,1.0,0.03779581934213638,
poison/poispps/datapoisppspar/poisspd_pps_3e6d76dc.csv,ok,366,15,2,modified_speed,2,modified_speed,1.0,all_windows,qualified_attack_window,15,8,0.5333333333333333,True,0.4575158357620239,0.9870836734771729,0.012552984990179539,1.0,0.011113667860627174,0.9870836734771729,0.012552984990179539,1.0,0.011113667860627174,
poison/poispps/datapoisppspar/poisspd_pps_3e7390c7.csv,ok,489,23,2,modified_speed,2,modified_speed,1.0,all_windows,qualified_attack_window,23,8,0.34782608695652173,True,0.6243981719017029,0.9842599630355835,0.03695636987686157,1.0,0.026728278025984764,0.9842599630355835,0.03695636987686157,1.0,0.026728278025984764,
poison/poispps/datapoisppspar/poisspd_pps_3e74e618.csv,ok,479,22,2,modified_speed,2,modified_speed,0.9999087452888489,all_windows,qualified_attack_window,22,8,0.36363636363636365,True,0.6329084038734436,0.9907081127166748,0.012694713659584522,0.9999087452888489,0.03250931575894356,0.9907081127166748,0.012694713659584522,0.9999087452888489,0.03250931575894356,
poison/poispps/datapoisppspar/poisspd_pps_3e7fed81.csv,ok,329,13,2,modified_speed,2,modified_speed,1.0,all_windows,qualified_attack_window,13,9,0.6923076923076923,True,0.29644864797592163,0.9802420139312744,0.019640235230326653,1.0,0.00982402078807354,0.9802420139312744,0.019640235230326653,1.0,0.00982402078807354,
poison/poispps/datapoisppspar/poisspd_pps_3e82b0f2.csv,ok,316,12,2,modified_speed,2,modified_speed,1.0,all_windows,qualified_attack_window,12,7,0.5833333333333334,True,0.40391555428504944,0.9888186454772949,0.022422753274440765,1.0,0.01773873344063759,0.9888186454772949,0.022422753274440765,1.0,0.01773873344063759,
poison/poispps/datapoisppspar/poisspd_pps_3e86cbf8.csv,ok,269,9,2,modified_speed,2,modified_speed,1.0,all_windows,qualified_attack_window,9,8,0.8888888888888888,True,0.10773203521966934,0.9695879817008972,0.013382948003709316,1.0,0.008385964669287205,0.9695879817008972,0.013382948003709316,1.0,0.008385964669287205,
poison/poispps/datapoisppspar/poisspd_pps_3e8af529.csv,ok,317,12,2,modified_speed,2,modified_speed,1.0,all_windows,qualified_attack_window,12,8,0.6666666666666666,True,0.3234577476978302,0.9787334203720093,0.039285458624362946,1.0,0.017402317374944687,0.9787334203720093,0.039285458624362946,1.0,0.017402317374944687,
poison/poispps/datapoisppspar/poisspd_pps_3e8b84a2.csv,ok,436,20,2,modified_speed,2,modified_speed,1.0,all_windows,qualified_attack_window,20,7,0.35,True,0.6276828050613403,0.9874451756477356,0.04203621670603752,1.0,0.03289994224905968,0.9874451756477356,0.04203621670603752,1.0,0.03289994224905968,
poison/poispps/datapoisppspar/poisspd_pps_3e8e6711.csv,ok,306,12,2,modified_speed,2,modified_speed,0.9997753500938416,all_windows,qualified_attack_window,12,8,0.6666666666666666,True,0.32547610998153687,0.9857400059700012,0.016165684908628464,0.9997753500938416,0.012283454649150372,0.9857400059700012,0.016165684908628464,0.9997753500938416,0.012283454649150372,
poison/poispps/datapoisppspar/poisspd_pps_3e96ab36.csv,ok,413,18,2,modified_speed,2,modified_speed,1.0,all_windows,qualified_attack_window,18,8,0.4444444444444444,True,0.5119645595550537,0.9834007024765015,0.02345072478055954,1.0,0.1458965688943863,0.9834007024765015,0.02345072478055954,1.0,0.1458965688943863,
poison/poispps/datapoisppspar/poisspd_pps_3e9ac6c9.csv,ok,269,9,2,modified_speed,2,modified_speed,1.0,all_windows,qualified_attack_window,9,7,0.7777777777777778,True,0.2379918098449707,0.9754905104637146,0.11382722109556198,1.0,0.023631801828742027,0.9754905104637146,0.11382722109556198,1.0,0.023631801828742027,
poison/poispps/datapoisppspar/poisspd_pps_3eafacef.csv,ok,291,11,2,modified_speed,2,modified_speed,1.0,all_windows,qualified_attack_window,11,8,0.7272727272727273,True,0.2597430944442749,0.9608437418937683,0.023689014837145805,1.0,0.013326154090464115,0.9608437418937683,0.023689014837145805,1.0,0.013326154090464115,
poison/poispps/datapoisppspar/poisspd_pps_3eb09bc0.csv,ok,424,19,2,modified_speed,2,modified_speed,1.0,all_windows,qualified_attack_window,19,9,0.47368421052631576,True,0.494136244058609,0.9853593111038208,0.08893024921417236,1.0,0.0127449044957757,0.9853593111038208,0.08893024921417236,1.0,0.0127449044957757,
poison/poispps/datapoisppspar/poisspd_pps_3eb1065d.csv,ok,331,13,2,modified_speed,2,modified_speed,1.0,all_windows,qualified_attack_window,13,5,0.38461538461538464,True,0.5060727000236511,0.977403461933136,0.13662859797477722,1.0,0.09777441620826721,0.977403461933136,0.13662859797477722,1.0,0.09777441620826721,
poison/poispps/datapoisppspar/poisspd_pps_3eb144d3.csv,ok,319,12,2,modified_speed,2,modified_speed,1.0,all_windows,qualified_attack_window,12,9,0.75,True,0.24448318779468536,0.9812701344490051,0.011127672158181667,1.0,0.007056745234876871,0.9812701344490051,0.011127672158181667,1.0,0.007056745234876871,
poison/poispps/datapoisppspar/poisspd_pps_3eb4b51d.csv,ok,353,15,2,modified_speed,2,modified_speed,1.0,all_windows,qualified_attack_window,15,7,0.4666666666666667,True,0.5166146159172058,0.9820592999458313,0.025234412401914597,1.0,0.01480171736329794,0.9820592999458313,0.025234412401914597,1.0,0.01480171736329794,
poison/poispps/datapoisppspar/poisspd_pps_3eb4c033.csv,ok,327,13,2,modified_speed,2,modified_speed,1.0,all_windows,qualified_attack_window,13,9,0.6923076923076923,True,0.3032661974430084,0.9886876940727234,0.007180935703217983,1.0,0.006913214921951294,0.9886876940727234,0.007180935703217983,1.0,0.006913214921951294,
poison/poispps/datapoisppspar/poisspd_pps_3eb7532e.csv,ok,373,16,2,modified_speed,2,modified_speed,0.9999980926513672,all_windows,qualified_attack_window,16,5,0.3125,True,0.6484079957008362,0.9751166105270386,0.05235666036605835,0.9999980926513672,0.03424922004342079,0.9751166105270386,0.05235666036605835,0.9999980926513672,0.03424922004342079,
poison/poispps/datapoisppspar/poisspd_pps_3ebbb2d4.csv,ok,434,20,2,modified_speed,2,modified_speed,1.0,all_windows,qualified_attack_window,20,8,0.4,True,0.5789467096328735,0.9857825636863708,0.053986117243766785,1.0,0.0295566413551569,0.9857825636863708,0.053986117243766785,1.0,0.0295566413551569,
poison/poispps/datapoisppspar/poisspd_pps_3ebbed5a.csv,ok,382,16,2,modified_speed,2,modified_speed,1.0,all_windows,qualified_attack_window,16,8,0.5,True,0.47795772552490234,0.9890415072441101,0.04503275454044342,1.0,0.03959273546934128,0.9890415072441101,0.04503275454044342,1.0,0.03959273546934128,
poison/poispps/datapoisppspar/poisspd_pps_3ebc63e3.csv,ok,468,22,2,modified_speed,2,modified_speed,1.0,all_windows,qualified_attack_window,22,8,0.36363636363636365,True,0.6133747100830078,0.9877455830574036,0.0463612899184227,1.0,0.015782596543431282,0.9877455830574036,0.0463612899184227,1.0,0.015782596543431282,
poison/poispps/datapoisppspar/poisspd_pps_3ec01280.csv,ok,412,18,2,modified_speed,2,modified_speed,1.0,all_windows,qualified_attack_window,18,9,0.5,True,0.4871906638145447,0.9860420227050781,0.014950821176171303,1.0,0.01384799461811781,0.9860420227050781,0.014950821176171303,1.0,0.01384799461811781,
poison/poispps/datapoisppspar/poisspd_pps_3ec015d8.csv,ok,429,19,2,modified_speed,2,modified_speed,1.0,all_windows,qualified_attack_window,19,9,0.47368421052631576,True,0.513617217540741,0.9894508719444275,0.02663303166627884,1.0,0.025044012814760208,0.9894508719444275,0.02663303166627884,1.0,0.025044012814760208,
poison/poispps/datapoisppspar/poisspd_pps_3ec27b98.csv,ok,461,21,2,modified_speed,2,modified_speed,1.0,all_windows,qualified_attack_window,21,11,0.5238095238095238,True,0.4555715322494507,0.9800099730491638,0.0707802101969719,1.0,0.03950870409607887,0.9800099730491638,0.0707802101969719,1.0,0.03950870409607887,
poison/poispps/datapoisppspar/poisspd_pps_3ec6b3c3.csv,ok,358,15,2,modified_speed,2,modified_speed,1.0,all_windows,qualified_attack_window,15,8,0.5333333333333333,True,0.4340912401676178,0.9876017570495605,0.06336811929941177,1.0,0.008133960887789726,0.9876017570495605,0.06336811929941177,1.0,0.008133960887789726,
poison/poispps/datapoisppspar/poisspd_pps_3ec95ad2.csv,ok,255,8,2,modified_speed,2,modified_speed,0.9999998807907104,all_windows,qualified_attack_window,8,5,0.625,True,0.35164642333984375,0.9605586528778076,0.04425858333706856,0.9999998807907104,0.0353543721139431,0.9605586528778076,0.04425858333706856,0.9999998807907104,0.0353543721139431,
poison/poispps/datapoisppspar/poisspd_pps_3ec9602e.csv,ok,279,10,2,modified_speed,2,modified_speed,1.0,all_windows,qualified_attack_window,10,6,0.6,True,0.36081433296203613,0.9485116004943848,0.06649916619062424,1.0,0.04662211239337921,0.9485116004943848,0.06649916619062424,1.0,0.04662211239337921,
poison/poispps/datapoisppspar/poisspd_pps_3ecf1d5f.csv,ok,314,12,2,modified_speed,2,modified_speed,0.9999992847442627,all_windows,qualified_attack_window,12,8,0.6666666666666666,True,0.328885018825531,0.9940001368522644,0.011376085691154003,0.9999992847442627,0.009200605563819408,0.9940001368522644,0.011376085691154003,0.9999992847442627,0.009200605563819408,
poison/poispps/datapoisppspar/poisspd_pps_3ed7dd02.csv,ok,320,13,2,modified_speed,2,modified_speed,0.8903511762619019,all_windows,qualified_attack_window,13,7,0.5384615384615384,True,0.4587906002998352,0.9876996278762817,0.15517966449260712,0.8903511762619019,0.03531913086771965,0.9876996278762817,0.15517966449260712,0.8903511762619019,0.03531913086771965,
poison/poispps/datapoisppspar/poisspd_pps_3edabb6e.csv,ok,445,20,2,modified_speed,2,modified_speed,0.9999998807907104,all_windows,qualified_attack_window,20,8,0.4,True,0.5780714750289917,0.9846401214599609,0.037995945662260056,0.9999998807907104,0.01387058012187481,0.9846401214599609,0.037995945662260056,0.9999998807907104,0.01387058012187481,
poison/poispps/datapoisppspar/poisspd_pps_3edb74ff.csv,ok,476,22,2,modified_speed,2,modified_speed,1.0,all_windows,qualified_attack_window,22,8,0.36363636363636365,True,0.6162784099578857,0.983268141746521,0.025546196848154068,1.0,0.015143383294343948,0.983268141746521,0.025546196848154068,1.0,0.015143383294343948,
poison/poispps/datapoisppspar/poisspd_pps_3edf291e.csv,ok,441,20,2,modified_speed,2,modified_speed,0.9973516464233398,all_windows,qualified_attack_window,20,8,0.4,True,0.5836621522903442,0.9867029786109924,0.20315566658973694,0.9973516464233398,0.02236059308052063,0.9867029786109924,0.20315566658973694,0.9973516464233398,0.02236059308052063,
poison/poispps/datapoisppspar/poisspd_pps_3ee7b137.csv,ok,263,9,2,modified_speed,2,modified_speed,0.9999864101409912,all_windows,qualified_attack_window,9,6,0.6666666666666666,True,0.31041157245635986,0.9520442485809326,0.3866962492465973,0.9999864101409912,0.02523629739880562,0.9520442485809326,0.3866962492465973,0.9999864101409912,0.02523629739880562,
poison/poispps/datapoisppspar/poisspd_pps_3ef6a156.csv,ok,430,19,2,modified_speed,2,modified_speed,1.0,all_windows,qualified_attack_window,19,9,0.47368421052631576,True,0.5043694972991943,0.9752288460731506,0.035314977169036865,1.0,0.01255042850971222,0.9752288460731506,0.035314977169036865,1.0,0.01255042850971222,
poison/poispps/datapoisppspar/poisspd_pps_3ef78af1.csv,ok,367,15,2,modified_speed,2,modified_speed,1.0,all_windows,qualified_attack_window,15,9,0.6,True,0.3708513677120209,0.9818017482757568,0.05555896833539009,1.0,0.04923255741596222,0.9818017482757568,0.05555896833539009,1.0,0.04923255741596222,
poison/poispps/datapoisppspar/poisspd_pps_3ef9b50e.csv,ok,339,14,2,modified_speed,2,modified_speed,0.7568817734718323,all_windows,qualified_attack_window,14,1,0.07142857142857142,True,0.7380737066268921,0.9604679346084595,0.09162191301584244,0.7568817734718323,0.4364875853061676,0.9604679346084595,0.09162191301584244,0.7568817734718323,0.4364875853061676,
poison/poispps/datapoisppspar/poisspd_pps_3efd6222.csv,ok,270,9,2,modified_speed,2,modified_speed,1.0,all_windows,qualified_attack_window,9,9,1.0,True,2.1050816201295675e-08,1.8716897898229945e-07,2.7622388643067097e-06,1.0,1.2502165525063447e-08,1.8716897898229945e-07,2.7622388643067097e-06,1.0,1.2502165525063447e-08,
poison/poispps/datapoisppspar/poisspd_pps_3f0618cd.csv,ok,405,18,2,modified_speed,2,modified_speed,1.0,all_windows,qualified_attack_window,18,8,0.4444444444444444,True,0.5462032556533813,0.9914699792861938,0.013300900347530842,1.0,0.01080971397459507,0.9914699792861938,0.013300900347530842,1.0,0.01080971397459507,
poison/poispps/datapoisppspar/poisspd_pps_3f071cd8.csv,ok,341,14,2,modified_speed,2,modified_speed,0.9999861717224121,all_windows,qualified_attack_window,14,7,0.5,True,0.4740738272666931,0.9835910201072693,0.051558200269937515,0.9999861717224121,0.01690223626792431,0.9835910201072693,0.051558200269937515,0.9999861717224121,0.01690223626792431,
poison/poispps/datapoisppspar/poisspd_pps_3f0a952f.csv,ok,291,11,2,modified_speed,2,modified_speed,1.0,all_windows,qualified_attack_window,11,8,0.7272727272727273,True,0.26188695430755615,0.9715456366539001,0.024122605100274086,1.0,0.01734033413231373,0.9715456366539001,0.024122605100274086,1.0,0.01734033413231373,
poison/poispps/datapoisppspar/poisspd_pps_3f0a9ef6.csv,ok,423,19,2,modified_speed,2,modified_speed,1.0,all_windows,qualified_attack_window,19,9,0.47368421052631576,True,0.510723352432251,0.9841736555099487,0.02133760415017605,1.0,0.02776527777314186,0.9841736555099487,0.02133760415017605,1.0,0.02776527777314186,
poison/poispps/datapoisppspar/poisspd_pps_3f0e5812.csv,ok,337,14,2,modified_speed,2,modified_speed,0.760168731212616,all_windows,qualified_attack_window,14,3,0.21428571428571427,True,0.7169695496559143,0.9776238799095154,0.13759806752204895,0.760168731212616,0.04209785535931587,0.9776238799095154,0.13759806752204895,0.760168731212616,0.04209785535931587,
poison/poispps/datapoisppspar/poisspd_pps_3f0e8a5a.csv,ok,372,16,2,modified_speed,2,modified_speed,1.0,all_windows,qualified_attack_window,16,10,0.625,True,0.3581574559211731,0.9753750562667847,0.7956899404525757,1.0,0.03009757399559021,0.9753750562667847,0.7956899404525757,1.0,0.03009757399559021,
poison/poispps/datapoisppspar/poisspd_pps_3f0eaf7c.csv,ok,387,17,2,modified_speed,2,modified_speed,1.0,all_windows,qualified_attack_window,17,10,0.5882352941176471,True,0.36663001775741577,0.9610055685043335,0.13178454339504242,1.0,0.10810676217079163,0.9610055685043335,0.13178454339504242,1.0,0.10810676217079163,
poison/poispps/datapoisppspar/poisspd_pps_3f10986f.csv,ok,289,11,2,modified_speed,2,modified_speed,1.0,all_windows,qualified_attack_window,11,9,0.8181818181818182,True,0.1785355657339096,0.9845161437988281,0.008435457944869995,1.0,0.006323461886495352,0.9845161437988281,0.008435457944869995,1.0,0.006323461886495352,
poison/poispps/datapoisppspar/poisspd_pps_3f11f85c.csv,ok,278,10,2,modified_speed,2,modified_speed,1.0,all_windows,qualified_attack_window,10,8,0.8,True,0.18912644684314728,0.960090160369873,0.028294723480939865,1.0,0.022868111729621887,0.960090160369873,0.028294723480939865,1.0,0.022868111729621887,
poison/poispps/datapoisppspar/poisspd_pps_3f150622.csv,ok,334,13,2,modified_speed,2,modified_speed,0.999940037727356,all_windows,qualified_attack_window,13,8,0.6153846153846154,True,0.373105525970459,0.9787617325782776,0.9262390732765198,0.999940037727356,0.021900780498981476,0.9787617325782776,0.9262390732765198,0.999940037727356,0.021900780498981476,
poison/poispps/datapoisppspar/poisspd_pps_3f18d38a.csv,ok,614,31,2,modified_speed,2,modified_speed,1.0,all_windows,qualified_attack_window,31,9,0.2903225806451613,True,0.7026411890983582,0.9976731538772583,0.019282488152384758,1.0,0.00941501185297966,0.9976731538772583,0.019282488152384758,1.0,0.00941501185297966,
poison/poispps/datapoisppspar/poisspd_pps_3f1976b1.csv,ok,325,13,2,modified_speed,0,authentic,0.9672465324401855,all_windows,no_qualified_attack_window,13,0,0.0,False,0.8517962694168091,0.9672465324401855,0.18131399154663086,0.4240056872367859,0.0547262541949749,0.9672465324401855,0.18131399154663086,0.4240056872367859,0.0547262541949749,
poison/poispps/datapoisppspar/poisspd_pps_3f19a49f.csv,ok,398,17,2,modified_speed,2,modified_speed,1.0,all_windows,qualified_attack_window,17,6,0.35294117647058826,True,0.5912128686904907,0.9858673214912415,0.45250165462493896,1.0,0.014944728463888168,0.9858673214912415,0.45250165462493896,1.0,0.014944728463888168,
poison/poispps/datapoisppspar/poisspd_pps_3f1c255d.csv,ok,287,10,2,modified_speed,2,modified_speed,1.0,all_windows,qualified_attack_window,10,8,0.8,True,0.1933867633342743,0.9930523633956909,0.0275933388620615,1.0,0.021724766120314598,0.9930523633956909,0.0275933388620615,1.0,0.021724766120314598,
poison/poispps/datapoisppspar/poisspd_pps_3f1c4ede.csv,ok,241,8,2,modified_speed,2,modified_speed,1.0,all_windows,qualified_attack_window,8,8,1.0,True,1.8007943936027004e-07,9.416654052074591e-07,4.153558620600961e-05,1.0,2.0477861539802689e-07,9.416654052074591e-07,4.153558620600961e-05,1.0,2.0477861539802689e-07,
poison/poispps/datapoisppspar/poisspd_pps_3f1e5295.csv,ok,363,15,2,modified_speed,2,modified_speed,0.9999985694885254,all_windows,qualified_attack_window,15,7,0.4666666666666667,True,0.49183690547943115,0.9883935451507568,0.29369398951530457,0.9999985694885254,0.04289522394537926,0.9883935451507568,0.29369398951530457,0.9999985694885254,0.04289522394537926,
poison/poispps/datapoisppspar/poisspd_pps_3f21c272.csv,ok,479,22,2,modified_speed,2,modified_speed,1.0,all_windows,qualified_attack_window,22,8,0.36363636363636365,True,0.6218283772468567,0.9957870841026306,0.04923579469323158,1.0,0.01947103627026081,0.9957870841026306,0.04923579469323158,1.0,0.01947103627026081,
poison/poispps/datapoisppspar/poisspd_pps_3f21e416.csv,ok,333,13,2,modified_speed,2,modified_speed,1.0,all_windows,qualified_attack_window,13,8,0.6153846153846154,True,0.36411377787590027,0.9884310960769653,0.05845902860164642,1.0,0.046061400324106216,0.9884310960769653,0.05845902860164642,1.0,0.046061400324106216,
poison/poispps/datapoisppspar/poisspd_pps_3f22ddbb.csv,ok,325,13,2,modified_speed,2,modified_speed,0.9999833703041077,all_windows,qualified_attack_window,13,8,0.6153846153846154,True,0.3769803047180176,0.9885543584823608,0.0146937882527709,0.9999833703041077,0.00911844801157713,0.9885543584823608,0.0146937882527709,0.9999833703041077,0.00911844801157713,
poison/poispps/datapoisppspar/poisspd_pps_3f2f38e4.csv,ok,380,16,2,modified_speed,2,modified_speed,0.858352541923523,all_windows,qualified_attack_window,16,4,0.25,True,0.6866088509559631,0.9783969521522522,0.13520672917366028,0.858352541923523,0.11126581579446793,0.9783969521522522,0.13520672917366028,0.858352541923523,0.11126581579446793,
poison/poispps/datapoisppspar/poisspd_pps_3f314db7.csv,ok,327,13,2,modified_speed,2,modified_speed,0.9999998807907104,all_windows,qualified_attack_window,13,10,0.7692307692307693,True,0.23225238919258118,0.9818437099456787,0.03413810580968857,0.9999998807907104,0.017400497570633888,0.9818437099456787,0.03413810580968857,0.9999998807907104,0.017400497570633888,
poison/poispps/datapoisppspar/poisspd_pps_3f326c32.csv,ok,307,12,2,modified_speed,2,modified_speed,1.0,all_windows,qualified_attack_window,12,8,0.6666666666666666,True,0.31754136085510254,0.9626361727714539,0.02022993564605713,1.0,0.02411443181335926,0.9626361727714539,0.02022993564605713,1.0,0.02411443181335926,
poison/poispps/datapoisppspar/poisspd_pps_3f35aa6c.csv,ok,440,20,2,modified_speed,2,modified_speed,1.0,all_windows,qualified_attack_window,20,9,0.45,True,0.5339396595954895,0.9891281127929688,0.03682830184698105,1.0,0.014321452006697655,0.9891281127929688,0.03682830184698105,1.0,0.014321452006697655,
poison/poispps/datapoisppspar/poisspd_pps_3f369ee5.csv,ok,403,18,2,modified_speed,2,modified_speed,1.0,all_windows,qualified_attack_window,18,9,0.5,True,0.49020862579345703,0.9901109933853149,0.016313230618834496,1.0,0.008640510961413383,0.9901109933853149,0.016313230618834496,1.0,0.008640510961413383,
poison/poispps/datapoisppspar/poisspd_pps_3f3a0618.csv,ok,393,17,2,modified_speed,2,modified_speed,1.0,all_windows,qualified_attack_window,17,8,0.47058823529411764,True,0.5145173072814941,0.9904550313949585,0.036792680621147156,1.0,0.015177511610090733,0.9904550313949585,0.036792680621147156,1.0,0.015177511610090733,
poison/poispps/datapoisppspar/poisspd_pps_3f3a6a75.csv,ok,287,10,2,modified_speed,2,modified_speed,1.0,all_windows,qualified_attack_window,10,7,0.7,True,0.28915315866470337,0.9810465574264526,0.023168593645095825,1.0,0.011564084328711033,0.9810465574264526,0.023168593645095825,1.0,0.011564084328711033,
poison/poispps/datapoisppspar/poisspd_pps_3f3ae357.csv,ok,248,8,2,modified_speed,2,modified_speed,0.9999998807907104,all_windows,qualified_attack_window,8,6,0.75,True,0.24247056245803833,0.976421594619751,0.01538592204451561,0.9999998807907104,0.011960162781178951,0.976421594619751,0.01538592204451561,0.9999998807907104,0.011960162781178951,
poison/poispps/datapoisppspar/poisspd_pps_3f3d4a17.csv,ok,245,8,2,modified_speed,2,modified_speed,1.0,all_windows,qualified_attack_window,8,7,0.875,True,0.11871505528688431,0.9497191309928894,0.022849643602967262,1.0,0.01404428668320179,0.9497191309928894,0.022849643602967262,1.0,0.01404428668320179,
poison/poispps/datapoisppspar/poisspd_pps_3f3eb60d.csv,ok,336,14,2,modified_speed,2,modified_speed,0.9999990463256836,all_windows,qualified_attack_window,14,6,0.42857142857142855,True,0.5509859323501587,0.9823637008666992,0.04045499116182327,0.9999990463256836,0.026815012097358704,0.9823637008666992,0.04045499116182327,0.9999990463256836,0.026815012097358704,
poison/poispps/datapoisppspar/poisspd_pps_3f3ed080.csv,ok,299,11,2,modified_speed,2,modified_speed,1.0,all_windows,qualified_attack_window,11,9,0.8181818181818182,True,0.1770549714565277,0.9726702570915222,0.011115200817584991,1.0,0.0106984693557024,0.9726702570915222,0.011115200817584991,1.0,0.0106984693557024,
poison/poispps/datapoisppspar/poisspd_pps_3f41a9e4.csv,ok,313,12,2,modified_speed,2,modified_speed,1.0,all_windows,qualified_attack_window,12,8,0.6666666666666666,True,0.3220713436603546,0.9818204641342163,0.030556583777070045,1.0,0.009051310829818249,0.9818204641342163,0.030556583777070045,1.0,0.009051310829818249,
poison/poispps/datapoisppspar/poisspd_pps_3f437085.csv,ok,274,10,2,modified_speed,2,modified_speed,0.9911391139030457,all_windows,qualified_attack_window,10,2,0.2,True,0.735243022441864,0.9666434526443481,0.04980733245611191,0.9911391139030457,0.03442399948835373,0.9666434526443481,0.04980733245611191,0.9911391139030457,0.03442399948835373,
poison/poispps/datapoisppspar/poisspd_pps_3f45ef37.csv,ok,248,8,2,modified_speed,2,modified_speed,1.0,all_windows,qualified_attack_window,8,6,0.75,True,0.23632600903511047,0.9563922882080078,0.023098232224583626,1.0,0.013739540241658688,0.9563922882080078,0.023098232224583626,1.0,0.013739540241658688,
poison/poispps/datapoisppspar/poisspd_pps_3f474a36.csv,ok,269,9,2,modified_speed,2,modified_speed,1.0,all_windows,qualified_attack_window,9,8,0.8888888888888888,True,0.06834254413843155,0.6150718927383423,0.03493233770132065,1.0,0.01816137507557869,0.6150718927383423,0.03493233770132065,1.0,0.01816137507557869,
poison/poispps/datapoisppspar/poisspd_pps_3f4a8aff.csv,ok,401,18,2,modified_speed,2,modified_speed,1.0,all_windows,qualified_attack_window,18,8,0.4444444444444444,True,0.5369642972946167,0.9791667461395264,0.02375371940433979,1.0,0.011652148328721523,0.9791667461395264,0.02375371940433979,1.0,0.011652148328721523,
poison/poispps/datapoisppspar/poisspd_pps_3f4b144a.csv,ok,311,12,2,modified_speed,2,modified_speed,0.6674813032150269,all_windows,qualified_attack_window,12,4,0.3333333333333333,True,0.6196905374526978,0.986693799495697,0.17443731427192688,0.6674813032150269,0.0426514558494091,0.986693799495697,0.17443731427192688,0.6674813032150269,0.0426514558494091,
poison/poispps/datapoisppspar/poisspd_pps_3f4b60b3.csv,ok,309,12,2,modified_speed,0,authentic,0.9422858357429504,all_windows,no_qualified_attack_window,12,0,0.0,False,0.8877479434013367,0.9422858357429504,0.051388002932071686,0.03355063498020172,0.15372328460216522,0.9422858357429504,0.051388002932071686,0.03355063498020172,0.15372328460216522,
poison/poispps/datapoisppspar/poisspd_pps_3f52629f.csv,ok,378,16,2,modified_speed,2,modified_speed,1.0,all_windows,qualified_attack_window,16,9,0.5625,True,0.4242597818374634,0.9852442145347595,0.02407461404800415,1.0,0.013228119350969791,0.9852442145347595,0.02407461404800415,1.0,0.013228119350969791,
poison/poispps/datapoisppspar/poisspd_pps_3f530227.csv,ok,427,19,2,modified_speed,2,modified_speed,1.0,all_windows,qualified_attack_window,19,12,0.631578947368421,True,0.3430076241493225,0.9882505536079407,0.05587708577513695,1.0,0.09281378984451294,0.9882505536079407,0.05587708577513695,1.0,0.09281378984451294,
poison/poispps/datapoisppspar/poisspd_pps_3f556511.csv,ok,281,10,2,modified_speed,2,modified_speed,1.0,all_windows,qualified_attack_window,10,7,0.7,True,0.32028457522392273,0.9898808002471924,0.01229690108448267,1.0,0.010117162019014359,0.9898808002471924,0.01229690108448267,1.0,0.010117162019014359,
poison/poispps/datapoisppspar/poisspd_pps_3f5acae1.csv,ok,476,22,2,modified_speed,2,modified_speed,1.0,all_windows,qualified_attack_window,22,8,0.36363636363636365,True,0.6197046637535095,0.9898563623428345,0.025794576853513718,1.0,0.01707133837044239,0.9898563623428345,0.025794576853513718,1.0,0.01707133837044239,
poison/poispps/datapoisppspar/poisspd_pps_3f5fc518.csv,ok,320,13,2,modified_speed,2,modified_speed,0.9999133944511414,all_windows,qualified_attack_window,13,8,0.6153846153846154,True,0.37174496054649353,0.9827389121055603,0.22315798699855804,0.9999133944511414,0.022362085059285164,0.9827389121055603,0.22315798699855804,0.9999133944511414,0.022362085059285164,
poison/poispps/datapoisppspar/poisspd_pps_3f63398e.csv,ok,426,19,2,modified_speed,2,modified_speed,0.999998927116394,all_windows,qualified_attack_window,19,8,0.42105263157894735,True,0.5575093030929565,0.9901421070098877,0.04130745679140091,0.999998927116394,0.02624736912548542,0.9901421070098877,0.04130745679140091,0.999998927116394,0.02624736912548542,
poison/poispps/datapoisppspar/poisspd_pps_3f643d6d.csv,ok,284,10,2,modified_speed,2,modified_speed,1.0,all_windows,qualified_attack_window,10,8,0.8,True,0.17584986984729767,0.9223167300224304,0.06540536135435104,1.0,0.03311511501669884,0.9223167300224304,0.06540536135435104,1.0,0.03311511501669884,
poison/poispps/datapoisppspar/poisspd_pps_3f67a7b3.csv,ok,381,16,2,modified_speed,2,modified_speed,1.0,all_windows,qualified_attack_window,16,8,0.5,True,0.48590320348739624,0.9862440228462219,0.018097002059221268,1.0,0.01282124686986208,0.9862440228462219,0.018097002059221268,1.0,0.01282124686986208,
poison/poispps/datapoisppspar/poisspd_pps_3f67d5ec.csv,ok,401,18,2,modified_speed,2,modified_speed,1.0,all_windows,qualified_attack_window,18,8,0.4444444444444444,True,0.5427381992340088,0.9874752759933472,0.013947595842182636,1.0,0.010755610652267933,0.9874752759933472,0.013947595842182636,1.0,0.010755610652267933,
poison/poispps/datapoisppspar/poisspd_pps_3f6eb08e.csv,ok,341,14,2,modified_speed,2,modified_speed,0.9921690821647644,all_windows,qualified_attack_window,14,8,0.5714285714285714,True,0.40550270676612854,0.9448686242103577,0.41627824306488037,0.9921690821647644,0.032946981489658356,0.9448686242103577,0.41627824306488037,0.9921690821647644,0.032946981489658356,
poison/poispps/datapoisppspar/poisspd_pps_3f6f3ab3.csv,ok,325,13,2,modified_speed,2,modified_speed,1.0,all_windows,qualified_attack_window,13,8,0.6153846153846154,True,0.37661904096603394,0.995326817035675,0.01983259990811348,1.0,0.010391905903816223,0.995326817035675,0.01983259990811348,1.0,0.010391905903816223,
poison/poispps/datapoisppspar/poisspd_pps_3f73ba3f.csv,ok,242,8,2,modified_speed,2,modified_speed,0.9999818205833435,all_windows,qualified_attack_window,8,7,0.875,True,0.11562704294919968,0.9249237179756165,0.02823389135301113,0.9999818205833435,0.02013487182557583,0.9249237179756165,0.02823389135301113,0.9999818205833435,0.02013487182557583,
poison/poispps/datapoisppspar/poisspd_pps_3f76d97b.csv,ok,408,18,2,modified_speed,2,modified_speed,0.9999990463256836,all_windows,qualified_attack_window,18,7,0.3888888888888889,True,0.5856086015701294,0.9850132465362549,0.04620593413710594,0.9999990463256836,0.031827155500650406,0.9850132465362549,0.04620593413710594,0.9999990463256836,0.031827155500650406,
poison/poispps/datapoisppspar/poisspd_pps_3f77a52d.csv,ok,331,13,2,modified_speed,2,modified_speed,1.0,all_windows,qualified_attack_window,13,9,0.6923076923076923,True,0.3037682771682739,0.969155490398407,0.4263691008090973,1.0,0.011356571689248085,0.969155490398407,0.4263691008090973,1.0,0.011356571689248085,
poison/poispps/datapoisppspar/poisspd_pps_3f82a0d7.csv,ok,282,10,2,modified_speed,2,modified_speed,0.9999637007713318,all_windows,qualified_attack_window,10,7,0.7,True,0.3031630218029022,0.9718971848487854,0.0947953462600708,0.9999637007713318,0.04182133451104164,0.9718971848487854,0.0947953462600708,0.9999637007713318,0.04182133451104164,
poison/poispps/datapoisppspar/poisspd_pps_3f835069.csv,ok,476,22,2,modified_speed,2,modified_speed,0.9999991655349731,all_windows,qualified_attack_window,22,10,0.45454545454545453,True,0.5328667163848877,0.9913735389709473,0.10349740833044052,0.9999991655349731,0.012777903117239475,0.9913735389709473,0.10349740833044052,0.9999991655349731,0.012777903117239475,
poison/poispps/datapoisppspar/poisspd_pps_3f8a28fd.csv,ok,297,11,2,modified_speed,2,modified_speed,1.0,all_windows,qualified_attack_window,11,7,0.6363636363636364,True,0.3366290330886841,0.9666178822517395,0.053243495523929596,1.0,0.041859328746795654,0.9666178822517395,0.053243495523929596,1.0,0.041859328746795654,
poison/poispps/datapoisppspar/poisspd_pps_3f8e33ee.csv,ok,294,11,2,modified_speed,2,modified_speed,1.0,all_windows,qualified_attack_window,11,7,0.6363636363636364,True,0.3537827730178833,0.9884672164916992,0.016983836889266968,1.0,0.01567644439637661,0.9884672164916992,0.016983836889266968,1.0,0.01567644439637661,
poison/poispps/datapoisppspar/poisspd_pps_3f8f2d43.csv,ok,393,17,2,modified_speed,2,modified_speed,1.0,all_windows,qualified_attack_window,17,8,0.47058823529411764,True,0.5024475455284119,0.9915779829025269,0.019029928371310234,1.0,0.09316132962703705,0.9915779829025269,0.019029928371310234,1.0,0.09316132962703705,
poison/poispps/datapoisppspar/poisspd_pps_3f91efe4.csv,ok,394,17,2,modified_speed,2,modified_speed,0.9999998807907104,all_windows,qualified_attack_window,17,11,0.6470588235294118,True,0.3561031222343445,0.9805489778518677,0.055778618901968,0.9999998807907104,0.03693903237581253,0.9805489778518677,0.055778618901968,0.9999998807907104,0.03693903237581253,
poison/poispps/datapoisppspar/poisspd_pps_3f935e62.csv,ok,428,19,2,modified_speed,2,modified_speed,1.0,all_windows,qualified_attack_window,19,9,0.47368421052631576,True,0.5066470503807068,0.9801482558250427,0.025941865518689156,1.0,0.02232680469751358,0.9801482558250427,0.025941865518689156,1.0,0.02232680469751358,
poison/poispps/datapoisppspar/poisspd_pps_3f967712.csv,ok,282,10,2,modified_speed,2,modified_speed,0.9999909400939941,all_windows,qualified_attack_window,10,5,0.5,True,0.464078426361084,0.9838060140609741,0.07345341891050339,0.9999909400939941,0.06092233955860138,0.9838060140609741,0.07345341891050339,0.9999909400939941,0.06092233955860138,
poison/poispps/datapoisppspar/poisspd_pps_inf_14.csv,ok,293,11,2,modified_speed,2,modified_speed,1.0,all_windows,qualified_attack_window,11,7,0.6363636363636364,True,0.3497389256954193,0.9789776802062988,0.021530000492930412,1.0,0.015869202092289925,0.9789776802062988,0.021530000492930412,1.0,0.015869202092289925,
poison/poispps/datapoisppspar/poisspd_pps_inf_16.csv,ok,504,24,2,modified_speed,2,modified_speed,0.9992823004722595,all_windows,qualified_attack_window,24,15,0.625,True,0.4064198434352875,0.9955348968505859,0.03266334533691406,0.9992823004722595,0.9914071559906006,0.9955348968505859,0.03266334533691406,0.9992823004722595,0.9914071559906006,
