bin_id,route_progress_center,route_progress_bin_center,latitude,longitude,verticalSpeed_ms,x_wrt0,y_wrt0,altitude_meters,speed_kmh,delta_altitude,delta_speed,delta_heading,turn_rate,acceleration,distance_per_timestep
0,0.00025,0.00025,14.49879525,121.001835,0.0,38.161203462586414,26.325435245314722,0.0,24.05,0.0,9.200000000000005,0.0,0.0,0.46160714285714277,31.280183404818146
1,0.00075,0.00075,14.500649,121.0051115,0.0,340.07845464535853,237.84627661958453,0.0,151.9,0.0,35.199999999999996,0.0,0.0,8.644444444444444,163.35729506816978
2,0.00125,0.00125,14.501795000000001,121.007225,0.3,640.967588993461,393.4081938663711,23.0,200.0,0.0,22.19999999999999,0.0,0.0,7.637500000000003,149.93513111088097
3,0.00175,0.00175,14.503257,121.009682,0.35,921.1329212319663,556.809364269496,26.5,235.2,0.0,18.5,0.0,0.0,7.400000000000002,158.59741013481243
4,0.00225,0.00225,14.5047225,121.011703,0.85,1191.7700964938354,712.3156839759461,30.0,264.79999999999995,0.0,16.69999999999999,0.0,0.0,6.474999999999994,188.16115917296412
5,0.00275,0.00275,14.506119,121.014168,2.3,1468.5404456611122,873.7709404747167,38.0,285.2,0.0,13.900000000000006,0.0,0.0,5.144444444444442,204.51281490281184
6,0.00325,0.00325,14.50762025,121.01651749999999,10.25,1718.6099106818715,1034.3366363320806,69.0,294.5,26.5,7.400000000000034,0.0,0.0,2.325000000000003,256.35421619990456
7,0.00375,0.00375,14.508982499999998,121.019043,12.7,1994.2444278810365,1198.57176983716,114.0,296.3,34.0,0.0,0.0,0.0,0.0,282.6902119947238
8,0.00425,0.00425,14.510284,121.02133549999999,14.0,2226.6051959739493,1355.134442806292,171.5,292.6,68.0,-1.8499999999999943,0.0,0.0,-0.4750000000000085,493.3993721943413
9,0.00475,0.00475,14.511915,121.023781,14.0,2514.833961243525,1530.4890843343949,228.5,290.8,84.0,-1.8499999999999943,0.0,0.0,-0.45000000000000284,523.7212081307424
10,0.00525,0.00525,14.51326,121.0261305,13.7,2789.1486923921957,1680.15766232849,278.25,289.85,84.0,-1.8000000000000114,0.0,0.0,-0.4111111111111161,520.0081874242354
11,0.00575,0.00575,14.514862,121.028801,13.0,3067.60069230422,1857.0690349800057,331.5,288.9,77.0,-0.9499999999999886,0.0,0.0,-0.2571428571428547,504.0011650201251
12,0.00625,0.00625,14.516281,121.030838,12.05,3306.5791877900483,2020.4146078431477,381.0,288.0,76.0,-0.950000000000017,0.0,0.0,-0.2571428571428588,501.0804712314985
13,0.00675,0.00675,14.517827,121.03369925,10.9,3610.2403970573987,2189.5423248784846,419.0,288.9,69.0,0.0,0.0,0.0,0.0,529.352703114959
14,0.00725,0.00725,14.519302,121.03588675,9.4,3852.2826175389255,2355.278591966551,457.0,289.85,61.0,0.8999999999999772,0.0,0.0,0.2000000000000012,525.8164411827859
15,0.00775,0.00775,14.5209,121.03846,8.3,4142.541588645933,2529.0209048314355,495.0,293.55,57.0,1.8499999999999943,0.0,0.0,0.45000000000000284,545.6057409180767
16,0.00825,0.00825,14.52253,121.0408705,7.8,4392.271229131315,2709.990897911431,533.0,296.3,53.0,3.6999999999999886,0.0,0.0,0.6999999999999993,575.3570817619533
17,0.00875,0.00875,14.52388,121.04353525,7.5,4672.306117956556,2856.1012333384842,564.0,300.0,53.0,3.700000000000017,0.0,0.0,0.9249999999999972,579.503649490729
18,0.00925,0.00925,14.525345,121.045609,7.5,4902.263505084838,3021.0591348651983,594.0,303.7,53.0,5.550000000000011,0.0,0.0,1.2333333333333358,600.9805253396144
19,0.00975,0.00975,14.526901,121.048035,7.2,5174.164560067525,3184.6270978886255,632.0,311.1,53.0,7.399999999999977,0.0,0.0,1.625,616.1779430392135
20,0.01025,0.01025,14.528366,121.05079275,7.425,5457.386308781954,3349.9463834255826,655.0,313.0,53.0,7.399999999999977,0.0,0.0,1.6444444444444457,640.3413049342539
21,0.01075,0.01075,14.529792,121.053192,7.2,5723.577621921727,3505.8696846831426,693.0,322.2,46.0,11.099999999999966,0.0,0.0,1.8555555555555543,636.2550104929055
22,0.01125,0.01125,14.531296,121.0558625,7.2,6008.442005436297,3682.3918745537167,724.0,327.8,46.0,9.199999999999989,0.0,0.0,1.8571428571428572,650.5689972125377
23,0.01175,0.01175,14.53255775,121.058754,6.8,6302.214623353211,3809.93263158173,754.0,334.29999999999995,45.0,7.4750000000000085,0.0,0.0,2.0555555555555554,648.5681803759785
24,0.01225,0.01225,14.534214,121.061241,7.2,6585.755737012994,3988.567527976784,792.0,340.75,45.0,7.399999999999977,0.0,0.0,1.991666666666665,651.8268937110197
25,0.01275,0.01275,14.535324,121.063652,6.65,6843.577258679772,4113.773188319678,815.0,350.0,38.0,8.349999999999994,0.0,0.0,2.114285714285716,651.6356856020166
26,0.01325,0.01325,14.536606,121.066589,6.5,7139.354622488732,4260.217108987336,849.5,350.0,38.0,7.399999999999977,0.0,0.0,2.075000000000003,594.3975279441966
27,0.01375,0.01375,14.537727,121.069191,6.5,7429.9627287851,4393.901394197965,884.0,357.4,38.0,6.949999999999989,0.0,0.0,2.114285714285716,556.3090093016519
28,0.01425,0.01425,14.53907825,121.07190525,6.275,7720.301261210789,4549.824695455702,912.25,363.0,23.0,7.399999999999977,0.0,0.0,2.3249999999999886,464.190021101958
29,0.01475,0.01475,14.540085,121.0745845,5.9,8000.763558495335,4653.625302853708,945.0,371.35,23.0,7.399999999999977,0.0,0.0,2.325000000000003,341.88355041223093
30,0.01525,0.01525,14.541248,121.0771675,5.9,8282.351836166028,4782.972979935499,967.75,376.0,19.0,6.5,0.0,0.0,2.4666666666666672,262.6114316516395
31,0.01575,0.01575,14.542546,121.079842,5.9,8581.855024691718,4906.26052514412,975.5,387.1,19.0,7.399999999999977,0.0,0.0,2.466666666666669,269.8066398622031
32,0.01625,0.01625,14.54361,121.082405,6.2,8848.137696048394,5019.345921741734,998.0,396.3,16.0,6.5,0.5,0.125,2.4666666666666717,258.96406022548894
33,0.01675,0.01675,14.544641500000001,121.0851555,6.2,9128.190296459514,5145.441142726478,1024.5,403.7,15.5,5.600000000000023,0.5,0.125,2.477777777777779,259.99611399131663
34,0.01725,0.01725,14.5450985,121.087891,6.5,9431.107890947984,5178.466081555916,1044.0,408.8,15.5,5.6000000000000085,1.0,0.1547619047619047,2.4666666666666592,258.27399114271174
35,0.01775,0.01775,14.546985499999998,121.090439,6.8,9696.472979813865,5357.490160732088,1049.75,418.6,16.0,5.599999999999966,1.0,0.1666666666666666,2.4666666666666592,264.1589707585333
36,0.01825,0.01825,14.546951,121.0930135,6.8,9984.6542253545,5386.067296351928,1082.0,422.3,15.5,5.550000000000011,1.0,0.25,2.325000000000003,260.16875292766485
37,0.01875,0.01875,14.547994,121.095047,7.5,10213.799201517251,5483.474186636513,1090.0,430.6,16.0,5.550000000000011,1.0,0.2857142857142857,2.1666666666666665,264.98591797754165
38,0.01925,0.01925,14.548737,121.097527,7.8,10478.315047055416,5582.660198204441,1120.0,433.4,16.0,5.5,1.0,0.3333333333333333,1.8571428571428572,266.0798418605932
39,0.01975,0.01975,14.549614,121.10003475,8.1,10753.709888223519,5587.469385424636,1139.0,437.1,22.0,5.5,1.0,0.3333333333333333,1.8500000000000227,270.662143025451
40,0.02025,0.02025,14.549995,121.10215,8.95,10987.08478616555,5649.154856184597,1158.0,442.6,23.0,3.7000000000000455,1.0,0.3333333333333333,1.8499999999999943,270.32111252776406
41,0.02075,0.02075,14.550753,121.1047745,9.8,11238.777719753123,5729.409905343243,1175.25,444.5,23.0,3.6999999999999886,1.0,0.3333333333333333,1.8499999999999943,275.0902908747253
42,0.02125,0.02125,14.550934,121.106415,10.7,11445.130093324206,5736.776579408488,1196.0,448.2,23.0,3.6999999999999886,1.0,0.25,1.8499999999999943,273.3883150482121
43,0.02175,0.02175,14.551997,121.109116,11.4,11723.991433670051,5748.896843153769,1219.0,451.9,23.0,3.6999999999999886,1.0,0.3333333333333333,1.3916666666666706,278.35560952029675
44,0.02225,0.02225,14.553144,121.111198,11.75,11934.407782869848,5863.094190553871,1242.0,453.7,23.0,3.6999999999999886,1.0,0.25,1.224999999999999,278.8380018199627
45,0.02275,0.02275,14.552592,121.11310950000001,12.025,12169.154209915961,5836.963346698939,1265.0,459.3,26.5,2.75,1.0,0.25,0.950000000000017,280.9393736141694
46,0.02325,0.02325,14.5535945,121.11518849999999,12.7,12416.531634541188,6022.937118389424,1288.0,463.0,30.0,1.8999999999999773,0.5,0.16666666666666666,0.9499999999999886,282.76337704036587
47,0.02375,0.02375,14.552742,121.1172945,13.0,12593.381026277675,5907.183039866439,1318.0,464.9,30.0,1.8999999999999773,0.5,0.125,0.9000000000000057,282.4035178943582
48,0.02425,0.02425,14.553067,121.116882,13.3,12526.45815368738,5839.632028624485,1337.5,468.6,30.0,1.8000000000000682,0.0,0.0,0.9000000000000057,284.8726614947406
49,0.02475,0.02475,14.5540935,121.1200675,13.3,12919.383669155992,6013.31874394921,1367.5,472.3,30.0,1.8000000000000114,0.0,0.0,0.6333333333333447,287.74657131507865
50,0.02525,0.02525,14.552454000000001,121.120243,13.3,12888.65860539725,5790.761790862068,1394.0,476.0,30.0,1.8000000000000114,0.0,0.0,0.8380341880341908,289.78218575125493
51,0.02575,0.02575,14.552742,121.1122745,13.7,11713.203511801443,5807.21866273645,1432.75,477.8,30.0,1.8000000000000114,0.0,0.0,0.6333333333333258,288.7435724312536
52,0.02625,0.02625,14.553146,121.1166645,13.65,12217.862013842932,5714.176179350872,1459.5,481.5,30.0,1.8000000000000114,0.0,0.0,0.6055555555555574,291.480418289446
53,0.02675,0.02675,14.551941,121.114136,13.3,11920.74977368169,5558.308475633914,1494.0,481.5,30.0,1.8000000000000114,0.0,0.0,0.6333333333333258,291.56764319744667
54,0.02725,0.02725,14.553164,121.115128,13.7,11975.879360992638,5690.185840790676,1524.0,481.5,30.0,1.7999999999999543,0.0,0.0,0.4624999999999986,291.3849835747951
55,0.02775,0.02775,14.552178999999999,121.1145745,13.7,11952.558608730787,5568.510624245186,1560.25,483.4,30.5,1.7999999999999543,0.0,0.0,0.4750000000000085,295.4181856676142
56,0.02825,0.02825,14.552602,121.11232,13.7,11683.606089839732,5617.686648478217,1600.0,485.2,30.0,1.7999999999999543,0.0,0.0,0.528571428571431,292.85941060827037
57,0.02875,0.02875,14.5519865,121.012222,13.7,-1757.9563975113665,5525.950707285685,1638.0,485.2,30.5,1.7999999999999543,0.0,0.0,0.3000000000000019,293.79421561039
58,0.02925,0.02925,14.552078,120.969353,13.7,-5392.619957847235,5443.443957752248,1676.0,487.1,30.5,1.8000000000000114,0.0,0.0,0.4750000000000085,297.24267575532434
59,0.02975,0.02975,14.5523365,120.963402,13.7,-5913.8801166663225,5468.462850804869,1707.0,487.1,30.5,1.7999999999999543,0.0,0.0,0.45000000000000284,296.94597525589097
60,0.03025,0.03025,14.552948,120.961639,13.3,-6074.1558854537125,5502.710935516939,1737.0,487.1,30.0,1.7999999999999543,0.0,0.0,0.4624999999999986,295.80676050395255
61,0.03075,0.03075,14.55304,120.963661,13.0,-5969.871671672404,5607.456701096953,1775.0,490.8,30.0,1.7999999999999543,0.0,0.0,0.4749999999999943,295.38212737227417
62,0.03125,0.03125,14.5506135,120.96429800000001,13.0,-5829.768076486085,5222.832918569106,1804.25,489.85,30.0,1.7999999999999543,0.0,0.0,0.4307692307692325,300.4179777830675
63,0.03175,0.03175,14.550842,120.966293,13.0,-5596.186209781995,5228.1702824202,1836.0,490.8,30.0,1.7999999999999543,0.0,0.0,0.3000000000000019,297.25805489176264
64,0.03225,0.03225,14.550181,120.9683875,13.3,-5387.688381461007,5329.357805432819,1875.0,492.6,30.0,1.8000000000000114,0.0,0.0,0.4307692307692325,301.61814050068335
65,0.03275,0.03275,14.5508465,120.968582,13.3,-5335.975666511217,5268.089316224145,1913.0,492.6,30.0,1.7999999999999543,0.0,0.0,0.4307692307692325,300.85565948350984
66,0.03325,0.03325,14.551019,120.971077,13.15,-5047.8241632246045,5197.035659954779,1943.0,494.5,30.0,1.7999999999999543,0.0,0.0,0.3666666666666666,298.29706857878097
67,0.03375,0.03375,14.551874,120.97300725,13.0,-4876.340481405706,5305.006082861761,1981.0,494.5,30.0,1.7999999999999543,0.0,0.0,0.4230769230769231,304.24157615518254
68,0.03425,0.03425,14.5458055,120.976456,13.0,-4486.866854077406,4758.76025121431,2004.0,496.3,30.0,1.8000000000000114,0.0,0.0,0.4115384615384623,306.3056324353564
69,0.03475,0.03475,14.5454215,120.9779815,13.0,-4340.708737462329,4596.443232843505,2042.0,494.5,30.0,1.7999999999999543,0.0,0.0,0.3830952380952388,299.7179288947418
70,0.03525,0.03525,14.544927999999999,120.98270049999999,12.7,-3909.1396956624767,4509.18289363021,2073.0,496.3,30.0,1.8000000000000114,0.0,0.0,0.49333333333333373,310.6557927052472
71,0.03575,0.03575,14.5461525,120.98271199999999,13.0,-3817.458745270063,4728.348396770789,2103.0,497.25,30.0,1.8000000000000114,0.0,0.0,0.4604166666666659,301.81909489037747
72,0.03625,0.03625,14.54809825,120.9832915,12.7,-3763.7113056402077,5039.416633723849,2134.0,498.2,30.0,1.8000000000000114,0.0,0.0,0.5145238095238107,311.6837937347373
73,0.03675,0.03675,14.544907,120.98343475,12.7,-3713.7804940550072,4677.198659863059,2156.0,500.0,30.0,1.8000000000000114,0.0,0.0,0.5692307692307674,305.6153753051102
74,0.03725,0.03725,14.5415385,120.988403,12.7,-3183.066236117604,4377.694711254036,2183.0,500.0,30.0,1.8000000000000114,0.0,0.0,0.40796703296703296,316.3070571445518
75,0.03775,0.03775,14.537542,120.99100899999999,12.7,-2975.0162777556775,4026.373855256161,2217.0,501.9,30.0,1.8000000000000114,0.0,0.0,0.5692307692307674,308.11921638542185
76,0.03825,0.03825,14.539178,120.99802,12.7,-2225.814707350184,4000.1874138612457,2248.0,505.6,30.0,1.8000000000000114,0.0,0.0,0.5692307692307697,312.3561932192789
77,0.03875,0.03875,14.536628499999999,121.00001549999999,12.7,-2086.268712425352,3693.2889924168967,2278.0,507.4,30.5,1.8000000000000682,0.0,0.0,0.5692307692307674,324.85176573266125
78,0.03925,0.03925,14.547684,120.997215,12.7,-2262.019994441818,4749.308669394577,2309.0,506.5,30.0,1.8000000000000114,0.0,0.0,0.45000000000000284,322.77676099885997
79,0.03975,0.03975,14.5371,121.005203,12.7,-1390.9825456905126,3672.662305033361,2339.0,507.4,30.0,1.8000000000000682,0.0,0.0,0.5285714285714269,316.7379196391427
80,0.04025,0.04025,14.54445625,120.99962625,12.7,-1962.3250821190936,4636.556858037744,2362.0,509.3,30.5,1.8000000000000114,0.0,0.0,0.46041666666666237,313.70516135409844
81,0.04075,0.04075,14.5339285,121.008347,12.7,-1105.088669652397,3217.930024418333,2385.0,509.3,30.5,1.8000000000000114,0.0,0.0,0.4750000000000085,324.83425396588444
82,0.04125,0.04125,14.5302025,121.01651,12.7,-275.5102955523006,2730.9511705355726,2431.0,511.2,31.0,1.8499999999999943,0.0,0.0,0.5692307692307674,341.3492059947397
83,0.04175,0.04175,14.529046,121.013977,12.7,-635.4958039941276,2656.005686458382,2446.0,511.2,31.0,1.8000000000000682,0.0,0.0,0.4307692307692281,327.20567516279294
84,0.04225,0.04225,14.53524975,121.012157,12.4,-692.1132985956829,3081.43806343167,2486.0,513.0,31.0,1.8250000000000313,0.0,0.0,0.5109523809523794,326.92477253654295
85,0.04275,0.04275,14.52507,121.019028,12.7,-66.50982193273677,2035.6483338352532,2492.0,513.0,31.0,1.8500000000000227,0.0,0.0,0.5692307692307674,336.6249214147821
86,0.04325,0.04325,14.52501825,121.021814,12.7,291.93003605085124,2343.7699011624973,2537.0,513.0,31.0,1.8999999999999773,0.0,0.0,0.45000000000000284,350.7376143753125
87,0.04375,0.04375,14.5155925,121.030884,12.7,1354.349221506929,676.2606792102755,2568.0,514.9,32.5,1.8999999999999773,0.0,0.0,0.4307692307692281,361.0499865898877
88,0.04425,0.04425,14.519210999999999,121.03452300000001,13.0,1685.9677954171943,1448.732901592496,2591.0,518.6,31.0,1.8499999999999943,0.0,0.0,0.4307692307692325,358.64891350979804
89,0.04475,0.04475,14.513755499999998,121.04089375,12.7,2469.5989632214023,766.9124683705759,2621.0,518.6,38.0,1.8999999999999773,0.0,0.0,0.4403846153846177,361.07802549516896
90,0.04525,0.04525,14.522683,121.04092,12.675,2438.3653548797156,1650.4685759063386,2629.0,520.4,31.0,1.8250000000000313,0.0,0.0,0.4307692307692259,359.4608150378324
91,0.04575,0.04575,14.510284500000001,121.0471,12.3,3121.7268746453906,878.9971092460215,2644.0,520.4,38.0,1.8999999999999773,0.0,0.0,0.5357142857142857,368.2146509025828
92,0.04625,0.04625,14.503014499999999,121.06090900000001,12.4,4605.739977255549,-532.5132392382445,2709.0,520.4,68.5,1.900000000000034,0.0,0.0,0.4750000000000014,1246.1324365934063
93,0.04675,0.04675,14.493164,121.052254,12.4,3652.8539103294115,-1080.927374950335,2716.5,520.4,46.0,1.8999999999999773,0.0,0.0,0.45416666666667516,425.71811258447747
94,0.04725,0.04725,14.502869,121.069191,12.4,5537.075682787231,-359.60488947504933,2728.0,524.1,38.0,1.8999999999999773,0.0,0.0,0.5285714285714269,394.7126050616562
95,0.04775,0.04775,14.496689,121.068344,12.4,5416.517187974246,-540.8528702558439,2774.0,522.3,46.0,1.8999999999999773,0.0,0.0,0.4230769230769231,907.3858788174706
96,0.04825,0.04825,14.500168,121.080467,12.0,6744.831366007492,-467.01933698096474,2812.0,526.0,68.0,1.8999999999999773,0.0,0.0,0.4750000000000228,1647.6907263993337
97,0.04875,0.04875,14.479177,121.1080745,12.0,9535.44685956094,-3042.46418780991,2812.0,526.0,87.5,1.900000000000091,0.0,0.0,0.4307692307692325,1706.5692818631528
98,0.04925,0.04925,14.477187,121.18751125,12.0,19862.068479087295,-3280.6440496701,2850.0,524.1,114.0,1.8999999999999773,0.0,0.0,0.45416666666666805,1760.1868541810059
99,0.04975,0.04975,14.468249,121.191628,12.4,20329.27165005471,-4056.507721999679,2865.0,527.8,114.0,1.900000000000034,0.0,0.0,0.4307692307692325,1817.4497166585863
100,0.05025,0.05025,14.46821,121.190666,12.0,20289.823194477,-4192.221317424635,2899.5,531.5,114.5,3.699999999999932,0.0,0.0,0.4403846153846106,1831.5307334073243
101,0.05075,0.05075,14.467598,121.105911,12.0,9475.171899330184,-4048.279286062045,2918.0,529.7,106.0,1.900000000000091,0.0,0.0,0.4307692307692281,1830.1977059010892
102,0.05125,0.05125,14.4627205,121.20789350000001,12.4,22396.94454378019,-4632.442640068928,2981.0,531.5,110.5,1.900000000000091,0.0,0.0,0.4933333333333318,1813.952706099296
103,0.05175,0.05175,14.467225,121.099693,12.0,8814.000434061305,-3767.9564887936417,2972.0,531.5,122.0,3.699999999999932,0.0,0.0,0.4307692307692325,1797.7481617255808
104,0.05225,0.05225,14.4600705,121.204689,12.0,21618.84356352286,-5023.571334790693,2995.0,531.5,129.0,3.6999999999999886,0.0,0.0,0.4933333333333318,1851.8121527366993
105,0.05275,0.05275,14.446426,121.211494,12.0,22356.919546273235,-6389.269310218853,3040.0,535.2,137.0,3.7000000000000455,0.0,0.0,0.5285714285714269,1867.8340364011735
106,0.05325,0.05325,14.441162,121.21563,12.0,23140.934226358764,-6505.468169062939,3033.0,535.2,137.0,3.7000000000000455,0.0,0.0,0.4933333333333318,1877.790844607311
107,0.05375,0.05375,14.448511,121.229256,12.0,24436.6179028778,-6420.181542523989,3101.0,537.1,129.0,3.7000000000000455,0.0,0.0,0.5692307692307674,1882.3156229048384
108,0.05425,0.05425,14.4483015,121.23625949999999,11.925,25070.543866221375,-6423.406199850426,3132.0,538.9,130.0,3.6999999999999886,0.0,0.0,0.5692307692307674,1888.3007563079664
109,0.05475,0.05475,14.442924,121.218811,11.7,23363.020908332703,-6821.039806765403,3162.0,535.2,137.0,3.699999999999932,0.0,0.0,0.4307692307692325,1887.4167433279824
110,0.05525,0.05525,14.45034975,121.2078515,11.875,22299.94092646365,-6337.007622508989,3174.0,537.1,137.0,3.7000000000000455,0.0,0.0,0.5109523809523832,1893.2004290705859
111,0.05575,0.05575,14.433286500000001,121.2236405,12.0,23892.560380913143,-7672.29374349345,3192.75,538.9,137.0,3.7000000000000455,0.0,0.0,0.4307692307692325,1914.4966560345993
112,0.05625,0.05625,14.428390499999999,121.24130650000001,11.7,25635.275297192653,-8322.896157939798,3216.0,540.8,137.0,3.700000000000017,0.0,0.0,0.4307692307692259,1890.6063494819646
113,0.05675,0.05675,14.430908,121.237404,11.7,25606.565447257384,-7977.913421515451,3216.0,542.6,129.0,3.699999999999932,0.0,0.0,0.4230769230769231,1910.5905781646652
114,0.05725,0.05725,14.4243795,121.24884975,12.0,26427.283707026814,-8732.928016301032,3292.0,544.5,138.0,3.7000000000000455,0.0,0.0,0.4269230769230778,1929.410475445893
115,0.05775,0.05775,14.424476,121.249001,12.0,26517.462347099383,-8818.548228080763,3277.0,542.6,129.0,3.7000000000000455,0.0,0.0,0.4307692307692281,1904.2109764062493
116,0.05825,0.05825,14.432876499999999,121.229561,11.4,24474.98888688632,-7719.384859972347,3307.0,543.55,129.0,3.7000000000000455,0.0,0.0,0.528571428571435,1896.0385574011907
117,0.05875,0.05875,14.422814,121.257408,11.4,27434.135400996332,-9027.706174000188,3322.0,544.5,122.0,3.7999999999999545,0.0,0.0,0.5692307692307674,1928.1516280605272
118,0.05925,0.05925,14.420859,121.2279855,11.7,24474.452601878358,-9083.025726416363,3311.0,546.3,129.0,3.7000000000000455,0.0,0.0,0.4307692307692325,1917.4303514492012
119,0.05975,0.05975,14.417693,121.260056,11.1,27587.883399511727,-9525.415353125296,3383.0,548.2,130.0,3.7000000000000455,0.0,0.0,0.5285714285714269,1950.7796982483
120,0.06025,0.06025,14.410665,121.264015,11.4,28022.79808148276,-9942.508099081337,3391.0,548.2,137.0,3.7000000000000455,0.0,0.0,0.4307692307692325,1952.097495719744
121,0.06075,0.06075,14.401794,121.270561,11.1,28780.12226337032,-11329.77792007522,3421.0,551.9,130.0,3.7000000000000455,0.0,0.0,0.5692307692307674,1954.1999096223635
122,0.06125,0.06125,14.425321,121.26242049999999,10.899999999999999,28133.500568674903,-9054.39299325601,3414.0,550.95,130.0,3.7000000000000455,0.0,0.0,0.4487179487179505,1962.570871267816
123,0.06175,0.06175,14.411570000000001,121.2734035,11.075,29185.55458032289,-10434.601926654552,3410.0,551.9,114.0,4.649999999999977,0.0,0.0,0.5692307692307674,1970.396771213551
124,0.06225,0.06225,14.403854,121.275574,10.7,29306.09430274856,-11064.577653717895,3459.0,553.7,122.0,3.7000000000000455,0.0,0.0,0.6000000000000038,1977.7461538254147
125,0.06275,0.06275,14.4082945,121.25117499999999,11.1,27040.092430266774,-10490.25506431151,3471.0,551.9,125.5,3.6999999999999886,0.0,0.0,0.4445512820512829,1962.6550907041233
126,0.06325,0.06325,14.395861,121.281883,10.7,30007.032582672015,-11626.001613817292,3482.0,551.9,129.0,5.5,0.0,0.0,0.5692307692307762,1974.9316055438476
127,0.06375,0.06375,14.389728999999999,121.2844695,11.4,30259.43554066576,-12583.669242328378,3574.0,555.6,130.0,3.7000000000000455,0.0,0.0,0.5188311688311691,1965.8562932669254
128,0.06425,0.06425,14.396932,121.286751,11.1,30717.427987463703,-11636.00917103827,3520.0,559.3,107.0,3.6999999999999886,0.0,0.0,0.4774193548387119,1972.911151382664
129,0.06475,0.06475,14.400787,121.284515,10.7,30521.81214367152,-11231.481469148432,3528.0,559.3,114.0,5.5,0.0,0.0,0.6333333333333258,1981.475366043996
130,0.06525,0.06525,14.405823,121.286819,10.4,30541.4173834632,-11320.103948094493,3566.0,561.2,99.0,3.7000000000000455,0.0,0.0,0.5692307692307674,2010.8705152445928
131,0.06575,0.06575,14.3965925,121.289185,11.1,30861.30562471896,-11886.698479424327,3589.0,563.95,129.0,3.7999999999999545,0.0,0.0,0.5938963210702282,2034.1416757106379
132,0.06625,0.06625,14.373826000000001,121.2911685,10.4,31003.338994956608,-14118.939715112801,3589.0,559.3,115.0,3.7000000000000455,0.0,0.0,0.4487179487179458,1985.272733262973
133,0.06675,0.06675,14.3833615,121.2980575,11.1,32067.066789488017,-12980.802471382449,3627.5,563.95,107.0,3.7000000000000455,0.0,0.0,0.586848635235732,2010.7165223948018
134,0.06725,0.06725,14.3854735,121.29673,10.4,31540.47735781598,-12993.145125288365,3570.0,566.7,91.0,3.7000000000000455,0.0,0.0,0.694055944055943,2017.6641467812644
135,0.06775,0.06775,14.387341,121.268822,10.4,28994.531923653765,-12814.12104611202,3627.0,564.9,122.0,5.599999999999909,0.0,0.0,0.5692307692307674,2044.411253196744
136,0.06825,0.06825,14.38506,121.278801,10.1,29673.649738666245,-13357.642598293764,3650.0,574.1,114.0,5.600000000000023,0.0,0.0,0.6000000000000227,2082.6969650405767
137,0.06875,0.06875,14.398482,121.198711,10.55,19443.322268912125,-12179.363930599182,3696.0,574.1,121.5,5.575000000000017,0.0,0.0,0.5692307692307719,2095.667051689081
138,0.06925,0.06925,14.381012,121.204498,10.1,20468.25542761661,-13790.302655482516,3635.0,570.4,69.0,5.600000000000023,0.0,0.0,0.6333333333333258,2024.8168293038184
139,0.06975,0.06975,14.367697,121.303276,10.4,32570.606838417265,-15187.246448456415,3757.0,574.1,107.0,5.5,0.0,0.0,0.5692307692307674,2070.3478006187675
140,0.07025,0.07025,14.375599000000001,121.234959,9.95,25213.316248517367,-14219.460067643944,3684.0,576.9,69.0,4.600000000000023,0.0,0.0,0.6166666666666648,2062.9242832813115
141,0.07075,0.07075,14.3655785,121.2942165,9.8,31625.24142441141,-15106.018442345947,3773.75,574.1,72.5,5.5,0.0,0.0,0.6456989247311786,2014.4893981416271
142,0.07125,0.07125,14.379238,121.2266465,9.8,24024.701380335493,-13859.132410146907,3772.0,575.05,69.0,5.57499999999996,0.0,0.0,0.7762096774193581,2110.8621261424128
143,0.07175,0.07175,14.357162,121.288971,10.1,31169.895819782578,-15946.04167597021,3749.0,576.0,107.0,5.5,0.0,0.0,0.5769230769230769,2141.9741327662787
144,0.07225,0.07225,14.3638565,121.2985915,9.600000000000001,31938.99440581385,-15458.340054065724,3757.0,582.45,76.0,5.5,0.0,0.0,0.5285714285714309,2161.128546375707
145,0.07275,0.07275,14.363663,121.223572,9.4,23292.287799602276,-15352.9271180045,3886.5,579.7,61.0,5.5,0.0,0.0,0.6333333333333258,2058.911904808708
146,0.07325,0.07325,14.3666955,121.2880705,10.25,31010.50126789064,-15336.081063348822,3966.0,581.5,125.5,5.5499999999999545,0.0,0.0,0.578125,2238.676760376682
147,0.07375,0.07375,14.334839500000001,121.3231925,10.1,34477.80090988854,-18204.636145673547,3893.5,579.7,88.0,5.5,0.0,0.0,0.6083333333333447,2130.838899830167
148,0.07425,0.07425,14.353229500000001,121.2926065,10.1,31491.667250047103,-16329.831495396014,3970.0,587.1,68.5,5.550000000000011,0.0,0.0,0.7153846153846162,2265.0557270345626
149,0.07475,0.07475,14.343371000000001,121.298973,8.8,32220.187394487788,-17373.67531108843,4023.0,593.55,68.5,9.199999999999989,0.0,0.0,0.8521169354838718,2288.9580836846117
150,0.07525,0.07525,14.356664,121.23304,9.4,24729.158573678043,-15782.084530165486,4031.0,592.6,122.0,5.600000000000023,0.0,0.0,0.6000000000000227,2370.6682770559287
151,0.07575,0.07575,14.3478915,121.332306,8.65,35877.56831075736,-16880.46953271255,3886.5,601.9,83.5,6.5,0.0,0.0,0.857692307692306,2296.9756715792687
152,0.07625,0.07625,14.339579,121.295029,9.1,31387.51693934704,-17727.83164163224,4077.0,590.8,122.0,5.5,0.0,0.0,0.6343749999999986,2400.831575631496
153,0.07675,0.07675,14.3558515,121.234829,9.4,23477.13540779829,-16588.137666778654,4053.5,607.5,129.0,5.5499999999999545,0.0,0.0,0.7076923076923024,2398.6169550941595
154,0.07725,0.07725,14.3368615,121.30057550000001,9.1,32042.94446194041,-18308.436753071728,4092.0,592.6,99.0,5.5,0.0,0.0,0.7153846153846118,2351.1492448147956
155,0.07775,0.07775,14.337912,121.324032,8.8,34476.95866245759,-18084.32306886082,3981.5,618.55,69.0,7.449999999999989,0.0,0.0,0.8999999999999773,2403.5340469436123
156,0.07825,0.07825,14.3285,121.306557,8.5,33050.57905916914,-18989.895802282874,4031.0,618.6,68.0,7.399999999999977,0.0,0.0,0.6727272727272741,2342.89786596319
157,0.07875,0.07875,14.362966499999999,121.3240545,9.4,34673.53017766177,-16161.482143922383,4126.0,597.25,125.5,9.200000000000044,0.0,0.0,0.6159090909090903,2507.071519035584
158,0.07925,0.07925,14.334016,121.3131065,9.8,33709.66933784771,-18870.861468892763,4084.0,616.7,122.0,7.399999999999977,0.0,0.0,0.5846153846153951,2413.961767104427
159,0.07975,0.07975,14.349216,121.295311,9.8,31753.58408361476,-17548.140391974506,4084.0,631.5,114.0,5.600000000000023,0.0,0.0,0.7076923076923024,2478.3737971771434
160,0.08025,0.08025,14.3391495,121.3219945,9.1,34478.90820047505,-18569.800789160505,4111.0,618.55,137.0,9.299999999999956,0.0,0.0,0.6868749999999986,2561.0567406201762
161,0.08075,0.08075,14.330819,121.355896,9.4,38132.55465980804,-18704.45803132331,4115.0,618.6,152.0,9.199999999999932,0.0,0.0,0.578125,2824.266314699354
162,0.08125,0.08125,14.314653,121.3621675,9.4,38847.47016909667,-20423.36717911345,4130.0,616.7,129.5,7.400000000000091,0.0,0.0,0.7049395161290319,2631.261748946169
163,0.08175,0.08175,14.318538499999999,121.3581275,8.65,38336.46706819844,-20233.723969774896,4111.0,632.45,125.5,12.950000000000045,0.0,0.0,0.6359374999999989,2664.5131545315435
164,0.08225,0.08225,14.323792,121.363121,9.4,38916.15291459105,-19376.74348641552,4138.0,627.8,137.0,11.100000000000025,0.0,0.0,0.7272727272727273,2684.670459188703
165,0.08275,0.08275,14.316908,121.360664,8.1,38629.84011140274,-20138.652176175256,4221.0,622.3,153.0,11.100000000000025,0.0,0.0,0.6580645161290315,4769.616514345036
166,0.08325,0.08325,14.325897,121.368958,8.5,39675.94275189587,-19526.634454570256,4275.0,629.7,145.0,11.100000000000025,0.0,0.0,0.578125,4664.555106592463
167,0.08375,0.08375,14.31039,121.307327,9.1,33147.23809669022,-21114.389005224475,4260.0,644.5,153.0,9.200000000000044,0.0,0.0,0.7531249999999972,4761.505313800805
168,0.08425,0.08425,14.305489999999999,121.37200949999999,9.1,39864.782665680454,-21586.467718356093,4198.5,656.55,148.5,12.0,0.0,0.0,0.6937500000000014,4757.495142005713
169,0.08475,0.08475,14.289429,121.3733215,9.1,40151.117193486745,-23260.898834052543,4309.5,637.0999999999999,163.5,10.199999999999932,0.0,0.0,0.6566287878787869,4883.327403300209
170,0.08525,0.08525,14.299963,121.371895,9.1,39907.87441691836,-22176.96919193641,4404.0,644.5,153.0,7.5,0.0,0.0,0.5999999999999849,4791.591937409843
171,0.08575,0.08575,14.299125,121.350952,9.1,37845.417015989246,-22110.69692411707,4267.0,657.5,137.0,12.899999999999975,0.0,0.0,0.5967741935483871,4721.078379865163
172,0.08625,0.08625,14.311229,121.379223,9.4,40846.087207020435,-20913.181507542147,4404.5,663.0,145.0,9.25,0.0,0.0,0.6181818181818175,4708.699545560906
173,0.08675,0.08675,14.297635,121.380615,8.5,40714.24624025258,-22431.717120751124,4435.0,618.6,168.0,11.100000000000025,0.0,0.0,0.6343750000000021,5072.375832267105
174,0.08725,0.08725,14.300995,121.376953,8.8,40638.84415838319,-22072.112231276253,4397.0,640.8,152.0,13.0,0.0,0.0,0.7161290322580623,4935.364432975395
175,0.08775,0.08775,14.292375,121.3863525,8.8,41511.559640002466,-23063.86115187884,4450.0,651.9,148.5,11.100000000000025,0.0,0.0,0.5937062937062925,4941.039239256615
176,0.08825,0.08825,14.276315,121.385628,9.1,41251.09504012482,-24662.29043023604,4420.0,655.6,137.0,7.399999999999977,0.0,0.0,0.5636363636363644,2780.194651139157
177,0.08875,0.08875,14.2831125,121.39155600000001,8.8,41985.072958932295,-24365.84434633333,4549.5,655.6,164.0,11.100000000000025,0.0,0.0,0.5730769230769266,5118.810352657354
178,0.08925,0.08925,14.2917255,121.3924215,8.8,42134.72519482553,-22942.547319344034,4507.0,648.2,179.0,15.749999999999943,0.0,0.0,0.6653958944281546,5192.1895080457
179,0.08975,0.08975,14.293121,121.36322,8.8,39083.35051818685,-23080.651608994092,4503.0,653.8,145.0,9.299999999999956,0.0,0.0,0.6133333333333364,4982.230102008176
180,0.09025,0.09025,14.27138,121.39658349999999,8.1,42614.92232072947,-25489.748619793834,4499.5,629.7,145.0,14.799999999999956,0.0,0.0,0.6763636363636368,4994.302532755379
181,0.09075,0.09075,14.2929695,121.3985175,8.3,42859.72445876076,-23230.264589448292,4614.0,643.55,217.5,14.799999999999956,0.0,0.0,0.6333333333333258,5121.380738183249
182,0.09125,0.09125,14.2950515,121.40006650000001,9.1,42987.58190118625,-22713.15186882219,4568.5,651.9,152.0,9.25,0.0,0.0,0.5736778846153837,4941.135277707301
183,0.09175,0.09175,14.281859,121.3873215,8.8,41684.44789713215,-24605.41414669645,4610.0,654.7,152.0,12.899999999999975,0.0,0.0,0.6953125,5313.065561606838
184,0.09225,0.09225,14.269958,121.402901,8.8,43149.68589482248,-25803.04075835178,4519.0,664.9,160.0,13.0,0.0,0.0,0.6727272727272741,5138.4013591093335
185,0.09275,0.09275,14.274628,121.408806,9.1,43896.49147057165,-24837.0890963629,4686.0,650.1,152.0,12.899999999999975,0.0,0.0,0.5606060606060606,5159.137124652436
186,0.09325,0.09325,14.275779,121.408619,8.95,43987.86746175401,-24902.027023219467,4698.0,649.1500000000001,206.0,12.949999999999989,0.0,0.0,0.5736778846153837,5199.482413609485
187,0.09375,0.09375,14.259136,121.411987,9.1,44361.921892326005,-26773.55141863005,4648.0,657.5,198.0,13.0,0.0,0.0,0.6166666666666648,5442.041707388554
188,0.09425,0.09425,14.276596,121.410393,9.1,44140.55037275026,-25347.919294955813,4656.0,659.3,152.0,14.800000000000068,0.0,0.0,0.8424242424242411,5168.110125622496
189,0.09475,0.09475,14.263559,121.415306,8.5,44609.59234266738,-26102.04432909981,4724.0,669.5,191.0,12.950000000000045,0.0,0.0,0.6174242424242421,5279.311840215544
190,0.09525,0.09525,14.273242,121.402504,9.8,44629.053911076466,-25357.70446201668,4763.0,664.9,160.0,7.399999999999977,0.0,0.0,0.5060606060606074,5328.40692263405
191,0.09575,0.09575,14.276919,121.417816,8.1,44891.58454356224,-24905.918851027644,4770.0,661.2,153.0,13.0,0.0,0.0,0.6374999999999993,5287.193180814874
192,0.09625,0.09625,14.276861,121.405937,8.5,43689.96502995134,-25131.200083580497,4755.0,676.0,198.0,13.0,0.0,0.0,0.5999999999999849,5655.4314377641285
193,0.09675,0.09675,14.261581,121.422272,7.2,45424.75667650975,-26629.553789727473,4793.0,659.3,138.0,13.0,0.0,0.0,0.6343749999999986,5254.659673323595
194,0.09725,0.09725,14.240341,121.428123,8.5,45887.386364371094,-28658.641613829004,4763.0,674.1,198.0,13.0,0.0,0.0,0.5967741935483871,5475.900313684826
195,0.09775,0.09775,14.256647000000001,121.425911,8.65,45648.538954240066,-27002.557686370863,4812.0,669.5,194.5,14.800000000000011,0.0,0.0,0.6354166666666625,5531.7185923707875
196,0.09825,0.09825,14.252526,121.419807,7.8,45029.71874880003,-27995.585350396595,4793.0,670.4,168.0,11.200000000000044,0.0,0.0,0.5218750000000014,5467.516246867927
197,0.09875,0.09875,14.26587,121.43148049999999,9.1,46181.95455986274,-25812.992718032772,4869.0,671.3499999999999,236.0,11.100000000000025,0.0,0.0,0.4409090909090902,5514.295777288005
198,0.09925,0.09925,14.225220499999999,121.4355545,7.8,46866.15840490133,-30331.182413161794,4880.5,667.6500000000001,160.0,14.800000000000068,0.0,0.0,0.586848635235732,5540.585529111417
199,0.09975,0.09975,14.244689,121.431076,8.8,46372.82589459316,-28170.38401652363,4819.5,662.1,194.5,13.900000000000034,0.0,0.0,0.598387096774194,5606.831387761398
200,0.10025,0.10025,14.239609,121.435516,8.5,46912.83601513567,-28735.47741427039,4877.0,674.1,183.0,13.0,0.0,0.0,0.6166666666666551,5661.1112859145915
201,0.10075,0.10075,14.2301685,121.394615,8.5,41470.46273529713,-29832.083295533488,4857.5,679.7,224.5,13.0,0.0,0.0,0.5606060606060606,5731.670851407287
202,0.10125,0.10125,14.242611,121.440315,8.8,47383.658487829875,-28946.30328639319,4877.0,676.0,236.0,14.899999999999975,0.0,0.0,0.5606060606060606,5696.286912743859
203,0.10175,0.10175,14.245514,121.443535,7.8,47725.49207957847,-28753.046236947437,4846.0,674.1,183.0,18.5,0.0,0.0,0.7531250000000007,5654.59795012558
204,0.10225,0.10225,14.222248,121.44617099999999,8.8,47970.05974397244,-30860.470995073425,4919.0,674.1,255.0,13.899999999999977,0.0,0.0,0.5859090909090927,5634.1196325745495
205,0.10275,0.10275,14.220265,121.409142,9.1,43628.698835686555,-30941.476611023787,4869.0,681.5,236.0,16.700000000000045,0.0,0.0,0.6374999999999993,5784.520221710876
206,0.10325,0.10325,14.215425,121.446472,9.4,48045.80880603762,-31522.026124922937,4945.0,681.5,251.0,12.899999999999975,0.0,0.0,0.4933333333333318,5846.9554934834
207,0.10375,0.10375,14.229394,121.389244,9.1,40898.555594127174,-30353.977404609614,4945.5,681.5,240.5,14.800000000000068,0.0,0.0,0.5392708333333348,5956.847002859486
208,0.10425,0.10425,14.223495,121.452271,9.4,48499.358555569066,-30603.332372033256,4961.0,692.6,237.0,14.799999999999956,0.0,0.0,0.5606060606060606,5943.448992335653
209,0.10475,0.10475,14.22139,121.454521,9.4,48830.892120115626,-30746.77402553476,4938.0,690.8,267.0,9.300000000000068,0.0,0.0,0.40625,5955.612925914395
210,0.10525,0.10525,14.2366335,121.431862,8.8,46491.46093402259,-29241.52622441318,4999.0,689.85,274.5,12.949999999999989,0.0,0.0,0.5511730205278603,5852.677702696166
211,0.10575,0.10575,14.218323,121.456131,8.1,49387.064251755306,-31108.15803629351,4945.0,692.6,236.0,13.0,0.0,0.0,0.619999999999997,5841.532703568787
212,0.10625,0.10625,14.2221625,121.46348950000001,8.8,49813.145159757114,-30755.05805901211,5002.5,689.8499999999999,221.0,13.899999999999977,0.0,0.0,0.578125,5922.022653152592
213,0.10675,0.10675,14.214592,121.438221,8.5,45809.95135061241,-31518.579077435774,5002.5,687.05,217.0,14.799999999999956,0.0,0.0,0.5370967741935495,5938.603490186688
214,0.10725,0.10725,14.20784,121.4692,8.8,50420.06433952746,-32373.891634591855,5014.0,690.8,243.0,16.699999999999932,0.0,0.0,0.6374999999999993,5923.521228305279
215,0.10775,0.10775,14.2079345,121.472126,8.5,50568.33858674731,-32454.452470221117,5021.5,683.4,243.5,12.950000000000045,0.0,0.0,0.440927419354838,5790.016696759469
216,0.10825,0.10825,14.213006,121.4565315,8.1,49166.99831808103,-31801.7373492502,4995.0,698.2,263.0,13.0,0.0,0.0,0.46295210166177936,6016.4782531926685
217,0.10875,0.10875,14.2054775,121.471893,8.5,50792.437397509,-32569.92856104357,5132.0,690.8,244.0,14.800000000000068,0.0,0.0,0.5708806818181804,5863.633328257718
218,0.10925,0.10925,14.2233905,121.460701,8.5,49582.05343875309,-31321.319005101166,5056.0,704.7,251.5,12.950000000000045,0.0,0.0,0.4656249999999993,6025.591625738833
219,0.10975,0.10975,14.194244,121.465225,8.8,50155.772092497005,-33775.7280110961,5044.0,692.6,259.0,16.600000000000023,0.0,0.0,0.578125,6026.855198415547
220,0.11025,0.11025,14.19817,121.479759,8.8,51579.79126835645,-33708.01020723402,4991.0,696.4,281.0,11.199999999999932,0.0,0.0,0.4484848484848471,6086.690789565973
221,0.11075,0.11075,14.202347,121.475548,7.8,51197.199150471606,-32894.84058548606,5067.0,694.5,236.0,14.899999999999975,0.0,0.0,0.6151515151515138,5950.164043351838
222,0.11125,0.11125,14.197837499999999,121.475311,9.4,51151.765646956956,-33545.10941469172,5033.0,696.4,274.5,10.200000000000045,0.0,0.0,0.37600195503421346,6053.840230598973
223,0.11175,0.11175,14.1929685,121.4844745,8.5,52182.01303842424,-34057.21835670733,5082.5,694.5,262.5,12.950000000000045,0.0,0.0,0.4853763440860218,5998.334664432377
224,0.11225,0.11225,14.178415,121.488518,8.8,52576.155405058846,-35634.7985575208,5212.0,700.1,266.0,16.600000000000023,0.0,0.0,0.578125,6047.861734463277
225,0.11275,0.11275,14.18726,121.453133,8.8,48428.568779663234,-34709.433099816895,5090.0,701.9,274.0,13.0,0.0,0.0,0.5030303030303003,6109.800136608627
226,0.11325,0.11325,14.173382499999999,121.49065,9.25,52824.99452302151,-36154.913545312964,5151.0,707.5,274.0,12.899999999999975,0.0,0.0,0.4624999999999986,6077.640907389074
227,0.11375,0.11375,14.210024,121.468651,8.8,50075.83177385974,-32518.77882413628,5136.0,700.1,267.0,12.899999999999975,0.0,0.0,0.4484848484848505,5954.21811423959
228,0.11425,0.11425,14.182159,121.490334,9.1,52751.365739514426,-35179.67709412465,5159.0,711.2,274.0,11.099999999999907,0.0,0.0,0.4031250000000028,6135.702192200578
229,0.11475,0.11475,14.167419500000001,121.499176,8.8,53702.08336261641,-36785.278455156804,5166.5,707.5,263.0,12.0,0.0,0.0,0.4333333333333333,6069.553797099752
230,0.11525,0.11525,14.186888,121.491104,8.8,52878.26353150335,-34623.59049787688,5227.0,703.8,259.0,11.100000000000025,0.0,0.0,0.3700000000000008,6089.383774817035
231,0.11575,0.11575,14.17895,121.500263,8.8,53752.66538665587,-35524.715428089425,5292.0,711.2,252.0,11.100000000000025,0.0,0.0,0.40468749999999964,6118.094267481776
232,0.11625,0.11625,14.1945425,121.48342099999999,8.8,50755.90872975738,-34378.29415088163,5212.0,708.4,274.0,11.100000000000025,0.0,0.0,0.40625,6202.17068727601
233,0.11675,0.11675,14.155701,121.506279,8.8,54385.526551651754,-38066.746157307905,5319.0,700.1,259.0,11.199999999999932,0.0,0.0,0.40625,6041.583141660896
234,0.11725,0.11725,14.17078,121.495911,8.5,53410.42817229493,-36384.47578845476,5144.0,707.5,244.0,11.100000000000025,0.0,0.0,0.40625,6062.597799269637
235,0.11775,0.11775,14.166229,121.507843,8.8,54568.79125173064,-37180.52136784677,5311.0,705.6,237.0,12.899999999999975,0.0,0.0,0.4161290322580638,6130.484000796767
236,0.11825,0.11825,14.158304,121.508698,8.8,54788.68595539932,-37773.413535652195,5372.0,714.9,259.0,11.099999999999907,0.0,0.0,0.3700000000000008,6121.310647969484
237,0.11875,0.11875,14.1532975,121.506065,8.8,54366.46842262668,-38565.23370199507,5292.0,712.1,266.0,11.100000000000025,0.0,0.0,0.358064516129033,6181.519177496651
238,0.11925,0.11925,14.175669,121.496361,8.8,53437.96554508461,-35851.07298857466,5326.0,711.2,252.0,9.300000000000068,0.0,0.0,0.4031249999999993,6133.371601072074
239,0.11975,0.11975,14.160095,121.496246,8.8,53427.02476923601,-38125.457159671525,5319.0,705.6,259.0,13.0,0.0,0.0,0.4774193548387082,6138.497761588819
240,0.12025,0.12025,14.17092,121.455933,8.8,47135.83819115885,-36644.89466636205,5349.0,711.2,244.0,11.100000000000025,0.0,0.0,0.40625,6165.773754298345
241,0.12075,0.12075,14.1444865,121.5072745,8.8,54434.73726406823,-39587.894854902974,5300.0,704.7,274.0,11.099999999999966,0.0,0.0,0.40625,6080.522705852765
242,0.12125,0.12125,14.148528500000001,121.5253905,8.5,56495.75965218955,-39074.6183645448,5330.5,712.1,267.0,12.05000000000001,0.0,0.0,0.458570075757575,6210.61151334621
243,0.12175,0.12175,14.138100999999999,121.526833,8.5,56697.02710176234,-40121.242057243086,5334.0,714.9,263.0,11.100000000000025,0.0,0.0,0.3881250000000004,6184.080910402799
244,0.12225,0.12225,14.157761,121.485161,8.8,52279.241979566585,-38477.38958861037,5425.0,714.9,267.0,11.100000000000025,0.0,0.0,0.4193548387096774,6120.842297778318
245,0.12275,0.12275,14.1414085,121.5187875,8.8,55906.24207790232,-39674.07104208386,5379.5,713.0,277.5,9.300000000000068,0.0,0.0,0.35403225806451355,6179.905731631132
246,0.12325,0.12325,14.148184,121.5296365,8.1,57003.36691832525,-39141.16862006467,5429.0,713.05,259.0,11.100000000000025,0.0,0.0,0.38196969696969735,6125.123788421286
247,0.12375,0.12375,14.158506500000001,121.531643,8.5,57262.82309877725,-37778.19492410213,5399.0,723.2,267.0,11.100000000000025,0.0,0.0,0.3909090909090902,6210.475936688206
248,0.12425,0.12425,14.144226,121.532349,8.8,57222.883109937626,-39341.37536202509,5448.0,717.6500000000001,282.0,9.199999999999932,0.0,0.0,0.2906250000000021,6166.720971858033
249,0.12475,0.12475,14.135365,121.5386885,8.95,57948.951320851105,-40762.78207265037,5486.0,716.7,274.0,9.300000000000011,0.0,0.0,0.3540826612903236,6217.764245876008
250,0.12525,0.12525,14.135819999999999,121.5403365,8.8,58202.57690039605,-40360.089089584566,5467.5,714.9,259.0,11.100000000000025,0.0,0.0,0.35967741935483977,6255.843551912736
251,0.12575,0.12575,14.138763,121.538666,8.1,57973.52702926693,-39955.28339999429,5547.0,722.3,259.0,9.200000000000044,0.0,0.0,0.3500000000000014,6209.182796057705
252,0.12625,0.12625,14.139641000000001,121.5463295,8.95,58817.45911407647,-39907.691905654574,5486.5,716.75,266.5,9.299999999999956,0.0,0.0,0.3000000000000004,6212.180103774785
253,0.12675,0.12675,14.120613,121.5338705,8.3,57561.371129805986,-42196.97621750232,5482.5,718.6,251.0,11.100000000000025,0.0,0.0,0.40009469696969696,6200.007798410444
254,0.12725,0.12725,14.140915,121.546577,8.8,58517.38335238231,-39726.99990027493,5456.0,722.3,251.0,12.899999999999975,0.0,0.0,0.4193548387096774,6194.556209807279
255,0.12775,0.12775,14.142013500000001,121.548191,8.1,59047.740252937336,-39982.52619465162,5677.0,723.2,252.0,12.05000000000001,0.0,0.0,0.4111895161290319,6273.223980547494
256,0.12825,0.12825,14.133864,121.545868,8.1,58844.18185044293,-40831.167046994015,5555.0,722.3,259.0,9.200000000000044,0.0,0.0,0.3468750000000007,6221.244793060987
257,0.12875,0.12875,14.127998,121.547241,8.1,58942.159438356495,-41257.15539936873,5662.0,716.7,267.0,9.200000000000044,0.0,0.0,0.3468749999999971,6244.471392810589
258,0.12925,0.12925,14.124939,121.540733,8.1,58219.693651786445,-41885.51879776849,5593.0,724.1,266.0,11.099999999999907,0.0,0.0,0.358064516129033,6266.632297355831
259,0.12975,0.12975,14.1402625,121.54504399999999,8.5,58699.10121089655,-39823.51722991776,5597.0,719.5,259.0,11.100000000000025,0.0,0.0,0.3909090909090902,6288.875083974074
260,0.13025,0.13025,14.127869,121.449715,8.1,46518.21868678523,-41782.10737315108,5685.0,716.7,252.0,9.299999999999956,0.0,0.0,0.40625,6149.512500115478
261,0.13075,0.13075,14.131936,121.559105,7.8,60121.204549172835,-40943.8632608106,5661.5,725.05,255.5,9.299999999999956,0.0,0.0,0.35408266129032184,6253.229235067557
262,0.13125,0.13125,14.113289,121.53418,8.1,57162.40116378182,-42823.11571429729,5631.0,724.1,266.0,9.300000000000068,0.0,0.0,0.358064516129033,6320.822550914622
263,0.13175,0.13175,14.105484,121.567818,8.5,61164.06454165602,-43660.97064385709,5669.0,724.1,259.0,7.5,0.0,0.0,0.3468750000000007,6249.326491265891
264,0.13225,0.13225,14.112963,121.558701,8.5,60153.125112832735,-42842.24126809775,5700.0,727.8,267.0,7.399999999999977,0.0,0.0,0.2906249999999986,6186.37916587598
265,0.13275,0.13275,14.096077000000001,121.5743675,8.5,61835.761546518435,-44820.902123313266,5681.0,731.5,252.0,9.300000000000011,0.0,0.0,0.40625,6359.677852889358
266,0.13325,0.13325,14.117944,121.526138,7.8,55021.99318685891,-42387.786975182986,5685.0,733.4,244.0,11.100000000000025,0.0,0.0,0.4031249999999993,6297.300290932314
267,0.13375,0.13375,14.1200805,121.57119,8.3,61182.94035684489,-42261.35816895764,5745.5,723.2,259.5,7.399999999999977,0.0,0.0,0.2953125000000003,6352.842307944537
268,0.13425,0.13425,14.117384,121.5637355,8.8,60676.70786081594,-42435.71205476402,5734.0,726.9,255.5,10.199999999999989,0.0,0.0,0.3468750000000007,6355.430730650885
269,0.13475,0.13475,14.097879,121.579819,8.5,62343.462635447875,-44571.2135706485,5883.0,726.0,266.0,7.5,0.0,0.0,0.2875000000000014,6275.3244412013155
270,0.13525,0.13525,14.099648,121.567604,8.5,61110.88049523806,-44485.48216378862,5776.0,729.7,252.0,11.100000000000025,0.0,0.0,0.3827586206896559,6360.678665051976
271,0.13575,0.13575,14.083511,121.582222,7.5,62671.32255945763,-46077.017347171226,5738.0,727.8,259.0,11.100000000000025,0.0,0.0,0.358064516129033,6309.054064400983
272,0.13625,0.13625,14.105468,121.579399,7.5,62324.86129352978,-43824.8721921213,5654.0,731.5,251.0,9.199999999999932,0.0,0.0,0.3468750000000007,6333.253959476189
273,0.13675,0.13675,14.101273,121.567276,7.8,61049.70168617311,-44216.83484994457,5738.0,731.5,251.0,11.099999999999907,0.0,0.0,0.3939393939393939,6342.383614413262
274,0.13725,0.13725,14.094428,121.5675585,8.65,61164.14213295742,-44996.423557461676,5871.0,735.2,259.0,7.4500000000000455,0.0,0.0,0.2846590909090909,6351.829278395104
275,0.13775,0.13775,14.084473,121.589096,8.1,63477.64137151181,-45986.50455186098,5837.0,724.1,267.0,7.400000000000091,0.0,0.0,0.2787878787878801,6402.202657337724
276,0.13825,0.13825,14.091688,121.588722,8.1,63381.00572218598,-45191.23733803084,5890.0,733.4,259.0,9.199999999999932,0.0,0.0,0.2967741935483849,6387.888412068269
277,0.13875,0.13875,14.078328,121.597206,8.5,64381.81447737246,-46667.574418291355,5791.0,733.4,251.0,11.100000000000025,0.0,0.0,0.3939393939393939,6352.624901730055
278,0.13925,0.13925,14.104248,121.47406000000001,8.1,49126.998385123894,-44433.498463779644,5966.5,729.7,251.5,11.100000000000025,0.0,0.0,0.3468750000000007,6357.683917279912
279,0.13975,0.13975,14.083786,121.586319,8.5,63116.79561749947,-46078.24049305403,5829.0,731.5,267.0,7.399999999999977,0.0,0.0,0.2906250000000021,6357.207077881271
280,0.14025,0.14025,14.094515000000001,121.53967700000001,8.3,55844.678467713355,-45102.78165170535,5955.0,726.0,255.5,7.400000000000034,0.0,0.0,0.2818181818181804,6304.586496900259
281,0.14075,0.14075,14.083671500000001,121.50415050000001,7.8,52747.15900556024,-46286.56447587133,5768.5,737.1,251.5,11.100000000000025,0.0,0.0,0.39701704545454475,6384.253174651702
282,0.14125,0.14125,14.069111,121.606995,8.1,65353.2974500883,-48371.97260811094,5944.0,735.2,244.0,11.100000000000025,0.0,0.0,0.358064516129033,6440.317327875366
283,0.14175,0.14175,14.068691,121.602318,8.5,64833.18976161325,-47792.31265485399,5944.0,737.1,252.0,9.299999999999956,0.0,0.0,0.3468750000000007,6435.035318866769
284,0.14225,0.14225,14.053003,121.605537,8.1,64702.12152241919,-49488.482408736294,5875.0,738.9,251.0,9.200000000000044,0.0,0.0,0.2999999999999985,6495.995673615384
285,0.14275,0.14275,14.060417000000001,121.6153605,8.65,66282.1312344331,-48673.200080463765,5902.0,738.0,247.5,9.300000000000068,0.0,0.0,0.31818181818181956,6411.3421639962535
286,0.14325,0.14325,14.096191,121.588829,7.5,63400.41966532435,-45958.9281719633,6027.0,746.4,237.0,9.300000000000068,0.0,0.0,0.3468750000000007,6445.3968894989675
287,0.14375,0.14375,14.072602,121.609276,7.8,65600.77337467649,-47292.60196428437,5951.0,731.5,251.0,7.399999999999977,0.0,0.0,0.2466666666666659,6405.035400458104
288,0.14425,0.14425,14.090975,121.599098,8.1,64520.66943789003,-46124.27525627078,6058.0,733.4,259.0,7.400000000000091,0.0,0.0,0.2818181818181804,6354.620258845472
289,0.14475,0.14475,14.0463465,121.618099,7.8,66594.10013709594,-50243.163418281,5970.0,745.45,259.0,9.200000000000044,0.0,0.0,0.2890625,6434.91105411727
290,0.14525,0.14525,14.052840499999999,121.6089475,8.5,65560.61463302404,-49591.83823581329,6126.5,738.0,252.0,9.300000000000068,0.0,0.0,0.35246975806451497,6366.434677042886
291,0.14575,0.14575,14.0593075,121.6165695,8.1,66415.52879444705,-48831.04149685542,6096.0,737.1,236.0,9.299999999999956,0.0,0.0,0.3099999999999985,6483.984609442229
292,0.14625,0.14625,14.056137,121.627731,7.8,67398.29612972858,-49744.56467851378,5974.0,744.5,244.0,9.299999999999956,0.0,0.0,0.3468749999999971,6523.573782920132
293,0.14675,0.14675,14.054214,121.61721,8.5,66537.848436858,-49424.99001792282,5936.0,744.5,251.0,7.399999999999977,0.0,0.0,0.2787878787878767,6502.333796808033
294,0.14725,0.14725,14.032196,121.631279,7.8,67958.45570572485,-52005.7166350627,5982.0,744.5,244.0,9.300000000000068,0.0,0.0,0.336363636363637,6463.772834767979
295,0.14775,0.14775,14.051863,121.62886800000001,8.1,67705.65101351697,-49612.13133795577,6157.0,733.4,259.0,6.5,0.0,0.0,0.20594758064516128,6336.784410923401
296,0.14825,0.14825,14.037731,121.6377835,8.1,68688.57214065074,-51504.393615830035,6202.5,736.1500000000001,251.5,9.300000000000011,0.0,0.0,0.29531250000000214,6392.6435732129485
297,0.14875,0.14875,14.043137,121.624771,7.8,67267.17069639351,-50599.76604058981,6165.0,740.8,244.0,9.299999999999956,0.0,0.0,0.2906250000000021,6450.039125129455
298,0.14925,0.14925,14.0379205,121.618675,8.1,66472.14128223888,-51176.145738980515,6206.5,742.65,251.5,7.400000000000091,0.0,0.0,0.2387096774193541,6491.28696570614
299,0.14975,0.14975,14.044028,121.6158215,7.8,65420.91348577406,-50763.167210993284,6187.5,733.4,243.0,7.400000000000034,0.0,0.0,0.2818181818181804,6371.8127371232495
300,0.15025,0.15025,14.035976999999999,121.64077,8.1,68940.44694995596,-51399.425460089384,6092.5,745.45,251.5,7.399999999999977,0.0,0.0,0.26026392961876726,6542.491965914345
301,0.15075,0.15075,14.028581500000001,121.6159705,7.8,66349.5540001755,-52451.88689449993,6054.5,742.7,244.0,9.299999999999956,0.0,0.0,0.3050000000000004,6484.327009450662
302,0.15125,0.15125,14.0319,121.647865,7.949999999999999,69554.8935603569,-52309.168009020235,6062.0,747.3,232.5,9.25,0.0,0.0,0.32318181818181774,6429.773802303427
303,0.15175,0.15175,14.014504,121.644226,7.8,69434.41422914772,-53816.41732158571,6096.0,742.7,244.0,9.200000000000044,0.0,0.0,0.2967741935483886,6383.085104829523
304,0.15225,0.15225,14.0229495,121.650593,7.5,70051.96854107393,-53192.77971409571,6252.5,749.1500000000001,243.5,7.400000000000091,0.0,0.0,0.29062500000000036,6311.642514376388
305,0.15275,0.15275,14.028005,121.63726,7.8,68711.0638251926,-52252.79210334173,6111.0,748.2,236.0,9.200000000000044,0.0,0.0,0.2875000000000014,6505.996264592492
306,0.15325,0.15325,14.027161,121.6479185,7.8,69644.40390690748,-52471.34603354099,6180.0,744.5,237.0,9.199999999999932,0.0,0.0,0.2906249999999986,6484.519352860322
307,0.15375,0.15375,14.022446,121.6446,7.8,69403.68771232195,-52887.49362131477,6302.0,748.2,236.0,9.200000000000044,0.0,0.0,0.3066666666666682,6483.626651228094
308,0.15425,0.15425,14.033405,121.635841,7.2,68476.79426108628,-51759.197142185265,6287.0,740.8,237.0,9.200000000000044,0.0,0.0,0.2875000000000014,6503.3544276159355
309,0.15475,0.15475,14.035767,121.625332,7.5,67159.82377700412,-51398.70269206801,6123.0,754.7,239.5,9.300000000000068,0.0,0.0,0.336363636363637,6603.228994471407
310,0.15525,0.15525,14.015249,121.63755,7.5,68639.02072777605,-54377.730086604606,6454.0,744.5,229.0,11.100000000000025,0.0,0.0,0.3468750000000007,6518.397833524191
311,0.15575,0.15575,13.997931999999999,121.6696665,7.8,72164.00963524473,-55609.71597805207,6176.0,746.4,229.0,9.200000000000044,0.0,0.0,0.2787878787878801,6466.131988093559
312,0.15625,0.15625,14.011292,121.662598,7.8,71404.25920597366,-54517.50230245822,6264.0,759.3,251.0,9.200000000000044,0.0,0.0,0.3066666666666682,6631.716100071513
313,0.15675,0.15675,14.003914,121.6584285,7.5,70944.04734040251,-55496.90856915507,6259.5,749.1500000000001,232.5,9.300000000000068,0.0,0.0,0.3284374999999997,6548.2905107656625
314,0.15725,0.15725,14.005473,121.668945,7.2,71979.11346650767,-54851.30993331912,6294.0,750.1,228.0,11.100000000000025,0.0,0.0,0.358064516129033,6556.610857811037
315,0.15775,0.15775,14.009011,121.670502,7.5,72116.25618028943,-54773.473377155744,6370.0,746.4,251.0,7.399999999999977,0.0,0.0,0.2419354838709677,6504.421299039464
316,0.15825,0.15825,13.999718,121.672718,7.2,72297.86432758815,-56005.62606122359,6385.5,745.45,236.0,8.300000000000011,0.0,0.0,0.2906249999999986,6511.890269713409
317,0.15875,0.15875,13.992236,121.668182,6.8,71953.89628855478,-56811.34561259562,6469.0,744.5,243.0,11.100000000000025,0.0,0.0,0.3468750000000007,6627.314870359295
318,0.15925,0.15925,13.996971,121.632866,7.5,67881.06730665041,-56236.35585270812,6397.0,752.8499999999999,236.0,7.400000000000034,0.0,0.0,0.2670833333333338,6598.881088693194
319,0.15975,0.15975,13.993323,121.664574,7.2,71619.29972847617,-56387.581161825714,6363.0,750.1,236.0,11.100000000000025,0.0,0.0,0.3468750000000007,6561.613967449739
320,0.16025,0.16025,14.007546999999999,121.67069599999999,7.2,72267.0015005506,-54543.688743853134,6267.5,755.6,228.5,9.200000000000044,0.0,0.0,0.2999999999999985,6564.945038023975
321,0.16075,0.16075,13.990111,121.674866,7.5,72658.81919209199,-56780.65577045148,6294.0,751.9,228.0,9.300000000000068,0.0,0.0,0.336363636363637,6571.72154076227
322,0.16125,0.16125,13.989792,121.6887245,7.65,74169.22178534532,-56679.74623513922,6359.0,763.0,244.0,9.299999999999956,0.0,0.0,0.29062500000000036,6556.29180224523
323,0.16175,0.16175,13.9866665,121.666004,7.2,71713.4849682881,-57342.802498571895,6378.0,751.9,236.0,9.199999999999989,0.0,0.0,0.2890625,6556.052999964939
324,0.16225,0.16225,13.9918105,121.683075,7.5,73531.80092423191,-56298.12471977787,6416.0,753.8,224.5,11.100000000000025,0.0,0.0,0.3640322580645169,6550.421121506521
325,0.16275,0.16275,13.9851575,121.68729049999999,7.2,74060.95168600875,-57082.82840098596,6477.0,751.9,217.5,9.300000000000068,0.0,0.0,0.3284374999999997,6533.655765034186
326,0.16325,0.16325,13.980172,121.6884075,7.65,74122.21928720572,-57577.92449572577,6382.0,750.1,229.0,9.25,0.0,0.0,0.29369959677419355,6603.366412777445
327,0.16375,0.16375,13.983398,121.680664,7.5,73312.27241030303,-57422.91855388023,6561.0,757.5,229.0,9.300000000000068,0.0,0.0,0.2967741935483886,6620.161099460505
328,0.16425,0.16425,13.9792205,121.69695250000001,7.5,75075.9908190608,-57711.747774786796,6412.5,762.1,236.0,9.199999999999932,0.0,0.0,0.2936995967741918,6554.599980621984
329,0.16475,0.16475,13.994384499999999,121.681076,7.0,73340.17136478565,-56263.042671963936,6480.5,753.8,224.5,7.399999999999977,0.0,0.0,0.2936995967741953,6558.067751583712
330,0.16525,0.16525,13.970581,121.70192,7.2,75548.99894528637,-58654.62645762697,6454.0,766.7,228.0,9.200000000000044,0.0,0.0,0.2906249999999986,6699.249672473704
331,0.16575,0.16575,13.962945000000001,121.712818,7.2,76652.73115315745,-59622.635228600164,6522.5,758.4,213.0,9.200000000000044,0.0,0.0,0.3165689149560109,6630.464706272995
332,0.16625,0.16625,13.958701999999999,121.7114375,7.5,76620.47223306319,-60282.800419946216,6420.0,755.6,243.5,6.5,0.0,0.0,0.22774621212121138,6611.4604093589
333,0.16675,0.16675,13.971118,121.704956,7.2,75524.81227482579,-59619.132583572755,6591.0,761.2,221.0,7.399999999999977,0.0,0.0,0.2906250000000021,6569.930971896558
334,0.16725,0.16725,13.971657,121.67799,7.0,73036.80054462829,-58546.266851939305,6496.0,755.6,228.5,11.149999999999977,0.0,0.0,0.3612903225806466,6581.624175983241
335,0.16775,0.16775,13.964896,121.7171975,7.5,77299.75440582156,-59658.10645919425,6576.0,751.0,236.5,8.349999999999966,0.0,0.0,0.27767379679144244,6571.3012333155275
336,0.16825,0.16825,13.976144999999999,121.70592500000001,7.5,76081.74344968227,-59094.06941470999,6542.0,750.1,229.0,9.199999999999932,0.0,0.0,0.29838709677419173,6617.942300519935
337,0.16875,0.16875,13.965317,121.713142,7.5,75684.88892573204,-59721.20966722687,6645.0,759.3,228.0,11.100000000000025,0.0,0.0,0.358064516129033,6721.516848616043
338,0.16925,0.16925,13.9589645,121.7128375,7.5,76560.39574952607,-60217.362115229094,6553.5,760.25,236.0,9.299999999999956,0.0,0.0,0.3000000000000022,6647.328801676253
339,0.16975,0.16975,13.960597,121.698349,7.5,75239.79172873101,-59783.36771707757,6500.0,755.6,236.0,7.399999999999977,0.0,0.0,0.2312499999999993,6635.831154363743
340,0.17025,0.17025,13.946864,121.724159,7.2,78089.88809138541,-61482.4285430457,6599.0,757.5,229.0,9.200000000000044,0.0,0.0,0.2999999999999985,6657.292039438199
341,0.17075,0.17075,13.956175,121.725243,7.8,77812.59647124576,-60285.41350433213,6553.0,759.3,229.0,7.5,0.0,0.0,0.2387096774193541,6748.780459678376
342,0.17125,0.17125,13.955569,121.715652,7.2,76907.16540935232,-61494.10402647076,6568.0,768.6,228.0,9.200000000000044,0.0,0.0,0.2906249999999986,6746.029290005333
343,0.17175,0.17175,13.960825499999999,121.7232245,7.2,77894.13305646046,-59734.44188177499,6618.0,760.25,232.5,9.199999999999989,0.0,0.0,0.2906249999999986,6671.539197736285
344,0.17225,0.17225,13.95369,121.731697,6.8,78817.73760640138,-60836.27393180878,6553.0,768.6,221.0,11.099999999999907,0.0,0.0,0.3468750000000007,6688.1496586500525
345,0.17275,0.17275,13.9429645,121.737038,7.35,79484.99481839634,-61864.32804610802,6675.0,761.15,221.0,9.200000000000044,0.0,0.0,0.2967741935483886,6551.254174192261
346,0.17325,0.17325,13.950356,121.717861,7.2,77335.56205411338,-61208.99984075181,6595.0,764.9,228.0,7.399999999999977,0.0,0.0,0.2387096774193541,6655.6263966579045
347,0.17375,0.17375,13.94705,121.704033,6.8,75851.52126109497,-62108.45684476106,6797.0,768.6,228.0,9.299999999999956,0.0,0.0,0.3099999999999985,6631.490194786674
348,0.17425,0.17425,13.937851,121.742577,6.8,80005.80558157693,-62489.967165042086,6683.0,770.4,206.0,7.399999999999977,0.0,0.0,0.2906249999999986,6694.423456862339
349,0.17475,0.17475,13.928352,121.738514,6.5,79593.889154428,-63521.35713174817,6709.5,766.75,214.0,9.200000000000044,0.0,0.0,0.29062500000000036,6711.241586146278
350,0.17525,0.17525,13.928057500000001,121.738346,6.5,79364.39704548259,-63640.780647918786,6732.5,770.4,217.5,7.4500000000000455,0.0,0.0,0.2921370967741932,6692.619227439071
351,0.17575,0.17575,13.9319,121.744949,7.2,80133.91093016282,-62936.637802340134,6523.0,774.1,199.0,7.399999999999977,0.0,0.0,0.2874999999999978,6731.614110564487
352,0.17625,0.17625,13.930298,121.752243,6.8,80944.56286792408,-63359.51269246819,6721.0,763.0,213.0,9.299999999999956,0.0,0.0,0.3363636363636336,6605.632178818359
353,0.17675,0.17675,13.932198,121.7365835,7.35,79364.39536941214,-64073.66309526826,6824.0,768.55,213.0,9.199999999999989,0.0,0.0,0.2906250000000021,6676.394806922954
354,0.17725,0.17725,13.913086,121.753143,6.8,81131.21139093267,-65135.742904118495,6934.0,763.0,214.0,9.199999999999932,0.0,0.0,0.2906249999999986,6548.344590577854
355,0.17775,0.17775,13.936996,121.733963,7.2,79062.14861844401,-63376.41434466368,6782.0,761.2,214.0,9.200000000000044,0.0,0.0,0.2906249999999986,6569.188105021342
356,0.17825,0.17825,13.9223775,121.746494,7.2,80231.75362347411,-64180.9663476936,6640.5,774.1,221.0,9.25,0.0,0.0,0.2953125000000003,6740.652780505023
357,0.17875,0.17875,13.916885,121.760994,7.2,81585.45477404453,-64639.256870876015,6888.0,768.6,213.0,7.5,0.0,0.0,0.2875000000000014,6693.231184769888
358,0.17925,0.17925,13.909436,121.763115,7.2,82176.86385678059,-65511.026299906574,6866.0,766.7,221.0,7.399999999999977,0.0,0.0,0.2387096774193577,6581.6363916519995
359,0.17975,0.17975,13.918304,121.761475,6.8,82037.88407494863,-64491.70099940605,6835.0,768.6,205.0,7.399999999999977,0.0,0.0,0.2906249999999986,6615.816844818745
360,0.18025,0.18025,13.900731,121.764656,6.5,82377.76838571341,-66434.94622156721,6759.0,768.6,213.0,9.199999999999932,0.0,0.0,0.2818181818181839,6679.915439876691
361,0.18075,0.18075,13.911811,121.761902,6.8,82046.96757865585,-65219.80638477552,6949.0,770.4,213.0,9.299999999999956,0.0,0.0,0.3000000000000022,6828.481856745754
362,0.18125,0.18125,13.9111165,121.76261149999999,6.65,81971.60270743458,-65287.13500585657,6801.0,773.2,206.0,9.200000000000044,0.0,0.0,0.30333333333333523,6813.130114036148
363,0.18175,0.18175,13.901459,121.772316,6.5,83014.6090275463,-66382.79572893784,6858.0,763.0,198.0,9.299999999999956,0.0,0.0,0.2999999999999985,6579.181696579744
364,0.18225,0.18225,13.895347000000001,121.7798195,7.0,84065.42682384723,-67062.53125440527,6911.0,772.3,198.0,5.600000000000023,0.0,0.0,0.2890625,6607.156409313449
365,0.18275,0.18275,13.8932875,121.784111,6.8,84460.12538348661,-67265.40667829142,6774.5,773.2,190.0,7.399999999999977,0.0,0.0,0.29638709677419384,6534.8812404447945
366,0.18325,0.18325,13.8776265,121.8007465,6.5,85826.50053407408,-68978.81166960989,6808.5,776.0,186.5,5.5,0.0,0.0,0.23125000000000104,6521.341802262281
367,0.18375,0.18375,13.888883,121.7804835,6.8,84078.4145028761,-68115.4930666769,6892.0,779.7,186.5,3.7000000000000455,0.0,0.0,0.2860576923076886,6592.630299902568
368,0.18425,0.18425,13.858864,121.8063355,6.8,86944.29257987527,-71753.0733238965,6911.5,780.6,183.0,3.75,1.0,0.061553030303030304,0.2787878787878801,6340.213998564548
369,0.18475,0.18475,13.8557895,121.819851,6.8,87959.49932819375,-74017.72792547275,6923.0,780.6,156.5,1.8999999999999773,1.0,0.03125,0.1806451612903233,5782.049425688188
370,0.18525,0.18525,13.859067,121.812119,6.8,87412.58014166978,-71264.59333643076,6888.0,777.8,168.0,1.8999999999999773,1.0,0.0606060606060606,0.2818181818181804,6326.70065657676
371,0.18575,0.18575,13.850454,121.822769,6.5,88351.10166910941,-74605.11593680643,6858.0,779.7,23.0,1.7999999999999543,0.0,0.0,0.1666666666666666,645.5971959086958
372,0.18625,0.18625,13.850552,121.8233185,7.2,88385.7921963631,-74108.74109864373,6888.5,781.5,30.5,1.7999999999999543,0.0,0.0,0.061666666666665454,759.6589078977033
373,0.18675,0.18675,13.8485715,121.82491300000001,6.8,88347.76404357498,-74162.89310271761,6896.0,777.8,23.0,1.8999999999999773,0.0,0.0,0.1762096774193552,544.1816031742276
374,0.18725,0.18725,13.845706,121.828011,6.8,88807.75196782501,-72944.97338891936,6980.0,777.8,31.0,1.8999999999999773,0.0,0.0,0.224242424242427,611.1151490898919
375,0.18775,0.18775,13.841812,121.829033,6.8,88956.11629721799,-75546.0487057425,7041.0,777.8,30.0,1.8999999999999773,0.0,0.0,0.1774193548387097,630.0944545405484
376,0.18825,0.18825,13.853807,121.815865,6.8,87725.47343914614,-71854.4832370695,6919.0,777.8,31.0,1.8999999999999773,0.0,0.0,0.2242424242424235,1929.4899141870055
377,0.18875,0.18875,13.848083,121.826584,7.2,88590.88012407855,-73081.743337607,6911.0,779.7,68.0,1.8999999999999773,0.0,0.0,0.2312500000000028,3034.9014423437443
378,0.18925,0.18925,13.84552,121.825661,7.2,88859.63044808594,-72764.28138353999,6957.0,776.0,145.0,1.8999999999999773,0.0,0.0,0.1750000000000007,6364.069619755689
379,0.18975,0.18975,13.8516745,121.8236505,6.8,88586.11544640356,-71917.1416647811,7049.0,781.5,175.0,1.8999999999999773,0.0,0.0,0.1213440860215049,6511.3812925998855
380,0.19025,0.19025,13.846451,121.828308,6.8,89208.34734682886,-72585.25730436399,7071.0,776.0,122.0,1.8999999999999773,0.0,0.0,0.1806451612903233,3894.227515386227
381,0.19075,0.19075,13.8463675,121.827229,6.8,88993.8926768065,-72663.53864084883,6972.5,778.75,83.5,1.8999999999999773,0.0,0.0,0.23654233870967706,3276.36848580229
382,0.19125,0.19125,13.848587,121.823036,6.5,88605.05699702051,-72554.34507205921,6972.0,779.7,91.0,1.8999999999999773,0.0,0.0,0.2551724137931027,3756.802482749369
383,0.19175,0.19175,13.85614,121.819008,6.8,88172.50403284481,-71575.93956108444,7041.0,787.1,153.0,3.7000000000000455,0.0,0.0,0.2874999999999978,6523.252129534628
384,0.19225,0.19225,13.856622000000002,121.8187905,6.5,88205.39919874407,-71447.4536458745,7006.5,777.8,186.5,5.5,0.0,0.0,0.24268817204301,6592.472629869782
385,0.19275,0.19275,13.852154,121.8231775,6.8,88367.2527300422,-71998.42526843182,7022.0,780.6,163.5,3.7000000000000455,0.0,0.0,0.2242424242424235,6469.607095730546
386,0.19325,0.19325,13.8465445,121.82791900000001,6.5,89117.86852457706,-72448.59855075728,6999.0,775.95,156.0,5.599999999999909,0.0,0.0,0.3033870967741935,6432.447398943178
387,0.19375,0.19375,13.858647,121.808685,6.8,86494.40806600699,-71329.30887312633,7102.0,783.4,183.0,5.5,0.0,0.0,0.2242424242424235,6668.354003309811
388,0.19425,0.19425,13.846024,121.828209,6.8,88949.84396401142,-72501.41621386813,7125.0,785.2,176.0,3.7000000000000455,0.0,0.0,0.2387096774193577,6678.4212139823285
389,0.19475,0.19475,13.847305,121.822945,6.8,88344.51844982544,-72358.86412100848,7292.0,779.7,198.0,3.7000000000000455,0.0,0.0,0.2242424242424235,6721.4749686686355
390,0.19525,0.19525,13.839981,121.83149,6.5,89413.81810415542,-73176.70393612632,7071.0,785.2,191.0,5.599999999999909,1.0,0.0303030303030303,0.2466666666666659,6725.092862028137
391,0.19575,0.19575,13.844055,121.826401,6.8,88797.33238636117,-72886.0399963958,7239.0,779.7,191.0,3.7000000000000455,0.0,0.0,0.2818181818181804,6605.872629588423
392,0.19625,0.19625,13.846544,121.828674,6.8,89211.44766531361,-72639.6316985985,7231.0,783.4,190.0,5.5,0.0,0.0,0.2787878787878801,6587.724036093524
393,0.19675,0.19675,13.842957,121.823006,6.2,87934.60364920067,-72924.62468923714,7292.0,781.5,190.0,3.7000000000000455,0.0,0.0,0.2242424242424235,6765.814058295964
394,0.19725,0.19725,13.854086,121.815125,6.5,86192.15635002899,-72246.55708997292,7300.0,785.2,175.0,5.5,0.0,0.0,0.3468750000000007,6756.879853522719
395,0.19775,0.19775,13.8474255,121.824974,6.5,87935.86389424629,-72626.3438865105,7209.0,782.45,190.0,5.600000000000023,0.0,0.0,0.23497983870967842,6705.195712400019
396,0.19825,0.19825,13.835815499999999,121.833004,6.8,89622.23507564337,-73762.36842371654,7109.5,786.1500000000001,201.5,3.6999999999999886,0.0,0.0,0.17343749999999855,6738.150831245764
397,0.19875,0.19875,13.839375,121.820572,6.2,86689.84369309712,-73720.22548830771,7437.0,785.2,191.0,3.7000000000000455,0.0,0.0,0.1866666666666674,6623.126798142017
398,0.19925,0.19925,13.847475,121.815918,6.5,85952.86147382608,-73207.94975367197,7246.5,783.4,186.5,3.7000000000000455,0.0,0.0,0.224621212121216,6672.726795046861
399,0.19975,0.19975,13.8336495,121.833248,6.2,89411.11503750627,-74071.99112462669,7224.0,779.7,194.5,2.800000000000068,0.0,0.0,0.2387096774193541,6737.175093039743
400,0.20025,0.20025,13.8311435,121.8355865,6.5,89897.85640345,-74441.99275410364,7265.5,787.1,178.5,5.5,0.0,0.0,0.28749999999999964,6659.415584769282
401,0.20075,0.20075,13.83815,121.83124950000001,6.8,88060.11597135279,-74440.88080330152,7311.0,791.75,190.0,5.600000000000023,0.0,0.0,0.25874877810361707,6717.384729970874
402,0.20125,0.20125,13.824059,121.838615,6.5,90066.79016138545,-75066.46432469516,7346.0,783.4,190.0,5.600000000000023,0.0,0.0,0.2312499999999993,6747.05993048626
403,0.20175,0.20175,13.832206,121.831154,6.5,88024.76263414629,-74220.04737395729,7369.0,777.8,198.0,3.7000000000000455,0.0,0.0,0.1806451612903196,6632.032562249282
404,0.20225,0.20225,13.829692,121.829514,6.2,88112.59582710946,-75170.65411487411,7262.0,792.7,190.0,3.7000000000000455,0.0,0.0,0.2387096774193541,6656.387280948195
405,0.20275,0.20275,13.839432,121.828472,6.5,87564.90725416937,-74636.6953395925,7261.5,783.4,183.0,3.750000000000057,0.0,0.0,0.22774621212121138,6737.99606505209
406,0.20325,0.20325,13.8423385,121.8280565,6.5,86406.08729309414,-73576.56144464627,7284.5,789.0,183.0,7.399999999999977,0.0,0.0,0.2387096774193541,6851.439814966981
407,0.20375,0.20375,13.83053,121.833611,6.5,88083.79417511068,-75040.77826116115,7338.0,781.5,191.0,5.600000000000023,0.0,0.0,0.2387096774193541,6732.978122357555
408,0.20425,0.20425,13.834213,121.830807,6.5,87936.80338609184,-74122.30689843238,7167.0,790.8,190.0,5.5,0.0,0.0,0.18365591397849534,6845.6009269679635
409,0.20475,0.20475,13.8224995,121.83601,6.2,89021.76221959817,-76509.88766120673,7406.5,787.1,186.5,5.5,0.0,0.0,0.2312499999999993,6790.877795944497
410,0.20525,0.20525,13.832718,121.83274850000001,6.5,87683.84592617126,-75520.52943482889,7387.5,789.9,183.0,5.600000000000023,0.0,0.0,0.2312499999999993,6790.118927765614
411,0.20575,0.20575,13.809349,121.842041,6.2,90141.80340221258,-77372.42789857819,7330.0,794.5,175.0,7.399999999999977,0.0,0.0,0.3099999999999985,6906.616423739377
412,0.20625,0.20625,13.821918,121.833511,6.2,87750.79938070792,-76068.44319267945,7376.0,790.8,183.0,5.5,0.0,0.0,0.1774193548387097,6864.625891370605
413,0.20675,0.20675,13.835046,121.835922,6.2,87315.51234881944,-75080.3637097243,7529.0,787.1,167.0,1.7999999999999543,0.0,0.0,0.061290322580648,6702.524002270109
414,0.20725,0.20725,13.830139,121.833641,6.2,87381.47570180413,-75560.83765141369,7536.0,785.2,160.0,3.7000000000000455,0.0,0.0,0.2312500000000028,6657.373080298592
415,0.20775,0.20775,13.82378,121.838898,6.2,87957.67745268765,-76326.30458374134,7384.0,787.1,183.0,7.399999999999977,0.0,0.0,0.2875000000000014,6788.918687432499
416,0.20825,0.20825,13.829576,121.8369065,6.2,87859.49007795495,-75929.72733008816,7467.5,786.1500000000001,175.0,5.5,0.0,0.0,0.2257575757575771,6786.217609901405
417,0.20875,0.20875,13.823874,121.840462,6.2,87820.8979678803,-76259.69873068105,7292.0,796.4,176.0,3.800000000000068,0.0,0.0,0.234375,6772.430105070679
418,0.20925,0.20925,13.827877,121.842087,6.2,87834.81017452464,-76281.15938116628,7536.0,789.0,191.0,5.5,0.0,0.0,0.1774193548387097,6716.115751387538
419,0.20975,0.20975,13.829912499999999,121.840385,6.2,87596.3157904877,-76036.41900957245,7418.5,792.7,179.5,4.600000000000023,0.0,0.0,0.2242424242424235,6798.246127488519
420,0.21025,0.21025,13.817322,121.84893,6.2,89648.28795085149,-77150.037738111,7323.0,803.8,198.0,3.7000000000000455,0.0,0.0,0.171875,6866.878319771077
421,0.21075,0.21075,13.813499499999999,121.8461495,6.2,89416.03087723629,-77858.73958197965,7597.5,793.6,183.0,1.900000000000034,0.0,0.0,0.1778225806451602,6797.267657796479
422,0.21125,0.21125,13.7907255,121.866474,6.5,93416.40854145872,-78665.45988907368,7509.5,789.9,182.5,5.5,0.0,0.0,0.2242424242424235,6627.501126816853
423,0.21175,0.21175,13.817505,121.849319,6.2,89890.90217487843,-77122.57255329365,7422.0,798.2,168.0,3.7000000000000455,0.0,0.0,0.2466666666666659,6706.664473428767
424,0.21225,0.21225,13.82527,121.848747,6.2,91348.4704115253,-76457.73716857735,7559.0,790.8,183.0,5.5,0.0,0.0,0.2242424242424235,6887.854545683966
425,0.21275,0.21275,13.8180765,121.8500025,6.2,88538.64222321656,-77239.32738753888,7471.0,794.5,175.0,5.599999999999909,0.0,0.0,0.2906250000000021,6794.411268131311
426,0.21325,0.21325,13.821662,121.841717,5.9,87966.3690452011,-76987.63732343013,7456.0,799.1500000000001,167.0,5.5,0.0,0.0,0.23895833333333433,6810.156917185813
427,0.21375,0.21375,13.818892,121.848984,6.2,88417.95123667656,-76819.12117933629,7483.0,792.7,168.0,3.7000000000000455,0.0,0.0,0.2312499999999993,6758.8075537402465
428,0.21425,0.21425,13.818054,121.8440515,5.9,88659.20647009023,-77114.06612965574,7479.0,796.4,175.0,3.7000000000000455,0.0,0.0,0.1750000000000007,6808.395988712026
429,0.21475,0.21475,13.815701,121.8468475,6.5,88609.1682888079,-77636.90539691388,7460.0,794.5,183.0,3.7000000000000455,0.0,0.0,0.20545454545454545,6819.496323807201
430,0.21525,0.21525,13.80233,121.8503265,5.5,90193.22579278096,-78230.13114995974,7399.0,796.4,163.5,5.599999999999966,0.0,0.0,0.2466666666666659,6804.407274515168
431,0.21575,0.21575,13.809718,121.8526305,6.2,90555.96637990155,-78188.37739733202,7464.0,802.8499999999999,178.5,5.600000000000023,0.0,0.0,0.2603616813294239,6888.850493990589
432,0.21625,0.21625,13.807068,121.837524,6.2,89216.90450146503,-78170.03020909327,7590.0,798.2,183.0,5.5,0.0,0.0,0.2242424242424235,6782.3390450811785
433,0.21675,0.21675,13.78981,121.855965,6.2,90976.11695528757,-78971.74673757698,7544.0,796.4,183.0,5.5,0.0,0.0,0.2466666666666659,6875.951535557146
434,0.21725,0.21725,13.812515,121.837074,5.9,88157.09702233163,-77190.40155223604,7513.0,801.9,175.0,5.5,0.0,0.0,0.224242424242427,6834.538221072877
435,0.21775,0.21775,13.830111,121.83917650000001,6.2,88535.4623103186,-75847.55416579577,7673.5,797.3,156.5,3.6999999999999886,0.0,0.0,0.20812500000000073,6604.219336845379
436,0.21825,0.21825,13.835232,121.834473,5.9,87970.73930635539,-75351.7909005744,7513.0,796.4,145.0,1.8999999999999773,0.0,0.0,0.1583333333333314,6515.401982791997
437,0.21875,0.21875,13.820938,121.846428,5.5,88770.49965024999,-76605.18184496701,7597.0,796.4,160.0,3.7000000000000455,0.0,0.0,0.1806451612903233,6807.561673599949
438,0.21925,0.21925,13.828648,121.836853,6.050000000000001,87769.8988983517,-75993.99808646325,7601.0,799.1500000000001,167.5,1.8999999999999773,0.0,0.0,0.11212121212121,6803.879679869939
439,0.21975,0.21975,13.842606499999999,121.8282965,5.5,87352.46218078787,-74527.05699048258,7643.0,798.2,141.0,1.900000000000091,0.0,0.0,0.2387096774193577,6460.12508140401
440,0.22025,0.22025,13.824758,121.8422965,6.2,87973.59115667644,-76613.5770735245,7685.0,800.1,159.5,1.8999999999999773,0.0,0.0,0.11562499999999959,6630.6896700627585
441,0.22075,0.22075,13.826684499999999,121.8412935,5.9,88272.8348422895,-75958.02647800774,7586.0,798.2,153.0,1.8999999999999773,0.0,0.0,0.14651515151515085,6614.472795483647
442,0.22125,0.22125,13.829048499999999,121.834892,5.9,87931.76663676594,-76046.48216433366,7661.5,800.1,160.0,1.900000000000034,0.0,0.0,0.2349798387096767,6537.192709415593
443,0.22175,0.22175,13.771835,121.861938,6.2,90915.23528874236,-80762.3211145777,7658.0,798.2,175.0,3.699999999999932,0.0,0.0,0.2818181818181839,6737.753570717886
444,0.22225,0.22225,13.826843,121.842407,5.9,88745.38497910563,-75978.70876293108,7765.0,801.9,152.0,1.8999999999999773,0.0,0.0,0.1696969696969703,6409.428011702938
445,0.22275,0.22275,13.831924,121.837799,6.2,88320.24250082408,-75562.17199237646,7673.0,798.2,76.0,1.8000000000000682,0.0,0.0,0.1666666666666666,3700.8984527095968
446,0.22325,0.22325,13.80398,121.8491175,6.35,89473.31256224404,-78921.43096377156,7746.0,800.1,160.0,1.900000000000091,0.0,0.0,0.17464717741935484,6788.240005461983
447,0.22375,0.22375,13.8220595,121.843681,6.2,88969.52870839888,-76644.87848861031,7650.5,800.1,156.5,1.900000000000091,0.0,0.0,0.1750000000000007,6853.044040332541
448,0.22425,0.22425,13.823456,121.842499,5.9,88878.44864283674,-76543.80216067818,7643.0,801.9,130.0,1.8000000000000682,0.0,0.0,0.1806451612903233,6572.4492913851755
449,0.22475,0.22475,13.828629,121.837761,5.9,88111.5795528743,-75786.56366428763,7803.0,798.2,160.0,1.900000000000091,0.0,0.0,0.224242424242427,6689.663303891391
450,0.22525,0.22525,13.822737,121.8443715,5.5,89105.87795876066,-76569.82180945254,7707.5,802.8499999999999,129.5,3.7000000000000455,0.0,0.0,0.2890625,6807.248994349113
451,0.22575,0.22575,13.823663,121.8409345,5.9,88518.01244188412,-76427.15852151292,7707.5,801.9,133.0,1.8000000000000114,0.0,0.0,0.1193548387096752,6470.988113574642
452,0.22625,0.22625,13.819565,121.843056,5.9,88987.94705362654,-76782.76038809956,7643.0,801.9,121.0,1.900000000000091,0.0,0.0,0.1666666666666666,6451.487860816734
453,0.22675,0.22675,13.815075,121.847588,5.9,89712.1437427732,-77694.56004601473,7803.0,803.8,138.0,1.8999999999999773,0.0,0.0,0.2387096774193541,6568.2909720329535
454,0.22725,0.22725,13.821396,121.8405,5.9,88652.30386396735,-76589.50333865397,7727.0,801.9,153.0,1.900000000000091,0.0,0.0,0.171875,6674.799086954442
455,0.22775,0.22775,13.822174,121.839859,6.050000000000001,88441.79194630374,-76506.218223559,7932.5,803.8,137.0,1.8999999999999773,0.0,0.0,0.16818181818181677,6713.915337142201
456,0.22825,0.22825,13.819016,121.845512,6.2,89242.80672543151,-76858.03945741788,7772.0,803.8,84.0,1.8999999999999773,0.0,0.0,0.1193548387096752,6494.770813384863
457,0.22875,0.22875,13.827072,121.840935,5.9,88622.91731391907,-75843.82913060799,7826.0,801.9,137.0,1.8999999999999773,0.0,0.0,0.1750000000000007,6477.398507573894
458,0.22925,0.22925,13.821541,121.84550100000001,5.9,89090.31056858241,-76626.47570283167,7890.5,799.1500000000001,137.0,1.8999999999999773,0.0,0.0,0.2242424242424235,6621.187502553074
459,0.22975,0.22975,13.8243095,121.84280749999999,5.7,88848.28662402031,-76272.43056736799,7845.0,804.7,60.5,1.8999999999999773,0.0,0.0,0.17343750000000036,4871.8015173796
460,0.23025,0.23025,13.824292,121.842354,5.9,88890.76856373585,-76275.15484683379,7917.0,807.5,83.0,1.8999999999999773,0.0,0.0,0.171875,6256.18780105077
461,0.23075,0.23075,13.821685,121.846001,5.5,89211.54305406891,-76591.06006977722,7826.0,805.6,145.0,1.900000000000091,0.0,0.0,0.171875,6655.0272063619705
462,0.23125,0.23125,13.81838,121.847969,5.9,89251.09542420921,-76939.1006709084,7879.0,803.8,38.0,1.8000000000000682,0.0,0.0,0.171875,1333.464695109515
463,0.23175,0.23175,13.816040000000001,121.8499605,5.9,89696.30290085147,-77181.11676303652,7882.5,802.8499999999999,137.0,1.8999999999999773,0.0,0.0,0.119354838709677,6669.711361216212
464,0.23225,0.23225,13.7835825,121.85562100000001,6.050000000000001,91144.04579948907,-80532.87006651597,7867.5,801.9,152.5,1.8999999999999773,0.0,0.0,0.1481818181818177,6675.711090922643
465,0.23275,0.23275,13.8198465,121.8456075,5.9,89243.29479943261,-76754.23885001987,7845.0,807.5,129.5,2.8000000000000114,0.0,0.0,0.16927083333333331,6750.018925386525
466,0.23325,0.23325,13.816680999999999,121.849045,5.7,89607.2218840606,-77106.2268764993,8065.5,804.7,126.0,1.8500000000000227,0.0,0.0,0.11905241935483685,6768.24121262091
467,0.23375,0.23375,13.763306,121.895493,5.9,95822.11249922703,-83448.57186285949,7902.0,807.5,152.0,3.699999999999932,0.0,0.0,0.2249999999999943,6739.890211549781
468,0.23425,0.23425,13.74506,121.89933,5.5,94302.6071742208,-84516.15582818138,7963.0,807.5,160.0,3.7000000000000455,0.0,0.0,0.1806451612903233,6815.666515513349
469,0.23475,0.23475,13.686104,121.94878800000001,5.7,102182.3719196917,-90322.5961253563,7818.0,803.8,168.0,3.699999999999932,0.0,0.0,0.171875,6917.268882939686
470,0.23525,0.23525,13.748798,121.8939135,5.9,93881.3282150202,-85012.91984912491,7879.0,807.5,156.5,5.5,0.0,0.0,0.2312499999999993,6824.634537584101
471,0.23575,0.23575,13.709843,121.9118615,5.9,96617.87247116401,-88528.63029840883,8035.0,807.5,156.5,1.8500000000000227,0.0,0.0,0.1174899193548401,6755.0075685598995
472,0.23625,0.23625,13.713317499999999,121.92878,5.5,97172.60588118929,-87540.32842529296,7959.0,809.3,137.0,1.7999999999999543,0.0,0.0,0.08574810606060634,6745.11681609474
473,0.23675,0.23675,13.7547225,121.885246,5.5,93623.71986451668,-83343.49251203869,7875.0,809.3,152.5,3.699999999999932,0.0,0.0,0.17343749999999855,6907.283478239469
474,0.23725,0.23725,13.686404,121.894371,5.9,95563.96047420292,-90266.38701229864,7978.0,807.5,152.0,1.8999999999999773,0.0,0.0,0.171875,6904.994355134538
475,0.23775,0.23775,13.688243499999999,121.9396975,5.5,101124.01647049969,-90496.72762100222,7810.5,814.9,153.0,4.600000000000023,0.0,0.0,0.2209447415329761,7031.547967569035
476,0.23825,0.23825,13.679235,121.93364,5.5,100347.00277563282,-91046.0869148957,8039.0,801.9,152.0,5.5,0.0,0.0,0.2818181818181804,6802.856706961144
477,0.23875,0.23875,13.722924500000001,121.92169200000001,5.5,97406.99477244653,-87540.43962037301,7909.5,807.5,152.5,3.699999999999932,0.0,0.0,0.22774621212121315,6880.1412967282795
478,0.23925,0.23925,13.659897,121.941795,5.5,101562.94261431169,-93272.32361625116,7955.0,814.9,160.0,5.5,0.0,0.0,0.2312499999999993,6929.26607894737
479,0.23975,0.23975,13.667084,121.95267899999999,5.5,102098.3744087706,-92832.713866548,7993.5,800.1,160.0,5.5,0.0,0.0,0.2242424242424235,6897.386930614299
480,0.24025,0.24025,13.656326,121.94635,5.5,101850.07908543295,-93609.0223191984,7986.0,811.2,152.0,3.699999999999932,0.0,0.0,0.2312499999999993,6987.170723216375
481,0.24075,0.24075,13.692245,121.944595,5.5,100074.42410050562,-91218.9952646589,8039.0,807.5,152.0,1.900000000000091,0.0,0.0,0.1647058823529418,6997.807382473982
482,0.24125,0.24125,13.646876500000001,121.9555205,5.5,102613.88361481405,-94660.37180280648,7947.5,811.2,145.0,4.650000000000034,0.0,0.0,0.28465909090908914,6974.984029935333
483,0.24175,0.24175,13.657974,121.966148,5.5,104000.63088307463,-93813.23208404734,7997.5,803.8,160.0,3.7000000000000455,0.0,0.0,0.2312499999999993,6848.725030510476
484,0.24225,0.24225,13.653353,121.965904,5.5,104162.74134762528,-94028.00538151848,8024.0,816.7,168.0,5.599999999999909,0.0,0.0,0.2312500000000028,7027.956471779314
485,0.24275,0.24275,13.652401000000001,121.949829,5.5,101572.24780328746,-94937.08075996794,8001.0,809.3,168.0,3.7000000000000455,0.0,0.0,0.1209677419354838,7100.544162654746
486,0.24325,0.24325,13.637329,121.978699,5.5,105584.11724559266,-95724.50872064174,8092.0,813.0,168.0,3.7000000000000455,0.0,0.0,0.171875,7127.051307415475
487,0.24375,0.24375,13.633759,121.984337,5.5,105081.48660538658,-96813.77572660914,8123.0,805.6,160.0,5.5,0.0,0.0,0.2312499999999993,7026.403864189866
488,0.24425,0.24425,13.6634515,121.964756,5.9,103246.06057189585,-93655.89104551694,8130.5,818.6,160.0,3.6999999999999886,0.0,0.0,0.17903225806451464,6947.91126736283
489,0.24475,0.24475,13.636220999999999,121.973034,5.35,104952.85696932525,-95822.91636664796,8111.5,811.2,152.0,7.399999999999977,0.0,0.0,0.23281249999999964,6990.4653787770685
490,0.24525,0.24525,13.62997,121.9945335,5.7,107173.38134433125,-96982.29187070308,8005.0,817.6500000000001,156.5,7.399999999999977,0.0,0.0,0.2426881720430118,7029.1598648909185
491,0.24575,0.24575,13.61937,121.998962,5.5,107544.059440544,-97700.22290623092,8077.0,820.4,182.0,5.599999999999909,0.0,0.0,0.1774193548387097,7158.102428631937
492,0.24625,0.24625,13.611967,122.001099,5.5,107928.5779738364,-98507.94396904728,8192.0,814.9,168.0,5.5,0.0,0.0,0.2242424242424235,7088.350930401982
493,0.24675,0.24675,13.6095895,122.00646950000001,5.9,108547.18890933102,-98856.9853259002,8138.0,818.6,175.0,6.5,0.0,0.0,0.22774621212121315,7160.629563498449
494,0.24725,0.24725,13.635406,121.990105,5.5,105858.993219559,-95933.33308131986,8192.0,803.8,168.0,3.7000000000000455,0.0,0.0,0.1696969696969703,7048.190005390003
495,0.24775,0.24775,13.612656,121.995461,5.9,107414.03291349842,-98470.58242208892,8054.0,814.9,175.0,7.399999999999977,0.0,0.0,0.2387096774193541,7153.2285913817595
496,0.24825,0.24825,13.651592,121.967941,5.5,104372.71616280216,-94383.49605302508,8115.0,818.6,168.0,5.5,0.0,0.0,0.1833333333333333,7077.843563222629
497,0.24875,0.24875,13.603981000000001,122.011623,5.050000000000001,109062.16805123017,-99419.96601712256,8180.5,822.3,168.0,6.5,0.0,0.0,0.2257575757575771,7173.015595615775
498,0.24925,0.24925,13.599472,122.01221100000001,5.2,109054.33521015663,-99913.22739303851,8001.0,814.9,160.0,8.299999999999955,0.0,0.0,0.2906249999999986,7148.473266572064
499,0.24975,0.24975,13.599426,122.020714,5.5,110033.41579793495,-100038.4330533815,8146.0,822.3,152.0,7.5,0.0,0.0,0.2906249999999986,7175.234679292243
500,0.25025,0.25025,13.620987,121.998062,5.2,107465.12445897717,-99266.07202607932,8153.0,813.0,175.0,5.600000000000023,0.0,0.0,0.1806451612903233,7058.090009598373
501,0.25075,0.25075,13.599939,122.006355,5.5,108495.49972847826,-99974.71827240792,8123.0,814.9,168.0,7.399999999999977,0.0,0.0,0.2312499999999993,7163.531760715027
502,0.25125,0.25125,13.594208,121.998909,5.5,107498.0641555032,-100508.45465752862,8123.0,809.3,175.0,5.599999999999909,0.0,0.0,0.1833333333333333,7149.26197203001
503,0.25175,0.25175,13.603076,122.012596,5.9,109143.46796702262,-99530.160341634,8329.0,816.7,168.0,5.600000000000023,0.0,0.0,0.2387096774193541,7239.223227369827
504,0.25225,0.25225,13.605881,122.01660899999999,5.2,109699.60082031321,-99293.59280843739,8192.0,814.9,160.0,7.400000000000034,0.0,0.0,0.2587487781036172,7074.462580827056
505,0.25275,0.25275,13.5833725,122.01858899999999,5.9,109824.85544656623,-101700.7995028731,8130.5,816.7,168.0,7.399999999999977,0.0,0.0,0.2387096774193559,7079.544899108035
506,0.25325,0.25325,13.605404,122.016617,5.9,109599.84103817724,-99536.16487596685,8169.0,822.3,168.0,5.600000000000023,0.0,0.0,0.1806451612903233,7181.805828452463
507,0.25375,0.25375,13.587479,122.023605,5.9,110313.05448181755,-101278.2581979854,8169.0,818.6,168.0,7.399999999999977,0.0,0.0,0.2242424242424235,7083.893262405991
508,0.25425,0.25425,13.5831285,122.0275805,4.9,110832.98175464965,-101736.82670886861,8244.5,813.0,160.0,7.399999999999977,0.0,0.0,0.2381048387096827,7124.12979743446
509,0.25475,0.25475,13.583817,122.023109,5.9,110293.29945809294,-102317.26502768778,8359.0,811.2,168.0,7.399999999999977,0.0,0.0,0.2242424242424235,7148.923093968307
510,0.25525,0.25525,13.593981,121.9964025,5.2,107412.39561556192,-100844.4861899943,8142.0,816.7,163.5,7.399999999999977,0.0,0.0,0.2312499999999993,7172.934124201087
511,0.25575,0.25575,13.605443000000001,122.0289805,5.2,110950.76405516948,-100125.10961842356,8275.5,824.15,160.0,7.399999999999977,0.0,0.0,0.2312499999999993,7242.723636698976
512,0.25625,0.25625,13.572212,122.035706,5.5,111534.80122870913,-103015.12535123316,8329.0,827.8,175.0,5.600000000000023,0.0,0.0,0.1750000000000007,7214.040344590411
513,0.25675,0.25675,13.569696,122.037865,5.2,112164.6490269822,-103492.70822083615,8230.0,822.3,168.0,5.600000000000023,0.0,0.0,0.1806451612903233,7174.030376136188
514,0.25725,0.25725,13.569883999999998,122.0392225,5.2,111993.77626152502,-103506.77439848588,8302.0,818.6,163.5,5.5499999999999545,0.0,0.0,0.20244379276637153,7185.715264892284
515,0.25775,0.25775,13.556966,122.044758,5.5,112530.81751941345,-104882.31313851455,8115.0,817.6500000000001,175.0,5.600000000000023,0.0,0.0,0.20545454545454545,7227.947648787944
516,0.25825,0.25825,13.5550015,122.0464785,5.5,112865.86583941936,-105034.26121565369,8286.5,822.3,175.0,5.599999999999909,0.0,0.0,0.1750000000000007,7204.3145654996415
517,0.25875,0.25875,13.57966,122.033913,4.9,111448.28569063327,-102104.10405888004,8085.0,826.0,160.0,5.600000000000023,0.0,0.0,0.1806451612903233,7273.793071989828
518,0.25925,0.25925,13.604736,122.006836,4.9,107874.80295192794,-100684.9212498592,8268.0,831.5,167.0,7.399999999999977,0.0,0.0,0.2312499999999993,7284.156742126698
519,0.25975,0.25975,13.555266,122.051071,6.2,113299.20915784064,-105454.85660663714,8115.0,822.3,168.0,5.600000000000023,0.0,0.0,0.1806451612903233,7201.464858415263
520,0.26025,0.26025,13.556854,122.042648,4.9,112457.56104394328,-105071.23357983146,8199.0,824.1,153.0,7.5,0.0,0.0,0.2818181818181804,7257.00796012192
521,0.26075,0.26075,13.5521475,122.04969,5.2,113196.42573954829,-105179.37079535858,8302.0,831.5,167.5,7.399999999999977,0.0,0.0,0.2312499999999993,7265.975772193877
522,0.26125,0.26125,13.553219,122.048851,5.2,113028.81559302198,-105649.44799704583,8321.0,826.0,167.0,7.399999999999977,0.0,0.0,0.2312499999999993,7236.513605766457
523,0.26175,0.26175,13.534012,122.064499,5.2,114681.65475977917,-107186.386396034,8359.0,816.7,160.0,5.5,0.0,0.0,0.1806451612903233,7164.441046785568
524,0.26225,0.26225,13.547688,122.04269,5.2,112466.21483857995,-105677.85834004557,8378.0,823.2,171.5,5.600000000000023,0.0,0.0,0.1790322580645165,7256.148366988837
525,0.26275,0.26275,13.5364595,122.0631715,4.9,114444.38619860596,-107604.92467803296,8222.0,824.1,167.5,5.599999999999966,0.0,0.0,0.2069696969696973,7201.91055173074
526,0.26325,0.26325,13.538818,122.040771,5.2,112232.96827324972,-107085.08767794106,8313.0,818.6,168.0,5.600000000000023,0.0,0.0,0.2242424242424235,7260.716073296634
527,0.26375,0.26375,13.5351105,122.0633125,4.6,114591.10396815522,-107365.29928012952,8306.0,822.3,167.0,5.5,0.0,0.0,0.1774193548387097,7265.018957893991
528,0.26425,0.26425,13.542915,122.050083,5.9,113253.52617294106,-106245.50922463772,8306.0,813.0,167.0,7.399999999999977,0.0,0.0,0.2312499999999993,7132.850602486238
529,0.26475,0.26475,13.534153499999999,122.0618895,5.2,114560.08491426686,-107474.49284891895,8328.5,829.7,167.0,7.399999999999977,0.0,0.0,0.2328125000000014,7244.570647052493
530,0.26525,0.26525,13.5350645,122.0475505,5.2,113014.31442427261,-107281.29139701308,8637.5,833.4,160.0,5.5,0.0,0.0,0.18064516129032143,7269.611368164069
531,0.26575,0.26575,13.521982,122.064308,4.9,114794.94290626938,-109176.44474697344,8184.0,820.4,152.0,7.399999999999977,0.0,0.0,0.2312500000000028,7221.5627443894355
532,0.26625,0.26625,13.540329,122.06102,4.9,114416.34219955673,-106616.34481721664,8332.5,828.75,160.0,5.599999999999966,0.0,0.0,0.18500000000000033,7257.415077831789
533,0.26675,0.26675,13.526265,122.041962,4.6,112356.83547792948,-108055.59833821916,8496.0,827.8,152.0,7.399999999999977,0.0,0.0,0.2312499999999993,7268.754602261684
534,0.26725,0.26725,13.515604,122.079178,4.9,116439.89633956963,-109253.3917424948,8374.0,822.3,160.0,5.600000000000023,0.0,0.0,0.1931034482758628,7276.291427137177
535,0.26775,0.26775,13.511216000000001,122.06325899999999,5.2,114581.16354221704,-109776.23100975301,8542.0,822.3,160.0,7.400000000000034,0.0,0.0,0.2387096774193577,7208.511786919698
536,0.26825,0.26825,13.514832,122.066536,5.2,114693.5813444788,-109701.1743305955,8390.0,824.1,160.0,5.600000000000023,0.0,0.0,0.1806451612903233,7214.300114548342
537,0.26875,0.26875,13.508031,122.08294699999999,4.9,116827.33874266912,-110147.73377281331,8233.5,831.5,167.0,4.600000000000023,0.0,0.0,0.1430107526881727,7211.763261515238
538,0.26925,0.26925,13.514976,122.068344,5.2,115236.92098636215,-109431.02588316801,8294.5,826.9,163.5,5.600000000000023,0.0,0.0,0.1762096774193552,7276.223060526814
539,0.26975,0.26975,13.49959,122.076523,5.2,115756.1525339674,-111142.4849605826,8207.0,829.7,153.0,7.399999999999977,0.0,0.0,0.224242424242427,7264.939249936543
540,0.27025,0.27025,13.523895,122.0707285,4.9,114328.3412116745,-108372.22632918414,8549.5,833.4,171.5,5.600000000000023,0.0,0.0,0.1696969696969703,7344.423064611519
541,0.27075,0.27075,13.520645,122.06678,5.2,115022.66244100568,-109327.7812511709,8352.0,827.8,153.0,5.600000000000023,0.0,0.0,0.2312499999999993,7281.825503278317
542,0.27125,0.27125,13.4961705,122.0912515,5.2,117712.80897280156,-111439.09783710542,8363.0,829.7,160.0,5.599999999999966,0.0,0.0,0.1806451612903233,7280.692596858109
543,0.27175,0.27175,13.4993155,122.086174,5.2,117164.45007822645,-111295.48939098354,8496.5,838.95,163.5,7.399999999999977,0.0,0.0,0.224242424242427,7313.289776819915
544,0.27225,0.27225,13.49838,122.089905,5.2,117188.5393054031,-111657.87415746471,8473.0,829.7,160.0,7.399999999999977,0.0,0.0,0.2272727272727272,7261.973149764522
545,0.27275,0.27275,13.4968895,122.08774199999999,5.2,117333.32472696924,-111596.7724608766,8530.5,824.15,156.0,5.5,0.0,0.0,0.17464717741935484,7171.7522614415
546,0.27325,0.27325,13.49501,122.09314,4.9,117937.4427429634,-111521.99376941944,8428.0,837.1,160.0,5.5,0.0,0.0,0.1750000000000007,7297.332690146325
547,0.27375,0.27375,13.495056,122.077332,4.9,116171.46065222433,-111846.79459878156,8489.0,829.7,160.0,5.5,0.0,0.0,0.1806451612903233,7268.568079785577
548,0.27425,0.27425,13.49021,122.097824,4.75,118220.7234968194,-112471.93333985469,8397.0,828.75,145.0,6.5,0.0,0.0,0.2242424242424235,7151.90539321922
549,0.27475,0.27475,13.479107,122.104843,4.9,119255.64404560736,-113384.73375349167,8527.0,827.8,152.0,5.600000000000023,0.0,0.0,0.1774193548387097,7321.910029241362
550,0.27525,0.27525,13.493866,122.079597,4.6,116213.06846449705,-111725.70315640749,8291.0,833.4,160.0,5.600000000000023,0.0,0.0,0.2242424242424235,7280.762570585298
551,0.27575,0.27575,13.4826455,122.1046335,5.050000000000001,119279.5221208802,-112897.42131436833,8561.0,823.2,152.0,5.5499999999999545,0.0,0.0,0.1819892473118283,7202.7471421091395
552,0.27625,0.27625,13.476230999999999,122.1014975,5.5,118657.24644378384,-113619.0217875439,8717.0,834.3499999999999,167.0,6.5,0.0,0.0,0.2242424242424235,7370.672291932454
553,0.27675,0.27675,13.494736,122.0961835,5.050000000000001,118225.52895046008,-111561.13443766188,8481.0,831.5,152.5,5.600000000000023,0.0,0.0,0.20594758064516128,7258.092515126407
554,0.27725,0.27725,13.476883,122.106499,4.9,119083.60812047796,-113664.94535567996,8405.0,831.5,168.0,5.600000000000023,0.0,0.0,0.1806451612903233,7250.5525818778015
555,0.27775,0.27775,13.482645999999999,122.11309449999999,5.050000000000001,120223.41048638384,-113602.1201353483,8485.0,836.2,152.0,4.600000000000023,0.0,0.0,0.171875,7336.112309269967
556,0.27825,0.27825,13.469936,122.101341,4.9,118768.11799828462,-114395.38583773383,8573.0,831.5,152.0,7.399999999999977,0.0,0.0,0.2312499999999993,7325.734605829715
557,0.27875,0.27875,13.487859,122.111206,4.9,119824.51237871514,-112350.73070240012,8694.0,833.4,160.0,5.5,0.0,0.0,0.1750000000000007,7350.426625175501
558,0.27925,0.27925,13.455195,122.118256,5.2,120921.22573997501,-115948.3363282758,8649.0,833.4,153.0,7.399999999999977,0.0,0.0,0.2242424242424235,7242.524315986591
559,0.27975,0.27975,13.475555,122.10006,5.2,118723.03425921765,-113683.73732423944,8481.0,833.4,167.0,5.600000000000023,0.0,0.0,0.1806451612903233,7271.788251903167
560,0.28025,0.28025,13.453669999999999,122.11285050000001,4.9,120060.053825144,-116135.42205076886,8523.0,832.45,156.5,7.399999999999977,0.0,0.0,0.22926136363636324,7328.208796304531
561,0.28075,0.28075,13.4511565,122.12332900000001,4.9,121134.1819674444,-116826.38827934,8336.5,828.75,152.0,5.600000000000023,0.0,0.0,0.1774193548387097,7336.594480807904
562,0.28125,0.28125,13.459648000000001,122.1120185,5.2,119327.58759663298,-115526.90697419048,8523.0,843.6,160.0,5.600000000000023,0.0,0.0,0.1819892473118283,7404.905725185422
563,0.28175,0.28175,13.455048,122.121902,4.9,121064.1098109442,-115999.15247994255,8519.0,839.0,152.0,5.600000000000023,0.0,0.0,0.1774193548387097,7440.065978918925
564,0.28225,0.28225,13.450012,122.123459,4.9,121244.86903628265,-116534.22320602622,8550.0,829.7,167.0,3.7000000000000455,0.0,0.0,0.1233333333333348,7333.015415665613
565,0.28275,0.28275,13.4609345,122.117302,5.2,120260.49380064529,-115352.38629576398,8633.5,830.6,156.5,5.600000000000023,0.0,0.0,0.1833333333333333,7293.42021636173
566,0.28325,0.28325,13.4338805,122.138855,4.9,122848.8098205677,-118329.35658131636,8553.5,839.0,145.0,5.5,0.0,0.0,0.1774193548387097,7270.496350198786
567,0.28375,0.28375,13.45166,122.125587,4.6,121371.25024822382,-116368.09775615738,8641.0,835.3,153.0,7.399999999999977,0.0,0.0,0.2242424242424235,7388.8925997034385
568,0.28425,0.28425,13.451959500000001,122.123638,5.050000000000001,121119.38156462132,-116732.81761932342,8694.0,833.4,160.0,5.599999999999966,0.0,0.0,0.1790322580645165,7368.05790427453
569,0.28475,0.28475,13.4417565,122.13950750000001,4.9,122908.89156365124,-118168.79088545917,8633.5,834.3499999999999,163.5,4.600000000000023,0.0,0.0,0.1449999999999988,7280.528524253311
570,0.28525,0.28525,13.426783,122.138382,4.9,122796.7850247422,-119145.97325055138,8626.0,840.8,152.0,7.399999999999977,0.0,0.0,0.2242424242424235,7373.175340034432
571,0.28575,0.28575,13.436829,122.121185,4.6,120636.32282765988,-118003.88858147289,8801.0,831.5,144.0,7.399999999999977,0.0,0.0,0.224242424242427,7274.5332163586545
572,0.28625,0.28625,13.425824500000001,122.144657,4.9,123477.46398861942,-119339.28589753745,8633.5,832.45,145.0,6.5,0.0,0.0,0.20545454545454545,7345.401749735917
573,0.28675,0.28675,13.434696,122.14344,4.6,123319.87570159254,-119074.47481396126,8710.0,831.5,160.0,5.5,0.0,0.0,0.171875,7287.491718870425
574,0.28725,0.28725,13.450607,122.125328,4.2,121077.4486852089,-116700.90463129648,8618.0,837.1,144.0,5.599999999999909,0.0,0.0,0.1833333333333333,7341.103591761694
575,0.28775,0.28775,13.45594,122.136341,5.050000000000001,122499.57393105602,-116565.96940143305,8698.0,832.45,160.0,5.5,0.0,0.0,0.1696969696969703,7288.20980594833
576,0.28825,0.28825,13.425526,122.145035,4.9,123297.69412795026,-119528.3731314746,8771.0,840.8,145.0,5.600000000000023,0.0,0.0,0.1806451612903233,7439.337529132257
577,0.28875,0.28875,13.4143525,122.152969,4.9,124348.56628883339,-120552.36862534491,8633.5,837.1,160.0,3.7000000000000455,0.0,0.0,0.1213440860215068,7405.872570319087
578,0.28925,0.28925,13.412956,122.154915,4.2,124673.06734141595,-120844.92288143972,8717.0,831.5,145.0,7.399999999999977,0.0,0.0,0.2312499999999993,7288.528499521211
579,0.28975,0.28975,13.4339215,122.1386565,4.6,122837.99999503227,-118939.09480377709,8774.5,830.6,141.5,6.5,0.0,0.0,0.2024437927663734,7252.372821232277
580,0.29025,0.29025,13.441796499999999,122.1241875,4.9,121295.63677754278,-117436.46008704117,8797.5,841.75,145.0,7.399999999999977,0.0,0.0,0.2349798387096767,7343.824657068133
581,0.29075,0.29075,13.410617,122.15105399999999,4.2,124221.84299512632,-121167.49980919709,8706.0,837.1,144.0,5.600000000000023,0.0,0.0,0.20545454545454545,7340.387755700094
582,0.29125,0.29125,13.4225,122.141129,4.9,123148.15266925211,-120222.67521245276,8626.0,837.1,145.0,5.600000000000023,0.0,0.0,0.2242424242424235,7347.362580726155
583,0.29175,0.29175,13.4047965,122.16040050000001,4.6,125186.63201940953,-121656.48017452392,8717.5,832.45,152.5,5.5,0.0,0.0,0.16818181818181677,7385.388233765475
584,0.29225,0.29225,13.397095,122.156837,5.2,124848.98839918648,-122526.0812994902,8428.0,844.5,153.0,5.599999999999909,0.0,0.0,0.1806451612903196,7406.853546133537
585,0.29275,0.29275,13.418869,122.158234,4.9,125019.37345203912,-121292.70546954007,8824.0,846.4,160.0,3.7000000000000455,0.0,0.0,0.171875,7489.529429049521
586,0.29325,0.29325,13.399687,122.158714,4.9,124956.08554189822,-122727.5667848736,8656.0,833.4,145.0,5.5,0.0,0.0,0.171875,7403.38432452601
587,0.29375,0.29375,13.400294,122.164017,4.9,125659.33269294206,-122165.25326413252,8816.0,833.4,145.0,5.5,0.0,0.0,0.171875,7310.674731106883
588,0.29425,0.29425,13.3990645,122.172649,4.6,126510.82054811114,-122650.06381395065,8702.0,832.45,152.0,5.550000000000011,0.0,0.0,0.1723484848484855,7355.686413914293
589,0.29475,0.29475,13.412933,122.158379,4.6,125042.60450087252,-121399.1191613233,8763.0,846.4,145.0,5.5,0.0,0.0,0.1806451612903233,7398.7324540411
590,0.29525,0.29525,13.3878015,122.1689185,5.2,126147.92542282936,-123452.55870799597,8831.5,843.6,156.0,5.5499999999999545,0.0,0.0,0.17343749999999855,7427.2888557804
591,0.29575,0.29575,13.415261000000001,122.1529085,4.9,122077.0044534361,-121333.6808566062,8752.0,831.55,153.0,5.600000000000023,0.0,0.0,0.2037878787878784,7328.033961572493
592,0.29625,0.29625,13.395996,122.169464,5.2,125954.85337559936,-122628.9367487064,8893.0,840.8,145.0,7.399999999999977,0.0,0.0,0.2242424242424235,7471.177558155045
593,0.29675,0.29675,13.373434,122.17157,4.6,126389.78433619913,-125041.86998977422,8801.0,837.1,152.0,5.5,0.0,0.0,0.1666666666666666,7281.548032308323
594,0.29725,0.29725,13.37114,122.186951,4.9,128005.93846702004,-125463.85531926062,8839.0,840.8,145.0,5.5,0.0,0.0,0.171875,7452.22386481488
595,0.29775,0.29775,13.386841,122.175354,4.2,126780.90788007432,-123759.4571294405,8550.0,844.5,138.0,5.600000000000023,0.0,0.0,0.224242424242427,7402.234635401289
596,0.29825,0.29825,13.371130999999998,122.1810495,4.2,127389.88932832569,-125309.01617003528,8820.5,835.25,152.0,3.7000000000000455,0.0,0.0,0.1156250000000014,7357.79712022006
597,0.29875,0.29875,13.415176,122.153053,4.9,123985.26089490807,-120420.71365034887,8793.0,842.7,145.0,5.5,0.0,0.0,0.1666666666666666,7388.473268934582
598,0.29925,0.29925,13.386049,122.16925,4.6,125802.10723975873,-123815.1658646378,8778.0,840.8,152.0,3.7000000000000455,0.0,0.0,0.1193548387096788,7355.94877653554
599,0.29975,0.29975,13.376693,122.183533,4.2,127670.88288073576,-124903.65450504384,8999.0,835.3,145.0,3.7999999999999545,0.0,0.0,0.1750000000000007,7369.7159287666045
600,0.30025,0.30025,13.359868,122.186039,4.6,128042.33224619614,-126613.61244887498,8751.5,845.45,145.0,5.5,0.0,0.0,0.1723011363636353,7338.727033750448
601,0.30075,0.30075,13.364273,122.195282,5.2,128950.652430303,-126057.74824278732,8824.0,839.0,152.0,3.7000000000000455,0.0,0.0,0.123333333333331,7384.657261566617
602,0.30125,0.30125,13.3965465,122.1583785,4.6,122781.62159940964,-123919.80043513741,8801.0,855.6,137.0,5.550000000000011,0.0,0.0,0.1774193548387097,7411.330260605426
603,0.30175,0.30175,13.345093,122.200157,5.2,129471.031001811,-128194.47290455522,8923.0,842.7,152.0,1.8999999999999773,0.0,0.0,0.0612903225806444,7305.185429874537
604,0.30225,0.30225,13.388123,122.171524,5.5,126096.72186582912,-124271.844059157,8915.0,839.0,152.0,5.599999999999909,0.0,0.0,0.1750000000000007,7369.348241034778
605,0.30275,0.30275,13.356396,122.1913375,4.75,128557.04334441891,-126985.94917503689,8843.0,845.45,137.0,3.699999999999932,0.0,0.0,0.1213440860215031,7338.352261259646
606,0.30325,0.30325,13.343628,122.20401,4.9,129803.18347553436,-128348.25570051814,8839.0,844.5,145.0,3.7000000000000455,0.0,0.0,0.1696969696969703,7463.421920383427
607,0.30375,0.30375,13.35553,122.183006,4.6,126399.6487372778,-127056.72484360564,8900.0,846.4,152.0,3.7000000000000455,0.0,0.0,0.1233333333333348,7495.013223050733
608,0.30425,0.30425,13.353287,122.191643,4.6,128557.30238036928,-127318.03328215444,9037.0,848.2,145.0,5.5,0.0,0.0,0.171875,7403.56810223442
609,0.30475,0.30475,13.3447105,122.212841,4.6,130830.03597830824,-128249.57006681085,8843.0,833.4,144.0,3.699999999999932,0.0,0.0,0.11562499999999959,7434.569539441067
610,0.30525,0.30525,13.3431665,122.201481,4.2,129663.84114775507,-128645.4801499823,8812.5,843.6,141.0,5.600000000000023,0.0,0.0,0.1806451612903233,7438.510393614468
611,0.30575,0.30575,13.357192,122.1933595,4.9,128731.5360390025,-126838.83808388811,8980.0,847.3,152.0,3.7000000000000455,0.0,0.0,0.121344086021505,7355.117726098842
612,0.30625,0.30625,13.33493,122.202858,4.2,129807.45519823006,-129318.099190315,8946.0,839.0,145.0,5.600000000000023,0.0,0.0,0.2242424242424235,7303.992222847974
613,0.30675,0.30675,13.339688,122.209694,4.75,130505.25928564508,-128796.81665418005,8934.5,839.9,145.0,5.5,0.0,0.0,0.171875,7401.1749362647515
614,0.30725,0.30725,13.316873,122.226372,4.6,131845.04524895348,-131713.46360870582,8824.0,851.9,137.0,5.600000000000023,0.0,0.0,0.2312499999999993,7513.962616703452
615,0.30775,0.30775,13.339414000000001,122.2113495,5.050000000000001,130759.66440394914,-129005.36302715814,9007.0,846.35,152.0,4.600000000000023,0.0,0.0,0.1666666666666666,7480.452921152932
616,0.30825,0.30825,13.321976,122.216888,4.9,131286.53142621403,-130777.97939870098,9014.0,842.7,145.0,3.7000000000000455,0.0,0.0,0.1193548387096752,7330.404313743542
617,0.30875,0.30875,13.334517,122.200256,4.6,129497.48150618802,-130302.39804054248,9144.0,839.0,152.0,5.5,0.0,0.0,0.1666666666666666,7354.77203824125
618,0.30925,0.30925,13.323385,122.21870799999999,4.6,131476.08349173306,-130655.49801782388,8923.0,846.4,130.0,3.750000000000057,0.0,0.0,0.1449999999999988,7379.3196458074935
619,0.30975,0.30975,13.3240585,122.2191355,4.6,130931.68430382703,-130534.68456315015,8770.5,846.4,137.5,5.5,0.0,0.0,0.1696969696969703,7443.634378336151
620,0.31025,0.31025,13.324717,122.22147749999999,4.2,131780.47540106485,-130472.97129362046,9033.5,840.8,133.0,3.7000000000000455,0.0,0.0,0.12500000000000183,7384.179763029802
621,0.31075,0.31075,13.3381,122.208687,4.6,130459.14497256409,-129003.19472309377,9030.0,829.7,145.0,0.0,0.0,0.0,0.0,7387.884027492287
622,0.31125,0.31125,13.3289485,122.22102749999999,4.6,131596.39428299954,-130311.5716346615,9018.0,850.1,137.0,6.5,0.0,0.0,0.22424242424242524,7476.391854348301
623,0.31175,0.31175,13.3304615,122.2338905,4.6,132869.67199656233,-130704.8130359074,8938.5,844.5,148.5,1.8000000000000114,0.0,0.0,0.0593750000000028,7433.906512327546
624,0.31225,0.31225,13.322477500000002,122.21674,4.9,131114.14053771974,-131044.5140060208,9052.5,852.8499999999999,129.5,4.599999999999966,0.0,0.0,0.17343750000000036,7477.88176043216
625,0.31275,0.31275,13.315613,122.228157,4.9,131861.7389696021,-131571.80107648854,8923.0,846.4,153.0,3.699999999999932,0.0,0.0,0.1193548387096752,7396.115051351603
626,0.31325,0.31325,13.316528,122.235237,4.6,133257.50139405322,-131710.85052432033,9144.0,845.45,141.5,2.8000000000000114,0.0,0.0,0.11212121212121175,7432.3227777473585
627,0.31375,0.31375,13.326835,122.219772,5.2,131359.69076930443,-131021.94140473336,9205.0,850.1,167.0,1.8999999999999773,0.0,0.0,0.0593749999999992,7499.008086839804
628,0.31425,0.31425,13.315449999999998,122.2209245,4.6,130881.51168354362,-132074.68082684444,9022.0,845.45,137.0,1.900000000000034,0.0,0.0,0.1174899193548401,7310.195761127927
629,0.31475,0.31475,13.297577,122.2441365,4.6,134261.43084168294,-133472.23619275948,8934.5,845.45,137.0,3.699999999999932,0.0,0.0,0.1138731060606039,7403.832810605948
630,0.31525,0.31525,13.302768,122.243217,5.2,134159.88131838662,-132975.9725496772,9251.0,844.5,160.0,1.8999999999999773,0.0,0.0,0.0593749999999992,7371.157886686244
631,0.31575,0.31575,13.314951,122.22380100000001,4.6,131833.07026136466,-132381.57924828897,9007.0,847.3,137.5,2.8000000000000114,0.0,0.0,0.171875,7422.881442151416
632,0.31625,0.31625,13.317398,122.240486,4.6,133886.32600577702,-132392.3095735316,9068.0,850.1,137.0,3.699999999999932,0.0,0.0,0.1193548387096788,7374.965246773419
633,0.31675,0.31675,13.2999805,122.2389525,4.6,133734.92809304118,-133257.68528544888,9052.5,841.75,137.0,1.8999999999999773,0.0,0.0,0.1156250000000014,7306.530382539115
634,0.31725,0.31725,13.2940295,122.2335545,4.2,133077.85045788027,-133894.61070502672,8846.5,842.7,133.5,3.699999999999932,0.0,0.0,0.11562499999999959,7420.478930293908
635,0.31775,0.31775,13.288133,122.252831,4.6,134909.78266159922,-135131.82276524522,9136.0,846.4,137.0,1.900000000000091,0.0,0.0,0.1156250000000014,7584.806426641372
636,0.31825,0.31825,13.286182,122.2630575,4.9,136338.25174053304,-134745.58665405388,9098.0,848.25,141.0,2.8000000000000114,0.0,0.0,0.0884576612903229,7481.131213510291
637,0.31875,0.31875,13.280595,122.253803,3.9,134699.25253880915,-135823.78974953823,8972.5,844.5,125.5,1.7999999999999543,0.0,0.0,0.05781249999999885,7476.719482916549
638,0.31925,0.31925,13.28815,122.243088,4.9,134007.95768967975,-134755.6498088151,9114.0,840.8,144.0,1.7999999999999543,0.0,0.0,0.0562499999999985,7445.8095547397
639,0.31975,0.31975,13.298996,122.249229,4.2,134791.1659490108,-134629.55458783035,9281.0,840.8,130.0,1.8999999999999773,0.0,0.0,0.1156250000000014,7316.800482781092
640,0.32025,0.32025,13.274165,122.2621,4.9,136201.81426093733,-136086.5993216702,9048.5,851.9,145.0,3.699999999999932,0.0,0.0,0.1156250000000014,7500.435316390677
641,0.32075,0.32075,13.30275,122.245785,3.6,134245.29214736464,-133721.59116018336,9174.5,839.0,125.5,3.6999999999999886,0.0,0.0,0.11562499999999959,7307.590376677148
642,0.32125,0.32125,13.279536499999999,122.2468605,4.2,134086.83881060628,-135899.1800139367,9224.0,846.4,137.0,1.8999999999999773,0.0,0.0,0.0599999999999984,7469.082770078043
643,0.32175,0.32175,13.269241,122.268486,4.6,136838.79140058788,-137309.80080177914,9197.0,837.1,137.0,3.699999999999932,0.0,0.0,0.1151515151515137,7425.666024640211
644,0.32225,0.32225,13.292632999999999,122.26335900000001,4.2,135737.17503672623,-134302.4742593235,9075.0,845.45,137.0,3.699999999999932,0.0,0.0,0.1156250000000014,7499.274088306944
645,0.32275,0.32275,13.255966,122.263718,4.6,136366.00345416067,-138113.7412318678,9121.0,848.2,137.0,3.699999999999932,0.0,0.0,0.1156249999999978,7337.472930565101
646,0.32325,0.32325,13.27066,122.276077,4.6,137627.24261962203,-136822.099179875,9304.0,850.1,144.0,3.7000000000000455,0.0,0.0,0.1193548387096752,7432.569031983824
647,0.32375,0.32375,13.265712,122.264915,4.6,136271.87177816883,-137400.31359708938,9075.0,850.1,145.0,5.5,0.0,0.0,0.1666666666666666,7467.342971126443
648,0.32425,0.32425,13.265459,122.265423,4.9,136543.14622045116,-137186.65225042065,9315.5,850.05,152.5,0.8999999999999772,0.0,0.0,0.02812499999999925,7436.74858223933
649,0.32475,0.32475,13.2858485,122.230053,4.9,131962.8916749211,-135643.9873048007,9205.0,850.1,145.0,1.7999999999999543,0.0,0.0,0.05903225806451455,7432.1358014384505
650,0.32525,0.32525,13.243829,122.275181,4.4,137252.43093964667,-139582.62824175257,9159.0,855.6,152.0,1.8999999999999773,0.0,0.0,0.0633333333333325,7580.148842867138
651,0.32575,0.32575,13.251338,122.282074,4.9,138402.71203019941,-138611.950788854,9307.5,843.6,160.0,0.0,0.0,0.0,0.0,7432.086789296749
652,0.32625,0.32625,13.2529675,122.2736015,4.2,137432.55550021102,-138518.102141137,9277.5,839.9,152.0,1.8999999999999773,0.0,0.0,0.0884576612903211,7310.471412939813
653,0.32675,0.32675,13.2439,122.2756765,4.9,137584.974075408,-139456.64421584818,9227.5,845.45,141.5,2.8000000000000114,0.0,0.0,0.11562499999999959,7436.993534351203
654,0.32725,0.32725,13.242828,122.282661,4.6,138400.81101190453,-139578.4028287038,9190.0,851.9,144.0,3.699999999999932,0.0,0.0,0.11212121212121,7490.467336294675
655,0.32775,0.32775,13.2663165,122.280491,5.2,137938.1844107983,-138203.53125915644,9369.0,843.6,140.5,0.8999999999999772,0.0,0.0,0.02812499999999925,7407.141345939814
656,0.32825,0.32825,13.242017,122.28163900000001,4.6,138391.0153447999,-139724.9579444517,9136.5,850.1,133.5,3.699999999999932,0.0,0.0,0.11212121212121175,7447.902899179269
657,0.32875,0.32875,13.2334245,122.288887,4.6,139077.1435388907,-140683.4039385244,9193.5,855.6,145.0,1.8999999999999773,0.0,0.0,0.05757575757575855,7472.876020164364
658,0.32925,0.32925,13.234463,122.28807850000001,4.6,138951.99364742672,-140501.09960448163,9376.0,849.1500000000001,137.0,3.7000000000000455,0.0,0.0,0.1174899193548401,7322.9180137076255
659,0.32975,0.32975,13.22172,122.290115,3.9,139371.69569316067,-141969.2082488052,9083.0,851.9,122.0,5.5,0.0,0.0,0.171875,7491.070178566924
660,0.33025,0.33025,13.223007500000001,122.298145,4.9,139987.68368661273,-141899.76692119907,9235.5,847.3,144.5,1.849999999999966,0.0,0.0,0.05781249999999885,7435.413219264944
661,0.33075,0.33075,13.231543,122.288368,4.2,138869.54512720372,-140836.35277138598,9449.0,844.5,144.0,0.0,0.0,0.0,0.0,7383.634721213143
662,0.33125,0.33125,13.220215,122.291161,4.2,139356.21804764192,-142082.62723064306,9228.0,855.6,137.0,3.699999999999932,0.0,0.0,0.1121212121212135,7531.701345519641
663,0.33175,0.33175,13.225863,122.298241,4.9,140096.45300347827,-141458.48924529226,9388.0,848.2,138.0,1.8999999999999773,0.0,0.0,0.0633333333333363,7492.173387092609
664,0.33225,0.33225,13.2245715,122.29294949999999,4.6,139499.9336906199,-142007.01457608433,9220.5,841.75,137.0,1.8999999999999773,0.0,0.0,0.062311827956988454,7335.316589267958
665,0.33275,0.33275,13.235779,122.286842,3.9,138822.59291237412,-140557.03072983905,9266.0,842.7,121.0,3.7000000000000455,0.0,0.0,0.123333333333331,7444.907969980438
666,0.33325,0.33325,13.222697,122.296066,4.2,139642.7873406238,-141939.0743820616,9395.0,851.9,129.0,3.7000000000000455,0.0,0.0,0.1156250000000014,7420.901678884271
667,0.33375,0.33375,13.222465,122.297539,4.2,139006.64163167466,-142388.08011604458,9220.0,846.4,130.0,3.7000000000000455,0.0,0.0,0.1156250000000014,7470.949387808173
668,0.33425,0.33425,13.2092435,122.3063465,4.2,140705.8504490225,-143308.33060005744,9197.5,855.6,137.0,1.8500000000000227,0.0,0.0,0.058719758064514946,7504.331614377219
669,0.33475,0.33475,13.237381,122.286591,4.6,138800.31312062475,-140410.58680917154,9251.0,855.6,144.0,1.7999999999999543,0.0,0.0,0.0575757575757568,7453.770873664545
670,0.33525,0.33525,13.199328,122.305489,4.2,140610.90023511273,-144400.37748303096,9174.0,855.6,145.0,1.7999999999999543,0.0,0.0,0.0545454545454566,7535.031211682443
671,0.33575,0.33575,13.214132,122.305199,4.9,140819.9774932987,-143055.80657284742,9342.0,851.9,152.0,0.0,0.0,0.0,0.0,7453.845106465774
672,0.33625,0.33625,13.194122499999999,122.3166995,4.75,141823.94959680567,-145109.19052197965,9449.0,852.8499999999999,153.0,0.0,0.0,0.0,0.0,7428.240215958536
673,0.33675,0.33675,13.206665,122.305962,3.9,140727.46350519577,-143940.9194115059,9312.0,855.6,130.0,1.8999999999999773,0.0,0.0,0.1156249999999978,7467.932781417072
674,0.33725,0.33725,13.1915385,122.31360649999999,3.45,141242.40100749896,-145292.38441666446,9349.5,850.1,137.0,3.699999999999932,0.0,0.0,0.1156249999999978,7447.984097556322
675,0.33775,0.33775,13.220439500000001,122.31532250000001,3.6,141946.83146576316,-142797.5004014646,9418.5,839.9,137.0,0.0,0.0,0.0,0.0,7420.499640801534
676,0.33825,0.33825,13.202703499999998,122.3124275,4.9,141676.45303168442,-144434.95915298362,9441.5,853.8,137.5,1.8500000000000227,0.0,0.0,0.0874999999999985,7496.848149597872
677,0.33875,0.33875,13.190926000000001,122.317482,4.6,142036.70198456902,-145471.79767862105,9395.0,844.5,152.0,1.8999999999999773,0.0,0.0,0.0593749999999992,7431.928081094706
678,0.33925,0.33925,13.1836475,122.3260075,4.4,142396.1425362792,-146298.69989277804,9361.0,854.7,152.5,1.8999999999999773,0.0,0.0,0.05847537878787975,7612.230266969176
679,0.33975,0.33975,13.184455,122.323494,3.6,142856.93353351724,-146065.52380952824,9353.5,848.2,145.0,1.849999999999966,0.0,0.0,0.05691287878787765,7475.83847688883
680,0.34025,0.34025,13.201538,122.316719,4.2,142184.7611084627,-144393.92816837737,9342.0,855.6,137.0,1.7999999999999543,0.0,0.0,0.0545454545454531,7592.774198412733
681,0.34075,0.34075,13.171584500000002,122.33564,4.05,144015.003191718,-147753.5763225535,9449.0,853.75,137.0,1.7999999999999543,0.0,0.0,0.05696022727272615,7448.104090987416
682,0.34125,0.34125,13.175004999999999,122.32834650000001,3.9,143276.83693322178,-147312.85462204757,9277.5,855.6,130.0,1.8999999999999773,0.0,0.0,0.062311827956988454,7454.476231167071
683,0.34175,0.34175,13.181763,122.327599,4.2,143265.63070540858,-146361.191527869,9182.0,855.6,130.0,3.7000000000000455,0.0,0.0,0.1156250000000014,7539.125423286035
684,0.34225,0.34225,13.1754225,122.33461,4.4,144113.30050328947,-147376.4026104014,9354.0,857.5,148.5,1.8500000000000227,0.0,0.0,0.057820136852395496,7512.721453984503
685,0.34275,0.34275,13.190926000000001,122.32051100000001,4.4,142291.0686063337,-145623.85695084042,9460.0,850.05,141.0,1.8000000000000114,0.0,0.0,0.058719758064514946,7512.934401588567
686,0.34325,0.34325,13.170502,122.329163,4.6,143443.6113318262,-147614.3600821008,9449.0,848.2,137.0,3.7000000000000455,0.0,0.0,0.1193548387096788,7416.462629172439
687,0.34375,0.34375,13.172002,122.336617,4.6,144258.90113934389,-147701.4258299236,9350.0,853.8,145.0,1.8000000000000682,0.0,0.0,0.0562500000000021,7596.104113357277
688,0.34425,0.34425,13.206079,122.309921,4.6,140607.354979268,-143766.56552569996,9403.0,846.4,130.0,1.7999999999999543,0.0,0.0,0.0580645161290307,7393.807416931059
689,0.34475,0.34475,13.173729000000002,122.3364565,4.6,144244.88185087976,-147260.92651957867,9601.5,846.4,148.5,0.0,0.0,0.0,0.0,7430.771358208094
690,0.34525,0.34525,13.178833,122.328232,3.9,142801.01555758415,-147236.40800438717,9449.0,855.6,130.0,1.8000000000000682,0.0,0.0,0.0575757575757568,7565.751376566167
691,0.34575,0.34575,13.156267,122.345146,4.6,144973.92093424167,-149310.64103106357,9350.0,853.8,137.0,1.8999999999999773,0.0,0.0,0.0575757575757603,7537.756796675878
692,0.34625,0.34625,13.14624,122.351471,4.2,145878.60471525337,-150309.95121712214,9312.0,861.2,137.0,3.699999999999932,0.0,0.0,0.11212121212121,7494.423673324154
693,0.34675,0.34675,13.1461325,122.3465425,4.05,145302.06197570678,-150376.22348494158,9304.0,854.7,137.0,1.7999999999999543,0.0,0.0,0.0553977272727258,7506.446269889291
694,0.34725,0.34725,13.150867,122.351318,4.2,145836.35827252647,-149874.28889276707,9540.0,853.8,137.0,0.0,0.0,0.0,0.0,7425.118305270087
695,0.34775,0.34775,13.154846500000001,122.347988,4.4,145185.52170655743,-149640.05645625532,9486.5,862.1,152.0,0.0,0.0,0.0,0.0,7603.490183863644
696,0.34825,0.34825,13.165985,122.353329,3.45,146064.37432023903,-148250.22914841655,9449.0,827.85,99.0,0.9499999999999886,0.0,0.0,0.0287878787878784,7329.9317596768815
697,0.34875,0.34875,13.174144,122.34697,4.2,145157.9539818444,-148414.51987946162,9449.0,861.2,129.0,1.7999999999999543,0.0,0.0,0.0593749999999992,7451.189563939208
698,0.34925,0.34925,13.1474005,122.356804,4.2,145732.7334961029,-150177.35108394368,9452.5,852.85,130.0,0.0,0.0,0.0,0.0,7409.856544654262
699,0.34975,0.34975,13.148131,122.360134,3.9,146726.75069508597,-150776.0253959209,9449.0,851.9,137.0,0.8999999999999772,0.0,0.0,0.02812499999999925,7436.269561511414
700,0.35025,0.35025,13.1352495,122.3608055,4.2,146920.23423387157,-151539.49081680443,9635.5,845.45,137.0,1.7999999999999543,0.0,0.0,0.05606060606060495,7518.6254712385235
701,0.35075,0.35075,13.129884,122.365341,4.6,147393.2293620812,-152245.02360088646,9471.5,846.4,145.0,0.0,0.0,0.0,0.0,7412.729261667301
702,0.35125,0.35125,13.140207,122.359024,3.6,146206.10972307064,-151441.13876833802,9449.0,851.9,107.0,1.7999999999999543,0.0,0.0,0.0580645161290307,7437.93483788812
703,0.35175,0.35175,13.1486745,122.362877,4.05,147154.77305991197,-150180.57574127047,9449.0,863.0,133.5,1.8999999999999773,0.0,0.0,0.059375000000000996,7590.251416839868
704,0.35225,0.35225,13.12793,122.368187,4.6,147679.8921856898,-152348.15703780297,9449.0,851.9,130.0,0.0,0.0,0.0,0.0,7549.264789033153
705,0.35275,0.35275,13.116714,122.377609,4.2,148803.1482720547,-153878.8685122975,9365.0,861.2,129.0,1.8000000000000682,0.0,0.0,0.0593749999999992,7513.900128791085
706,0.35325,0.35325,13.1245425,122.37386749999999,4.2,148240.85162766284,-152772.64425659436,9464.0,850.05,129.5,1.8999999999999773,0.0,0.0,0.0596875000000006,7447.464439649436
707,0.35375,0.35375,13.134098,122.3637315,4.05,147208.75889729246,-152377.67933160483,9449.0,848.2,129.0,0.0,0.0,0.0,0.0,7475.161931804481
708,0.35425,0.35425,13.173157,122.345192,4.6,143972.53046157263,-148658.92666581474,9312.0,848.2,138.0,0.0,0.0,0.0,0.0,7491.383248695269
709,0.35475,0.35475,13.1306765,122.3704945,4.2,147928.34153743813,-152087.12658695463,9517.0,845.45,137.0,0.0,0.0,0.0,0.0,7378.511851811114
710,0.35525,0.35525,13.119919,122.3836175,3.6,149000.20418436162,-153354.7505016171,9666.0,842.65,114.5,1.7999999999999543,0.0,0.0,0.0562499999999985,7315.336478749554
711,0.35575,0.35575,13.1172845,122.3767125,4.05,148264.67990376882,-153638.965126694,9449.0,857.5,137.0,1.8500000000000227,0.0,0.0,0.05781250000000065,7633.858741709833
712,0.35625,0.35625,13.121017,122.379547,4.6,148697.8525070769,-153219.370491433,9449.0,850.1,137.0,0.0,0.0,0.0,0.0,7369.933261876279
713,0.35675,0.35675,13.1121995,122.3778685,4.6,147467.17308773493,-154428.89497667307,9536.5,850.1,137.0,1.8500000000000227,0.0,0.0,0.05782013685239375,7557.797341046486
714,0.35725,0.35725,13.115627,122.382484,3.3,148766.2158141494,-153743.76648981392,9655.0,851.9,107.0,1.7999999999999543,0.0,0.0,0.0562499999999985,7527.590783209656
715,0.35775,0.35775,13.091309,122.38921,3.75,149938.233021055,-156454.6469483674,9449.0,845.45,125.5,0.0,0.0,0.0,0.0,7495.062318045979
716,0.35825,0.35825,13.120697,122.386345,3.9,149713.41557088363,-154507.67669101837,9441.0,855.6,122.0,0.0,0.0,0.0,0.0,7472.182208125999
717,0.35875,0.35875,13.107422,122.384003,4.6,149484.4963462674,-155342.41815833168,9487.0,853.8,145.0,0.0,0.0,0.0,0.0,7444.917358345577
718,0.35925,0.35925,13.097379,122.389862,3.9,149298.34286235968,-156296.58314181553,9632.0,840.8,106.0,0.0,0.0,0.0,0.0,7418.657543009298
719,0.35975,0.35975,13.085648,122.399063,3.9,150489.0313903342,-157071.27926580247,9731.0,857.5,121.0,1.7999999999999543,0.0,0.0,0.0575757575757568,7499.648868124723
720,0.36025,0.36025,13.137497,122.38945,4.2,149573.7420916387,-151565.78845327985,9487.0,864.9,137.0,0.0,0.0,0.0,0.0,7548.027985739936
721,0.36075,0.36075,13.087091000000001,122.393711,4.2,150365.37493374222,-156936.8444138001,9700.5,850.1,125.5,1.8999999999999773,0.0,0.0,0.0612903225806444,7507.056256566894
722,0.36125,0.36125,13.092728,122.400124,3.9,150403.87303725313,-156498.29101735938,9639.0,837.1,99.0,0.0,0.0,0.0,0.0,7340.0146776215615
723,0.36175,0.36175,13.089294,122.382874,3.9,148892.57759776685,-156760.04423622874,9540.0,850.1,115.0,0.0,0.0,0.0,0.0,7382.07989074144
724,0.36225,0.36225,13.0850425,122.40332799999999,4.6,151478.85266128162,-157131.6581943694,9666.0,850.05,137.0,0.0,0.0,0.0,0.0,7461.981210234523
725,0.36275,0.36275,13.077083,122.40649049999999,3.75,151856.55822557915,-158124.01868791354,9517.0,851.9,114.0,2.800000000000068,0.0,0.0,0.08670576735093075,7439.396505883289
726,0.36325,0.36325,13.086476,122.40462500000001,4.75,151448.90379048628,-157634.0931644047,9631.5,865.8,137.5,1.8000000000000114,0.0,0.0,0.05781249999999885,7521.514395841525
727,0.36375,0.36375,13.065536,122.41346,3.9,152150.9533639396,-159306.6339637374,9647.0,853.8,137.0,0.0,0.0,0.0,0.0,7597.978370652723
728,0.36425,0.36425,13.085276,122.398727,4.2,151003.07621424366,-157226.39640272834,9456.0,848.2,122.0,0.0,0.0,0.0,0.0,7469.756871139297
729,0.36475,0.36475,13.070704,122.414406,3.9,152621.21633771918,-158709.1827976426,9548.0,857.5,145.0,-1.8000000000000682,0.0,0.0,-0.0562499999999985,7513.806093316135
730,0.36525,0.36525,13.090941,122.39905949999999,3.3,151081.35305672506,-156460.65148270014,9654.5,837.1,114.0,0.0,0.0,0.0,0.0,7429.45753012088
731,0.36575,0.36575,13.082270999999999,122.403641,3.75,151357.22910896663,-158414.12665224273,9498.0,854.7,118.0,0.0,0.0,0.0,0.0,7547.536373188777
732,0.36625,0.36625,13.0677105,122.4244995,4.2,153407.679698201,-159054.88830208857,9483.0,852.8499999999999,122.0,0.0,0.0,0.0,0.0,7410.0345450047425
733,0.36675,0.36675,13.066635,122.4142,3.9,151930.32111716064,-159316.08554555714,9738.0,851.9,129.0,0.0,0.0,0.0,0.0,7463.826301043235
734,0.36725,0.36725,13.06982,122.411644,3.6,152370.37828828022,-158811.37107637685,9464.0,848.2,122.0,1.7999999999999543,0.0,0.0,0.0593749999999992,7438.961608307315
735,0.36775,0.36775,13.054184,122.421791,2.9,153256.35856794118,-160788.86438325027,9700.0,848.2,99.0,0.0,0.0,0.0,0.0,7450.435458981912
736,0.36825,0.36825,13.052917,122.424187,3.6,153792.71755638297,-160682.8954717876,9449.0,861.2,122.0,1.7999999999999543,0.0,0.0,0.0545454545454531,7513.781127525072
737,0.36875,0.36875,13.102453,122.399742,2.6,151108.88300142254,-156267.78361603504,9853.0,840.8,83.0,1.7999999999999543,0.0,0.0,0.0580645161290307,7340.286454182348
738,0.36925,0.36925,13.0418295,122.425129,3.6,153772.1767989039,-161974.03714591928,9605.0,842.65,125.5,0.0,0.0,0.0,0.0,7483.821524169089
739,0.36975,0.36975,13.040359,122.433823,3.6,154844.83921399128,-162182.24993365642,9586.0,857.5,115.0,0.0,0.0,0.0,0.0,7565.407697347277
740,0.37025,0.37025,13.035645,122.43795,3.3,155240.45675956382,-162625.69591362766,9898.0,844.5,107.0,0.0,0.0,0.0,0.0,7450.468648008652
741,0.37075,0.37075,13.06144,122.419609,3.3,153116.4518669713,-160205.86857758567,9769.0,855.6,122.0,0.0,0.0,0.0,0.0,7492.262952281841
742,0.37125,0.37125,13.039747,122.433487,3.3,154856.52160655582,-162146.00033750053,9716.0,855.6,99.0,0.0,0.0,0.0,0.0,7508.397646449435
743,0.37175,0.37175,13.084111,122.427849,3.3,152489.10358219413,-158542.1677871319,9456.0,855.6,99.0,0.0,0.0,0.0,0.0,7527.788870586313
744,0.37225,0.37225,13.038757,122.434151,2.9,154687.63277419645,-162259.86409965932,9647.0,850.1,99.0,1.8999999999999773,0.0,0.0,0.0612903225806444,7443.872240131681
745,0.37275,0.37275,13.032578,122.442673,3.3,155752.4336916872,-162963.50656737707,9815.0,855.6,130.0,0.0,0.0,0.0,0.0,7404.92386767384
746,0.37325,0.37325,13.033034,122.44135299999999,4.4,155382.4311373628,-163200.40768581483,9936.5,842.7,125.5,-1.7999999999999543,0.0,0.0,-0.05454545454545485,7501.946415204586
747,0.37375,0.37375,13.034535,122.4424625,3.6,155507.29022462812,-163333.84178209535,9841.5,850.1,130.0,0.0,0.0,0.0,0.0,7439.60182435587
748,0.37425,0.37425,13.02364,122.444435,3.9,155851.3285099069,-163958.70253546763,9639.5,851.9,133.5,-0.9000000000000341,0.0,0.0,-0.0272727272727283,7467.216682490291
749,0.37475,0.37475,13.045807,122.42984,2.6,152460.2919102289,-162069.94290262085,9616.0,850.1,91.0,1.7999999999999543,0.0,0.0,0.0562499999999985,7437.537669882473
750,0.37525,0.37525,13.014679,122.4548915,3.9,157079.02216995915,-164944.89170205884,9909.5,848.2,141.0,0.0,0.0,0.0,0.0,7447.462547305897
751,0.37575,0.37575,13.0312055,122.447517,3.75,155963.55363241184,-163338.95675578597,9841.0,840.85,129.0,0.0,0.0,0.0,0.0,7329.343515504321
752,0.37625,0.37625,13.016330499999999,122.45174800000001,3.6,156742.8987644771,-165023.5066237839,9780.0,851.95,99.0,0.0,0.0,0.0,0.0,7412.250941326631
753,0.37675,0.37675,13.008979499999999,122.455284,2.6,156970.89806754916,-165772.51668423682,9449.0,851.9,107.0,0.0,0.0,0.0,0.0,7435.478415953437
754,0.37725,0.37725,13.0469945,122.444473,3.3,155829.9616043177,-161410.3892842154,9787.5,840.8,114.5,0.0,0.0,0.0,0.0,7449.876450306423
755,0.37775,0.37775,13.011612,122.456253,3.45,156995.77723803936,-165369.93489625154,9677.5,859.3,88.0,0.0,0.0,0.0,0.0,7506.459078614289
756,0.37825,0.37825,13.024059,122.45797,2.3,158036.52398092864,-163894.54297417286,10005.0,848.2,107.0,0.0,0.0,0.0,0.0,7425.680263406363
757,0.37875,0.37875,13.032898,122.454041,2.6,156814.647292393,-164567.4955997461,9639.0,846.4,114.0,0.0,0.0,0.0,0.0,7448.756882239798
758,0.37925,0.37925,13.000132,122.459778,2.6,157602.11482567273,-166548.4359541062,9716.0,848.2,99.0,-1.8000000000000682,0.0,0.0,-0.0580645161290344,7450.875674892817
759,0.37975,0.37975,13.006302,122.459671,2.3,157508.8094876285,-165912.0665099298,9716.0,851.9,84.0,0.0,0.0,0.0,0.0,7328.307695668285
760,0.38025,0.38025,12.996964,122.472649,3.6,159006.87127283763,-166916.0468893586,9456.0,851.9,115.0,-1.8000000000000682,0.0,0.0,-0.0575757575757568,7420.997004483697
761,0.38075,0.38075,13.001541,122.459488,0.7,157442.3060865772,-166828.2027759741,10058.0,846.4,46.0,-1.7999999999999543,0.0,0.0,-0.0545454545454531,7410.02093127693
762,0.38125,0.38125,12.987259,122.469238,2.9,158726.55134144978,-168011.2072345787,9723.0,846.4,99.0,0.0,0.0,0.0,0.0,7458.339443276145
763,0.38175,0.38175,13.0379515,122.455086,2.6,156279.179293791,-163029.2228597956,9856.5,849.1500000000001,106.5,0.0,0.0,0.0,0.0,7426.027662578986
764,0.38225,0.38225,12.990029,122.46508,3.3,157695.9955493722,-167671.83984970572,10058.0,855.6,84.0,0.0,0.0,0.0,0.0,7532.604082542357
765,0.38275,0.38275,12.98172,122.479042,1.3,159701.92785079812,-168713.73775149396,9914.0,846.4,31.0,0.0,0.0,0.0,0.0,7411.264165655496
766,0.38325,0.38325,13.032715,122.468102,3.3,158485.66710114185,-164450.7407655011,9716.0,859.3,122.0,0.0,0.0,0.0,0.0,7487.233393739681
767,0.38375,0.38375,12.9900295,122.4735295,2.5999999999999996,159122.4589186993,-167778.19794394923,10058.0,853.75,106.5,0.0,0.0,0.0,0.0,7522.12501441773
768,0.38425,0.38425,12.987073500000001,122.4742735,3.5999999999999996,159087.9899640889,-168191.28766701667,9818.5,857.45,122.0,-0.9000000000000341,0.0,0.0,-0.0290322580645172,7442.875234839045
769,0.38475,0.38475,12.973889,122.48620249999999,2.6,160221.90060407852,-169476.70279451646,10054.5,841.75,76.0,-1.7999999999999543,0.0,0.0,-0.0580645161290307,7401.364958835215
770,0.38525,0.38525,12.970268,122.486488,2.1,160536.45166707248,-170048.13431183668,10051.0,848.25,95.5,-1.7999999999999543,0.0,0.0,-0.0553977272727258,7400.9146828366465
771,0.38575,0.38575,12.989182,122.463936,2.6,158080.62178478835,-167801.1597280176,10058.0,831.5,107.0,0.0,0.0,0.0,0.0,7216.214647784888
772,0.38625,0.38625,12.980486,122.484497,3.3,159909.07465268788,-169065.78137551364,9944.0,842.7,122.0,0.0,0.0,0.0,0.0,7505.864179319527
773,0.38675,0.38675,12.967117,122.49059700000001,3.6,160765.56078253122,-170519.37906186632,9940.5,847.3,133.0,-1.8500000000000227,0.0,0.0,-0.0587197580645168,7430.450054553645
774,0.38725,0.38725,12.964005,122.492065,2.0,160967.7300266997,-170731.59487249225,10028.0,842.7,99.0,0.0,0.0,0.0,0.0,7368.968022044067
775,0.38775,0.38775,12.963684,122.49514,2.3,161400.2520871062,-170645.86346563182,10058.0,839.0,91.0,0.0,0.0,0.0,0.0,7392.426944175258
776,0.38825,0.38825,12.9532305,122.4994125,2.45,161760.60846984579,-171774.771517703,9989.5,852.8499999999999,111.0,0.0,0.0,0.0,0.0,7433.217802512865
777,0.38875,0.38875,12.9744115,122.48526749999999,2.0,160175.8818989778,-169475.31285601345,9498.0,841.75,68.5,-0.8999999999999772,0.0,0.0,-0.02727272727272655,7480.8792722627795
778,0.38925,0.38925,12.9824405,122.48596950000001,1.8,160291.39270399176,-169242.30356538403,10051.0,849.15,92.0,0.0,0.0,0.0,0.0,7489.960965301788
779,0.38975,0.38975,12.952206,122.5098455,2.3,163038.15745940406,-171910.20712542726,9856.0,842.7,79.5,0.0,0.0,0.0,0.0,7403.498484733142
780,0.39025,0.39025,12.950546,122.497322,0.3,161115.32975610293,-172054.7051321909,10051.0,844.5,8.0,0.0,0.0,0.0,0.0,7479.658891413562
781,0.39075,0.39075,12.968582,122.497269,0.3,161641.973317285,-170184.6262728236,9860.0,844.5,15.0,0.0,0.0,0.0,0.0,7416.130937745648
782,0.39125,0.39125,12.959025,122.499146,0.3,161906.66228755665,-171234.5302203883,10013.0,844.5,23.0,0.0,0.0,0.0,0.0,7382.695536856488
783,0.39175,0.39175,12.9380035,122.512131,0.7,163245.76163696824,-173578.96729203226,9982.5,838.95,83.5,-1.8000000000000682,0.0,0.0,-0.058064516129032545,7317.531522579644
784,0.39225,0.39225,12.952322,122.5019455,0.5,162165.25621439618,-172132.6528834346,9936.5,848.25,69.0,0.0,0.0,0.0,0.0,7491.010844682167
785,0.39275,0.39275,12.938736,122.512474,2.5999999999999996,162883.35758890578,-173385.76584012632,10058.0,848.2,106.0,-1.8500000000000227,0.0,0.0,-0.0575757575757568,7425.219603770287
786,0.39325,0.39325,12.935349,122.512901,0.3,163425.95166818617,-173822.81810298443,10058.0,844.5,45.0,0.0,0.0,0.0,0.0,7365.504649903817
787,0.39375,0.39375,12.941521999999999,122.508015,0.3,162904.15200699278,-173121.39953687112,10058.0,846.4,19.0,0.0,0.0,0.0,0.0,7346.91419052819
788,0.39425,0.39425,12.92981,122.512665,0.3,162646.05640188183,-174591.06491231758,10058.0,848.2,31.0,0.0,0.0,0.0,0.0,7421.907585148928
789,0.39475,0.39475,12.934479,122.516472,0.0,163707.7561333315,-173855.12027379213,10058.0,838.95,23.0,0.0,0.0,0.0,0.0,7432.939607169833
790,0.39525,0.39525,12.953577,122.51671250000001,1.95,163835.76094193052,-172068.04854181892,10058.0,853.75,88.0,0.0,0.0,0.0,0.0,7420.449573057502
791,0.39575,0.39575,12.9339805,122.516407,0.5,163755.9208849534,-174276.88321311772,10043.0,845.45,80.0,-1.8000000000000114,0.0,0.0,-0.05539772727272935,7464.416569109992
792,0.39625,0.39625,12.926971,122.521217,0.3,164251.60514818382,-174772.7576734193,10058.0,837.1,46.0,-1.7999999999999543,0.0,0.0,-0.0562500000000021,7396.70368903761
793,0.39675,0.39675,12.925159,122.5208055,0.3,164132.63146053033,-175013.4394245849,10058.0,837.1,23.0,-1.7999999999999543,0.0,0.0,-0.0560606060606067,7295.096897215462
794,0.39725,0.39725,12.9222725,122.5240785,0.7,164590.4122071679,-175220.76265168033,10058.0,846.4,80.0,-0.8999999999999772,0.0,0.0,-0.02812499999999925,7419.271852884772
795,0.39775,0.39775,12.915573,122.530807,0.3,164946.297036806,-175954.87257138191,10058.0,842.7,30.0,0.0,0.0,0.0,0.0,7310.324346279567
796,0.39825,0.39825,12.912872,122.528587,0.7,165089.1846445206,-176373.5220484612,10058.0,846.4,76.0,0.0,0.0,0.0,0.0,7327.159586520698
797,0.39875,0.39875,12.943803,122.51577,0.3,163703.71795473326,-174232.90555888563,10058.0,848.2,7.0,-1.8999999999999773,0.0,0.0,-0.0575757575757568,7345.884279481064
798,0.39925,0.39925,12.908284,122.538231,0.3,166119.0210177227,-177140.87929715303,10058.0,837.1,7.0,0.0,0.0,0.0,0.0,7300.10570330004
799,0.39975,0.39975,12.904747,122.535244,1.4500000000000002,165809.17074273172,-177301.88977333088,10051.0,839.9,84.0,0.0,0.0,0.0,0.0,7321.16040776844
800,0.40025,0.40025,12.90726,122.5336,0.7,165623.26189156692,-176883.35149133194,10058.0,851.9,38.0,-1.900000000000091,0.0,0.0,-0.0612903225806444,7380.10248050159
801,0.40075,0.40075,12.896087,122.535019,2.6,165346.73870191327,-178123.176635936,10058.0,844.5,92.0,-1.7999999999999543,0.0,0.0,-0.0562500000000021,7389.594040776522
802,0.40125,0.40125,12.914886,122.531136,0.3,165313.7263973493,-176466.36994045638,10051.0,837.1,0.0,0.0,0.0,0.0,0.0,7389.991736388695
803,0.40175,0.40175,12.898087,122.537025,0.3,165969.39402369678,-178002.6411689626,10051.0,844.5,0.0,0.0,0.0,0.0,0.0,7455.1430702406915
804,0.40225,0.40225,12.903069,122.542877,0.3,166563.65057408653,-177431.5432368834,10013.0,844.5,0.0,0.0,0.0,0.0,0.0,7406.292944372894
805,0.40275,0.40275,12.898361,122.542267,0.3,166308.5703588849,-177890.3341379269,9944.0,846.4,8.0,0.0,0.0,0.0,0.0,7468.604008674698
806,0.40325,0.40325,12.894782500000002,122.545353,1.2999999999999998,166745.76984204518,-178429.29669181863,10020.5,843.5999999999999,95.5,0.0,0.0,0.0,0.0,7502.356258765827
807,0.40375,0.40375,12.902527,122.543488,0.3,166334.02430495835,-177428.98575003815,10058.0,846.4,46.0,-1.7999999999999543,0.0,0.0,-0.0545454545454566,7446.789132582414
808,0.40425,0.40425,12.904164,122.54481899999999,0.0,166848.90498924966,-177736.8293296646,10024.0,851.9,0.0,0.0,0.0,0.0,0.0,7476.591118843118
809,0.40475,0.40475,12.8864275,122.54921350000001,0.3,167266.91275008474,-179404.64433808735,10058.0,838.95,26.5,0.0,0.0,0.0,0.0,7429.957294271575
810,0.40525,0.40525,12.88491,122.539589,0.3,165123.74556111568,-179519.28646580802,10058.0,842.7,34.0,-1.849999999999966,0.0,0.0,-0.05696022727272615,7511.747742541618
811,0.40575,0.40575,12.881432,122.555496,0.3,167786.9004770388,-179933.7105298385,10058.0,846.4,0.0,0.0,0.0,0.0,0.0,7435.858099988033
812,0.40625,0.40625,12.873688,122.563812,0.0,168952.7164989384,-181292.458812752,10058.0,839.0,0.0,-1.8000000000000682,0.0,0.0,-0.0575757575757603,7362.785204458576
813,0.40675,0.40675,12.9138085,122.5357745,2.6,164902.74621031753,-176820.30388083955,10027.5,851.9,76.0,-0.8999999999999772,0.0,0.0,-0.02812499999999925,7338.3084441311075
814,0.40725,0.40725,12.878979000000001,122.55955499999999,0.0,168485.28298323535,-180144.03602409997,10058.0,840.8,0.0,0.0,0.0,0.0,0.0,7429.92674228432
815,0.40775,0.40775,12.886551,122.559502,0.3,168150.85191921462,-179213.2220074653,10058.0,840.8,15.0,0.0,0.0,0.0,0.0,7354.610294838493
816,0.40825,0.40825,12.870577,122.564148,0.0,168805.2955532505,-181207.83935669428,10051.0,846.4,0.0,0.0,0.0,0.0,0.0,7401.200201474323
817,0.40875,0.40875,12.878208,122.55864700000001,0.0,167978.91326230235,-180117.34920484415,10058.0,835.25,0.0,0.0,0.0,0.0,0.0,7358.221122438472
818,0.40925,0.40925,12.8728705,122.56297699999999,0.0,168794.84417788507,-181202.9467731641,10058.0,837.1,3.5,-0.8999999999999772,0.0,0.0,-0.02812499999999925,7249.715450077929
819,0.40975,0.40975,12.855959,122.572388,0.0,169822.955879426,-182696.63028594104,10058.0,837.1,7.0,0.0,0.0,0.0,0.0,7418.372733739894
820,0.41025,0.41025,12.876959,122.548016,0.3,166878.03337892267,-180428.5842344176,10058.0,844.5,23.0,0.0,0.0,0.0,0.0,7516.682239870213
821,0.41075,0.41075,12.8500215,122.578659,0.15,170335.3132775512,-183262.2796590891,10058.0,833.4,0.0,-0.8999999999999772,0.0,0.0,-0.02727272727272655,7332.475381294349
822,0.41125,0.41125,12.857517999999999,122.5729675,0.3,169964.98589114298,-182432.87555562734,10058.0,834.3499999999999,7.5,0.0,0.0,0.0,0.0,7395.615710977832
823,0.41175,0.41175,12.852493,122.572998,0.3,169471.14294930693,-183000.8600254601,10051.0,842.7,0.0,0.0,0.0,0.0,0.0,7395.950834125591
824,0.41225,0.41225,12.848138,122.575668,0.3,170155.4084085918,-183491.4527194504,10058.0,851.9,8.0,0.0,0.0,0.0,0.0,7437.845049871914
825,0.41275,0.41275,12.852618,122.580509,0.0,170569.91551134308,-182976.67509550933,10054.5,844.5,15.5,0.0,0.0,0.0,0.0,7379.958338891533
826,0.41325,0.41325,12.860275,122.568451,0.0,169389.23131551887,-182950.2662639536,10058.0,846.4,0.0,0.0,0.0,0.0,0.0,7415.319843581816
827,0.41375,0.41375,12.8367,122.594543,0.0,171349.2096526482,-184770.9745076976,9936.0,848.2,0.0,0.0,0.0,0.0,0.0,7459.670595480637
828,0.41425,0.41425,12.832901,122.584633,0.7,171067.54949533468,-185154.2639492625,9632.0,846.4,8.0,-1.7999999999999543,0.0,0.0,-0.0562499999999985,7407.781831684889
829,0.41475,0.41475,12.853887,122.57506599999999,0.0,169869.5322551296,-183057.5695163793,10058.0,839.9,0.0,0.0,0.0,0.0,0.0,7278.970033499522
830,0.41525,0.41525,12.847463000000001,122.58269899999999,0.0,170933.07477793188,-183541.4349080153,10058.0,848.25,7.5,0.0,0.0,0.0,0.0,7410.375481501316
831,0.41575,0.41575,12.841434,122.590042,0.3,171600.57779063622,-184595.73106124956,10058.0,849.1500000000001,7.5,0.0,0.0,0.0,0.0,7414.814219528753
832,0.41625,0.41625,12.869366,122.588821,0.0,169996.13308116415,-181763.92595294223,10058.0,844.5,0.0,0.0,0.0,0.0,0.0,7318.392432572156
833,0.41675,0.41675,12.830691,122.5897295,0.0,171783.52682200944,-185831.33079280483,9993.5,842.7,0.0,0.0,0.0,0.0,0.0,7440.707868155186
834,0.41725,0.41725,12.828634999999998,122.593254,0.0,172106.43823772104,-185705.9027423013,10058.0,845.45,0.0,0.0,0.0,0.0,0.0,7459.5838858527095
835,0.41775,0.41775,12.834266,122.594734,0.0,172303.77025912263,-185071.09002924783,10058.0,835.3,8.0,0.0,0.0,0.0,0.0,7339.77262356347
836,0.41825,0.41825,12.822159,122.59445149999999,0.0,172190.6326924688,-186356.00477888653,10058.0,837.1,0.0,0.0,0.0,0.0,0.0,7419.799122472459
837,0.41875,0.41875,12.839711999999999,122.5810165,0.0,170648.65139011125,-185078.92928240454,10058.0,848.2,0.0,0.0,0.0,0.0,0.0,7427.380391938967
838,0.41925,0.41925,12.844600499999999,122.59141149999999,0.0,171665.8983019956,-185139.86418637252,10058.0,839.0,0.0,0.0,0.0,0.0,0.0,7481.701797518641
839,0.41975,0.41975,12.816879,122.606228,0.0,173395.6609874493,-186984.47937236656,10058.0,833.4,0.0,0.0,0.0,0.0,0.0,7381.445068306104
840,0.42025,0.42025,12.824541,122.59824,0.0,172348.52645043755,-186478.93094008468,10058.0,838.95,0.0,0.0,0.0,0.0,0.0,7492.174929283989
841,0.42075,0.42075,12.814087,122.60873050000001,0.0,173471.87817171932,-187249.34605348273,10058.0,842.7,0.0,0.0,0.0,0.0,0.0,7412.573311578319
842,0.42125,0.42125,12.806442,122.609123,0.0,173860.4825424877,-188247.48869119884,10058.0,840.8,0.0,0.0,0.0,0.0,0.0,7322.800119082339
843,0.42175,0.42175,12.808685,122.606712,0.0,173553.47687749693,-187939.47831895208,10058.0,829.7,0.0,-1.7999999999999543,0.0,0.0,-0.0545454545454566,7326.703981688145
844,0.42225,0.42225,12.799631,122.611809,0.0,174091.04012078803,-188853.39068339157,10058.0,839.0,0.0,0.0,0.0,0.0,0.0,7432.399200492426
845,0.42275,0.42275,12.798248000000001,122.618145,0.0,174762.23125745213,-189006.22832117247,10058.0,838.95,0.0,0.0,0.0,0.0,0.0,7245.422059146784
846,0.42325,0.42325,12.813271,122.615517,0.0,174607.88673210653,-187463.22979031183,10058.0,840.8,7.0,-1.7999999999999543,0.0,0.0,-0.0545454545454531,7334.780877390701
847,0.42375,0.42375,12.789963,122.623348,0.0,175239.09414916282,-189971.67960530028,10058.0,841.75,0.0,0.0,0.0,0.0,0.0,7499.943447087541
848,0.42425,0.42425,12.796698,122.619709,0.0,175004.2314615371,-189226.6169701955,10058.0,839.0,0.0,0.0,0.0,0.0,0.0,7354.050165315402
849,0.42475,0.42475,12.801544499999999,122.618042,0.0,174737.80160476698,-188862.89786275156,10058.0,851.0,3.5,0.0,0.0,0.0,0.0,7474.207863305869
850,0.42525,0.42525,12.785386,122.625465,0.0,175530.5214591167,-190636.2925998561,10043.0,842.7,0.0,0.0,0.0,0.0,0.0,7372.890846125198
851,0.42575,0.42575,12.779148,122.628704,0.0,175860.7229095405,-191366.7886794504,10058.0,830.5999999999999,7.0,0.0,0.0,0.0,0.0,7361.410545929917
852,0.42625,0.42625,12.796605,122.624146,0.0,175468.3032922793,-189198.76260259704,10058.0,839.0,0.0,-1.8999999999999773,0.0,0.0,-0.0593750000000028,7471.7345451863985
853,0.42675,0.42675,12.7930195,122.6188585,0.0,174949.63552489388,-189644.26569155272,10058.0,846.4,0.0,0.0,0.0,0.0,0.0,7408.000824004457
854,0.42725,0.42725,12.8010455,122.621567,0.0,174909.3762740592,-188801.96295878358,10058.0,850.05,0.0,0.0,0.0,0.0,0.0,7482.361327599287
855,0.42775,0.42775,12.7826845,122.6295815,0.0,175914.47307787393,-191110.76200721244,10058.0,846.35,0.0,0.0,0.0,0.0,0.0,7392.424533134848
856,0.42825,0.42825,12.801132,122.62291,0.0,175314.1664182846,-188710.0602249702,10058.0,837.1,0.0,0.0,0.0,0.0,0.0,7427.66450050672
857,0.42875,0.42875,12.778839,122.629585,0.0,175991.79426511863,-191609.8055273007,10058.0,842.7,0.0,0.0,0.0,0.0,0.0,7463.371491321214
858,0.42925,0.42925,12.791977,122.626938,0.0,175825.26450431367,-190203.29895742692,10058.0,846.4,0.0,0.0,0.0,0.0,0.0,7357.598130891452
859,0.42975,0.42975,12.772159,122.6355475,0.0,176549.32869140158,-191899.8578940898,10058.0,831.55,0.0,0.0,0.0,0.0,0.0,7251.025877193428
860,0.43025,0.43025,12.7624215,122.63552849999999,0.0,176691.44421693226,-192998.63207941744,10058.0,833.4,0.0,0.0,0.0,0.0,0.0,7383.660398857601
861,0.43075,0.43075,12.764676999999999,122.64012550000001,0.0,176690.2622950764,-192836.17606719633,10058.0,839.0,0.0,0.0,0.0,0.0,0.0,7329.5897962224835
862,0.43125,0.43125,12.798248,122.644264,0.0,177631.3796532567,-191730.4521893542,10066.0,837.1,0.0,0.0,0.0,0.0,0.0,7289.201935927123
863,0.43175,0.43175,12.763779,122.638725,0.0,176431.0870860901,-193046.11237867712,10058.0,844.5,0.0,0.0,0.0,0.0,0.0,7382.164819634658
864,0.43225,0.43225,12.762342,122.646301,0.0,177393.88845325206,-193001.4119564231,10058.0,837.1,0.0,0.0,0.0,0.0,0.0,7357.37754652476
865,0.43275,0.43275,12.756284,122.64455050000001,0.0,177703.81289605878,-193684.8725170787,9993.5,824.1,0.0,0.0,0.0,0.0,0.0,7374.9865793606805
866,0.43325,0.43325,12.758377,122.6459425,0.0,177683.90009930724,-193444.85793639475,10058.0,837.1,0.0,0.0,0.0,0.0,0.0,7380.407103179899
867,0.43375,0.43375,12.750229,122.646202,0.0,177840.35456381293,-194423.26344736933,10058.0,844.5,0.0,0.0,0.0,0.0,0.0,7340.148433241337
868,0.43425,0.43425,12.7401315,122.6585505,0.0,179211.1829835784,-195470.88789578978,10058.0,838.05,0.0,-0.8999999999999772,0.0,0.0,-0.02812499999999925,7435.1704307866485
869,0.43475,0.43475,12.742349,122.65676500000001,0.0,178963.75407889427,-195277.5752488036,10058.0,844.55,0.0,0.0,0.0,0.0,0.0,7391.051882588081
870,0.43525,0.43525,12.7565,122.654678,0.0,178431.99239451677,-193659.46444124525,10058.0,844.5,0.0,0.0,0.0,0.0,0.0,7319.096482153676
871,0.43575,0.43575,12.744536499999999,122.6632995,0.0,179183.47107569274,-195267.51209404258,10058.0,835.3,0.0,0.0,0.0,0.0,0.0,7415.952526986221
872,0.43625,0.43625,12.750983999999999,122.6612815,0.0,179527.30245552378,-194749.89899555556,10058.0,834.3499999999999,0.0,0.0,0.0,0.0,0.0,7384.954667290191
873,0.43675,0.43675,12.737823,122.666618,0.0,180062.8005807784,-195751.5998758393,10058.0,851.9,0.0,0.0,0.0,0.0,0.0,7461.498958696013
874,0.43725,0.43725,12.738042,122.660744,0.0,179423.35471048736,-195907.27298816605,10058.0,850.1,0.0,0.0,0.0,0.0,0.0,7478.283662734513
875,0.43775,0.43775,12.741806,122.658257,0.0,179174.19500940375,-195304.81804346095,10058.0,842.7,0.0,0.0,0.0,0.0,0.0,7344.5560246186915
876,0.43825,0.43825,12.728645499999999,122.6729125,0.0,180336.7318126849,-196766.8665559116,9978.0,846.4,0.0,0.0,0.0,0.0,0.0,7342.230717184728
877,0.43875,0.43875,12.7566165,122.6472245,0.0,177887.02036622225,-194127.54013148864,10058.0,837.1,0.0,0.0,0.0,0.0,0.0,7366.693648935217
878,0.43925,0.43925,12.7214785,122.674824,0.0,180742.23045648105,-197594.26914792915,10058.0,847.3,0.0,0.0,0.0,0.0,0.0,7364.350621924956
879,0.43975,0.43975,12.76332,122.6504975,0.0,177972.39997046645,-194128.65208229085,10058.0,842.7,4.0,0.0,0.0,0.0,0.0,7404.671210932356
880,0.44025,0.44025,12.730156000000001,122.671211,0.0,180514.59805713766,-196597.0716683948,10058.0,826.0,0.0,0.0,0.0,0.0,0.0,7211.6078401575505
881,0.44075,0.44075,12.732468,122.666405,0.0,179614.59588519603,-196702.42900691624,10058.0,839.0,0.0,0.0,0.0,0.0,0.0,7403.650596060921
882,0.44125,0.44125,12.708435,122.679459,0.0,181137.874936652,-199207.765359658,10058.0,844.5,0.0,0.0,0.0,0.0,0.0,7377.569865056907
883,0.44175,0.44175,12.7143935,122.66753750000001,0.0,180219.49865373905,-198385.25535117055,10058.0,831.5,0.0,0.0,0.0,0.0,0.0,7327.581361169554
884,0.44225,0.44225,12.713602,122.675797,0.0,181081.9326530917,-198453.7515205944,10058.0,839.0,0.0,-1.8000000000000682,0.0,0.0,-0.0562500000000021,7380.042991356479
885,0.44275,0.44275,12.714981,122.67950450000001,0.0,181048.29890979535,-198439.18496508378,10058.0,844.55,0.0,0.0,0.0,0.0,0.0,7404.2292129504785
886,0.44325,0.44325,12.710838500000001,122.6788825,0.0,181433.21287343279,-198728.68135647164,10058.0,835.25,0.0,0.0,0.0,0.0,0.0,7309.986443181037
887,0.44375,0.44375,12.697842,122.690155,0.0,182436.4327216698,-200221.86449138768,10058.0,824.1,0.0,0.0,0.0,0.0,0.0,7316.2679999109205
888,0.44425,0.44425,12.710473,122.682007,0.0,181772.76912042807,-198845.99216611806,10058.0,837.1,0.0,0.0,0.0,0.0,0.0,7457.541419869951
889,0.44475,0.44475,12.711275,122.685844,0.0,182043.74020927635,-198780.77625156112,10058.0,846.4,0.0,0.0,0.0,0.0,0.0,7335.71318550387
890,0.44525,0.44525,12.6914975,122.6873205,0.0,182168.18867186038,-200951.8045955807,10058.0,836.2,0.0,0.0,0.0,0.0,0.0,7410.94114483132
891,0.44575,0.44575,12.689117,122.696228,0.0,183088.40552681815,-201170.80330610063,10058.0,842.7,0.0,0.0,0.0,0.0,0.0,7426.565924923773
892,0.44625,0.44625,12.689374,122.6977995,0.0,183277.84594241568,-201322.8625783199,10058.0,840.8,0.0,0.0,0.0,0.0,0.0,7403.710291648324
893,0.44675,0.44675,12.6862995,122.6978415,0.0,183498.3979507493,-201506.7236434862,10058.0,827.85,0.0,0.0,0.0,0.0,0.0,7153.127074011831
894,0.44725,0.44725,12.705921,122.68633249999999,0.0,182262.44931136363,-199667.4458213434,10058.0,837.1,0.0,0.0,0.0,0.0,0.0,7353.223777643085
895,0.44775,0.44775,12.678083,122.696911,0.0,183355.8105396417,-202417.3557530588,10058.0,839.0,0.0,0.0,0.0,0.0,0.0,7472.55560345031
896,0.44825,0.44825,12.710437,122.686829,0.0,182359.41189442165,-199786.6469473536,10058.0,844.5,0.0,-1.8000000000000682,0.0,0.0,-0.0593749999999992,7376.874689433177
897,0.44875,0.44875,12.676314,122.70649,0.0,184333.1091717637,-202560.8530041002,10058.0,835.3,0.0,0.0,0.0,0.0,0.0,7401.746292194565
898,0.44925,0.44925,12.681907500000001,122.7020835,0.0,183698.09762644942,-202291.64971485457,10058.0,839.9,0.0,0.0,0.0,0.0,0.0,7409.203301146936
899,0.44975,0.44975,12.6771625,122.70548600000001,0.0,184338.6957947812,-202517.76491050975,10058.0,845.45,0.0,0.0,0.0,0.0,0.0,7474.044203652583
900,0.45025,0.45025,12.691841,122.692589,0.0,182939.6946123304,-201118.9308011718,10058.0,844.5,0.0,-1.7999999999999543,0.0,0.0,-0.0553977272727276,7395.3752201759025
901,0.45075,0.45075,12.701363,122.6987955,0.0,183542.89577886218,-200423.01639153017,10058.0,839.0,0.0,0.0,0.0,0.0,0.0,7400.163385722719
902,0.45125,0.45125,12.6743045,122.710972,0.0,184636.76734764557,-202784.13272520906,10058.0,834.3499999999999,0.0,0.0,0.0,0.0,0.0,7358.024895190352
903,0.45175,0.45175,12.678566,122.698414,0.0,182865.78066046798,-203329.2110085137,10058.0,833.4,0.0,0.0,0.0,0.0,0.0,7358.574983940158
904,0.45225,0.45225,12.675888,122.70649,0.0,183558.77882566923,-202653.70089609505,10058.0,844.5,0.0,0.0,0.0,0.0,0.0,7498.869186614222
905,0.45275,0.45275,12.658997,122.71624,0.0,184854.54790963104,-204504.87659182298,10058.0,844.5,0.0,0.0,0.0,0.0,0.0,7461.802161658641
906,0.45325,0.45325,12.661976,122.716995,0.0,185521.1017229044,-204165.06442662937,10058.0,842.7,0.0,0.0,0.0,0.0,0.0,7458.2351421435105
907,0.45375,0.45375,12.664497,122.71715950000001,0.0,185540.7167896665,-204319.45879553357,10058.0,839.9,0.0,0.0,0.0,0.0,0.0,7417.168495451197
908,0.45425,0.45425,12.655598000000001,122.71823499999999,0.0,185525.69752921376,-204913.85209692188,10058.0,833.4,0.0,0.0,0.0,0.0,0.0,7452.503681798804
909,0.45475,0.45475,12.663838,122.722824,0.0,186262.91402954428,-204210.76560460532,10058.0,837.1,0.0,-1.8999999999999773,0.0,0.0,-0.0580645161290344,7317.176438902205
910,0.45525,0.45525,12.652107,122.727417,0.0,186420.14696542907,-205385.87521251308,10058.0,837.1,0.0,0.0,0.0,0.0,0.0,7391.876644458921
911,0.45575,0.45575,12.648975,122.733528,0.0,187215.48915977718,-205637.3428864613,10058.0,836.2,0.0,0.0,0.0,0.0,0.0,7324.203574803097
912,0.45625,0.45625,12.6487315,122.729309,0.0,186588.92691851401,-205632.22791277067,10058.0,837.1,0.0,0.0,0.0,0.0,0.0,7406.622377702615
913,0.45675,0.45675,12.649314,122.740219,0.0,187611.7638435292,-205583.80245532873,10058.0,833.4,0.0,0.0,0.0,0.0,0.0,7339.627427427358
914,0.45725,0.45725,12.640117,122.732952,0.0,187302.10166354477,-206649.1069215063,10058.0,836.2,0.0,0.0,0.0,0.0,0.0,7379.340635646333
915,0.45775,0.45775,12.6440465,122.7353785,0.0,187486.45553585523,-206670.23398675062,10058.0,844.55,0.0,-0.8999999999999772,0.0,0.0,-0.02727272727272655,7450.595650929297
916,0.45825,0.45825,12.639771,122.733574,0.0,187226.37535903935,-206649.38490920697,10058.0,842.7,0.0,0.0,0.0,0.0,0.0,7465.626216742753
917,0.45875,0.45875,12.658447,122.723503,0.0,185047.57685676496,-205163.37385696592,10478.0,833.4,0.0,0.0,0.0,0.0,0.0,7380.279661227398
918,0.45925,0.45925,12.646753,122.739326,0.0,188051.96387933547,-205950.6350250194,10058.0,837.1,0.0,0.0,0.0,0.0,0.0,7326.566830455195
919,0.45975,0.45975,12.632904,122.74205,0.0,188033.32211295137,-207420.52279062645,10058.0,838.05,0.0,0.0,0.0,0.0,0.0,7417.190586602457
920,0.46025,0.46025,12.631256,122.747589,0.0,188837.33802081065,-207872.3084016152,10058.0,842.7,0.0,0.0,0.0,0.0,0.0,7345.868122876424
921,0.46075,0.46075,12.63652,122.7369,0.0,187606.8003458082,-207157.21284063355,10058.0,837.1,0.0,0.0,0.0,0.0,0.0,7381.169175011998
922,0.46125,0.46125,12.632996,122.742195,0.0,188265.86827490665,-207407.29057607875,10058.0,842.7,0.0,0.0,0.0,0.0,0.0,7458.72962355827
923,0.46175,0.46175,12.621565,122.74999199999999,0.0,189019.47952187253,-208951.2898626614,10058.0,842.7,0.0,0.0,0.0,0.0,0.0,7332.13517655378
924,0.46225,0.46225,12.627923,122.74682250000001,0.0,188727.0248478382,-208433.84355679457,10058.0,839.0,0.0,0.0,0.0,0.0,0.0,7429.202099357217
925,0.46275,0.46275,12.6309185,122.7401735,0.0,187891.00447474243,-207875.6998515622,10058.0,849.15,0.0,0.0,0.0,0.0,0.0,7385.047984760995
926,0.46325,0.46325,12.617146,122.750534,0.0,189000.86634774497,-209363.32323246676,10058.0,835.3,0.0,0.0,0.0,0.0,0.0,7426.310275181456
927,0.46375,0.46375,12.6225965,122.755478,0.0,189290.1009481963,-208958.40634779615,10058.0,842.65,0.0,0.0,0.0,0.0,0.0,7279.26109635955
928,0.46425,0.46425,12.629836999999998,122.740963,0.0,188127.75978482133,-207736.1500258695,10058.0,833.4,0.0,0.0,0.0,0.0,0.0,7359.051737369337
929,0.46475,0.46475,12.6042495,122.76284,0.0,190394.79767745303,-210603.81554755202,10058.0,842.7,0.0,0.0,0.0,0.0,0.0,7299.585251242123
930,0.46525,0.46525,12.604934499999999,122.76742949999999,0.0,191051.48623537488,-210496.40110004647,10058.0,836.2,0.0,0.0,0.0,0.0,0.0,7406.726379555781
931,0.46575,0.46575,12.599363,122.767448,0.0,190523.26272649496,-211474.8066110214,10058.0,833.4,0.0,0.0,0.0,0.0,0.0,7308.079603178668
932,0.46625,0.46625,12.6027655,122.76135249999999,0.0,190447.22983126546,-210886.9182218265,10058.0,833.4,0.0,0.0,0.0,0.0,0.0,7375.541031971781
933,0.46675,0.46675,12.618869,122.764023,0.0,190244.0040926248,-209926.19272860908,10058.0,837.1,0.0,0.0,0.0,0.0,0.0,7367.9077887514095
934,0.46725,0.46725,12.5963515,122.767101,0.0,191006.4089142313,-211504.10651466285,10058.0,836.2,0.0,0.0,0.0,0.0,0.0,7327.259544317643
935,0.46775,0.46775,12.592799,122.772545,0.0,191543.84038706656,-211842.08396103265,10058.0,840.8,0.0,0.0,0.0,0.0,0.0,7301.699501540478
936,0.46825,0.46825,12.585723,122.778526,0.0,192237.35539577375,-212777.56817103733,10058.0,839.0,0.0,0.0,0.0,0.0,0.0,7348.926896090416
937,0.46875,0.46875,12.602160000000001,122.762581,0.0,190477.05184809893,-211025.1893040971,10058.0,840.8,0.0,0.0,0.0,0.0,0.0,7308.962358879048
938,0.46925,0.46925,12.590495,122.77412050000001,0.0,191764.33537373657,-212762.6680302862,10153.5,836.2,0.0,0.0,0.0,0.0,0.0,7369.838450183152
939,0.46975,0.46975,12.606354,122.769424,0.0,190995.13420084253,-211901.46213387733,10058.0,835.3,0.0,0.0,0.0,0.0,0.0,7417.170285492877
940,0.47025,0.47025,12.588749,122.774864,0.0,191377.166898925,-212804.47738045396,10058.0,842.7,0.0,0.0,0.0,0.0,0.0,7316.988994734351
941,0.47075,0.47075,12.571693,122.79000500000001,0.0,193506.56319655402,-214206.14696433773,10058.0,838.95,0.0,0.0,0.0,0.0,0.0,7440.821922050276
942,0.47125,0.47125,12.585022,122.770676,0.0,191411.61012390943,-212816.0416687982,10058.0,827.8,0.0,0.0,0.0,0.0,0.0,7339.643159449029
943,0.47175,0.47175,12.5790685,122.78001,0.0,192425.94702206994,-213493.0529148,10058.0,825.95,0.0,-0.8999999999999772,0.0,0.0,-0.02727272727272655,7211.288704514989
944,0.47225,0.47225,12.5751345,122.781601,0.0,192444.53300691087,-214163.6148461482,10058.0,839.9,0.0,0.0,0.0,0.0,0.0,7303.036541850031
945,0.47275,0.47275,12.574551,122.774864,0.0,191804.190877136,-213880.178586633,10058.0,835.3,0.0,0.0,0.0,0.0,0.0,7320.029754300333
946,0.47325,0.47325,12.5954725,122.7799415,0.0,192439.34604510042,-212054.13297903782,10058.0,844.5,0.0,0.0,0.0,0.0,0.0,7431.53308460587
947,0.47375,0.47375,12.5706025,122.785305,0.0,192891.57253758959,-214414.08176437428,10058.0,838.05,0.0,0.0,0.0,0.0,0.0,7360.421263213924
948,0.47425,0.47425,12.566264,122.783104,0.0,192738.1100836807,-214951.43198960295,10058.0,842.7,0.0,0.0,0.0,0.0,0.0,7413.228344110013
949,0.47475,0.47475,12.564972,122.783058,0.0,191868.5844598148,-215401.3272842276,10058.0,840.8,0.0,0.0,0.0,0.0,0.0,7314.54585733555
950,0.47525,0.47525,12.566078,122.792534,0.0,193825.12090691391,-214867.7020941873,10058.0,831.5,0.0,0.0,0.0,0.0,0.0,7394.24385371319
951,0.47575,0.47575,12.5506895,122.799919,0.0,194533.33397418,-216847.58609528514,10058.0,839.9,0.0,0.0,0.0,0.0,0.0,7306.356509755321
952,0.47625,0.47625,12.551651,122.791252,0.0,193558.88129874904,-216420.0966093276,10058.0,837.1,0.0,0.0,0.0,0.0,0.0,7457.413891646179
953,0.47675,0.47675,12.550832499999999,122.79990000000001,0.0,194419.19001505533,-216603.06811385177,10058.0,827.8,0.0,0.0,0.0,0.0,0.0,7253.466493427707
954,0.47725,0.47725,12.539869,122.802574,0.0,194789.9342703939,-218051.9956068347,10058.0,842.7,0.0,0.0,0.0,0.0,0.0,7406.144798449957
955,0.47775,0.47775,12.5499115,122.799946,0.0,194515.45781384554,-216786.8735814777,10058.0,831.5,0.0,0.0,0.0,0.0,0.0,7349.252074038837
956,0.47825,0.47825,12.54277,122.803421,0.0,195087.3743545263,-217420.1851609477,10058.0,842.7,0.0,0.0,0.0,0.0,0.0,7442.068785420653
957,0.47875,0.47875,12.545121,122.80287949999999,0.0,194881.20206768822,-217240.99428915148,10058.0,836.2,0.0,0.0,0.0,0.0,0.0,7332.730873269293
958,0.47925,0.47925,12.546526,122.800774,0.0,194651.40075539463,-217022.3291638723,10058.0,831.5,0.0,0.0,0.0,0.0,0.0,7323.7599315816815
959,0.47975,0.47975,12.557652,122.791397,0.0,191722.5111344001,-216505.93921126763,10058.0,837.1,0.0,0.0,0.0,0.0,0.0,7299.234287996866
960,0.48025,0.48025,12.540756,122.809364,0.0,195377.6665853006,-217660.25533917177,10058.0,846.4,0.0,0.0,0.0,0.0,0.0,7522.845182586418
961,0.48075,0.48075,12.544179,122.801636,0.0,194309.96878535475,-218064.61624844128,10066.0,842.7,0.0,0.0,0.0,0.0,0.0,7484.415307465959
962,0.48125,0.48125,12.5320715,122.8151015,0.0,195804.25784187624,-218852.26659927535,10058.0,842.7,0.0,0.0,0.0,0.0,0.0,7353.680564360628
963,0.48175,0.48175,12.530100000000001,122.81828300000001,0.0,196528.53742423473,-218881.62210045717,10058.0,823.2,0.0,0.0,0.0,0.0,0.0,7234.064154000838
964,0.48225,0.48225,12.529816,122.813744,0.0,195594.13141377157,-218972.5796760881,10058.0,839.0,0.0,0.0,0.0,0.0,0.0,7336.013490744277
965,0.48275,0.48275,12.526476,122.8179855,0.0,196510.93958977872,-219523.49570110516,10058.0,836.2,0.0,0.0,0.0,0.0,0.0,7274.886726323988
966,0.48325,0.48325,12.508666999999999,122.83411050000001,0.0,198056.13574301644,-221206.60003306007,10058.0,843.6,0.0,0.0,0.0,0.0,0.0,7441.709442743155
967,0.48375,0.48375,12.522034,122.813026,0.0,195957.86930674777,-219747.49819023584,10058.0,837.1,0.0,0.0,0.0,0.0,0.0,7365.673517141471
968,0.48425,0.48425,12.543115499999999,122.793732,0.0,193876.7695965714,-218260.59757735283,10058.0,837.1,0.0,0.0,0.0,0.0,0.0,7376.895607669567
969,0.48475,0.48475,12.5181585,122.82560000000001,0.0,197186.0320892792,-220256.71606016534,10058.0,840.8,0.0,-1.7999999999999543,0.0,0.0,-0.05782013685239375,7449.272142827238
970,0.48525,0.48525,12.517823,122.818329,0.0,196072.55653868415,-220300.6937143974,10058.0,837.1,0.0,0.0,0.0,0.0,0.0,7282.419019773381
971,0.48575,0.48575,12.515373,122.82421149999999,0.0,196956.64703942224,-220597.30659092043,10058.0,837.15,0.0,0.0,0.0,0.0,0.0,7267.9781098643925
972,0.48625,0.48625,12.5077485,122.8268545,0.0,197452.49697148553,-221629.91970350908,10058.0,845.45,0.0,0.0,0.0,0.0,0.0,7405.89467157981
973,0.48675,0.48675,12.501022,122.836716,0.0,198536.3930849178,-222347.12797101552,10058.0,837.1,0.0,0.0,0.0,0.0,0.0,7365.798765040961
974,0.48725,0.48725,12.497257,122.83965699999999,0.0,198759.252465775,-222516.03329789033,10058.0,839.9,0.0,-0.8999999999999772,0.0,0.0,-0.0272727272727283,7340.769311390079
975,0.48775,0.48775,12.497972,122.83905,0.0,198821.6498540806,-222402.725511132,10058.0,829.7,0.0,0.0,0.0,0.0,0.0,7236.401095359818
976,0.48825,0.48825,12.528717,122.816597,0.0,196433.92959608135,-219770.96035216504,10058.0,840.8,0.0,0.0,0.0,0.0,0.0,7337.034117042434
977,0.48875,0.48875,12.4920145,122.8397215,0.0,198744.65317360096,-224102.78709282272,10058.0,842.7,0.0,0.0,0.0,0.0,0.0,7458.335567160188
978,0.48925,0.48925,12.4907915,122.84325,0.0,199162.73102353065,-223329.09172455777,10058.0,836.2,0.0,0.0,0.0,0.0,0.0,7373.491385205663
979,0.48975,0.48975,12.497086,122.835968,0.0,198435.42040300168,-222507.58247179232,10058.0,829.7,0.0,0.0,0.0,0.0,0.0,7252.978270545967
980,0.49025,0.49025,12.490081499999999,122.84351,0.0,199320.7622246264,-223357.55766509759,10062.0,833.4,0.0,0.0,0.0,0.0,0.0,7377.397195448004
981,0.49075,0.49075,12.489907,122.8337745,0.0,198200.83640828868,-223355.88973889392,10058.0,837.1,0.0,0.0,0.0,0.0,0.0,7395.419200851633
982,0.49125,0.49125,12.491662999999999,122.845936,0.0,199288.77066061704,-223693.81158772373,10058.0,838.05,0.0,0.0,0.0,0.0,0.0,7419.126558954065
983,0.49175,0.49175,12.4702625,122.8613855,0.0,201047.9850013869,-225475.26796814505,10058.0,825.95,0.0,0.0,0.0,0.0,0.0,7244.97425548454
984,0.49225,0.49225,12.485733,122.848503,0.0,199829.3044827663,-223793.3311845328,10066.0,833.4,0.0,0.0,0.0,0.0,0.0,7315.450583905707
985,0.49275,0.49275,12.488802,122.853989,0.0,200383.30518032535,-224024.61695141863,10058.0,829.7,0.0,0.0,0.0,0.0,0.0,7364.766166009593
986,0.49325,0.49325,12.46962,122.85878,0.0,201004.59871926723,-226012.89618107455,10066.0,840.8,0.0,0.0,0.0,0.0,0.0,7456.760543806693
987,0.49375,0.49375,12.476715,122.863136,0.0,201131.13334526413,-225494.72710718605,10058.0,839.0,0.0,0.0,0.0,0.0,0.0,7276.127745953333
988,0.49425,0.49425,12.4768325,122.858181,0.0,200812.06116250512,-224932.74717168577,10058.0,837.1,0.0,0.0,0.0,0.0,0.0,7378.362361774651
989,0.49475,0.49475,12.473304500000001,122.85800549999999,0.0,200872.88912665332,-225140.07039878116,10058.0,837.1,0.0,0.0,0.0,0.0,0.0,7401.993422509722
990,0.49525,0.49525,12.479259,122.865646,0.0,201222.59379218635,-225592.57877779173,10058.0,844.5,0.0,0.0,0.0,0.0,0.0,7348.534264575928
991,0.49575,0.49575,12.467434,122.865891,0.0,201663.11826415177,-225833.8721018984,10058.0,840.8,0.0,0.0,0.0,0.0,0.0,7298.215598980885
992,0.49625,0.49625,12.485497,122.854713,0.0,200542.1397964359,-225096.5375248698,10066.0,833.4,0.0,-1.7999999999999543,0.0,0.0,-0.0562499999999985,7390.142166556364
993,0.49675,0.49675,12.457519,122.869843,0.0,201687.0490941589,-227145.97404865423,10058.0,839.0,0.0,0.0,0.0,0.0,0.0,7395.124643941489
994,0.49725,0.49725,12.459686,122.865013,0.0,201667.94895927008,-226635.92221562288,10058.0,835.3,0.0,0.0,0.0,0.0,0.0,7359.9135961956545
995,0.49775,0.49775,12.4593575,122.8657455,0.0,201704.71020032506,-226884.16523224403,10058.0,837.15,0.0,0.0,0.0,0.0,0.0,7333.624383000084
996,0.49825,0.49825,12.45108,122.874565,0.0,202657.18371928972,-227726.857147794,10058.0,837.1,0.0,0.0,0.0,0.0,0.0,7369.99414572187
997,0.49875,0.49875,12.451538,122.8737905,0.0,202398.35297300783,-227587.6965048819,10058.0,838.05,0.0,0.0,0.0,0.0,0.0,7382.57766075371
998,0.49925,0.49925,12.448196,122.867638,0.0,201898.22753129955,-228007.847115544,10058.0,840.8,0.0,0.0,0.0,0.0,0.0,7347.622113612511
999,0.49975,0.49975,12.4442745,122.887241,0.0,203405.27746031532,-229227.93513340643,10058.0,846.35,0.0,0.0,0.0,0.0,0.0,7390.391986195846
1000,0.50025,0.50025,12.442435,122.880348,0.0,203310.31681348055,-228944.4432763511,10058.0,833.4,0.0,0.0,0.0,0.0,0.0,7289.645319056673
1001,0.50075,0.50075,12.438711,122.883911,0.0,203671.50534447556,-229091.9991478211,10058.0,833.4,0.0,0.0,0.0,0.0,0.0,7355.076089288265
1002,0.50125,0.50125,12.4423595,122.8751905,0.0,202317.06253561482,-228866.21753740692,10058.0,837.1,0.0,0.0,0.0,0.0,0.0,7308.543959958537
1003,0.50175,0.50175,12.436203,122.879005,0.0,202890.8999771404,-229346.63588155567,10058.0,833.4,0.0,0.0,0.0,0.0,0.0,7379.858858876931
1004,0.50225,0.50225,12.446123,122.872242,0.0,201487.85368310817,-228618.86408142737,10058.0,834.3499999999999,0.0,0.0,0.0,0.0,0.0,7311.393653634183
1005,0.50275,0.50275,12.431573,122.8858185,0.0,203787.57939640823,-230140.51315688313,10058.0,835.25,0.0,0.0,0.0,0.0,0.0,7408.565386850802
1006,0.50325,0.50325,12.43643,122.887756,0.0,203929.4085539804,-229685.89207134853,10058.0,826.0,0.0,0.0,0.0,0.0,0.0,7338.084009151189
1007,0.50375,0.50375,12.429587,122.890411,0.0,204226.1937916701,-230075.8532177273,10058.0,837.1,0.0,0.0,0.0,0.0,0.0,7389.404926374643
1008,0.50425,0.50425,12.423303,122.893311,0.0,204332.34257357952,-230959.29813018272,10058.0,833.4,0.0,0.0,0.0,0.0,0.0,7364.102619233213
1009,0.50475,0.50475,12.406239,122.903431,0.0,205661.98398817127,-232698.94516043656,10058.0,842.7,0.0,0.0,0.0,0.0,0.0,7391.966829724224
1010,0.50525,0.50525,12.428192,122.897308,0.0,205091.4847556637,-230157.24801645824,10058.0,835.3,0.0,0.0,0.0,0.0,0.0,7214.611611587191
1011,0.50575,0.50575,12.425468500000001,122.89470299999999,0.0,204850.51453679253,-230850.2157564738,10058.0,839.9000000000001,0.0,0.0,0.0,0.0,0.0,7429.306490517002
1012,0.50625,0.50625,12.409337,122.906509,0.0,206112.63929025255,-232421.51343525364,10058.0,842.7,0.0,0.0,0.0,0.0,0.0,7357.302591784408
1013,0.50675,0.50675,12.4113005,122.905487,0.0,205938.80962059685,-232094.7110944473,10058.0,835.3,0.0,0.0,0.0,0.0,0.0,7370.464389774934
1014,0.50725,0.50725,12.423386,122.902061,0.0,205679.18069320737,-230754.6991825532,10058.0,831.5,0.0,0.0,0.0,0.0,0.0,7259.725082697912
1015,0.50775,0.50775,12.4298425,122.895836,0.0,204701.52476583677,-231119.5302407993,10058.0,833.4,0.0,0.0,0.0,0.0,0.0,7390.543189320366
1016,0.50825,0.50825,12.405209,122.90491850000001,0.0,205861.23199808018,-233081.1782487394,10058.0,841.75,0.0,0.0,0.0,0.0,0.0,7319.082612025962
1017,0.50875,0.50875,12.408737,122.906609,0.0,206080.90252577735,-232360.68972636605,10058.0,833.4,0.0,0.0,0.0,0.0,0.0,7499.31535280852
1018,0.50925,0.50925,12.405853,122.90757,0.0,206220.317887402,-232690.38313925848,10058.0,839.0,0.0,0.0,0.0,0.0,0.0,7362.948271914337
1019,0.50975,0.50975,12.402374,122.915283,0.0,207058.3836634388,-233058.216464671,10058.0,837.1,0.0,0.0,0.0,0.0,0.0,7292.663242269253
1020,0.51025,0.51025,12.392997,122.917641,0.0,207332.00115584716,-234327.17472029597,10058.0,839.0,0.0,0.0,0.0,0.0,0.0,7441.029291956406
1021,0.51075,0.51075,12.3910975,122.920662,0.0,207360.8828244153,-234281.64033494046,10058.0,839.0,0.0,0.0,0.0,0.0,0.0,7326.358570988761
1022,0.51125,0.51125,12.394627,122.913811,0.0,206433.3459295985,-234076.87459469048,10058.0,840.8,0.0,0.0,0.0,0.0,0.0,7220.16103973816
1023,0.51175,0.51175,12.383789,122.922607,0.0,207952.98302333275,-235464.47800092463,10058.0,840.8,0.0,0.0,0.0,0.0,0.0,7468.486378858135
1024,0.51225,0.51225,12.39212,122.921715,0.0,207345.1701651624,-234165.2746834759,10058.0,831.5,0.0,0.0,0.0,0.0,0.0,7398.426644714757
1025,0.51275,0.51275,12.409378,122.911156,0.0,205219.95191665355,-233234.2382766805,10066.0,833.4,0.0,0.0,0.0,0.0,0.0,7309.072651196279
1026,0.51325,0.51325,12.382895,122.922142,0.0,207801.9316396369,-235274.22321864503,10058.0,831.5,0.0,0.0,0.0,0.0,0.0,7328.787513642521
1027,0.51375,0.51375,12.386640499999999,122.9200515,0.0,206660.65997297678,-235399.42887898808,10058.0,833.4,0.0,0.0,0.0,0.0,0.0,7321.264651344378
1028,0.51425,0.51425,12.384864499999999,122.925518,0.0,208018.03237741062,-235101.92644182313,10058.0,833.4,0.0,0.0,0.0,0.0,0.0,7306.243357126644
1029,0.51475,0.51475,12.374376,122.931274,0.0,208791.12095161536,-236415.64071724215,10058.0,833.4,0.0,0.0,0.0,0.0,0.0,7340.776943639555
1030,0.51525,0.51525,12.3697675,122.928459,0.0,208385.32959061523,-237320.1014998618,10058.0,841.75,0.0,0.0,0.0,0.0,0.0,7318.760709620519
1031,0.51575,0.51575,12.3743305,122.929615,0.0,208497.5669101895,-236535.28662357348,10058.0,831.5,0.0,0.0,0.0,0.0,0.0,7273.326679633076
1032,0.51625,0.51625,12.358874499999999,122.942745,0.0,209981.0653855742,-237983.76933623553,10058.0,843.6,0.0,0.0,0.0,0.0,0.0,7380.469892788224
1033,0.51675,0.51675,12.359666,122.942215,0.0,210051.21186665833,-237814.9196069012,10058.0,839.0,0.0,0.0,0.0,0.0,0.0,7258.801385002852
1034,0.51725,0.51725,12.357193,122.943733,0.0,209940.98357173873,-238240.46317895496,10058.0,835.3,0.0,0.0,0.0,0.0,0.0,7345.008347599522
1035,0.51775,0.51775,12.362203000000001,122.9419285,0.0,209927.6220206582,-237492.06469144305,10058.0,841.75,0.0,0.0,0.0,0.0,0.0,7370.886912493015
1036,0.51825,0.51825,12.363204,122.937485,0.0,209535.1886654311,-237387.04093816245,10058.0,833.4,0.0,0.0,0.0,0.0,0.0,7370.903473115939
1037,0.51875,0.51875,12.367347,122.935875,0.0,209328.58874110016,-237283.9630987858,10058.0,835.3,0.0,0.0,0.0,0.0,0.0,7248.406076878316
1038,0.51925,0.51925,12.370512,122.943275,0.0,210020.57216733092,-236912.01555540485,10058.0,831.5,0.0,0.0,0.0,0.0,0.0,7422.8899710080195
1039,0.51975,0.51975,12.356034,122.941795,0.0,209966.5782987488,-238186.75595520216,10058.0,833.4,0.0,0.0,0.0,0.0,0.0,7160.367244070234
1040,0.52025,0.52025,12.347809,122.950745,0.0,210863.5548303431,-239139.9201829635,10058.0,839.0,0.0,0.0,0.0,0.0,0.0,7385.533368174071
1041,0.52075,0.52075,12.351845,122.948288,0.0,210750.0722456736,-239257.0086024498,10058.0,835.3,0.0,0.0,0.0,0.0,0.0,7246.62578602022
1042,0.52125,0.52125,12.343323,122.95224,0.0,211181.878162043,-239586.36843010143,10058.0,839.0,0.0,0.0,0.0,0.0,0.0,7409.196719276307
1043,0.52175,0.52175,12.34705,122.951836,0.0,210963.1809960405,-239209.97308351105,10058.0,839.0,0.0,0.0,0.0,0.0,0.0,7317.037875337589
1044,0.52225,0.52225,12.333969,122.955429,0.0,211287.4794868229,-240633.04772033953,10058.0,824.1,0.0,0.0,0.0,0.0,0.0,7299.615892693243
1045,0.52275,0.52275,12.334418,122.96113199999999,0.0,211982.80831270898,-240755.80708891753,10058.0,839.9,0.0,0.0,0.0,0.0,0.0,7420.40480679549
1046,0.52325,0.52325,12.34286,122.954742,0.0,210578.83731337616,-239787.2979400836,10058.0,833.4,0.0,0.0,0.0,0.0,0.0,7196.771815626732
1047,0.52375,0.52375,12.340620999999999,122.9581755,0.0,211611.88851732592,-239898.93780063785,10058.0,839.0,0.0,0.0,0.0,0.0,0.0,7258.603513821474
1048,0.52425,0.52425,12.324600499999999,122.9728165,0.0,213263.37290061644,-241724.8722131528,10066.0,835.3,0.0,0.0,0.0,0.0,0.0,7391.250529307941
1049,0.52475,0.52475,12.337256,122.946068,0.0,208899.41782527464,-240437.39997666876,10058.0,832.45,0.0,0.0,0.0,0.0,0.0,7168.733824924257
1050,0.52525,0.52525,12.329011000000001,122.9643325,0.0,211622.624162488,-241469.06793107546,10066.0,830.6,0.0,0.0,0.0,0.0,0.0,7359.001288597363
1051,0.52575,0.52575,12.333852499999999,122.96469099999999,0.0,212471.24417696125,-240666.62863457028,10058.0,836.2,0.0,0.0,0.0,0.0,0.0,7354.288627755617
1052,0.52625,0.52625,12.3254835,122.9675445,0.0,212692.59077635244,-241741.9406579685,10058.0,833.4,0.0,0.0,0.0,0.0,0.0,7272.364632157917
1053,0.52675,0.52675,12.310501,122.980103,0.0,213975.01050621553,-243805.22096924193,10058.0,839.0,0.0,0.0,0.0,0.0,0.0,7306.13456077862
1054,0.52725,0.52725,12.311158,122.9786,0.0,213698.89341488792,-243176.746375762,10058.0,833.4,0.0,0.0,0.0,0.0,0.0,7178.060683836668
1055,0.52775,0.52775,12.322998,122.972511,0.0,213174.4961061372,-242089.2584910783,10058.0,833.4,0.0,0.0,0.0,0.0,0.0,7267.584257608582
1056,0.52825,0.52825,12.303497,122.986404,0.0,214463.40480995004,-244255.56104418752,10058.0,842.7,0.0,0.0,0.0,0.0,0.0,7286.41442937151
1057,0.52875,0.52875,12.318397000000001,122.9737585,0.0,213469.56133922492,-242510.1318697621,10058.0,832.45,0.0,0.0,0.0,0.0,0.0,7347.679233134998
1058,0.52925,0.52925,12.314091,122.979584,0.0,213888.6993161169,-243058.99078579468,10058.0,833.4,0.0,0.0,0.0,0.0,0.0,7301.577536250919
1059,0.52975,0.52975,12.319336,122.981728,0.0,214354.7789039075,-242842.71635474064,10058.0,837.1,0.0,0.0,0.0,0.0,0.0,7293.071288563831
1060,0.53025,0.53025,12.314826,122.9812205,0.0,213936.2055794059,-243147.27967950003,10070.0,833.4,0.0,-1.7999999999999543,0.0,0.0,-0.0553977272727258,7352.538638662587
1061,0.53075,0.53075,12.322517,122.978645,0.0,213862.64860863055,-242834.04313848243,10058.0,837.1,0.0,0.0,0.0,0.0,0.0,7347.825902890505
1062,0.53125,0.53125,12.312378,122.988525,0.0,215089.14759892147,-244207.74715968725,10058.0,835.3,0.0,0.0,0.0,0.0,0.0,7350.319076021232
1063,0.53175,0.53175,12.2937935,122.992088,0.0,215447.31791783532,-245150.79263514798,10058.0,838.05,0.0,0.0,0.0,0.0,0.0,7280.703260311388
1064,0.53225,0.53225,12.299331500000001,122.990265,0.0,215308.20776243095,-244508.9190344999,10058.0,833.4,0.0,0.0,0.0,0.0,0.0,7278.675492111308
1065,0.53275,0.53275,12.2978805,122.9891015,0.0,214993.6233038347,-244757.2176486613,10058.0,831.5,0.0,0.0,0.0,0.0,0.0,7359.154415184494
1066,0.53325,0.53325,12.301277500000001,122.993671,0.0,215150.06539639592,-244465.5529532088,10058.0,831.55,0.0,0.0,0.0,0.0,0.0,7236.059753323425
1067,0.53375,0.53375,12.290644499999999,122.99565899999999,0.0,215677.55236641498,-245983.69938363717,10058.0,837.1,0.0,0.0,0.0,0.0,0.0,7344.3693365510735
1068,0.53425,0.53425,12.2880445,122.9992335,0.0,215908.11715810455,-245951.78639561014,10058.0,833.4000000000001,0.0,0.0,0.0,0.0,0.0,7292.0549042471075
1069,0.53475,0.53475,12.291373,122.998543,0.0,215809.90944784193,-245374.6283316579,10058.0,835.3,0.0,0.0,0.0,0.0,0.0,7348.433046245541
1070,0.53525,0.53525,12.2838595,122.998558,0.0,215771.2182667707,-246204.97759330188,10058.0,835.3,0.0,0.0,0.0,0.0,0.0,7337.629599048512
1071,0.53575,0.53575,12.278907,123.0023575,0.0,216573.04448724038,-246769.07023532657,10058.0,830.6,0.0,0.0,0.0,0.0,0.0,7330.457750250087
1072,0.53625,0.53625,12.264257,123.0130005,0.0,217570.9136551639,-248548.35831168343,10066.0,830.6,0.0,0.0,0.0,0.0,0.0,7328.417750743118
1073,0.53675,0.53675,12.2723465,123.01060100000001,0.0,217136.25132042763,-248001.50090709503,10058.0,837.1,0.0,0.0,0.0,0.0,0.0,7446.160229666071
1074,0.53725,0.53725,12.306945500000001,122.985077,0.0,213950.22373764933,-244002.925821897,10058.0,826.9,0.0,0.0,0.0,0.0,0.0,7285.58166466984
1075,0.53775,0.53775,12.272928,123.01371750000001,0.0,217217.87863627425,-247610.7057976143,10058.0,831.55,0.0,0.0,0.0,0.0,0.0,7182.81676415931
1076,0.53825,0.53825,12.266155000000001,123.01841350000001,0.0,218138.62727382415,-248228.0052855307,10058.0,834.3499999999999,0.0,0.0,0.0,0.0,0.0,7234.620014765489
1077,0.53875,0.53875,12.255661,123.015144,0.0,217919.5884294217,-249340.1784780264,10058.0,835.3,0.0,0.0,0.0,0.0,0.0,7364.943514735817
1078,0.53925,0.53925,12.283905,122.998306,0.0,215845.51232888488,-246193.35770741745,10058.0,829.7,0.0,0.0,0.0,0.0,0.0,7275.8218607363615
1079,0.53975,0.53975,12.260696,123.021065,0.0,218481.38460563627,-248965.78464288035,10058.0,840.8,0.0,0.0,0.0,0.0,0.0,7373.982277813282
1080,0.54025,0.54025,12.264175,123.015221,0.0,218046.27227204345,-248499.32128130028,10058.0,837.1,0.0,0.0,0.0,0.0,0.0,7302.417275263557
1081,0.54075,0.54075,12.2747495,123.0169105,0.0,218199.34680056642,-248743.11649471245,10058.0,839.0,0.0,0.0,0.0,0.0,0.0,7335.299953440067
1082,0.54125,0.54125,12.2588565,123.01838699999999,0.0,218226.8268700534,-249200.23946955256,10058.0,840.8,0.0,0.0,0.0,0.0,0.0,7444.579775819595
1083,0.54175,0.54175,12.26326,123.018364,0.0,218126.64688251264,-248907.51842083747,10058.0,840.8,0.0,0.0,0.0,0.0,0.0,7392.867714160417
1084,0.54225,0.54225,12.267648,123.012733,0.0,217748.5241933252,-249018.15752567037,10058.0,833.4,0.0,0.0,0.0,0.0,0.0,7245.087433664825
1085,0.54275,0.54275,12.245184,123.03129200000001,0.0,219695.69097925996,-251103.62125545013,10058.0,835.25,0.0,0.0,0.0,0.0,0.0,7299.421928171652
1086,0.54325,0.54325,12.243668,123.033432,0.0,219944.39083642425,-250694.0897749501,10058.0,833.4,0.0,0.0,0.0,0.0,0.0,7232.347392165427
1087,0.54375,0.54375,12.2426795,123.0304605,0.0,219353.69826023557,-250995.92882024375,10058.0,837.1,0.0,0.0,0.0,0.0,0.0,7332.135676278601
1088,0.54425,0.54425,12.251711,123.028358,0.0,219218.4801476688,-250126.5500854377,10058.0,831.5,0.0,0.0,0.0,0.0,0.0,7306.21726611648
1089,0.54475,0.54475,12.26532,123.029358,0.0,219350.9278748315,-249522.92759239022,10058.0,828.75,0.0,0.0,0.0,0.0,0.0,7272.926658330893
1090,0.54525,0.54525,12.231674,123.042473,0.0,220399.5915108664,-252045.8883653489,10058.0,818.6,0.0,0.0,0.0,0.0,0.0,7171.264832865043
1091,0.54575,0.54575,12.22934,123.046593,0.0,220898.6048962588,-252277.06293715443,10058.0,842.7,0.0,0.0,0.0,0.0,0.0,7341.481318078942
1092,0.54625,0.54625,12.227236,123.042793,0.0,220914.6334022299,-252497.34039109724,10058.0,841.75,0.0,0.0,0.0,0.0,0.0,7309.696723528836
1093,0.54675,0.54675,12.2376445,123.03381350000001,0.0,219870.62544488092,-251394.95236566203,10058.0,837.1,0.0,0.0,0.0,0.0,0.0,7371.880260828214
1094,0.54725,0.54725,12.222752,123.04661949999999,0.0,221166.0126060755,-253612.12666797845,10058.0,840.85,0.0,0.0,0.0,0.0,0.0,7441.7831148447585
1095,0.54775,0.54775,12.223755,123.048058,0.0,221006.76037564687,-252982.48452615587,10058.0,827.8,0.0,0.0,0.0,0.0,0.0,7322.962027831727
1096,0.54825,0.54825,12.2405845,123.0343975,0.0,219682.57979721663,-251897.9989086383,10058.0,834.3499999999999,0.0,0.0,0.0,0.0,0.0,7360.291490458283
1097,0.54875,0.54875,12.233414,123.044563,0.0,220803.78437782743,-252613.53924994124,10066.0,833.4,0.0,0.0,0.0,0.0,0.0,7270.741356007712
1098,0.54925,0.54925,12.208881,123.05677,0.0,222357.72149102244,-254899.82129462285,10058.0,833.4,0.0,0.0,0.0,0.0,0.0,7302.562901696895
1099,0.54975,0.54975,12.218426,123.047348,0.0,221487.9465637051,-253586.9409823055,10058.0,829.7,0.0,0.0,0.0,0.0,0.0,7329.564605741683
1100,0.55025,0.55025,12.212723,123.052124,0.0,221965.99681157965,-254130.57372956703,10058.0,831.5,0.0,0.0,0.0,0.0,0.0,7235.526515745448
1101,0.55075,0.55075,12.2064185,123.0442235,0.0,220690.74375229952,-255080.17971476167,10058.0,841.75,0.0,0.0,0.0,0.0,0.0,7451.09507022417
1102,0.55125,0.55125,12.21817,123.04356,0.0,220743.7404955501,-253957.05380686274,10058.0,841.75,0.0,0.0,0.0,0.0,0.0,7353.1107011441445
1103,0.55175,0.55175,12.206085,123.061333,0.0,222743.53370363932,-255211.8346897583,10058.0,833.4,0.0,0.0,0.0,0.0,0.0,7323.169850562076
1104,0.55225,0.55225,12.2156525,123.0577165,0.0,222524.50912825938,-253821.395808978,10062.0,839.9,0.0,0.0,0.0,0.0,0.0,7307.258759514435
1105,0.55275,0.55275,12.208231,123.056419,0.0,222424.23893013856,-254888.36820135888,10058.0,833.4,0.0,0.0,0.0,0.0,0.0,7313.732984290943
1106,0.55325,0.55325,12.1992465,123.062927,0.0,222765.14950951218,-255894.23889715143,10058.0,840.8,0.0,0.0,0.0,0.0,0.0,7389.028488937202
1107,0.55375,0.55375,12.201764,123.060417,0.0,222857.95521395784,-255664.8434466295,10058.0,840.8,0.0,0.0,0.0,0.0,0.0,7376.766581202375
1108,0.55425,0.55425,12.18837,123.075951,0.0,223794.73555126693,-257262.93913974616,10058.0,833.4,0.0,0.0,0.0,0.0,0.0,7280.889582340531
1109,0.55475,0.55475,12.19455,123.068848,0.0,222785.35775717828,-256741.54540853068,10058.0,829.7,0.0,0.0,0.0,0.0,0.0,7193.223896236807
1110,0.55525,0.55525,12.209473,123.059189,0.0,222565.45020719565,-255119.98755348532,10058.0,826.0,0.0,0.0,0.0,0.0,0.0,7290.981257300079
1111,0.55575,0.55575,12.187042,123.076752,0.0,224322.8014621776,-257154.9687168392,10058.0,835.3,0.0,0.0,0.0,0.0,0.0,7322.154345331701
1112,0.55625,0.55625,12.184257,123.072701,0.0,224201.1797432684,-257412.27413249965,10058.0,839.0,0.0,0.0,0.0,0.0,0.0,7268.582521065434
1113,0.55675,0.55675,12.180859,123.0858075,0.0,225695.21769568688,-257724.1207350146,10062.0,836.2,0.0,0.0,0.0,0.0,0.0,7288.290917448861
1114,0.55725,0.55725,12.1748225,123.077278,0.0,224702.64423190965,-258570.31529559166,10058.0,837.1,0.0,0.0,0.0,0.0,0.0,7367.848166072627
1115,0.55775,0.55775,12.188858,123.0766715,0.0,224655.66708440467,-256798.64408223063,10058.0,840.8,0.0,0.0,0.0,0.0,0.0,7338.165456251545
1116,0.55825,0.55825,12.182487,123.074051,0.0,224299.8020223184,-257483.1053986082,10058.0,839.0,0.0,0.0,0.0,0.0,0.0,7353.992856037787
1117,0.55875,0.55875,12.180634,123.075432,0.0,224259.1515084888,-258827.89869895292,10058.0,837.1,0.0,0.0,0.0,0.0,0.0,7333.546479539584
1118,0.55925,0.55925,12.1690525,123.08873,0.0,225667.79208360577,-259302.42370384926,10058.0,831.55,0.0,0.0,0.0,0.0,0.0,7398.295299932859
1119,0.55975,0.55975,12.175039,123.088654,0.0,225549.5450715826,-259372.7545920969,10058.0,835.3,0.0,0.0,0.0,0.0,0.0,7392.786360847605
1120,0.56025,0.56025,12.179043,123.078461,0.0,224634.6876077767,-257862.2806222048,10058.0,833.4,0.0,0.0,0.0,0.0,0.0,7229.735134489912
1121,0.56075,0.56075,12.170576,123.082661,0.0,225274.41416674096,-258807.8835845106,10058.0,833.4,0.0,0.0,0.0,0.0,0.0,7293.676671695912
1122,0.56125,0.56125,12.1659615,123.08615900000001,0.0,225428.07355290715,-259356.520110383,10058.0,829.7,0.0,0.0,0.0,0.0,0.0,7220.805439493701
1123,0.56175,0.56175,12.147154,123.09993399999999,0.0,227035.40222710324,-261933.79968003568,10058.0,841.75,0.0,0.0,0.0,0.0,0.0,7341.569805829138
1124,0.56225,0.56225,12.1599945,123.0898975,0.0,226130.88715006318,-260289.836016323,10058.0,839.0,0.0,0.0,0.0,0.0,0.0,7350.196738919631
1125,0.56275,0.56275,12.180359,123.081299,0.0,224557.45876448625,-257716.3926769386,10058.0,833.4,0.0,0.0,0.0,0.0,0.0,7429.544866158234
1126,0.56325,0.56325,12.159405,123.098362,0.0,226714.51015837846,-260214.89053224563,10058.0,835.3,0.0,0.0,0.0,0.0,0.0,7336.269203517762
1127,0.56375,0.56375,12.1578295,123.093071,0.0,226073.2502492119,-261143.09146449514,10058.0,831.55,0.0,0.0,0.0,0.0,0.0,7326.2746144982575
1128,0.56425,0.56425,12.151205,123.104988,0.0,227262.40497420452,-261724.4193439559,10058.0,837.1,0.0,0.0,0.0,0.0,0.0,7329.847335556979
1129,0.56475,0.56475,12.1378445,123.10964200000001,0.0,227929.72190801764,-262897.6942330402,10058.0,832.45,0.0,0.0,0.0,0.0,0.0,7256.213099160386
1130,0.56525,0.56525,12.1525005,123.09679399999999,0.0,226850.87359983573,-261081.76737774615,10058.0,832.45,0.0,0.0,0.0,0.0,0.0,7206.308772650532
1131,0.56575,0.56575,12.133794,123.110672,0.0,228193.6259777104,-263289.7124884034,10058.0,835.3,0.0,0.0,0.0,0.0,0.0,7406.992765341942
1132,0.56625,0.56625,12.179329,123.0953445,0.0,224889.76188603052,-258714.25732695404,10058.0,829.7,0.0,0.0,0.0,0.0,0.0,7337.079301634645
1133,0.56675,0.56675,12.1508085,123.097347,0.0,226926.16341362815,-261242.7778539245,10058.0,829.7,0.0,0.0,0.0,0.0,0.0,7306.497733878787
1134,0.56725,0.56725,12.125462,123.118851,0.0,228944.35250187872,-263820.2242161977,10058.0,835.3,0.0,0.0,0.0,0.0,0.0,7344.903833135918
1135,0.56775,0.56775,12.138714499999999,123.10662450000001,0.0,227875.6929314554,-262458.1956784171,10058.0,837.1,0.0,0.0,0.0,0.0,0.0,7341.053537704949
1136,0.56825,0.56825,12.126904,123.11718,0.0,228995.06228433776,-263939.75892744854,10058.0,837.1,0.0,0.0,0.0,0.0,0.0,7308.101282919401
1137,0.56875,0.56875,12.12323,123.118759,0.0,229063.76673111023,-264237.6505473942,10058.0,833.4,0.0,0.0,0.0,0.0,0.0,7238.428079403173
1138,0.56925,0.56925,12.133484,123.109756,0.0,228223.84277802185,-263066.98874269566,10058.0,837.1,0.0,0.0,0.0,0.0,0.0,7303.754697568896
1139,0.56975,0.56975,12.118433,123.121456,0.0,229406.6570675632,-264596.7550590086,10058.0,839.0,0.0,0.0,0.0,0.0,0.0,7340.233682322701
1140,0.57025,0.57025,12.1307915,123.11513149999999,0.0,228153.16344384063,-264012.64730254177,10058.0,829.7,0.0,0.0,0.0,0.0,0.0,7292.230701018648
1141,0.57075,0.57075,12.119751,123.12165049999999,0.0,228933.20177747618,-264649.90630736016,10058.0,844.5,0.0,0.0,0.0,0.0,0.0,7365.617662351673
1142,0.57125,0.57125,12.10847,123.128708,0.0,230309.51293682633,-267054.6667100306,10058.0,833.4,0.0,0.0,0.0,0.0,0.0,7200.36560898253
1143,0.57175,0.57175,12.123688,123.117504,0.0,229066.9539584603,-264826.8732775518,10058.0,835.25,0.0,0.0,0.0,0.0,0.0,7391.679412877377
1144,0.57225,0.57225,12.129604,123.120323,0.0,229295.20361563383,-263539.3454435277,10058.0,831.5,0.0,0.0,0.0,0.0,0.0,7286.205633679816
1145,0.57275,0.57275,12.113892,123.1313935,0.0,230408.64434423344,-265274.4890730317,10058.0,835.25,0.0,0.0,0.0,0.0,0.0,7320.076953084717
1146,0.57325,0.57325,12.101171,123.1278575,0.0,230277.84811821312,-266611.9434980808,10058.0,827.8,0.0,0.0,0.0,0.0,0.0,7251.318662815777
1147,0.57375,0.57375,12.106796500000002,123.13237749999999,0.0,230175.2445224268,-266307.6581610219,10058.0,830.6,0.0,0.0,0.0,0.0,0.0,7221.999044787028
1148,0.57425,0.57425,12.105515,123.133011,0.0,230750.85825756408,-266380.3797434944,10058.0,831.5,0.0,0.0,0.0,0.0,0.0,7314.269958819658
1149,0.57475,0.57475,12.095123,123.138504,0.0,231418.02034714655,-267326.205095961,10051.0,831.5,0.0,0.0,0.0,0.0,0.0,7272.133611439956
1150,0.57525,0.57525,12.0915295,123.14517599999999,0.0,231660.43137616152,-268259.4098068208,10058.0,826.9,0.0,0.0,0.0,0.0,0.0,7338.905205659234
1151,0.57575,0.57575,12.1016925,123.1425475,0.0,231687.7285476621,-267551.986706375,10058.0,837.1,0.0,0.0,0.0,0.0,0.0,7377.275160341111
1152,0.57625,0.57625,12.084503,123.145996,0.0,232155.26663826243,-268746.1662705432,10058.0,824.1,0.0,0.0,0.0,0.0,0.0,7195.698926659009
1153,0.57675,0.57675,12.079933,123.161163,0.0,233698.85585089988,-268985.9028635264,10066.0,824.1,0.0,0.0,0.0,0.0,0.0,7223.073981832185
1154,0.57725,0.57725,12.095637,123.1396335,0.0,231274.34968720097,-267323.20282879466,10058.0,832.45,0.0,0.0,0.0,0.0,0.0,7312.5306727642255
1155,0.57775,0.57775,12.0904825,123.1466485,0.0,231749.32127112197,-268285.1514678949,10058.0,831.5,0.0,0.0,0.0,0.0,0.0,7281.281247638619
1156,0.57825,0.57825,12.0878345,123.156502,0.0,233177.44316603633,-268368.1029977492,10058.0,839.9,0.0,0.0,0.0,0.0,0.0,7330.385302392073
1157,0.57875,0.57875,12.094391,123.143875,0.0,231907.81036453735,-267300.74142258725,10058.0,833.4,0.0,0.0,0.0,0.0,0.0,7185.865856622553
1158,0.57925,0.57925,12.077545,123.157753,0.0,233119.45817508936,-269560.00306277233,10058.0,827.8,0.0,0.0,0.0,0.0,0.0,7147.8675016944935
1159,0.57975,0.57975,12.0590775,123.174629,0.0,235123.53169238157,-271247.777588097,10058.0,832.45,0.0,0.0,0.0,0.0,0.0,7320.760716612109
1160,0.58025,0.58025,12.090317,123.148453,0.0,232456.30951832447,-268203.31188884296,10058.0,837.1,0.0,0.0,0.0,0.0,0.0,7415.030375501084
1161,0.58075,0.58075,12.079886,123.151436,0.0,232743.93055837648,-268975.1169407439,10058.0,839.0,0.0,0.0,0.0,0.0,0.0,7237.127839981996
1162,0.58125,0.58125,12.070297,123.16436,0.0,234098.52337768432,-270085.8445971969,10058.0,833.4,0.0,0.0,0.0,0.0,0.0,7266.700297629438
1163,0.58175,0.58175,12.064874,123.1609005,0.0,233579.99563841082,-271122.3495375934,10058.0,835.25,0.0,0.0,0.0,0.0,0.0,7351.261619549398
1164,0.58225,0.58225,12.0647965,123.160999,0.0,233633.46828061895,-270562.8158938585,10058.0,842.7,0.0,0.0,0.0,0.0,0.0,7337.463855053232
1165,0.58275,0.58275,12.059372,123.168449,0.0,234600.82964922488,-271532.38139595476,10058.0,839.0,0.0,0.0,0.0,0.0,0.0,7330.20542043148
1166,0.58325,0.58325,12.07564,123.159836,0.0,233202.90045316302,-269945.071625621,10058.0,832.45,0.0,0.0,0.0,0.0,0.0,7304.526420535885
1167,0.58375,0.58375,12.055984500000001,123.1776505,0.0,234918.3826453234,-271884.2026298138,10058.0,823.2,0.0,0.0,0.0,0.0,0.0,7363.535361179187
1168,0.58425,0.58425,12.059636,123.17009,0.0,234479.27842998944,-271272.62968852936,10058.0,826.0,0.0,0.0,0.0,0.0,0.0,7259.48465032372
1169,0.58475,0.58475,12.0568655,123.170906,0.0,234727.9471203084,-271719.46711844765,10058.0,832.45,0.0,0.0,0.0,0.0,0.0,7187.259784012673
1170,0.58525,0.58525,12.058502,123.166763,0.0,234308.11512337183,-271329.4503745284,10058.0,831.5,0.0,0.0,0.0,0.0,0.0,7432.283248495415
1171,0.58575,0.58575,12.040054,123.18618,0.0,235819.03083862757,-273374.99507050455,10058.0,829.7,0.0,0.0,0.0,0.0,0.0,7270.757936505424
1172,0.58625,0.58625,12.050583,123.17537300000001,0.0,235259.01773216436,-272250.70161426323,10058.0,826.9,0.0,0.0,0.0,0.0,0.0,7259.792019092243
1173,0.58675,0.58675,12.061935,123.180496,0.0,235968.5507959605,-271216.58736809145,10058.0,829.7,0.0,0.0,0.0,0.0,0.0,7203.561465886567
1174,0.58725,0.58725,12.03653,123.187851,0.0,236730.18909922556,-274148.80163385,10058.0,831.5,0.0,0.0,0.0,0.0,0.0,7322.461737261775
1175,0.58775,0.58775,12.038312000000001,123.1834335,0.0,236170.8961492692,-273752.3355752771,10058.0,829.7,0.0,0.0,0.0,0.0,0.0,7203.746277946388
1176,0.58825,0.58825,12.020347,123.193985,0.0,236708.73489429048,-275913.91233747697,10058.0,820.4,0.0,0.0,0.0,0.0,0.0,7227.750886722516
1177,0.58875,0.58875,12.051746,123.175663,0.0,234422.7195291539,-272680.3594042857,10058.0,830.6,0.0,0.0,0.0,0.0,0.0,7209.9242485409195
1178,0.58925,0.58925,12.049347000000001,123.180935,-0.3,235486.57118951296,-272767.3139570283,10054.5,835.25,0.0,0.0,0.0,0.0,0.0,7386.605221298598
1179,0.58975,0.58975,12.036547,123.186325,0.0,236628.31760211135,-273760.3972185941,10058.0,833.4,0.0,0.0,0.0,0.0,0.0,7388.855324739403
1180,0.59025,0.59025,12.034498,123.189888,0.0,236814.06278752343,-273953.9878532806,10058.0,837.1,0.0,0.0,0.0,0.0,0.0,7466.865147359136
1181,0.59075,0.59075,12.037339,123.18864450000001,0.0,236564.68436513405,-273653.0939661686,10058.0,837.1,0.0,0.0,0.0,0.0,0.0,7391.244737515543
1182,0.59125,0.59125,12.023987,123.200447,0.0,237675.3151222648,-275781.9237772399,10058.0,835.3,0.0,0.0,0.0,0.0,0.0,7319.661145815537
1183,0.59175,0.59175,12.039963,123.188538,0.0,236902.82453194133,-274332.8294916364,10058.0,831.5,0.0,-1.7999999999999543,0.0,0.0,-0.0545454545454566,7290.557782109758
1184,0.59225,0.59225,12.0198445,123.197029,0.0,237742.4238629826,-275563.20305442053,10058.0,830.6,0.0,0.0,0.0,0.0,0.0,7249.771525215562
1185,0.59275,0.59275,12.034698,123.182899,0.0,235367.45775251868,-273910.5105769091,10058.0,826.0,0.0,0.0,0.0,0.0,0.0,7227.957788331684
1186,0.59325,0.59325,12.015737999999999,123.1974795,0.0,237650.30891368678,-276087.9882355825,10058.0,833.4,0.0,0.0,0.0,0.0,0.0,7305.758477225831
1187,0.59375,0.59375,11.9981365,123.2106625,0.0,238715.95691667614,-278078.26897668256,10058.0,841.75,0.0,0.0,0.0,0.0,0.0,7413.54526590987
1188,0.59425,0.59425,12.008519,123.20682149999999,0.0,238381.02996263216,-276812.92456116504,10058.0,836.2,0.0,0.0,0.0,0.0,0.0,7291.590454569818
1189,0.59475,0.59475,12.00856,123.205841,0.0,238621.9103679334,-277126.38349234365,10058.0,833.4,0.0,0.0,0.0,0.0,0.0,7358.583564030844
1190,0.59525,0.59525,12.01561,123.205215,0.0,238675.5412531689,-277148.7337034702,10058.0,826.0,0.0,0.0,0.0,0.0,0.0,7288.138196552364
1191,0.59575,0.59575,12.009407,123.207718,0.0,238271.4755258282,-277415.04592062964,10058.0,829.7,0.0,0.0,0.0,0.0,0.0,7373.405360907917
1192,0.59625,0.59625,12.006363,123.207619,0.0,238584.61000608772,-277076.790486559,10058.0,826.0,0.0,0.0,0.0,0.0,0.0,7213.105504341823
1193,0.59675,0.59675,11.996112,123.2195625,0.0,240000.4379201232,-278576.144948428,10058.0,832.45,0.0,0.0,0.0,0.0,0.0,7332.552531207364
1194,0.59725,0.59725,12.002633,123.2119065,0.0,239429.37510690623,-277481.2625909088,10058.0,823.2,0.0,0.0,0.0,0.0,0.0,7392.479937807919
1195,0.59775,0.59775,11.9904675,123.2232855,-0.3,240295.53243277938,-279202.5068353837,10054.5,825.05,-3.5,0.0,0.0,0.0,0.0,7214.994219019958
1196,0.59825,0.59825,11.985898,123.219429,0.0,240212.10138652663,-279673.9739755736,10058.0,824.1,0.0,0.0,0.0,0.0,0.0,7134.657568901874
1197,0.59875,0.59875,11.984221,123.223862,0.0,240561.98795129717,-280011.78462932335,10058.0,829.7,0.0,0.0,0.0,0.0,0.0,7326.625027301257
1198,0.59925,0.59925,11.990227,123.220535,0.0,239943.35868896917,-280192.25424454245,10058.0,833.4,0.0,0.0,0.0,0.0,0.0,7359.06625910939
1199,0.59975,0.59975,11.9897,123.216927,0.0,239571.78221047463,-279243.2042347491,10058.0,833.4,0.0,0.0,0.0,0.0,0.0,7303.244442318126
1200,0.60025,0.60025,11.9779815,123.225639,-2.25,240847.2572986557,-281005.0346835094,10031.5,833.4,-11.5,0.0,0.0,0.0,0.0,7354.136340567024
1201,0.60075,0.60075,11.985619,123.224075,-0.3,240687.7048086194,-279374.41442942474,10051.0,833.4,0.0,0.0,0.0,0.0,0.0,7215.718412731697
1202,0.60125,0.60125,11.980637,123.227623,0.0,241114.23819633792,-280047.70064023876,10051.0,833.4,0.0,0.0,0.0,0.0,0.0,7479.384904968427
1203,0.60175,0.60175,11.97496,123.228874,-0.3,241188.95587413548,-280695.1895924387,10058.0,835.3,0.0,0.0,0.0,0.0,0.0,7349.270402000225
1204,0.60225,0.60225,11.9811515,123.229309,0.0,241285.59365604175,-279868.1205856616,10051.0,837.1,-7.0,0.0,0.0,0.0,0.0,7331.418650439269
1205,0.60275,0.60275,11.969650999999999,123.2315715,0.0,241474.99414254632,-281385.9334308494,10058.0,839.0,0.0,0.0,0.0,0.0,0.0,7256.048236902817
1206,0.60325,0.60325,11.983475,123.224823,0.0,240748.5380838848,-280132.542486457,10058.0,831.5,-7.0,0.0,0.0,0.0,0.0,7281.2730910986
1207,0.60375,0.60375,11.974131,123.2281225,0.0,241120.73615018342,-280754.40097266284,10058.0,827.85,0.0,0.0,0.0,0.0,0.0,7213.489448785661
1208,0.60425,0.60425,11.958571500000001,123.23823150000001,-0.15,242211.37025573908,-283028.4515585189,10058.0,831.55,-3.5,0.0,0.0,0.0,0.0,7369.761911101352
1209,0.60475,0.60475,11.947677500000001,123.239559,-0.3,241641.00827904395,-284095.81313368044,9914.0,825.05,-8.0,-0.8999999999999772,0.0,0.0,-0.0287878787878784,7272.146806747198
1210,0.60525,0.60525,11.957578999999999,123.239784,0.0,242355.79411599383,-282541.6950947966,10058.0,836.2,-7.0,0.0,0.0,0.0,0.0,7335.463871573642
1211,0.60575,0.60575,11.947495,123.248726,-2.0,242712.19016502763,-284265.77481381776,10058.0,837.1,-7.0,0.0,0.0,0.0,0.0,7308.476859011349
1212,0.60625,0.60625,11.947609,123.25164050000001,0.0,243130.83760794566,-285014.2288988696,10051.0,831.55,-3.5,0.0,0.0,0.0,0.0,7269.168564965381
1213,0.60675,0.60675,11.9481355,123.25117900000001,-1.15,243469.34610107966,-284014.36273740954,10058.0,828.75,-8.0,0.0,0.0,0.0,0.0,7293.702928544428
1214,0.60725,0.60725,11.958385,123.246124,-4.6,242799.9191007725,-282588.84180881584,10051.0,829.7,-99.0,0.0,0.0,0.0,0.0,7197.220248705421
1215,0.60775,0.60775,11.952278,123.2475165,-0.9500000000000001,243123.32040143583,-283097.4481058038,10058.0,825.95,-7.5,0.0,0.0,0.0,0.0,7322.823672999748
1216,0.60825,0.60825,11.9501235,123.253883,-1.0,243899.91369531298,-283516.3199730435,10054.5,829.7,-8.0,0.0,0.0,0.0,0.0,7265.558779598734
1217,0.60875,0.60875,11.9364595,123.25638599999999,-1.3,244221.20240425787,-284996.99366143334,10039.5,824.1,-8.0,0.0,0.0,0.0,0.0,7233.147286168707
1218,0.60925,0.60925,11.942388000000001,123.250988,-0.3,243385.29469452836,-284642.28135548835,10058.0,833.4,-8.0,0.0,0.0,0.0,0.0,7294.794915566016
1219,0.60975,0.60975,11.9221345,123.264332,-0.65,245015.19013933494,-287239.2424543426,10058.0,829.7,0.0,0.0,0.0,0.0,0.0,7138.6931286105555
1220,0.61025,0.61025,11.9337155,123.2596775,-0.3,244607.76809717965,-285678.06352786365,10051.0,832.45,-7.5,0.0,0.0,0.0,0.0,7269.096475828057
1221,0.61075,0.61075,11.928655500000001,123.2645915,-4.4,244950.8044285145,-286571.5159975401,10058.0,832.45,-30.5,0.0,0.0,0.0,0.0,7283.913758156158
1222,0.61125,0.61125,11.928088,123.262634,0.0,244150.38072344055,-286082.48003467324,9914.0,835.3,-7.0,0.0,0.0,0.0,0.0,7305.83365232324
1223,0.61175,0.61175,11.935597999999999,123.2578775,-4.9,244347.72764652484,-285011.7826071044,10031.5,833.4,-148.5,0.0,0.0,0.0,0.0,7316.646921463626
1224,0.61225,0.61225,11.931770499999999,123.2648165,-4.6,245028.39147097385,-285366.27252288884,9947.5,833.4,-95.0,0.0,0.0,0.0,0.0,7264.642057612607
1225,0.61275,0.61275,11.924518500000001,123.265251,-4.6,245195.60582220112,-286169.2121972552,9837.5,828.75,-87.5,-0.8999999999999772,0.0,0.0,-0.02727272727272655,7374.669733114516
1226,0.61325,0.61325,11.923657,123.267311,-4.2,245306.09318267464,-286579.4108482368,10036.0,829.7,-8.0,0.0,0.0,0.0,0.0,7267.444361639003
1227,0.61375,0.61375,11.921448,123.268593,-0.3,245532.7962082451,-286501.6854871534,9944.0,829.7,-8.0,0.0,0.0,0.0,0.0,7217.643308953978
1228,0.61425,0.61425,11.9134595,123.2784765,-3.9000000000000004,246413.86272426904,-288086.21538048127,10051.0,826.0,-11.5,0.0,0.0,0.0,0.0,7313.404673178866
1229,0.61475,0.61475,11.922226,123.263191,-0.3,244991.9743767081,-286410.1719361211,10051.0,829.7,-8.0,0.0,0.0,0.0,0.0,7235.387037426919
1230,0.61525,0.61525,11.918976,123.269302,-4.2,245300.40940166052,-286880.97190582997,10051.0,829.7,-23.0,0.0,0.0,0.0,0.0,7355.1855251487295
1231,0.61575,0.61575,11.907028,123.280716,-1.6,246602.39664477244,-288092.55350005464,9982.0,820.4,-8.0,0.0,0.0,0.0,0.0,7179.0365986147435
1232,0.61625,0.61625,11.901443,123.28347,-4.9,246617.69191980225,-288941.19435239676,10051.0,822.3,-107.0,0.0,0.0,0.0,0.0,7183.586279184773
1233,0.61675,0.61675,11.908859,123.278458,-4.2,246589.14194840103,-288233.77125195117,10051.0,833.4,-30.0,0.0,0.0,0.0,0.0,7288.612666421229
1234,0.61725,0.61725,11.894119,123.28289,-5.2,246900.92315572652,-289972.6399166431,9449.0,837.1,-122.0,0.0,0.0,0.0,0.0,7300.76814708743
1235,0.61775,0.61775,11.8981,123.292046,-4.9,247785.95709657375,-289535.6432513254,10036.0,839.0,-84.0,0.0,0.0,0.0,0.0,7338.61991831081
1236,0.61825,0.61825,11.90593,123.283318,-4.9,247000.1117981009,-288253.4527811527,10058.0,826.0,-115.0,0.0,0.0,0.0,0.0,7223.347201403966
1237,0.61875,0.61875,11.891582,123.291161,-5.2,247997.44112059876,-289820.4138518034,9708.0,818.6,-145.0,0.0,0.0,0.0,0.0,7104.614262756879
1238,0.61925,0.61925,11.894669,123.28968,-4.9,247698.06136924375,-289803.51219960774,9929.0,811.2,-76.0,-1.7999999999999543,0.0,0.0,-0.0562499999999985,7203.062177843727
1239,0.61975,0.61975,11.877385499999999,123.30260100000001,-5.2,249102.62436432665,-291399.32839357946,9791.5,833.4,-114.0,0.0,0.0,0.0,0.0,7280.243366014789
1240,0.62025,0.62025,11.91039,123.287483,-4.6,247420.14449058787,-288876.1452304602,9967.0,826.0,-16.0,0.0,0.0,0.0,0.0,7210.319482908372
1241,0.62075,0.62075,11.8831575,123.295803,-4.6,248580.07767114893,-291046.1728187577,9906.0,813.95,-19.5,0.0,0.0,0.0,0.0,7264.768509597738
1242,0.62125,0.62125,11.878057,123.2982905,-5.2,248838.1287510745,-292239.01804196305,10020.0,830.6,-76.5,0.0,0.0,0.0,0.0,7339.809114359736
1243,0.62175,0.62175,11.863312,123.31498,-5.7,250776.7516065815,-293932.0743335988,9647.0,824.1,-145.0,-1.8999999999999773,0.0,0.0,-0.0593749999999992,7307.787968821822
1244,0.62225,0.62225,11.875382,123.298897,-4.9,248720.55195056568,-291710.61902069335,9914.0,831.5,-23.0,0.0,0.0,0.0,0.0,7289.418661778726
1245,0.62275,0.62275,11.879742,123.304863,-5.35,249173.5918558454,-292169.9658971381,9487.0,833.4,-77.0,0.0,0.0,0.0,0.0,7300.63723500142
1246,0.62325,0.62325,11.8831655,123.30301299999999,-5.35,248721.46809043922,-290843.01940717106,9788.0,828.75,-148.5,-1.7999999999999543,0.0,0.0,-0.05454545454545485,7297.925482022461
1247,0.62375,0.62375,11.872264,123.306046,-5.9,249421.78217023375,-291986.0492344316,9738.0,822.3,-122.0,-1.7999999999999543,0.0,0.0,-0.0562500000000021,7179.646629409564
1248,0.62425,0.62425,11.8480545,123.319725,-5.5,250796.39654630324,-295481.522179113,9540.0,828.75,-141.0,-0.8999999999999772,0.0,0.0,-0.02903225806451535,7256.93974086591
1249,0.62475,0.62475,11.864066999999999,123.31346099999999,-4.9,250444.72287525894,-293445.87384527765,9868.0,828.75,-45.5,0.0,0.0,0.0,0.0,7341.814204298851
1250,0.62525,0.62525,11.875854,123.317436,-4.9,250857.6885624864,-292209.5513457013,9655.0,820.4,-114.0,0.0,0.0,0.0,0.0,7237.32202949807
1251,0.62575,0.62575,11.867246,123.308167,-4.9,249667.09228090144,-292969.68091417727,9860.0,824.1,-53.0,-1.8000000000000682,0.0,0.0,-0.0580645161290344,7252.528341616423
1252,0.62625,0.62625,11.852329000000001,123.320751,-5.85,250745.9628273389,-295353.42544668406,9449.0,828.75,-156.0,-1.8000000000000114,0.0,0.0,-0.05606060606060495,7335.057226270286
1253,0.62675,0.62675,11.854952,123.318764,-5.2,250089.77335490505,-294537.80953317095,9727.0,822.3,-141.0,0.0,0.0,0.0,0.0,7199.67150159125
1254,0.62725,0.62725,11.865358,123.30921950000001,-5.35,249699.40158559114,-292929.09470989223,9872.0,829.7,-141.5,-1.7999999999999543,0.0,0.0,-0.05757575757575855,7218.791477611847
1255,0.62775,0.62775,11.854527,123.317505,-5.5,250772.0418131424,-294897.4700201864,9723.0,824.1,-152.0,-1.8999999999999773,0.0,0.0,-0.0593749999999992,7218.1460252549105
1256,0.62825,0.62825,11.84922,123.322304,-6.8,251381.998375417,-294709.3279444313,9616.0,824.1,-153.0,0.0,0.0,0.0,0.0,7282.134991011703
1257,0.62875,0.62875,11.849965,123.326111,-5.5,251520.68141620976,-294446.79636000004,9723.0,824.1,-152.0,0.0,0.0,0.0,0.0,7222.956539719885
1258,0.62925,0.62925,11.8365325,123.3334045,-6.5,252117.77745507593,-297902.5726610377,9605.0,832.5,-148.5,-1.8500000000000227,0.0,0.0,-0.05691287878787945,7314.792133178582
1259,0.62975,0.62975,11.8538525,123.3174855,-5.7,250808.10606609972,-294507.4532762672,9597.5,828.75,-152.5,0.0,0.0,0.0,0.0,7283.512567769345
1260,0.63025,0.63025,11.840888,123.327644,-8.1,252166.82856494785,-295510.82208275434,9456.0,826.0,-168.0,0.0,0.0,0.0,0.0,7227.983759530457
1261,0.63075,0.63075,11.840881,123.330765,-8.5,251777.5766008719,-296109.38519965165,9761.0,829.7,-160.0,0.0,0.0,0.0,0.0,7264.02389968377
1262,0.63125,0.63125,11.8331365,123.33535,-5.5,252676.80190513883,-297222.0031724685,9723.5,829.7,-125.5,0.0,0.0,0.0,0.0,7197.501017656714
1263,0.63175,0.63175,11.8485455,123.32530600000001,-6.5,251753.62740019857,-295240.9516230277,9788.0,843.5999999999999,-144.5,0.0,0.0,0.0,0.0,7314.339911502246
1264,0.63225,0.63225,11.855691,123.320328,-5.9,250758.0194440405,-293800.97533400357,9761.0,839.0,-160.0,0.0,0.0,0.0,0.0,7403.116835811028
1265,0.63275,0.63275,11.8263245,123.3364485,-8.8,252612.85279641638,-297284.7171977201,9449.0,824.1,-182.5,-3.7000000000000455,0.0,0.0,-0.1174899193548401,7241.585727091469
1266,0.63325,0.63325,11.8004495,123.35709399999999,-9.25,255024.53556230362,-300091.3366203547,9452.5,825.05,-271.0,-1.7999999999999543,0.0,0.0,-0.0562499999999985,7329.847653714603
1267,0.63375,0.63375,11.828962,123.341774,-8.1,253548.27593203084,-297654.2184493361,9373.0,826.0,-228.0,-1.8000000000000682,0.0,0.0,-0.0580645161290307,7254.205468957009
1268,0.63425,0.63425,11.8181935,123.347839,-8.3,254163.30274541548,-298867.1899820637,9449.0,827.85,-168.0,0.0,0.0,0.0,0.0,7281.973165519919
1269,0.63475,0.63475,11.818822,123.347343,-8.5,254118.69813469503,-297913.52537644043,9319.0,814.9,-251.0,-5.5,0.0,0.0,-0.1666666666666666,7117.494370133145
1270,0.63525,0.63525,11.812667999999999,123.3602445,-8.5,255235.3916667302,-299266.2691250219,9593.5,830.6,-167.5,0.0,0.0,0.0,0.0,7251.15712128538
1271,0.63575,0.63575,11.822256,123.341003,-5.35,253412.98506705355,-297991.3619326042,9452.5,826.0,-148.5,-2.8000000000000114,0.0,0.0,-0.11387310606060744,7110.3068659998935
1272,0.63625,0.63625,11.815051,123.346497,-10.1,253800.2658923745,-298469.834362849,9487.0,818.6,-236.0,-1.7999999999999543,0.0,0.0,-0.0545454545454531,7239.448595643651
1273,0.63675,0.63675,11.815805000000001,123.365574,-8.95,255087.15047940117,-299468.5885735067,9387.5,832.45,-205.5,-1.849999999999966,0.0,0.0,-0.058719758064514946,7174.003263656336
1274,0.63725,0.63725,11.812956499999999,123.353737,-8.1,254365.7347072611,-299499.66759843216,9452.5,822.25,-160.0,0.0,0.0,0.0,0.0,7190.213197537258
1275,0.63775,0.63775,11.808329,123.3540305,-9.8,254364.78233530477,-299565.4950859301,9536.0,828.75,-259.5,0.0,0.0,0.0,0.0,7368.238927440205
1276,0.63825,0.63825,11.80957,123.348228,-7.8,253749.68473412472,-299022.1403263689,9403.0,829.7,-153.0,0.0,0.0,0.0,0.0,7229.168191452508
1277,0.63875,0.63875,11.813396000000001,123.348358,-9.600000000000001,253621.235177183,-298633.0131430917,9430.0,822.3,-213.5,-1.8000000000000682,0.0,0.0,-0.0575757575757568,7245.981841314888
1278,0.63925,0.63925,11.796021,123.365334,-10.1,255943.042139873,-301000.41199880384,9479.0,829.7,-274.0,-1.8000000000000682,0.0,0.0,-0.0575757575757568,7210.6953865683645
1279,0.63975,0.63975,11.7976,123.357746,-8.95,254903.6362543772,-300445.6597435188,9327.0,830.6,-171.5,-1.8000000000000682,0.0,0.0,-0.05967741935483755,7274.420818439627
1280,0.64025,0.64025,11.795902,123.359962,-10.55,255422.3493744922,-300962.0496961231,9395.5,817.6500000000001,-228.5,0.0,0.0,0.0,0.0,7222.159537507282
1281,0.64075,0.64075,11.795087500000001,123.3665885,-10.55,255906.7894215653,-301127.0631951898,9411.0,834.3499999999999,-289.5,0.0,0.0,0.0,0.0,7253.152434920448
1282,0.64125,0.64125,11.794847,123.361595,-10.4,255350.50284987295,-300651.4818370306,9365.0,833.4,-297.0,0.0,0.0,0.0,0.0,7252.800980773351
1283,0.64175,0.64175,11.789401000000002,123.3680535,-9.4,256351.5973303871,-301412.2229784488,9235.0,824.15,-255.5,-3.7000000000000455,0.0,0.0,-0.14651515151515254,7242.068066707305
1284,0.64225,0.64225,11.789888999999999,123.35690299999999,-7.8,255047.87469763806,-301139.0166663148,9373.0,829.7,-182.5,-1.849999999999966,0.0,0.0,-0.05691287878787765,7243.526693799091
1285,0.64275,0.64275,11.767628,123.3806955,-10.75,257442.2375629828,-305273.5833346384,9296.5,826.9,-236.0,0.0,0.0,0.0,0.0,7193.664372942333
1286,0.64325,0.64325,11.786577999999999,123.3665925,-10.1,255865.30017036328,-302264.81125613925,9193.5,824.1,-263.0,0.0,0.0,0.0,0.0,7264.580638340069
1287,0.64375,0.64375,11.7787305,123.373333,-11.1,256604.96896443312,-302494.0955115807,9479.0,826.9,-328.0,0.0,0.0,0.0,0.0,7265.855078838205
1288,0.64425,0.64425,11.77858,123.379501,-8.8,257167.10761300032,-303416.23631195753,9068.0,824.1,-236.0,-1.8000000000000682,0.0,0.0,-0.0562500000000021,7240.533612598076
1289,0.64475,0.64475,11.75322,123.377319,-10.4,257477.8640912975,-305197.91508253943,9258.0,822.3,-290.0,-1.7999999999999543,0.0,0.0,-0.0562499999999985,7347.846824718096
1290,0.64525,0.64525,11.7772905,123.3766785,-9.8,257206.59605514392,-302739.8922364371,9193.5,821.3499999999999,-289.0,-3.7000000000000455,0.0,0.0,-0.1193548387096788,7187.044934130505
1291,0.64575,0.64575,11.7638405,123.38420500000001,-9.600000000000001,257725.07333075325,-305386.0571582947,9113.5,818.6,-262.5,-2.7999999999999545,0.0,0.0,-0.11212121212121175,7092.800476965762
1292,0.64625,0.64625,11.75984,123.387115,-10.7,258074.8514314689,-307140.4931342192,9235.0,816.7,-290.0,-1.8999999999999773,0.0,0.0,-0.0612903225806444,7104.422093327384
1293,0.64675,0.64675,11.773178,123.380478,-11.1,257727.77249125615,-303339.84529183706,9380.0,822.3,-297.0,0.0,0.0,0.0,0.0,7226.2996535971215
1294,0.64725,0.64725,11.7638395,123.3842815,-9.8,258099.57121378454,-304135.44609090796,9167.0,822.3,-274.0,-2.7999999999999545,0.0,0.0,-0.08947916666666694,7180.621215945138
1295,0.64775,0.64775,11.753695,123.397232,-10.4,258950.0614971167,-306112.60581254045,9022.0,827.8,-267.0,-5.5,0.0,0.0,-0.1806451612903233,7160.780837510861
1296,0.64825,0.64825,11.74585,123.39608,-9.4,259245.12230214395,-307238.6783900655,9037.0,826.0,-244.0,-3.699999999999932,0.0,0.0,-0.171875,7190.091316230413
1297,0.64875,0.64875,11.7621,123.38646700000001,-10.55,258334.92541082494,-304328.0915674126,9003.0,813.95,-323.5,-1.900000000000091,0.0,0.0,-0.121344086021505,7154.0334786975045
1298,0.64925,0.64925,11.755138,123.396828,-11.1,259116.6827993623,-306097.48328162864,9075.0,814.9,-297.0,-1.7999999999999543,0.0,0.0,-0.0580645161290307,7190.080004126889
1299,0.64975,0.64975,11.755373500000001,123.390129,-10.7,258210.64966042695,-304975.4137269921,9201.5,824.1,-324.0,-1.8000000000000114,0.0,0.0,-0.05630498533724375,7281.4658243379145
1300,0.65025,0.65025,11.7563685,123.391041,-10.55,258652.8600233168,-305144.9306268082,9079.5,834.3499999999999,-293.5,-3.7000000000000455,0.0,0.0,-0.14452590420332456,7214.834730919612
1301,0.65075,0.65075,11.735927,123.4034575,-11.1,259895.90144972136,-308942.5206044838,8938.0,823.2,-324.0,-4.600000000000023,0.0,0.0,-0.2024437927663734,7221.191134811299
1302,0.65125,0.65125,11.748687,123.39592,-11.7,260102.92749657785,-306745.75059939025,9098.0,820.4,-350.0,0.0,0.0,0.0,0.0,7102.125186940326
1303,0.65175,0.65175,11.7448035,123.396725,-11.1,259245.7968321213,-306188.4964547998,8968.5,818.55,-301.0,-2.7999999999999545,0.0,0.0,-0.11562499999999959,7173.80580474362
1304,0.65225,0.65225,11.7401275,123.4023815,-10.6,260160.32283950146,-306871.2898449739,8965.0,829.7,-308.5,-5.550000000000011,0.0,0.0,-0.1806451612903233,7273.59155064263
1305,0.65275,0.65275,11.71635,123.4171905,-11.1,260942.57643386646,-309924.59555310616,8923.0,819.5,-328.0,-4.600000000000023,0.0,0.0,-0.1696969696969703,7292.26510410877
1306,0.65325,0.65325,11.728185,123.41053,-11.1,260845.46673280335,-308437.58374514326,8938.0,820.4,-343.0,-3.699999999999932,0.0,0.0,-0.1233333333333348,7271.065646808801
1307,0.65375,0.65375,11.741079,123.401428,-10.7,259954.90484392777,-307160.9530289823,8976.0,824.1,-305.0,-3.7000000000000455,0.0,0.0,-0.1193548387096788,7172.353545118449
1308,0.65425,0.65425,11.723716,123.408318,-10.4,259804.44488186203,-308748.37399439624,8984.0,826.0,-320.0,-3.7000000000000455,0.0,0.0,-0.1696969696969703,7228.536448809771
1309,0.65475,0.65475,11.724414,123.411156,-11.1,260592.2192869456,-308964.64842545043,8885.0,829.7,-350.0,-3.7000000000000455,0.0,0.0,-0.123333333333331,7289.08701564837
1310,0.65525,0.65525,11.718921,123.418579,-11.1,261468.1095560281,-309258.87060774816,8954.0,826.0,-335.0,-1.8999999999999773,0.0,0.0,-0.0633333333333325,7179.057505354556
1311,0.65575,0.65575,11.7257955,123.421059,-10.7,261770.12442035842,-308345.7366088705,8988.0,820.45,-335.0,-3.7000000000000455,0.0,0.0,-0.1193548387096788,7232.525999950187
1312,0.65625,0.65625,11.724414,123.411415,-10.7,260722.29062842345,-308731.5835372805,8862.0,820.4,-305.0,-3.7000000000000455,0.0,0.0,-0.123333333333331,7212.276984786845
1313,0.65675,0.65675,11.742522,123.405632,-11.1,260509.92581114883,-307223.5558591537,9045.0,826.0,-297.0,-5.5,0.0,0.0,-0.171875,7309.33223761552
1314,0.65725,0.65725,11.707934,123.425423,-10.7,262068.93987384264,-311118.49712957395,8992.0,813.0,-328.0,-5.600000000000023,0.0,0.0,-0.2242424242424235,7178.935239208956
1315,0.65775,0.65775,11.709703,123.424316,-10.7,262424.4783970856,-310034.1227071367,8893.0,811.2,-282.0,-3.7000000000000455,0.0,0.0,-0.1156250000000014,7045.075183169176
1316,0.65825,0.65825,11.70719,123.426384,-11.4,262520.55918040324,-310936.80436847254,8893.0,814.9,-342.0,-5.5,0.0,0.0,-0.2242424242424235,7105.252858449159
1317,0.65875,0.65875,11.716221,123.419594,-11.1,261870.2096797545,-309589.231191122,8740.0,814.9,-343.0,-7.399999999999977,0.0,0.0,-0.2818181818181804,7201.200896662863
1318,0.65925,0.65925,11.715895,123.419594,-10.7,261757.2448174756,-309345.60277033056,8915.0,811.2,-320.0,-3.699999999999932,0.0,0.0,-0.1193548387096752,7127.978332969679
1319,0.65975,0.65975,11.6999425,123.431408,-10.7,262803.5311146793,-312350.3162284009,8755.5,822.3,-350.0,-4.600000000000023,0.0,0.0,-0.17782258064516016,7255.761774731479
1320,0.66025,0.66025,11.707305999999999,123.430523,-11.25,262755.2851667044,-310441.59707865224,8649.0,814.9,-343.0,-7.5,0.0,0.0,-0.2603616813294239,7223.557911951124
1321,0.66075,0.66075,11.696777,123.439735,-11.1,263681.5747686887,-311978.70227026026,8618.0,816.7,-343.0,-7.399999999999977,0.0,0.0,-0.2312499999999993,7185.815415128787
1322,0.66125,0.66125,11.694853,123.43718,-11.4,263460.45502759237,-313497.62706625083,8702.0,814.9,-365.0,-1.8999999999999773,0.0,0.0,-0.11212121212121,7200.899072261973
1323,0.66175,0.66175,11.704751,123.4268035,-11.4,262617.4015610282,-310884.8206684631,8759.0,820.4,-343.0,-7.399999999999977,0.0,0.0,-0.2349798387096767,7169.9518109914825
1324,0.66225,0.66225,11.692618,123.436653,-11.7,263720.8377287249,-312050.86787733214,8763.0,824.1,-343.0,-3.7000000000000455,0.0,0.0,-0.1774193548387097,7164.491664095465
1325,0.66275,0.66275,11.679016,123.434425,-11.1,263379.9466235986,-313959.4202344601,8534.0,800.1,-335.0,-7.399999999999977,0.0,0.0,-0.2387096774193541,7026.563661449952
1326,0.66325,0.66325,11.6949005,123.44045249999999,-11.7,264100.84795142023,-312149.6091085794,8759.0,817.6500000000001,-358.0,-5.600000000000023,0.0,0.0,-0.20395894428152525,7197.3752039748815
1327,0.66375,0.66375,11.6905785,123.434391,-11.4,263222.78839956527,-312243.2909636761,8793.5,811.2,-358.0,-2.7999999999999545,0.0,0.0,-0.11387310606060569,7197.61484764148
1328,0.66425,0.66425,11.687483,123.441467,-11.4,264338.3366699191,-312603.56302363274,8572.5,816.75,-358.0,-7.399999999999977,0.0,0.0,-0.23895833333333433,7226.873063449316
1329,0.66475,0.66475,11.680733,123.44574399999999,-10.7,264816.24813731445,-313690.66172553593,8550.0,811.2,-335.5,-7.400000000000034,0.0,0.0,-0.25874877810361707,7197.696314057583
1330,0.66525,0.66525,11.682238,123.444313,-10.7,264184.184773206,-313170.3799451233,8633.0,813.0,-335.0,-7.400000000000091,0.0,0.0,-0.2387096774193541,7209.293042649958
1331,0.66575,0.66575,11.656913,123.462769,-10.7,265950.3084074077,-317435.0448573202,8534.0,805.6,-351.0,-9.200000000000044,0.0,0.0,-0.2906249999999986,7186.8220867863165
1332,0.66625,0.66625,11.6693195,123.45414,-11.7,265255.6583120489,-315072.7053777585,8572.5,817.6500000000001,-366.0,-6.5,0.0,0.0,-0.2024437927663734,7175.568288785347
1333,0.66675,0.66675,11.6852635,123.4445155,-11.1,264429.2357578591,-313106.38717644894,8641.0,811.2,-320.0,-5.600000000000023,0.0,0.0,-0.23125000000000104,7146.116261374299
1334,0.66725,0.66725,11.673935,123.450668,-11.4,265180.6079386266,-314027.8052088041,8649.0,807.5,-350.0,-7.399999999999977,0.0,0.0,-0.2387096774193541,7083.180443674198
1335,0.66775,0.66775,11.659836,123.456871,-11.1,265765.5290579367,-316796.67390169913,8626.0,820.4,-335.0,-3.7000000000000455,0.0,0.0,-0.1193548387096752,7294.463831746401
1336,0.66825,0.66825,11.672275,123.456432,-11.4,266012.031526471,-314593.8993622729,8584.0,807.5,-328.0,-5.5499999999999545,0.0,0.0,-0.18365591397849534,7190.100498842461
1337,0.66875,0.66875,11.653562,123.462654,-11.1,265387.3584457245,-316381.0266917862,8367.0,803.8,-343.0,-7.399999999999977,0.0,0.0,-0.2312499999999993,7067.304687658891
1338,0.66925,0.66925,11.661614,123.4618,-11.7,266329.82901761174,-316034.4316266986,8557.0,811.2,-336.0,-7.399999999999977,0.0,0.0,-0.2906249999999986,7117.805268205056
1339,0.66975,0.66975,11.660963,123.463875,-11.4,266257.5890694009,-316014.9724876574,8451.0,801.9,-342.0,-7.399999999999977,0.0,0.0,-0.2387096774193541,6971.25972833932
1340,0.67025,0.67025,11.657295000000001,123.4654655,-11.1,266816.2615335225,-315914.0629523455,8222.0,795.45,-335.5,-7.399999999999977,0.0,0.0,-0.2314760508308888,7065.66446490755
1341,0.67075,0.67075,11.658154,123.46191400000001,-11.7,266165.3003729798,-315919.8450965177,8565.0,815.8,-351.0,-7.449999999999989,0.0,0.0,-0.2862215909090913,7150.891019780422
1342,0.67125,0.67125,11.655843,123.467773,-11.7,266397.6687281533,-316172.98069666943,8451.0,811.2,-358.0,-7.399999999999977,0.0,0.0,-0.2387096774193577,7192.65959952298
1343,0.67175,0.67175,11.6528645,123.467117,-11.7,266945.77812421846,-316591.8525639091,8408.5,811.2,-335.0,-7.399999999999977,0.0,0.0,-0.2627272727272713,7135.318025341938
1344,0.67225,0.67225,11.633423,123.480526,-11.4,267966.0038452359,-320357.140370777,8313.5,815.8,-350.5,-5.600000000000023,0.0,0.0,-0.23497983870967842,7085.513407680166
1345,0.67275,0.67275,11.64453,123.470917,-11.4,267394.8932774024,-318159.36960996117,8393.5,807.45,-346.5,-6.499999999999943,0.0,0.0,-0.2818181818181804,7130.506014032004
1346,0.67325,0.67325,11.641272,123.473068,-11.4,267821.0870288715,-318191.7273783092,8321.0,805.6,-350.0,-9.299999999999956,0.0,0.0,-0.3468750000000007,7118.527236684097
1347,0.67375,0.67375,11.623718,123.493759,-10.7,269125.7571016115,-320107.8410008932,8192.0,794.5,-343.0,-5.600000000000023,0.0,0.0,-0.2387096774193541,7017.658600412185
1348,0.67425,0.67425,11.641705,123.474503,-11.7,267963.23274602497,-318096.0996093083,8390.0,804.7,-343.0,-6.5,0.0,0.0,-0.2403225806451627,7018.116586032558
1349,0.67475,0.67475,11.63603,123.4839135,-11.4,268533.34527221275,-318420.40006080945,8271.5,801.0,-335.5,-9.299999999999956,0.0,0.0,-0.3033333333333314,7028.896527288695
1350,0.67525,0.67525,11.643989,123.47270549999999,-11.55,267602.7731310231,-317614.84730205755,8420.0,804.7,-354.5,-7.399999999999977,0.0,0.0,-0.2426881720430118,7052.6532608860625
1351,0.67575,0.67575,11.6128745,123.49149349999999,-10.55,269474.8768708898,-322045.30407888256,8069.5,788.05,-331.5,-9.200000000000044,0.0,0.0,-0.2999999999999985,6931.5772278346785
1352,0.67625,0.67625,11.632846,123.488602,-11.4,268597.83045209537,-318595.81029987754,8252.0,809.3,-350.0,-7.400000000000091,0.0,0.0,-0.2967741935483886,7140.971198908873
1353,0.67675,0.67675,11.62144,123.484352,-11.1,269064.0825873386,-320309.2152911965,8237.0,811.2,-335.0,-7.399999999999977,0.0,0.0,-0.2906249999999986,6986.616423036907
1354,0.67725,0.67725,11.631642,123.481262,-11.4,268346.9690411592,-319136.9967553747,8306.0,800.1,-342.0,-7.399999999999977,0.0,0.0,-0.2312499999999993,7008.724295269254
1355,0.67775,0.67775,11.601013,123.5041925,-10.7,271238.9672770562,-322925.02395615005,8035.5,789.0,-342.5,-7.399999999999977,0.0,0.0,-0.30333333333333334,7057.707203964961
1356,0.67825,0.67825,11.616044,123.49560199999999,-10.899999999999999,270177.7455426529,-320660.0913668732,8092.5,797.3,-327.5,-7.399999999999977,0.0,0.0,-0.2890624999999982,7035.916865720825
1357,0.67875,0.67875,11.604566,123.498676,-11.4,270257.514405555,-323104.60401072714,8214.0,799.1500000000001,-358.0,-7.399999999999977,0.0,0.0,-0.2565340909090916,7080.113053773081
1358,0.67925,0.67925,11.61652,123.4934235,-11.1,269804.5654553463,-320600.6019989484,8165.0,798.2,-343.0,-9.199999999999989,0.0,0.0,-0.2953125000000003,7024.708457175892
1359,0.67975,0.67975,11.617519,123.49217200000001,-11.4,269852.0524482543,-321162.1927516678,8229.5,795.45,-347.0,-7.400000000000091,0.0,0.0,-0.26424242424242683,7012.725646858789
1360,0.68025,0.68025,11.603451,123.5058365,-11.1,271003.8214821443,-322561.13805608585,8066.0,801.0,-358.0,-7.399999999999977,0.0,0.0,-0.2983870967741935,7119.142025496118
1361,0.68075,0.68075,11.613121,123.4957505,-11.4,270169.8788007423,-321755.5296997939,7921.0,792.7,-358.0,-7.399999999999977,0.0,0.0,-0.29838709677419173,6905.06561897475
1362,0.68125,0.68125,11.60119,123.512802,-10.7,271901.51754402206,-322746.05547451426,7879.0,787.1,-343.0,-9.299999999999956,0.0,0.0,-0.3100000000000023,6811.977955314949
1363,0.68175,0.68175,11.60099,123.505562,-10.7,270961.3718160015,-323041.6119977749,8016.0,793.6,-350.0,-9.299999999999956,0.0,0.0,-0.29062500000000036,6996.904788638828
1364,0.68225,0.68225,11.599182,123.505791,-11.7,271096.40116743854,-323233.86829149874,8016.0,796.4,-365.0,-7.399999999999977,0.0,0.0,-0.2787878787878801,7002.2773898589685
1365,0.68275,0.68275,11.598257,123.506424,-11.7,271331.1785895,-323560.2258519842,8039.0,807.5,-365.0,-11.100000000000025,0.0,0.0,-0.3468750000000007,7143.117038495537
1366,0.68325,0.68325,11.564712499999999,123.5266915,-11.1,272296.7460095751,-326416.66067056305,7761.0,791.75,-339.5,-9.199999999999932,0.0,0.0,-0.3165689149560128,6831.171054943561
1367,0.68375,0.68375,11.594347,123.512634,-10.7,272128.7068281706,-323116.11270153144,8031.0,798.2,-335.0,-9.299999999999956,0.0,0.0,-0.3363636363636336,7033.669210680947
1368,0.68425,0.68425,11.597168,123.510292,-11.1,271557.0222125355,-322754.5063006118,7940.0,787.1,-350.0,-5.600000000000023,0.0,0.0,-0.2387096774193541,6959.706445513226
1369,0.68475,0.68475,11.5661115,123.5324975,-11.4,273615.742187858,-326340.49204060325,7886.5,791.75,-350.5,-9.199999999999932,0.0,0.0,-0.3000000000000004,6919.643511692819
1370,0.68525,0.68525,11.5804305,123.5165825,-10.7,272291.96621765045,-324526.5110992134,7864.0,785.2,-339.5,-7.399999999999977,0.0,0.0,-0.2466666666666659,6938.983836959438
1371,0.68575,0.68575,11.553148,123.5429,-11.4,275528.09626963857,-328593.02637843386,7833.0,789.0,-335.0,-9.200000000000044,0.0,0.0,-0.2967741935483886,6944.62311559231
1372,0.68625,0.68625,11.588807,123.512184,-11.4,271635.15784868767,-323946.295170555,8024.0,789.0,-343.0,-9.299999999999956,0.0,0.0,-0.336363636363637,6911.01878913888
1373,0.68675,0.68675,11.5695465,123.528805,-10.7,273412.4356828709,-327430.3706195122,7761.0,791.75,-335.0,-8.300000000000011,0.0,0.0,-0.2890625,6909.062121315259
1374,0.68725,0.68725,11.583687,123.51741,-11.4,272497.4135613189,-324733.5563386083,7971.0,800.1,-350.0,-9.299999999999956,0.0,0.0,-0.2967741935483849,7067.070666095194
1375,0.68775,0.68775,11.562319,123.532829,-11.1,273798.0361508105,-327368.5461549024,7780.0,789.0,-343.0,-7.399999999999977,0.0,0.0,-0.2999999999999985,6833.992136743486
1376,0.68825,0.68825,11.577449,123.522934,-11.1,272830.1461547202,-325278.523426833,7803.0,779.7,-328.0,-7.399999999999977,0.0,0.0,-0.2387096774193541,6819.716501109843
1377,0.68875,0.68875,11.561667,123.5362475,-10.7,274178.1210983938,-327167.39425476,7822.0,792.65,-335.5,-9.300000000000011,0.0,0.0,-0.341619318181817,6916.86541828537
1378,0.68925,0.68925,11.564255,123.531601,-10.7,273779.5046974061,-327041.1878386949,7711.0,790.8,-320.0,-9.299999999999956,0.0,0.0,-0.3000000000000022,6898.338679575593
1379,0.68975,0.68975,11.56069,123.527283,-11.7,273266.51189139567,-327003.49270649557,7955.0,801.9,-365.0,-7.5,0.0,0.0,-0.336363636363637,7037.1720992786795
1380,0.69025,0.69025,11.557526,123.536346,-11.1,274364.7120234555,-327696.34925143066,7742.0,789.0,-342.0,-9.299999999999956,0.0,0.0,-0.3468750000000007,6983.5151232410135
1381,0.69075,0.69075,11.5635735,123.5321805,-10.55,274000.8917211596,-327118.91319977806,7681.0,778.75,-313.0,-7.400000000000034,0.0,0.0,-0.2967741935483886,6712.042060978407
1382,0.69125,0.69125,11.537681500000001,123.5498505,-11.4,276154.84359984926,-329530.34530726256,7570.5,789.9,-343.0,-9.300000000000011,0.0,0.0,-0.3000000000000022,7017.041220031744
1383,0.69175,0.69175,11.561349,123.539116,-10.7,274340.2001686632,-327070.20975463575,7750.0,789.0,-331.5,-8.349999999999966,0.0,0.0,-0.336363636363637,6881.040240375048
1384,0.69225,0.69225,11.556733,123.532585,-10.7,274006.35900169454,-327234.00010781974,7727.0,787.1,-335.0,-9.199999999999932,0.0,0.0,-0.2967741935483886,6828.755171266647
1385,0.69275,0.69275,11.548819,123.5433345,-11.1,275528.7660825171,-329616.96627476456,7509.5,789.0,-328.0,-7.399999999999977,0.0,0.0,-0.28465909090908914,6869.266511869018
1386,0.69325,0.69325,11.544955,123.545982,-11.1,275458.5381277438,-330243.60614942067,7681.0,794.5,-351.0,-9.200000000000044,0.0,0.0,-0.336363636363637,6935.38900207639
1387,0.69375,0.69375,11.546036,123.5433655,-10.7,275173.3325289896,-329031.3017871744,7582.0,792.7,-328.0,-7.400000000000091,0.0,0.0,-0.2936995967741953,6898.751814786888
1388,0.69425,0.69425,11.5413655,123.553112,-10.7,276015.65040195733,-330853.1219817206,7628.0,776.0,-336.0,-9.300000000000068,0.0,0.0,-0.35246975806451497,6859.528537427615
1389,0.69475,0.69475,11.5371575,123.55331050000001,-10.4,276413.0037713472,-330429.30193341064,7544.0,782.45,-320.0,-9.299999999999956,0.0,0.0,-0.341619318181817,6750.233435436425
1390,0.69525,0.69525,11.509817,123.569771,-10.4,278198.07369075593,-332391.22792905127,7551.0,783.4,-335.0,-9.199999999999932,0.0,0.0,-0.3468750000000007,6805.7320690975475
1391,0.69575,0.69575,11.5204925,123.563873,-10.55,277747.6183060857,-331281.4454307802,7452.0,770.4000000000001,-320.0,-7.399999999999977,0.0,0.0,-0.2862215909090913,6781.876261454678
1392,0.69625,0.69625,11.509018999999999,123.565422,-10.899999999999999,277069.77083878336,-332390.3939659494,7570.5,778.75,-327.0,-7.400000000000091,0.0,0.0,-0.29838709677419356,6718.7533644013365
1393,0.69675,0.69675,11.514184,123.559967,-11.1,277113.00356413156,-333644.84126360394,7521.0,783.4,-350.0,-9.200000000000044,0.0,0.0,-0.3468750000000007,6921.834855190498
1394,0.69725,0.69725,11.5164815,123.569626,-11.1,277774.52217116713,-332697.9039603353,7380.0,769.5,-335.0,-7.4500000000000455,0.0,0.0,-0.318181818181816,6791.857715841599
1395,0.69775,0.69775,11.5064235,123.5683095,-10.7,277715.74632522673,-333733.74173025053,7422.0,769.5,-331.5,-9.199999999999932,0.0,0.0,-0.2983870967741935,6747.210910369897
1396,0.69825,0.69825,11.520434999999999,123.5611495,-10.7,276970.9589093375,-332744.10551617213,7509.5,776.9,-328.0,-9.199999999999932,0.0,0.0,-0.3468750000000007,6788.1968662591935
1397,0.69875,0.69875,11.509668,123.571663,-10.7,278442.7734715003,-333093.0912754851,7407.0,768.6,-328.0,-9.299999999999956,0.0,0.0,-0.3468750000000007,6705.644509726795
1398,0.69925,0.69925,11.495842,123.582977,-10.1,279748.2034032812,-334039.5837984327,7209.0,770.4,-305.0,-5.600000000000023,0.0,0.0,-0.336363636363637,6815.805788001596
1399,0.69975,0.69975,11.491964,123.5850985,-9.4,279778.52753319696,-334694.0224431474,7341.5,766.7,-297.0,-7.399999999999977,0.0,0.0,-0.3540322580645172,6696.815445213986
1400,0.70025,0.70025,11.512321,123.57003,-10.7,277922.6390531983,-332293.82103876665,7391.0,785.2,-335.0,-9.299999999999956,0.0,0.0,-0.3939393939393939,6857.8975729443855
1401,0.70075,0.70075,11.5048235,123.573204,-11.4,278121.672313418,-333603.9770716182,7342.0,778.75,-343.0,-7.399999999999977,0.0,0.0,-0.3540322580645172,6785.319525049696
1402,0.70125,0.70125,11.507387,123.56897,-10.7,278009.5152345574,-333515.52138529223,7338.0,774.1,-342.0,-9.300000000000068,0.0,0.0,-0.358064516129033,6864.832858643655
1403,0.70175,0.70175,11.502228,123.577438,-11.1,278620.97836204973,-335220.80913575384,7430.0,768.6,-350.0,-11.099999999999907,0.0,0.0,-0.358064516129033,6846.746804267227
1404,0.70225,0.70225,11.487277,123.577911,-10.1,279254.17547012726,-335287.9709642147,7376.0,774.1,-320.0,-5.600000000000023,0.0,0.0,-0.2875000000000014,6681.675571450259
1405,0.70275,0.70275,11.490815,123.581207,-10.7,279375.1076608281,-334994.5271474785,7353.0,774.1,-343.0,-9.299999999999956,0.0,0.0,-0.358064516129033,6735.802872864953
1406,0.70325,0.70325,11.476989,123.595947,-10.7,281011.0327225296,-336591.1773045519,7189.5,779.7,-328.0,-7.399999999999977,0.0,0.0,-0.2967741935483886,6795.717647988483
1407,0.70375,0.70375,11.4953065,123.5775565,-10.7,278927.75603060727,-334568.1496123231,7315.5,765.8,-335.0,-11.100000000000025,0.0,0.0,-0.358064516129033,6783.583147957992
1408,0.70425,0.70425,11.491209,123.58573150000001,-11.1,279475.70221383614,-336179.4775199872,7345.5,777.8,-335.0,-8.300000000000011,0.0,0.0,-0.3580645161290293,6734.186535133058
1409,0.70475,0.70475,11.484421,123.585396,-10.7,279522.4974851994,-336722.1651090668,7216.0,763.0,-328.0,-9.200000000000044,0.0,0.0,-0.4031249999999993,6745.7881024923
1410,0.70525,0.70525,11.489697,123.591362,-10.4,280259.8358492706,-336388.3574782061,7308.0,768.6,-320.0,-9.200000000000044,0.0,0.0,-0.358064516129033,6763.204570929614
1411,0.70575,0.70575,11.459346,123.608543,-10.4,282454.3506856142,-337898.6090579375,7094.0,759.3,-320.0,-9.299999999999956,0.0,0.0,-0.3468749999999971,6684.308304825751
1412,0.70625,0.70625,11.454345499999999,123.6121255,-10.4,282648.0869569677,-338970.80761908967,7128.5,763.05,-305.0,-9.199999999999932,0.0,0.0,-0.30333333333333523,6593.005341776792
1413,0.70675,0.70675,11.480484,123.588142,-10.4,280414.809532449,-335788.01524002524,7186.0,763.0,-327.0,-7.399999999999977,0.0,0.0,-0.3612903225806466,6662.106794477642
1414,0.70725,0.70725,11.467369,123.5971795,-10.4,280329.5040386821,-338002.02048255503,7212.5,767.6500000000001,-312.5,-9.299999999999956,0.0,0.0,-0.3468750000000007,6723.77822026743
1415,0.70775,0.70775,11.471449,123.598419,-10.7,281304.0389041421,-337838.00773921044,7155.0,770.4,-335.0,-9.300000000000068,0.0,0.0,-0.358064516129033,6740.769666831095
1416,0.70825,0.70825,11.468339,123.59624099999999,-10.25,281001.8044456677,-337580.36873830936,7216.0,762.1,-312.0,-9.200000000000044,0.0,0.0,-0.336363636363637,6751.398371026031
1417,0.70875,0.70875,11.471165,123.6020625,-11.4,281988.8850975989,-337468.3396949741,7201.0,766.7,-335.5,-9.299999999999956,0.0,0.0,-0.33787878787878883,6688.81081002233
1418,0.70925,0.70925,11.4493525,123.607708,-10.7,282546.14348773845,-339051.3128571785,7159.0,770.45,-327.5,-9.25,0.0,0.0,-0.35246975806451686,6627.533129093266
1419,0.70975,0.70975,11.463954,123.605682,-10.1,281531.27431206184,-338526.08289569546,7125.0,755.6,-305.0,-7.5,0.0,0.0,-0.40625,6643.666476719781
1420,0.71025,0.71025,11.447893,123.609055,-9.4,282656.6546123355,-339538.18051598105,6949.0,763.0,-298.0,-9.200000000000044,0.0,0.0,-0.3468750000000007,6655.75926623346
1421,0.71075,0.71075,11.4717515,123.6037445,-10.7,281708.7217854646,-336622.4231220975,7014.0,763.0,-320.0,-7.400000000000034,0.0,0.0,-0.3246969696969698,6574.289780686812
1422,0.71125,0.71125,11.454712,123.608284,-10.7,282227.1081320251,-340538.2690676015,7033.0,757.5,-327.0,-7.399999999999977,0.0,0.0,-0.336363636363637,6589.073838352687
1423,0.71175,0.71175,11.464931,123.605614,-10.7,282133.3990868033,-337402.79019517644,6995.0,770.4,-335.0,-9.299999999999956,0.0,0.0,-0.336363636363637,6770.981317460837
1424,0.71225,0.71225,11.453691,123.612007,-10.1,282845.5854901878,-339143.54917623237,6957.0,764.9,-305.0,-7.400000000000091,0.0,0.0,-0.336363636363637,6636.847696395184
1425,0.71275,0.71275,11.455063,123.609924,-11.1,282613.4749699786,-340271.5120701211,7010.0,764.9,-328.0,-9.200000000000044,0.0,0.0,-0.336363636363637,6621.245774359484
1426,0.71325,0.71325,11.458042,123.61409,-11.4,282801.20672068425,-338860.2241117971,7049.0,770.4,-336.0,-9.300000000000068,0.0,0.0,-0.3699999999999969,6740.663272234364
1427,0.71375,0.71375,11.420544,123.6359405,-10.7,285411.4507372322,-342756.16613793955,6945.5,762.1,-328.0,-9.25,0.0,0.0,-0.3580645161290293,6571.987748244882
1428,0.71425,0.71425,11.446544,123.61869,-11.1,283303.02036168706,-339878.21507133526,6934.0,770.4,-328.0,-9.199999999999932,0.0,0.0,-0.3580645161290293,6663.181490457717
1429,0.71475,0.71475,11.439188,123.612389,-10.4,283104.6954907203,-341411.3728375952,6949.0,764.9,-320.0,-9.299999999999956,0.0,0.0,-0.3580645161290293,6515.982127691442
1430,0.71525,0.71525,11.44519,123.623276,-10.1,283958.4701352905,-340647.7962216315,6995.0,755.6,-313.0,-9.299999999999956,0.0,0.0,-0.358064516129033,6556.707933747961
1431,0.71575,0.71575,11.416228,123.64128149999999,-10.1,286106.55815883,-342766.72967056173,6839.0,756.55,-308.5,-7.4500000000000455,0.0,0.0,-0.32318181818181774,6649.414708175582
1432,0.71625,0.71625,11.43924,123.624084,-10.4,283730.1195983613,-342581.9234472137,6850.0,751.9,-312.0,-9.200000000000044,0.0,0.0,-0.3580645161290293,6530.390046627969
1433,0.71675,0.71675,11.395429,123.6472435,-10.55,286582.445299695,-346227.843335451,6805.0,756.55,-290.0,-7.399999999999977,0.0,0.0,-0.29213709677419497,6490.123866091895
1434,0.71725,0.71725,11.4267355,123.631374,-10.4,284764.8737127729,-343048.2756137132,6835.0,754.7,-320.0,-9.299999999999956,0.0,0.0,-0.3000000000000022,6653.267204626398
1435,0.71775,0.71775,11.401794,123.64399,-10.4,286502.59979136067,-344468.23678829515,6713.0,748.2,-320.0,-9.300000000000068,0.0,0.0,-0.361290322580643,6444.674257899838
1436,0.71825,0.71825,11.428482,123.631332,-10.7,284486.3148432971,-342096.5569219944,6850.0,757.5,-327.0,-9.299999999999956,0.0,0.0,-0.3500000000000014,6570.897397722916
1437,0.71875,0.71875,11.400604,123.6408955,-10.7,285910.2129491527,-344697.0206658759,6793.0,750.1,-316.0,-8.349999999999966,0.0,0.0,-0.34161931818181884,6521.905028318771
1438,0.71925,0.71925,11.427146,123.628746,-10.7,284618.3169496801,-342058.52820455434,6923.0,763.95,-316.0,-9.200000000000044,0.0,0.0,-0.34161931818181884,6596.169962113474
1439,0.71975,0.71975,11.405777,123.64534,-10.7,285736.1338820105,-344254.29745392606,6782.0,755.6,-328.0,-9.299999999999956,0.0,0.0,-0.3468750000000007,6526.340841318442
1440,0.72025,0.72025,11.412186,123.638977,-9.8,285034.1611342644,-344195.14167124167,6744.0,761.2,-297.0,-7.400000000000091,0.0,0.0,-0.2967741935483849,6528.348316339568
1441,0.72075,0.72075,11.40065,123.643028,-9.4,285890.59826743143,-345173.88076745725,6645.0,742.7,-297.0,-9.299999999999956,0.0,0.0,-0.3468750000000007,6529.939017432066
1442,0.72125,0.72125,11.426331,123.631508,-10.7,284900.3345123821,-341763.8612419358,6949.0,753.8,-328.0,-9.300000000000068,0.0,0.0,-0.3580645161290293,6477.796228377666
1443,0.72175,0.72175,11.408115,123.646019,-10.25,286423.7669992829,-345646.5710535299,6587.5,752.85,-327.0,-10.199999999999989,0.0,0.0,-0.3640322580645169,6600.949413731501
1444,0.72225,0.72225,11.4135515,123.6402205,-9.8,286143.054413643,-343347.0567943006,6599.0,744.5,-293.0,-8.349999999999966,0.0,0.0,-0.2983870967741935,6396.480678378066
1445,0.72275,0.72275,11.385471500000001,123.65419750000001,-10.4,287357.7992827742,-346285.7759722525,6568.5,754.7,-328.0,-9.299999999999956,0.0,0.0,-0.336363636363637,6631.167650327747
1446,0.72325,0.72325,11.409045500000001,123.6409305,-10.7,286156.47196351236,-344427.3725963095,6739.5,760.25,-320.0,-7.449999999999989,0.0,0.0,-0.30833333333333335,6554.404390745713
1447,0.72375,0.72375,11.402767,123.65101250000001,-10.7,286734.5100056102,-344806.659014986,6690.0,761.2,-342.5,-9.299999999999956,0.0,0.0,-0.32318181818181774,6674.989463436392
1448,0.72425,0.72425,11.384256,123.656662,-10.7,287476.8481808159,-346548.3631542243,6622.0,751.9,-328.0,-9.299999999999956,0.0,0.0,-0.3468750000000007,6490.201192168507
1449,0.72475,0.72475,11.364532,123.676552,-10.7,290103.18393974897,-348462.2528752033,6568.0,751.9,-305.0,-9.299999999999956,0.0,0.0,-0.3612903225806466,6489.220583948297
1450,0.72525,0.72525,11.375365,123.652763,-10.1,287418.2913350359,-347222.5389256798,6629.0,751.9,-298.0,-7.399999999999977,0.0,0.0,-0.3066666666666682,6465.37226491584
1451,0.72575,0.72575,11.3975475,123.6585005,-11.1,287753.8789349606,-345043.83812112414,6683.0,755.6,-339.0,-8.300000000000068,0.0,0.0,-0.34872922776148685,6667.767669740444
1452,0.72625,0.72625,11.390449,123.665756,-10.7,287992.7117774177,-347237.99504183256,6546.0,746.4,-320.0,-9.199999999999932,0.0,0.0,-0.2906250000000021,6570.017790869018
1453,0.72675,0.72675,11.37448,123.664665,-10.1,288293.26692316437,-348030.4823786568,6530.0,740.8,-313.0,-7.400000000000034,0.0,0.0,-0.3468750000000007,6388.667984250103
1454,0.72725,0.72725,11.382563,123.669304,-10.1,288887.26749589376,-349040.6896825784,6507.0,746.4,-304.0,-9.299999999999956,0.0,0.0,-0.2999999999999985,6468.935419408276
1455,0.72775,0.72775,11.342285,123.694008,-10.4,291185.96987818734,-352749.6015837678,6309.0,740.8,-327.0,-7.400000000000091,0.0,0.0,-0.336363636363637,6442.132542795594
1456,0.72825,0.72825,11.360092,123.669891,-10.4,289005.42530053953,-349803.59912806045,6507.0,753.8,-313.0,-9.200000000000044,0.0,0.0,-0.3468750000000007,6649.577283206263
1457,0.72875,0.72875,11.376063,123.675652,-10.4,289416.5527937196,-349264.1917938479,6576.0,755.6,-328.0,-9.300000000000068,0.0,0.0,-0.3699999999999969,6456.093573071004
1458,0.72925,0.72925,11.353981000000001,123.69166899999999,-10.1,291477.8294744383,-350323.1581404518,6515.0,726.0,-297.0,-9.25,0.0,0.0,-0.35246975806451686,6362.837681809776
1459,0.72975,0.72975,11.3517575,123.68692,-9.8,290814.8935425126,-350173.60075753776,6378.0,743.5999999999999,-312.0,-9.299999999999956,0.0,0.0,-0.3970170454545464,6276.620513937383
1460,0.73025,0.73025,11.352136,123.688179,-10.1,291235.4498207481,-350404.1637564021,6332.0,740.8,-297.0,-7.399999999999977,0.0,0.0,-0.2967741935483886,6447.610149237475
1461,0.73075,0.73075,11.3364165,123.7013015,-9.4,292308.19230422063,-352763.5009687969,6244.5,731.5,-293.0,-7.399999999999977,0.0,0.0,-0.2967741935483849,6193.4335195385165
1462,0.73125,0.73125,11.35881,123.674683,-9.8,289916.64415502513,-350316.6532282582,6355.0,737.1,-312.0,-9.200000000000044,0.0,0.0,-0.2999999999999985,6535.666705480818
1463,0.73175,0.73175,11.3356065,123.7000615,-9.4,292625.8617396107,-352470.33513976156,6313.5,727.8,-282.0,-7.399999999999977,0.0,0.0,-0.3363636363636353,6150.653214236794
1464,0.73225,0.73225,11.341493499999999,123.69689199999999,-9.8,292268.10744910885,-351564.1508333981,6241.0,735.25,-277.5,-7.399999999999977,0.0,0.0,-0.358064516129033,6302.441049138982
1465,0.73275,0.73275,11.3350705,123.7008515,-10.1,292488.75619378535,-352150.81607671035,6229.5,741.75,-300.5,-9.200000000000044,0.0,0.0,-0.35246975806451686,6314.680272923035
1466,0.73325,0.73325,11.356508,123.697533,-9.8,291103.19769031473,-350187.8893253475,6248.0,744.5,-297.0,-7.400000000000091,0.0,0.0,-0.3468749999999971,6448.867449717686
1467,0.73375,0.73375,11.338463,123.69665499999999,-9.1,292213.16397179407,-352037.7306801127,6244.5,746.4,-274.5,-5.600000000000023,0.0,0.0,-0.30031249999999854,6414.736428687101
1468,0.73425,0.73425,11.31663,123.71022049999999,-10.1,293269.8371727606,-353905.19645509514,6145.5,731.55,-270.0,-7.399999999999977,0.25,0.01515151515151515,-0.358064516129033,6237.4876687397045
1469,0.73475,0.73475,11.31427,123.7088125,-9.25,293353.67914232076,-355549.32691142784,6126.5,741.75,-278.5,-5.600000000000023,0.0,0.0,-0.341619318181817,6311.051451911655
1470,0.73525,0.73525,11.317759500000001,123.7103535,-9.4,292998.25304133026,-353654.28475654783,6248.5,738.0,-263.5,-6.5,0.0,0.0,-0.2906249999999986,6186.834265693673
1471,0.73575,0.73575,11.32591,123.688961,-10.4,291026.9363670809,-352866.745600794,6305.5,735.2,-308.5,-7.399999999999977,0.0,0.0,-0.3468750000000007,6322.878599647864
1472,0.73625,0.73625,11.327929,123.705009,-9.4,293218.4627550792,-353444.5708352275,6203.0,727.8,-282.0,-9.200000000000044,1.0,0.0303030303030303,-0.3909090909090936,6307.5213754029
1473,0.73675,0.73675,11.315327,123.694786,-9.95,291375.62324415345,-354195.02643172373,6084.5,735.2,-305.0,-7.400000000000006,0.0,0.0,-0.2983870967741935,6299.255153495674
1474,0.73725,0.73725,11.302322,123.718224,-9.8,294066.0736025634,-356966.56380654406,5951.0,727.8,-281.0,-7.399999999999977,0.0,0.0,-0.3468750000000007,6215.315130483683
1475,0.73775,0.73775,11.316965,123.706173,-10.1,292997.556445434,-354425.70062566805,6225.5,735.2,-281.5,-5.5,0.0,0.0,-0.29062500000000036,6179.348100460615
1476,0.73825,0.73825,11.273206,123.72880549999999,-9.175,295176.3615488486,-359367.599174027,5928.5,722.3,-225.0,-5.600000000000023,1.0,0.030776515151515152,-0.35246975806451686,5805.441505697336
1477,0.73875,0.73875,11.271057,123.724617,-9.1,294542.45283872884,-359929.1343292063,5951.0,714.9,-214.0,-7.399999999999977,0.0,0.0,-0.4031249999999993,5695.173189028433
1478,0.73925,0.73925,11.301938499999999,123.713352,-8.8,293571.255884439,-355504.68208671384,6027.5,722.3,-187.0,-5.074999999999989,0.0,0.0,-0.29062500000000036,5699.874931120657
1479,0.73975,0.73975,11.222584999999999,123.726196,-8.5,295073.7335692466,-365064.40112209157,5688.5,715.8,-68.5,-3.7000000000000455,0.0,0.0,-0.28465909090909086,2152.923260601444
1480,0.74025,0.74025,11.291059,123.722534,-9.1,294959.94360857486,-358852.20997714443,5982.0,726.0,-244.0,-7.399999999999977,0.0,0.0,-0.40625,5917.878127742849
1481,0.74075,0.74075,11.301301,123.706535,-10.1,292902.62018472975,-355879.85428742226,6020.0,729.7,-297.0,-7.399999999999977,0.0,0.0,-0.3733333333333311,6225.97673713855
1482,0.74125,0.74125,11.287521,123.731499,-8.5,295829.91825840203,-357690.5549739451,5890.0,713.0,-191.0,-5.600000000000023,0.0,0.0,-0.4031250000000028,5711.066420145009
1483,0.74175,0.74175,11.256611,123.724121,-8.1,294848.255111306,-361297.0562062396,5791.0,722.3,-31.0,-3.699999999999932,1.0,0.0303030303030303,-0.3000000000000022,559.72151367868
1484,0.74225,0.74225,11.276825,123.725845,-8.1,295490.9946132069,-358186.15144654573,5829.0,718.6,-91.0,-5.5,0.0,0.0,-0.3000000000000022,4681.069292200522
1485,0.74275,0.74275,11.2756705,123.716095,-8.3,293871.60567208286,-358996.3188011274,5928.5,720.4,-198.0,-6.5,0.0,0.0,-0.3468750000000007,5963.196439680973
1486,0.74325,0.74325,11.288816,123.7185935,-8.95,294399.32930234703,-357730.91878806974,5951.5,720.45,-228.5,-5.599999999999909,0.0,0.0,-0.358064516129033,6011.9826995969615
1487,0.74375,0.74375,11.2628015,123.7230185,-8.8,295146.9578026866,-361186.13911370636,5814.0,727.8,-145.0,-3.7000000000000455,0.0,0.0,-0.3500000000000014,4342.006102471821
1488,0.74425,0.74425,11.284030000000001,123.734444,-8.8,296015.19374090445,-357719.9104751265,5875.0,726.0,-251.0,-4.649999999999977,0.0,0.0,-0.3909090909090902,6055.811366194639
1489,0.74475,0.74475,11.2699125,123.7331235,-8.95,295634.18935210863,-359852.7989066262,5817.5,714.9,-220.5,-5.5,0.0,0.0,-0.2999999999999985,5605.000801395539
1490,0.74525,0.74525,11.2655755,123.73921999999999,-9.1,296628.46700702433,-360935.7277930202,5726.5,721.3499999999999,-179.5,-5.5,0.0,0.0,-0.29677419354838674,4875.026669745374
1491,0.74575,0.74575,11.262527,123.7336155,-9.4,296295.59866625,-361045.2549470505,5787.0,715.8,-247.5,-5.5,0.0,0.0,-0.3580645161290311,5976.24809809784
1492,0.74625,0.74625,11.260345,123.746437,-10.1,297586.01519250125,-361832.7941028042,5738.0,726.0,-152.0,-3.7000000000000455,0.0,0.0,-0.358064516129033,5403.15002463209
1493,0.74675,0.74675,11.268562500000002,123.72644,-9.1,295202.6576966605,-359356.5352635437,5768.5,718.6,-194.5,-5.5,0.0,0.0,-0.358064516129033,5591.156621696564
1494,0.74725,0.74725,11.232468,123.75412,-9.1,298241.9315272987,-363200.38239459647,5662.0,718.6,-228.0,-5.5,0.0,0.0,-0.3000000000000022,5588.548155561811
1495,0.74775,0.74775,11.2644545,123.737133,-9.4,296357.34427395114,-359680.8357150451,5745.0,720.4,-125.5,-3.7000000000000455,0.0,0.0,-0.34161931818181884,4647.832799755319
1496,0.74825,0.74825,11.163599,123.755875,-9.1,298656.0060737866,-370764.4277274828,5608.0,716.7,-38.0,-3.7000000000000455,0.0,0.0,-0.358064516129033,2840.227785963094
1497,0.74875,0.74875,11.199842499999999,123.772377,-8.5,300185.5180658755,-367866.07236365566,5437.0,709.3,-38.0,-3.7000000000000455,1.0,0.0303030303030303,-0.3468750000000007,1304.5333132219607
1498,0.74925,0.74925,11.238851,123.759735,-8.5,299014.53421928285,-364510.1492446675,5627.5,707.5,-31.0,-3.700000000000017,1.0,0.030776515151515152,-0.3100000000000023,538.2571211060604
1499,0.74975,0.74975,11.242493,123.760117,-8.8,298806.6881934951,-362743.9265902379,5669.0,713.0,-30.0,-3.7000000000000455,0.0,0.0,-0.4299999999999992,539.1391628354769
1500,0.75025,0.75025,11.252465999999998,123.7463035,-9.1,297648.5107482425,-360890.80498060613,5753.0,718.6,-160.5,-5.600000000000023,1.0,0.0303030303030303,-0.3580645161290311,5408.899757135217
1501,0.75075,0.75075,11.2442365,123.75843449999999,-8.5,298434.170897754,-363546.2546916631,5646.0,715.8,-95.5,-5.5499999999999545,0.0,0.0,-0.3468750000000007,4874.716211883867
1502,0.75125,0.75125,11.237659,123.763977,-8.8,299402.1810549016,-363728.4478306256,5639.0,709.3,-92.0,-3.7000000000000455,0.0,0.0,-0.3909090909090902,1756.42998348292
1503,0.75175,0.75175,11.182205,123.782188,-8.5,300434.32591563347,-368709.542644767,5441.0,703.8,-30.0,-3.7000000000000455,1.0,0.0303030303030303,-0.3909090909090902,520.2043518014377
1504,0.75225,0.75225,11.238602,123.757011,-8.8,299002.718182678,-362738.1444460659,5601.0,711.2,-160.0,-5.600000000000023,0.0,0.0,-0.3939393939393939,5030.090597954287
1505,0.75275,0.75275,11.213689,123.741524,-9.1,296841.2301661999,-365594.6348621851,5616.0,711.2,-92.0,-3.7000000000000455,0.0,0.0,-0.3099999999999985,2144.90542058709
1506,0.75325,0.75325,11.215256,123.758484,-9.1,298500.1682350696,-366828.01069213543,5578.0,713.0,-84.0,-3.800000000000068,0.0,0.0,-0.3580645161290293,2302.796199968068
1507,0.75375,0.75375,11.228307,123.758095,-9.1,298397.7996840442,-363594.6801491052,5547.0,718.6,-68.0,-3.7000000000000455,0.0,0.0,-0.358064516129033,2830.2393564233635
1508,0.75425,0.75425,11.2341725,123.7611315,-8.8,299350.2729011138,-363314.7465346168,5578.0,722.25,-239.5,-7.399999999999977,0.0,0.0,-0.3804545454545455,5877.888484089704
1509,0.75475,0.75475,11.2308885,123.7627145,-8.95,299429.48557199247,-363331.425796652,5658.0,712.1,-114.0,-3.75,0.0,0.0,-0.336363636363637,4986.08819444899
1510,0.75525,0.75525,11.214071,123.764206,-9.1,299509.08565942594,-367306.4831223805,5486.0,711.2,-129.0,-5.599999999999909,0.0,0.0,-0.3733333333333348,4733.618582442001
1511,0.75575,0.75575,11.221619,123.76046,-9.1,298971.88847083866,-367202.84930760274,5563.0,714.9,-68.0,-3.699999999999932,0.0,0.0,-0.2875000000000014,2189.6005346728275
1512,0.75625,0.75625,11.223508500000001,123.77964,-9.1,300219.46235721407,-364845.90278943273,5543.5,717.6500000000001,-91.5,-4.650000000000034,0.0,0.0,-0.358064516129033,3570.925659712657
1513,0.75675,0.75675,11.199398,123.772873,-8.5,300399.0597934939,-368246.3039405142,5425.0,711.2,-38.0,-3.699999999999932,1.0,0.032258064516129,-0.3468750000000007,850.2872910000677
1514,0.75725,0.75725,11.212339,123.764259,-8.8,299113.6813739838,-365490.0002916852,5486.0,718.6,-76.0,-3.7000000000000455,1.0,0.0303030303030303,-0.358064516129033,3341.031823137381
1515,0.75775,0.75775,11.2055425,123.78247099999999,-8.1,301599.4039351919,-368853.09549334843,5433.0,706.55,-26.5,-1.8999999999999773,1.0,0.0303030303030303,-0.358064516129033,492.4811624945191
1516,0.75825,0.75825,11.205216,123.775826,-8.8,300861.9525331806,-367682.54488373024,5448.0,709.3,-38.0,-3.699999999999932,1.0,0.0303030303030303,-0.3500000000000014,901.6655464167828
1517,0.75875,0.75875,11.171727,123.788246,-8.65,301765.3281001862,-370741.4659434148,5360.5,707.5,-23.0,-1.900000000000091,0.0,0.0,-0.3673118279569907,498.6497890374713
1518,0.75925,0.75925,11.153172,123.791672,-8.5,301821.4796062301,-372093.54252151435,5227.0,703.8,-30.0,-1.8999999999999773,0.0,0.0,-0.2466666666666659,511.0963172847542
1519,0.75975,0.75975,11.158447,123.796066,-8.5,303037.4630580708,-372089.87308386626,5326.0,698.2,-23.0,-1.8999999999999773,0.0,0.0,-0.3500000000000014,495.5819536703853
1520,0.76025,0.76025,11.1525855,123.798355,-8.5,303146.1731001513,-372660.7486257854,5326.5,701.9,-23.0,-1.8999999999999773,1.0,0.0303030303030303,-0.34161931818181884,476.31263804541686
1521,0.76075,0.76075,11.156296,123.802139,-8.5,303362.0774322963,-371855.25146457367,5334.0,703.8,-30.0,-1.8999999999999773,0.0,0.0,-0.3468750000000007,505.37696905594873
1522,0.76125,0.76125,11.199537,123.789398,-7.8,301171.57424003724,-367078.19962266093,5349.0,705.6,-31.0,-3.7000000000000455,0.0,0.0,-0.358064516129033,563.9323407680187
1523,0.76175,0.76175,11.1534275,123.7976,-7.8,302500.750819782,-372222.3620219646,5258.0,700.1,-23.0,-1.900000000000091,1.0,0.030776515151515152,-0.35246975806451686,498.47408380706014
1524,0.76225,0.76225,11.150680999999999,123.79729449999999,-7.35,303205.02518356557,-372714.34465445805,5277.0,697.3,-30.0,-1.900000000000091,1.0,0.03125,-0.35403225806451355,522.6484232797377
1525,0.76275,0.76275,11.152581000000001,123.802422,-7.2,303668.230577708,-372606.4298290914,5261.5,702.8499999999999,-23.0,-1.8999999999999773,1.0,0.31666666666666665,-0.4263440860215053,500.35368683862816
1526,0.76325,0.76325,11.151217,123.806114,-6.8,303284.04944304214,-372731.5798918942,5227.0,700.1,-23.0,-1.900000000000091,1.0,0.3333333333333333,-0.2999999999999985,475.0767573455992
1527,0.76375,0.76375,11.154785,123.784142,-7.5,301509.87156821997,-372484.5044236153,5235.0,696.4,-23.0,-3.699999999999932,1.0,0.03125,-0.358064516129033,507.1607609450184
1528,0.76425,0.76425,11.170944,123.794044,-7.5,302586.4776810537,-371418.254799256,5311.0,701.9,-23.0,-1.8999999999999773,1.0,0.125,-0.3468750000000007,466.6994614783605
1529,0.76475,0.76475,11.17305,123.807297,-7.2,303354.9106082985,-371724.8196354596,5250.0,700.1,-23.0,-3.699999999999932,1.0,0.032258064516129,-0.4333333333333333,496.6316483556877
1530,0.76525,0.76525,11.148033,123.816208,-7.0,304625.5409334018,-373560.87280027603,5196.5,698.2,-22.0,-1.8999999999999773,1.0,0.3333333333333333,-0.359677419354838,469.1804125611426
1531,0.76575,0.76575,11.152189,123.80417600000001,-7.0,303568.5934159185,-372786.89944431046,5242.5,701.9,-16.0,-3.699999999999932,1.0,0.032258064516129,-0.358064516129033,482.6445336122172
1532,0.76625,0.76625,11.146421,123.809654,-6.2,304136.5492307744,-373894.9028212974,5212.0,688.9,-16.0,-1.8999999999999773,1.0,0.5,-0.40625,476.6369585561352
1533,0.76675,0.76675,11.151496,123.815964,-6.8,304618.57542602293,-373275.7686145569,5258.0,696.4,-23.0,-1.900000000000091,1.0,0.5,-0.4031249999999993,487.639043473787
1534,0.76725,0.76725,11.161469,123.804268,-7.2,303358.7606195267,-372406.779062532,5258.0,694.5,-23.0,-1.900000000000091,1.0,0.03125,-0.3580645161290293,496.2611752100379
1535,0.76775,0.76775,11.149913,123.827293,-6.5,305290.1787328607,-373893.79087049526,5166.0,700.1,-16.0,-1.8999999999999773,1.0,0.5,-0.45000000000000284,463.27698674166794
1536,0.76825,0.76825,11.153091,123.822075,-6.2,304617.0900028058,-374071.25821854785,5159.0,692.6,-16.0,-1.8999999999999773,1.0,0.5,-0.3000000000000004,453.5617646872218
1537,0.76875,0.76875,11.153543,123.8238945,-6.5,304868.4449360904,-374041.0131567243,5121.0,694.5,-22.0,-1.8999999999999773,1.0,0.4387037037037037,-0.4193548387096774,466.63736451402684
1538,0.76925,0.76925,11.149887,123.828979,-7.2,305598.36720131896,-373840.6396221435,5086.5,700.1,-16.0,-1.8999999999999773,2.0,0.5,-0.2874999999999978,448.3778794466286
1539,0.76975,0.76975,11.1491445,123.828289,-6.8,305606.50686278904,-374697.3421178028,5037.0,698.25,-16.0,-1.8500000000000085,2.0,0.5,-0.3540322580645153,449.80601613117403
1540,0.77025,0.77025,11.148842,123.829132,-6.8,305635.5439352777,-373817.5110454548,5121.0,698.2,-22.0,-1.8999999999999773,2.0,0.5,-0.3499999999999978,467.7912404480408
1541,0.77075,0.77075,11.148332,123.83046300000001,-7.2,305799.12249677186,-373077.67457912106,5067.0,700.1,-19.0,-1.8000000000000682,2.0,0.6666666666666666,-0.2466666666666678,439.2926180927585
1542,0.77125,0.77125,11.149658,123.830132,-7.8,306105.0977199986,-372448.3660225395,4991.0,698.2,-22.0,-1.8000000000000114,2.0,0.5,-0.2787878787878801,455.9556735100469
1543,0.77175,0.77175,11.146683,123.832016,-7.5,306590.61870930874,-372962.30968337855,4991.0,698.2,-16.0,-1.7999999999999543,2.0,0.7692307692307693,-0.123333333333331,439.3779300105667
1544,0.77225,0.77225,11.144629,123.8322525,-7.5,306612.17838567705,-373210.66389508033,4983.0,700.1,-22.0,-1.799999999999983,2.0,0.6666666666666666,-0.2803030303030303,446.3654407422765
1545,0.77275,0.77275,11.142929,123.833298,-7.8,306796.704784422,-373235.8495807531,4976.0,696.4,-16.0,-1.7999999999999543,2.0,1.0,-0.1866666666666674,432.6859506633039
1546,0.77325,0.77325,11.141626,123.833725,-7.5,306790.3771585026,-373299.675556807,4968.0,696.4,-16.0,-1.7999999999999543,2.0,1.0,-0.2387096774193541,442.4790426579647
1547,0.77375,0.77375,11.139764,123.833794,-7.8,306585.68088755297,-373621.58531408367,5014.0,700.1,-16.0,-1.7999999999999543,2.0,1.0,-0.1193548387096752,426.1603413339023
1548,0.77425,0.77425,11.136658,123.834579,-7.2,307074.3191658253,-373933.04273381765,4968.0,698.2,-16.0,-1.7999999999999543,2.0,1.0,-0.2894736842105263,421.9249118887443
1549,0.77475,0.77475,11.134644,123.83448,-7.2,306705.4215525841,-374130.41400123184,4961.0,698.2,-16.0,-1.7999999999999543,2.0,1.0,-0.2387096774193577,434.2097835310353
1550,0.77525,0.77525,11.134364,123.834435,-7.5,306669.66895342374,-374196.6862690516,4991.0,700.1,-16.0,-1.7999999999999543,2.0,1.0,-0.2387096774193541,435.0478720811667
1551,0.77575,0.77575,11.1301785,123.8349265,-6.8,306823.5180904468,-374628.62355821865,4976.0,700.1,-15.0,-1.8000000000000682,2.0,1.0,-0.358064516129033,427.69100251504733
1552,0.77625,0.77625,11.129562,123.834198,-7.2,306741.61730053806,-374860.85448328627,4976.0,696.4,-16.0,-1.7999999999999543,2.0,1.0,-0.1696969696969669,436.5995354792403
1553,0.77675,0.77675,11.128052,123.833961,-6.8,306764.6518897149,-375027.5359085564,4991.0,700.1,-15.0,-1.7999999999999543,2.0,1.0,-0.3393939393939407,430.957490573296
1554,0.77725,0.77725,11.126963,123.833961,-6.8,306854.5602331026,-375112.8225350949,4976.0,698.2,-15.0,-1.7999999999999543,2.0,1.0,-0.2466666666666621,433.6704461651307
1555,0.77775,0.77775,11.125892,123.833252,-7.2,306745.518743486,-375363.5674410222,4968.0,696.4,-15.0,-1.7999999999999543,2.0,1.0,-0.2999999999999985,429.7897903227026
1556,0.77825,0.77825,11.122833,123.834183,-6.5,306813.3686440197,-375694.48399979714,4945.0,698.2,-15.0,-1.7999999999999543,2.0,1.0,-0.2874999999999978,427.12560750682576
1557,0.77875,0.77875,11.130524,123.833839,-6.8,306822.2760093431,-375519.2405533488,4961.0,698.2,-15.0,-1.7999999999999543,2.0,1.0,-0.2242424242424235,433.4045029417283
1558,0.77925,0.77925,11.130175,123.833557,-6.5,306770.8924107805,-375743.63222526014,4961.0,698.2,-15.0,-1.7999999999999543,2.0,0.6666666666666666,-0.4499999999999886,430.98279873244746
1559,0.77975,0.77975,11.135513,123.833267,-6.5,306816.2207934567,-375410.38056980015,4961.0,696.4,-15.0,-1.7999999999999543,2.0,0.7692307692307693,-0.1121212121212117,436.411859339274
1560,0.78025,0.78025,11.1323495,123.8335155,-6.5,306855.39584117767,-375800.0081309387,4945.0,698.2,-15.0,-1.7999999999999543,2.0,0.6666666666666666,-0.17619047619047562,431.1346660031967
1561,0.78075,0.78075,11.133713,123.833412,-6.8,306874.89868190227,-375766.8719970289,4945.0,694.5,-15.0,0.0,2.0,0.6666666666666666,0.0,430.6486977070595
1562,0.78125,0.78125,11.133179,123.833267,-6.5,307013.9649095817,-375360.7875640162,4930.0,696.4,-15.0,-1.7999999999999543,2.0,0.6666666666666666,-0.2312499999999993,422.72618061619573
1563,0.78175,0.78175,11.130157,123.833344,-6.8,306991.0555456513,-375429.9509039211,4923.0,694.5,-15.0,-1.7999999999999543,2.0,0.6666666666666666,-0.1384615384615349,422.0910707719049
1564,0.78225,0.78225,11.129105,123.8333055,-6.5,306981.5653919849,-375829.4192296603,4919.0,694.5,-15.0,-1.7999999999999543,2.0,0.5833333333333333,-0.2627272727272749,423.4264850079454
1565,0.78275,0.78275,11.128281,123.833389,-6.5,306940.972306744,-375626.6550008545,4900.0,694.5,-15.0,-1.7999999999999543,2.0,0.5,-0.5,424.61317523739064
1566,0.78325,0.78325,11.125626,123.833862,-6.8,306895.39368591574,-375718.5021371276,4892.0,694.5,-15.0,0.0,2.0,0.5,0.0,421.5767455524658
1567,0.78375,0.78375,11.125259,123.833557,-6.5,306819.3910474169,-375939.7803467921,4884.0,696.4,-15.0,0.0,1.0,0.5,0.0,421.066110364641
1568,0.78425,0.78425,11.122009,123.834229,-6.8,306778.17162047606,-376279.8149021461,4877.0,692.6,-15.0,-1.7999999999999543,1.0,0.5,-0.1156250000000014,418.4364080657714
1569,0.78475,0.78475,11.1217635,123.834404,-6.8,306699.8042374751,-376377.4441825913,4869.0,696.4,-15.0,-1.7999999999999543,1.0,0.5,-0.3443722943722941,429.6831427235786
1570,0.78525,0.78525,11.119446,123.835144,-6.2,306624.2948242233,-376680.6731663884,4869.0,694.5,-15.0,-1.7999999999999543,1.0,0.5,-0.2818181818181804,415.58637481733894
1571,0.78575,0.78575,11.118484,123.835243,-6.5,306562.0645273251,-376601.7246594222,4846.0,694.5,-15.0,-1.7999999999999543,1.0,0.5,-0.2818181818181839,420.7905205839552
1572,0.78625,0.78625,11.1153945,123.835407,-6.5,306565.5877319988,-376917.85227252636,4835.0,694.5,-15.0,-1.7999999999999543,1.0,0.5,-0.29369959677419355,427.56634605990234
1573,0.78675,0.78675,11.1137335,123.835052,-6.2,306405.750785709,-377233.03472744813,4846.0,696.4,-15.0,-1.7999999999999543,1.0,0.5,-0.16818181818181843,426.2829995448541
1574,0.78725,0.78725,11.111995499999999,123.8353845,-6.5,306345.3928777203,-377010.14418912004,4831.0,694.5,-15.0,-1.7999999999999543,1.0,0.5,-0.2818181818181822,430.14796009987015
1575,0.78775,0.78775,11.110382,123.83548,-6.2,306317.0979293827,-377117.00266122434,4823.0,696.4,-15.0,-1.7999999999999543,1.0,0.5,-0.1156249999999996,419.90556983619774
1576,0.78825,0.78825,11.108803,123.834904,-6.2,306247.48192131706,-377334.16665292066,4816.0,694.5,-15.0,-1.7999999999999543,1.0,0.5,-0.598387096774186,420.0481826172544
1577,0.78875,0.78875,11.106339,123.835098,-5.9,306244.0004648347,-377663.971260893,4808.0,692.6,-15.0,-1.7999999999999543,1.0,0.5,-0.1266666666666651,423.3099385279379
1578,0.78925,0.78925,11.105170000000001,123.8344765,-6.050000000000001,305857.98037694424,-377530.87074985367,4823.0,692.6,-15.0,-1.7999999999999543,1.0,0.5,-0.6000000000000227,420.3106644088835
1579,0.78975,0.78975,11.104757,123.834274,-5.9,305768.014684749,-377757.9311036907,4816.0,692.6,-15.0,-1.7999999999999543,1.0,0.5,-0.1681818181818202,429.79349945494863
1580,0.79025,0.79025,11.102057,123.834007,-5.9,305727.41906823765,-377956.97029730846,4823.0,690.8,-15.0,-1.7999999999999543,1.0,0.5,-0.5187500000000007,426.1924361113474
1581,0.79075,0.79075,11.098618,123.833458,-6.2,305679.73532976105,-378408.42232305655,4808.0,692.6,-15.0,-1.7999999999999543,1.0,0.5,-0.3468750000000007,421.09045386015714
1582,0.79125,0.79125,11.097244,123.833504,-5.9,305651.98063187586,-378567.76487303135,4816.0,690.8,-15.0,-1.7999999999999543,1.0,0.3333333333333333,-0.5999999999999849,413.70547571510025
1583,0.79175,0.79175,11.095983,123.833534,-6.2,305662.7274227642,-378630.6178921336,4797.0,690.8,-15.0,-1.7999999999999543,1.0,0.0303030303030303,-0.2832167832167817,426.53334150868176
1584,0.79225,0.79225,11.092281,123.832798,-5.9,305691.47801520454,-379125.2414077823,4778.0,688.9,-15.0,-1.7999999999999543,0.0,0.0,-0.2983870967741934,426.3282621844018
1585,0.79275,0.79275,11.0916825,123.833023,-5.9,305639.60906176746,-379152.4286048993,4801.0,687.1,-15.0,-1.7999999999999543,0.0,0.0,-0.3804166666666688,416.9678460891352
1586,0.79325,0.79325,11.0891155,123.83296949999999,-6.2,305720.2003379717,-379413.5702508277,4781.5,688.9,-15.0,-1.7999999999999543,0.0,0.0,-0.14230769230769405,424.6900200936023
1587,0.79375,0.79375,11.085114,123.831917,-6.2,305704.5906425453,-379907.33200460474,4763.0,685.2,-15.0,-1.7999999999999543,0.0,0.0,-0.3468749999999971,421.78209463091775
1588,0.79425,0.79425,11.083649,123.832253,-6.2,305688.11979980906,-379973.3818822633,4770.0,685.2,-15.0,-1.7999999999999543,0.0,0.0,-0.3468750000000007,428.647434915614
1589,0.79475,0.79475,11.0815975,123.832615,-6.2,305738.7722053173,-380185.3197051886,4755.0,687.1,-15.0,-1.7999999999999543,0.0,0.0,-0.5830024813895773,422.32642288102943
1590,0.79525,0.79525,11.0803105,123.832302,-6.35,305740.0541665704,-380342.2159633982,4751.0,688.0,-15.0,-1.7999999999999543,0.0,0.0,-0.1449999999999988,419.6087448930503
1591,0.79575,0.79575,11.076485,123.8307035,-6.2,305623.47400987265,-380821.02197888365,4717.0,683.4,-15.0,-1.7999999999999543,0.0,0.0,-0.4165624999999993,430.0651680764305
1592,0.79625,0.79625,11.080806500000001,123.8316995,-6.2,305663.9561251742,-380616.86781157507,4747.0,683.4,-15.0,-1.7999999999999543,0.0,0.0,-0.49173998044965966,434.5770888919393
1593,0.79675,0.79675,11.0752515,123.833256,-5.9,305651.8904076202,-381197.47292301443,4743.5,681.5,-15.0,-1.7999999999999543,0.0,0.0,-0.217676767676766,442.03879143851105
1594,0.79725,0.79725,11.0790025,123.833233,-5.9,305648.07287097455,-380747.2440431489,4740.0,685.2,-15.0,-1.7999999999999543,0.0,0.0,-0.2642424242424249,429.1560366028435
1595,0.79775,0.79775,11.090905,123.834602,-5.9,305629.3402375016,-380064.4506529747,4759.0,683.4,-15.0,-1.8000000000000682,0.0,0.0,-0.48537634408602,416.5047655981045
1596,0.79825,0.79825,11.077995000000001,123.8325195,-5.5,305438.8871986404,-381113.1870521973,4728.0,683.4,-15.0,-1.8000000000000682,0.0,0.0,-0.4193548387096774,432.0523755244915
1597,0.79875,0.79875,11.084427,123.833771,-5.5,305510.60013222735,-380906.6421906635,4732.0,676.0,-15.0,-1.8000000000000682,0.0,0.0,-0.358064516129033,448.91121401340945
1598,0.79925,0.79925,11.0850665,123.83321000000001,-5.2,305422.86497770774,-380985.03472222807,4724.0,676.0,-15.0,-1.7999999999999543,0.0,0.0,-0.3083333333333307,444.48564958087155
1599,0.79975,0.79975,11.080177,123.83271450000001,-5.2,305451.583264313,-381412.1350254051,4728.0,676.0,-15.0,-1.7999999999999543,0.0,0.0,-0.23497983870967842,425.0476277080076
1600,0.80025,0.80025,11.080307000000001,123.8322525,-5.2,305435.5317417504,-381354.535973844,4709.0,676.9,-15.0,-1.8000000000000682,0.0,0.0,-0.4193548387096774,412.85413276880115
1601,0.80075,0.80075,11.0779155,123.831707,-5.2,305320.68687719165,-381584.9877776283,4709.0,670.4,-15.0,-1.7999999999999543,0.0,0.0,-0.26310483870967954,424.84229847935876
1602,0.80125,0.80125,11.068036,123.8304255,-5.5,305111.93851374136,-382935.7856123052,4671.0,668.6,-15.0,-1.8000000000000682,0.0,0.0,-0.34161931818181884,452.7121883134533
1603,0.80175,0.80175,11.057831,123.829552,-4.9,305097.9025980783,-383669.6175443063,4686.0,672.3,-15.0,-1.8000000000000682,0.0,0.0,-0.2387096774193541,461.1860172423237
1604,0.80225,0.80225,11.040429,123.8292505,-4.9,305268.6161697524,-384561.51328285947,4652.0,664.9,-15.0,-1.8000000000000682,0.0,0.0,-0.5302923387096752,453.4237261181055
1605,0.80275,0.80275,11.036316,123.828835,-4.9,305016.61037125625,-385235.13307891414,4656.0,666.7,-15.0,-1.7999999999999543,0.0,0.0,-0.2312499999999993,450.87589949150725
1606,0.80325,0.80325,11.033183000000001,123.82886099999999,-4.9,305123.060247498,-385453.01983863197,4621.5,664.9,-15.0,-1.8000000000000682,0.0,0.0,-0.31193181818181737,457.9567281513829
1607,0.80375,0.80375,11.019928,123.826279,-5.2,304778.6842459815,-387139.3488279136,4519.0,664.9,-16.0,-1.8999999999999773,0.0,0.0,-0.3939393939393939,491.5009941352383
1608,0.80425,0.80425,11.02069,123.826492,-5.2,304676.8064722304,-386802.7057225066,4515.0,666.7,-16.0,-1.8999999999999773,0.0,0.0,-0.341619318181818,492.28005768038986
1609,0.80475,0.80475,11.0115595,123.82488599999999,-5.2,304654.2873349533,-387989.60200891923,4465.0,653.8,-23.0,-1.8999999999999773,0.0,0.0,-0.336363636363637,493.9147851907296
1610,0.80525,0.80525,11.012583500000002,123.822765,-5.2,304501.4262705038,-388230.450552705,4442.0,657.5,-30.0,-1.8999999999999773,0.0,0.0,-0.18365591397849534,540.3177512323875
1611,0.80575,0.80575,11.008987,123.824486,-5.2,304453.12878019194,-388329.1361864126,4435.0,659.3,-23.0,-1.8999999999999773,0.0,0.0,-0.4193548387096774,519.0906357482633
1612,0.80625,0.80625,11.006882,123.821503,-5.2,304618.043862015,-388825.2886344146,4427.0,655.6,-30.0,-1.8500000000000227,0.0,0.0,-0.1866666666666674,808.4690797466664
1613,0.80675,0.80675,10.991216,123.822121,-5.5,304491.9601505627,-391846.6813545201,4404.0,657.5,-30.5,-1.900000000000034,0.0,0.0,-0.2740740740740732,1732.6242301346922
1614,0.80725,0.80725,10.9991415,123.8138235,-5.2,304398.4825788233,-389354.63281386625,4408.0,655.6,-23.0,-1.8999999999999773,0.0,0.0,-0.2937499999999982,480.4380097015219
1615,0.80775,0.80775,10.99102,123.811169,-5.5,304081.71864386665,-391242.892068852,4389.0,651.9,-31.0,-1.8999999999999773,0.0,0.0,-0.36403225806451495,1294.5291961221233
1616,0.80825,0.80825,10.984451,123.811867,-5.2,304197.25658916164,-392574.4531546486,4374.0,638.9,-23.0,-1.8999999999999773,0.0,0.0,-0.1749999999999971,547.1835189047081
1617,0.80875,0.80875,10.988584,123.81654,-5.2,304394.4954720974,-390435.3933961961,4359.0,647.25,-26.5,-1.8999999999999773,0.0,0.0,-0.2312500000000028,492.9612864188727
1618,0.80925,0.80925,10.972689,123.810333,-5.2,304105.51952486986,-393384.06453382864,4313.0,633.4,-38.0,-1.8999999999999773,0.0,0.0,-0.2787878787878801,1964.3579255270831
1619,0.80975,0.80975,10.976807,123.818085,-5.2,304396.52656420623,-393325.13114130526,4290.0,629.7,-30.0,-1.8999999999999773,0.0,0.0,-0.2787878787878767,1552.1971194681264
1620,0.81025,0.81025,10.956418,123.802746,-5.2,302997.49436370976,-394730.0809800556,4233.0,624.1,-61.0,-3.699999999999932,0.0,0.0,-0.28762019230769115,1853.6300127294571
1621,0.81075,0.81075,10.961536,123.812229,-5.2,304253.0355570144,-394998.33911111916,4256.0,620.4,-26.5,-1.8000000000000682,0.0,0.0,-0.1174899193548401,560.7401728094122
1622,0.81125,0.81125,10.952194500000001,123.8090435,-4.9,303455.44854040584,-395503.1647753793,4221.5,625.05,-31.0,-1.8999999999999773,0.0,0.0,-0.1819892473118283,1737.979020735021
1623,0.81175,0.81175,10.937588,123.798813,-5.2,303343.47532856883,-396125.2456517458,4107.0,607.5,-39.0,-1.8999999999999773,0.0,0.0,-0.2906250000000021,1343.257147058228
1624,0.81225,0.81225,10.961003,123.80957,-4.9,304179.07293493894,-394058.3515003648,4237.0,622.3,-69.0,-3.6999999999999886,0.0,0.0,-0.2387096774193541,3184.226629705436
1625,0.81275,0.81275,10.923798,123.797897,-5.2,302104.03775919165,-397561.10772280133,4191.0,609.3,-77.0,-3.699999999999932,0.0,0.0,-0.2642857142857134,2638.109112337622
1626,0.81325,0.81325,10.948471999999999,123.7989805,-5.2,302176.39465405175,-396760.22515741957,4172.0,635.25,-79.5,-3.700000000000017,0.0,0.0,-0.2554761904761917,3191.1238091232162
1627,0.81375,0.81375,10.936378,123.798134,-5.2,302245.0340460469,-397385.7530812734,4161.0,629.7,-53.0,-3.699999999999932,0.0,0.0,-0.2846153846153881,2366.1824279010752
1628,0.81425,0.81425,10.933210500000001,123.79356,-5.5,301972.61473163904,-397396.87258929654,4138.0,623.2,-133.0,-3.6999999999999886,0.0,0.0,-0.2818181818181822,4497.444357716742
1629,0.81475,0.81475,10.946293,123.806396,-4.9,302828.5131570617,-396537.0010338506,4199.0,631.5,-53.0,-1.9000000000000057,0.0,0.0,-0.358064516129033,2000.7877601668083
1630,0.81525,0.81525,10.9246215,123.7963145,-5.2,301997.26755338104,-397982.5370768865,4161.0,626.9000000000001,-72.0,-3.69999999999996,0.0,0.0,-0.23870967741935678,2152.373446574957
1631,0.81575,0.81575,10.914321,123.79302999999999,-5.2,302081.19639190205,-398809.5504861234,4069.0,610.25,-126.0,-3.699999999999932,0.0,0.0,-0.2054545454545472,4396.008057753414
1632,0.81625,0.81625,10.904577,123.7889935,-4.9,301549.69089799724,-399626.3895455189,4065.0,601.9,-84.0,-3.700000000000003,0.0,0.0,-0.2744505494505486,2475.2008264409915
1633,0.81675,0.81675,10.92033,123.79524599999999,-5.2,302166.4566709639,-398348.53568347543,4153.0,621.3499999999999,-122.0,-3.7000000000000455,0.0,0.0,-0.2967741935483849,4801.979187872717
1634,0.81725,0.81725,10.921325,123.791912,-5.050000000000001,301922.96029839717,-399427.0723642004,4111.0,593.55,-30.5,-1.8999999999999773,0.0,0.0,-0.3000000000000004,1714.9864807037552
1635,0.81775,0.81775,10.896057,123.786232,-4.9,301341.8237915621,-401044.4048061971,4061.0,605.6,-54.0,-3.699999999999932,0.0,0.0,-0.2846153846153837,2097.5245319759497
1636,0.81825,0.81825,10.9163015,123.804905,-4.9,303505.25033904193,-399428.5734977836,4039.0,607.45,-76.0,-1.900000000000091,0.0,0.0,-0.2890625,2117.7173544008388
1637,0.81875,0.81875,10.8958275,123.794403,-4.9,302368.0064897445,-400863.04563033616,4046.5,592.6,-61.0,-1.8999999999999773,0.0,0.0,-0.2365927419354835,2029.6455334516781
1638,0.81925,0.81925,10.909051,123.810234,-4.9,304231.10698027455,-400430.60796330805,4077.0,588.9,-30.0,-1.8999999999999773,0.0,0.0,-0.2466666666666659,844.0680245202367
1639,0.81975,0.81975,10.894162999999999,123.795849,-4.9,302385.1419997841,-401215.31164451607,4061.5,588.0,-42.0,-1.8999999999999773,0.0,0.0,-0.3431818181818192,1786.7629251897947
1640,0.82025,0.82025,10.907089,123.7934185,-4.9,302991.23398810334,-400487.9846247084,3966.0,596.3,-34.5,-1.8999999999999773,0.0,0.0,-0.28461538461538594,1657.3180763216849
1641,0.82075,0.82075,10.884053,123.789734,-4.9,301600.65659207385,-402529.4151027162,4001.0,583.4,-31.0,-1.8999999999999773,0.0,0.0,-0.15833333333333144,1856.6851019632036
1642,0.82125,0.82125,10.901184,123.791031,-4.9,301631.43802667304,-401788.6334782002,4008.0,588.0,-31.0,-1.8999999999999773,0.0,0.0,-0.1696969696969703,1753.9145249030748
1643,0.82175,0.82175,10.878685,123.782867,-5.2,300562.62459759205,-402680.9739970741,3932.0,588.9,-38.0,-1.8999999999999773,0.0,0.0,-0.1666666666666666,1951.8524627709116
1644,0.82225,0.82225,10.898298,123.7995795,-5.2,302344.6672766483,-401911.6708344786,3947.0,595.4,-34.0,-1.8999999999999773,0.0,0.0,-0.26730769230769186,1706.4084837976375
1645,0.82275,0.82275,10.899764999999999,123.785702,-4.9,301420.2159248949,-402227.4648623416,3985.0,593.55,-57.0,-1.900000000000034,0.0,0.0,-0.28030303030302856,1885.853700733422
1646,0.82325,0.82325,10.876765500000001,123.783634,-5.2,301271.6151391461,-403443.49425977573,3970.0,597.25,-80.5,-3.6999999999999886,0.0,0.0,-0.2823076923076946,4241.872752587141
1647,0.82375,0.82375,10.8935885,123.79356,-5.2,302183.87946468673,-402487.2165697672,3897.5,611.15,-84.0,-1.9000000000000057,0.0,0.0,-0.2906249999999986,3280.6109787076307
1648,0.82425,0.82425,10.86969,123.782486,-4.9,301409.1053270154,-404339.226228597,3863.0,592.6,-39.0,-1.900000000000034,0.0,0.0,-0.2312499999999993,2011.4259132974664
1649,0.82475,0.82475,10.874743,123.78392,-5.2,300841.8368525856,-404047.33914298384,3886.0,594.5,-76.0,-3.699999999999932,0.0,0.0,-0.2387096774193577,2259.6073905476233
1650,0.82525,0.82525,10.863942,123.7822,-5.2,300789.24542279076,-404691.54784031666,3909.0,592.6,-72.5,-1.900000000000091,0.0,0.0,-0.20244379276637153,2182.700794131607
1651,0.82575,0.82575,10.8581,123.779293,-5.2,300281.44043604285,-405407.5329619404,3871.0,583.4,-69.0,-2.3250000000000455,0.0,0.0,-0.2387096774193541,2127.322299600318
1652,0.82625,0.82625,10.866898,123.791153,-5.2,302271.52463646117,-405150.50553398073,3818.0,583.4,-31.0,-1.8999999999999773,0.0,0.0,-0.1774193548387097,1756.384238743571
1653,0.82675,0.82675,10.863709,123.776947,-5.2,300863.9176913878,-405476.19592398487,3795.0,583.4,-38.0,-1.8999999999999773,0.0,0.0,-0.171875,1829.1720513869025
1654,0.82725,0.82725,10.867813,123.788864,-5.2,301121.7123323881,-405024.2435203756,3829.0,598.15,-53.0,-1.8999999999999773,0.0,0.0,-0.2349798387096767,1925.994592737702
1655,0.82775,0.82775,10.859008,123.776611,-4.9,300027.46384549455,-406146.7022577928,3871.0,581.5,-45.0,-1.8000000000000682,0.0,0.0,-0.171875,1785.280357137725
1656,0.82825,0.82825,10.8580525,123.788067,-4.9,301788.8354547769,-406346.6310120529,3798.5,580.6,-31.0,-1.799999999999983,0.0,0.0,-0.16818181818181677,1688.2101789511553
1657,0.82875,0.82875,10.861763499999999,123.7992475,-5.2,303005.5082683636,-405888.2848913304,3760.5,592.6,-26.5,-1.8000000000000682,0.0,0.0,-0.17343750000000036,1357.3966798698511
1658,0.82925,0.82925,10.844879,123.801476,-4.9,303158.5589339412,-407120.6599655585,3764.0,590.8,-30.0,-1.8000000000000682,0.0,0.0,-0.1461538461538444,1618.6653329080625
1659,0.82975,0.82975,10.8519135,123.78284099999999,-5.2,300297.3389489237,-406284.0837794215,3810.0,586.1500000000001,-49.5,-1.8999999999999773,0.0,0.0,-0.1750000000000007,1955.2875750450994
1660,0.83025,0.83025,10.847534,123.804688,-4.9,303065.60447363957,-407022.6970998727,3749.0,583.4,-30.0,-1.8999999999999773,0.0,0.0,-0.2312499999999993,1323.9254058014558
1661,0.83075,0.83075,10.848115,123.788261,-4.9,301430.46060622885,-407348.387489877,3772.0,583.4,-23.0,-1.8000000000000682,0.0,0.0,-0.123333333333331,528.1442296838691
1662,0.83125,0.83125,10.844055,123.786186,-4.9,301659.32091338217,-408222.8256008331,3719.0,588.9,-46.0,-1.8999999999999773,0.0,0.0,-0.2642857142857134,1766.1638459194917
1663,0.83175,0.83175,10.839110999999999,123.77545549999999,-4.9,300283.47771705146,-408222.8256008334,3749.0,584.3,-53.5,-1.8999999999999773,0.0,0.0,-0.2242424242424235,1893.6454181549934
1664,0.83225,0.83225,10.839642,123.78614,-5.2,301066.9340874422,-408374.8292755125,3734.0,594.5,-69.0,-1.900000000000091,0.0,0.0,-0.2242424242424235,2143.27036678178
1665,0.83275,0.83275,10.812653,123.781563,-4.9,299954.9076671162,-409931.8939840227,3581.0,579.7,-38.0,-1.8999999999999773,0.0,0.0,-0.2714285714285682,1741.031848735289
1666,0.83325,0.83325,10.825203,123.7785225,-4.9,300477.9905422725,-409367.9681346182,3672.5,584.3,-45.5,-1.9000000000000625,0.0,0.0,-0.2906947890818862,1715.8964127015595
1667,0.83375,0.83375,10.822495,123.771233,-4.9,300029.3230158943,-409808.2450548029,3696.0,590.8,-38.0,-1.900000000000091,0.0,0.0,-0.2906249999999986,1773.803428346366
1668,0.83425,0.83425,10.8166185,123.79119850000001,-4.9,301253.5957372609,-410434.38455159805,3589.0,579.7,-30.5,-1.8999999999999773,0.0,0.0,-0.177822580645162,846.4152140251301
1669,0.83475,0.83475,10.820549,123.7681615,-4.6,299722.1362036894,-410041.6991257533,3684.0,581.5,-23.0,-1.8999999999999773,0.0,0.0,-0.17343750000000036,1377.6484966085684
1670,0.83525,0.83525,10.809673,123.7703285,-4.9,299750.5835445621,-411137.0818611339,3555.0,579.7,-45.0,-1.8999999999999773,0.0,0.0,-0.2312499999999993,1861.4358276783996
1671,0.83575,0.83575,10.8087655,123.7704655,-4.6,299539.13011126395,-411495.18561702606,3587.0,582.45,-23.0,-1.8999999999999773,0.0,0.0,-0.25547619047618764,1565.2433950341533
1672,0.83625,0.83625,10.799332,123.766861,-5.2,299165.31384394836,-411965.20722117304,3559.0,574.1,-38.0,-1.8000000000000114,0.0,0.0,-0.1357142857142881,1834.173603149865
1673,0.83675,0.83675,10.8025615,123.7745055,-4.9,299553.8880999284,-411835.33136746025,3543.0,576.9,-20.5,-1.8999999999999773,0.0,0.0,-0.24666666666666398,1461.6664268726213
1674,0.83725,0.83725,10.805031,123.77184650000001,-4.9,299668.0245144771,-411961.14860074443,3562.5,573.2,-30.5,-1.8000000000000114,0.0,0.0,-0.15641025641025552,1703.6372327037157
1675,0.83775,0.83775,10.793084499999999,123.7551805,-4.9,298453.9568249638,-412849.15251148946,3520.0,574.1,-45.5,-1.8999999999999773,0.0,0.0,-0.2121212121212092,1769.4332992668487
1676,0.83825,0.83825,10.8049535,123.760519,-4.9,298318.7217863268,-412288.5625144922,3558.5,571.3499999999999,-38.0,-1.8999999999999773,0.0,0.0,-0.217676767676766,1838.723433106021
1677,0.83875,0.83875,10.791962,123.755783,-5.2,298573.17250709556,-413160.1095533628,3536.0,568.6,-68.0,-1.900000000000034,0.0,0.0,-0.2466666666666659,1964.5238401656263
1678,0.83925,0.83925,10.794347,123.767105,-4.9,299186.0416917361,-412510.5078946385,3513.0,579.7,-39.0,-1.8999999999999773,0.0,0.0,-0.2242424242424235,1998.3544792327452
1679,0.83975,0.83975,10.780655,123.753273,-4.9,297702.13686554495,-414098.0400551324,3498.0,570.4,-46.0,-1.8999999999999773,0.0,0.0,-0.2312500000000028,1818.742920050588
1680,0.84025,0.84025,10.786148,123.7662545,-4.9,299181.6290972283,-413793.198742672,3482.0,576.0,-49.5,-1.8999999999999773,0.0,0.0,-0.2024437927663734,1874.967669972962
1681,0.84075,0.84075,10.788319999999999,123.757164,-4.9,298230.47900013276,-414085.19702336553,3543.0,568.6,-61.0,-1.8999999999999773,0.0,0.0,-0.2242424242424235,2007.6790441533042
1682,0.84125,0.84125,10.779985499999999,123.7553745,-4.9,298458.1379669978,-414536.87143927405,3482.0,577.8,-54.0,-1.8999999999999773,0.0,0.0,-0.2832167832167817,1969.879495091436
1683,0.84175,0.84175,10.7764475,123.752701,-4.9,298155.66332507937,-415121.86875638284,3452.0,560.25,-38.0,-1.8999999999999773,0.0,0.0,-0.28030303030303116,1876.5607244159746
1684,0.84225,0.84225,10.770093,123.7518805,-4.9,297634.5999582614,-415574.5439280134,3463.0,572.25,-61.0,-1.9000000000000625,0.0,0.0,-0.26428571428571546,1942.6250579399725
1685,0.84275,0.84275,10.775551,123.7502635,-5.050000000000001,297629.63767400937,-414921.9955996629,3444.0,575.05,-61.0,-1.8999999999999773,0.0,0.0,-0.20244379276637248,2067.219454296575
1686,0.84325,0.84325,10.755981,123.748909,-5.2,297182.1881022474,-416358.30245103966,3437.0,564.9,-61.0,-1.900000000000034,0.0,0.0,-0.2846153846153837,2000.5113786771728
1687,0.84375,0.84375,10.767047999999999,123.7491455,-5.050000000000001,297290.16682641377,-416054.62868692155,3429.0,571.3499999999999,-45.0,-1.9000000000000057,0.0,0.0,-0.28749999999999964,1944.9786081082166
1688,0.84425,0.84425,10.767527,123.7486725,-4.9,297755.6080863102,-415980.46156840585,3425.0,570.4,-57.5,-1.9000000000000625,0.0,0.0,-0.34318181818181737,2016.854201456186
1689,0.84475,0.84475,10.75933425,123.7628325,-4.6,298879.9996092969,-416711.12444062036,3387.0,563.95,-49.5,-2.7750000000000057,0.0,0.0,-0.2751082251082244,1916.2357176576775
1690,0.84525,0.84525,10.759851,123.749329,-5.2,297280.31103678944,-416999.2308935056,3421.0,568.6,-61.0,-1.900000000000091,0.0,0.0,-0.2787878787878801,1996.4196882110264
1691,0.84575,0.84575,10.7418315,123.74543,-5.2,296689.4819220437,-417916.8682931329,3399.0,562.1,-53.0,-1.8999999999999773,0.0,0.0,-0.22575757575757535,1869.2668874682104
1692,0.84625,0.84625,10.763855,123.750389,-4.9,297649.646067975,-416331.28204654256,3391.0,570.4,-68.0,-1.900000000000091,0.0,0.0,-0.2846153846153881,2090.9849676327603
1693,0.84675,0.84675,10.738286500000001,123.7443695,-5.125,296667.9817691717,-418413.4099239155,3356.5,563.95,-61.0,-1.8999999999999773,0.0,0.0,-0.2466666666666697,2007.0666620191578
1694,0.84725,0.84725,10.749217999999999,123.7468985,-4.9,296865.95091634867,-418310.72126731987,3338.0,568.6,-53.0,-3.699999999999932,0.0,0.0,-0.4212158808933002,2000.2370049146825
1695,0.84775,0.84775,10.7452695,123.749832,-4.9,297585.2017071781,-418265.4092721249,3345.0,553.7,-53.0,-1.8999999999999773,0.0,0.0,-0.22774621212121315,1937.079588615818
1696,0.84825,0.84825,10.7444195,123.7503545,-4.9,297880.2800678272,-418664.7108052434,3356.5,566.7,-61.0,-3.699999999999932,0.0,0.0,-0.28461538461538155,2006.2947352597105
1697,0.84875,0.84875,10.733047,123.743942,-4.9,296463.2714288498,-419206.2308459807,3368.0,559.3,-61.0,-1.900000000000034,0.0,0.0,-0.2387096774193541,2001.6569700977564
1698,0.84925,0.84925,10.738236,123.745781,-4.9,296662.7439037347,-419278.73003829306,3379.5,564.425,-64.5,-1.8500000000000227,0.0,0.0,-0.2024437927663734,2050.0528178433833
1699,0.84975,0.84975,10.725403,123.739159,-4.9,296357.9673921832,-420201.6492042313,3307.0,564.9,-61.0,-2.799999999999983,0.0,0.0,-0.2642857142857134,2060.466154747047
1700,0.85025,0.85025,10.714508,123.735703,-4.6,295936.2506968721,-420998.4731491848,3299.0,544.5,-61.0,-1.8999999999999773,0.0,0.0,-0.2846153846153837,1981.3204331695276
1701,0.85075,0.85075,10.727917,123.740059,-5.2,296277.61059355165,-420389.0129144245,3330.0,555.6,-69.0,-1.900000000000091,0.0,0.0,-0.2387096774193541,2048.0827184978143
1702,0.85125,0.85125,10.710483,123.736458,-4.9,296204.04595247284,-421720.46280514094,3231.0,542.6,-46.0,-2.75,0.0,0.0,-0.3083333333333324,1932.0084605756613
1703,0.85175,0.85175,10.729843500000001,123.740349,-4.9,296556.2587658581,-419922.43835776486,3326.0,558.4,-68.0,-1.900000000000034,0.0,0.0,-0.2846153846153794,2034.014524607432
1704,0.85225,0.85225,10.719491,123.739822,-4.9,296355.9951092797,-421061.2983695165,3299.0,553.7,-60.0,-1.900000000000091,0.0,0.0,-0.2787878787878767,2036.7060861601635
1705,0.85275,0.85275,10.711576,123.73468,-4.9,295722.68497224344,-421993.0019467935,3261.0,559.3,-61.0,-3.699999999999932,0.0,0.0,-0.2846153846153881,2041.8636577766213
1706,0.85325,0.85325,10.7072985,123.7350275,-4.9,295906.24522753514,-422189.98403142707,3261.0,548.2,-61.0,-3.699999999999932,0.0,0.0,-0.2846153846153794,2011.3071344963655
1707,0.85375,0.85375,10.710471,123.73576750000001,-4.9,295665.50913878647,-422104.4750147277,3273.0,549.1,-54.0,-2.350000000000037,0.0,0.0,-0.2554761904761915,1978.9925909658782
1708,0.85425,0.85425,10.722602,123.7549975,-4.9,298353.5841169782,-421594.25638907606,3253.5,566.7,-60.5,-1.900000000000091,0.0,0.0,-0.2730519480519499,2027.4151298213637
1709,0.85475,0.85475,10.716262,123.7338295,-4.9,295706.4305463482,-421972.4864544906,3254.0,550.95,-61.0,-1.8999999999999773,0.0,0.0,-0.26428571428571346,1978.1113659543023
1710,0.85525,0.85525,10.710646,123.738052,-5.2,295571.1036925205,-422274.992670266,3239.0,559.3,-61.0,-1.8999999999999773,0.0,0.0,-0.1499999999999962,2022.062349536619
1711,0.85575,0.85575,10.701187,123.732414,-4.9,295425.3951865495,-423086.9391461308,3239.0,551.9,-53.0,-1.8999999999999773,0.0,0.0,-0.1750000000000007,1943.246100632675
1712,0.85625,0.85625,10.705246,123.740105,-4.9,296258.9155707979,-423439.2051603108,3208.0,555.6,-61.0,-2.75,0.0,0.0,-0.1806451612903233,2002.164390080001
1713,0.85675,0.85675,10.694399,123.729134,-4.9,295104.4164315805,-423798.698854706,3239.0,559.3,-61.0,-1.900000000000091,0.0,0.0,-0.2642857142857094,2004.606962376747
1714,0.85725,0.85725,10.68853,123.7299915,-4.9,295231.79117315676,-424509.5134050987,3174.0,550.0,-54.0,-1.8999999999999773,0.0,0.0,-0.15224358974359004,1985.2200260051331
1715,0.85775,0.85775,10.705874,123.7352255,-4.9,295806.0536614037,-423069.5927136146,3246.0,560.25,-61.0,-1.8999999999999773,0.0,0.0,-0.1762096774193552,2034.8052780545704
1716,0.85825,0.85825,10.673563999999999,123.724323,-4.9,294683.09961191576,-425495.4801815294,3162.0,551.9,-61.0,-1.8999999999999773,0.0,0.0,-0.14615384615384655,1983.5185458882079
1717,0.85875,0.85875,10.685944,123.739975,-4.6,296284.5973961484,-425002.2744031537,3200.0,553.7,-61.0,-1.8999999999999773,0.0,0.0,-0.1806451612903196,1964.874189398859
1718,0.85925,0.85925,10.6857075,123.722824,-4.9,294646.1213060734,-424594.2440562367,3185.0,545.4,-61.0,-1.8999999999999773,0.0,0.0,-0.1461538461538444,1951.9398052946221
1719,0.85975,0.85975,10.66428,123.723389,-4.9,294557.71006518084,-426430.3528185928,3132.0,550.0,-61.0,-1.900000000000034,0.0,0.0,-0.2846153846153837,1973.5622214763564
1720,0.86025,0.86025,10.6758945,123.729546,-4.6,294819.79644418706,-425897.67278673407,3170.0,556.075,-53.0,-1.8000000000000682,0.0,0.0,-0.2121212121212101,1997.5879674325802
1721,0.86075,0.86075,10.6655735,123.72099299999999,-4.2,294510.0637416006,-426887.2534032725,3118.5,542.6,-46.0,-1.8999999999999773,0.0,0.0,-0.2466666666666659,1889.3520194392927
1722,0.86125,0.86125,10.658227499999999,123.725567,-4.6,294291.76394268754,-427089.0168763561,3151.0,543.55,-61.0,-1.8999999999999773,0.0,0.0,-0.1461538461538444,1940.4345024447568
1723,0.86175,0.86175,10.653442,123.716896,-4.6,294189.1587915339,-427612.4677165554,3109.0,542.6,-53.0,-1.8999999999999773,0.0,0.0,-0.2714285714285763,1946.1140317490667
1724,0.86225,0.86225,10.677128,123.7241705,-4.9,295052.7405458479,-426376.31200959935,3162.0,550.0,-61.0,-1.900000000000034,0.0,0.0,-0.2466666666666659,2004.4579633566113
1725,0.86275,0.86275,10.652057500000002,123.722313,-4.9,294404.04471012857,-428278.9154299354,3124.0,548.2,-61.0,-1.8999999999999773,0.0,0.0,-0.15416666666666615,1967.1512153613894
1726,0.86325,0.86325,10.6447795,123.714916,-4.6,293811.46835603437,-428557.1811182196,3036.5,547.25,-49.5,-1.8999999999999773,0.0,0.0,-0.15224358974359004,1976.4305202255528
1727,0.86375,0.86375,10.648544,123.716713,-4.9,293940.32495308603,-428905.7776947518,3101.0,547.25,-54.0,-1.8999999999999773,0.0,0.0,-0.2466666666666659,1984.875785013466
1728,0.86425,0.86425,10.642903,123.7188185,-4.9,294064.82825206325,-428871.4740124997,3124.0,536.1500000000001,-54.0,-1.900000000000034,0.0,0.0,-0.27510822510822736,1936.3992314809075
1729,0.86475,0.86475,10.640073,123.7141225,-4.9,293694.85140676366,-429385.0840880985,3036.5,539.8499999999999,-60.5,-1.8999999999999773,0.0,0.0,-0.23602150537634414,1965.448958223484
1730,0.86525,0.86525,10.636772,123.714344,-4.2,293683.74981179996,-429578.6747227849,3017.5,541.7,-46.0,-1.8999999999999773,0.0,0.0,-0.2272727272727272,1955.5499323857648
1731,0.86575,0.86575,10.640213,123.725388,-4.6,294979.7735906343,-429475.2077006277,3086.0,542.6,-53.0,-1.8999999999999773,0.0,0.0,-0.2466666666666697,1980.9354105081677
1732,0.86625,0.86625,10.6410035,123.71464950000001,-4.9,293752.21262849576,-430146.54799753765,3048.0,546.3,-53.0,-1.8500000000000227,0.0,0.0,-0.1461538461538531,1976.5001478830768
1733,0.86675,0.86675,10.633575,123.712112,-4.6,293674.398141009,-430506.3196796332,3048.0,544.5,-46.0,-1.8999999999999773,0.0,0.0,-0.2642857142857094,1939.0468311139753
1734,0.86725,0.86725,10.627052,123.714195,-4.9,293504.8157934014,-430762.2907543307,3040.0,542.6,-53.0,-1.8999999999999773,0.0,0.0,-0.2642857142857134,1932.0485640440584
1735,0.86775,0.86775,10.623415000000001,123.7103535,-4.2,293382.20034130866,-431095.1532270099,2960.5,537.1,-46.0,-1.8000000000000398,0.0,0.0,-0.1461538461538444,1937.0662368577377
1736,0.86825,0.86825,10.637604,123.720314,-4.2,294395.48975123995,-430792.0910358334,2995.0,537.1,-53.0,-1.8999999999999773,0.0,0.0,-0.2242424242424235,1958.533065124904
1737,0.86875,0.86875,10.616308,123.7097895,-3.9,293273.4452770584,-431899.81642512,3018.0,538.0,-45.5,-1.8000000000000114,0.0,0.0,-0.1384615384615415,1915.9295584480988
1738,0.86925,0.86925,10.619934,123.718624,-4.6,293974.209032411,-431831.765036017,3010.0,537.1,-53.0,-1.8999999999999773,0.0,0.0,-0.1500000000000009,1927.361190126769
1739,0.86975,0.86975,10.610184,123.709282,-4.6,293971.45103906764,-432519.7289974219,2934.0,537.1,-53.0,-1.8000000000000114,0.0,0.0,-0.1461538461538444,1904.8094797357464
1740,0.87025,0.87025,10.619078,123.727173,-4.2,295095.2145389253,-432319.91143824207,3018.0,540.8,-46.0,-1.8999999999999773,0.0,0.0,-0.1461538461538444,1897.8165522773488
1741,0.87075,0.87075,10.605331,123.70562,-4.2,292822.4150544802,-433347.68756484066,2896.0,533.4,-46.0,-1.8999999999999773,0.0,0.0,-0.1774193548387097,1935.6620821693004
1742,0.87125,0.87125,10.6022415,123.70421200000001,-4.2,292689.2034765703,-433292.0900247239,2949.0,533.4,-46.0,-1.8999999999999773,0.0,0.0,-0.25547619047618775,1894.9444343052098
1743,0.87175,0.87175,10.605624,123.714294,-4.9,293906.8452971268,-433570.1889203878,2934.0,535.2,-53.0,-1.8999999999999773,0.0,0.0,-0.1461538461538444,1878.521898246571
1744,0.87225,0.87225,10.600891,123.705437,-3.9,293172.13010777085,-434101.479013744,2964.0,529.7,-46.0,-1.8000000000000114,0.0,0.0,-0.1461538461538444,1909.3414110249037
1745,0.87275,0.87275,10.599289,123.704468,-4.2,292860.1842490588,-433885.53816793056,2934.0,533.4,-46.0,-1.8000000000000682,0.0,0.0,-0.1461538461538444,1917.2806051189796
1746,0.87325,0.87325,10.598511,123.706581,-4.6,292758.05391560955,-434531.24799884635,2941.0,533.4,-53.0,-1.8999999999999773,0.0,0.0,-0.1696969696969703,1904.416207057002
1747,0.87375,0.87375,10.59787,123.711983,-4.6,293684.14344570885,-434528.4681218407,2972.0,538.9,-49.5,-1.8999999999999773,0.0,0.0,-0.1666666666666666,1945.432067076766
1748,0.87425,0.87425,10.5921935,123.7115975,-4.2,293149.954383133,-434710.7724558833,2804.0,530.6,-46.0,-1.8999999999999773,0.0,0.0,-0.1541666666666685,1922.4287748941492
1749,0.87475,0.87475,10.582352,123.698761,-4.9,292342.49702921783,-435553.5755665136,2858.0,520.4,-54.0,-1.8000000000000114,0.0,0.0,-0.1461538461538444,1848.2781285056144
1750,0.87525,0.87525,10.587515,123.700043,-4.2,292196.43664960214,-435756.3953928596,2896.0,529.7,-53.0,-1.8999999999999773,0.0,0.0,-0.1461538461538487,1939.8589310663983
1751,0.87575,0.87575,10.5845135,123.7082975,-4.4,292952.98143885005,-435591.2151011727,2861.5,518.6,-53.0,-1.8500000000000085,0.0,0.0,-0.14615384615384655,1876.0227898713251
1752,0.87625,0.87625,10.5746435,123.694595,-4.6,291883.73110978754,-436722.5694450083,2858.0,535.2,-53.0,-1.8000000000000682,0.0,0.0,-0.1461538461538444,1896.5526951452955
1753,0.87675,0.87675,10.5943455,123.7131575,-4.05,294042.3320666262,-435893.94370710844,2873.0,535.2,-46.0,-1.8000000000000398,0.0,0.0,-0.1384615384615437,1920.4306589064042
1754,0.87725,0.87725,10.571896500000001,123.7009165,-4.2,292535.75273613876,-436865.06594032794,2846.0,524.15,-53.0,-1.8999999999999773,0.0,0.0,-0.1461538461538531,1920.9084957985701
1755,0.87775,0.87775,10.573084,123.708847,-4.6,293190.0484260524,-436832.0965990389,2888.0,526.0,-54.0,-1.8000000000000682,0.0,0.0,-0.1461538461538444,1905.0860720070284
1756,0.87825,0.87825,10.566925000000001,123.695358,-4.6,291912.3347426127,-437625.6958866654,2797.0,520.4,-53.0,-1.8000000000000682,0.0,0.0,-0.1384615384615437,1879.458727688572
1757,0.87875,0.87875,10.569221,123.707191,-4.2,293119.0126900848,-437441.2232485581,2835.0,520.4,-53.0,-1.8000000000000114,0.0,0.0,-0.1461538461538444,1858.2706248215736
1758,0.87925,0.87925,10.565940000000001,123.7020035,-4.2,292369.4289251315,-437889.06143419846,2800.5,527.8,-53.0,-1.8000000000000398,0.0,0.0,-0.1384615384615437,1921.629033751622
1759,0.87975,0.87975,10.565231,123.703026,-4.2,292659.5583639401,-438281.0796895621,2819.0,529.7,-53.0,-1.8000000000000682,0.0,0.0,-0.1461538461538444,1883.6579702057832
1760,0.88025,0.88025,10.57251,123.714203,-4.2,294644.5157135301,-438004.20393978007,2804.0,529.7,-53.0,-1.8999999999999773,0.0,0.0,-0.1461538461538444,1913.5642407706696
1761,0.88075,0.88075,10.557466000000002,123.7055895,-4.6,292561.8936577545,-438720.6894392652,2781.0,525.95,-53.0,-1.8000000000000682,0.0,0.0,-0.1461538461538444,1889.2038890756653
1762,0.88125,0.88125,10.547108,123.702705,-4.6,292488.16441482614,-439566.3836219811,2774.0,527.8,-54.0,-1.8000000000000114,0.0,0.0,-0.1461538461538444,1883.807228642371
1763,0.88175,0.88175,10.545269000000001,123.695839,-4.9,291678.0611585462,-439902.24836182664,2751.0,514.9,-53.5,-1.7999999999999543,0.0,0.0,-0.1384615384615349,1851.7395371812304
1764,0.88225,0.88225,10.55059,123.70352199999999,-4.2,292633.53927750676,-439525.1302472148,2743.5,523.2,-53.0,-1.8999999999999773,0.0,0.0,-0.14615384615384655,1888.8468167772025
1765,0.88275,0.88275,10.5421695,123.6980685,-4.6,291946.7512406189,-440181.2368181327,2812.0,514.9,-46.0,-1.8999999999999773,0.0,0.0,-0.1461538461538444,1837.392801293196
1766,0.88325,0.88325,10.533508,123.689102,-4.2,290924.90081371187,-441033.9362909036,2736.0,520.4,-53.0,-1.8499999999999943,0.0,0.0,-0.1384615384615437,1902.461124365337
1767,0.88375,0.88375,10.53434,123.71309074999999,-4.6,293137.8747748869,-441014.5883469429,2732.0,527.8,-54.0,-1.8000000000000114,0.0,0.0,-0.1461538461538444,1899.8950141106745
1768,0.88425,0.88425,10.5284665,123.684391,-4.6,290682.6041441653,-441549.9926582674,2736.0,514.9,-54.0,-1.7999999999999543,0.0,0.0,-0.1384615384615393,1830.8278474229028
1769,0.88475,0.88475,10.537537,123.689056,-4.9,291371.42741369805,-441375.9723577016,2682.0,513.0,-54.0,-1.8000000000000114,0.0,0.0,-0.1461538461538444,1857.5293936679464
1770,0.88525,0.88525,10.520946,123.68270899999999,-4.6,290441.42605008074,-442276.8748977538,2667.0,503.7,-53.0,-1.8000000000000114,0.0,0.0,-0.1384615384615393,1798.5927310098266
1771,0.88575,0.88575,10.5250845,123.688759,-4.6,290966.6836832097,-442186.8624803048,2751.0,514.9,-54.0,-1.8000000000000682,0.0,0.0,-0.1461538461538444,1833.3051533118019
1772,0.88625,0.88625,10.516083,123.6913105,-4.6,291330.5260917813,-442893.61841026903,2749.0,514.9,-49.5,-1.8000000000000114,0.0,0.0,-0.1384615384615393,1856.6869291590244
1773,0.88675,0.88675,10.516113,123.685959,-4.6,290521.8398192383,-443100.16327180306,2652.0,519.5,-53.0,-1.8000000000000114,0.0,0.0,-0.1461538461538444,1872.6964153823972
1774,0.88725,0.88725,10.509727,123.68885,-4.2,290529.53312395373,-443536.82635188015,2637.0,500.0,-46.0,-1.7999999999999543,0.0,0.0,-0.1384615384615349,1794.3091785575994
1775,0.88775,0.88775,10.515739,123.679844,-4.6,290200.7597469983,-443626.5051840884,2625.0,511.2,-46.0,-1.8000000000000114,0.0,0.0,-0.1384615384615437,1822.850157350866
1776,0.88825,0.88825,10.504967,123.685108,-4.9,290177.62506557326,-444164.7449699588,2606.0,492.6,-53.0,-1.8000000000000114,0.0,0.0,-0.1384615384615437,1736.9203845252946
1777,0.88875,0.88875,10.507096,123.7035965,-4.9,292491.6535762991,-444086.741621175,2678.5,508.35,-53.0,-1.8000000000000114,0.0,0.0,-0.1384615384615393,1844.5092065617496
1778,0.88925,0.88925,10.505951,123.685314,-4.9,290141.83642037126,-444504.94631793315,2705.0,510.25,-49.5,-1.8000000000000114,0.0,0.0,-0.1384615384615437,1787.6291832654022
1779,0.88975,0.88975,10.497763,123.683701,-4.9,290391.8215961291,-445001.1543634755,2591.0,509.3,-46.0,-1.8000000000000682,0.0,0.0,-0.1461538461538444,1783.1723248944536
1780,0.89025,0.89025,10.496835,123.6925085,-4.2,291732.4821679832,-445317.33757411945,2574.0,501.9,-38.5,-1.8000000000000114,0.0,0.0,-0.1461538461538444,1765.0712364370218
1781,0.89075,0.89075,10.498901,123.67382,-4.6,289569.8896158178,-445371.6563708137,2560.0,507.4,-53.0,-1.8000000000000114,0.0,0.0,-0.1384615384615437,1827.5816669655069
1782,0.89125,0.89125,10.489034,123.67419050000001,-4.9,289719.2789294082,-445999.5193913522,2572.0,498.2,-53.0,-1.8000000000000682,0.0,0.0,-0.1461538461538444,1777.2125438255407
1783,0.89175,0.89175,10.488824,123.691307,-4.9,291716.94967019133,-445976.2240220432,2576.0,496.35,-53.0,-1.8000000000000114,0.0,0.0,-0.1384615384615437,1779.7803816502387
1784,0.89225,0.89225,10.4849315,123.687172,-4.75,290444.7062947224,-446556.77353594254,2568.0,499.1,-46.0,-1.7999999999999543,0.0,0.0,-0.1384615384615393,1756.5159645275028
1785,0.89275,0.89275,10.498581,123.694298,-4.6,291680.3930148343,-445934.08108663495,2545.0,514.9,-53.0,-1.8000000000000682,0.0,0.0,-0.1461538461538444,1864.804125429402
1786,0.89325,0.89325,10.481957999999999,123.67894749999999,-4.6,290352.1449322677,-446872.1783810251,2522.0,492.6,-42.0,-1.8000000000000398,0.0,0.0,-0.1461538461538444,1738.7776418534909
1787,0.89375,0.89375,10.476907,123.671074,-4.6,289051.0366055243,-447382.8417869976,2515.0,496.3,-53.0,-1.8000000000000114,0.0,0.0,-0.1384615384615349,1808.1527806363144
1788,0.89425,0.89425,10.4815155,123.6874125,-4.9,290723.88104062894,-447194.8109063227,2530.0,500.0,-61.0,-1.8250000000000313,0.0,0.0,-0.14615384615384655,1827.2610238070133
1789,0.89475,0.89475,10.474503,123.691277,-4.9,291780.0384090126,-447882.3300874064,2461.0,505.6,-61.0,-1.8000000000000114,0.0,0.0,-0.1384615384615393,1797.5402636593365
1790,0.89525,0.89525,10.487183,123.689194,-4.6,291241.6325213485,-447698.9694001015,2507.0,501.9,-46.0,-1.8000000000000114,0.0,0.0,-0.1384615384615437,1819.4376310881116
1791,0.89575,0.89575,10.476036,123.6729165,-4.9,289159.1220732593,-447996.5830323465,2438.0,500.95,-54.0,-1.7999999999999543,0.0,0.0,-0.1384615384615349,1844.7337274125882
1792,0.89625,0.89625,10.461778,123.668716,-4.9,288871.4191962643,-448886.5328569957,2469.0,485.2,-46.0,-1.8000000000000114,0.0,0.0,-0.1461538461538444,1756.0748104875577
1793,0.89675,0.89675,10.464476999999999,123.67270625,-4.9,289239.7393177407,-449078.62235809886,2446.0,498.2,-54.0,-1.8999999999999773,0.0,0.0,-0.1461538461538444,1826.8503021877773
1794,0.89725,0.89725,10.458146,123.70200750000001,-4.9,291818.8875088379,-449385.46518200345,2408.0,488.9,-53.0,-1.7999999999999543,0.0,0.0,-0.1384615384615393,1749.2300656969855
1795,0.89775,0.89775,10.458191,123.665665,-4.9,288867.529281479,-449707.37493927934,2400.0,507.4,-53.0,-1.8000000000000682,0.0,0.0,-0.1461538461538444,1847.3413333313315
1796,0.89825,0.89825,10.44966,123.663246,-4.9,288147.4077884867,-450368.1517035674,2389.0,488.9,-46.0,-1.8000000000000114,0.0,0.0,-0.1384615384615393,1739.1978711368552
1797,0.89875,0.89875,10.4568595,123.6609765,-4.6,288342.42309500836,-450305.43767831556,2362.5,487.1,-49.5,-1.8000000000000682,0.0,0.0,-0.1461538461538444,1748.728923467863
1798,0.89925,0.89925,10.445065,123.67230599999999,-4.675,289430.25265762175,-450712.07808672957,2438.0,486.15,-46.0,-1.8999999999999773,0.0,0.0,-0.1461538461538444,1746.931711885974
1799,0.89975,0.89975,10.448137,123.672905,-4.9,289065.05255824403,-450886.37637499545,2355.0,496.3,-53.0,-1.8000000000000682,0.0,0.0,-0.1461538461538444,1781.0620292865308
1800,0.90025,0.90025,10.438797,123.659363,-4.6,288224.9594538023,-451557.43868420506,2324.0,492.6,-46.0,-1.7999999999999543,0.0,0.0,-0.1384615384615349,1730.6817624753874
1801,0.90075,0.90075,10.436197,123.6629985,-4.9,288124.903899225,-451895.6107219654,2320.0,494.5,-53.0,-1.8000000000000114,0.0,0.0,-0.1384615384615437,1784.6423151670003
1802,0.90125,0.90125,10.438857,123.658413,-4.9,287822.2282003955,-451933.3336529343,2316.0,485.2,-46.0,-1.8000000000000114,0.0,0.0,-0.1461538461538444,1707.6313149708149
1803,0.90175,0.90175,10.430786,123.65638,-4.9,287810.02572542825,-452392.5137367588,2332.0,487.1,-53.0,-1.8000000000000682,0.0,0.0,-0.1461538461538444,1712.495292105409
1804,0.90225,0.90225,10.4275485,123.65744000000001,-4.6,287961.69288908003,-452663.3849522078,2324.0,482.45,-45.0,-1.8000000000000682,0.0,0.0,-0.1461538461538444,1705.7671759228572
1805,0.90275,0.90275,10.424149,123.653961,-4.9,287582.43501509895,-453047.0079790135,2271.0,488.9,-46.0,-1.8000000000000114,0.0,0.0,-0.1461538461538444,1725.1823918263008
1806,0.90325,0.90325,10.426025,123.67234,-4.6,289399.7045001498,-453136.5200186014,2278.0,492.6,-38.0,-1.8000000000000114,0.0,0.0,-0.1384615384615393,1685.853762563616
1807,0.90375,0.90375,10.423372,123.674053,-4.9,289149.76481424447,-453482.61470582825,2256.0,485.2,-54.0,-1.7999999999999543,0.0,0.0,-0.1384615384615349,1687.4587032443087
1808,0.90425,0.90425,10.4163995,123.663269,-4.6,288218.3029996194,-453994.6124527636,2256.0,488.9,-51.5,-1.8000000000000114,0.0,0.0,-0.1461538461538444,1713.84066118899
1809,0.90475,0.90475,10.410599,123.649559,-4.2,287031.0862741444,-454704.8154302151,2225.0,477.8,-45.0,-1.8000000000000114,0.0,0.0,-0.1461538461538444,1693.7907331731235
1810,0.90525,0.90525,10.414433,123.65303,-4.9,287400.7290619544,-454378.5690648099,2240.0,483.4,-46.0,-1.8999999999999773,0.0,0.0,-0.1461538461538531,1728.635638219025
1811,0.90575,0.90575,10.408813,123.650078,-4.75,287300.56863974314,-454871.0520751642,2240.0,488.9,-46.0,-1.7999999999999543,0.0,0.0,-0.1384615384615349,1738.164834800741
1812,0.90625,0.90625,10.406613,123.682037,-4.6,291276.3617813639,-455381.65988359676,2202.0,481.5,-45.0,-1.8000000000000114,0.0,0.0,-0.1384615384615393,1713.2588333380556
1813,0.90675,0.90675,10.413483,123.671188,-4.9,288790.85685893404,-454904.2994041541,2202.0,485.2,-54.0,-1.8000000000000114,0.0,0.0,-0.1384615384615437,1667.4477659469426
1814,0.90725,0.90725,10.402001,123.6524505,-4.6,287269.86412925844,-455563.2970471582,2179.0,477.8,-42.0,-1.8000000000000682,0.0,0.0,-0.1461538461538444,1697.8531502258388
1815,0.90775,0.90775,10.3973835,123.64668649999999,-4.6,286827.25851636264,-456096.9222371988,2164.0,482.45,-46.0,-1.8000000000000682,0.0,0.0,-0.1461538461538444,1710.0062117994978
1816,0.90825,0.90825,10.395264,123.645256,-4.9,286842.27816833433,-456438.9027064572,2217.0,477.8,-46.0,-1.8999999999999773,0.0,0.0,-0.1461538461538444,1692.4940160576384
1817,0.90875,0.90875,10.392368,123.646057,-4.9,287108.77280309837,-456691.0931484265,2149.0,488.9,-53.0,-1.8000000000000114,0.0,0.0,-0.1461538461538444,1748.3172337500905
1818,0.90925,0.90925,10.400375,123.677521,-4.9,289446.9638290744,-456221.62751968077,2141.0,474.1,-53.0,-1.8000000000000114,0.0,0.0,-0.1384615384615437,1677.3322533262894
1819,0.90975,0.90975,10.391487000000001,123.6520425,-4.9,287069.17480877915,-457066.5433368351,2126.0,476.0,-46.0,-1.8000000000000114,0.0,0.0,-0.1461538461538444,1697.7041149653537
1820,0.91025,0.91025,10.388626,123.65522,-4.9,287808.7193900544,-457256.8537166548,2111.0,474.1,-46.0,-1.8999999999999773,0.0,0.0,-0.1461538461538531,1678.0720749313168
1821,0.91075,0.91075,10.379892,123.643974,-4.6,286666.68835612526,-458176.6594203468,2111.0,474.1,-46.0,-1.8999999999999773,0.0,0.0,-0.1583333333333314,1705.1492799350958
1822,0.91125,0.91125,10.377006,123.641556,-4.6,286192.6250173894,-458501.79383494967,2111.0,472.3,-38.0,-1.8000000000000682,0.0,0.0,-0.1461538461538444,1687.253725714228
1823,0.91175,0.91175,10.37796,123.649025,-4.9,287638.1486892044,-458440.97012606176,2096.0,470.4,-46.0,-1.8999999999999773,0.0,0.0,-0.1461538461538444,1691.4131776419324
1824,0.91225,0.91225,10.378738,123.654289,-4.9,287575.4753507991,-458524.4776313168,2057.0,468.6,-46.0,-1.8000000000000682,0.0,0.0,-0.1461538461538444,1657.574720501614
1825,0.91275,0.91275,10.3704935,123.650997,-4.9,287488.0743459503,-459124.9310645783,2035.0,474.1,-46.0,-1.8999999999999773,0.0,0.0,-0.2780219780219738,1632.1682372672274
1826,0.91325,0.91325,10.36441,123.642838,-4.6,286214.8091600968,-459900.07196888654,2035.0,470.4,-38.0,-1.8999999999999773,0.0,0.0,-0.2642857142857134,1646.2786433305146
1827,0.91375,0.91375,10.359879,123.636581,-4.6,285695.8554200927,-460339.070145648,2012.0,472.3,-31.0,-1.8999999999999773,0.0,0.0,-0.3000000000000019,1246.1589392454534
1828,0.91425,0.91425,10.3582385,123.632465,-4.9,285603.1871768079,-460464.3870010713,1992.5,473.20000000000005,-23.0,-1.8499999999999943,-0.75,-0.0666666666666666,-0.2846153846153881,1019.5202548340746
1829,0.91475,0.91475,10.356903,123.632942,-4.9,285618.3468546609,-460556.456527505,1981.0,472.3,-16.0,-1.8000000000000682,-1.0,-0.0769230769230769,-0.2846153846153794,405.19720369708034
1830,0.91525,0.91525,10.353823,123.631523,-4.9,285586.4300651958,-460916.83978254144,1939.0,474.1,-15.0,-1.8000000000000682,-1.0,-0.3846153846153846,-0.4230769230769231,347.3836741411787
1831,0.91575,0.91575,10.351637,123.631943,-4.6,285625.0362514788,-461145.9572453629,1928.0,470.4,-15.0,-1.8500000000000227,-1.0,-0.5,-0.2846153846153881,345.60447447202733
1832,0.91625,0.91625,10.349121,123.631943,-4.675,285672.92057323025,-461460.52812734357,1931.5,470.4,-15.0,-1.8500000000000227,-2.0,-0.6666666666666666,-0.4749999999999943,319.934016025963
1833,0.91675,0.91675,10.346607,123.632462,-4.6,285735.3837778922,-461777.04492322815,1905.0,472.3,-15.0,-1.8499999999999943,-3.0,-1.0,-0.4307692307692238,310.873844105446
1834,0.91725,0.91725,10.344373,123.6336955,-4.6,285844.40569298866,-462053.19790498837,1913.0,468.6,-15.0,-1.8999999999999773,-3.0,-1.0,-0.45000000000000995,323.1015361949618
1835,0.91775,0.91775,10.3421405,123.633995,-4.6,285943.4677252089,-462284.31687925366,1897.0,470.4,-15.0,-1.8000000000000114,-3.0,-1.0,-0.4230769230769231,310.35664248158554
1836,0.91825,0.91825,10.339325,123.635391,-4.6,286063.03109927307,-462582.54208444024,1859.0,470.4,-15.0,-1.8500000000000227,-3.0,-1.0,-0.4749999999999943,312.15736129849415
1837,0.91875,0.91875,10.3379505,123.63696300000001,-4.6,286217.08885628486,-462778.18982811086,1882.0,472.275,-15.0,-1.8000000000000114,-3.0,-1.0909090909090908,-0.44999999999998863,315.597901626527
1838,0.91925,0.91925,10.336716,123.638321,-4.6,286364.8291273399,-463020.7618956406,1867.0,468.6,-15.0,-1.8499999999999943,-3.0,-1.0,-0.4750000000000085,306.2332996304718
1839,0.91975,0.91975,10.333293,123.640274,-4.2,286565.43787354266,-463299.5279617859,1867.0,465.79999999999995,-11.5,-1.8000000000000114,-2.0,-1.0,-0.4749999999999943,304.0388327954445
1840,0.92025,0.92025,10.330765,123.64167,-4.2,286735.5215770654,-463577.18207712914,1852.0,461.1,-11.5,-1.8000000000000114,-1.0,-0.5,-0.4230769230769274,308.871652852163
1841,0.92075,0.92075,10.328312,123.643723,-4.2,286945.08991506905,-463832.26359118446,1829.0,461.1,-8.0,-1.8000000000000114,-1.0,-0.5,-0.3928571428571428,301.406427691258
1842,0.92125,0.92125,10.327932,123.645889,-4.2,287201.0452277656,-464041.1435494034,1814.0,461.1,-11.5,-1.8000000000000114,-1.0,-0.25,-0.4307692307692325,304.1495255261194
1843,0.92175,0.92175,10.325566,123.647911,-4.2,287404.73249675974,-464278.3782530814,1821.0,462.05,-11.5,-1.8000000000000114,0.0,0.0,-0.4000000000000016,302.54260398223647
1844,0.92225,0.92225,10.322650750000001,123.649513,-4.2,287602.2126932917,-464527.010452484,1829.0,456.95,-8.0,-1.8000000000000114,0.0,0.0,-0.30416666666666714,302.27914838684944
1845,0.92275,0.92275,10.320748,123.6516415,-4.2,287851.2578487263,-464770.3052880351,1791.0,456.5,-11.5,-1.8000000000000114,0.0,0.0,-0.2846153846153881,299.24742879759816
1846,0.92325,0.92325,10.318222,123.653114,-4.2,287964.55953341187,-465006.70602861134,1760.0,455.6,-11.5,-1.7999999999999543,0.0,0.0,-0.15000000000000097,297.09171078125036
1847,0.92375,0.92375,10.317581,123.655716,-4.2,288298.77709172457,-465195.18168960727,1760.0,453.7,-11.5,-1.7999999999999543,0.0,0.0,-0.15000000000000097,299.9351934792721
1848,0.92425,0.92425,10.31635825,123.6568985,-4.2,288416.22057512973,-465391.21861605876,1760.0,455.6,-8.0,-1.7999999999999543,0.0,0.0,-0.15416666666666853,297.46795717527107
1849,0.92475,0.92475,10.314696999999999,123.659176,-4.2,288635.6826124719,-465593.9828448646,1754.75,455.6,-11.5,-1.799999999999983,0.0,0.0,-0.1500000000000009,310.3896850435577
1850,0.92525,0.92525,10.312792,123.660004,-4.5,288701.4170901462,-465882.92326085165,1741.0,455.6,-15.0,-1.8000000000000114,0.0,0.0,-0.2642857142857094,307.1893198468364
1851,0.92575,0.92575,10.312308000000002,123.661995,-4.2,288917.7482650592,-466031.5910831237,1735.25,455.6,-15.0,-1.8000000000000114,0.0,0.0,-0.2846153846153881,314.9866160917903
1852,0.92625,0.92625,10.31131,123.662773,-4.2,289081.19861701794,-466233.52134882775,1715.0,450.0,-15.0,-0.950000000000017,0.0,0.0,-0.1384615384615349,316.54794511953605
1853,0.92675,0.92675,10.308993,123.662949,-4.2,289060.97199511284,-466611.695816702,1715.0,448.2,-15.0,-1.7999999999999543,0.0,0.0,-0.2466666666666659,315.6993643292181
1854,0.92725,0.92725,10.3093305,123.669529,-3.9,289740.82053517597,-466723.1688846362,1699.0,446.3,-15.0,-1.8000000000000114,0.0,0.0,-0.2642857142857175,364.0896018678337
1855,0.92775,0.92775,10.305405,123.670952,-4.2,289796.7971248011,-467106.1803385007,1692.0,444.5,-16.0,-1.8000000000000114,0.0,0.0,-0.2846153846153881,367.6627640890368
1856,0.92825,0.92825,10.2978385,123.67417499999999,-4.05,290239.9432560734,-467502.8131896935,1661.0,442.625,-15.0,-1.8000000000000114,0.0,0.0,-0.2642857142857134,779.3692678901805
1857,0.92875,0.92875,10.2983095,123.678406,-4.2,290734.52972196986,-467604.1675053263,1692.0,446.3,-22.0,-1.8000000000000114,0.0,0.0,-0.20555555555555804,866.5729760727911
1858,0.92925,0.92925,10.294968,123.678635,-3.9,290710.9199667931,-467876.98463467945,1631.0,440.8,-23.0,-1.8000000000000114,0.0,0.0,-0.2642857142857134,1046.826655415719
1859,0.92975,0.92975,10.289181,123.682232,-3.9,291136.2034496193,-468940.00960171217,1638.0,436.175,-23.0,-1.8499999999999943,0.0,0.0,-0.2846153846153881,987.533279443038
1860,0.93025,0.93025,10.289474,123.684875,-3.9,291327.3996100059,-468412.0553607633,1600.0,437.1,-30.0,-1.8000000000000114,0.0,0.0,-0.2846153846153794,976.7654054646288
1861,0.93075,0.93075,10.288021,123.688484,-3.6,291764.0124387149,-468707.3894938635,1615.25,438.9,-23.0,-1.8499999999999943,0.0,0.0,-0.2846153846153837,1003.388423652754
1862,0.93125,0.93125,10.282425,123.6873855,-3.6,291593.65307181375,-469456.34395677655,1593.0,431.5,-23.0,-1.8500000000000227,0.0,0.0,-0.28461538461538594,1060.2249328178987
1863,0.93175,0.93175,10.281967,123.689812,-3.9,292018.00843821984,-469179.3014143744,1593.0,435.2,-30.0,-1.8499999999999943,0.0,0.0,-0.2846153846153794,1154.0428270949556
1864,0.93225,0.93225,10.279944,123.692886,-3.6,292335.1530037416,-470001.70022778184,1562.0,433.4,-23.0,-1.8499999999999943,0.0,0.0,-0.3000000000000019,1014.5390286537928
1865,0.93275,0.93275,10.276802,123.695564,-3.6,292466.90961096925,-469840.3561663629,1543.0,432.45,-30.0,-1.8499999999999943,0.0,0.0,-0.28461538461538155,1028.0802175998151
1866,0.93325,0.93325,10.278633,123.6972505,-3.6,292807.28614458593,-469806.6640570521,1547.0,431.5,-30.0,-1.8999999999999773,0.0,0.0,-0.2999999999999924,1006.3462211888173
1867,0.93375,0.93375,10.272635,123.698051,-3.6,292856.5739837819,-470680.4349975271,1532.0,429.7,-23.0,-1.8000000000000114,0.0,0.0,-0.2642857142857134,958.8063138311384
1868,0.93425,0.93425,10.271805,123.699379,-3.6,293067.39407856716,-470364.08499426313,1516.5,433.4,-23.0,-1.8000000000000114,0.0,0.0,-0.2642857142857094,937.9361112759842
1869,0.93475,0.93475,10.270093500000002,123.7022135,-3.6,293290.3980127012,-470509.9729395293,1532.0,429.7,-26.5,-1.8999999999999773,0.0,0.0,-0.2846153846153881,933.5716129358642
1870,0.93525,0.93525,10.267653,123.703865,-3.6,293559.52257752157,-471524.5168515799,1509.0,429.7,-23.0,-1.8499999999999943,0.0,0.0,-0.2846153846153794,959.6050616413098
1871,0.93575,0.93575,10.266884000000001,123.707157,-3.6,293817.7428367175,-470900.82364655024,1486.0,427.8,-23.0,-1.8749999999999858,0.0,0.0,-0.28461538461538594,960.8665471136314
1872,0.93625,0.93625,10.261734,123.707268,-3.3,293883.51838444086,-472122.0792127549,1486.0,424.1,-23.0,-1.8999999999999773,0.0,0.0,-0.3000000000000019,882.8632091505019
1873,0.93675,0.93675,10.262269,123.7105865,-3.6,294228.98313066154,-471434.39323905064,1471.0,426.0,-23.0,-1.8000000000000114,0.0,0.0,-0.2846153846153837,887.1596097289314
1874,0.93725,0.93725,10.259084000000001,123.711338,-3.6,294200.32299415127,-472251.3990910667,1474.5,424.1,-23.0,-1.8499999999999943,0.0,0.0,-0.29999999999999716,942.3638993957377
1875,0.93775,0.93775,10.257133,123.714058,-3.3,294628.013793206,-472600.7740331605,1451.5,426.0,-22.0,-1.8999999999999773,0.0,0.0,-0.3166666666666629,901.6493888568424
1876,0.93825,0.93825,10.258204,123.718559,-3.6,295066.08248073235,-471909.58541442885,1459.0,427.8,-23.0,-1.8000000000000114,0.0,0.0,-0.2607142857142861,883.1053835114551
1877,0.93875,0.93875,10.252212499999999,123.7189485,-3.3,295098.37539199967,-472948.0918662699,1440.0,422.3,-16.0,-1.875,0.0,0.0,-0.3166666666666676,844.6620720693923
1878,0.93925,0.93925,10.25071,123.717743,-3.3,295022.84884998435,-473182.76908310264,1431.0,420.4,-15.75,-1.8250000000000313,0.0,0.0,-0.3000000000000019,849.1066112555247
1879,0.93975,0.93975,10.248987,123.723,-3.3,295465.37679733685,-473163.6435293024,1417.0,426.0,-16.0,-1.8499999999999943,0.0,0.0,-0.4230769230769231,842.581610369198
1880,0.94025,0.94025,10.24801,123.725235,-3.3,295734.1363448482,-472914.6777446594,1433.0,422.3,-16.0,-1.8999999999999773,0.0,0.0,-0.4230769230769231,871.2827980399228
1881,0.94075,0.94075,10.244145,123.726089,-3.3,295905.4919404297,-473511.9065205939,1394.0,418.6,-15.0,-1.8999999999999773,0.0,0.0,-0.3166666666666723,846.0373330846138
1882,0.94125,0.94125,10.2424195,123.729782,-3.3,296151.5226902431,-473810.24292086053,1402.0,420.4,-15.0,-1.8999999999999773,0.0,0.0,-0.44999999999999574,858.0420014709304
1883,0.94175,0.94175,10.241074,123.732079,-3.25,296353.74132133287,-473939.2292139314,1379.0,424.1,-15.0,-1.8499999999999943,0.0,0.0,-0.4111111111111099,790.7920115181969
1884,0.94225,0.94225,10.238443499999999,123.73924650000001,-3.3,296698.66988767835,-474116.91895214457,1375.5,424.1,-15.0,-1.8999999999999773,-1.0,-0.1428571428571428,-0.4499999999999886,685.5077789626794
1885,0.94275,0.94275,10.236884,123.744507,-3.1999999999999997,297033.1939718199,-474078.5010519241,1372.0,426.0,-11.5,-1.8999999999999773,-1.5,-0.3589743589743589,-0.6000000000000038,479.5184653853878
1886,0.94325,0.94325,10.2346875,123.74527175,-3.3,297623.3166380604,-474322.90783827717,1356.0,424.1,-8.0,-1.8999999999999773,-3.0,-0.8571428571428572,-0.6333333333333258,306.52237370135555
1887,0.94375,0.94375,10.232574,123.74588,-3.45,297892.1905435544,-474569.9277090163,1356.0,426.0,-8.0,-1.8999999999999773,-3.0,-1.0,-0.7666666666666657,286.1147736052916
1888,0.94425,0.94425,10.23056,123.746262,-3.3,297978.75088625785,-474773.9706812444,1349.0,424.1,-8.0,-1.8999999999999773,-3.0,-1.3333333333333333,-0.7857142857142857,285.1707422989833
1889,0.94475,0.94475,10.228156250000001,123.7466925,-3.6,298059.52078899776,-475042.72919016914,1341.0,422.3,-8.0,-1.8999999999999773,-3.0,-1.3333333333333333,-0.8999999999999773,283.3450512106119
1890,0.94525,0.94525,10.226021,123.747536,-3.6,298185.0687348122,-475331.0858319847,1334.0,424.1,-8.0,-1.8999999999999773,-3.0,-1.4166666666666665,-0.8999999999999773,281.5154135003282
1891,0.94575,0.94575,10.22422,123.748184,-3.6,298267.6353147078,-475534.3226398816,1318.0,422.3,-8.0,-1.8999999999999773,-3.0,-1.5,-0.9000000000000057,273.8998223105818
1892,0.94625,0.94625,10.221708,123.749119,-3.45,298419.8102500526,-475827.04368859634,1318.0,420.4,-8.0,-1.8500000000000227,-3.0,-1.5,-0.9000000000000057,273.24846017544843
1893,0.94675,0.94675,10.219619999999999,123.750648,-3.6,298587.6002104878,-476082.23639773205,1311.0,418.6,-8.0,-1.8999999999999773,-3.0,-1.3333333333333333,-0.9000000000000057,270.27816923913275
1894,0.94725,0.94725,10.21754125,123.75212325,-3.6,298754.90696470346,-476293.7850378767,1295.0,416.7,-8.0,-1.8499999999999943,-3.0,-1.0,-0.7999999999999992,267.9494147792112
1895,0.94775,0.94775,10.2153855,123.75382450000001,-3.6,298963.9245526814,-476551.6464289383,1288.0,414.8,-8.0,-1.8000000000000114,-2.0,-0.75,-0.7666666666666705,263.4868515659954
1896,0.94825,0.94825,10.21344,123.75573349999999,-3.6,299151.4616911165,-476774.481369726,1280.0,412.05,-8.0,-1.8000000000000114,-1.0,-0.5,-0.5285714285714269,263.4043035357491
1897,0.94875,0.94875,10.21128,123.757812,-3.6,299375.00088334247,-477034.67785747256,1265.0,411.1,-8.0,-1.8000000000000114,-1.0,-0.3333333333333333,-0.6083333333333343,261.982925557024
1898,0.94925,0.94925,10.2092125,123.759773,-3.6,299596.4845755398,-477271.30098820943,1257.0,409.3,-8.0,-1.8000000000000114,-0.5,-0.1428571428571428,-0.4750000000000085,259.5981311148085
1899,0.94975,0.94975,10.207307750000002,123.762043,-3.6,299824.1077767318,-477504.8106566999,1250.0,406.95,-8.0,-1.8000000000000114,0.0,0.0,-0.4749999999999943,264.5010258684435
1900,0.95025,0.95025,10.205228,123.763878,-3.6,300031.5136488111,-477744.880834924,1242.0,405.6,-8.0,-1.8000000000000114,0.0,0.0,-0.528571428571435,259.4258766066993
1901,0.95075,0.95075,10.203415,123.7658675,-3.6,300265.97741729463,-477954.9283414853,1234.0,405.6,-8.0,-1.799999999999983,0.0,0.0,-0.45000000000000284,262.3197658501716
1902,0.95125,0.95125,10.201457,123.767693,-3.6,300379.2091291063,-478191.32908206177,1227.0,405.6,-8.0,-1.7999999999999543,0.0,0.0,-0.45000000000000284,263.30594225343225
1903,0.95175,0.95175,10.19972525,123.76984425,-3.6,300635.21934679523,-478375.9685127895,1227.0,402.34999999999997,-8.0,-1.8000000000000114,0.0,0.0,-0.4749999999999943,264.98167515569673
1904,0.95225,0.95225,10.1984085,123.77132399999999,-3.6,300786.4422009576,-478601.41653796285,1212.0,405.6,-8.0,-1.7999999999999543,0.0,0.0,-0.45000000000000284,268.83098171610214
1905,0.95275,0.95275,10.196091,123.772858,-3.6,300915.41125722625,-478910.7612511727,1211.5,402.79999999999995,-8.0,-1.8000000000000114,0.0,0.0,-0.4625000000000057,272.9531213590648
1906,0.95325,0.95325,10.195033,123.774719,-3.6,300927.4618153577,-479093.287975376,1196.0,400.0,-11.5,-1.8000000000000114,0.0,0.0,-0.45000000000000284,281.3847550504361
1907,0.95375,0.95375,10.192337,123.776718,-3.6,301184.8425113263,-479362.54686216154,1181.0,397.25,-15.0,-1.8000000000000114,0.0,0.0,-0.4624999999999986,298.7940164520967
1908,0.95425,0.95425,10.19014,123.778954,-3.6,301650.96004461154,-479554.24718048424,1173.0,394.5,-15.0,-1.8000000000000114,0.0,0.0,-0.4111111111111161,318.2406763975544
1909,0.95475,0.95475,10.187943,123.780777,-3.6,301711.8271577871,-479747.6154250103,1158.0,390.8,-15.0,-1.8000000000000114,0.0,0.0,-0.4111111111111099,609.2085723498503
1910,0.95525,0.95525,10.185397,123.78389,-3.6,302090.6587954754,-480051.0667989677,1158.0,386.15,-16.0,-1.8000000000000114,0.0,0.0,-0.3166666666666723,643.9124343249771
1911,0.95575,0.95575,10.183502,123.784569,-3.6,302046.51379386534,-480185.50165097,1143.0,385.2,-22.0,-1.8999999999999773,0.0,0.0,-0.4749999999999943,698.2115778202149
1912,0.95625,0.95625,10.180847,123.788361,-3.3,302631.4714884198,-480520.4212326332,1131.5,383.4,-22.0,-1.8999999999999773,0.0,0.0,-0.4749999999999943,727.7664257057935
1913,0.95675,0.95675,10.179337,123.789894,-3.3,302655.38916298863,-480726.2433261456,1128.0,379.7,-23.0,-1.8999999999999773,0.0,0.0,-0.45000000000000284,732.3857976112322
1914,0.95725,0.95725,10.176938,123.7929,-3.3,303138.1803218975,-480963.5892249042,1105.0,374.1,-22.0,-1.8999999999999773,0.0,0.0,-0.43055555555555236,722.0734171101843
1915,0.95775,0.95775,10.1744935,123.795128,-3.3,303395.9705563958,-481246.7474967188,1113.0,377.8,-22.0,-1.900000000000034,0.0,0.0,-0.4624999999999986,739.1987217278559
1916,0.95825,0.95825,10.1729705,123.79761125,-2.9,303657.3451841858,-481452.1248099103,1078.25,372.3,-16.0,-1.8999999999999773,0.0,0.0,-0.45000000000000284,727.2190691981411
1917,0.95875,0.95875,10.17034,123.8000485,-3.3,303999.9439945526,-481645.15946919564,1082.0,374.1,-15.0,-2.75,0.0,0.0,-0.528571428571435,698.0060573866102
1918,0.95925,0.95925,10.16849925,123.8029595,-2.9,304312.91500280495,-481762.30348622164,1059.0,372.275,-15.0,-2.799999999999983,0.0,0.0,-0.6875,637.5119216957521
1919,0.95975,0.95975,10.166977,123.80526,-2.9,304591.9193869683,-481964.40054454596,1059.0,370.4,-8.0,-1.900000000000034,-2.5,-0.6666666666666666,-0.8000000000000033,423.4060011370003
1920,0.96025,0.96025,10.165612,123.807632,-2.9,304819.10634597106,-482093.0532523762,1036.0,368.5,-8.0,-1.900000000000034,-3.0,-1.2,-0.9000000000000057,271.083504965902
1921,0.96075,0.96075,10.164588,123.80954,-2.75,305049.3553602827,-482263.8488956149,1032.5,366.7,-7.5,-1.8999999999999773,-3.5,-1.5,-0.9000000000000057,245.15658336520275
1922,0.96125,0.96125,10.1635965,123.8118935,-2.6,305308.9952613369,-482447.76555832126,1013.0,364.8,-7.5,-1.8999999999999773,-4.0,-1.6666666666666667,-0.9249999999999972,237.9022582624059
1923,0.96175,0.96175,10.1630285,123.81422825,-2.6,305556.16504924453,-482584.73009839864,1006.0,363.0,-7.5,-1.8999999999999773,-4.0,-1.75,-0.9000000000000057,230.68223275509808
1924,0.96225,0.96225,10.162261,123.816757,-2.6,305815.9802818531,-482783.5191030866,994.5,360.20000000000005,-7.0,-1.8500000000000227,-4.0,-2.0,-0.9000000000000057,225.48967317485415
1925,0.96275,0.96275,10.162079,123.819283,-2.6,306077.07002491714,-482838.39387518156,983.0,357.4,-7.0,-1.8499999999999943,-4.0,-2.0,-0.9000000000000057,221.98695532581388
1926,0.96325,0.96325,10.161987,123.8220215,-2.6,306364.3688132941,-482919.7052776024,975.0,355.6,-7.5,-1.8000000000000114,-4.0,-2.0,-0.7749999999999961,219.34920835125052
1927,0.96375,0.96375,10.16207625,123.82481949999999,-2.75,306637.2394051194,-482861.8004395707,965.75,353.7,-7.5,-1.8000000000000114,-4.0,-2.0,-0.6166666666666696,216.7335069833831
1928,0.96425,0.96425,10.162673,123.827507,-2.9,306929.45346832304,-482765.7834877891,960.0,351.9,-7.5,-1.8000000000000114,-4.0,-2.0,-0.4750000000000085,214.2664063955972
1929,0.96475,0.96475,10.163323,123.83032625,-2.9,307215.3388679619,-482654.0324321544,953.0,350.95,-7.5,-0.9499999999999886,-4.0,-1.8333333333333335,-0.45000000000000284,214.06467891655342
1930,0.96525,0.96525,10.1643615,123.83259000000001,-3.25,307474.82062996086,-482491.4652248529,945.0,348.2,-7.5,-0.9000000000000057,-3.5,-1.5416666666666665,-0.45000000000000284,211.63694576422242
1931,0.96575,0.96575,10.1657695,123.83514775,-3.3,307739.9121351681,-482327.53587781865,937.0,348.2,-7.5,-0.9000000000000057,-3.0,-1.3333333333333333,-0.3166666666666629,211.49161940197763
1932,0.96625,0.96625,10.167526500000001,123.837181,-3.3,307961.7328186045,-482190.8493254418,930.0,346.35,-8.0,-0.9000000000000057,-2.0,-1.0,-0.3166666666666629,209.20156733741638
1933,0.96675,0.96675,10.169478999999999,123.839569,-3.3,308217.55242696265,-482002.59605460614,922.0,346.3,-7.5,-0.9000000000000057,-1.5,-0.6666666666666666,-0.3000000000000019,210.81865188145952
1934,0.96725,0.96725,10.171384,123.841476,-3.3,308439.2208990738,-481755.3537937068,914.0,344.5,-8.0,-0.9499999999999886,-1.0,-0.5,-0.45000000000000284,209.63603270437503
1935,0.96775,0.96775,10.173468249999999,123.843584,-3.3,308661.7136933586,-481592.6753913252,903.0,342.6,-7.5,-0.9499999999999886,-0.5,-0.25,-0.45000000000000284,209.23876689889488
1936,0.96825,0.96825,10.175370000000001,123.845478,-3.0999999999999996,308847.84895036754,-481458.57412456354,892.0,340.8,-7.5,-0.950000000000017,0.0,0.0,-0.4749999999999943,205.51990888229585
1937,0.96875,0.96875,10.177551,123.847618,-2.9,309091.908192626,-481101.8603071746,884.0,338.9,-7.5,-1.799999999999983,0.0,0.0,-0.4750000000000085,206.234578999806
1938,0.96925,0.96925,10.1796015,123.849686,-2.75,309306.87698207464,-481062.1636635313,869.0,338.9,-7.5,-1.8000000000000114,0.0,0.0,-0.528571428571435,208.46329283348086
1939,0.96975,0.96975,10.181511,123.851624,-2.6,309508.95614009455,-480727.6332646484,861.0,335.2,-7.5,-1.8499999999999943,0.0,0.0,-0.6333333333333447,208.95276689746765
1940,0.97025,0.97025,10.1834655,123.85354799999999,-2.6,309677.5234639375,-480727.6888621885,846.0,331.54999999999995,-7.5,-1.8499999999999943,0.0,0.0,-0.6166666666666696,212.45817700854286
1941,0.97075,0.97075,10.18535,123.8554705,-2.6,309874.34687629645,-480215.0239447721,838.0,329.7,-7.5,-1.8499999999999943,0.0,0.0,-0.6194444444444496,213.89134816726624
1942,0.97125,0.97125,10.187437,123.857491,-2.6,310041.8816994614,-480241.9331541882,827.0,326.0,-7.5,-1.8499999999999943,0.0,0.0,-0.6083333333333343,227.8496897853413
1943,0.97175,0.97175,10.18918975,123.859299,-2.5999999999999996,310308.78782029497,-479885.60851957987,815.0,322.2,-8.0,-1.8500000000000227,0.0,0.0,-0.6111111111111112,248.1776572029354
1944,0.97225,0.97225,10.19133,123.861496,-2.15,310480.14409456577,-479798.7651619177,808.0,318.5,-8.0,-1.8999999999999773,0.0,0.0,-0.5285714285714269,504.34421918678015
1945,0.97275,0.97275,10.193573,123.863586,-2.0,310668.5903378252,-479620.0746679823,800.0,313.0,-8.0,-2.799999999999983,0.0,0.0,-0.6166666666666648,563.6680719496879
1946,0.97325,0.97325,10.196151,123.8659895,-1.6,311101.45169340586,-479014.1170782498,792.0,310.20000000000005,-8.0,-2.8000000000000114,0.0,0.0,-0.6111111111111112,590.7783351663977
1947,0.97375,0.97375,10.197693,123.867958,-1.3,311176.3791851173,-479123.0326593384,792.0,300.0,-8.0,-3.6999999999999886,0.0,0.0,-0.6222222222222185,608.3927529120594
1948,0.97425,0.97425,10.200298,123.870201,-1.0,311546.117631173,-478608.977803419,785.0,302.34999999999997,-7.5,-3.6999999999999886,0.0,0.0,-0.6166666666666648,611.6348401715857
1949,0.97475,0.97475,10.202202,123.872246,-1.0,311695.8223711245,-478522.24564083666,785.0,292.65,-8.0,-3.6999999999999886,0.0,0.0,-0.6111111111111112,611.0383757980927
1950,0.97525,0.97525,10.204344,123.874344,-0.7,311954.29542873654,-478400.04224765993,785.0,288.9,-7.0,-3.6999999999999886,0.0,0.0,-0.528571428571435,608.2029576640692
1951,0.97575,0.97575,10.206322,123.876671,-1.0,312156.30618803913,-477967.43778801145,777.0,288.9,-7.0,-3.6999999999999886,0.0,0.0,-0.6111111111111112,622.6603617050655
1952,0.97625,0.97625,10.208771,123.87867,-1.3,312406.54960730206,-477727.4232073273,770.0,283.35,-8.0,-3.6999999999999886,0.0,0.0,-0.4624999999999986,605.196406511545
1953,0.97675,0.97675,10.210327,123.880554,-2.6,312553.591380861,-477592.4323799237,770.0,285.2,-8.0,-1.900000000000034,0.0,0.0,-0.4111111111111161,602.9243862520768
1954,0.97725,0.97725,10.212708,123.882812,-3.45,312824.8044454055,-477271.3009882093,754.0,277.8,-15.0,-1.8999999999999773,0.0,0.0,-0.2714285714285722,593.7985168877002
1955,0.97775,0.97775,10.214584,123.884727,-3.9,313047.9419936971,-477096.27993192186,747.0,283.4,-23.0,-1.8999999999999773,0.0,0.0,-0.3166666666666723,584.2337809987342
1956,0.97825,0.97825,10.216873,123.886818,-4.2,313281.0461718231,-476861.1023372278,724.0,275.9,-23.0,-1.9000000000000057,0.0,0.0,-0.4111111111111099,587.938950083611
1957,0.97875,0.97875,10.218947,123.8890915,-4.2,313474.072102059,-476546.2534675466,709.0,275.9,-30.0,-3.6999999999999886,0.0,0.0,-0.4499999999999993,580.7857610714345
1958,0.97925,0.97925,10.220901,123.890976,-4.2,313736.89105729514,-476292.561891994,693.0,274.1,-30.0,-3.6999999999999886,0.0,0.0,-0.4750000000000014,589.3915928386365
1959,0.97975,0.97975,10.22322025,123.89344,-4.2,313954.33998215606,-476073.8411691745,678.0,270.4,-30.0,-3.6999999999999886,0.0,0.0,-0.5285714285714269,573.757234964407
1960,0.98025,0.98025,10.224884,123.8951415,-4.2,314194.54858486966,-475879.91694924736,659.0,270.4,-30.0,-3.6999999999999886,0.0,0.0,-0.5285714285714269,564.2547754980064
1961,0.98075,0.98075,10.227294,123.897507,-4.2,314385.91287064325,-475736.4752957461,640.0,266.7,-30.0,-3.6999999999999886,0.0,0.0,-0.4750000000000014,567.9578563279861
1962,0.98125,0.98125,10.22935375,123.8996775,-3.9,314671.81150332524,-475331.8919963165,625.0,264.8,-30.0,-3.6999999999999886,0.0,0.0,-0.4624999999999986,564.818495402217
1963,0.98175,0.98175,10.231157,123.901443,-3.9,314785.2998233666,-475281.1314421896,610.0,263.0,-30.0,-3.6999999999999886,0.0,0.0,-0.44999999999999574,572.4591073588517
1964,0.98225,0.98225,10.233487499999999,123.903854,-3.9,315091.41038271517,-475045.9538474959,587.0,259.3,-30.0,-1.900000000000034,0.0,0.0,-0.4500000000000028,541.4793277542469
1965,0.98275,0.98275,10.235321,123.905624,-3.9,315259.3438789798,-474663.2759788722,572.0,261.1,-30.0,-2.8000000000000114,0.0,0.0,-0.4111111111111161,551.004991196914
1966,0.98325,0.98325,10.237518,123.907917,-3.9,315517.9969123993,-474545.5203889047,556.0,257.4,-30.0,-1.8999999999999773,0.0,0.0,-0.3166666666666629,541.959369169087
1967,0.98375,0.98375,10.239716,123.910004,-3.9,315753.24847252865,-474202.09438360354,541.0,259.3,-30.0,-1.8999999999999773,0.0,0.0,-0.3166666666666629,517.4846996133159
1968,0.98425,0.98425,10.241547,123.911911,-3.9,315952.2121197155,-473973.92207896424,518.0,255.6,-30.0,-1.8000000000000114,0.0,0.0,-0.2375000000000007,532.6443800884177
1969,0.98475,0.98475,10.24371025,123.914192,-3.9,316167.29396587354,-473853.55340461165,503.0,255.6,-30.0,-1.799999999999983,0.0,0.0,-0.2111111111111117,529.1074513199289
1970,0.98525,0.98525,10.245813,123.916237,-3.9,316438.7634382228,-473432.56883084716,488.0,255.6,-30.0,-1.799999999999983,0.0,0.0,-0.2111111111111085,503.52797470505413
1971,0.98575,0.98575,10.247681,123.918015,-3.9,316584.4367850884,-473395.15168634895,472.0,253.7,-23.0,0.0,0.0,0.0,0.0,496.3484056864073
1972,0.98625,0.98625,10.250058,123.920616,-3.9,316909.87361269107,-473117.8311562464,450.0,253.7,-30.0,0.0,0.0,0.0,0.0,498.68741419658886
1973,0.98675,0.98675,10.251873,123.922226,-3.9,317045.8718197162,-472847.849501439,434.0,253.7,-30.0,0.0,0.0,0.0,0.0,504.1044570434324
1974,0.98725,0.98725,10.254044,123.924667,-3.9,317310.88879716385,-472622.95745166694,419.0,253.7,-30.0,0.0,0.0,0.0,0.0,495.5397547796605
1975,0.98775,0.98775,10.2561295,123.926605,-3.75,317540.70701371366,-472356.9788197483,404.0,253.7,-30.0,0.0,0.0,0.0,0.0,490.3674475639999
1976,0.98825,0.98825,10.258204,123.9287755,-3.75,317730.25114466925,-472145.37458206393,385.0,253.7,-23.0,0.0,0.0,0.0,0.0,486.175405919608
1977,0.98875,0.98875,10.260238000000001,123.930946,-3.6,317961.0692746214,-471938.2181475888,366.0,251.9,-23.0,0.0,0.0,0.0,0.0,485.9943079862919
1978,0.98925,0.98925,10.262301,123.933029,-3.9,318224.6252974174,-471520.09684714087,351.0,251.9,-23.0,0.0,0.0,0.0,0.0,488.68694609072213
1979,0.98975,0.98975,10.264583,123.9352415,-3.9,318395.5457905042,-471572.77551640134,335.0,251.9,-23.0,0.0,0.0,0.0,0.0,475.4541320481822
1980,0.99025,0.99025,10.266449,123.937054,-3.9,318639.9493452313,-471099.751645088,316.0,251.9,-23.0,0.0,0.0,0.0,0.0,483.1220616967609
1981,0.99075,0.99075,10.268712,123.939232,-3.9,318839.3788278819,-470995.7286475294,297.0,251.9,-23.0,0.0,0.0,0.0,0.0,482.61368944988465
1982,0.99125,0.99125,10.270844,123.941513,-3.9,319095.33279682824,-470763.60891754174,282.0,251.9,-23.0,0.0,0.0,0.0,0.0,472.28219983539407
1983,0.99175,0.99175,10.272724499999999,123.94339775,-3.9,319281.4685378423,-470465.38371235563,264.75,251.85,-23.0,0.0,0.0,0.0,0.0,479.298403561773
1984,0.99225,0.99225,10.27478,123.945564,-3.9,319548.72435493773,-470249.55406162207,244.0,250.0,-23.0,0.0,0.0,0.0,0.0,470.42895423972465
1985,0.99275,0.99275,10.277023,123.947708,-3.9,319734.6446053426,-470114.8968194596,229.0,250.0,-23.0,0.0,0.0,0.0,0.0,465.7500395536008
1986,0.99325,0.99325,10.278781,123.9496575,-3.9,319992.65358113596,-469771.0816313776,209.5,250.0,-23.0,0.0,0.0,0.0,0.0,461.64093896549394
1987,0.99375,0.99375,10.28101525,123.951782,-3.9,320131.2649530185,-469682.12556719064,191.0,250.0,-23.0,0.0,0.0,0.0,0.0,465.5216528798731
1988,0.99425,0.99425,10.283066,123.953911,-3.9,320422.97035311064,-469308.0653172847,175.0,250.0,-23.0,0.0,0.0,0.0,0.0,465.19399088459494
1989,0.99475,0.99475,10.28508,123.955948,-3.75,320675.7839346806,-469067.9951390609,160.0,250.95,-23.0,0.0,0.0,0.0,0.0,466.62672574692925
1990,0.99525,0.99525,10.287346,123.958138,-3.6,320825.7595539139,-468981.26297647867,137.0,250.0,-23.0,0.0,0.0,0.0,0.0,464.8567797664665
1991,0.99575,0.99575,10.289069,123.960041,-3.6,321071.2858088218,-468673.30820177204,122.0,250.0,-23.0,0.0,0.0,0.0,0.0,463.097728876103
1992,0.99625,0.99625,10.291443,123.962326,-3.6,321320.2712734308,-468382.3384755709,107.0,250.0,-23.0,0.0,0.0,0.0,0.0,468.75287764555105
1993,0.99675,0.99675,10.293259,123.964279,-3.6,321488.27972087485,-468304.41852309706,91.0,250.0,-23.0,0.0,0.0,0.0,0.0,464.99343313896617
1994,0.99725,0.99725,10.295493,123.966415,-3.5999999999999996,321752.0915123616,-468014.449552618,76.0,251.9,-23.0,0.0,0.0,0.0,0.0,465.01275314801967
1995,0.99775,0.99775,10.297634,123.968636,-3.3,322003.9830750965,-467699.01690876554,57.0,252.8,-23.0,0.0,0.0,0.0,0.0,466.09115554303867
1996,0.99825,0.99825,10.2994755,123.97055424999999,-2.9,322140.55045648775,-467611.4507830818,42.0,251.9,-23.0,0.0,0.0,0.0,0.0,456.975025152788
1997,0.99875,0.99875,10.302056,123.972984,-0.7,322444.67791528197,-467269.58150890376,30.0,248.2,-11.5,-1.8000000000000114,0.0,0.0,-0.4111111111111099,450.7088815006936
1998,0.99925,0.99925,10.304031,123.975128,-0.3,322653.1159629453,-467024.3407594488,23.0,233.4,0.0,-11.099999999999994,0.0,0.0,-2.470833333333334,432.3782482306469
1999,0.99975,0.99975,10.306761999999999,123.977825,0.0,322958.15219668625,-466745.407900683,0.0,184.3,-15.0,-37.95,0.0,0.0,-6.614285714285716,357.8025470347468
