bin_id,var_x,var_y,cov_xy
0,8851.7129703736,4418.654885590748,1762.7040527826396
1,260501.46683547052,138809.30109606104,-26380.17976352803
2,720042.1491390365,381031.46837409405,-45049.91894729933
3,1388615.6418177905,747851.061742078,-58084.12355257425
4,2358440.7867073873,1317098.3417230553,-190284.54442694967
5,3580615.9761940087,2083827.822785414,-341110.4560371074
6,4882172.389579775,2888751.476404664,-314690.20664566074
7,6692453.592453721,3927789.9094746043,-374263.7688727403
8,8332860.108405187,5006800.413146236,-533822.9832561631
9,10086346.875896377,6243385.3140766155,-682700.1715573241
10,13038014.011059953,7632273.976167279,-808729.2080517423
11,15022382.657536777,9213707.201623052,-721186.0775280034
12,17335148.16786947,10639209.262909243,-1273309.57353778
13,19733120.26088548,12581833.211667186,-620724.1898687388
14,25700749.674009964,14731756.452094022,-1570019.5655372862
15,25197603.287865978,15801731.829993369,-789506.2144870983
16,31437737.623273313,19122242.616955858,-2169529.9034898495
17,34407067.35269298,20364834.56113615,-1707130.7666982235
18,38704715.39019863,22295904.381012585,-2498975.4840742787
19,43641307.048274636,24126579.017007682,-2703290.9952295246
20,48671186.16789052,25140327.116235614,-3334955.467356914
21,55165356.828246914,27565465.05595053,-4668397.586469434
22,60779834.75439958,28371315.483066767,-4758240.955448635
23,68478440.00484207,31390976.746367317,-6418087.498810905
24,73860278.35515206,30490449.644745894,-6940098.522412188
25,83012775.13371629,33134968.221588638,-7126070.897053368
26,89886919.56655066,35735929.518363915,-9177322.798199927
27,95385518.9206473,37605400.14416744,-10494445.562499376
28,106671195.59187078,37911947.94246701,-12346013.478386471
29,111014647.37993324,42386008.70951968,-12143263.973274337
30,119085464.2258177,45755215.99665313,-14635407.64545792
31,124717117.41458935,46500704.34868827,-15437191.403942175
32,137227690.49380517,50166706.046965815,-16656356.093301926
33,141452139.65970424,52544472.63063661,-18104779.5746003
34,151639136.00824147,57193361.580462545,-20136942.967657316
35,157283920.5006086,56496798.37738028,-20133441.808757465
36,165401061.96533543,62844623.77864308,-21060611.148888133
37,169874894.5480119,69887550.34192471,-24358945.05372398
38,182071185.84127292,69051738.95369267,-23374473.459832493
39,181093014.09317997,76541835.81815673,-25905300.70875615
40,191165746.687617,76028602.56226668,-26411927.315032877
41,191243035.70374086,86214232.89470424,-30719655.748543624
42,194732742.7950722,86371432.60837367,-31310233.499877077
43,201957509.60111418,93101990.79475337,-32990013.565936297
44,203714864.92857096,103981187.54993132,-35187734.42900087
45,201982175.19967583,101348950.74145262,-37200757.640807144
46,203654821.8652969,100652078.3268901,-35084469.17228477
47,208550974.80680746,108364246.91692474,-37820430.30007944
48,204116558.49639526,120749624.13298884,-44874929.20862248
49,194768226.8579823,116774642.65563902,-46772835.46370089
50,207357224.42180625,114153801.24917842,-44300052.14983338
51,203183544.89248237,122618960.83296368,-42133853.47700761
52,198534768.24248576,138132121.70239618,-53971426.33109425
53,198638857.15588614,128045130.9926,-48237187.2729475
54,193968340.8018155,129326743.02700232,-41454777.19179573
55,192780304.18467948,135675496.18251225,-49482630.70531557
56,186078289.99215648,135059015.09482604,-44324698.02573598
57,197221997.0564991,123972966.02864146,-40453370.75059929
58,190416857.1470358,135013521.8087686,-41745169.707766786
59,185004233.91032213,137755638.05035132,-51761573.785596736
60,188839156.2198266,126732678.30324614,-35278670.44051387
61,173111609.30563217,120628867.61582978,-35115847.84071097
62,170850418.26855072,136748211.29510906,-30303779.96806178
63,158973021.0867731,135792635.30933604,-29849224.806607567
64,178682162.90788412,118258420.22595997,-19887153.193439446
65,178300060.9959814,120547894.73169392,-15924023.544955067
66,175693775.86778507,129463189.92642058,-19631916.84596628
67,167149876.93610996,114954857.46780445,-11170645.760659596
68,156682915.93579867,113795785.39879215,-9918750.606296547
69,169535041.58427012,121752356.9460163,-19520256.46068486
70,178696882.90408272,126721943.26484397,-11870193.419183405
71,156022729.1903751,131017481.42804484,-17671515.563229788
72,167032662.93567634,116230278.75019047,-6333072.492747432
73,177348295.0132391,126854395.93130764,-8498803.098466862
74,182624010.9981557,136470307.29519954,-16092059.648296384
75,158133562.42579055,121173624.1824418,-22912401.638305206
76,151375243.75061333,114504626.52890144,-2529571.029900009
77,170916382.66494295,114017715.14080027,-15584455.676856972
78,178067412.21377644,132342490.53722306,-10190432.95898169
79,164768478.9344009,130952379.43292607,-37351163.05785315
80,165043976.58798835,111728252.36696362,-2632921.161377831
81,159626796.5779824,120648975.99535708,-17375219.296129774
82,165668448.1859598,137770308.74179256,-14594444.641610114
83,139211362.61624914,120197937.85576326,-18440364.222772945
84,164275568.04376498,116646336.65579876,6632624.356015997
85,168306659.535722,129131007.07044403,-5714231.831160204
86,174038797.28928953,137532826.5801851,968200.7888331389
87,144805390.73733523,119074321.51439989,-13534028.898445234
88,146377091.78936383,117605489.87276845,12413177.589309542
89,197257765.53974974,121015243.47097972,6778514.014759271
90,180680992.13229454,148586755.9311577,11163422.371784445
91,182758268.3664297,123594333.31832205,13045116.467596501
92,170570484.09433728,124333272.49864477,-7743645.225144446
93,205791116.55703562,118003935.08597529,4379744.086890417
94,211521554.89143154,121096310.34847128,22296727.108891353
95,221933594.63431635,141992431.0560663,13899715.429551532
96,156376679.13098943,127848073.70765738,-5659148.854933502
97,166112117.22027782,124716245.38917878,-7637078.639456193
98,186128537.97567612,126106463.45111933,9883154.359332273
99,175824523.42406547,135623067.84705296,400934.5823750637
100,183207452.95389932,148250598.12098685,23459171.247421924
101,166864070.1822664,139099624.84568515,-20231740.136093818
102,180424680.23408487,120423643.16662052,-2295868.693418764
103,170050075.13708338,140525438.1236202,-12699496.674231613
104,140766024.41861597,141700387.06243157,-2088197.8376807368
105,149406758.7804328,153048303.43889052,-1890253.4927067219
106,176439538.70056924,124103070.33247861,-5425361.0341537045
107,201304782.37800086,132349162.48982462,3258342.4450566433
108,188481993.20917922,128930782.40776244,-1965143.4381164405
109,193566407.33107638,131008128.94527458,7678595.3070104765
110,215012842.41929483,115881713.91929708,12625373.27339992
111,195888058.61049533,151194475.40199474,11935209.197842924
112,222464531.54500633,144549573.12579054,-7286048.617897386
113,197300037.5412443,146479035.78606093,25332624.28639232
114,230665548.8053143,134146083.05566743,19706125.07214817
115,209982207.26624876,161309805.52402666,20968576.46028009
116,185980986.81497583,130164798.28620718,18589882.871139474
117,215031949.93932447,156918027.1102087,28297145.972280785
118,218901602.3232241,130271283.99422413,5862059.63565432
119,194155066.9476864,137405831.54145065,6869118.123078225
120,187605676.473816,118375636.09338431,-5823466.0798856625
121,199718723.8445587,96086778.69926731,21620585.668977935
122,213716088.6986798,108195557.89863059,4809419.459108943
123,187028175.51631117,122007970.90232813,-14987834.673920488
124,207176669.69245598,112224436.79813303,-12354344.635926593
125,126027982.42293766,111743406.90179296,7108777.707603917
126,134638834.30080584,116181069.8973565,-9254517.36010019
127,100288149.28661197,106804106.63552338,-34649699.01884234
128,146843929.79510725,117159556.06304802,-27864423.976662353
129,116629536.47376023,103198837.10657507,-12614957.273820559
130,147620469.01348057,117389117.31091188,-42149599.44889697
131,113179881.63037115,121182240.55344434,-18573871.658115733
132,118351676.92484765,110901824.0077394,-46137397.55196847
133,115287900.79897617,77389745.0498361,-23484219.553501062
134,194945161.60714787,115472637.00699748,-30978141.154602937
135,118741362.9900491,129367779.1459135,-33385381.509942926
136,109422284.57262494,114536974.87772451,-41489997.386762016
137,118181464.28245609,73985852.92995067,-13264234.074122852
138,139978402.85405847,123774101.40757002,-40431515.17116991
139,109535498.1554324,83083361.78877145,-34410459.73773734
140,121951150.12163392,72228506.46692063,-31216851.522177666
141,124619828.59794922,83042024.59733663,-22852112.758766532
142,98149146.1336618,109404017.9530331,-44065343.92675284
143,93002589.92464273,88266431.0790525,-19593074.461268384
144,183548829.8855076,81512753.8269013,-27213183.759462886
145,118908088.07180902,72941515.5784282,-29052499.182572853
146,109996212.10019267,111757321.19149688,-29280360.277624518
147,102021312.92883371,100895284.24694161,-30569191.54890816
148,113782571.45319986,70961121.7058637,-32771854.408392474
149,141214405.78256914,107605807.8613078,-21045275.148586996
150,99120850.39322986,113103086.20782943,-44772710.10317786
151,92476874.7656866,101611448.05429353,-35015344.26977338
152,93605968.83842547,86198641.33643149,-16241412.413163505
153,117903013.57359621,88364534.43534487,-8208809.366959658
154,176724705.5638666,108570316.61429042,-36774075.23175278
155,99222470.99062696,97994185.81493145,-33350346.681797072
156,143479828.4590063,94598755.56864385,-52488064.64989148
157,125743385.94064885,75583524.89494914,-34016978.45491485
158,110531870.93170978,91390833.80897778,-37697311.74217136
159,133469617.17942762,106145012.86279543,-42762960.835210636
160,154469737.96223336,76117920.94590731,-29935582.504220616
161,122632985.05394079,131440536.08910497,-41002688.98736289
162,115334528.81283924,97792737.78827456,-37223219.51857426
163,127659642.69642359,86622849.68902907,-35496174.90287932
164,152580422.55589938,83612490.20803125,-20489935.06347403
165,132781053.79207803,87215936.99062419,-21739751.799027212
166,200048379.74182022,100127596.00459598,-45001408.77183989
167,146811474.53728986,85483134.3634404,-51313775.25017888
168,149582912.11980352,110945935.35547559,-28981694.788174465
169,145293158.87934133,103085274.77960347,-54202127.780314334
170,140740150.70166546,58335868.622223936,-21498954.95825835
171,124702908.92084791,85680831.6609331,-46348993.35380772
172,147130834.73087624,105955411.28547087,-49422984.01948652
173,144404520.1983831,101726588.49700291,-41249962.48811074
174,129843485.39461783,92972827.14460625,-46522628.51172175
175,137351502.47682458,79789812.8778482,-22724135.185948826
176,100225989.55867083,70269563.59244497,-22145336.591742642
177,121047627.46077326,82942299.34015237,-51841840.80925488
178,167459534.5351035,89510764.1939553,-41575344.61646185
179,131885055.19232924,82396409.44927199,-44320292.9817528
180,117983831.62231359,119643281.13432355,-47148535.520177856
181,130247972.05243346,103942652.35506548,-44659977.169006765
182,112493922.95379406,86916549.91813846,-47652069.89064085
183,82244911.30475976,74902977.53284101,-24284776.294196192
184,99695273.6837275,87567572.80665423,-43148127.97469564
185,118063652.27713996,79655742.77258936,-43791921.62390734
186,108043488.7029519,84215261.73476173,-45542445.85510692
187,105665328.94255967,79272619.0594202,-28086816.73085887
188,90182341.12500317,70976583.30636631,-40360663.50469404
189,139584116.5080715,49794183.37530406,-35945870.91505408
190,91340599.5412013,64492107.946553335,-38354661.93642972
191,121741309.40175566,60189295.81679557,-53606038.15149359
192,112918883.20704208,63671929.10058968,-42020522.30694931
193,109469198.45773502,91454447.87847902,-71406481.35509028
194,114708246.68272503,78636091.81910992,-63682240.13650037
195,95544037.05505228,50631798.14054669,-40391630.717461735
196,97572485.09862407,86026791.63927135,-52285556.82400466
197,106708920.70687124,64495272.80613912,-58059651.953427024
198,123010710.14635572,92810189.3791724,-60147424.89930679
199,101193046.34609447,51892474.155869216,-36988596.98554879
200,94562418.70252696,67926162.91354111,-50419359.86927564
201,151729904.9843869,56713789.105287455,-43291799.37054774
202,103170119.22955374,57558510.451749966,-48714486.205430135
203,85666536.7529153,55108477.32169286,-35795580.085884035
204,113777325.59674488,72715081.60899167,-56567940.51580052
205,89582037.25279327,91163104.68056156,-54849976.99045595
206,113880724.17814808,85863968.5331974,-81391269.01161961
207,94654544.2964062,89750660.38196231,-62565058.5384117
208,102333465.53683081,78714648.91818748,-60853040.755467854
209,91493153.00394377,80546982.80389011,-34814471.88317455
210,106135280.06949504,81055019.0233455,-55774206.63645494
211,97223551.46577038,70473045.93496768,-43010826.76248279
212,105404533.61499007,76265799.99081704,-25719721.614724167
213,144573217.78715152,59374110.673948824,-37317523.02844835
214,129622759.75672008,80170429.90824158,-51728734.267227784
215,106503270.11213273,60286999.127319336,-43521311.75013902
216,96066611.53897771,58815351.283329405,-46272878.17091125
217,113634975.0194042,79507377.71892032,-70442254.29805422
218,109078407.90286297,86252709.23106982,-71011234.60359207
219,105904126.58227059,78240146.17657879,-64926712.72853692
220,100669060.32444665,77209488.62040934,-61496462.284045935
221,97487459.6328137,66355553.55704556,-41514077.04899798
222,102271768.33193128,65873693.63600306,-58898882.50393196
223,87557544.16055208,65357882.353884116,-55167383.90562323
224,69053159.47599478,43808528.54365555,-26181958.54556589
225,162581539.91786405,78453059.285783,-51401782.452442795
226,75275055.26086804,45984862.11044911,-42133023.33087393
227,125738135.6322238,57935507.09813314,-56716022.23642704
228,81510368.42933281,74099070.10789804,-40488872.1113494
229,94451065.6492659,81044457.26391481,-58578098.27124773
230,78212172.35359606,71818395.62908496,-53205716.7771656
231,84722931.5828369,73318284.03951317,-63762824.251623325
232,75644544.88553779,60910033.2532995,-57531806.267042495
233,88269732.1693796,62857360.931816675,-58390362.65080315
234,93720696.35375601,75251956.73802456,-55136518.243748724
235,89994144.52048218,73708769.71483374,-64067667.00971746
236,93068034.7222286,61324335.55721144,-45853596.45941534
237,71782292.91621292,44310117.292308465,-45538114.93536734
238,144072156.685732,59470213.42005386,-58858435.77050179
239,91623045.85145253,56690694.95873849,-64586299.53320513
240,111130374.43352062,60862254.00256701,-60718561.667286254
241,108254972.64885382,82312351.26254433,-59369649.59174579
242,66883187.7368868,59198163.13595593,-41807106.616566464
243,74824608.74406588,54141633.84657105,-56889485.9988782
244,71388458.37318729,51792675.790151924,-49074568.96741397
245,64290759.23585069,58416588.49764144,-54189259.72779793
246,94727945.06689416,64228381.422064215,-64897697.96141478
247,95727860.9864915,83840552.0126082,-54512815.44082457
248,91883734.53932343,78268063.3699497,-49847091.11873584
249,76777216.30318367,49198698.49412987,-53712060.619375184
250,87724548.53686862,50902444.47342122,-48201934.28348889
251,131345244.63402264,57625997.48828254,-59754057.00788677
252,98058355.5365012,59279883.96212649,-70643609.262243
253,93876444.9938175,79412429.0674956,-62531945.15158927
254,117286394.08201987,64599687.91031082,-49895951.12082468
255,85951359.58809572,76299432.02648166,-62279156.37289497
256,69134878.56416795,55723473.723331064,-38940280.778929435
257,84695320.98022135,56719643.70061131,-57051923.51196459
258,83111432.53639607,65979786.29894182,-49115711.91911399
259,94795013.30621092,65506777.32448683,-64434828.06567978
260,112462435.15481554,92472251.06834623,-59027478.86201439
261,67208756.0038775,60802237.53546147,-40848616.947489016
262,72211676.7102176,55072480.21268987,-49900204.80638793
263,106657988.89925887,70123786.88490482,-56945896.7552391
264,113355980.55355394,62192856.21143479,-55645065.84977968
265,97698109.85727456,64653406.26049164,-57042287.48697718
266,116660160.07633096,74108290.69597857,-68399941.19668633
267,125681980.27759083,75064786.97816439,-51906336.75186462
268,135443872.41688123,69654974.90904036,-56901062.79899851
269,103865043.13206546,58675244.155768864,-40390060.425725505
270,99385579.16382788,55802655.825946294,-45401783.73684806
271,122842844.04513927,57435045.02091546,-43338017.64582648
272,140308133.19996908,65984734.20687141,-69783024.85544106
273,132329961.22131267,93818609.98427291,-58598061.96560167
274,120358555.29412688,78638131.76556519,-59974664.81769693
275,121144173.22645767,56729370.9941538,-35635804.18228967
276,107049774.98000534,72855369.26839541,-46700264.40053285
277,151206982.7451819,71982679.73180328,-79958861.6668086
278,90922335.071723,57046398.99379298,-59999445.515128486
279,109450754.49801382,70118147.8977585,-62042078.602754764
280,126702196.69507605,86037025.15295847,-84414315.23534942
281,88095355.53785577,65480702.38483513,-59367846.826141246
282,71676255.57556765,51135629.76400048,-46369477.95796214
283,86961817.4849608,83156902.16931137,-47638658.216331944
284,133327850.81239401,87016357.52469867,-92440651.62671037
285,94803848.64893062,74505410.20692317,-39371266.5985323
286,107867713.269285,75832462.63429318,-81170860.76325983
287,87848766.07654385,89657576.02238901,-52453673.750119664
288,90413287.36063817,63416528.12398489,-50778085.42863253
289,68960620.2329101,55872049.25905735,-38030998.71850947
290,132557361.21311666,55202391.34118929,-50581341.97516961
291,126542323.80338557,74516480.75318906,-81271218.28083599
292,100148467.76277864,55172957.98484685,-54112738.49726603
293,123170145.61993358,79094829.94342104,-82502947.82664351
294,87750741.98974708,62192370.03471454,-51666505.63677035
295,81763249.54154232,64966898.77633409,-59409333.049619585
296,108907765.50973578,82767800.82757205,-61201081.26550187
297,89663777.38446729,81843409.96654767,-65796975.185472935
298,77541538.57268207,42558051.809029035,-36091263.78387491
299,86599935.31877291,82936943.34085305,-34349124.53145527
300,83095152.79163896,67357066.80991589,-48190294.78634736
301,108346069.32774922,79390633.60932727,-63383537.56142952
302,69150644.10888714,58677224.47381469,-40369345.12615892
303,127491319.11123143,73459614.07797839,-58240659.72459376
304,192704787.8506167,96533723.76034383,-93936023.70700763
305,118162797.6221992,51458130.692753136,-40661160.04584451
306,156702555.89363545,94805989.27321462,-85124927.77382284
307,142457228.37151882,73875476.0466438,-65299127.9923402
308,150697787.20755327,92174012.9956714,-76909189.6409181
309,144533510.66345626,84182492.4703619,-65755715.59569913
310,127411794.88235916,95963935.44206761,-57814387.29336079
311,145084088.89493912,80769390.63386485,-68436027.66113292
312,133748186.21698338,73972385.91985291,-29426479.2657369
313,128522935.544989,69220240.17994814,-62198225.64891166
314,120326019.68288836,68528918.73955221,-24911730.18818338
315,103371425.44771238,63373041.99971146,-34983965.123197734
316,129706639.6140101,78896163.4653542,-61866161.97257155
317,187074609.89023215,97770256.36656757,-85525039.45054604
318,147443789.0915764,73282851.34145011,-58255070.39837999
319,113303915.49904396,64544717.885437265,-42830656.87841242
320,138132315.32062906,71933751.5980929,-63786130.58478137
321,144200241.67367998,79771655.43362705,-51928326.43963811
322,90748185.67079487,91120312.6079079,-52589489.2145463
323,78148159.09263206,61605646.66268232,-47267688.61660662
324,109517819.23491812,90962657.16652751,-43540709.91198592
325,78072911.6904145,57246411.0743037,-38632254.22796869
326,78805954.66399315,72983414.70315355,-49501706.98539938
327,111175490.01363197,77702688.99282554,-35568851.876638286
328,87857293.8916719,58282343.828157045,-46820563.66275789
329,78506438.72373582,63736353.23867233,-45056017.71699353
330,89700930.72417021,91360162.75878267,-53190620.780165024
331,118248819.93610501,72212273.98772708,-64906431.83641366
332,115799419.475238,69306548.68940996,-55885677.086509615
333,114851123.17387833,73422583.2176352,-67349653.86817575
334,141202630.77905226,117270168.69394039,-76872649.55500248
335,127823111.81477812,71392278.99538633,-53133848.91833634
336,110759384.66129737,89326575.2339321,-75527404.06929849
337,100076960.81839998,76063356.76500006,-51430479.530740716
338,116995311.28402123,95548434.15614457,-56990782.82283871
339,124230160.12576716,96923508.64767563,-79319376.83341998
340,124056915.02447446,85007866.41428095,-63631065.97813772
341,98542964.08655953,70543723.97739886,-45385265.081620745
342,104293658.20335837,75827578.34373097,-58974127.77396741
343,117061920.03172345,80864175.31625764,-62250994.092556365
344,131535669.4128777,111707070.7788334,-86857049.20814314
345,122237981.59814517,77687533.06939447,-69839596.78361788
346,133410356.85360181,87053043.56541319,-41430282.72195759
347,145111037.02433586,91279606.83768556,-89628179.55941294
348,101090825.90117781,74163220.53782007,-47007587.23266934
349,152204100.85168296,76148434.65151876,-67297635.90827045
350,146939804.04156426,116545676.17482613,-72810063.89770536
351,118815807.89239733,77853317.36591154,-66476909.156007625
352,112133937.98306288,85174526.05801928,-54728269.043998234
353,134133714.27943663,84043095.39311951,-61502054.96412089
354,132934246.10507098,84455759.91369559,-44318955.20392986
355,127980034.87280731,77169042.75657119,-38036155.25937529
356,125249076.11933821,67182257.42779765,-59104243.44839773
357,151369876.30719814,87837534.5621223,-74005421.1014107
358,128409175.47087249,115706855.76545066,-50005459.11473466
359,129708405.69918948,68453902.2154923,-34529691.41604835
360,156740946.33424613,65614033.966931954,-43832795.51340172
361,152856439.15967584,87569938.79440871,-60962699.70876534
362,87659558.32477188,55611880.18076148,-45686165.79810684
363,139176442.63501197,81199788.00354515,-39917643.24691094
364,86978278.23647504,79986775.68844102,-23521801.9574945
365,96801832.26800485,65039790.77229577,-47658343.68164233
366,82112646.15947643,67308971.35092577,-43370347.62832687
367,109111867.18686423,85367896.73012562,-41362680.52577973
368,76858979.26704979,50251967.34298045,-27944922.060616586
369,81409407.03680225,68691680.82091819,-32967842.081140425
370,90354803.54618226,87923889.59863128,-48092462.598623425
371,160580304.33288813,98203952.03122981,-73312078.07083319
372,82901841.03280921,94472249.49279073,-46142938.07451054
373,94755831.91668686,61109424.51615153,-35262611.143600285
374,113522133.30781125,71132434.09787038,-51766557.13036861
375,116347101.57884558,93647651.83995616,-39382887.03676082
376,125256904.71150804,59058918.122419424,-37325072.89198906
377,125588282.18772279,95976001.81706774,-28172048.264309518
378,94974087.68123023,74866361.83331968,-33356041.911104176
379,107886246.86832502,71853779.77616955,-41207992.27208873
380,124576518.13790905,66642070.53349994,-52162453.48171533
381,103359325.2011026,81438099.13638833,-27945074.74737748
382,138415915.79146188,94546146.933388,-51930054.49404086
383,94062025.18232669,56476247.17596096,-23126310.560141686
384,117541200.08537012,86594431.63367482,-39874705.192755654
385,123221108.50156176,87553846.45623673,-33299569.796400685
386,93229735.69606578,67839574.72117476,-23454440.163854253
387,159672952.81268156,86761668.8931352,-65377876.29053223
388,109587125.53111033,73800384.86173883,-20942172.28362833
389,171720633.41549867,93123396.81309548,-23744493.809579093
390,136019841.40680522,83783552.99372719,-49909430.763249435
391,75512382.3917617,62600910.486088924,-20046617.66783523
392,120525198.56504564,106666098.60551761,-36013119.20364759
393,130993925.52076423,91159720.38058694,-44034694.041493125
394,111978934.70294696,88001191.2788576,-31571482.148916494
395,117571015.2898067,94624170.12270412,-30760421.58664331
396,74578958.2324472,80848242.9683843,5926803.06507383
397,135065340.02091786,98834942.6401326,-41945785.496855155
398,100588341.41322485,118000042.04162556,-22849180.45474459
399,82056362.08391927,56497662.07238784,10231179.638740862
400,106666802.26473996,93108113.08035251,-19483328.89109061
401,132522315.83489381,87075638.1282277,-37702430.412867576
402,120241338.82733823,91663771.70247017,-26213395.837820712
403,193628510.6383527,122820992.66504784,-44883686.36409763
404,152816034.91482222,105463590.75890775,-44925393.10152916
405,113541106.26304641,86911002.61405092,-13989173.389231104
406,73523263.51123223,83609125.131701,-9092235.859787012
407,120304763.94075318,110064425.5662683,-20635345.19381512
408,106996696.42471902,73547256.85421461,-21402358.791240454
409,114883378.86790915,69451260.32021315,-25323501.89913967
410,89197046.46370381,95956661.89499941,-13870045.446558265
411,142980979.15715343,105153170.77447212,-22447260.74908854
412,80400515.71305013,85526520.96843712,-25914589.250002187
413,93369215.0114648,79416595.8040799,-22275892.27574798
414,125280141.96710268,73135379.55135143,-23928581.133695282
415,109656540.35502659,86599351.37442946,-33063272.75987813
416,214794871.19661227,108941793.74878748,-64939299.33946777
417,103310289.00736508,113009093.0572141,-45091501.01965716
418,106463269.02099085,82537012.0394523,-28700944.615252897
419,127554800.68283807,68728394.24134378,-11065263.832731385
420,81847880.33912334,121492672.66495408,-37404027.31789929
421,88784277.92001177,69806175.9331796,-9431154.209663892
422,131132211.99499552,86769931.3626098,-30912437.407590155
423,107190258.9386541,68719130.04533876,-24354217.77906788
424,130021912.13714589,87323780.1795617,-13331591.64597249
425,109834831.7216052,115467329.88189448,-33689602.361899555
426,127090483.46620548,91008338.49566455,-29007297.663096175
427,182108062.69641304,109600070.42844793,-72649087.99074334
428,89531959.47257195,74735826.33763273,-7513745.643766997
429,175801792.32516202,94937439.27175806,1194937.185449747
430,92470546.78012934,66728527.68705121,-18314056.236290675
431,121102128.92243513,98111735.55289434,-45921506.07397101
432,106171130.41662394,110809053.60938457,-36827364.8526413
433,128650776.96949674,86568172.37911595,-11347600.415826788
434,95108675.9377603,80702885.62762196,-38829299.209301874
435,103022118.77615432,101564150.45043592,-10332151.875844121
436,131298549.43875329,83643049.20799425,-27573416.092255156
437,128647269.10077484,79932548.48099867,-14082017.08020748
438,164968244.39394107,97332937.56793734,-63689146.99168327
439,125086245.32116511,85544056.77452108,-20820125.66257498
440,133786330.00600821,110348334.86886066,-15839728.623102035
441,189468860.93102178,101150859.13074611,-7389934.10978918
442,89468525.8195977,65621939.02883216,5078903.868180406
443,123366437.78524953,72315472.09718463,12033068.506976428
444,107966291.35727474,107272972.25283146,-18462298.48244524
445,115220474.38797644,106692614.86846696,-29135305.11728728
446,115720642.06246862,92279345.01621811,-9573249.094515873
447,146441480.5166903,97359491.16356148,-30504427.082241282
448,198030491.59366488,100022081.91287096,-6529695.812586638
449,210817050.5940249,81811793.201897,-2713733.8717493527
450,232652281.4377289,138613946.87452534,-25919746.657524094
451,191343699.43956116,94034607.41913658,14057591.245649196
452,168611784.38665932,72661904.56581993,7531201.623760148
453,195149198.32814878,84240812.44493644,-8211146.472309931
454,230192423.58467194,104287228.95887065,10166788.164153203
455,169065151.7204716,119478004.99627036,-861811.7340945594
456,168492077.3506116,109427362.7784442,21686061.47855413
457,174733840.1795361,75748339.81976746,24053290.18816863
458,183888601.66702488,113333604.54776256,24247902.53408924
459,185372933.82759336,127969125.44964862,-17420014.722393755
460,191804552.98768502,103048699.5455879,-8569177.792231206
461,281963961.2273875,116992645.23860571,-18753615.169144753
462,177952755.49948692,133626249.77158567,-6847465.801336861
463,179459733.65961227,87015799.20402528,19283746.624270175
464,198538065.094828,86847294.28334823,56109264.50979028
465,236838453.41819146,99782449.8725387,477294.316230672
466,188528703.49617395,97023048.23552583,18701386.591477524
467,200236062.05830252,117518012.09457016,-4313971.16356099
468,218713209.9718104,97486736.81403528,34097412.84272362
469,208360893.7810941,120847998.74727148,22161226.054793555
470,197412557.16309604,140288220.20765644,6550803.944782671
471,173678971.50449184,85620939.31724481,52777733.509486586
472,180089497.8389895,116174062.68958472,48785847.81869078
473,264624616.17703053,151964650.00680366,-23313266.745593086
474,214489992.7100107,135736688.3824356,26549028.97023353
475,214433885.89547458,109190265.28269334,25086363.13348814
476,198441494.21343666,110074380.97223109,7380312.543762793
477,186724960.9393583,133887687.50799711,35285147.626165666
478,229584554.5498628,78002669.0211414,31467888.16242814
479,268337603.97303298,94219815.98710966,6627421.056923525
480,181733492.4564468,135523383.63592994,43343947.98235432
481,218806078.40956387,126791696.58483028,22570029.86464034
482,217768314.2924446,111486557.15658018,23605160.01791303
483,180907062.14896137,109857776.43343402,19525775.633596655
484,239196754.58889756,127642987.72843127,12890138.010464454
485,189157763.3583238,149105420.43968898,46342508.875943355
486,117400725.00423221,94623852.39940211,29072860.737509534
487,136214300.95180765,120971070.87140907,10679261.666684676
488,169468229.34572774,135756233.90737432,6738269.709722938
489,156401374.62089565,130075725.50880939,-7955085.351645381
490,168679682.51237583,70863899.96176241,25137957.264031637
491,118882153.09544076,127213891.86177462,-17880872.645129167
492,174010398.2760281,103977074.95391579,-1377233.3318766847
493,234592203.23442855,125532176.6122913,-16724259.515731798
494,158118216.58186948,111363437.25098966,402390.89075164497
495,181048872.16589126,135042492.36735022,-36243036.0411759
496,161386721.965909,102556550.56103125,27919178.61797238
497,193229127.05697763,106493661.2083217,24444856.652710352
498,135438680.43812993,132436102.65374851,47973056.17671043
499,129643526.17182729,106567085.56014323,7516920.053544175
500,126770228.33101638,112419767.69075233,19440156.87489195
501,125090954.6325904,133947375.90846819,16021046.179951947
502,161738627.2732455,119602535.61158814,20222236.654566605
503,195946353.9471428,126748787.03907011,12419931.403500693
504,220268245.6486825,116498504.2309765,-21047088.426716432
505,133895501.14127705,135295899.71327907,-7540805.731473287
506,231889443.5972359,128265176.95708275,-27878403.568091273
507,167790075.26575106,102553179.75706553,-4252507.15086221
508,146475625.36568725,109404966.52506596,4902538.460135216
509,129919550.66188599,97974849.29771286,19219999.496634994
510,205003962.60084558,90297566.60428391,27305314.528583545
511,133121878.39717777,118891858.05908549,14609478.622141795
512,133297447.26488708,117728600.9663952,11124026.532852491
513,143466597.3514064,113435317.95980509,46245789.261719644
514,124730304.08551137,112355766.12633784,-2490966.1028607907
515,174460240.959218,165080990.4090977,-11048437.908946378
516,134725592.46496707,115309368.97047076,26190844.638759956
517,208603558.42276797,92860874.44951332,-13899838.733790081
518,217350426.76484853,159561960.3913743,-40739709.55776721
519,164303947.02958882,126319114.3270168,-4417390.999307554
520,168468607.6386376,84022469.73214889,27171518.99947056
521,119799535.13843597,130500762.55440037,-15260056.592794752
522,219662167.02761564,92295287.16604099,34118653.56313707
523,157118512.9777977,112547850.5364611,2148090.733575579
524,140126975.67753255,148674402.6237937,10661101.310896639
525,126409443.20467645,104099688.10793148,16631697.926796004
526,160924091.5777592,136346704.11170256,-5726791.177979666
527,178389708.33511412,126495319.03848718,31003000.528470982
528,131673107.3306605,105066757.42047538,17377622.070898518
529,189677377.4030318,172506310.7542052,-27065981.681620374
530,174643504.75095192,145761468.69190654,5416098.052339424
531,166522044.0472617,117965825.44636239,24715770.052383345
532,223256167.66463143,147191067.88715097,-34301836.09072218
533,156127427.8731817,131976671.71389271,48112738.57927528
534,221399945.14463454,113662782.53739071,42198210.03556027
535,167985019.5957671,128258496.4461027,37033013.442889765
536,223867955.0609499,132956526.61320928,31355933.389332794
537,147293745.58697972,165132013.5027679,39545419.21227346
538,220644698.60882893,106965065.65481377,22344204.465366602
539,156912189.04926863,115413820.48719095,45329670.721013464
540,295195716.695696,194374839.8178031,-2204734.557500366
541,145637814.93989775,115594480.23924074,32991154.806522116
542,154387904.1252425,125300299.73253812,19444873.800122496
543,166859387.1373165,137661376.96704805,41261959.7031436
544,122936315.06961615,147914889.82864168,6523058.660246476
545,240662634.03304872,174418027.7530095,23783267.323225383
546,192499339.5244974,128998783.30606246,43226727.239436574
547,223936185.08255,137000314.19066775,61397008.25585261
548,216026177.57063666,145403258.71588486,38945850.889422
549,252113135.38941282,169719818.8691223,24359203.957536507
550,185292369.5429669,175717284.2842299,50217042.43657792
551,210821215.76439723,110015971.24526696,44113764.03868236
552,263262237.7445344,153009949.0043867,1586485.9670208138
553,169321279.06425282,122580617.85863571,77193430.22110347
554,220776447.75694022,183917788.49726647,70096312.53794548
555,181461520.03854254,149760033.7337593,42731920.777483195
556,193075123.93668967,133575919.67555945,31120756.488921113
557,171860216.0306659,150740362.63443977,37029352.545746714
558,157270017.00101832,170178673.07751513,31952936.58560653
559,201586654.9176112,132982843.86254539,27253628.457718804
560,189515541.88677198,135472376.50284275,62650153.37298001
561,232911064.52760562,164053560.07203683,12548886.00933733
562,240830965.2245383,127260319.22862002,46054010.37538419
563,221579969.61046806,193985158.9493521,5777762.299246986
564,195376317.80263278,113083303.9472969,53822415.70155379
565,201467593.34711453,105837797.46655947,51752334.6266376
566,181892742.90380028,144084496.9675423,42725303.59054191
567,190295186.99033606,160436725.6845133,72084337.35820785
568,243728899.74732202,167801609.69661456,40211957.415604465
569,163304169.60723203,158472979.98574543,21361282.257590152
570,168998127.0481268,126387371.67110205,30601108.588503804
571,189116415.84948573,152767534.57103315,3060994.7709479006
572,183112781.69184023,162915900.53384954,3918713.296602333
573,164545453.29807204,155088733.03673148,17133324.01740349
574,279660997.3198363,197378474.5225331,111916.89449273371
575,247479886.3306403,101703147.71592,28898436.036473285
576,153572801.82595807,161152204.51863638,35681166.031927764
577,197561674.50176173,192930344.77132523,2937153.7812789553
578,185046744.2732134,107655235.31330922,39888987.23944452
579,148280240.812814,138622031.80223346,38417421.85005687
580,215588779.5383424,130726936.1542441,22246685.280210175
581,204210849.2522822,147898252.20041794,69221865.36207943
582,180537168.4260044,214755206.19979507,40633483.76248849
583,246908528.925436,148221627.79891443,8892150.2389195
584,196779167.73349297,141448194.5115638,44968579.87304626
585,180529498.2315883,148478155.97674105,22162206.604421638
586,226648967.22280002,169142854.6588167,-19892935.91404974
587,174208052.18467185,149916759.67699865,24537277.11521066
588,177667550.10250914,112913035.72786406,64346022.24186433
589,247187843.37688386,147213517.3613757,45671031.41637981
590,201345129.4475785,155430282.83726603,65020257.061846256
591,154569832.7375699,149659116.81617615,13702038.646842886
592,174367868.440507,132033519.9843947,68506431.11289442
593,248925023.48515737,138322923.32023594,23320929.536038358
594,196303259.66404706,227801366.44628188,41819894.63341674
595,248955268.9298896,128723847.60746935,42675917.331272155
596,176707223.96139875,149418988.02409765,58340972.900077425
597,281846244.06431663,170128813.15676188,16431093.440243907
598,231658503.24044612,131617997.968911,26238746.218860574
599,185982838.12349924,213791587.21479064,34222884.23965006
600,189573048.51057088,109570251.0482002,57404233.99534163
601,219397130.66042593,122485372.43966393,35084347.48133114
602,189252080.597826,149780475.16611934,26689177.251135595
603,237897360.95232528,141813932.56818664,54086723.96888861
604,231354420.5748727,187688964.58831507,60941858.821037106
605,222714730.27199733,148901905.0034089,39031580.03463968
606,286188973.5512086,183965554.6239433,-9316237.372318517
607,245302872.1835194,114697218.18332604,61153885.259338625
608,315046445.5971112,201912486.8453187,7093197.682008471
609,183958794.76823926,175151641.6419579,75132531.30765252
610,253019911.24721363,130652753.5153263,67071764.63035631
611,280722475.21186894,147121080.44781613,81900637.14085406
612,324949898.76868296,158587819.88618934,84191201.51061766
613,287914267.42204595,223288581.07660025,107029753.91910966
614,303242374.77359945,158265834.25736448,118601582.48907752
615,261949064.7673076,153881170.32208508,86668321.34474817
616,302861508.6787252,240510442.48543575,72896779.89373372
617,253754338.16496524,193398477.19851536,104149376.35258125
618,352577661.84725904,233959200.42485005,52275219.49730555
619,280131504.1945172,201941813.24798164,86698740.88104765
620,297779306.85700697,196173222.60001665,29719801.386505447
621,302811377.45906746,193105123.66479105,159078063.2201632
622,247507549.79410887,178907664.78911605,84399380.27757423
623,282666796.0047494,205211736.29046792,119378067.7731001
624,263022061.98586425,148925514.48809814,85393256.86150025
625,251978512.1799216,178329135.70198783,105562989.40165506
626,274647747.367012,175619159.70267004,117569067.63790657
627,232752938.14496267,225304219.11921096,73341147.62993538
628,235639188.92208624,152050584.97878322,81378231.17437191
629,226713584.60115242,137374663.7748825,75408334.7265385
630,263691366.92740157,228325413.85808372,12817499.14947267
631,281668514.306922,223477946.27486023,18598937.725748785
632,248413512.04311663,188670721.20151472,59253867.59868917
633,208405272.967597,150703737.76404002,62988497.57311042
634,214257192.99075451,176951479.70133516,76066706.56605032
635,180368516.41731736,172229158.14818868,78447441.16777658
636,214361756.0557235,162482171.3069901,79341059.65668455
637,237189154.10438588,190754363.8867896,51574005.635360144
638,231300317.38916683,151579933.68129638,81475823.83278371
639,255844858.0704391,166161526.0834569,99837951.08555488
640,215086250.05522838,160299467.42601967,84518646.78521112
641,192980917.70625204,179290864.92812502,86620925.77035344
642,359561677.1448478,219481248.29456562,-15049185.962471623
643,242082506.84679353,206521439.25905812,44075076.652486324
644,225659127.57634205,202846422.40094995,77881075.64275408
645,228245479.09079587,196179007.2759398,57992986.36466687
646,184427871.17562792,194845370.95669088,64008461.341969855
647,221426542.31661463,160175291.4859981,71447169.02231279
648,206418123.96927637,191642069.53852496,93625098.6634249
649,220542178.4549009,160477011.0501974,84827562.64115171
650,218366670.49932912,222693806.69633812,104436202.2691763
651,277703366.5365784,168018289.70395648,103714095.87820795
652,228185323.9337818,192729366.93219563,86317374.08808066
653,372546936.9438012,217491977.3396896,81089448.23427784
654,252581423.6056655,181434689.64827356,71318087.88358557
655,267951635.6246562,205136731.37105104,86390986.04711986
656,260322684.47703198,204352873.98551434,77598185.36051375
657,310928153.772034,184676952.95673606,83920848.11541647
658,310155330.7184296,204103676.96519226,97252447.2186381
659,210196899.88952827,234248899.4785499,68461134.81899579
660,280820360.9492342,174911812.5324168,122443761.61976612
661,198917648.40606353,158871199.54305953,77226832.04871908
662,267436616.50534892,184134190.1659279,68436461.64659728
663,282159293.6060625,177997726.3622752,131821445.04816175
664,252478200.64627224,167520753.04506847,95599424.63862294
665,345574978.3150558,260858729.50774702,41801841.93502862
666,303504642.1860246,166255424.68849653,84915811.04334803
667,338490678.5003538,202057930.22555634,135632537.08802795
668,204713403.4747036,216343431.93261448,124522967.7071997
669,245904168.24144748,168617516.93730018,90252703.08186114
670,295978332.6685463,205269500.6670762,79911591.37387381
671,313563733.2328147,193563393.73032987,92898494.64378001
672,267678061.7213446,226266892.5121574,85149964.78915948
673,276582292.44517577,161708403.40140337,99239111.65199618
674,224243833.85287502,191475115.69795665,103697813.27113567
675,213856206.97131333,152473138.22505742,79997701.51220927
676,322403850.49988824,234728963.92317936,20269101.391697142
677,305533157.89614874,187209210.03087267,69494077.47121108
678,223197373.8230646,192585823.85245678,114300797.98728544
679,268966923.62512094,207460092.55134887,105527657.25556199
680,311440572.33058685,185015375.19327807,66522795.573693
681,290758326.0524848,254916452.2278845,125382227.18083206
682,202392464.33262184,197422600.0132818,95372612.55010445
683,236090078.97123468,174005787.39322218,101093482.73477218
684,273906765.84222424,199673406.64637303,64084094.44872555
685,313995198.08423525,175268050.03880486,80920725.0373813
686,158423329.36614734,255546845.9750521,85290592.06502868
687,421486794.4815293,240721899.8146778,64949607.21516614
688,273163239.2258682,211306280.5254125,107291970.53590688
689,266307064.32952267,205863706.51962525,39737419.68708918
690,237190667.4177314,163673451.69316545,101152713.65592632
691,275491986.0196677,154401385.82274473,99479770.79785015
692,277268957.1124518,269852531.42217326,115709578.33581541
693,266100299.61480576,219234344.33303222,99879266.42701256
694,392221794.1510219,228935571.2021567,134375920.80275992
695,235955888.35001794,213638769.27139598,150602801.62692606
696,243668157.37800592,211149954.79749033,85588665.95932266
697,292348443.6500938,195334923.40008083,82675634.50437883
698,208315799.25734574,185587800.321417,100111216.79497138
699,325862347.6421855,268485370.0468664,35009520.59374593
700,270784618.74278414,223018559.4846859,105618668.92222123
701,357095669.28352267,220619793.6219106,81219541.41897605
702,299045273.2819084,230140019.69869238,91219020.08664389
703,301370353.6727951,207655621.7716713,141016416.43116322
704,278735132.33817244,220498676.1525787,79262306.16648029
705,266807237.26612353,181385761.15519965,111220956.26746632
706,302861432.0861052,227891468.71450418,141571696.49389857
707,301576306.3032309,223587543.50088727,122189200.12059799
708,319849293.8511053,210848512.74049744,96310550.91297084
709,340374588.9000983,250885680.85858673,192968351.61413378
710,350981685.211824,317242934.62677115,46868892.43736452
711,255159715.1054293,210829499.66610625,134006891.072236
712,195993724.45372963,257217265.25865448,83741459.15853117
713,294808929.4725518,234958377.0589567,97910874.56387505
714,341604348.46407455,241385815.00944138,98904051.52474636
715,286831987.8262936,274462134.80440706,147896038.72095677
716,289002110.1480893,215697819.92757326,95348593.7969498
717,292680033.6790608,233796736.746893,134588374.82811308
718,336458057.9312615,197891274.5608781,136108285.4359515
719,282496850.37863284,263712446.95025787,150792447.09628043
720,342571559.1332386,282287273.44229597,79814568.19759887
721,315309706.28444105,221634794.3581694,88929473.97843531
722,283758425.110728,229578922.62089613,170135279.3269811
723,310294489.52962756,242040812.04799172,188747912.4943568
724,339733323.0681461,366388630.29338324,50206597.50937233
725,252695051.63305292,214217541.16852358,139214523.26462156
726,221857146.9820992,239005521.35784045,127593007.4662074
727,287453958.06735057,156763659.7954204,97362196.12737139
728,286502472.7391738,283946565.2056977,117847555.41431467
729,267807496.2999034,239420515.33628276,120756706.19935118
730,301774221.6863438,198314015.82473844,149921168.65804392
731,298239818.9650677,211575316.26816258,93340353.28198123
732,414197340.9139425,267968205.5569432,72526262.30939743
733,351226421.7687847,254233281.14950535,146584376.84037802
734,232454576.0294234,269368417.08551556,129964236.67876714
735,333671154.1234868,259523255.99332735,42931534.558204874
736,244614301.22800586,228944055.82634735,138693387.82633126
737,378755632.8709944,288857810.7877238,180341941.39050543
738,267602766.02134234,209244179.9645558,146707348.275265
739,248089170.4722105,258963755.4821684,150447596.62744427
740,258266977.96674213,269604370.44177836,120867736.5284779
741,283470203.1483415,169862091.2632655,109456604.37500273
742,200703544.01567224,260233324.65181816,125137117.87449473
743,402669685.12848204,303768735.13860893,80676857.10614583
744,289940454.80173784,203469943.77930555,117919069.64486746
745,349841921.7100154,252905784.17812014,125555312.86835358
746,340832042.3127745,268795488.4938579,77525647.91892445
747,345637227.41834074,273452362.1366849,133569126.45814238
748,296447179.1189752,241515579.84012303,125278584.55635662
749,244716423.05204582,201146275.71353352,127381894.26406349
750,343579295.44511956,240567648.93502945,98344536.35686944
751,305126507.72114795,291452884.4046556,229286386.33820465
752,263723628.05818304,227548124.28015617,143983003.25993434
753,290745914.459176,238382787.02035967,108849449.25435308
754,239493542.58022207,223507738.43529204,117549344.77987576
755,295033161.30380446,265910523.39216143,32191030.71360584
756,246146133.75571525,239585730.79280612,118391150.35036933
757,279078030.02437073,231344020.7862254,105378211.63018207
758,233938078.23837587,217581301.54211143,87150953.0893136
759,366159441.8187692,278863598.11412454,19207244.217635367
760,267298994.16361612,171279037.33141685,115940668.73773141
761,255380082.63030645,282583368.41583765,117184945.95722067
762,281550172.2580021,134785078.54643652,92399360.12524317
763,246003416.51565593,237140430.23266596,90981245.14391962
764,291820949.17512023,220945728.0202614,129550484.86490218
765,232038052.3737067,207014206.13901,98236727.74104276
766,346153991.94758886,386260273.92782295,93763592.77868395
767,268049345.260406,201802505.4730115,100514659.27176696
768,274687571.46363467,220748366.92423454,83323938.06687824
769,193150696.19047067,255479430.88048518,102518430.14224935
770,267463980.51116642,213574580.50340953,88395664.66541149
771,267568293.6310192,251056581.1918496,50214849.14264797
772,227723564.26531065,180270984.9194634,93874352.36825392
773,258231305.82653636,213774772.16740295,102819444.51500985
774,220530877.25363165,209267306.28743666,96316934.77471794
775,245100905.89878222,246676086.32978126,112617358.32882015
776,239670847.24224716,187937980.7359416,67928350.77537301
777,374896775.6334307,298122445.46706903,-2279734.780319985
778,296966286.89139444,248467314.57040843,175362064.2283277
779,255868583.36044857,247133212.66875207,110142871.12123843
780,233949691.0787805,307791824.0233686,152127552.23565277
781,296984727.972592,166101761.38180882,106995519.27911991
782,316252262.8653005,267842054.8298654,76253471.89512214
783,279943521.2401772,274847006.9467202,66140294.646426655
784,252526279.10698628,259705076.0712788,129387832.47441016
785,204146175.23462516,174535947.88361657,105287450.22176977
786,268214543.34532127,186440609.98074502,91040239.23776594
787,246766295.77160084,156918808.62671944,96976841.67166668
788,331183702.41695976,310941989.9191842,39543884.02741127
789,255311107.55217776,221728436.58614174,69955928.30913405
790,281603158.732928,162143965.54159856,96207135.63648185
791,268598695.6636599,230392389.69058722,65594973.997277275
792,255522335.8355377,186033603.85464942,136065261.59256747
793,285082375.95944315,305478223.10106444,67375583.6380007
794,217795801.48642194,259236251.23798057,104426420.4935323
795,258647159.95188773,173748256.9138354,100401460.35411921
796,305455540.25268424,238194610.62444976,82201421.90135948
797,259569620.13633612,238413147.55810967,123517854.53836656
798,204015572.71889478,281089975.345906,100504965.24157113
799,294247601.1648655,330120375.102995,29054757.119500887
800,233597651.5098924,177151823.70529497,104933122.67485905
801,254902039.06422037,277638666.45242685,86935077.62401699
802,231944772.38970393,190326166.9009682,111126103.43999538
803,295306295.0469624,260102672.19991282,154829347.83040562
804,253875723.40500072,240801378.9654581,98519213.22071959
805,332643224.2120772,248229399.33548892,95248524.00455125
806,346243188.8728677,280166062.67290634,174889665.7949419
807,265659973.16772586,291417237.45943207,136650754.60177758
808,276480875.02970505,252775157.8555985,78019549.98664096
809,254274450.2172685,249135451.0171256,92144304.71983974
810,372291480.4945477,306932780.0578295,62212996.70577635
811,230219588.27018595,248707390.91895112,95705210.09817956
812,244912756.3000098,284309516.127463,90590685.53905593
813,257144080.34117553,270483258.77818924,115079129.42404668
814,224473145.89853787,209177605.20783883,89614772.54708804
815,251743950.7635143,198750453.2412361,135675853.89481935
816,253359248.4308989,182165318.11814314,116806062.58509582
817,368816333.4866447,396225231.6696586,-6915783.820000763
818,437450922.9315079,333238527.71532553,22515736.381238785
819,373478148.7624656,287502470.552214,46314976.491567925
820,429092234.8181745,378153812.0743735,71331874.22480531
821,359563252.33528596,343868271.44462377,-12791534.712345015
822,323567418.8497164,304258981.9900773,-29442456.279400893
823,337389727.8748566,292580768.6227348,-27499696.052300233
824,286463349.0766639,335853613.1786735,12975217.498919398
825,330567638.04591227,320001407.4535078,-8644439.560304187
826,320336576.2397766,268453094.06837296,29995733.830432147
827,327002479.2906328,269451278.6113575,16202028.799353518
828,321709340.9194771,262930983.84626916,-7632608.2262309985
829,361943405.6475277,295321200.659737,-34213895.02761973
830,267493063.1821638,184658971.52025172,104249209.37342915
831,262007703.24132538,194268890.3901093,108312003.26558787
832,309665502.2493364,180907883.01274002,111326344.22192208
833,287840494.0022736,222022780.80704007,76745626.85736716
834,309514542.1376571,242990575.65119722,141778145.24327347
835,322022345.79143715,282560337.18619484,77016378.72805227
836,264757924.84153756,208038474.48281637,76523352.79701759
837,269416201.2551937,263267863.71279973,94435772.98842868
838,300638824.369073,220549543.763074,92675060.26742229
839,226607750.3554499,213031722.9222501,84784929.54214844
840,312793819.5382027,319055988.7711294,-19438251.512585483
841,212116313.81494334,168556255.45211706,82655274.50239183
842,250080274.7756526,156971728.01435065,65370597.69416298
843,231511687.28711388,165350928.79437903,89262619.44195889
844,308496177.4255199,216371727.139063,120750557.52505289
845,270416973.1889123,209816874.69887763,79875899.78049047
846,284405036.79642576,244926567.0076582,85863689.61437465
847,266979421.95141932,163481302.79854766,84619371.84766342
848,335095694.93082404,241218101.35917905,144640050.74702558
849,235308689.7309616,316479987.6225931,24826109.961524878
850,220158361.23853767,179478302.07492203,115502840.88265966
851,353831522.9334035,344771418.6558327,-49100503.235971
852,228741080.83370683,209173767.96843395,105036884.45586011
853,252254265.9863089,200377411.8990739,59409727.52429352
854,220015343.6776319,171259332.03268018,59751947.65499024
855,193325938.1965401,178906722.608416,94167709.87511037
856,160952347.35740265,119835961.02146643,52149955.1876662
857,166110994.89057106,194418011.44211492,27782664.050041832
858,244303170.8978297,216178812.1948504,25019873.875028335
859,191677237.2790616,142381886.39111444,51899674.82847298
860,174228434.61233672,172337364.8835714,83490236.50328249
861,206142160.0796054,159986142.14957306,37951341.947342575
862,335781131.5103202,398144833.78857946,-91715197.33779554
863,173380337.26753253,213859599.43540856,66616750.52189005
864,133247942.45464216,161212955.679606,34020448.94378988
865,175562888.69285285,157647923.62812096,66799076.23262176
866,169143666.13818595,219684691.62445512,48275132.697824046
867,135855191.24265748,196269672.17362702,33157732.504839715
868,230975362.04307523,213422438.5165708,29844818.318195805
869,137656055.6924143,135694818.54104865,36782286.65452557
870,175398759.08802995,137528627.0181064,71768971.50249189
871,183463733.41933644,195476444.2283179,-10040183.422903907
872,209563030.54706272,180681045.758111,82905253.39646971
873,194534487.61561686,158640581.1468443,72556800.78028966
874,270154279.86380345,362994316.70735,-141409369.3163873
875,186631047.45881048,169328320.94623277,42244842.2986497
876,238322387.68321463,184612228.82937863,95582866.31512378
877,150501306.97846666,153970803.98809174,31873923.307767488
878,128976341.17176509,149598817.54296124,29247789.804765787
879,149971965.2893843,243130582.82896423,19113979.873400163
880,127889649.59865123,191856451.93991387,45883257.29057699
881,191979797.67518446,162213188.91185454,33767852.99219729
882,165507261.02290127,167691381.48342404,39186896.704747856
883,156915841.81776646,137649692.9430061,54152671.03088654
884,210604621.39536446,167305765.2071641,-16258462.851857295
885,278811537.6010621,353234754.34182674,-89247860.7205016
886,184750792.72887045,160673490.4452663,29783514.166428052
887,210269370.92625192,234402434.58785847,7181588.641323788
888,177465421.55859998,138108487.75648034,23449850.748407863
889,134323546.90657204,178508163.85867885,42115190.463669114
890,206948735.70080018,198531505.9394584,42534705.4614389
891,191703502.308036,156701963.73736507,44017237.8335163
892,98637571.27354838,190612060.40867049,35614201.05403446
893,141385744.83057263,185332625.97662145,21242701.61198254
894,113214783.31420667,191528776.131286,35608767.11517115
895,200227085.97262055,172965457.95835972,46360255.36886505
896,254580188.04406786,284990379.2344844,-78666482.40457478
897,208495361.74015847,276031955.69935554,-2302287.477472265
898,191210409.20592967,215296650.1192808,-39720396.7893534
899,197209335.13264102,185150439.75685495,52121463.74392462
900,191070652.16847423,225007889.3624381,15060576.876557732
901,217699523.92072076,183918049.15242258,42125301.9695576
902,143473533.99747562,154666919.11748686,-3884681.6708608153
903,132252840.99650022,194221425.58700356,22217205.059224
904,197496680.76451114,149937776.61481842,59435546.90919997
905,163667290.29869574,155879722.85338837,41726529.14471018
906,115291384.30032136,154736225.25065938,30110796.08298552
907,177652554.81625074,177650472.74329206,18584378.393622406
908,294276351.5231333,411427275.9047168,-148064531.86044464
909,194333799.8059038,152676028.4188399,33359244.739442952
910,147708877.72578648,151985896.01743,44074824.35886932
911,279820001.2608954,258037506.34658054,-34904739.90475579
912,220242398.66104665,249415118.61979452,9659287.948595008
913,209186429.25899905,180993376.6993814,47921366.78596395
914,280319370.66894615,194391442.10938862,54905334.178201765
915,176612794.36331278,126987196.04332736,38437028.905147634
916,141778465.17514598,119438457.75608027,56683081.42336686
917,173860181.06813598,200773857.637715,44492323.474165134
918,222592266.75187472,148220818.9141081,64442842.324436106
919,216482201.78240392,238131670.1828444,23937851.95413898
920,214659281.58829,239015778.03757802,-67156021.69709133
921,155115980.31389946,182928341.4513355,-705703.9500439754
922,204446347.97577274,183686769.50414392,21589232.12581855
923,202698396.2668228,299986328.604919,-37875067.58982564
924,145887364.61511552,139076929.3814415,857615.3385065062
925,186987416.38422447,214674661.7198925,-10663818.241247578
926,160937777.53868547,191412030.24845895,41404333.556599185
927,211575883.9342291,155184362.22875863,10235539.199676272
928,244892908.4990978,155632267.11151323,76988646.19333276
929,159998206.05326304,152104463.89306137,43502831.65531803
930,209019042.9310635,246953794.74695712,-50562190.4725428
931,169354495.20562738,205616898.91102633,-28943192.374061253
932,167609185.037486,126158824.89578977,39455009.964940324
933,226207661.42765352,231899838.7984272,23701145.27302236
934,120701194.5751685,192046502.14928997,8555581.84224192
935,129216786.34900509,179945991.36837086,40476287.166333124
936,181787974.03097603,215679021.87841398,-29942020.203212146
937,144352323.2616352,197428778.01917848,-12221729.395206438
938,157891088.0558704,225032023.58734015,-24075276.755842168
939,136177935.88207874,172043398.62066483,7128531.546491608
940,189920506.3072319,149628884.97971088,41431184.4150945
941,204575976.6885892,187865019.8961119,47777781.08852445
942,313152314.96799946,328598405.21692187,-114426516.52231874
943,159455581.98109773,184054158.05390182,48299275.10291703
944,136164609.58624232,128990266.86028771,36839137.459651075
945,209703025.96578062,248072692.41243806,-37405953.031320155
946,179244512.05341786,135500187.68502024,24253028.593311857
947,150965684.1488871,158289545.01324102,39356187.88065094
948,203882249.94721833,195481719.95731792,8557381.154432664
949,140319602.55993384,167663049.32635784,-26406814.29508338
950,118650420.27147514,165479574.3877588,5755003.591785046
951,174592757.75102007,247387877.05074146,-41896785.55987696
952,140235827.67433104,173383582.20085216,-16111077.221097529
953,164830091.8980166,118184390.90996964,-1287246.1690595904
954,314667067.7282044,353262494.7078566,-102345285.6192818
955,175269400.46375138,181062069.7607555,-7696374.799473556
956,194106029.95540076,181110828.69644272,12132887.688110901
957,205670021.08563825,169389760.86128864,54566355.98479382
958,196171861.53984067,172884838.19808376,-38861828.75503214
959,209220569.05290172,178544049.38611695,60199471.314141564
960,138584031.48436052,130996223.2647471,22235965.83047883
961,157629060.82010078,162235151.37624016,2147169.0834098565
962,176856267.32372674,190904583.5411009,-1257151.3007052492
963,117569684.31719458,181734553.71745732,-16237810.163152633
964,99394263.30816807,172287939.20487383,-18247075.51908681
965,301510240.43560195,425412337.8299148,-233925613.62053356
966,156205209.06062162,191151632.60643047,23212628.299112003
967,242578287.3863059,108458029.61088361,12993870.812240487
968,223991451.0475884,223612695.8090706,11050500.64990707
969,81917975.89192373,140285509.46431983,-18982510.561531603
970,181981546.62599325,229448014.30893397,-7574639.29125871
971,154099006.72156975,123873327.62645926,35295910.3413639
972,152707981.0659261,144420748.16962743,34273696.494104765
973,230942707.20771965,245643575.59484178,-18941072.040685862
974,143779272.6316166,123218757.85069697,54473881.31299664
975,142921274.74953064,131254699.2460998,27133522.853135366
976,280616749.4470805,369025417.3656825,-178511666.7334791
977,135012312.83282885,181671607.32598403,-11552045.250433292
978,114429048.82181369,137400499.25337103,-9806015.46866722
979,298460588.88575417,281096022.85427153,-34752344.432490855
980,118232140.74110645,138939866.48785627,-12525563.959767055
981,192404410.92715994,135113486.06623,18274396.47433678
982,217946296.9581484,155479943.73756585,37960401.969776444
983,183088698.33598065,186229064.91297644,-16117337.241815299
984,203752131.102362,167049508.5465881,11775662.687724248
985,176908736.95834786,182301359.28550455,-32815394.78635907
986,205878272.60402825,174057805.55040318,63226908.99395829
987,209286915.4965213,237834391.18925667,-63366994.68298378
988,301928411.139237,264497129.84405184,-62082794.71360725
989,147293124.52804208,181657168.9552331,-12018854.223045401
990,192273235.33266056,275917564.12612116,-83453229.02974735
991,158057490.84272125,152640464.4120616,35705630.93083295
992,140143424.52086073,170207911.01779667,-64997615.09300295
993,177485545.88183403,109124821.6839775,54870215.1378994
994,124890269.59519218,165007366.6499258,-17672413.08052126
995,142663860.97473827,107889235.33045655,16699069.207213698
996,142298396.85559186,215953554.86339933,-28265753.720520023
997,190901100.3054889,130046645.66506395,43043964.473370634
998,178709247.71639252,291871519.0476122,-138565825.16066533
999,153080707.21289718,172104136.14485058,55276788.79074615
1000,319465504.9491057,359936723.5057453,-137326671.4158717
1001,195457346.85099104,187268799.95895642,20436502.916867625
1002,174721712.78487664,256096209.23688933,-2199351.004836768
1003,136829560.99594113,115882540.76783107,8473791.987730645
1004,129226640.03370292,174209765.1056297,849104.5386464625
1005,169363012.62452507,160673585.89079666,-43837104.097027496
1006,188239312.9280857,153239094.70169026,9761925.068298277
1007,111503346.72054656,102400800.89252684,905728.0906636821
1008,133216039.22656234,175680515.94258365,-1858699.2617116054
1009,134244564.83837813,153472058.1733264,-24788081.759439807
1010,280417225.5823592,294974806.803551,-119827286.6180086
1011,239046614.2159364,293004821.2754041,-89071751.19696586
1012,144881396.61038944,209872657.96305296,-5427463.8465848155
1013,104370307.03433369,118644313.91983616,14829402.643089427
1014,259130966.71019837,232642478.4531041,-6543423.523249404
1015,210356492.29853284,174941463.04752406,48673024.568676874
1016,226034971.33973297,214698775.40478283,18170144.33765754
1017,243205888.03175044,162810920.02580106,66889658.4376055
1018,231226213.88077393,156248342.03158858,41724551.63425075
1019,247719506.03746852,215593178.43161967,-1099244.4715559138
1020,224111227.84594783,174865435.57798314,18034540.60738134
1021,256361803.23925033,295065054.0509006,-53199453.88923378
1022,331837004.59486914,360130215.49281496,-144861157.7751057
1023,209725128.46950465,208833984.30047643,31419404.76887136
1024,272678088.87963194,159502694.5231399,32858746.360845566
1025,275170061.43465173,192843324.93322632,80965860.85377944
1026,236289869.94005033,172605291.82826194,75213229.46470848
1027,251020901.59409565,202745625.41650355,41837669.79852742
1028,287206749.4561167,231700448.11757913,-353064.92485351296
1029,221918970.56610993,142072988.82037663,44912199.21961445
1030,304693694.22370225,226443840.9007834,70115132.9440648
1031,247337142.9083317,125079880.98188052,40253204.35098735
1032,259708729.19483715,210037536.07573137,28612694.49696798
1033,394578302.1249722,508481020.7187872,-233869266.7879574
1034,252131990.95870984,253445603.14055932,-32994811.107302744
1035,240561144.8369588,202358710.53562227,8664005.454343535
1036,190519590.7707795,166790882.6105209,19028321.697192363
1037,186206062.66662282,165684290.4015403,59778459.73373879
1038,182310911.61537495,152383643.37430817,39112211.037845604
1039,239082689.3836594,167778696.78297183,82100647.62279393
1040,187695688.3255331,213450817.12265423,-1185601.372099723
1041,190777641.2231628,176670774.75800663,24658637.30446763
1042,115298270.69704683,163698196.24723142,-1638301.5598678929
1043,144730119.88520214,150954861.51773536,-1742840.4740512006
1044,205046372.2351155,167450112.0894015,51083075.15716971
1045,309672635.8742581,472131553.81297266,-199189305.39089692
1046,147048776.22371408,190570359.51216966,-15374887.351211786
1047,256766570.39045933,305387536.2519441,-87509581.2882714
1048,172927535.29323784,136970566.26234242,65712580.586777434
1049,125599532.65041286,132069265.20362921,-23079741.048532236
1050,125562241.31983006,151049461.08581078,20407152.041911915
1051,183915226.1920945,145588351.3549922,30453664.36573177
1052,117627841.31083968,164063382.0280002,11171999.17561176
1053,233313445.64635226,264351023.26802075,24498924.939900365
1054,218633162.44551682,147122543.8018323,-6924729.50437207
1055,212465183.49622768,165403142.6189147,56825362.826776855
1056,262707170.90145573,467917325.2871108,-157378483.14965656
1057,255336327.85906982,154768970.54430464,75936517.68610568
1058,271661730.7566786,156720147.51182002,65701640.045847155
1059,338278330.57201034,239681282.9005532,-15017496.465942139
1060,327979879.00810194,302528018.5464548,29557296.929122902
1061,341800280.0078828,162962064.9331608,110556903.0146591
1062,365150770.5550669,229726187.96722028,68511886.95693967
1063,242935251.76942036,112677905.44327168,74809946.50615683
1064,332667756.610464,180540138.18553448,76480926.52287433
1065,253746565.06914195,158316078.4029176,63115863.961983904
1066,290866440.64703405,228992392.0293128,24570884.221603464
1067,473590250.8212255,447298672.219952,-13330220.231391625
1068,374812062.2707292,329271252.6939239,-69737130.83541057
1069,284557639.87520987,178258598.0510335,73339910.49897726
1070,277794117.0355713,170016130.25702405,81761915.41759817
1071,255021989.8881245,198333783.24349606,24080482.59320976
1072,355300221.774197,247327209.67562503,7966968.973687563
1073,291745397.82559174,192539526.38864672,22902381.596227903
1074,359407132.2110791,200034740.38991085,107971060.78211935
1075,358983701.18786925,210261754.55385056,111629587.54024653
1076,306277248.5673468,159662221.5675524,31757844.18017289
1077,218948097.48099592,112913344.56784995,31264370.62759642
1078,284651170.3542084,156917131.87311888,50260100.129115984
1079,397577834.70605975,540482192.9069866,-234827128.53999344
1080,245609073.56304348,182906029.38028267,19273964.23653929
1081,296473338.0409556,160169260.2322658,41827369.63118265
1082,271790479.8438926,124266387.73107189,73912814.65149614
1083,240787844.74327394,160255580.61219108,21956007.540389657
1084,276593512.08611983,180066431.90090656,26536101.20763981
1085,196411353.2683003,201271608.73500302,-58145829.62968892
1086,167712005.84644675,163810767.1157764,-8125058.00991444
1087,144066222.44327533,120688560.10370576,-1338428.170990356
1088,199120391.62354106,201474989.98501587,43379486.247212246
1089,287051897.4735281,195582704.71093613,52541978.97794972
1090,243193510.0510525,364075241.7162101,-128836904.06644826
1091,275810983.5133978,331829497.02950335,-67808838.61962576
1092,107618660.93353386,197793793.98957315,-70490295.88465104
1093,157675113.1783951,154944008.2726803,-10926240.65759979
1094,118827766.42861456,124858788.41310847,-5028476.833337757
1095,134786841.89262953,165633608.11151874,20209680.577776372
1096,184058837.5810761,189322160.79129866,10917421.52646319
1097,184722783.28506184,298921846.6187877,-79223396.13375945
1098,261089463.9278372,162523710.06224716,42290118.56241703
1099,145325578.1038034,128355881.47783704,2836034.5446681906
1100,159674713.05268666,195258784.5152932,-17670611.742653597
1101,151678489.70569602,250030392.99981052,-17095695.28562163
1102,312169850.37620294,512997644.35012585,-185991411.56303972
1103,240222660.85314602,136097347.01362646,30441138.13965875
1104,207245768.3918662,188153980.05492163,22313750.63303795
1105,240350185.74281293,225586691.38247797,746417.4498351554
1106,190458687.10791472,140916527.79235384,340414.65286903776
1107,87073777.07307735,149604852.2689638,-28495200.61897683
1108,102513676.83814779,104736193.75002566,14508967.410729494
1109,116057451.41634794,179287046.9271881,-31892498.088553578
1110,218565913.2954463,303148014.40514725,-78426439.73424892
1111,210562407.34702158,147486990.12696946,56188034.05160753
1112,206830491.3150823,231403910.8510168,-30462230.81295314
1113,264837049.776579,330551173.59095585,-90090293.59262173
1114,202911426.41220018,312518491.46082807,-49161993.74287264
1115,173811006.47904417,104931505.24013309,1218427.6164375232
1116,216763342.9663135,202475397.11923665,15728028.359273152
1117,253784111.6514206,166523653.93837285,48808166.11551911
1118,263453805.06409442,237811669.44192895,-29700535.940381903
1119,191963437.46302664,144637550.27925873,42746173.96898217
1120,256519826.88002104,165302946.4782815,175286.05340659022
1121,199066791.26776293,210862402.26849356,-7426898.6496617375
1122,142894884.48620993,217919229.492425,-56928627.346760124
1123,165542621.71887338,293433114.84566236,-51946141.05592379
1124,261208477.2042173,206639277.33963236,55561179.08647033
1125,273171217.3445968,401246141.7023375,-132067387.09886919
1126,168918631.71064797,155034278.16947293,20403547.684083015
1127,171990748.6149545,184725845.6055682,-4228100.445013871
1128,201930802.63861454,190179068.6738895,62915933.40186241
1129,215778641.65343556,201786134.39728224,34051634.69580785
1130,153851263.19419196,224449692.88821384,-20459809.105049286
1131,198838084.04809287,214328811.98498917,3669513.764482374
1132,204211604.77586603,141229888.1802264,26355795.16125253
1133,272148585.12926745,254919071.0034761,-38105369.375147976
1134,273494976.6757288,249667780.6202969,-59046595.32981692
1135,144838840.22316197,203313173.32168007,-56620125.545726106
1136,120237524.55547708,202173879.5499826,-32568461.593378346
1137,251706105.0506895,439884312.6224518,-189400338.58341345
1138,203205821.09274912,158953576.0538834,39073669.564476125
1139,210493916.68041122,137295800.4805323,36410553.26909582
1140,119744260.59500575,155571424.88337186,-39062902.08260375
1141,137959230.75541592,135048007.30032706,9194208.626745949
1142,179937124.1402741,222138475.51366252,3793718.317607637
1143,196923334.7122198,216771568.75017622,-42813234.25147775
1144,122101977.41209279,130719336.22722772,22318174.51363476
1145,183067046.17336392,268682234.892632,-20068823.489830937
1146,174281302.39869627,167544119.65737104,-24437706.259332124
1147,290379244.3013473,354195155.96497774,-116151892.21364607
1148,305388675.93332237,507277926.51640224,-216141282.72286984
1149,171171980.64908424,169768826.8955461,-23980350.75955085
1150,117046980.50906335,140558989.17062473,-11796948.520148488
1151,101676020.13039832,111957197.36997074,1094936.795984214
1152,218467256.00148806,152924059.54508275,12209522.377106102
1153,228187664.24941084,200115277.67034733,-33544292.146851934
1154,144577617.19314924,135123312.16080716,22141009.69707364
1155,125096603.82938676,207377614.77323893,-35621076.07093837
1156,288552958.4313221,313311638.35579497,-61367881.43296165
1157,122083939.79048504,149764142.31976885,-7645266.550315911
1158,139353902.44362038,162085462.54953942,10552769.686739447
1159,326565923.59224236,503732815.2261441,-192025859.39884123
1160,234940396.8736231,410357453.32867897,-166403673.31625623
1161,206899709.9583039,145637858.78216097,10216032.24282061
1162,207062476.33536038,192706898.32741308,-932884.1961454204
1163,123425047.36551479,155677228.07364607,-10094935.898871874
1164,168500815.93306726,180321398.91411856,-1632768.3743296901
1165,214865014.44515243,128274057.46739574,29861146.088498313
1166,137272122.79634336,125605034.68405764,-6085292.187222344
1167,269451871.7122626,383958066.5971143,-119170418.9986742
1168,149257303.4895353,164938382.90032333,17354575.99133519
1169,165113345.70077795,153119287.56662035,-1985969.1477531025
1170,269369782.5370413,367010187.6462277,-92210497.9018359
1171,209127756.39578617,324830342.6674554,-125924535.53220855
1172,243539259.28631166,294751334.52123415,-68192502.81479056
1173,173576840.19677907,241654629.00490043,-25686740.662922665
1174,195287721.3411161,159200250.1015309,41487172.06769566
1175,193620141.71509758,191296470.22349882,-391875.2720567694
1176,171309128.98554182,165917235.69876698,27011802.41972291
1177,164078824.01388544,149291080.56192672,8953817.82921337
1178,277528041.34119195,220812725.98644555,3614578.1469865
1179,212445688.56910145,207827684.99196133,-34114325.866512105
1180,236829831.28464678,245115935.17032948,-60848561.79971614
1181,328494224.48783815,392489442.38984525,-168140358.0939745
1182,207473402.5051398,283675430.979544,-89914473.18965553
1183,218494293.84317374,184703035.15805098,-54017548.76484346
1184,263691119.97807685,277129621.3984554,-86792649.11566219
1185,280113091.7310914,189308817.9317889,-1090804.4278702023
1186,292315725.4955852,244408263.58163306,-43665396.35955123
1187,191338476.93268427,196638181.77810732,-64453858.01691373
1188,292072027.4464423,192257431.32682908,4532093.535581645
1189,269970241.3555707,321835574.5645409,-71573470.83497217
1190,252898824.30955574,198197098.0873801,-4675177.82753325
1191,230846943.01879293,160329094.95350316,-41601133.51912146
1192,388981158.5299095,394022719.541787,-120094791.5230731
1193,375370610.32658756,330099760.8921071,-75380147.76208735
1194,324360140.2093837,205606053.10686293,18442932.463223383
1195,201845096.04579026,90659454.8041679,34332525.69937167
1196,252742416.87812832,246841804.67395428,-53213922.37838162
1197,323147974.10648614,157184383.7905976,20231226.58746183
1198,242186968.86134148,190750923.1196537,-3717311.4981240616
1199,217595822.02557606,150304833.51659667,22114861.126175433
1200,368061451.5613634,324438306.8563237,-31695533.80572469
1201,324402395.18244654,330902251.2528849,-56030753.42591523
1202,291194692.3638919,253261338.22436008,-39359292.58692696
1203,394556797.72518647,280876068.0961715,28390865.878688276
1204,318048138.2203089,533276743.5925499,-159030105.2267542
1205,359622213.26346254,340009443.60987544,-130847245.82403502
1206,321048587.3127691,243854781.2291987,37380482.61921911
1207,358090121.2069276,299407916.7667594,-18649591.928456903
1208,253939916.720691,264719574.41707903,-29187679.046787057
1209,215310023.6612282,220795645.39775303,-26329505.232502494
1210,276487732.8763626,274451754.69452184,-30132851.97977151
1211,313501329.16808474,242281132.53403488,-14352991.080065273
1212,359126269.14508724,476470616.0321238,-152832197.20131114
1213,211377884.37984702,272956316.2062538,-30281911.59281397
1214,284790379.5208234,264683948.48838562,-8555657.137410168
1215,310376145.9064173,439882373.06060606,-127824338.20852047
1216,300753004.4727635,306087319.9175082,-21096488.615103446
1217,305650593.2949631,280282234.8876021,-32557126.09767446
1218,239113139.50521064,227138490.5261983,53049322.39594087
1219,276216848.76498544,192163035.37572342,46110973.85354195
1220,138504009.6071867,169419099.74412853,-25976378.637826875
1221,172313448.37078902,146836534.81665403,33079229.78761056
1222,184792286.19243154,235438365.25334412,-14434926.571842685
1223,260533230.5538073,355026519.4254841,-49395418.98139782
1224,154215652.24744081,93185480.31084566,-12532014.627062708
1225,168331216.62734148,273529819.29372203,-44549105.4235867
1226,212393176.68407324,424352035.6644062,-195047925.1790638
1227,195604264.2523718,359120383.97436804,-108949876.1956894
1228,182045682.47948596,228193606.70891026,-26690328.61720702
1229,270017557.4665305,245817564.89697528,36959418.07860713
1230,309600329.2340981,130914985.93785863,30011536.469236042
1231,201099884.43983597,238091893.8399086,-48703444.966430515
1232,222535894.73437697,203372484.5571359,420942.3732018916
1233,264626781.7530242,204316349.83746058,10902266.981281178
1234,226829977.53148985,323609566.9233558,-113825144.40996474
1235,152329529.65712473,182402519.79293096,-24519935.97229823
1236,219643898.19961923,187007094.1462334,-14680883.16328601
1237,378342786.13609195,543973298.7108269,-219639338.1361348
1238,205475503.9315668,225340279.8609043,-93906535.68384998
1239,234845897.18111446,98705914.43979487,3356576.830274975
1240,226020460.0039505,279596485.2806657,-52844240.482779175
1241,210788585.92148194,164132696.6062092,23125613.08798253
1242,234963189.41717517,167809778.26825428,19454186.72607604
1243,284597284.8216595,180898189.3135871,54884559.61218857
1244,410258463.8740281,176198492.47901243,98384542.27945676
1245,247843064.38018417,190629495.13602415,-2210206.3754472956
1246,368615915.0318876,313928018.7070137,54721141.226692565
1247,420145583.1765056,343898671.06955665,-12589554.645759497
1248,306892135.3493373,317456898.41899365,-54669957.816592135
1249,336039123.33128464,469288661.4825556,-99827447.67900442
1250,347335961.40943664,215942154.61178416,16407529.784281684
1251,266735236.18311217,204388219.38443273,40816540.74562601
1252,330579389.9497435,153965758.62898517,58936930.071341105
1253,255901320.12987065,174525925.1741205,3891894.6485994426
1254,301147584.7193004,313469580.37676734,30015729.06380137
1255,268496915.51983887,159717206.51200497,67765233.81321506
1256,302284497.5639278,325704878.6113221,-9794151.30307278
1257,304853531.72565216,211386792.77402118,52465395.63681767
1258,325061271.45746267,214523960.75846133,22740996.65647698
1259,403860957.4120988,373926763.9787745,-8643348.29959601
1260,296022665.44223315,407140582.19340336,-91161270.54715633
1261,279225487.5449004,262504260.58546454,2978741.9204004323
1262,268420171.10235772,186858238.25260633,55228482.56075516
1263,341530035.55599403,283305868.8585512,-7283993.395239097
1264,318960140.1222358,195268916.40448603,-41727285.53048688
1265,237701728.20215353,198043154.07225266,-23309904.576269835
1266,173670274.4548321,101830727.41505468,56882524.51586591
1267,205125776.28415903,320775343.5803595,-122564713.50686973
1268,153343074.80590937,163115056.71628162,21755439.723038975
1269,201790675.31879967,202636209.75186956,-18862303.370473146
1270,201491835.67552415,376652578.87998307,-151920743.8253697
1271,311217736.46827966,437305735.1312992,-145837937.40135497
1272,265177955.60601854,208014142.46356708,-12564564.29233037
1273,229291517.85604575,202303249.7787415,3790181.1276223254
1274,221948275.8900933,201940264.24985373,-33007467.362597916
1275,180127139.67647818,208456503.3199213,-8346704.871659074
1276,215673815.30629516,174336310.5204979,32458098.727575853
1277,278856673.0674046,284667281.96334165,-130372184.03858046
1278,232865522.71956855,310411224.41626555,-116732001.72060883
1279,267110171.73681352,161077596.9646048,11734176.983356878
1280,126616534.39981374,160322923.3128121,-39834438.08413569
1281,137189670.46475288,81004976.10814475,14340960.267023114
1282,343639222.492583,635429565.6092783,-217970541.4419817
1283,181129378.6984177,234227745.04677716,-89236287.37433061
1284,109078285.46184434,175033952.97201002,-29429084.241204105
1285,223905077.5297614,124477780.1297579,-4957012.021133336
1286,258350694.02932328,258561603.80483308,-45405137.23741628
1287,201694951.71579662,142565264.22222698,6224098.057470538
1288,262824090.69067895,202746958.2719577,17785612.153923362
1289,233160694.26903042,321716742.85346586,-135831533.44456947
1290,229792405.2174844,242225144.17896393,-48796811.65222626
1291,265958026.880682,155237824.05327243,-1388614.545575101
1292,152906348.7693382,252669961.1569759,-57401442.91290995
1293,339815118.07055074,506304285.49361885,-218911213.68999723
1294,105129288.37992193,137003808.8927215,-11006009.212157905
1295,178195608.3754232,158623114.4414771,24641335.122047678
1296,256531878.40055162,228659571.97508553,-44409660.75070421
1297,150395718.3947476,183538589.88560554,-38495436.20399795
1298,140822956.2927421,117967144.01390488,-14298079.167231504
1299,255493360.87801486,358810196.3153241,-120114013.49429837
1300,305824921.418718,244287625.60561484,-31891408.96913117
1301,228798942.15564656,200994539.40248907,-117196923.45819235
1302,261259759.10294285,283275759.7027723,-63834382.00248026
1303,252665590.0490443,172260575.72791287,65223981.78131407
1304,301874453.48252517,595910803.4681107,-227169847.9793816
1305,153324558.41219792,161383033.15490496,-21858334.31771566
1306,286058672.86630577,175596230.90614572,-17797511.310348105
1307,216637925.0031432,122963430.81824198,14545029.97468869
1308,227966391.5848347,142334389.5063132,37503478.164874345
1309,323574142.77780753,235265736.58130676,31341489.851366248
1310,400769207.85574436,372835087.4587846,-59175048.09600473
1311,218562542.41743985,224394465.80116227,-24870265.400784012
1312,310736864.4377627,151398057.46080968,37854392.55868411
1313,378744696.4446555,302145590.37302464,-75873587.50434685
1314,432372409.29309666,217904744.26885173,-9273165.103253238
1315,576222996.7087744,905430582.9809178,-363794290.93315345
1316,403835718.8962426,228281188.8266012,-20429156.217602365
1317,355767891.31380814,219800179.39356276,-26133708.152300216
1318,333790029.7854782,216643923.78575236,-64725903.91791168
1319,446362603.8771973,267913751.00965992,-63169208.174982555
1320,394873231.800571,211027705.01063466,-62826591.47724504
1321,294741960.0082301,193865643.1665552,-66710095.24311941
1322,258989026.04859582,412452337.8354086,-216102142.36046377
1323,323975207.4997347,369412891.28614396,-147520371.9376933
1324,206590318.9709431,212988699.6099409,-76476932.00030576
1325,259879798.0831043,411289095.2106014,-211830380.96277854
1326,260072624.39250085,503406673.4806877,-114372520.36482035
1327,400163922.87671405,332633151.4821158,-100575677.63455963
1328,168732546.98117065,157670447.99556786,-3725314.146253249
1329,243384874.8290329,165838684.2537223,68654050.51574497
1330,246700332.62020254,287091812.02324206,-30889003.984195806
1331,254574508.91332778,183220678.15737662,32995706.664229915
1332,282000793.1864104,139520812.53576514,57991797.566585384
1333,267400422.96857005,137054109.54184675,6233581.110864839
1334,469365188.9850485,435272476.84285384,-4019267.846701153
1335,279705143.7396733,238942546.68456388,20297812.426999662
1336,243515499.71741173,444072209.0718674,-146438552.7120472
1337,350351130.27016145,577842700.5420228,-168108002.02606446
1338,273019134.77361834,302315746.2451556,609619.1367805358
1339,247929067.34265012,296744528.5235062,-49229773.84093521
1340,322363647.5806158,251827938.25220007,35609219.775922306
1341,283936599.50834435,304781518.7141549,-97848817.18784304
1342,305934733.6590616,225979767.65321276,-23509388.187965717
1343,291255178.51670086,263558762.07484484,-34253615.62776377
1344,301889810.9691388,189661327.54845035,19424542.982445985
1345,285726989.58275646,373709988.2794709,-91299938.76139545
1346,455029989.8932762,364701627.91669977,-89854841.45693356
1347,309563509.07889014,170591195.08704698,605975.3104651327
1348,317136430.2152712,628572339.0484973,-200254952.61005855
1349,242416386.81633636,334501222.91527367,-187941063.61255085
1350,321097063.81014293,228802267.093358,16163846.811031211
1351,133958486.81194264,202834565.8992455,-41627600.25783273
1352,174956130.10683867,273624400.17490274,-66506632.84711026
1353,105877427.26911512,254471715.81238508,-119787003.14816639
1354,302455444.9881675,315500319.8993985,-72098770.4352574
1355,382855409.80952114,314520255.5378169,-136341892.70118272
1356,287739394.8331064,463463381.77685726,-194178471.77423325
1357,391545129.6455883,468766270.8813234,-180655814.97629884
1358,371730146.6877343,583697261.6157146,-229963383.1959616
1359,268851442.4660281,160457822.57803923,-42705950.19222333
1360,507784556.617361,241414428.5224552,-48054008.13878549
1361,310765904.1087947,200493123.63916352,-31210158.596860986
1362,366592820.23770386,236656394.47617432,-109720856.86437021
1363,333601649.4985374,245816487.7089216,-78009896.52509446
1364,408744202.0590043,275274526.16523266,-57631271.89679168
1365,450546285.02956885,519261369.90753037,-139513934.0746784
1366,229575377.7928639,247762341.21348864,-97936188.51974627
1367,261612143.5280801,272450622.4278214,-72757704.44469835
1368,502394726.39854604,568960864.4632457,-228757275.03465226
1369,355932531.937665,562997694.5740244,-212434364.99321404
1370,301361414.9719778,295334422.6422357,-101772518.94188178
1371,290933330.8675384,201726061.48335207,13475140.85862122
1372,245535266.0678234,103166910.45077336,20239452.410904083
1373,347527641.452782,163133044.67187843,27513828.68419164
1374,362737142.36130613,180769462.37875816,804115.9469212726
1375,230722422.22303605,351190634.9805891,-82363744.2631129
1376,176165549.35293,121903459.8312943,32356845.403227795
1377,296808888.1691904,298279768.731648,-93169936.60133453
1378,259272165.39250493,216990389.00665447,-22478370.022641893
1379,287462100.28887343,603613005.1601573,-136648086.48392686
1380,285432486.0982581,279143137.08956367,-8673339.777070839
1381,275354008.6438431,312123789.29182553,-68802595.19437416
1382,339515206.660085,183749504.61463627,-35240568.9044379
1383,188468449.97225624,236265848.33468512,-50982143.55932331
1384,290239607.04272735,487893130.74030024,-177525907.5453514
1385,243694188.0510973,160074748.65440217,-26683152.587369032
1386,227629473.7128682,194939157.03256947,142859.960905573
1387,396718642.29745734,130501203.45639175,41784279.01502184
1388,216269475.90170637,211455314.92888027,-38975691.867316395
1389,310064793.4573878,555182304.8656521,-177532770.8696051
1390,284719990.1452373,261212223.26704073,-35622430.63018969
1391,304235533.08467036,211106302.3235157,-35012586.65389636
1392,329468455.39699775,305113580.71409893,-102958429.53508891
1393,239988158.39321837,374859813.73387975,-95680770.31273754
1394,260903887.3664432,221609397.85804132,-28633896.656425405
1395,318034005.9711909,271737250.6664665,-32007214.77494707
1396,194064605.60929805,194320826.7572084,-2391671.6314791017
1397,208215169.57516253,264774608.9225787,-89029921.99351887
1398,235257381.84238312,222139905.0207453,-48624591.97566981
1399,231499840.6892,437029225.8908799,-117033307.06749466
1400,285415478.943792,134688938.1060772,54289854.415109076
1401,281713702.8659882,431547926.31347466,-138041520.14802355
1402,130532135.10215336,378841435.93502796,-89007043.50211205
1403,170156270.14367855,85965630.71395141,27995474.07735266
1404,181472496.24145803,222026850.08056104,-36090621.62705316
1405,247656878.81785348,189849009.55619255,-29276918.211396832
1406,270058288.89134115,196408323.51958692,-83879065.88856652
1407,241631242.9456913,152457631.49214986,25388539.628642082
1408,199595832.32748717,563158350.7330965,-105141181.81242642
1409,255296353.1732575,231827642.7564403,-57159785.08216411
1410,416058392.3739836,357679207.4399962,9272608.171264915
1411,276002382.9600953,612823691.0335199,-176086874.24230462
1412,208714243.87258002,279886719.1755479,-78404708.99360211
1413,245939296.2002592,149011734.372866,-3807565.9900198844
1414,313378439.6423343,161630585.41887447,39421992.144904666
1415,292505771.6644259,258251593.5865773,-53492691.91689515
1416,223435258.12639868,208310074.8910954,-36837350.57133581
1417,241473989.1165392,197448564.79474232,6173388.830975144
1418,307476220.73109466,582782840.9081972,-199060441.78309336
1419,177020118.19857648,145870495.2930338,-4213354.391681951
1420,349715164.1051553,367394952.6007776,-40319814.7123212
1421,283183542.687968,263306435.8928427,-37820228.570597395
1422,180663706.68585297,480164946.0146301,-146973352.94297817
1423,232569532.1738354,231619109.63471344,-55937607.23188136
1424,391909300.9292751,358393360.5626381,18623051.30435561
1425,227587878.0196176,185997577.67378598,-1679737.571175811
1426,258158532.5438424,169783766.9302377,-17433928.09739376
1427,391663133.44158834,539950429.3144996,-114297641.76195262
1428,346977545.2161908,565742361.2669587,-93964337.36876309
1429,149308346.71636045,190950532.7424732,-75083303.14831302
1430,376335773.1084089,291572052.6811355,-91457156.84126349
1431,269074604.167683,151965714.69044146,10788816.945717292
1432,259831329.26974705,165673427.611023,16806726.65664911
1433,298675643.40424824,370878078.8102644,-55355890.42804532
1434,288954574.8581523,223139402.18507567,-21510111.6799826
1435,159218877.94422337,294426155.8654323,-123179013.54157864
1436,304107643.8201828,784437922.1638539,-264406560.6748831
1437,199929947.18163374,456120686.1798434,-124312439.51537134
1438,202656852.09789294,263835876.58715603,-32781454.24004249
1439,307073765.3155066,237836376.26702228,22302715.371942848
1440,166655485.90623206,316721619.1150244,-144826822.64166662
1441,227104930.1720845,146349051.46087262,-22895540.83549203
1442,243977412.97885498,325168927.3526353,-120549750.69558291
1443,240055871.15738055,462279720.8977031,-149151854.66993657
1444,170273470.4689201,144430939.00913247,-6088291.549361186
1445,276351392.13513,848076964.1604023,-232814828.42250794
1446,316881284.3006577,199713021.97008792,-18470939.06607757
1447,277949529.62265456,427402135.8737052,-94006798.01279917
1448,273236700.094455,214306627.15618268,-3316790.228359362
1449,255139924.32901368,335545763.9040225,-52355238.15778366
1450,262603838.1639351,205231458.15516597,-35225996.538246006
1451,383736745.15667015,324599885.6010025,-32073639.672037184
1452,241351494.01154265,250712837.47731814,7622358.853132517
1453,322782970.07423645,766010224.0268227,-260309178.25734964
1454,397874467.14451194,239691349.47125256,9554283.06590211
1455,311882189.4903531,569488742.8428088,-110131189.47427039
1456,313115062.1623522,237309881.48452115,-1511209.210690479
1457,243733590.00744474,161623402.57510194,11089395.940314805
1458,348798923.57612324,283586548.0119138,-28371450.826632287
1459,372863414.04617345,821995309.4135312,-177936652.2178925
1460,265887201.4565364,335207915.82528406,-40944262.217591606
1461,261358170.73011723,410875677.170264,-64098134.48775218
1462,341661965.58975935,1004753713.6842741,-209084299.68785182
1463,261154162.86640453,488562097.53915364,-69682452.00901872
1464,306977648.157381,486623653.32465696,-127894809.62394817
1465,481963298.9828504,469383238.9288834,-13721853.278658027
1466,348270724.78581786,879499748.5834072,-192165133.4847235
1467,185901026.44754347,477838798.58081955,-126695386.03439
1468,286387890.5790541,422695124.9546239,-59804816.58577721
1469,271454080.1477256,975401292.2606618,-176714430.6401543
1470,196398195.6191919,279596443.2259647,-74919238.60099743
1471,171293579.68351108,103820125.16586562,44849534.27954122
1472,275922425.1443664,243646442.48210776,-65773309.03759513
1473,243850989.15593123,560411874.0569451,-93527232.4024178
1474,247235769.38151604,200606620.99486333,-4338236.829211122
1475,148525808.10793462,163393741.43215021,-1610177.7340340065
1476,318614175.52990323,749616855.3890935,-220942887.8761109
1477,156599457.43658677,594397661.3881577,-105132710.66507372
1478,222965698.05079722,118777265.08204004,27259269.846306898
1479,379567183.06372595,636121330.0301511,-125978855.36701983
1480,243185757.35405412,411109967.68046874,-86447687.54036349
1481,249719317.09447083,363688886.31100655,-105894808.14861493
1482,163059725.322783,559252429.9046834,-120834236.79723378
1483,329839620.75185317,198767109.8720789,68016356.15495506
1484,210194546.4202599,214729682.67239642,-34993770.58854246
1485,252948091.5851258,890880370.6557522,-216596649.23695368
1486,224256940.9731451,546010303.2377158,-105542849.63662939
1487,184505860.06279838,237587044.31460467,-97700523.18682869
1488,245550082.05176482,161083981.171164,10658559.119165512
1489,141085658.037859,596827068.5237103,-120109748.94976169
1490,192466537.33664688,354906703.3558407,-57601742.51757215
1491,194793975.02777818,421999738.8112587,-69394875.224248
1492,290682807.1332435,520565786.4276753,-83362040.75040565
1493,211174831.55601767,859216825.6011251,-191797185.53230202
1494,239668778.76214913,243926817.41255563,-67410777.74844712
1495,199455775.65170825,177929206.71276227,-13730661.185719907
1496,229783929.50680873,840625327.9820622,-145786578.55951914
1497,192225274.36197913,236743337.8650109,-43419828.43419335
1498,454645900.9432663,279068112.1818146,-7592255.914676334
1499,213872896.0339917,604702827.6045207,-82208485.6465974
1500,254377905.66854256,612402965.6987473,-134178769.95542978
1501,232580766.1889971,112246540.65096712,-10055703.473520927
1502,254513438.17540756,872979779.6394147,-171085185.10063297
1503,247643652.58844534,197946841.18177652,11174598.316146936
1504,194350070.23626238,701486301.696393,-117000269.34507234
1505,273098635.5140186,182474211.3269675,-582797.0977745521
1506,371745152.49423486,325557601.45117885,-36254479.81768028
1507,257645203.27421236,1252566743.264375,-264745116.30008602
1508,289034055.23623,350852898.0197393,-96566253.83184546
1509,218474072.83165976,216936154.67232674,-23004993.846070517
1510,258071577.1916402,727828827.6958736,-113233060.77802922
1511,236044551.71158323,139266245.02890038,-7864782.876727095
1512,158595895.1917673,457196915.9836366,-56981692.14336849
1513,414233911.32827544,592147769.4723037,-21057214.558313884
1514,278907019.8536789,329812514.7702487,-51715588.9110546
1515,248091976.65100265,882981235.0381606,-161057622.19471884
1516,311518607.1198246,237910723.19578457,6204111.225179105
1517,242914650.0969025,322253289.38403064,-11847012.826963946
1518,274624978.20136577,697216434.8237963,-91043835.42042334
1519,427533106.06113666,336541626.5992411,-83629752.7267571
1520,372208498.8118163,915591060.9734638,-184777658.72577718
1521,348121168.94301844,523972114.68326795,-75452965.99226052
1522,295033367.5196873,1092872004.9353507,-193026706.17156085
1523,272868232.2296865,464152061.9392545,-82041384.77546896
1524,360004048.22538203,334725276.7053443,-38511308.35231597
1525,315122337.5930996,737999098.0828309,-115328371.80818374
1526,426244402.41826254,695749654.931603,-78836487.87317322
1527,367766092.87395537,716594953.8651811,-97295900.17353031
1528,619853279.9884844,1120202178.8785195,-212436284.72033858
1529,376836726.0164569,688871329.8576776,-74400909.65180995
1530,414171168.4685514,1121532242.0662072,-155714393.4295525
1531,449397455.45904523,715086816.3638699,-89428743.40989015
1532,379605363.77361447,342435441.9362841,-371901.1145441661
1533,343678440.3126709,321670164.0378557,-360603.0940599386
1534,436644437.5025827,580979132.7924664,-59664247.71966382
1535,355317161.415563,766567200.1251428,-118496103.64895539
1536,405182478.4061791,663655504.7974982,-78412099.96784277
1537,380620523.91412073,409409327.6583405,-1481782.584418897
1538,496590002.27999026,695415473.1852735,-133053913.765012
1539,322543511.93722224,690236936.9626306,-84809188.11666082
1540,350648748.0579681,670358128.7746938,-73606064.01654842
1541,367207012.1534678,814621066.8276159,-84650470.28640294
1542,447116006.36056703,707771567.5716478,-47939433.9280401
1543,360933675.61798066,619055798.8324329,-58030670.82502748
1544,311592820.03696537,979713492.0900289,-178108492.1853817
1545,277983244.57429534,734920111.401405,-73757567.40355943
1546,299526124.3617799,570933946.8517953,-35302567.45834587
1547,335207379.70622844,601690864.0739142,-46802597.012230754
1548,279547407.1991599,720658768.2138939,-89281438.17521091
1549,313903321.27755916,773810688.4347615,-86919114.80284795
1550,301865666.26650745,888483606.2676933,-86024639.18692893
1551,342283823.2273495,532164021.3257407,-38898563.36786764
1552,405794396.26244414,1061101565.8804455,-152082500.73699197
1553,301285301.372469,651460288.3317802,-69265173.19938968
1554,341355865.0877781,399724644.02264524,-24052971.933216576
1555,477021892.4961299,903949314.4695073,-116972393.18083425
1556,410129074.7368745,684733728.8431057,-60206126.55777946
1557,363330848.412153,720765037.0428888,-51202063.143559106
1558,514316142.9421331,784280726.038725,-23934661.43608999
1559,362738317.4404745,1024204583.8208238,-123502280.98840873
1560,392786006.10050446,842310582.4595289,-36550902.43875826
1561,427877870.86287355,322959467.90822494,-9659655.0375
1562,340074102.2942367,853816996.1928387,-113607761.78840919
1563,451106377.3558068,834881613.2214086,-132386108.75807317
1564,400634573.68804944,881021220.4190431,-75789282.10360868
1565,395663287.2832258,752201398.9899694,-68629416.70198321
1566,472832141.10313773,749329067.7407249,-63752144.76858567
1567,380355592.1508879,999998638.815302,-120128576.1996615
1568,234369528.23226482,785141528.3340665,-116630461.39606966
1569,341351217.3415243,641827499.751602,-52541689.682563044
1570,348422365.14225215,770657766.5489054,-88116313.57471584
1571,185031129.60686192,915451709.070938,-126247377.1599187
1572,195268971.4130326,770988090.6656361,-121297399.17270209
1573,307722395.746648,772022753.3773125,-76635945.92280431
1574,239298664.04002145,1091249146.8938575,-185772687.9207145
1575,176213810.0985284,1046103300.5693262,-194224563.09196383
1576,171431363.35384184,895290847.0197144,-134858021.3021584
1577,193323043.9507683,817853170.0933465,-131628341.23162143
1578,196944795.63356906,1008849890.2191967,-168230501.81675255
1579,197816403.798893,700773808.9432629,-108258260.58075784
1580,207251372.04972655,651249973.031827,-62296310.19369858
1581,184016500.57050517,1065324636.8652587,-135905523.42612526
1582,204582557.5355744,993535686.4204957,-159101429.60545415
1583,266907316.59051386,1071580178.6940166,-157877345.3641003
1584,174591216.08331627,1031743620.1709814,-157111367.48552862
1585,179465848.00708857,1057158246.8974916,-169749782.60176727
1586,118472398.51173852,767243384.0315557,-120443378.67427741
1587,169109598.5872888,1039327595.2115948,-149803135.6495275
1588,243645555.70301425,1232368256.910867,-164494494.73150104
1589,128066501.50403932,1288589702.7743607,-208175982.94375232
1590,148830087.61413652,911198076.0448012,-166089896.2311438
1591,129644322.96142364,1211613908.379046,-143723707.3335123
1592,194781094.92269874,1097282139.4962618,-200819764.49477613
1593,218096417.96995273,1165292898.5781074,-163498832.02452543
1594,220476064.72802532,611800578.9826322,-71852366.35122855
1595,174321389.75922245,1015202371.2493587,-138504644.51877674
1596,289369776.9923573,1019121144.3566097,-150558269.0233474
1597,196309135.02086994,584421313.1601969,-61397338.71473481
1598,176515892.6459711,1221197389.188508,-179724619.82956693
1599,217465073.03818622,1162896859.489091,-215140347.49107748
1600,151246165.41083628,642573688.10317,-95809539.39612606
1601,169527420.3275029,1196164874.0537188,-147228614.16627264
1602,246892172.81304717,1110094973.166484,-191772615.94831425
1603,172039112.60569715,1105311238.848582,-170351296.79339534
1604,291075215.74116486,1030710832.7164788,-112747115.26219583
1605,221669852.77551955,1144905959.8992543,-196271621.167292
1606,200404185.29776528,1209191124.0720716,-207723347.78387
1607,252904896.07207617,1119217069.57332,-176174175.41086695
1608,248728437.17065084,631006151.5734137,-132541041.54806393
1609,264363411.03931525,1036071109.8836281,-142109726.64102554
1610,248943686.23575422,943979513.5150217,-124516203.55396253
1611,132510665.87037791,976296482.8766383,-152114508.53584328
1612,188735285.03405863,1007365478.9278755,-156515380.13329217
1613,179699675.00754184,605421971.7113258,-141618909.46938145
1614,134555350.48383588,1379119795.227908,-170953491.33628133
1615,127815372.51829816,933389280.4289333,-129563856.4699411
1616,148685211.49504998,986066740.0168955,-109495952.78877927
1617,99726543.90881091,1036288607.0139056,-134726692.0017874
1618,236909522.26870042,1047599658.015568,-66457224.02719908
1619,124694944.44847451,815699352.9604801,-99011860.3102237
1620,147430139.51688027,742874931.9200548,-56343558.970692866
1621,165705471.0360221,1195977320.2393346,-182853071.5837716
1622,177351504.50782248,404623777.83504426,-17889848.764143534
1623,182458390.9980765,801019465.1397412,-81187657.83018064
1624,124683028.7893081,761258047.6818625,-98578679.37852557
1625,117807530.32841815,976173835.221371,-103130874.96990031
1626,115214133.79946291,332739537.8132972,-22786550.317561556
1627,134629636.46957147,651821204.2629156,-84869086.14039065
1628,161050978.38302234,974210375.0755066,-120193052.53101948
1629,146578385.66310987,1014007400.2542144,-144636373.3974968
1630,136487637.1533527,764012373.1520706,-83750877.25471702
1631,166122027.66496038,726323255.2720999,-112066357.67349413
1632,218430530.49381799,755794584.2877065,-45138179.1200317
1633,147228068.53790134,828272449.4459493,-114811109.5560191
1634,200480451.10902676,806157678.9456648,-117389379.10650632
1635,137084804.70015523,959595711.9041944,-121751756.45430239
1636,180337088.57314882,699583631.3111628,-78270289.20575348
1637,104201505.41537338,751835296.2680222,-104966119.25263289
1638,136515089.3246682,949976533.3572998,-125568644.3383837
1639,98082241.86120728,680488200.5641347,-94576878.99480097
1640,130707449.64759827,686860076.6643732,-87884628.75516796
1641,156254533.08698618,746405975.4586675,-116920087.8756377
1642,150967050.3316078,1038087564.0592082,-129376948.8261413
1643,118019333.57137856,769033110.6467055,-98984536.0017641
1644,183810222.8901258,897058434.9596931,-102511765.32882561
1645,146703505.00462788,962241731.0880244,-90385348.25790088
1646,276189174.0795962,998719428.7464174,-91293208.82839985
1647,189456518.26161778,934555579.8229222,-117687116.30533491
1648,136383397.26898643,865158948.376644,-97739972.80978233
1649,276560088.97941095,1090505130.7452266,-162624111.09834206
1650,155456151.10507685,838951004.0180781,-101114373.70016776
1651,131296347.31331608,1031230861.8795252,-90572968.09578706
1652,167688911.88478324,922826765.4182487,-101034867.5965657
1653,188271253.58971906,925555678.5189577,-108497304.72161643
1654,115999007.43931073,896974413.4258099,-83208624.35443407
1655,169267836.1629841,1060507201.2784373,-132018737.46678804
1656,109748779.81671613,1041340016.2621382,-101534661.75962667
1657,121561690.860407,797365803.37736,-87799773.07682319
1658,158230347.92021912,831029128.7305213,-103716663.74212474
1659,238508129.54839474,1057310673.163457,-87546897.32459497
1660,139660805.7938454,614549020.4799155,-17628126.390570723
1661,140655158.8166611,820288679.2567544,-93177302.9347859
1662,125402779.54356691,774786834.3369646,-55997340.93947007
1663,311643826.2713087,833110255.5169712,-125798196.52844413
1664,117214446.7316318,747229193.0927808,-51655533.17933608
1665,117766699.16208214,832511654.0198295,-49418440.19750836
1666,94983743.56148103,952594106.7416719,-87992609.51601845
1667,105731201.0294212,637285201.6849585,-39851383.497601576
1668,89017911.66589086,842554080.6386399,-69138987.40965542
1669,92922043.99712439,1007387487.4583007,-67534607.93598995
1670,136184040.17219645,834352515.0992583,-114731486.52606931
1671,79786985.03139569,854134993.637091,-64748485.6670412
1672,218234120.63909164,985027819.2567561,-62476562.153238714
1673,76542043.42594314,512323595.806873,-65880407.80990158
1674,86053939.14745632,925004741.597122,-98841488.06197084
1675,136632361.85703418,962270374.7406347,-90108699.43710387
1676,212228415.27675927,567032439.5422008,-66307433.6038271
1677,108246720.66648695,957043687.4056662,-103588093.73179775
1678,100395775.52272227,859694210.037505,-104354842.74185486
1679,75481767.7978356,653363871.0263717,-65094318.73124475
1680,85560093.49078588,836442403.2551706,-63225292.59050417
1681,108333438.67908312,861589255.9259018,-68500532.69647469
1682,60472379.77653446,790534575.5422909,-52944625.671405494
1683,101174361.9571294,742996259.8872296,-11684388.510744015
1684,94468175.02451104,1077074246.6050558,-61118097.166407086
1685,190651735.23886564,924888278.6568288,-44276573.29058006
1686,110386439.59979585,725087748.7468402,-55409716.1662403
1687,104894562.37333794,869272600.3968116,-62892745.73286583
1688,148253660.05998865,738371949.7816046,-29214590.905303128
1689,197015817.33386418,904680431.8239139,-68573928.59516348
1690,105570009.96029365,765662142.6680342,-27273126.083105844
1691,102457239.83741723,972591709.7330103,-50731590.660843834
1692,130420892.15709223,1104162193.1512613,-68179179.62683332
1693,110810340.53391832,1074096200.944508,-47260033.41912576
1694,74122687.71474554,993656637.8369259,-28146120.157726947
1695,61169073.47471356,877583437.8433154,-17803417.65854961
1696,79825922.64238198,852670792.668851,-23175095.33615325
1697,93018997.71765192,928122021.5358095,-44552092.953219496
1698,81915207.10069531,1132811330.2662017,-30842242.791881848
1699,172184032.8999338,1067866555.5148298,44177901.43548776
1700,125559196.39820515,1103608769.3959455,-39058105.651053965
1701,96637448.74991892,916844410.0645643,-21722756.116087336
1702,57946407.86052642,941364208.5417497,-31060618.690672185
1703,92055677.69037046,911019203.9143282,-4216093.631143273
1704,140595051.2017385,1216795875.6679115,-29034002.012179475
1705,123505335.4939858,1013529691.4235492,-14879515.883582728
1706,130991379.63941468,942432707.1124116,-12254839.174457256
1707,112065366.23541753,800755987.9335569,-589406.0611548725
1708,147706115.75554737,745352931.8979009,19606828.663371217
1709,93424655.20173107,750260556.0465186,-23702214.14557118
1710,112153035.82366192,912129018.2059932,-45073872.906480275
1711,182818401.3854796,982674494.6006923,-13723730.264842974
1712,161262204.7101816,810522564.4472901,-53759638.63020956
1713,123546668.57300538,1044255057.5555546,-32534240.327672545
1714,130301648.76970367,947557389.7847933,-49063373.42341645
1715,185568237.19371426,1015126787.9437201,-15908724.390811983
1716,154140795.47998112,747271964.2704644,-47989197.61206767
1717,152836428.2611026,905641945.9141483,-19878129.818109285
1718,161442617.8943831,957014762.3220692,-43788778.59455966
1719,144375587.4098125,786701237.9730573,-29235077.21439496
1720,137610255.9865138,849774142.6030834,-29076790.131728113
1721,100884798.45381479,912719023.4707209,-22364331.744555216
1722,117220081.29654057,886476627.6350319,-17080533.87375433
1723,105985077.42875187,952956015.9016602,-6858662.69732729
1724,114102047.91625436,1093382377.5992851,6698997.301750659
1725,197819582.74616086,1021410949.1142944,32359603.786637604
1726,130851644.2703155,1150427778.7115777,-7464117.3125285115
1727,115794349.63285895,983084804.1355599,6489737.153000847
1728,101227829.20469126,919506760.2577056,11465909.266164958
1729,130045850.59062806,1027573115.6383071,1998166.5444175904
1730,94433371.17570056,930212053.733194,22895268.997097902
1731,139447862.87259883,1089582281.3070736,30100783.12848245
1732,91315804.18957654,927041332.4118295,30877495.092998356
1733,196356337.88255516,794424689.2706053,30032092.83531595
1734,157221626.57674178,777734654.911849,67608678.5616326
1735,151034751.87254533,705116851.9190401,43435658.14792441
1736,133125335.39206636,707007144.2224326,72136853.67929535
1737,155340706.1632844,798258452.7724178,25291590.416259512
1738,160037976.87994552,830575951.7261975,55606967.51994938
1739,200337286.17041305,548113436.3182592,26721599.637857486
1740,151250290.86647567,707373413.2840326,21286580.991627645
1741,161289917.18409124,587930544.6075923,54457695.65742627
1742,170133279.9054115,561771399.9916618,21792158.31180082
1743,175777807.65815914,597714643.1196398,32702301.807450417
1744,115724931.65255539,497029060.00550056,29147017.45779985
1745,81697427.78620061,358210838.43863267,23253937.594919242
1746,69418357.8165033,280717083.6616754,8873837.894628184
1747,48206483.917618655,245878413.7020648,20237374.051993113
1748,45736362.28763258,187141200.72289503,17008283.560964737
1749,36850718.22868589,186992976.9090421,19076123.459383354
1750,35173127.3525819,171196105.09926313,17994943.66816644
1751,38359235.631918974,165099177.86246106,15403669.464492572
1752,39970515.897507764,168131359.83133808,20133952.108754467
1753,34492532.67739996,178982518.72915483,20771433.44685361
1754,22135350.614623234,162743787.74150914,14372877.668582588
1755,25379600.948087487,168467628.74553138,10457208.109613318
1756,23038522.46408788,151870703.3444546,17434904.793430652
1757,20864352.616522532,138139944.53925446,4357116.788330316
1758,26237828.890825607,176304201.47167724,11155700.186905973
1759,24870876.14514884,169954745.83736342,15101497.182419034
1760,28881365.273172703,203952658.61334226,12088039.06172428
1761,37015703.47694215,323097862.01884323,26260153.946991835
1762,32026176.336561147,332057080.6239967,20592503.83124492
1763,36122731.799304426,414556066.3463961,13470144.235275676
1764,65865959.040500015,517261106.3561809,61908725.69606122
1765,41680542.02385204,476716590.3144143,-511651.4491207627
1766,44456990.54101116,521476010.533396,15800573.042100558
1767,84157824.00934264,710558789.7370838,32337324.43870158
1768,70152345.47618216,647576884.119641,88149021.3211525
1769,73986895.98953843,497276394.65550256,23938452.0750338
1770,63208022.29791155,655960088.8873829,32296045.8659773
1771,82756364.15657353,552119055.9361029,39572911.38504471
1772,68399351.17487906,566188460.2058862,59348523.90857116
1773,84645378.98267117,711544456.1578746,26599265.040304672
1774,78756162.24480467,639286079.7720535,17029742.12965853
1775,143143712.53315553,876282583.1986309,88553592.91469039
1776,114627061.53584161,917968371.6079109,9668075.323095083
1777,96067320.09890684,993385386.1820421,25017002.074154723
1778,118886085.55435036,884854727.1570624,67349279.48402439
1779,95383628.44569302,890072237.301244,32379171.4169646
1780,91048817.95611538,1011679278.175384,49512580.94032251
1781,89136152.00791715,745266581.9098707,26652649.089740884
1782,83379012.44377108,726131047.7361708,31553459.938122325
1783,132203744.59570841,799244827.1513851,33969263.73413182
1784,80414671.8824373,640500731.2845697,36096685.28500745
1785,108814656.00625141,790162212.7518476,32104708.980767183
1786,119006460.14121804,777019500.9484932,48845980.23840351
1787,120411014.3639907,750402299.028441,43154257.458142765
1788,93485255.34214453,932356802.8242428,17776526.54166076
1789,79805091.5801442,855728154.489814,18939672.734564718
1790,107918511.19103241,956429065.2325617,27840080.23706632
1791,109447438.55404784,704710083.1111672,-3808777.1522160997
1792,97906505.58808543,806124782.5662135,35084923.56913488
1793,83732925.32918301,738302712.392353,23550220.35845972
1794,115365732.04436007,729983049.2196319,8460662.624727493
1795,88837240.48853494,663004784.6348976,10993806.124407806
1796,100298957.59620138,679979253.932457,-7312442.95177611
1797,100256357.70911625,572057941.3940773,30670601.67842366
1798,114599560.03347515,758256991.4978851,13800651.111019135
1799,102192514.75158365,690890633.9740518,23216528.711134385
1800,100582156.89530425,757011640.8912818,32950005.845220625
1801,130566849.37635858,745918064.5397302,42135999.13653572
1802,114472203.9667691,678715663.2444843,15070803.161409734
1803,102481691.93185386,701423556.1284689,20376218.506139684
1804,94224013.40918973,604846879.5765791,22527110.5933805
1805,128030782.80551836,669082183.002628,46223153.80286204
1806,93036914.66357347,633044414.969747,36409520.74449653
1807,102017202.1127594,645255575.4005479,10018760.865565522
1808,83983902.0106086,561415787.9772705,24475800.013566937
1809,125422421.34067479,548252690.4678872,5465185.129368905
1810,97422901.71840069,572279904.2161553,17370644.57794477
1811,104617769.12031953,629600887.8938775,28109853.96952998
1812,123064828.27178524,611903970.2297771,36083803.43658083
1813,131917253.3895853,632025747.4110682,22123248.64512708
1814,93582156.54791743,490609604.87693554,21103645.35882536
1815,100517116.12222959,533749874.1034742,26782047.90283802
1816,134114619.05690278,563801984.7735026,17814002.595970407
1817,133823514.04907121,532995437.4115334,12886672.961510072
1818,104313184.19101126,476775309.6714927,8617566.756499188
1819,124054463.55358824,497690772.7723074,10423555.830628637
1820,99762111.49663723,385511639.3803267,-2528288.9263116536
1821,130414879.76347838,455775871.37241095,2820128.4421041207
1822,104903530.4450214,488156373.7881514,5785486.940715945
1823,123835276.03154173,452982284.1050931,4130504.0593391797
1824,94521120.54391676,419753805.58333397,-165696.3704161502
1825,101747460.7141791,397272295.2522803,-13572180.674694382
1826,113472066.15953544,405944127.52712333,-6552310.598544313
1827,114004303.34963508,414428034.6241368,1652261.3527901736
1828,103175410.15256196,389421544.28484917,12182615.99530841
1829,96810852.78514342,339170129.8083817,890931.5367442959
1830,124973266.34144093,358887666.9666834,-23458262.03587994
1831,111861791.55584933,356839893.7940877,-5936299.369928365
1832,115717745.73257022,354163613.00049484,-11325259.689865898
1833,115879476.18629496,358956296.4052774,-6312755.768682053
1834,111979009.13043806,316798364.4148438,-9944097.754618743
1835,112699012.0562809,365438755.03966,-18976218.55171118
1836,102854726.38758115,330694698.1968464,-7937080.224714763
1837,107613614.25143452,351797209.4057313,-6494691.793015332
1838,117977832.80171627,346311926.23935574,-11983304.658197807
1839,99232859.2266858,323297512.2027291,-3681523.647504814
1840,105723810.16179627,307908518.3993202,-18449928.605873875
1841,119077815.99382298,307667532.29756224,-19012872.733757157
1842,114895510.60317288,315028529.8315953,-9314003.629986797
1843,125783147.58977303,300518165.3831973,-25153284.833851904
1844,126383252.54600285,277289704.24530673,-22033317.468590386
1845,129251492.01869527,296297451.1322311,-32797937.3494157
1846,114853551.56845294,245761616.27303287,-26200864.51451002
1847,126804605.03231297,298368805.37005675,-18937951.2964741
1848,125428590.34286226,261334897.51273966,-20564997.895692714
1849,136639973.4581456,265975399.95980772,-28621270.372646835
1850,116726504.63909805,238991199.80739608,-43704385.16219659
1851,126205844.58192115,237962693.7606597,-13549781.933847133
1852,121330870.24511732,212730919.81073746,-10686390.130726207
1853,127348479.46859764,249153299.0279211,-36597289.73005453
1854,111392898.58642398,180528450.8567839,-34627556.22225812
1855,127856177.12460782,257091878.43247426,-28973608.052545667
1856,121464559.38878009,197683592.21765128,-22628214.381292436
1857,128288601.15065987,190061564.0383596,-12705254.427085696
1858,123340377.48786438,195363987.71795094,-42068673.134987615
1859,128256929.38078287,196678343.9551357,-20464866.450800173
1860,112208794.36272946,157457428.43341875,-12186631.040998165
1861,135954222.71188018,223017487.88435018,-31274599.572141353
1862,128442329.47871947,136118070.22182783,-26397521.269769404
1863,124415700.9715163,177757730.937468,-19263937.271106727
1864,129967438.61259119,177028983.39063567,-23950025.944384363
1865,158358431.572002,172468081.29380956,-17431188.12847179
1866,128196648.26619378,145585149.6177404,-41975774.54604069
1867,140808367.90469107,169117002.84434286,-15702985.11609783
1868,144828404.28378204,142669204.88188687,-15126636.29726757
1869,163461348.49475476,189829208.7703381,-37477403.209618405
1870,150355862.16157025,144361321.64686137,-28403924.507771157
1871,158854256.8147845,181900017.5227552,-28340048.31827679
1872,176183183.5795529,178887076.4995329,-40444644.62357342
1873,167179070.09027505,181903927.00128767,-23626090.10678764
1874,166266751.53661498,164942156.95114458,-36244200.35379511
1875,176305563.87893027,171342571.84342673,-27186719.21122693
1876,187272293.87593293,177781129.23211038,-15640513.203849165
1877,172592274.31864017,152792149.59906676,3260467.076162784
1878,176922385.7877207,144555163.11906603,-36049101.985389695
1879,190371825.06957856,164206927.7596038,-20334616.391290523
1880,176533360.6285146,136322268.87544748,18500640.73800981
1881,189150208.95181003,157418955.97523886,-8772504.051784338
1882,176964251.44611952,132142322.00289196,-30440235.12388381
1883,197533135.99770534,168274760.11773017,-14310505.495273724
1884,176376124.45265222,140857002.8648615,14524935.715211658
1885,126434409.46493645,89460107.02361745,-10888044.174417522
1886,117570403.20824966,84260758.48518403,-21672739.848405078
1887,107565958.23345448,77294278.31178021,1953809.4785571008
1888,106345466.97152291,72824728.42325513,-4047514.8868842777
1889,104434196.64261158,66175325.77290163,-6604067.509906175
1890,93883512.71904328,61578616.16271332,-13935134.250308126
1891,111282732.41815023,73030409.23254387,-1517188.2854147935
1892,110847460.49734183,72358049.93683116,660525.0723102065
1893,106448975.36998554,64600586.94241691,-7525744.199222728
1894,104571878.31366324,65588336.10080826,-12493774.815392703
1895,134367691.6264756,89275555.83781947,4426109.769757971
1896,163194113.0866474,109541179.33663645,-3455455.6290573413
1897,168585721.49543804,114460834.5485633,-13319018.44547498
1898,185632029.2384104,137715457.66751465,-6640627.862702954
1899,181851897.11451587,134528577.7876909,5178680.05321923
1900,206090414.06688148,144768156.99105746,7269747.403106564
1901,193964552.6063515,149039925.00051183,-4039457.5435983096
1902,211050509.50322306,153586946.45439702,18491233.180107933
1903,185368666.79169118,129145050.82815446,14858294.125264972
1904,208868769.51912493,151279608.91410723,18469389.2735838
1905,208074309.40634438,144912436.13153812,37122910.27134777
1906,201702407.2413939,138807304.39952472,34279602.17071007
1907,190667081.7541852,127794016.69792923,39339737.19364738
1908,203228618.88699746,140555609.97652882,27987723.674132105
1909,203268987.03344607,148266633.01302952,56893567.13545598
1910,189320820.8424299,135476532.3826224,40263602.75571249
1911,176506121.54533282,118584446.88986793,38768591.91360118
1912,202503062.8134005,153667110.34863842,63312997.85755026
1913,185476185.49327013,129920696.43807489,57015081.08997864
1914,168599058.74861202,117200001.27748767,53558734.33200325
1915,192905335.2066373,149493900.3930717,65945105.87073734
1916,183312234.0862214,134850470.60257918,75425291.27693403
1917,171947208.57716516,126971824.59677595,49101035.28587791
1918,181705185.05070218,138795943.94345918,69597818.14063442
1919,181852019.55415195,142553405.1712045,80204667.19904286
1920,172877589.4834068,127198785.97330454,72277656.32880802
1921,168074228.1203934,132100848.31547213,84664888.5600986
1922,177786028.90797654,140305680.6814118,78523907.7343075
1923,176252763.08792058,139288326.00172836,82783103.3260195
1924,164452857.5518811,132826584.06341353,87303328.72810295
1925,163333394.18710533,130018681.97325549,92271851.87513028
1926,159745482.44327995,122863052.10320632,87990433.65744385
1927,165347963.02221492,132016791.257802,95907653.30927274
1928,148380209.69543394,112697574.92114742,91366889.5639146
1929,159970086.00713047,127139414.03595623,97638999.30363718
1930,141715617.9260983,113658686.79878952,86219055.586368
1931,140243545.54094008,108972379.28035255,86293964.62317927
1932,141006434.13626128,110724572.75162765,100842491.60590956
1933,140775061.22582123,113099169.73780571,86328902.36864404
1934,134878357.57456386,101545731.16788621,95848090.87940206
1935,143300807.78057125,111878247.69767307,97245886.1000423
1936,143665561.44574577,112204091.6071372,102627378.6145662
1937,165669422.0348248,123536670.13862512,124512646.35114425
1938,163725337.5034339,123263708.36864865,119154290.42066763
1939,170982598.9262828,130445865.59679615,129330997.1763884
1940,167989650.78083983,131149395.10462666,129677745.07043351
1941,170590807.218659,126309673.99827234,130076892.68794875
1942,165240883.36650354,125008275.60785629,126414560.75239307
1943,164670759.69103378,122858549.76888427,125788182.22813378
1944,141711200.8739128,103763845.09525627,109390174.67759497
1945,123293102.96048124,91618917.07810758,95110727.10882747
1946,115799167.73122062,84379368.62221278,88068133.83088554
1947,106813950.10969144,76969643.94756147,80570983.22779198
1948,97086702.18069172,70026866.93032314,73089150.10592057
1949,94326685.79482804,68475670.26276861,71260115.81884298
1950,98717788.54433842,70788375.80867727,75500700.53182824
1951,101198699.48074378,72893728.46919568,79046564.60372755
1952,100356131.19854377,70931153.059681,77562144.80087218
1953,106313855.9701428,75250558.55075368,83234946.56063572
1954,119464327.69907261,84358927.47089025,94397385.52525781
1955,135489457.73213518,96024490.46095234,108703341.00820905
1956,147128767.87223604,102563927.26844487,118477926.02773005
1957,151867375.65519354,107353535.43585537,123954802.6901057
1958,138045019.367969,98030460.82629865,113438455.25683981
1959,124966046.944242,88770141.12578438,103118273.11242555
1960,120463274.91778874,86803148.06196918,100347722.6569378
1961,116203942.61644317,84223100.62722062,97148209.20355359
1962,110362730.36543989,80635202.42054598,92900370.83722793
1963,104863357.20160247,77983363.81061873,89113253.6345805
1964,100013455.53765593,74877257.03367345,85473266.36118828
1965,94494976.7512356,71497925.55773678,81288537.17649129
1966,88770098.1894593,67628067.6300356,76633159.03806573
1967,83664237.61901775,63897379.46202778,72355231.47731377
1968,77527915.17407383,59236957.72416363,67032110.369451754
1969,71468588.19979148,55077005.19194967,62115232.51613908
1970,65483748.30138412,50155085.180974245,56649156.342867985
1971,61183523.814440794,47015873.75483714,53024958.741382696
1972,57295876.959965914,43749109.69631729,49510920.31522461
1973,51139657.05162629,39205175.01144638,44193840.04532295
1974,51067349.62887414,39102875.49712235,44113064.14797354
1975,45967169.70940986,35597151.331494026,39905556.5835709
1976,43368265.2572582,33089293.435884815,37323326.031002074
1977,38828893.16486523,29678106.16965443,33390183.175502796
1978,35239349.287342474,26952266.715897836,30297562.934017718
1979,31916173.51814914,24777570.71395283,27598902.71141537
1980,28632083.98620592,22210718.59373452,24688650.932673905
1981,26835338.17346555,20397560.787537836,22877409.32780416
1982,24263895.084657002,18611839.960905336,20714498.177364133
1983,21418772.764396105,16639113.157924654,18345101.99213381
1984,19612043.473878257,15114204.265734838,16690158.042539507
1985,17143561.847350385,13387507.154254952,14627210.310135884
1986,14566412.34741088,11212744.178263545,12233890.202873828
1987,12473730.37634161,9555343.806193797,10376399.00829295
1988,10597071.268883187,8310833.446441888,8870997.196667274
1989,8976102.060683018,7086530.312591756,7437640.469941574
1990,7597208.335393049,6029523.953205033,6226936.477144691
1991,6435775.094810455,5069891.510406812,5192146.016868539
1992,5038353.257979886,4120445.3129810826,4020198.440790139
1993,4063819.4049517466,3339474.117957909,3149593.9380871654
1994,3068732.359807868,2658293.0123990458,2312167.784525293
1995,2430359.661314751,2164532.8511075075,1758641.4628220806
1996,1792315.4158257847,1734364.2199263896,1234417.2440141686
1997,1366517.7703019574,1432403.7542795758,874343.0110197088
1998,1032063.9693900447,1210936.6568692578,603258.1499926081
1999,874051.9046951929,1146969.3225763997,499248.4305609386
