bin_id,route_progress_center,route_progress_bin_center,latitude,longitude,verticalSpeed_ms,x_wrt0,y_wrt0,altitude_meters,speed_kmh,delta_altitude,delta_speed,delta_heading,turn_rate,acceleration,distance_per_timestep
0,0.00025,0.00025,14.498908,121.0020505,0.0,87.06519687148742,36.8055715572084,0.0,33.35,0.0,9.299999999999995,0.0,0.0,2.4833333333333334,33.9809671456736
1,0.00075,0.00075,14.501676,121.0070285,0.3,609.3986527329953,353.878342843014,19.0,190.8,0.0,24.074999999999996,0.0,0.0,7.800000000000002,159.80930725281098
2,0.00125,0.00125,14.5040335,121.01078975000001,0.7,1077.6043853114402,628.029813158988,30.0,250.0,0.0,18.5,0.0,0.0,6.766666666666666,182.300362866301
3,0.00175,0.00175,14.506393,121.014694,2.0,1504.6046920664571,878.5801276950001,38.0,285.2,0.0,14.800000000000011,0.0,0.0,5.334722222222222,392.08301164372665
4,0.00225,0.00225,14.508703,121.018669,11.55,1912.4069955733898,1133.3280565102455,80.0,300.0,30.5,5.600000000000023,0.0,0.0,1.3875000000000028,522.4005252960219
5,0.00275,0.00275,14.510742,121.02269,13.3,2355.0858585308397,1394.8310864492441,160.0,298.2,77.0,-1.8000000000000114,0.0,0.0,-0.4111111111111099,561.4951807502002
6,0.00325,0.00325,14.513266,121.026695,13.3,2823.6765889765716,1673.7083476752618,244.0,296.3,91.0,-2.75,0.0,0.0,-0.5285714285714269,565.6525017547127
7,0.00375,0.00375,14.515732,121.030739,12.4,3268.7943494937754,1946.803464728907,328.0,292.6,91.0,-1.8000000000000114,0.0,0.0,-0.3166666666666629,557.0905476478597
8,0.00425,0.00425,14.518106,121.034767,10.9,3706.5838712193367,2215.561973653274,404.0,290.8,77.0,0.0,0.0,0.0,0.0,549.002126104899
9,0.00475,0.00475,14.5205125,121.038841,9.1,4155.7878640645895,2481.5406055714207,480.0,290.8,69.0,0.0,0.0,0.0,0.0,557.3561038736228
10,0.00525,0.00525,14.522913249999998,121.042946,8.024999999999999,4583.662036699208,2751.2998702184864,533.0,296.3,61.0,1.900000000000034,0.0,0.0,0.4624999999999986,579.5726343947424
11,0.00575,0.00575,14.525264499999999,121.047119,7.5,5029.5681952994855,3008.160505557681,587.0,300.0,60.0,3.7000000000000455,0.0,0.0,0.6333333333333353,618.4055295946682
12,0.00625,0.00625,14.527725,121.0512585,6.8,5497.705565644113,3271.5260530907944,640.0,307.4,53.0,5.599999999999966,0.0,0.0,1.1035714285714304,626.6145502166613
13,0.00675,0.00675,14.529978,121.055458,7.2,5941.883093784659,3528.998261371923,693.0,314.8,53.0,5.599999999999966,0.0,0.0,1.4444444444444444,643.5862817657998
14,0.00725,0.00725,14.532463,121.059555,6.8,6377.571407893454,3805.54042591238,745.0,322.2,46.0,5.600000000000023,0.0,0.0,1.655555555555553,648.0092046563846
15,0.00775,0.00775,14.5346375,121.064178,6.8,6867.452452938918,4058.175648203057,789.0,327.8,45.5,5.600000000000023,0.0,0.0,1.8333333333333333,634.3405513165935
16,0.00825,0.00825,14.536867,121.06824875000001,6.2,7316.959287088392,4293.408840437254,838.0,335.2,38.0,6.5,0.0,0.0,1.8555555555555574,644.9773157301046
17,0.00875,0.00875,14.538916,121.072701,5.9,7789.183371562813,4524.138631921694,884.0,339.85,31.0,7.399999999999977,0.0,0.0,2.0555555555555554,570.9579891825997
18,0.00925,0.00925,14.540817,121.077095,5.5,8250.085706395203,4719.675180512231,922.0,357.4,23.0,7.399999999999977,0.0,0.0,2.299999999999997,508.88120683231057
19,0.00975,0.00975,14.5424535,121.08140175,5.2,8731.98807007675,4905.926939903515,964.0,369.47499999999997,16.0,7.399999999999977,0.25,0.03125,2.4666666666666655,267.33668029091666
20,0.01025,0.01025,14.5438935,121.085966,5.5,9225.47966897487,5084.673031378976,991.0,383.4,15.5,6.5,1.0,0.1111111111111111,2.4666666666666623,262.6650528821906
21,0.01075,0.01075,14.544315,121.090263,5.7,9669.371835048476,5112.749789137997,1021.0,394.5,15.0,6.449999999999989,1.0,0.1428571428571428,2.4666666666666734,258.46821490447417
22,0.01125,0.01125,14.544525,121.09449,6.050000000000001,10147.162417308746,5143.550826362637,1044.0,409.3,15.5,5.600000000000023,1.0,0.16666666666666666,2.3714285714285666,264.43337438821413
23,0.01175,0.01175,14.5434375,121.09869599999999,6.35,10588.775130602282,4996.161747512881,1089.5,413.9,15.5,5.550000000000011,0.5,0.16666666666666666,2.325000000000003,268.2977058087573
24,0.01225,0.01225,14.5432485,121.102921,6.8,11023.326361581196,4971.031659380206,1112.5,424.1,16.0,5.549999999999983,0.5,0.25,2.299999999999997,270.4173039800505
25,0.01275,0.01275,14.541405999999998,121.10660150000001,7.5,11443.849496559811,4749.141876774098,1139.0,433.4,19.0,4.650000000000006,0.5,0.2222222222222222,2.0166666666666706,271.47118324879557
26,0.01325,0.01325,14.54106875,121.11053475,8.5,11859.628448460713,4651.651590179539,1169.5,440.8,22.5,4.600000000000023,0.5,0.16666666666666666,1.8500000000000085,277.7613328633798
27,0.01375,0.01375,14.5390545,121.1145095,8.95,12300.635483778597,4427.009729337555,1200.0,450.0,23.0,3.75,0.5,0.1111111111111111,1.8499999999999943,281.6769848620476
28,0.01425,0.01425,14.5373725,121.118301,9.8,12707.54288245265,4250.960118557985,1234.0,457.4,23.0,3.6999999999999886,0.5,0.125,1.541666666666662,287.37625693151
29,0.01475,0.01475,14.536309,121.122192,10.45,13120.232675859732,4026.1792638658667,1261.0,464.9,26.5,3.6999999999999886,0.0,0.0,1.375,290.05902104453423
30,0.01525,0.01525,14.5338855,121.1258085,11.05,13480.359855334647,3832.449635329107,1295.0,470.45000000000005,26.5,2.8000000000000114,0.0,0.0,1.2333333333333358,291.78052594352584
31,0.01575,0.01575,14.5322745,121.12960100000001,11.55,13908.316417294707,3687.451250704542,1333.5,477.8,30.0,2.75,0.0,0.0,0.9249999999999972,299.32857084704534
32,0.01625,0.01625,14.532339,121.132942,12.4,14279.243660373842,3631.353332726659,1379.0,481.5,30.0,1.8500000000000227,0.0,0.0,0.9249999999999972,296.9001526784025
33,0.01675,0.01675,14.53119725,121.13644,12.7,14660.321980444769,3447.6312614107,1411.75,485.2,30.5,1.8499999999999943,0.0,0.0,0.7958333333333333,299.24311432013803
34,0.01725,0.01725,14.531296999999999,121.139679,13.0,14987.996627466548,3427.1435678777407,1459.0,486.15,30.5,1.8499999999999943,0.0,0.0,0.5692307692307674,303.8300237513306
35,0.01775,0.01775,14.53035475,121.14328,13.0,15376.03387556705,3316.7268532058497,1509.0,487.1,30.5,1.8499999999999943,0.0,0.0,0.5285714285714269,303.85789825858524
36,0.01825,0.01825,14.53001375,121.146,13.0,15669.428819484965,3184.7660917386715,1569.5,490.8,30.5,1.8499999999999943,0.0,0.0,0.5285714285714269,309.27162001311444
37,0.01875,0.01875,14.529705,121.148796,12.850000000000001,16006.006302260268,3145.152844405605,1615.0,490.8,30.5,1.8499999999999943,0.0,0.0,0.4750000000000085,310.91019824405316
38,0.01925,0.01925,14.528503,121.152405,12.7,16335.624143692232,3158.829839274298,1684.0,489.85,30.5,1.8499999999999943,0.0,0.0,0.4750000000000085,307.545157672929
39,0.01975,0.01975,14.524849,121.1557845,12.7,16720.197672153045,2702.0682484448535,1737.0,493.55,31.0,1.8499999999999943,0.0,0.0,0.4749999999999943,317.09926277250815
40,0.02025,0.02025,14.528412,121.158958,12.85,17082.957771610418,2998.3753384969887,1791.0,494.45000000000005,30.5,1.8499999999999943,0.0,0.0,0.4749999999999943,311.4197703926925
41,0.02075,0.02075,14.5237195,121.1608505,12.7,17330.650550007507,2293.9545052178946,1828.75,496.3,31.0,1.8499999999999943,0.0,0.0,0.4750000000000085,319.55614718904326
42,0.02125,0.02125,14.52001125,121.1645125,12.7,17674.666714132396,1682.3815639332893,1897.0,496.3,31.0,1.8000000000000114,0.0,0.0,0.44999999999998863,325.33186267867484
43,0.02175,0.02175,14.5164365,121.166874,12.7,17900.226683586836,1369.3118155358925,1956.25,498.2,31.0,1.8499999999999943,0.0,0.0,0.45000000000000284,327.4653677164314
44,0.02225,0.02225,14.51394,121.165611,12.7,17471.124948281424,1219.3652498409988,1992.5,500.0,31.0,1.8499999999999943,0.0,0.0,0.4749999999999943,332.1656796912972
45,0.02275,0.02275,14.510081499999998,121.173393,12.35,18648.372178987272,612.4069043861175,2027.0,501.9,38.0,1.8499999999999943,0.0,0.0,0.45000000000000284,344.9619468015792
46,0.02325,0.02325,14.502023000000001,121.17598000000001,12.675,18803.71456491216,-50.34357257594421,2088.0,502.79999999999995,38.0,1.8499999999999943,0.0,0.0,0.42692307692307774,373.9189916080064
47,0.02375,0.02375,14.50538875,121.1783485,12.4,18950.190545632948,-63.32559819281707,2150.75,505.6,38.0,1.8499999999999943,0.0,0.0,0.45000000000001705,357.3697124284278
48,0.02425,0.02425,14.499021,121.179909,12.4,19111.8049175846,-335.86473984557233,2187.0,505.6,61.0,1.8999999999999773,0.0,0.0,0.45000000000000284,1014.9508282300428
49,0.02475,0.02475,14.491104,121.1862185,12.375,20003.962770109494,-1018.769325099812,2219.25,507.90000000000003,84.0,1.875,0.0,0.0,0.4307692307692325,1661.5284140020285
50,0.02525,0.02525,14.4907605,121.1894645,12.4,20287.6846856212,-1242.1602412886436,2294.0,511.2,69.0,1.8999999999999773,0.0,0.0,0.45000000000000284,1551.3966720779163
51,0.02575,0.02575,14.4841,121.194588,12.4,20947.83865656523,-1954.9207055858676,2355.0,511.2,130.0,1.900000000000034,0.0,0.0,0.4307692307692325,1746.3602558374205
52,0.02625,0.02625,14.479225,121.195011,12.0,20558.319395357168,-2219.231411300813,2358.5,512.55,99.5,1.8999999999999773,0.0,0.0,0.4307692307692325,1701.0021169230108
53,0.02675,0.02675,14.476303,121.198181,12.0,21302.30552670345,-2698.371012027235,2423.5,514.9,129.0,2.8000000000000114,0.0,0.0,0.4499999999999886,1804.1143796626127
54,0.02725,0.02725,14.467505,121.206573,12.0,22170.42922808949,-3671.439159150907,2461.0,516.7,137.0,3.6999999999999886,0.0,0.0,0.4307692307692325,1811.889299308622
55,0.02775,0.02775,14.467109,121.208145,11.774999999999999,22305.918274587224,-3904.8932301012296,2524.0,518.6,137.0,3.6999999999999886,0.0,0.0,0.45000000000000284,1809.1077736245793
56,0.02825,0.02825,14.462728,121.2137985,11.7,22940.261737574685,-4057.953258042595,2549.0,518.6,137.0,3.699999999999932,0.0,0.0,0.4307692307692325,1811.0525952867658
57,0.02875,0.02875,14.459590500000001,121.21805950000001,11.7,23418.472291317994,-4443.0774184313495,2602.0,518.6,137.0,3.6999999999999886,0.0,0.0,0.45000000000001705,1811.554123766511
58,0.02925,0.02925,14.45024875,121.220566,11.7,23688.981552459427,-5611.848906766038,2632.75,524.575,144.0,4.650000000000006,0.0,0.0,0.4933333333333318,1876.3496028093268
59,0.02975,0.02975,14.4392855,121.223381,11.7,24015.47441731787,-7116.596330026266,2644.0,524.575,145.0,3.7000000000000455,0.0,0.0,0.47083333333333144,1878.0276291147632
60,0.03025,0.03025,14.447342,121.228447,11.4,24560.468602249075,-6453.428871513713,2712.5,522.3,144.0,3.7000000000000455,0.0,0.0,0.4307692307692325,1873.1447873500424
61,0.03075,0.03075,14.4391705,121.23273449999999,11.4,25024.41103191847,-6774.560263228088,2774.0,526.0,145.0,3.7000000000000455,0.0,0.0,0.5285714285714309,1873.71629204513
62,0.03125,0.03125,14.422762500000001,121.2349435,11.4,25224.096644217367,-8614.727646012787,2789.0,531.5,145.0,5.5,0.0,0.0,0.4841666666666702,1899.3284076253365
63,0.03175,0.03175,14.42342,121.238754,11.4,25642.011892881063,-8653.312338853604,2804.0,531.5,145.0,5.5,0.0,0.0,0.4307692307692325,1908.763469723038
64,0.03225,0.03225,14.4223255,121.24320599999999,11.1,26126.218836395234,-8769.455600157708,2865.0,529.7,144.0,5.549999999999983,0.0,0.0,0.5692307692307674,1913.608980060705
65,0.03275,0.03275,14.4193955,121.2464675,11.4,26490.904106368696,-9050.834750688613,2949.0,533.4,152.0,3.7000000000000455,0.0,0.0,0.4230769230769231,1926.628396132117
66,0.03325,0.03325,14.405982999999999,121.248383,11.4,26660.92055459822,-10332.85842824122,2935.75,537.1,145.0,5.549999999999983,0.0,0.0,0.4583333333333333,1936.1020724011655
67,0.03375,0.03375,14.4141785,121.2537385,11.1,27261.648996844564,-9702.437920856955,2991.0,536.6,144.5,5.5,0.0,0.0,0.4625000000000009,1927.703580215849
68,0.03425,0.03425,14.403821,121.25692,11.4,27626.972237512186,-10670.502289370314,2995.0,537.1,144.0,5.5,0.0,0.0,0.4230769230769231,1934.257517064745
69,0.03475,0.03475,14.407059,121.25975,11.1,27962.75483963553,-10536.8458029295,3109.0,540.8,145.0,3.7000000000000455,0.0,0.0,0.4230769230769274,1953.6134281841616
70,0.03525,0.03525,14.393417,121.262947,11.4,28271.37562589704,-11658.470577245133,3094.0,542.6,144.0,5.5,0.0,0.0,0.4307692307692325,1946.350855929711
71,0.03575,0.03575,14.40117525,121.265896,11.1,28584.407546192557,-10926.25097390755,3135.5,544.5,137.0,5.5,0.0,0.0,0.4307692307692325,1965.0540912617714
72,0.03625,0.03625,14.392297,121.270943,11.1,29102.183944851102,-11844.889129256542,3139.0,544.5,137.0,5.074999999999989,0.0,0.0,0.4307692307692325,1966.6384303729342
73,0.03675,0.03675,14.3860475,121.2736245,10.7,29380.45095258083,-12701.59162491618,3196.5,547.725,130.0,5.5,0.0,0.0,0.4307692307692325,1971.7337975109733
74,0.03725,0.03725,14.389457499999999,121.276894,10.7,29745.324880111686,-12327.864960250981,3239.0,548.2,137.0,5.5,0.0,0.0,0.4403846153846106,1975.4914322648863
75,0.03775,0.03775,14.387924,121.2793925,10.175,30018.563497263793,-12359.110777796723,3250.25,550.0,129.0,5.600000000000023,0.0,0.0,0.5692307692307674,1994.6676801621938
76,0.03825,0.03825,14.374237,121.284382,10.4,30572.11475605629,-13795.69561687377,3254.0,550.475,137.0,5.5,0.0,0.0,0.4933333333333318,2002.575597512779
77,0.03875,0.03875,14.377716,121.288292,10.4,31001.426942548747,-13511.314199176531,3299.0,553.7,129.0,5.600000000000023,0.0,0.0,0.5285714285714269,2016.088948123394
78,0.03925,0.03925,14.374695,121.290504,9.8,31215.403349277774,-13837.449369501572,3299.0,557.5,122.0,5.600000000000023,0.0,0.0,0.5285714285714269,2013.0093037745664
79,0.03975,0.03975,14.378171,121.293541,10.1,31452.612960647813,-13488.29681756807,3399.0,556.55,122.0,5.600000000000023,0.0,0.0,0.5692307692307674,2009.029756008932
80,0.04025,0.04025,14.360275,121.298203,9.8,32054.59083390984,-15406.18956143618,3368.0,559.3,129.0,5.600000000000023,0.0,0.0,0.6166666666666648,2035.9020037971568
81,0.04075,0.04075,14.364438,121.301254,10.1,32409.6574758642,-15136.096711548686,3360.0,563.0,122.0,5.600000000000023,0.0,0.0,0.5692307692307674,2043.7701760638283
82,0.04125,0.04125,14.359131,121.304359,10.1,32657.857834838847,-15460.230370429745,3444.0,566.7,122.0,7.399999999999977,0.0,0.0,0.5692307692307674,2070.620194223676
83,0.04175,0.04175,14.355220500000001,121.307953,10.1,33114.15505425764,-15972.228117364946,3478.5,565.8,122.0,5.600000000000023,0.0,0.0,0.5692307692307674,2106.428457144615
84,0.04225,0.04225,14.353777,121.312408,9.8,33563.085680359996,-16106.384981666846,3467.0,570.4,121.0,7.399999999999977,0.0,0.0,0.6166666666666648,2064.095895589049
85,0.04275,0.04275,14.34868,121.314716,9.4,33810.10158135774,-16712.564961559845,3459.0,572.3,122.0,5.600000000000023,0.0,0.0,0.5060416666666663,2110.86054465944
86,0.04325,0.04325,14.347325999999999,121.319298,9.4,34265.956340052195,-16943.350350584617,3524.0,576.0,122.0,7.400000000000006,0.0,0.0,0.6271874999999996,2134.2409433265375
87,0.04375,0.04375,14.349197,121.322113,9.1,34592.572922077925,-16855.506237199912,3482.0,598.2,122.0,7.400000000000091,0.0,0.0,0.5769230769230769,2240.8405379831725
88,0.04425,0.04425,14.336274,121.326263,8.1,35034.27992898022,-18023.054579652147,3490.0,579.7,92.0,11.100000000000025,0.0,0.0,0.8999999999999773,2167.749935573332
89,0.04475,0.04475,14.335994,121.328888,9.1,35326.34668805511,-18133.916074645134,3490.0,594.5,114.0,7.5,0.0,0.0,0.6333333333333636,2237.932430850804
90,0.04525,0.04525,14.3350355,121.3339845,8.8,35923.63364378952,-18197.35286791828,3623.5,586.1500000000001,122.0,9.299999999999983,0.0,0.0,0.7797619047619122,2279.481159495119
91,0.04575,0.04575,14.3398135,121.337021,9.1,36119.59954152096,-17873.05241641727,3543.0,608.4,121.5,8.349999999999966,0.0,0.0,0.6090909090909011,2346.154991207565
92,0.04625,0.04625,14.3311155,121.340515,8.3,36531.565029102996,-18696.78557078692,3574.0,611.15,114.5,12.050000000000011,0.0,0.0,0.7888528138528144,2398.464145480106
93,0.04675,0.04675,14.327894,121.343224,7.8,36923.70150254832,-19005.12952827463,3589.0,611.2,114.0,11.100000000000025,0.0,0.0,0.8538461538461556,2349.301662254916
94,0.04725,0.04725,14.318802,121.345779,9.4,37195.656758558725,-19976.084968874,3650.0,603.8,122.0,9.200000000000044,0.0,0.0,0.664285714285711,2411.260539622865
95,0.04775,0.04775,14.323099,121.349724,9.1,37579.90064101466,-19602.247109128657,3658.0,620.4,122.0,9.299999999999956,0.0,0.0,0.7153846153846118,2405.972760704384
96,0.04825,0.04825,14.324959,121.354599,8.725000000000001,38070.17536587677,-19330.319540417837,3574.0,638.0,122.0,9.300000000000011,0.0,0.0,0.7276923076923029,2400.726822009762
97,0.04875,0.04875,14.3145435,121.3572695,8.8,38370.4789447816,-20466.67766286414,3665.0,628.75,129.0,11.100000000000025,0.0,0.0,0.715756823821339,2422.9563352781497
98,0.04925,0.04925,14.305984,121.360573,8.5,38734.195916106066,-21356.015914571915,3711.0,642.6,129.0,11.100000000000025,0.0,0.0,0.7153846153846118,2504.615846331315
99,0.04975,0.04975,14.304106,121.364166,9.1,39141.2635723588,-21658.466532807284,3757.0,633.4,145.0,9.299999999999956,0.0,0.0,0.5769230769230769,2571.89970178114
100,0.05025,0.05025,14.306305,121.367607,8.5,39468.07210006539,-21370.69366516278,3757.0,627.8,130.0,9.200000000000044,0.0,0.0,0.6757575757575778,2446.425467787984
101,0.05075,0.05075,14.304749,121.370705,8.5,39769.27750375628,-21666.694968744567,3719.0,659.3,129.0,11.100000000000025,0.0,0.0,0.7161290322580623,2519.5212563126106
102,0.05125,0.05125,14.289686,121.375332,8.8,40286.53427746556,-23304.98768336529,4042.5,633.4,152.0,11.099999999999966,0.0,0.0,0.6359374999999989,2898.083873992027
103,0.05175,0.05175,14.2915425,121.37722,8.8,40543.75125881549,-22973.5707467294,3832.5,652.8499999999999,137.0,11.100000000000025,0.0,0.0,0.6759072580645165,2528.1553358811416
104,0.05225,0.05225,14.288864,121.380226,9.1,40873.1388585671,-23338.957780376557,3993.0,653.8,137.0,9.299999999999956,0.0,0.0,0.6133333333333287,2658.694005936341
105,0.05275,0.05275,14.278152,121.384087,8.8,41291.39072467524,-24502.28070978001,3955.0,656.55,137.0,9.300000000000068,0.0,0.0,0.6166666666666648,2523.8153638671356
106,0.05325,0.05325,14.2765275,121.385689,8.8,41474.45069358019,-24720.223067037696,3928.0,652.8499999999999,137.0,11.100000000000025,0.0,0.0,0.5981534090909087,2794.8514271220947
107,0.05375,0.05375,14.274445,121.39128099999999,8.8,42059.03581284595,-24889.461979153086,4039.0,663.0,152.0,9.300000000000011,0.0,0.0,0.5692307692307674,2957.9996365576085
108,0.05425,0.05425,14.267303,121.395233,8.8,42495.03462666654,-25664.491688380796,4122.0,653.8,145.0,11.200000000000044,0.0,0.0,0.5692307692307674,4804.92663094227
109,0.05475,0.05475,14.265096,121.396278,8.1,42617.29270560588,-25949.92945934054,4176.0,651.9,160.0,12.899999999999975,0.0,0.0,0.5967741935483871,4923.432849767275
110,0.05525,0.05525,14.266969,121.4023895,8.65,43254.72205986131,-25705.244685286343,4153.0,673.675,141.5,11.100000000000025,0.0,0.0,0.6000000000000008,4314.6425256170405
111,0.05575,0.05575,14.256902,121.40461,9.1,43479.24502062967,-26889.972667634596,4138.0,670.4,145.0,11.100000000000025,0.0,0.0,0.6571428571428604,4714.31591124879
112,0.05625,0.05625,14.2572785,121.4086115,7.0,43883.29833169309,-26804.519248475255,4378.0,651.9,167.5,16.699999999999932,0.0,0.0,0.694055944055943,5199.524789837509
113,0.05675,0.05675,14.253204,121.412033,8.1,44303.904503124904,-27284.604007383245,4313.0,674.1,198.0,13.0,0.0,0.0,0.6166666666666667,5151.341794797818
114,0.05725,0.05725,14.255859,121.413559,8.8,44424.39001356832,-26964.58456647136,4351.0,666.7,168.0,11.100000000000025,0.0,0.0,0.6166666666666667,5210.324807154904
115,0.05775,0.05775,14.246155,121.418316,8.5,44976.04295877056,-28126.2395696709,4366.5,675.05,160.0,9.300000000000011,0.0,0.0,0.564918414918414,5015.8759499905445
116,0.05825,0.05825,14.246679499999999,121.4219515,7.949999999999999,45280.890137084316,-28199.68392016515,4434.5,667.6500000000001,160.0,12.050000000000011,0.0,0.0,0.6074780058651024,5174.577587096524
117,0.05875,0.05875,14.2410975,121.424072,8.5,45548.18029021991,-28605.71275563802,4382.0,663.0,209.5,9.299999999999956,0.0,0.0,0.4950000000000008,5309.745651934327
118,0.05925,0.05925,14.238863,121.43021350000001,8.3,46229.928203502655,-29048.602760208036,4396.5,666.7,206.0,9.25,0.0,0.0,0.5354838709677426,5303.020033582271
119,0.05975,0.05975,14.2400585,121.4300805,7.5,46289.75877172088,-28823.488320275486,4465.0,666.7,156.5,12.949999999999989,0.0,0.0,0.6262784090909097,5436.432017841442
120,0.06025,0.06025,14.236326,121.435814,8.8,46853.52972790795,-29290.452059716023,4442.0,688.9,221.0,11.099999999999907,0.0,0.0,0.4774193548387119,5739.711715227298
121,0.06075,0.06075,14.2347335,121.4398115,8.8,47273.54842278697,-29334.485311488523,4473.0,685.2,240.0,13.0,0.0,0.0,0.5060606060606057,5556.084271884178
122,0.06125,0.06125,14.224345,121.4425355,7.5,47572.66267443194,-30433.704277137185,4591.0,676.9000000000001,194.5,16.69999999999999,0.0,0.0,0.7515625000000004,5618.338405470688
123,0.06175,0.06175,14.219847,121.446136,8.5,47794.31789182348,-30965.04996803296,4610.0,674.1,199.0,14.799999999999956,0.0,0.0,0.5812500000000007,5695.96080564715
124,0.06225,0.06225,14.2252705,121.44917699999999,8.65,48307.74157523448,-30338.96606877824,4556.5,683.4,221.0,11.100000000000025,0.0,0.0,0.5377083333333326,5712.00542379039
125,0.06275,0.06275,14.2188995,121.45135149999999,8.1,48611.333847511996,-31048.50187574832,4663.0,688.9,232.5,12.949999999999989,0.0,0.0,0.5060416666666663,5835.217596583703
126,0.06325,0.06325,14.208281,121.4553985,7.65,48903.632189829004,-32271.147380455914,4553.0,678.75,214.0,12.05000000000001,0.0,0.0,0.598387096774186,5746.859396685023
127,0.06375,0.06375,14.202459000000001,121.46157450000001,7.8,49655.96149427637,-33065.85861888524,4625.0,687.1,244.0,14.850000000000023,0.0,0.0,0.5967741935483871,5804.509280895025
128,0.06425,0.06425,14.21402,121.460602,8.1,49526.47209591568,-31791.785389569293,4595.0,690.8,244.0,13.0,0.0,0.0,0.4624999999999986,5762.548932297258
129,0.06475,0.06475,14.203227,121.468773,8.8,50359.82424987486,-32872.045594038245,4625.0,690.8,267.0,12.899999999999975,0.0,0.0,0.4484848484848505,5835.748895218958
130,0.06525,0.06525,14.195996000000001,121.4734915,8.3,50673.02775243879,-34180.978481007136,4690.0,687.1,243.5,13.0,0.0,0.0,0.48537634408602376,5889.540391442378
131,0.06575,0.06575,14.1960035,121.474602,8.8,51070.995616782406,-33711.4572547211,4743.75,689.825,255.5,13.0,0.0,0.0,0.4644672531769295,5914.21138419618
132,0.06625,0.06625,14.203135,121.477959,8.5,51364.983962695274,-32814.66893263757,4709.0,700.1,267.0,13.0,0.0,0.0,0.5060606060606074,6076.9950082139385
133,0.06675,0.06675,14.2039945,121.48024749999999,8.65,51632.96117977238,-32860.20331799332,4781.5,694.5,274.0,12.900000000000034,0.0,0.0,0.45549242424242453,6039.856569975927
134,0.06725,0.06725,14.1847925,121.4832995,8.1,51931.58448827459,-34966.29373515662,4858.0,691.7,247.5,15.749999999999943,0.0,0.0,0.5549999999999993,5923.028869901545
135,0.06775,0.06775,14.1892155,121.4864845,8.5,52293.624962983966,-34469.30732405289,4827.0,692.1500000000001,266.0,12.049999999999955,0.0,0.0,0.4346774193548472,5979.77101964145
136,0.06825,0.06825,14.177065,121.49173,9.4,52900.88722439427,-35912.34147778351,4953.0,698.2,275.0,11.100000000000025,0.0,0.0,0.3939393939393939,6035.378494687003
137,0.06875,0.06875,14.173378,121.494839,8.5,53233.7773434721,-36303.41457496459,4759.0,699.1500000000001,247.5,13.0,0.0,0.0,0.46839285714285517,6059.722729354483
138,0.06925,0.06925,14.176181,121.493256,8.1,53087.25764177589,-35917.23406131403,4892.0,689.8499999999999,251.0,16.699999999999932,0.0,0.0,0.6000000000000008,5967.097286326166
139,0.06975,0.06975,14.171494,121.50074,8.8,53731.33684848395,-36397.263222681955,4892.0,700.1,260.0,13.0,0.0,0.0,0.4333333333333333,6106.598225381509
140,0.07025,0.07025,14.164217,121.504242,7.8,54119.825427555494,-37335.638504772454,4770.0,703.8,259.0,13.0,0.0,0.0,0.4625000000000021,6039.788769642066
141,0.07075,0.07075,14.161491999999999,121.5100745,8.5,54846.59537548923,-37468.40543057151,4907.0,705.6,259.0,11.100000000000025,0.0,0.0,0.36889204545454546,6156.887927242309
142,0.07125,0.07125,14.151901,121.512886,8.8,55170.63914745639,-38507.412260273646,5029.0,701.9,275.0,11.100000000000025,0.0,0.0,0.3700000000000008,6108.262178752167
143,0.07175,0.07175,14.149925,121.515511,8.8,55317.24826001003,-38829.09962738927,4953.0,692.6,274.0,9.299999999999956,0.0,0.0,0.3468749999999971,6025.998247414682
144,0.07225,0.07225,14.1595,121.515465,8.5,55477.221958347545,-37731.71538056455,5006.0,703.8,252.0,11.100000000000025,0.0,0.0,0.4161290322580674,6114.373480422221
145,0.07275,0.07275,14.161563,121.517593,8.8,55710.64307609524,-37399.35328574674,5044.0,711.2,267.0,12.899999999999975,0.0,0.0,0.40625,6125.5246170811515
146,0.07325,0.07325,14.143687,121.526474,8.5,56556.136727360725,-39434.668034341215,5083.0,709.3,266.0,11.100000000000025,0.0,0.0,0.4161290322580638,6161.660604335208
147,0.07375,0.07375,14.143982,121.526924,8.5,56718.22926352288,-39355.49713721489,5116.5,703.8,267.0,11.100000000000025,0.0,0.0,0.3909090909090902,6145.381021065624
148,0.07425,0.07425,14.137309,121.534836,8.5,57498.62299117324,-40116.51626633295,5060.0,707.5,267.0,11.100000000000025,0.0,0.0,0.3468750000000007,6150.679446394153
149,0.07475,0.07475,14.134565250000001,121.534977,8.5,57442.94835929382,-40674.43758140476,5044.5,710.25,267.0,11.100000000000025,0.0,0.0,0.39242424242424206,6206.885964486608
150,0.07525,0.07525,14.135633,121.533463,8.5,57423.827285663094,-40321.448799203594,5189.0,711.2,266.0,11.099999999999907,0.0,0.0,0.3468750000000007,6216.259374662332
151,0.07575,0.07575,14.133664,121.5427625,7.8,58348.83779145415,-40524.21302800946,5036.5,713.0,252.0,11.100000000000025,0.0,0.0,0.40009469696969696,6232.128087428345
152,0.07625,0.07625,14.124368,121.54657,8.1,58764.7807774126,-41670.13392735613,5063.5,716.7,251.0,11.199999999999932,0.0,0.0,0.4161290322580638,6197.592744756083
153,0.07675,0.07675,14.1199495,121.550415,7.8,59201.13447525322,-42152.109002628305,5239.0,711.2,259.5,11.099999999999907,0.0,0.0,0.4046875000000014,6192.2008304841875
154,0.07725,0.07725,14.1141495,121.553825,8.1,59509.610102423205,-42751.39488754707,5144.0,713.0,259.0,12.899999999999975,0.0,0.0,0.4177419354838706,6187.629884311681
155,0.07775,0.07775,14.1162235,121.5594825,7.8,60202.57400857693,-42638.53188110991,5193.0,711.2,247.5,9.299999999999956,0.0,0.0,0.37600195503421346,6183.842385584696
156,0.07825,0.07825,14.1266255,121.5584945,8.1,59983.74543395637,-41447.79936442909,5318.5,717.6500000000001,260.0,10.199999999999989,0.0,0.0,0.3468750000000007,6219.187820437837
157,0.07875,0.07875,14.116825,121.562832,8.3,60615.13955885412,-42425.092924601544,5204.0,720.4,267.0,11.100000000000025,0.0,0.0,0.35246975806451686,6245.8056873504975
158,0.07925,0.07925,14.119675,121.560974,8.1,60357.44973586139,-42081.22213897916,5265.0,720.4,259.0,11.100000000000025,0.0,0.0,0.3468750000000007,6352.562434984696
159,0.07975,0.07975,14.1069015,121.5691645,8.5,61322.57384948958,-43521.476415704274,5368.0,717.6500000000001,270.5,9.200000000000044,0.0,0.0,0.2890625,6297.19889930707
160,0.08025,0.08025,14.099213,121.576248,8.1,62046.71019175267,-44403.531389656426,5372.0,722.3,267.0,9.300000000000068,0.0,0.0,0.3500000000000014,6329.345986961668
161,0.08075,0.08075,14.097763,121.5770535,8.5,62111.83291268379,-44518.28471245768,5284.5,720.4,251.5,11.100000000000025,0.0,0.0,0.358064516129033,6234.086544612941
162,0.08125,0.08125,14.09923,121.579819,8.45,62429.37280270511,-44335.480000553565,5403.0,722.3,266.0,11.100000000000025,0.0,0.0,0.4031249999999993,6304.875486313663
163,0.08175,0.08175,14.0939945,121.58181,7.8,62580.22884044728,-44916.47429477409,5357.0,724.1,236.0,11.100000000000025,0.0,0.0,0.3804545454545455,6310.372425359214
164,0.08225,0.08225,14.082778999999999,121.5870055,8.5,63144.204804290086,-46251.87161083869,5368.0,722.3,266.0,7.399999999999977,0.0,0.0,0.2890625,6279.200845730651
165,0.08275,0.08275,14.082165750000001,121.590565,7.8,63555.634668388084,-46260.90621110758,5509.5,727.8,252.0,9.300000000000011,0.0,0.0,0.32675324675324735,6282.078919383889
166,0.08325,0.08325,14.076805,121.593197,7.5,63899.249284714984,-46931.7739289266,5486.0,720.4,252.0,9.300000000000068,0.0,0.0,0.34161931818181535,6304.223413332014
167,0.08375,0.08375,14.076884,121.596771,7.8,64047.0041024538,-46813.907143878874,5364.0,720.4,251.0,9.200000000000044,0.0,0.0,0.2875000000000014,6285.653569137814
168,0.08425,0.08425,14.0718615,121.601784,7.65,64798.14862464341,-47491.30757266172,5528.5,723.2,244.0,9.300000000000068,0.0,0.0,0.359677419354838,6240.311518436662
169,0.08475,0.08475,14.076996,121.599953,7.5,64607.780752962906,-46814.12953403933,5502.0,729.7,251.0,9.200000000000044,0.0,0.0,0.2906250000000021,6351.060030516419
170,0.08525,0.08525,14.073486,121.601357,7.8,64735.84549136611,-47287.598185673705,5509.0,733.4,243.0,9.300000000000068,0.0,0.0,0.3100000000000023,6364.711497277591
171,0.08575,0.08575,14.07522,121.6072385,7.8,65188.79982414061,-47005.44066958144,5608.5,728.75,259.0,7.399999999999977,0.0,0.0,0.2862215909090913,6390.342081463864
172,0.08625,0.08625,14.057424000000001,121.613018,8.1,66019.66127500328,-49198.318846866685,5677.0,731.5,244.0,10.199999999999932,0.0,0.0,0.3468750000000007,6356.482538315702
173,0.08675,0.08675,14.065292,121.615807,7.8,66286.0374611573,-48104.21485490909,5525.0,731.5,244.0,9.299999999999956,0.0,0.0,0.3468750000000007,6369.748054849782
174,0.08725,0.08725,14.056076,121.61528,8.1,66233.69124276305,-49828.73935425095,5639.0,731.5,237.0,9.299999999999956,0.0,0.0,0.3166666666666629,6376.838400515897
175,0.08775,0.08775,14.056366,121.623154,7.8,67124.59870049846,-49223.94931286071,5555.0,735.2,229.0,7.399999999999977,0.0,0.0,0.2906250000000021,6434.465487207996
176,0.08825,0.08825,14.048996,121.624336,8.1,67205.74481618132,-50313.883489309854,5753.0,729.7,244.0,9.200000000000044,0.0,0.0,0.2967741935483886,6352.842273810019
177,0.08875,0.08875,14.044437,121.632576,7.8,68088.3179455034,-50771.34004939059,5707.0,733.4,236.0,9.300000000000068,0.0,0.0,0.3468750000000007,6396.1615689902965
178,0.08925,0.08925,14.0383075,121.636955,7.8,68558.71502695394,-51291.73302488355,5642.5,737.1,236.0,9.300000000000068,0.0,0.0,0.33425324675324625,6430.970559552701
179,0.08975,0.08975,14.036796500000001,121.63439199999999,7.5,68343.95345149336,-51346.60779697854,5741.5,732.45,236.0,11.099999999999907,0.0,0.0,0.3468750000000007,6344.794675720023
180,0.09025,0.09025,14.0338935,121.6417085,7.5,69028.1055483328,-51658.39880195341,5810.5,735.2,232.5,11.099999999999966,0.0,0.0,0.35246975806451686,6388.252274296485
181,0.09075,0.09075,14.02996,121.644867,7.5,69440.55343567606,-52213.09545969842,5837.0,738.9,244.0,9.300000000000068,0.0,0.0,0.3468750000000007,6505.814561773198
182,0.09125,0.09125,14.030571,121.649109,7.65,69943.8890628587,-52006.16141538389,5795.0,740.8,251.0,9.299999999999956,0.0,0.0,0.3050000000000004,6521.697515875985
183,0.09175,0.09175,14.0339125,121.6462365,7.8,69585.42082968936,-51714.49671993138,5798.5,742.7,236.5,9.199999999999989,0.0,0.0,0.28749999999999964,6510.370338072988
184,0.09225,0.09225,14.025375,121.649925,7.8,69973.65836035955,-53118.77938820062,5829.0,738.9,251.0,9.200000000000044,0.0,0.0,0.2818181818181839,6549.876754121792
185,0.09275,0.09275,14.017841,121.656052,7.5,70648.63970875012,-53503.84795104904,5920.5,742.7,240.5,9.25,0.0,0.0,0.30333333333333334,6495.114487106252
186,0.09325,0.09325,14.021095500000001,121.6587755,7.8,70953.71271623686,-53195.170408320904,5898.0,744.5,240.0,9.200000000000044,0.0,0.0,0.2875000000000014,6440.73412435012
187,0.09375,0.09375,14.016391500000001,121.6596145,7.2,71027.20459549158,-54027.298791248584,5871.5,733.4,236.5,8.300000000000068,0.0,0.0,0.2906249999999986,6438.277900144084
188,0.09425,0.09425,14.011619,121.668617,7.8,71987.37054284656,-54426.211141586435,5845.0,744.5,244.0,7.399999999999977,0.0,0.0,0.2387096774193541,6497.972597131119
189,0.09475,0.09475,14.004985000000001,121.6712875,7.2,72254.29993485342,-55156.04005069919,6008.5,742.7,243.0,9.299999999999956,0.0,0.0,0.29062500000000036,6509.773990370319
190,0.09525,0.09525,13.999561499999999,121.678154,7.5,73017.92180840854,-55574.6339302383,5848.5,748.2,236.0,9.200000000000044,0.0,0.0,0.2936995967741935,6515.227255314041
191,0.09575,0.09575,14.001846,121.676521,7.2,72803.42222758582,-55539.94106520522,5776.0,740.8,237.0,7.5,0.0,0.0,0.2787878787878801,6530.536876300547
192,0.09625,0.09625,13.9976615,121.6812365,7.949999999999999,73390.78157403076,-55759.32895850626,5898.0,739.8499999999999,232.5,9.25,0.0,0.0,0.29677419354838674,6420.519711139204
193,0.09675,0.09675,13.988388,121.689438,7.5,74191.9663866732,-56672.01817706311,6058.0,748.2,228.0,9.300000000000068,0.0,0.0,0.3393939393939407,6574.9869079174505
194,0.09725,0.09725,13.9951155,121.691811,7.5,74522.99930724775,-56346.9393600004,6092.0,748.2,243.5,9.200000000000044,0.0,0.0,0.2890625000000018,6597.272907572602
195,0.09775,0.09775,13.994693999999999,121.69090299999999,6.8,74418.45369560368,-56297.84673207716,6035.0,749.1500000000001,236.0,9.199999999999932,0.0,0.0,0.2906250000000021,6537.967490779294
196,0.09825,0.09825,13.987289,121.692474,7.5,74573.44258325385,-56898.633750578905,6187.0,750.1,236.0,9.200000000000044,0.0,0.0,0.2906250000000021,6568.942155744387
197,0.09875,0.09875,13.9923735,121.68724800000001,7.5,73988.28950417729,-56355.55697871861,6077.0,751.9,243.5,7.399999999999977,0.0,0.0,0.2242424242424235,6564.1454941191705
198,0.09925,0.09925,13.977814,121.700905,7.2,75443.42863922218,-57836.3418621882,6104.0,746.4,228.0,9.300000000000068,0.0,0.0,0.2999999999999985,6551.372776523849
199,0.09975,0.09975,13.971222,121.703651,7.5,75797.66616791963,-58891.13839328378,6058.0,753.8,229.0,9.200000000000044,0.0,0.0,0.3066666666666643,6654.832488770668
200,0.10025,0.10025,13.980217,121.71109799999999,6.8,76588.3528260261,-57972.83382317504,6084.5,755.6,232.5,9.200000000000044,0.0,0.0,0.2818181818181822,6594.434207732859
201,0.10075,0.10075,13.963996,121.710396,6.8,76483.0220930279,-59441.22045519907,6210.0,750.1,236.0,7.399999999999977,0.0,0.0,0.2466666666666659,6494.750531169273
202,0.10125,0.10125,13.965345,121.716629,7.2,77189.6762328215,-59540.74005200778,6165.0,759.3,229.0,9.300000000000068,0.0,0.0,0.3000000000000022,6650.4568486293765
203,0.10175,0.10175,13.95195,121.723995,7.2,77976.06552845554,-60742.48088163192,6088.5,756.55,224.5,9.25,0.0,0.0,0.2906250000000021,6608.6909260071725
204,0.10225,0.10225,13.958771,121.709763,7.2,76501.37758687229,-60025.21701658565,6073.0,759.3,236.0,7.400000000000091,0.0,0.0,0.234375,6657.931054935272
205,0.10275,0.10275,13.952232500000001,121.72767250000001,7.2,78251.56042443129,-61121.98969046888,6183.5,759.3,229.0,8.749999999999972,0.0,0.0,0.3165689149560128,6645.117993817792
206,0.10325,0.10325,13.945022,121.7328265,6.8,78911.0113146801,-61539.304826585554,6416.0,759.775,228.0,9.299999999999956,0.0,0.0,0.2890624999999982,6678.266150763317
207,0.10375,0.10375,13.947715,121.73692700000001,6.8,79257.17627000302,-61269.37876931846,6226.0,762.1,213.0,9.300000000000068,0.0,0.0,0.30833333333333335,6626.81593565137
208,0.10425,0.10425,13.952480000000001,121.726444,6.8,78306.9200917142,-60712.45820996881,6324.5,760.25,213.0,10.199999999999989,0.0,0.0,0.341619318181817,6620.161347962998
209,0.10475,0.10475,13.952518999999999,121.72937,7.2,78504.3022381533,-60690.77516932339,6283.0,759.3,228.0,8.300000000000011,0.0,0.0,0.2803030303030303,6625.420818899773
210,0.10525,0.10525,13.942384,121.7363245,7.2,79320.52119829365,-61923.650621412606,6305.5,763.0,228.0,7.399999999999977,0.0,0.0,0.2466666666666659,6662.8782954584785
211,0.10575,0.10575,13.934265,121.74195900000001,6.65,79963.52748631836,-62791.25023493463,6298.0,762.1,217.5,9.299999999999956,0.0,0.0,0.3363636363636353,6617.712595122473
212,0.10625,0.10625,13.934784,121.744179,6.8,80137.42350273528,-62794.085709480474,6309.0,761.2,213.0,7.400000000000091,0.0,0.0,0.2787878787878767,6629.8715139904125
213,0.10675,0.10675,13.931362499999999,121.752895,6.5,81170.85729271371,-63148.57562526525,6321.0,760.25,221.0,7.399999999999977,0.0,0.0,0.24268817204301368,6626.724943746968
214,0.10725,0.10725,13.9219895,121.7573545,6.5,81606.40540900576,-64246.12666471009,6279.0,760.25,213.0,8.349999999999966,0.0,0.0,0.28906249999999994,6671.101843487899
215,0.10775,0.10775,13.924072,121.758064,6.8,81756.47502082137,-63855.8875306307,6317.0,764.9,221.0,9.299999999999956,0.0,0.0,0.3100000000000023,6612.07391992143
216,0.10825,0.10825,13.910385,121.767113,6.8,82612.45071162462,-65363.91520875789,6462.0,766.7,214.0,9.200000000000044,0.0,0.0,0.2875000000000014,6652.968300579929
217,0.10875,0.10875,13.921097,121.764412,6.5,82398.50798762274,-64307.67314161939,6111.0,774.1,213.0,9.299999999999956,0.0,0.0,0.2967741935483886,6725.1213645267435
218,0.10925,0.10925,13.910706,121.775772,6.8,83526.66806540563,-65420.73589475731,6591.0,763.0,221.0,11.099999999999907,0.0,0.0,0.3468749999999971,6609.252590694277
219,0.10975,0.10975,13.902763499999999,121.77552800000001,6.8,83595.4144569414,-66261.64868902334,6565.0,768.6,213.0,8.350000000000023,0.0,0.0,0.2846590909090909,6721.998320130569
220,0.11025,0.11025,13.900809,121.778534,6.8,83871.66789139004,-66542.91664447401,6530.0,766.7,206.0,9.199999999999932,0.0,0.0,0.2875000000000014,6752.537107427422
221,0.11075,0.11075,13.911299,121.781906,6.2,84304.79421038127,-65261.72693002345,6431.0,766.7,213.0,9.299999999999956,0.0,0.0,0.3066666666666682,6731.499151979835
222,0.11125,0.11125,13.912078999999999,121.7711065,6.8,83016.83249673765,-65152.755751394565,6515.0,770.4,206.0,9.300000000000068,0.0,0.0,0.3099999999999985,6731.238502319036
223,0.11175,0.11175,13.89795,121.785881,6.5,84710.23258902447,-67580.70032829352,6633.0,770.4,213.5,9.25,0.0,0.0,0.2890625000000018,6796.5887907479855
224,0.11225,0.11225,13.894148000000001,121.79069899999999,6.2,85254.10596886932,-67410.2382702955,6366.5,769.5,198.0,9.300000000000011,0.0,0.0,0.3050000000000004,6643.33348112899
225,0.11275,0.11275,13.890257,121.787521,6.5,84882.02685459884,-67652.42115504418,6546.0,768.6,206.0,9.299999999999956,0.0,0.0,0.2906249999999986,6786.955039418859
226,0.11325,0.11325,13.877948499999999,121.8008845,6.2,86288.5687662549,-68945.45314553985,6507.0,768.6,198.5,8.350000000000023,0.0,0.0,0.2906250000000021,6737.819473511609
227,0.11375,0.11375,13.887603,121.796898,6.5,85833.39617027494,-67871.14187786385,6690.0,770.4,206.0,9.300000000000068,0.0,0.0,0.3000000000000022,6701.585836135262
228,0.11425,0.11425,13.870935,121.814369,6.5,87788.22236621182,-69894.83674057377,6519.0,769.5,213.5,7.399999999999977,0.0,0.0,0.2387096774193541,6725.97251969424
229,0.11475,0.11475,13.8745915,121.806011,6.5,86856.31276291936,-69380.89307973455,6648.5,777.8,206.0,7.399999999999977,0.0,0.0,0.23654233870967883,6794.219156398707
230,0.11525,0.11525,13.865467500000001,121.8185845,6.5,88181.5319818953,-70330.22107722814,6462.0,775.05,198.0,9.25,0.0,0.0,0.29062500000000036,6776.07633540325
231,0.11575,0.11575,13.861441,121.8194655,6.5,88309.23102638221,-70897.8163642804,6740.0,776.9,202.0,9.199999999999989,0.0,0.0,0.336363636363637,6760.136115867408
232,0.11625,0.11625,13.8559475,121.82371900000001,6.5,88804.6802107112,-71545.91688942132,6774.0,774.1,198.5,7.399999999999977,0.0,0.0,0.2746880570409978,6700.925645840498
233,0.11675,0.11675,13.855017,121.8263855,6.2,89053.6269623191,-71524.95661679737,6682.5,785.2,198.0,9.199999999999989,0.0,0.0,0.28465909090909086,6854.281349625708
234,0.11725,0.11725,13.857742,121.826965,6.2,89091.82227582265,-71186.42319502625,6629.0,768.6,198.0,9.199999999999932,0.0,0.0,0.2906249999999986,6709.725597396161
235,0.11775,0.11775,13.853108,121.827492,6.5,89143.03804234527,-71792.54757737926,6774.0,781.5,191.0,7.399999999999977,0.0,0.0,0.2818181818181839,6706.481622331305
236,0.11825,0.11825,13.8557995,121.827843,6.5,89176.09729832251,-71746.45721662263,6728.5,780.6,198.0,8.300000000000068,0.0,0.0,0.2906249999999986,6811.516334572461
237,0.11875,0.11875,13.846557,121.83639149999999,6.2,90126.24208988667,-72714.52158513581,6686.5,781.5,194.5,7.399999999999977,0.0,0.0,0.29838709677419173,6730.699225419234
238,0.11925,0.11925,13.849686,121.833641,5.9,89875.89982093379,-72266.34981425424,6789.0,785.2,190.0,5.600000000000023,0.0,0.0,0.2312500000000028,6752.335878841698
239,0.11975,0.11975,13.846404,121.838806,6.2,90331.69128156934,-72878.923511261,6736.0,781.5,198.0,7.400000000000091,0.0,0.0,0.2818181818181804,6806.383992743435
240,0.12025,0.12025,13.8423355,121.837902,6.2,90239.47805338452,-73024.7002614471,6835.5,775.05,186.5,9.299999999999956,0.0,0.0,0.34687499999999893,6708.801167842981
241,0.12075,0.12075,13.842773,121.8423535,6.2,90649.36426284624,-72945.97414464188,6702.0,779.7,190.0,8.349999999999966,0.0,0.0,0.29531249999999853,6761.571918129386
242,0.12125,0.12125,13.83365,121.851295,6.2,91814.7623599681,-74222.7160558832,6782.0,785.2,198.0,5.5,0.0,0.0,0.2176470588235287,6806.300517385363
243,0.12175,0.12175,13.8361865,121.8518755,6.2,91680.19773238525,-73837.36950533398,6827.5,780.1500000000001,198.0,5.600000000000023,0.0,0.0,0.22424242424242524,6695.43719091361
244,0.12225,0.12225,13.8322525,121.85793699999999,6.5,92221.61421572193,-74268.80641664,6843.0,784.3,186.5,5.599999999999909,0.0,0.0,0.19217443249701166,6805.322768949141
245,0.12275,0.12275,13.828388499999999,121.8542555,6.2,91859.05823704044,-74700.91049842778,6861.5,782.45,175.0,6.5,0.0,0.0,0.26424242424242506,6685.788354144068
246,0.12325,0.12325,13.824646,121.858696,6.5,92325.81304138456,-75194.11627680331,6927.0,783.4,190.0,5.5,0.0,0.0,0.2312499999999993,6799.364623511426
247,0.12375,0.12375,13.8212425,121.86326600000001,6.2,92819.5834381739,-75579.07364457194,6873.0,783.4,183.0,7.399999999999977,0.0,0.0,0.2387096774193541,6797.254351844764
248,0.12425,0.12425,13.823547,121.866714,6.2,92985.51037750849,-74993.85393730308,6858.0,794.5,183.0,7.399999999999977,0.0,0.0,0.2818181818181839,6764.25162057214
249,0.12475,0.12475,13.813306,121.875725,6.2,94357.78784913829,-76308.95815122475,6980.0,789.0,191.0,5.600000000000023,0.0,0.0,0.2312499999999993,6824.261081571629
250,0.12525,0.12525,13.820754,121.868919,5.9,93590.33579888708,-75421.17663064039,6965.0,790.8,176.0,5.600000000000023,0.0,0.0,0.2312499999999993,6765.611490017495
251,0.12575,0.12575,13.8152845,121.87467950000001,6.35,94248.57603770791,-75915.93914013932,6907.5,789.0,182.5,5.600000000000023,0.0,0.0,0.23281249999999964,6834.953958709002
252,0.12625,0.12625,13.812195,121.879105,6.2,94775.92619231498,-76257.91960939752,7033.0,789.0,182.0,7.400000000000091,0.0,0.0,0.2967741935483886,6830.309353280276
253,0.12675,0.12675,13.805694500000001,121.884735,6.2,95283.28804915641,-77045.79235039215,7010.5,789.9,190.0,5.600000000000023,0.0,0.0,0.2037878787878784,6775.846189518328
254,0.12725,0.12725,13.804067,121.884552,6.2,95302.00291571105,-77167.60656078778,6955.0,789.0,182.0,7.399999999999977,0.0,0.0,0.23654233870967706,6807.569644983758
255,0.12775,0.12775,13.7955095,121.8904265,5.9,95911.23866804602,-78305.18782911732,7052.5,785.2,171.5,7.399999999999977,0.0,0.0,0.2936995967741935,6792.830488001964
256,0.12825,0.12825,13.793661,121.90107,6.2,97196.53814891604,-78361.39694217536,7125.0,790.8,183.0,7.399999999999977,0.0,0.0,0.3000000000000022,6816.809368039421
257,0.12875,0.12875,13.789261,121.899467,6.2,97016.74775694527,-78810.40267615816,7087.0,792.7,182.0,7.399999999999977,0.0,0.0,0.2312499999999993,6851.040132041798
258,0.12925,0.12925,13.803772,121.896248,6.2,96586.0295145333,-77230.54297620028,7155.0,787.1,175.0,7.399999999999977,0.0,0.0,0.25,6717.4414435081835
259,0.12975,0.12975,13.7833495,121.8948975,6.2,96433.12363169354,-79557.7448104079,7098.0,796.35,175.0,7.400000000000034,0.0,0.0,0.2906249999999986,6838.8051145640675
260,0.13025,0.13025,13.778354,121.91661049999999,6.050000000000001,98609.09296836612,-80025.43131787024,7067.5,784.3,183.0,5.600000000000023,0.0,0.0,0.2257575757575771,6791.475360490505
261,0.13075,0.13075,13.783127,121.9109305,6.2,98157.66913614045,-79781.30251921754,7022.25,797.75,183.0,5.550000000000011,0.0,0.0,0.2387096774193541,6931.492821426016
262,0.13125,0.13125,13.781479,121.91301,6.2,98428.51176503891,-79683.50644615202,7109.0,792.7,175.0,5.5,0.0,0.0,0.2312499999999993,6847.811320854971
263,0.13175,0.13175,13.77663,121.9169425,6.050000000000001,98638.2736263033,-80269.72690914324,7227.5,801.45,183.0,6.5,0.0,0.0,0.2466666666666659,6883.035138828707
264,0.13225,0.13225,13.783081,121.906464,5.9,97368.82914554558,-79507.48463414254,7224.0,798.2,175.0,5.600000000000023,0.0,0.0,0.2387096774193541,6872.66874255639
265,0.13275,0.13275,13.770172500000001,121.91817449999999,6.050000000000001,98992.80242641279,-80945.57060680247,7155.0,795.45,179.0,5.5,0.0,0.0,0.1762096774193552,6932.112267255896
266,0.13325,0.13325,13.770129,121.92898199999999,6.2,100109.0359204498,-80943.01311995726,7254.0,797.3,175.0,5.600000000000023,0.0,0.0,0.2387096774193559,6845.823458219287
267,0.13375,0.13375,13.765715,121.9164695,5.5,98656.77681707182,-81666.33711687636,7143.5,791.75,168.0,5.600000000000023,0.0,0.0,0.2328125000000014,6884.695676598572
268,0.13425,0.13425,13.7702295,121.930721,6.2,100175.51466787732,-80999.11103793487,7265.5,793.6,179.0,5.599999999999966,0.0,0.0,0.2387096774193541,6880.004251156741
269,0.13475,0.13475,13.749939,121.939186,6.2,101238.30079111166,-83421.77384852317,7254.0,789.0,175.0,5.5,0.0,0.0,0.224242424242427,6912.421239430548
270,0.13525,0.13525,13.756342499999999,121.9440115,5.9,101772.0170474,-82757.16085396733,7326.5,792.7,183.0,5.5,0.0,0.0,0.1762096774193552,6911.354501555263
271,0.13575,0.13575,13.753859,121.947296,5.9,102099.51502609352,-82771.83860455838,7300.0,798.2,183.0,5.5,0.0,0.0,0.1750000000000007,7006.5203249194765
272,0.13625,0.13625,13.74202,121.949806,5.9,102372.49081857728,-84395.28677596794,7254.0,790.8,175.0,5.600000000000023,0.0,0.0,0.2242424242424235,7022.629687641921
273,0.13675,0.13675,13.729814000000001,121.9634435,5.9,103678.8612413282,-85518.30148878615,7365.0,797.3,176.0,7.399999999999977,0.0,0.0,0.2312499999999993,6989.814633958646
274,0.13725,0.13725,13.7316535,121.960861,6.050000000000001,103651.4068261548,-85276.61898189873,7227.5,803.8,175.0,7.399999999999977,0.0,0.0,0.2349798387096767,6934.668733942666
275,0.13775,0.13775,13.740731,121.9613725,5.9,103686.48422316155,-84783.07961828233,7349.5,797.3,175.0,7.399999999999977,0.0,0.0,0.2387096774193559,6946.566879920121
276,0.13825,0.13825,13.729706,121.956627,5.5,103161.668177879,-85634.22235992979,7300.0,803.8,168.0,5.600000000000023,0.0,0.0,0.2312499999999993,6871.695046973736
277,0.13875,0.13875,13.725998,121.966118,6.2,104121.1367849564,-86165.2900631253,7498.0,805.6,175.0,7.399999999999977,0.0,0.0,0.2387096774193577,7003.002045610171
278,0.13925,0.13925,13.729614,121.967278,5.9,104337.50362853336,-85621.99090110401,7292.0,807.5,175.0,7.399999999999977,0.0,0.0,0.2466666666666659,7048.9456515554675
279,0.13975,0.13975,13.719681000000001,121.9701195,5.5,104616.93836517722,-86560.58857335534,7323.0,802.8499999999999,167.0,7.399999999999977,0.0,0.0,0.2426881720430118,6948.1366319223835
280,0.14025,0.14025,13.722381500000001,121.984184,5.5,106064.99110355394,-86289.05018742484,7433.5,803.8,176.0,5.5499999999999545,0.0,0.0,0.2312499999999993,7051.306274724426
281,0.14075,0.14075,13.7216035,121.973652,5.5,104982.80026211901,-86396.57583001099,7395.0,800.1,179.5,7.399999999999977,0.0,0.0,0.23125000000000104,7001.21608099532
282,0.14125,0.14125,13.708191,121.998352,5.5,107705.46133433808,-87875.69278727754,7384.0,800.1,176.0,7.399999999999977,0.0,0.0,0.2312499999999993,7067.361419331415
283,0.14175,0.14175,13.7149175,121.987938,5.5,106298.99299512731,-87088.70960692449,7395.5,803.8,182.5,7.399999999999977,0.0,0.0,0.2312499999999993,7104.646399990694
284,0.14225,0.14225,13.697181,121.9910315,5.5,106854.56011760225,-89043.35232480965,7520.5,801.9,182.5,5.600000000000023,0.0,0.0,0.22774621212121138,6983.642529929724
285,0.14275,0.14275,13.709106,121.993942,5.5,107020.21499847063,-87724.24508799921,7361.0,800.1,182.0,7.399999999999977,0.0,0.0,0.2312499999999993,7007.254788298928
286,0.14325,0.14325,13.690269,122.008911,5.9,108858.52653269432,-89851.85175318764,7460.0,800.1,175.0,7.399999999999977,0.0,0.0,0.234375,7030.033722854463
287,0.14375,0.14375,13.700231,122.006866,5.5,108253.55969518251,-88780.0423748166,7391.0,801.9,176.0,7.399999999999977,0.0,0.0,0.2387096774193541,7017.2386388725945
288,0.14425,0.14425,13.686824,122.015106,5.5,109171.96557278551,-90232.36131774684,7399.0,811.2,183.0,7.399999999999977,0.0,0.0,0.224242424242427,7118.4059200374495
289,0.14475,0.14475,13.680819,122.02269,5.5,110218.80933915288,-90890.74738780956,7635.0,805.6,183.0,7.399999999999977,0.0,0.0,0.2312499999999993,7070.462384795668
290,0.14525,0.14525,13.692901500000001,122.0037655,5.9,108217.11350046353,-89515.31984286086,7567.0,814.9,175.0,7.449999999999989,0.0,0.0,0.2627272727272713,7078.14948744401
291,0.14575,0.14575,13.674254,122.029648,5.2,111002.63362767684,-91773.30273962312,7460.0,811.2,168.0,7.399999999999977,0.0,0.0,0.2387096774193541,7085.685460308303
292,0.14625,0.14625,13.679451,122.027893,5.5,110775.26362681351,-91064.99007853551,7528.5,816.7,175.0,7.400000000000091,0.0,0.0,0.2387096774193577,7131.5761962789065
293,0.14675,0.14675,13.676525,122.01806300000001,5.5,109757.06498446772,-91472.5200475915,7677.0,804.7,179.0,5.600000000000023,0.0,0.0,0.2242424242424235,7017.806222337198
294,0.14725,0.14725,13.6696245,122.0358925,5.5,111428.57105263145,-92312.87686645628,7547.5,805.6,175.0,7.399999999999977,0.0,0.0,0.23654233870967706,7128.036105669455
295,0.14775,0.14775,13.672623,122.032677,5.5,111403.91656639114,-91767.0758151302,7551.0,811.2,175.0,7.399999999999977,0.0,0.0,0.2312499999999993,7055.825171024157
296,0.14825,0.14825,13.663193,122.054459,5.5,113277.32629459973,-92829.54480676146,7483.0,811.2,175.0,7.399999999999977,0.0,0.0,0.224242424242427,7175.497784825419
297,0.14875,0.14875,13.672394,122.031944,5.5,111153.25209561326,-91841.57651888646,7780.0,811.2,167.0,7.399999999999977,0.0,0.0,0.2312499999999993,7094.361499812638
298,0.14925,0.14925,13.654701,122.04895,5.5,113075.16422942889,-93817.5686921766,7589.5,810.25,179.5,7.399999999999977,0.0,0.0,0.2312499999999993,7127.493681516406
299,0.14975,0.14975,13.651473,122.04916750000001,5.35,113114.59531127149,-94201.41410914267,7517.0,811.2,183.0,5.5,0.0,0.0,0.17464717741935484,7167.263034372015
300,0.15025,0.15025,13.643143,122.060287,5.2,114331.9255125631,-95101.48268609306,7574.0,811.2,175.0,7.399999999999977,0.0,0.0,0.2387096774193577,7085.924174724399
301,0.15075,0.15075,13.65973,122.052803,5.5,113560.53371329296,-93526.0707893444,7574.0,811.2,168.0,7.399999999999977,0.0,0.0,0.234375,7083.230817015432
302,0.15125,0.15125,13.6382905,122.078758,5.2,116147.01292834076,-95597.91312179547,7715.0,818.6,175.0,7.400000000000034,0.0,0.0,0.2387096774193577,7172.725079107153
303,0.15175,0.15175,13.6347025,122.0568165,5.2,113952.6681354155,-96017.73014721723,7791.5,818.6,168.0,7.399999999999977,0.0,0.0,0.2312499999999993,7185.951746972054
304,0.15225,0.15225,13.6395295,122.04528049999999,5.275,112717.8702694952,-95694.7084391389,7783.5,815.8,171.5,7.399999999999977,0.0,0.0,0.22774621212121138,7213.02383388406
305,0.15275,0.15275,13.63266,122.087372,5.2,117328.75355781044,-96362.21250578092,7788.0,814.9,175.0,5.600000000000023,0.0,0.0,0.1833333333333333,7195.664953642612
306,0.15325,0.15325,13.6436205,122.052071,5.2,113465.53573112769,-95204.7273180899,7738.0,823.2,167.5,5.600000000000023,0.0,0.0,0.1819892473118283,7223.44748165636
307,0.15375,0.15375,13.640213,122.083214,5.2,116792.87749260492,-95544.26149558276,7711.0,816.7,167.0,7.399999999999977,0.0,0.0,0.2312500000000028,7055.332466793293
308,0.15425,0.15425,13.632217,122.062347,5.5,114529.53710500576,-96298.72011496728,7772.0,814.9,161.0,7.400000000000091,0.0,0.0,0.2387096774193541,7145.249567192813
309,0.15475,0.15475,13.626343,122.074539,5.2,115897.80716605934,-97012.37013990634,7689.0,814.9,175.0,5.600000000000023,0.0,0.0,0.1806451612903233,7134.9546372166
310,0.15525,0.15525,13.617188,122.08799,5.2,116494.51098333253,-97987.6621886348,7894.0,820.4,168.0,5.600000000000023,0.0,0.0,0.1866666666666674,7198.658338498351
311,0.15575,0.15575,13.628633,122.087513,5.2,117246.81134651732,-96690.51598017043,7783.5,814.9,160.0,7.399999999999977,0.0,0.0,0.2349798387096767,7177.809219536866
312,0.15625,0.15625,13.6132505,122.08850849999999,5.2,117347.00722699141,-98382.62711362407,7722.5,814.9,160.0,5.600000000000023,0.0,0.0,0.18500000000000033,7159.454236746422
313,0.15675,0.15675,13.605789,122.092026,5.2,117833.53085316456,-99287.53267656456,7910.0,818.6,167.0,7.399999999999977,0.0,0.0,0.2312499999999993,7118.789790566057
314,0.15725,0.15725,13.618345,122.095596,4.9,118028.78641096911,-97947.46516713033,7620.0,815.8,160.0,7.399999999999977,0.0,0.0,0.2312499999999993,7248.302665468028
315,0.15775,0.15775,13.596652,122.112518,5.2,119955.36375021849,-100224.68481277244,7727.0,820.4,168.0,7.399999999999977,0.0,0.0,0.2242424242424235,7220.936004484529
316,0.15825,0.15825,13.597024,122.104843,5.2,119193.07719704974,-100461.86391891098,7871.0,826.0,175.0,5.600000000000023,0.0,0.0,0.1866666666666674,7148.529141208412
317,0.15875,0.15875,13.591484,122.111382,5.2,119855.69701775796,-100832.92190165028,7948.0,824.1,167.0,7.399999999999977,0.0,0.0,0.2312499999999993,7185.283467840792
318,0.15925,0.15925,13.58931,122.118622,4.9,120252.70347692074,-101239.22872482364,7978.0,822.3,168.0,7.399999999999977,0.0,0.0,0.2312499999999993,7165.837043139356
319,0.15975,0.15975,13.594185,122.128647,4.9,121650.78018574465,-100755.36333318727,7974.5,829.7,160.0,7.399999999999977,0.0,0.0,0.2349798387096767,7231.258718138149
320,0.16025,0.16025,13.595022,122.125069,4.9,121279.77259283596,-100400.92901494274,7993.0,824.1,160.0,7.399999999999977,0.0,0.0,0.2312499999999993,7228.401592160456
321,0.16075,0.16075,13.593246,122.122795,5.2,121087.59386552502,-100607.6406690969,7826.0,820.4,160.0,7.399999999999977,0.0,0.0,0.2312499999999993,7163.808888918947
322,0.16125,0.16125,13.582764000000001,122.124054,5.35,120730.0089962419,-102014.64761683194,7947.5,827.8,167.5,5.550000000000011,0.0,0.0,0.22774621212121138,7243.128788043467
323,0.16175,0.16175,13.583442999999999,122.1420215,5.050000000000001,123056.2581063506,-101719.42467881223,7818.0,826.0,160.0,6.5,0.0,0.0,0.2242424242424235,7231.991259095425
324,0.16225,0.16225,13.578415,122.125374,4.9,121338.28558137604,-102505.85188376364,8047.0,824.1,161.0,7.400000000000091,0.0,0.0,0.2466666666666697,7145.678907314747
325,0.16275,0.16275,13.568161,122.131645,5.2,122003.82754493089,-103732.88959414088,7902.0,826.0,160.0,7.399999999999977,0.0,0.0,0.2312499999999993,7297.859171423729
326,0.16325,0.16325,13.5701295,122.14273449999999,4.9,123100.12113047096,-103564.09546234614,7925.0,823.2,153.0,7.399999999999977,0.0,0.0,0.2387096774193541,7232.26786527713
327,0.16375,0.16375,13.566147,122.136101,5.2,122100.19852310327,-103701.1989962742,7993.0,820.4,160.0,5.600000000000023,0.0,0.0,0.1833333333333333,7198.420121605803
328,0.16425,0.16425,13.5639725,122.16273849999999,4.9,125378.25977962106,-103863.8773986556,7818.0,825.05,152.0,6.5,0.0,0.0,0.22575757575757535,7270.4491861216275
329,0.16475,0.16475,13.561831,122.154427,5.2,124476.05488382316,-104101.72367527554,7963.0,814.9,168.0,7.399999999999977,0.0,0.0,0.2312499999999993,7171.3050488066665
330,0.16525,0.16525,13.550426999999999,122.15097,5.2,123975.77328223067,-105509.39779349178,7993.5,837.1,160.0,5.600000000000023,0.0,0.0,0.177822580645162,7286.7145093017425
331,0.16575,0.16575,13.5544825,122.15970200000001,4.9,125065.08319077898,-105071.73395769263,8111.5,827.8,160.0,5.550000000000011,0.0,0.0,0.1819892473118283,7306.235401981812
332,0.16625,0.16625,13.541061,122.18811,4.9,127916.18890796282,-106927.96902957105,8146.0,829.7,152.0,7.399999999999977,0.0,0.0,0.2312499999999993,7256.382891674254
333,0.16675,0.16675,13.549187,122.1803855,5.2,127110.47637729536,-105587.73472751633,8096.5,831.5,153.0,7.399999999999977,0.0,0.0,0.2312499999999993,7222.811178403061
334,0.16725,0.16725,13.555639,122.171242,4.9,126238.50551848245,-104872.75036161476,8153.0,833.4,153.0,7.399999999999977,0.0,0.0,0.2312499999999993,7248.760467510669
335,0.16775,0.16775,13.547446,122.1755485,4.75,126825.04394875673,-106217.32127179865,8088.5,832.45,152.0,7.399999999999977,0.0,0.0,0.2312499999999993,7323.317770882253
336,0.16825,0.16825,13.5448855,122.1814575,4.6,126920.75333439038,-106001.26923090499,8100.0,827.8,160.0,5.5,0.0,0.0,0.17343750000000036,7192.953611127147
337,0.16875,0.16875,13.535477,122.189423,4.9,128394.5018484149,-107148.35767859408,8070.0,829.7,153.0,5.600000000000023,0.0,0.0,0.1833333333333333,7310.9028628888545
338,0.16925,0.16925,13.533061,122.169319,5.2,125707.2566861022,-107363.1865736052,8138.0,835.3,152.0,7.399999999999977,0.0,0.0,0.2312499999999993,7378.067051662324
339,0.16975,0.16975,13.522018,122.181229,5.2,126965.72117939054,-108694.63646432146,8123.0,833.4,152.0,5.600000000000023,0.0,0.0,0.1866666666666674,7308.016894147769
340,0.17025,0.17025,13.524536,122.186012,4.6,127724.79347482289,-108378.842436458,8176.0,827.8,152.0,5.600000000000023,0.0,0.0,0.1806451612903196,7233.041479522816
341,0.17075,0.17075,13.522541,122.197281,4.9,129167.23368400702,-108521.06094407687,8252.0,826.0,153.0,7.399999999999977,0.0,0.0,0.2387096774193577,7234.057521457235
342,0.17125,0.17125,13.524517,122.20218650000001,4.6,129716.97599288818,-108372.78230458546,7947.5,834.3499999999999,152.0,5.600000000000023,0.0,0.0,0.1750000000000007,7381.020345630624
343,0.17175,0.17175,13.522634,122.214272,4.6,130929.29332791697,-108475.5821562614,8123.0,837.1,153.0,7.399999999999977,0.0,0.0,0.2312499999999993,7332.828484648594
344,0.17225,0.17225,13.5102275,122.20808400000001,4.9,130286.90804675929,-110006.12683813585,8248.5,831.5,160.0,5.5,0.0,0.0,0.1696969696969703,7232.712029586341
345,0.17275,0.17275,13.504715000000001,122.195171,4.75,128512.53030247768,-110450.96275661014,8252.5,831.5,152.0,7.399999999999977,0.0,0.0,0.23125000000000104,7269.864448670933
346,0.17325,0.17325,13.507828,122.218422,4.6,131042.94728369814,-110880.39815647191,8214.0,833.4,145.0,7.399999999999977,0.0,0.0,0.2312499999999993,7207.709566168276
347,0.17375,0.17375,13.506107,122.223801,4.9,131702.06795484977,-110538.02850443331,8352.0,837.1,152.0,5.600000000000023,0.0,0.0,0.1750000000000007,7370.375842900439
348,0.17425,0.17425,13.511054999999999,122.2205085,5.2,131370.52150295064,-109815.14928783479,8287.0,835.25,160.0,5.5,0.0,0.0,0.20545454545454545,7366.735584065197
349,0.17475,0.17475,13.5020855,122.2097095,4.9,130466.18012029245,-111058.64387008612,8134.0,837.1,137.0,7.399999999999977,0.0,0.0,0.2466666666666697,7286.193295644225
350,0.17525,0.17525,13.506912,122.229767,4.9,132683.14170435868,-110303.40688514034,8176.0,833.4,145.0,5.600000000000023,0.0,0.0,0.1806451612903196,7346.268552382219
351,0.17575,0.17575,13.494097,122.226753,4.6,132200.76133198247,-111732.70844646194,8184.0,840.8,152.0,7.399999999999977,0.0,0.0,0.2387096774193541,7398.176892046469
352,0.17625,0.17625,13.4882335,122.233818,4.6,133074.73054680898,-112375.91638807289,8203.0,838.05,145.0,7.399999999999977,0.0,0.0,0.23124999999999984,7409.425790423711
353,0.17675,0.17675,13.479584,122.229065,4.9,132171.6307612184,-113278.65364694892,8329.0,837.1,160.0,5.5,0.0,0.0,0.171875,7375.155166423552
354,0.17725,0.17725,13.48082,122.230904,4.9,132467.8304878291,-113629.58532016592,8283.0,829.7,153.0,5.600000000000023,0.0,0.0,0.1833333333333333,7312.401039699565
355,0.17775,0.17775,13.480637,122.23056,4.9,131720.0544047901,-113156.89503409308,8241.0,837.1,145.0,5.600000000000023,0.0,0.0,0.1750000000000007,7325.229651812251
356,0.17825,0.17825,13.481232,122.229065,4.9,132617.33166841572,-113326.13394620856,8169.0,837.1,152.0,5.600000000000023,0.0,0.0,0.1774193548387097,7326.07560560303
357,0.17875,0.17875,13.475098,122.257233,5.2,135420.74146852698,-113765.13212297058,8374.0,837.1,145.0,7.399999999999977,0.0,0.0,0.2242424242424235,7329.735194182671
358,0.17925,0.17925,13.4553945,122.22841650000001,4.9,132500.4788717289,-116014.05262069372,8374.5,839.9000000000001,145.0,5.550000000000011,0.0,0.0,0.1750000000000007,7356.6882087691465
359,0.17975,0.17975,13.4623855,122.26846499999999,4.2,136866.20234336372,-115208.49986194189,8347.5,836.2,145.0,7.399999999999977,0.0,0.0,0.22926136363636324,7344.865012168074
360,0.18025,0.18025,13.4559245,122.2854535,4.75,138655.36328166223,-116377.77172813767,8469.5,838.05,137.0,7.399999999999977,0.0,0.0,0.2312499999999993,7331.759156964619
361,0.18075,0.18075,13.458709500000001,122.26284799999999,4.9,135954.6811935837,-115995.09385951383,8363.0,842.7,152.5,4.649999999999977,0.0,0.0,0.1666666666666666,7329.9057906491
362,0.18125,0.18125,13.466793,122.2705305,4.9,137012.9855294287,-114672.03919735525,8389.5,843.6,148.5,6.5,0.0,0.0,0.2242424242424235,7401.570235108835
363,0.18175,0.18175,13.456203,122.247711,4.6,133933.22942538152,-116139.92545151836,8481.0,842.7,137.0,5.600000000000023,0.0,0.0,0.1806451612903196,7334.297190516294
364,0.18225,0.18225,13.455601,122.27940000000001,4.2,138107.959984542,-116325.78802812852,8275.0,838.05,145.0,5.5499999999999545,0.0,0.0,0.1806451612903233,7368.514491519849
365,0.18275,0.18275,13.440609,122.278603,4.6,137877.1227355537,-117655.6255901814,8359.0,846.4,137.0,5.600000000000023,0.0,0.0,0.1806451612903196,7431.728995837203
366,0.18325,0.18325,13.4493835,122.2790145,4.6,137628.2191744761,-116873.59059089902,8294.5,839.9,138.0,6.5,0.0,0.0,0.22774621212121315,7393.166196982405
367,0.18375,0.18375,13.4476875,122.28421399999999,4.75,138474.73599599456,-116838.9533234062,8378.0,841.75,152.0,5.600000000000023,0.0,0.0,0.2242424242424235,7384.392791891085
368,0.18425,0.18425,13.4337155,122.2833445,4.6,138315.85662980075,-118921.58157864012,8481.0,838.05,145.0,6.5,0.0,0.0,0.2054545454545472,7392.536563315711
369,0.18475,0.18475,13.436931,122.287872,4.2,138564.07819856456,-117985.70818585469,8511.5,834.3499999999999,145.0,5.599999999999966,0.0,0.0,0.1750000000000007,7370.459552812763
370,0.18525,0.18525,13.432571,122.263863,4.6,136000.64214926743,-118567.53644317672,8420.0,842.7,152.0,3.7000000000000455,0.0,0.0,0.171875,7360.863509808371
371,0.18575,0.18575,13.438627499999999,122.30806749999999,4.6,141130.2127586261,-118102.6298127204,8488.5,843.6,137.0,6.5,0.0,0.0,0.20244379276637153,7464.636200096953
372,0.18625,0.18625,13.422043,122.311119,4.6,139172.86950671056,-119725.74439888918,8473.0,846.4,137.0,5.600000000000023,0.0,0.0,0.1806451612903233,7409.422756781481
373,0.18675,0.18675,13.413027,122.3417625,4.4,144775.4407376406,-120648.99715006797,8587.5,844.55,137.0,7.399999999999977,0.0,0.0,0.2242424242424235,7375.373063712414
374,0.18725,0.18725,13.415145,122.299904,4.6,140227.7195169341,-120426.27340436028,8618.0,855.6,144.0,5.600000000000023,0.0,0.0,0.1774193548387097,7528.350106375668
375,0.18775,0.18775,13.414865,122.3088,4.2,140826.53169188497,-120895.18305770509,8466.0,846.4,137.0,5.599999999999909,0.0,0.0,0.1774193548387097,7391.623423418251
376,0.18825,0.18825,13.4198,122.31382,4.6,141746.0065652921,-120004.95524535562,8580.0,850.1,145.0,5.5,0.0,0.0,0.1833333333333333,7388.081754444351
377,0.18875,0.18875,13.41944,122.3002245,4.6,139956.90515868072,-120161.6847109448,8706.0,840.8,133.5,5.550000000000011,0.0,0.0,0.2037878787878784,7422.893590070127
378,0.18925,0.18925,13.408208,122.333164,4.6,143805.62284664979,-121503.1977564221,8591.5,849.1500000000001,145.0,5.600000000000023,0.0,0.0,0.1790322580645165,7446.2727843635275
379,0.18975,0.18975,13.401179,122.332474,4.9,143730.4340166637,-121993.79045041224,8260.0,851.9,138.0,5.599999999999909,0.0,0.0,0.1806451612903233,7494.532356051387
380,0.19025,0.19025,13.406905,122.324333,4.6,142516.04658834083,-121466.28098978466,8534.0,842.7,145.0,5.599999999999909,0.0,0.0,0.171875,7289.648855349318
381,0.19075,0.19075,13.399968,122.324287,4.6,142327.03529809657,-122740.5766092609,8481.0,850.1,137.0,3.7000000000000455,0.0,0.0,0.1233333333333348,7411.985911228021
382,0.19125,0.19125,13.398433,122.313492,4.6,141252.58561695387,-122858.88817462912,8755.0,846.4,144.0,5.600000000000023,0.0,0.0,0.1750000000000007,7479.920760509974
383,0.19175,0.19175,13.389542,122.341438,4.6,144715.7140227109,-123344.0323096882,8580.0,840.8,145.0,5.5,0.0,0.0,0.171875,7475.2244692178065
384,0.19225,0.19225,13.398056,122.3166695,4.2,142059.08422796556,-122630.38228474939,8625.5,846.4,133.5,7.399999999999977,0.0,0.0,0.22424242424242524,7459.572946536668
385,0.19275,0.19275,13.3834065,122.322235,4.2,142470.03742672002,-123949.43392401974,8610.5,847.3,137.0,5.600000000000023,0.0,0.0,0.1750000000000007,7423.546699605024
386,0.19325,0.19325,13.377995,122.368378,4.2,147251.4330362035,-124857.8421319874,8618.0,851.9,137.0,5.600000000000023,0.0,0.0,0.1750000000000007,7477.5660615683455
387,0.19375,0.19375,13.376249,122.370045,3.9,147803.68580102816,-124900.15186001651,8603.0,855.6,133.5,5.600000000000023,0.0,0.0,0.2024437927663734,7556.163373895921
388,0.19425,0.19425,13.373759,122.354401,4.2,146217.76715358044,-125005.50919853768,8504.0,855.6,144.0,3.7000000000000455,0.0,0.0,0.1233333333333348,7567.80847169956
389,0.19475,0.19475,13.380126,122.3556635,4.4,146159.08601440128,-124406.61249639987,8812.5,855.6,140.5,4.600000000000023,0.0,0.0,0.16818181818181843,7439.07277155659
390,0.19525,0.19525,13.371944,122.34153,4.2,144382.39325699283,-125305.95830532888,8458.0,853.8,137.0,5.5,0.0,0.0,0.1750000000000007,7418.185804992841
391,0.19575,0.19575,13.3740965,122.39778150000001,4.6,150792.25817895847,-125396.86028341946,8748.0,845.45,140.5,5.5499999999999545,0.0,0.0,0.17626008064516163,7426.325347173186
392,0.19625,0.19625,13.3711165,122.3982315,4.6,150889.80078842858,-125659.50306293121,8743.5,855.6,138.0,5.600000000000023,0.0,0.0,0.1819892473118283,7457.5115750327805
393,0.19675,0.19675,13.364821,122.384758,4.2,149359.04405823033,-126037.06595786434,8740.0,855.6,130.0,5.600000000000023,0.0,0.0,0.1774193548387097,7426.198413862682
394,0.19725,0.19725,13.354614,122.36982,4.2,147782.42697827224,-128081.72109319858,8595.0,855.6,137.0,3.7000000000000455,0.0,0.0,0.1233333333333348,7478.096697612426
395,0.19775,0.19775,13.3576125,122.3813935,4.2,147208.72592128583,-127808.07000074368,8744.0,849.1500000000001,130.0,5.600000000000023,0.0,0.0,0.1819892473118283,7479.857547582516
396,0.19825,0.19825,13.346769,122.3969455,4.9,150729.6442079839,-128146.15864219371,8686.5,854.7,133.5,7.399999999999977,0.0,0.0,0.2312499999999993,7483.575197956725
397,0.19875,0.19875,13.356209,122.38058849999999,4.2,147860.96388873516,-127882.07032663902,8790.0,848.2,137.0,5.5,0.0,0.0,0.17343750000000036,7412.354367848491
398,0.19925,0.19925,13.34967,122.350975,4.2,145193.37417941724,-127799.95275988671,8733.0,853.8,138.0,5.5,0.0,0.0,0.1806451612903196,7470.202568323248
399,0.19975,0.19975,13.3426165,122.410248,4.2,151989.4075479467,-128570.92384868578,8805.0,851.9,129.0,5.600000000000023,0.0,0.0,0.18500000000000033,7583.393937239827
400,0.20025,0.20025,13.331032,122.4058605,4.2,151733.78277115774,-129759.98843916305,8778.5,856.55,130.0,5.600000000000023,0.0,0.0,0.20545454545454545,7557.32429008309
401,0.20075,0.20075,13.338936,122.3913305,4.2,150139.07661086676,-129036.49764962356,8630.0,857.5,130.0,5.550000000000011,0.0,0.0,0.17343750000000036,7475.038001765376
402,0.20125,0.20125,13.332293,122.407917,4.6,151960.4994205045,-129628.66704940717,8965.0,855.6,144.5,4.599999999999966,0.0,0.0,0.1449999999999988,7459.66695104082
403,0.20175,0.20175,13.307327,122.38813,4.2,149445.23142420294,-133606.3374595213,8847.0,859.3,137.0,5.599999999999909,0.0,0.0,0.1774193548387097,7554.57407758369
404,0.20225,0.20225,13.332916,122.408676,4.6,151950.79292374136,-129863.62225394076,8641.0,857.5,137.0,3.7000000000000455,0.0,0.0,0.1193548387096788,7488.119571158116
405,0.20275,0.20275,13.334656,122.430099,4.2,154292.18648522074,-129699.38712043576,8900.0,851.9,130.0,3.7000000000000455,0.0,0.0,0.1233333333333348,7534.056702735251
406,0.20325,0.20325,13.324757,122.442085,4.2,155690.2985560308,-131139.75259224093,8869.5,855.6,137.0,3.7000000000000455,0.0,0.0,0.119354838709677,7496.647527866433
407,0.20375,0.20375,13.326323,122.457756,4.6,156703.08752473135,-131342.51682104665,8832.0,857.5,144.0,1.8999999999999773,0.0,0.0,0.0600000000000022,7589.1048577496
408,0.20425,0.20425,13.31273,122.414169,4.2,152674.24585310678,-132840.648137033,8755.0,855.6,130.0,5.5,0.0,0.0,0.1750000000000007,7464.073058410057
409,0.20475,0.20475,13.317245,122.428314,4.2,153629.06538798992,-131729.3645051793,8893.0,859.3,137.0,3.7000000000000455,0.0,0.0,0.1193548387096788,7487.193501480669
410,0.20525,0.20525,13.2999115,122.42696000000001,3.9,153349.59494467964,-133993.24074119385,8816.5,853.8,137.0,5.5,0.0,0.0,0.17343750000000036,7442.223914849397
411,0.20575,0.20575,13.303675,122.4222295,4.6,153017.46004875732,-132816.2408169218,8919.5,855.6,137.5,3.6999999999999886,0.0,0.0,0.1156250000000014,7556.065251370988
412,0.20625,0.20625,13.3017705,122.40296599999999,4.6,150733.74001447618,-133648.86957771063,8850.5,856.55,129.5,5.5,0.0,0.0,0.16818181818181843,7604.139037441147
413,0.20675,0.20675,13.302704,122.467926,4.2,158378.1134429017,-132972.41430710998,8992.0,857.5,152.0,3.7000000000000455,0.0,0.0,0.1156250000000014,7544.29813883184
414,0.20725,0.20725,13.2999115,122.467892,4.2,158413.7834167618,-133251.9587388168,8961.0,858.4,130.0,3.7000000000000455,0.0,0.0,0.1233333333333329,7604.63449027723
415,0.20775,0.20775,13.289218000000002,122.4217945,4.6,153128.55587785935,-134564.8946486744,8774.5,862.1,129.0,5.5,0.0,0.0,0.17343750000000036,7532.985888899089
416,0.20825,0.20825,13.285126,122.4722745,4.6,158935.55821823364,-134912.26807932399,8759.0,863.0,122.0,4.650000000000034,0.0,0.0,0.14666666666666775,7628.240574424921
417,0.20875,0.20875,13.277206,122.415253,4.6,152682.301178846,-135765.30113733542,9106.0,855.6,152.0,1.8999999999999773,0.0,0.0,0.0593749999999992,7545.913879290898
418,0.20925,0.20925,13.2882615,122.44236749999999,4.6,155666.84120690482,-134929.61451184028,8908.0,859.3,137.0,5.5,0.0,0.0,0.16818181818181843,7508.566000976191
419,0.20975,0.20975,13.287243499999999,122.4585875,4.4,157463.50916450692,-134826.59227000416,8854.5,858.4,145.0,1.8999999999999773,0.0,0.0,0.060332661290321804,7603.631571379312
420,0.21025,0.21025,13.287266,122.473167,3.9,158915.19770849386,-135153.728196051,9014.0,855.6,129.0,5.5,0.0,0.0,0.1696969696969703,7554.105058767631
421,0.21075,0.21075,13.277396,122.495476,3.9,161464.6502952673,-136137.5822659572,8854.0,863.0,137.0,3.699999999999932,0.0,0.0,0.1156250000000014,7560.182413013736
422,0.21125,0.21125,13.277664,122.455032,4.2,155450.03152436946,-136423.35362215753,9045.0,868.6,130.0,5.600000000000023,0.0,0.0,0.1750000000000007,7660.36073952896
423,0.21175,0.21175,13.266457,122.494293,4.2,160955.7295701372,-137078.51503489327,8999.0,857.5,130.0,5.5,0.0,0.0,0.1749999999999971,7507.311909532284
424,0.21225,0.21225,13.2694325,122.488167,4.6,160436.06498325052,-136878.75307325405,9018.0,863.0,138.0,3.7000000000000455,0.0,0.0,0.1156250000000014,7605.399520421871
425,0.21275,0.21275,13.257477,122.454086,4.2,156318.11135260077,-138523.93988284934,9144.0,861.2,137.0,5.5,0.0,0.0,0.171875,7562.436640334176
426,0.21325,0.21325,13.258392,122.462135,4.2,156684.66422528302,-138776.241519899,8938.0,859.3,137.0,3.699999999999932,0.0,0.0,0.1156250000000014,7594.849466390864
427,0.21375,0.21375,13.257798,122.51149749999999,4.2,162625.7864259627,-137996.70840992205,9026.0,862.1,137.0,3.6999999999999886,0.0,0.0,0.1156250000000014,7551.182412052287
428,0.21425,0.21425,13.245621,122.481468,4.2,159983.74098195936,-139976.5924110202,8893.0,863.0,130.0,3.7000000000000455,0.0,0.0,0.1193548387096788,7544.440509816347
429,0.21475,0.21475,13.251989,122.493488,4.6,161099.2624422127,-139698.8826981369,8988.0,860.25,130.0,3.6999999999999886,0.0,0.0,0.119354838709677,7579.798507500231
430,0.21525,0.21525,13.2422525,122.461155,4.2,157562.3463675166,-139665.4685765267,8930.5,867.6500000000001,137.0,1.8999999999999773,0.0,0.0,0.062311827956988454,7632.229256469564
431,0.21575,0.21575,13.240293999999999,122.46982600000001,4.6,158429.2292944946,-139853.55505474185,9163.0,871.3499999999999,133.5,5.5,0.0,0.0,0.16927083333333331,7645.966447579981
432,0.21625,0.21625,13.239625,122.4846305,4.2,160246.49768056936,-140142.77345842903,9193.5,855.6,137.5,3.6999999999999886,0.0,0.0,0.11387310606060569,7548.981275171658
433,0.21675,0.21675,13.2456325,122.53557599999999,4.2,165723.89055451925,-139796.56757612195,8968.5,862.1,137.0,1.8999999999999773,0.0,0.0,0.0603326612903236,7552.102186558815
434,0.21725,0.21725,13.243698,122.543335,4.6,166539.58722478355,-139858.16965057148,9098.0,870.4,137.0,1.8999999999999773,0.0,0.0,0.0580645161290344,7570.631243339464
435,0.21775,0.21775,13.235727,122.54842350000001,4.6,166732.89010181517,-140461.01377805736,9072.0,861.2,130.0,4.650000000000034,0.0,0.0,0.14462365591397955,7571.584362637324
436,0.21825,0.21825,13.2263485,122.5085715,4.4,162053.04911186232,-141427.41022036725,9155.0,863.0,130.0,4.600000000000023,0.0,0.0,0.14916666666666595,7504.213957691876
437,0.21875,0.21875,13.227101000000001,122.5562935,4.9,167950.56235703663,-141703.84118982748,9350.0,858.4,137.0,3.7000000000000455,0.0,0.0,0.1193548387096752,7533.504491548569
438,0.21925,0.21925,13.225491,122.5497625,4.2,167214.7412986567,-141820.1512437519,8972.5,863.0,137.5,1.8999999999999773,0.0,0.0,0.05782013685239735,7645.352827502805
439,0.21975,0.21975,13.226967,122.516541,4.6,163721.1924389613,-141534.2130949315,9281.0,859.3,145.0,3.699999999999932,0.0,0.0,0.1121212121212135,7532.965451722716
440,0.22025,0.22025,13.215443,122.563923,4.2,168457.9650591212,-142700.09351118002,9182.0,864.9,130.0,3.7000000000000455,0.0,0.0,0.1193548387096752,7652.051293912406
441,0.22075,0.22075,13.211851,122.506714,4.2,162278.36357106228,-143138.64690762112,9129.0,863.0,130.0,3.7000000000000455,0.0,0.0,0.1193548387096752,7608.144191142447
442,0.22125,0.22125,13.211014,122.569725,3.9,169453.851604115,-143371.26701546955,9144.0,857.5,130.0,1.8999999999999773,0.0,0.0,0.0612903225806444,7531.480684091139
443,0.22175,0.22175,13.1997705,122.544674,4.2,166537.5519878923,-145209.98886221123,9152.0,870.4,125.5,3.6999999999999886,0.0,0.0,0.11748991935483649,7642.4513009608345
444,0.22225,0.22225,13.199608,122.494339,4.6,161310.926730393,-144573.61941803494,9327.0,857.5,130.0,1.8999999999999773,0.0,0.0,0.0580645161290307,7622.2691103617935
445,0.22275,0.22275,13.202035,122.517845,4.6,163645.12521462826,-144112.71581046662,9205.0,864.9,141.0,3.699999999999932,0.0,0.0,0.1121212121212135,7620.630432495036
446,0.22325,0.22325,13.193298,122.548492,4.6,167184.90376117144,-145726.7124000566,9365.0,859.3,144.0,1.8999999999999773,0.0,0.0,0.0593750000000028,7579.192303042669
447,0.22375,0.22375,13.201516,122.584145,4.2,171053.72330959392,-144550.60203642666,9068.0,864.9,122.0,3.699999999999932,0.0,0.0,0.1156249999999978,7523.472825041828
448,0.22425,0.22425,13.198444,122.557701,4.2,165721.13000053525,-145100.79529342192,9136.0,868.6,129.0,3.7000000000000455,0.0,0.0,0.1156250000000014,7655.262226127023
449,0.22475,0.22475,13.1967465,122.609173,4.6,173649.87496138064,-145006.44626784406,9361.5,866.7,141.0,1.8999999999999773,0.0,0.0,0.057820136852395496,7688.792263787467
450,0.22525,0.22525,13.187988,122.56646,3.9,167129.51006588776,-145674.22832218627,9235.0,863.0,137.0,1.8000000000000682,0.0,0.0,0.0575757575757568,7609.5433778083725
451,0.22575,0.22575,13.181122,122.589378,4.6,171504.7202797864,-146449.3692264941,9456.0,859.3,137.0,1.8999999999999773,0.0,0.0,0.0593749999999992,7561.921569966626
452,0.22625,0.22625,13.158554,122.568054,4.9,169258.64583546325,-150437.82555939112,9342.0,857.5,145.0,0.9499999999999886,0.0,0.0,0.0545454545454531,7499.871858468096
453,0.22675,0.22675,13.188054999999999,122.5927165,4.2,171746.7095172443,-145971.73075935093,9422.0,864.9,118.5,3.750000000000057,0.0,0.0,0.119354838709677,7533.246125660531
454,0.22725,0.22725,13.174656,122.586609,4.6,170920.10829322017,-147165.68793335857,9289.0,861.2,145.0,1.8999999999999773,0.0,0.0,0.0575757575757603,7647.143152538759
455,0.22775,0.22775,13.171005,122.554146,4.2,167852.76212610689,-147886.56563851275,9296.0,868.6,130.0,3.699999999999932,0.0,0.0,0.1156249999999978,7610.458855928411
456,0.22825,0.22825,13.157430999999999,122.56870649999999,4.6,169417.02653191367,-149151.6320663297,9277.5,866.7,129.5,3.7000000000000455,0.0,0.0,0.11387310606060565,7638.172004736905
457,0.22875,0.22875,13.159058,122.592773,4.2,171655.65574212043,-148918.6783732403,9174.0,864.9,137.0,1.900000000000091,0.0,0.0,0.1121212121212135,7601.249987642639
458,0.22925,0.22925,13.128685,122.5852355,4.2,171149.31823461124,-153828.77512865263,9330.5,864.85,133.5,1.900000000000034,0.0,0.0,0.060645161290323296,7620.890928526493
459,0.22975,0.22975,13.1513475,122.5619505,4.4,168244.4394571504,-150057.87197023287,9406.5,863.0,137.0,1.8999999999999773,0.0,0.0,0.061290322580646206,7657.5150988209125
460,0.23025,0.23025,13.151871,122.545265,4.6,166908.9180126201,-150267.5858915531,9395.0,859.3,145.0,1.900000000000091,0.0,0.0,0.11212121212121,7598.475136936433
461,0.23075,0.23075,13.155104,122.641396,4.2,177256.47971125678,-149807.4606495472,9289.0,864.9,138.0,3.699999999999932,0.0,0.0,0.1156249999999978,7599.616713889802
462,0.23125,0.23125,13.152191,122.581787,4.2,170371.43317651897,-149661.12792395966,9319.0,870.4,137.0,1.8999999999999773,0.0,0.0,0.0599999999999984,7659.790288114043
463,0.23175,0.23175,13.155755,122.623421,4.6,174914.2132075089,-150098.12458927734,9449.0,859.3,144.0,1.8000000000000682,0.0,0.0,0.0580645161290344,7529.835505030837
464,0.23225,0.23225,13.129128,122.639221,4.6,174271.96002722086,-152311.57385640597,9335.0,868.6,130.0,3.699999999999932,0.0,0.0,0.1156249999999978,7596.41849680658
465,0.23275,0.23275,13.1365765,122.6117555,4.4,171836.80877909204,-151441.63914619898,9494.5,864.9,137.0,1.8500000000000227,0.0,0.0,0.0593749999999992,7542.438996298986
466,0.23325,0.23325,13.118408,122.634605,4.2,176470.75738050175,-153637.79757835163,9632.0,857.5,137.0,3.699999999999932,0.0,0.0,0.1121212121212135,7604.671195043836
467,0.23375,0.23375,13.1354695,122.64250150000001,3.9,177309.35734073722,-151882.1384565442,9445.0,864.9,129.5,1.7999999999999543,0.0,0.0,0.0553977272727276,7617.808681576778
468,0.23425,0.23425,13.1378325,122.6631125,4.6,179109.0490240569,-151374.81090297876,9590.0,868.6,137.5,1.7999999999999543,0.0,0.0,0.0553977272727258,7658.065243761415
469,0.23475,0.23475,13.134016,122.605011,4.6,172818.5930685713,-152037.58917871065,9456.0,863.0,145.0,1.7999999999999543,0.0,0.0,0.0545454545454566,7560.717159131855
470,0.23525,0.23525,13.1141335,122.6320495,4.6,175939.31411916675,-154897.24865461653,9513.5,871.3499999999999,140.5,0.0,0.0,0.0,0.0,7612.543827004494
471,0.23575,0.23575,13.112237,122.6376535,4.6,176889.63103468774,-154295.6276730129,9410.5,866.75,122.0,3.699999999999932,0.0,0.0,0.11387310606060565,7528.927755350688
472,0.23625,0.23625,13.1071265,122.640335,4.2,176845.0381513902,-154922.4899378296,9460.5,864.9,137.0,0.0,0.0,0.0,0.0,7583.122298432474
473,0.23675,0.23675,13.099489,122.598568,4.6,171791.33971222423,-158294.31395329128,9563.0,854.7,141.5,1.7999999999999543,0.0,0.0,0.0562499999999985,7502.603558827764
474,0.23725,0.23725,13.100261,122.5983925,4.9,172074.98945066362,-155948.1533579036,9582.0,862.1,141.0,0.0,0.0,0.0,0.0,7697.551795585406
475,0.23775,0.23775,13.098358,122.638298,4.6,176544.30911489925,-155630.191025976,9388.0,866.7,122.0,3.699999999999932,0.0,0.0,0.1156250000000014,7584.271580163295
476,0.23825,0.23825,13.109781,122.669979,4.2,180367.81464339854,-154538.7001184037,9551.5,867.6500000000001,144.5,0.0,0.0,0.0,0.0,7621.893229321151
477,0.23875,0.23875,13.112595,122.634369,4.6,175645.35431022604,-154163.97269801644,9716.0,870.4,144.0,0.0,0.0,0.0,0.0,7600.117778146139
478,0.23925,0.23925,13.118886,122.707405,3.9,183709.11820295337,-154206.00443834468,9601.0,855.6,137.0,0.0,0.0,0.0,0.0,7459.345277886579
479,0.23975,0.23975,13.0894425,122.63597100000001,4.2,176654.71823367442,-157300.11874092335,9628.0,863.0,141.0,0.0,0.0,0.0,0.0,7574.904071307009
480,0.24025,0.24025,13.076294,122.729912,3.6,186722.6438389602,-160417.36162018983,9792.0,859.3,100.0,1.900000000000091,0.0,0.0,0.11212121212121,7550.00205855392
481,0.24075,0.24075,13.083786,122.644264,4.2,177668.61908935392,-157258.4205858354,9700.0,863.0,122.0,1.7999999999999543,0.0,0.0,0.0562499999999985,7603.462042035124
482,0.24125,0.24125,13.095594,122.70639800000001,3.45,184094.0385254322,-156191.3925959147,9666.0,861.2,118.5,1.900000000000091,0.0,0.0,0.0971717171717166,7572.693856742753
483,0.24175,0.24175,13.089775,122.687126,4.4,181742.2344813206,-157264.09153492755,9761.0,870.4,137.0,0.0,0.0,0.0,0.0,7614.684719754847
484,0.24225,0.24225,13.081784,122.729576,4.6,186789.72087453376,-157618.91503595267,9639.0,863.0,145.0,0.0,0.0,0.0,0.0,7660.132479997064
485,0.24275,0.24275,13.07685,122.685722,4.2,181996.4013574617,-158600.4340091741,9769.0,863.0,153.0,0.0,0.0,0.0,0.0,7592.34731067813
486,0.24325,0.24325,13.055545500000001,122.6789055,4.2,181154.88687020066,-161857.78268953518,9460.0,870.4,129.5,0.0,0.0,0.0,0.0,7606.650522854128
487,0.24375,0.24375,13.070847,122.667801,4.6,178274.26312451268,-159251.5923990215,9571.0,870.4,130.0,0.0,0.0,0.0,0.0,7690.376068751694
488,0.24425,0.24425,13.0524185,122.6339035,4.9,176276.0979990278,-163067.4739673959,9704.5,855.6,153.0,-0.8999999999999772,0.0,0.0,-0.02812499999999925,7502.468584267399
489,0.24475,0.24475,13.065413,122.68978899999999,4.2,181484.4527083608,-159764.98008446,9464.0,869.5,144.5,0.8999999999999772,0.0,0.0,0.0272727272727283,7605.491279969387
490,0.24525,0.24525,13.0588335,122.71513350000001,4.2,185235.65336949626,-160358.6506178266,9681.0,867.6500000000001,141.0,0.0,0.0,0.0,0.0,7678.0556066300305
491,0.24575,0.24575,13.069308,122.699844,4.2,182684.0367523865,-158998.9571767309,9975.0,863.0,145.0,0.0,0.0,0.0,0.0,7557.209113937332
492,0.24625,0.24625,13.0656575,122.73371499999999,4.4,185821.48367822368,-159772.5413499158,9532.5,862.1,137.0,0.0,0.0,0.0,0.0,7587.333496573433
493,0.24675,0.24675,13.0508805,122.7665445,4.05,190733.31939889718,-161270.8950560626,9570.5,863.95,122.0,1.8500000000000227,0.0,0.0,0.05781250000000065,7518.503343398781
494,0.24725,0.24725,13.038528,122.74205,3.6,188104.88044033851,-164279.16675670052,10058.0,855.6,122.0,1.8000000000000682,0.0,0.0,0.0580645161290344,7479.367805501667
495,0.24775,0.24775,13.03486,122.716614,3.6,185369.15515383583,-164929.76917114685,9647.0,859.3,122.0,0.0,0.0,0.0,0.0,7676.273934778412
496,0.24825,0.24825,13.044456499999999,122.729099,4.2,186675.46915655246,-162080.89561802385,9848.5,863.0,129.0,0.0,0.0,0.0,0.0,7602.940984559777
497,0.24875,0.24875,13.048088499999999,122.74244300000001,4.2,187996.26105618785,-161264.72372910962,9868.0,866.7,129.5,0.0,0.0,0.0,0.0,7659.6539570948735
498,0.24925,0.24925,13.031316,122.7490385,4.4,188825.14934138188,-163382.54522723757,9719.5,864.9,137.0,0.0,0.0,0.0,0.0,7634.086115278833
499,0.24975,0.24975,13.035511,122.742249,4.6,187731.64210004627,-163048.90438899686,9769.0,857.5,137.0,0.0,0.0,0.0,0.0,7567.672459209067
500,0.25025,0.25025,12.9797775,122.68820199999999,4.6,181440.32439286588,-168825.8223923694,9841.0,854.7,141.5,0.0,0.0,0.0,0.0,7555.254219600036
501,0.25075,0.25075,13.035325,122.728706,4.6,186623.40096937065,-162663.8358261481,9624.0,866.7,130.0,0.0,0.0,0.0,0.0,7639.337491807943
502,0.25125,0.25125,13.015679,122.732994,4.9,185235.2478895538,-165583.59624292018,9807.0,864.9,152.0,0.0,0.0,0.0,0.0,7570.700806943339
503,0.25175,0.25175,12.992523,122.696777,3.3,181674.0620332974,-168685.16061587413,9586.0,859.3,130.0,0.0,0.0,0.0,0.0,7690.973537935518
504,0.25225,0.25225,13.001668,122.740562,4.6,186484.19947306233,-168047.3456356546,9845.0,864.9,138.0,0.0,0.0,0.0,0.0,7559.023617789844
505,0.25275,0.25275,13.021774,122.756218,3.9,189718.63849580765,-164165.41418962152,10234.0,859.3,130.0,0.0,0.0,0.0,0.0,7552.529509320735
506,0.25325,0.25325,13.023696999999999,122.786564,4.6,192972.81217549802,-164143.78674651627,9692.5,867.6500000000001,133.5,0.0,0.0,0.0,0.0,7552.163267470398
507,0.25375,0.25375,12.996735,122.71772,4.2,184976.49814548084,-166939.39785620786,9784.0,863.0,122.0,1.8999999999999773,0.0,0.0,0.0593749999999992,7597.95211657956
508,0.25425,0.25425,13.0052585,122.7934535,3.6,193729.77149233242,-166042.8875218245,10016.5,863.0,126.0,0.0,0.0,0.0,0.0,7634.327333215548
509,0.25475,0.25475,12.989175,122.7786365,3.75,191801.07324188622,-170627.34948477295,10058.0,856.55,122.0,0.0,0.0,0.0,0.0,7513.439837237116
510,0.25525,0.25525,12.9981995,122.793987,3.9,193752.8215613014,-166966.47385824463,9841.0,863.0,130.0,0.0,0.0,0.0,0.0,7530.5433478139
511,0.25575,0.25575,12.9994355,122.773041,4.2,191546.21262269164,-166957.74504444626,10051.0,862.1,141.0,-1.8000000000000114,0.0,0.0,-0.0553977272727276,7738.817226274513
512,0.25625,0.25625,12.9944,122.789925,4.2,192836.75960118417,-167778.14234640915,9975.0,864.9,122.0,0.0,0.0,0.0,0.0,7682.10008145335
513,0.25675,0.25675,12.993724499999999,122.810307,4.2,193835.32964653143,-167863.8737532693,9967.0,863.0,137.0,0.0,0.0,0.0,0.0,7678.197475989733
514,0.25725,0.25725,12.985701,122.763458,4.2,189977.420688319,-169206.6655421694,9936.0,855.6,145.0,0.0,0.0,0.0,0.0,7506.045018527477
515,0.25775,0.25775,12.963058,122.7607115,4.05,190013.0518167055,-173539.82662379002,10005.0,858.4,137.5,-0.8999999999999772,0.0,0.0,-0.02727272727272655,7539.3430962867815
516,0.25825,0.25825,12.964165,122.75207900000001,4.2,187690.3214158949,-172801.9360713602,9879.0,863.0,141.0,0.0,0.0,0.0,0.0,7587.252933172431
517,0.25875,0.25875,12.963501,122.787651,4.2,191934.9348757764,-173274.51516235247,9784.0,866.7,130.0,0.0,0.0,0.0,0.0,7650.630679926944
518,0.25925,0.25925,12.976066,122.807213,3.9,194930.8629487122,-169905.47102389688,9814.5,870.4,137.0,0.0,0.0,0.0,0.0,7678.734675648203
519,0.25975,0.25975,12.9711915,122.7746885,3.6,191461.43377663422,-170030.1207088387,10058.0,853.8,114.5,0.0,0.0,0.0,0.0,7549.668802056587
520,0.26025,0.26025,12.969612000000001,122.840313,3.9,198749.40020939178,-170666.4901530151,9928.5,863.0,118.0,0.0,0.0,0.0,0.0,7605.261324332958
521,0.26075,0.26075,12.9681765,122.793648,4.2,193425.10378887004,-170266.41025433503,9856.5,863.05,137.0,-0.8999999999999772,0.0,0.0,-0.02727272727272655,7637.648330590328
522,0.26125,0.26125,12.945572,122.844246,2.9,199165.28050546083,-175320.17105340888,10058.0,864.9,114.0,0.0,0.0,0.0,0.0,7580.681900322779
523,0.26175,0.26175,12.961304,122.804115,3.9,194180.20512204777,-171069.5167213216,10058.0,859.3,129.0,0.0,0.0,0.0,0.0,7571.182174123448
524,0.26225,0.26225,12.943478,122.78894,3.9,192363.181474202,-174205.77395930872,10051.0,861.2,137.0,0.0,0.0,0.0,0.0,7559.629457478977
525,0.26275,0.26275,12.937248,122.82240300000001,4.4,196322.18270540447,-174747.46079266636,10054.5,865.8,133.5,0.0,0.0,0.0,0.0,7638.370125867877
526,0.26325,0.26325,12.959072,122.820549,3.6,196648.64257869255,-171345.83649570186,10058.0,864.9,114.0,-1.8999999999999773,0.0,0.0,-0.0593749999999992,7567.725916362851
527,0.26375,0.26375,12.9491245,122.873291,3.3,202283.83049836205,-172647.48610491568,10058.0,859.3,117.5,0.0,0.0,0.0,0.0,7502.844164219313
528,0.26425,0.26425,12.945479,122.845284,3.9,197458.20729558976,-173263.3956543292,10058.0,853.8,137.0,0.0,0.0,0.0,0.0,7541.1785373653165
529,0.26475,0.26475,12.922995499999999,122.796295,4.4,192638.05076815584,-176868.45135058078,10054.5,863.0,137.0,0.0,0.0,0.0,0.0,7524.6994883116895
530,0.26525,0.26525,12.940125,122.831245,3.9,195504.237588015,-174410.37290693822,10112.0,861.2,114.0,0.0,0.0,0.0,0.0,7554.166069110858
531,0.26575,0.26575,12.939308,122.848412,3.9,198448.77448434476,-173548.0550597273,10047.0,857.5,137.0,-1.8500000000000227,0.0,0.0,-0.0596875000000007,7537.218589724818
532,0.26625,0.26625,12.931595,122.804985,3.6,194552.67425731703,-174758.41350806924,10051.0,866.7,130.0,0.0,0.0,0.0,0.0,7637.387947428773
533,0.26675,0.26675,12.913834,122.803947,3.9,194875.6308595316,-178192.67356108193,10058.0,863.0,114.0,0.0,0.0,0.0,0.0,7586.792118954331
534,0.26725,0.26725,12.92332,122.82251,3.6,196332.56441528327,-176523.968992017,10127.0,857.5,114.0,0.0,0.0,0.0,0.0,7603.733715107172
535,0.26775,0.26775,12.918106,122.828545,4.2,196176.38651260137,-176013.36118358473,10058.0,863.0,122.0,0.0,0.0,0.0,0.0,7569.552504046738
536,0.26825,0.26825,12.924158,122.862854,3.9,201294.12686485896,-175119.68632374782,10058.0,863.0,114.0,0.0,0.0,0.0,0.0,7497.729390843669
537,0.26875,0.26875,12.901682,122.908485,2.9,206103.34929802213,-180235.21598989153,10249.0,857.5,91.0,0.0,0.0,0.0,0.0,7506.1719427306925
538,0.26925,0.26925,12.890117499999999,122.8336525,3.9,197988.8593819238,-180800.587375339,10115.5,861.2,130.0,-1.7999999999999543,0.0,0.0,-0.057812500000000655,7593.193755875798
539,0.26975,0.26975,12.891874000000001,122.85501500000001,3.0999999999999996,200357.90393101092,-180323.89406637792,10058.0,858.4,110.0,-0.8999999999999772,0.0,0.0,-0.0296874999999996,7397.1121818915535
540,0.27025,0.27025,12.90726,122.882507,2.9,200363.6297465148,-178229.25674247844,10310.0,861.2,106.0,0.0,0.0,0.0,0.0,7504.891456124367
541,0.27075,0.27075,12.90321,122.878227,3.3,202995.5653586631,-177433.54474832735,10058.0,861.2,107.0,0.0,0.0,0.0,0.0,7536.526962662065
542,0.27125,0.27125,12.900284,122.907745,3.9,205710.11777559976,-179057.437700058,10165.0,853.8,129.0,-1.7999999999999543,0.0,0.0,-0.0562500000000021,7543.837327434023
543,0.27175,0.27175,12.871656,122.864727,3.45,201237.50795517664,-182466.9568477188,10108.0,853.3249999999999,130.0,0.0,0.0,0.0,0.0,7576.508130413926
544,0.27225,0.27225,12.899951000000001,122.88373200000001,3.9,203089.132964422,-177933.92260937838,10287.0,855.6,141.0,-1.8999999999999773,0.0,0.0,-0.0593749999999992,7547.277113413484
545,0.27275,0.27275,12.882261,122.8804205,3.375,201252.51065574004,-181769.87488973455,10260.5,856.55,99.5,0.0,0.0,0.0,0.0,7550.706455136881
546,0.27325,0.27325,12.867554,122.845238,4.2,199357.84566910495,-183558.3921577508,10150.0,859.3,130.0,-1.8999999999999773,0.0,0.0,-0.0600000000000022,7542.029377148136
547,0.27375,0.27375,12.874466,122.850113,2.9,199155.7605953238,-181343.16376933845,10295.0,852.8499999999999,107.0,0.0,0.0,0.0,0.0,7526.343797938357
548,0.27425,0.27425,12.876582,122.902298,3.6,205587.53141037232,-181209.0625025769,10135.0,859.3,99.0,0.0,0.0,0.0,0.0,7550.212673432678
549,0.27475,0.27475,12.871054,122.8654595,3.9,200606.795093069,-182634.52783363065,10058.0,856.55,130.0,-1.8000000000000682,0.0,0.0,-0.0580645161290307,7522.431647534651
550,0.27525,0.27525,12.860779,122.875023,3.6,202492.73710892635,-183824.148399509,10058.0,864.9,114.0,0.0,0.0,0.0,0.0,7574.681697060705
551,0.27575,0.27575,12.865036499999999,122.906658,3.9,205993.83980390686,-182769.1294782533,10260.5,861.2,129.0,-1.8000000000000682,0.0,0.0,-0.057157258064516395,7578.595249858925
552,0.27625,0.27625,12.835514,122.9059145,3.6,205782.36543259598,-185928.68208554914,10058.0,857.5,122.0,-0.8999999999999772,0.0,0.0,-0.02812499999999925,7490.805805149819
553,0.27675,0.27675,12.8534095,122.879215,3.3,202728.41551535245,-184768.47261839238,10283.0,861.15,107.0,-1.8999999999999773,0.0,0.0,-0.058719758064514946,7545.3151386136415
554,0.27725,0.27725,12.858594,122.894222,2.15,203342.5637829597,-182841.62867056567,10432.0,855.6,79.5,0.0,0.0,0.0,0.0,7621.636399448971
555,0.27775,0.27775,12.861008,122.949226,3.9,210665.35660119192,-182489.91863178703,10394.0,850.1,114.0,-1.7999999999999543,0.0,0.0,-0.0562499999999985,7524.02623347709
556,0.27825,0.27825,12.841003,122.930145,3.9,208220.97908787185,-186536.52999164572,10203.0,855.6,114.0,0.0,0.0,0.0,0.0,7513.053700865757
557,0.27875,0.27875,12.834684,122.944069,2.3,209687.87203551552,-187163.2254638421,10211.0,855.6,107.0,0.0,0.0,0.0,0.0,7551.432258827024
558,0.27925,0.27925,12.846542,122.922424,3.6,207161.94562011125,-185864.13334147335,10264.0,859.3,122.0,-1.7999999999999543,0.0,0.0,-0.0580645161290307,7584.827824124984
559,0.27975,0.27975,12.8620565,122.955574,3.6,208875.52447010146,-182394.45765540647,10272.0,855.6,125.5,-1.3749999999999716,0.0,0.0,-0.05606060606060495,7515.038322651088
560,0.28025,0.28025,12.825095000000001,122.91131250000001,3.9,205916.73300901987,-188451.36487080716,10355.5,860.25,118.5,-1.8999999999999773,0.0,0.0,-0.062311827956988454,7471.718931894713
561,0.28075,0.28075,12.8365005,122.924385,3.0999999999999996,207624.4749693671,-184951.88890323768,10568.75,850.1,91.5,0.0,0.0,0.0,0.0,7461.567697122655
562,0.28125,0.28125,12.804997499999999,122.873192,2.0,202296.98407611865,-189061.71466620904,10119.5,851.0,68.5,0.0,0.0,0.0,0.0,7360.387136513292
563,0.28175,0.28175,12.808346,122.9157905,3.0999999999999996,205442.70714243283,-189308.84573202822,10264.0,859.3,110.5,0.0,0.0,0.0,0.0,7521.007048722308
564,0.28225,0.28225,12.8194225,122.996208,0.8,215628.59238939744,-189316.4625950242,10062.0,857.45,68.5,0.0,0.0,0.0,0.0,7630.000849967169
565,0.28275,0.28275,12.809418,122.922096,3.6,207379.34890828695,-189867.1562298807,10089.0,866.7,130.0,-1.8999999999999773,0.0,0.0,-0.0575757575757568,7616.068539807265
566,0.28325,0.28325,12.813583,122.933739,3.9,207792.6006906265,-190172.72031036255,10180.0,863.0,122.0,0.0,0.0,0.0,0.0,7670.173464781025
567,0.28375,0.28375,12.8088345,122.9196585,2.45,206304.87718811852,-189471.24614670928,10458.5,852.8499999999999,72.5,0.0,0.0,0.0,0.0,7472.030037427938
568,0.28425,0.28425,12.8209795,122.9669035,1.3,210785.66705649655,-186476.98502618074,10401.5,854.7,57.0,-1.7999999999999543,0.0,0.0,-0.05691287878787945,7461.797831920736
569,0.28475,0.28475,12.802401,122.9421655,3.75,209013.8641169119,-190416.57112131454,10416.5,852.8499999999999,110.5,0.0,0.0,0.0,0.0,7539.043811848656
570,0.28525,0.28525,12.79283,122.981697,2.45,212667.56081368876,-191969.29922169587,10420.5,851.9,80.0,0.0,0.0,0.0,0.0,7570.623924938733
571,0.28575,0.28575,12.8009265,122.974163,2.6,213420.9138054849,-190523.15160571848,10530.5,857.45,99.0,0.0,0.0,0.0,0.0,7577.694410623279
572,0.28625,0.28625,12.7943245,122.9750785,2.15,212594.4572450752,-192028.67739454034,10252.5,852.8499999999999,80.5,0.0,0.0,0.0,0.0,7479.458579354907
573,0.28675,0.28675,12.812943,122.978981,3.6,213809.25639243357,-187673.83327227415,10317.0,863.0,114.0,-1.7999999999999543,0.0,0.0,-0.0580645161290344,7591.071166319441
574,0.28725,0.28725,12.79335,122.960876,2.6,211338.05759527313,-190205.745249192,10348.0,855.6,84.0,0.0,0.0,0.0,0.0,7366.832204393579
575,0.28775,0.28775,12.791061,122.96666,2.6,212567.5712917156,-190965.76362258807,10470.0,851.9,91.0,0.0,0.0,0.0,0.0,7544.448092005187
576,0.28825,0.28825,12.752986,122.958504,2.0,210320.4215349987,-195416.12431877467,10180.0,859.3,69.0,0.0,0.0,0.0,0.0,7563.952978035464
577,0.28875,0.28875,12.788212000000001,122.9562875,0.3,210676.21251207928,-191120.6027718131,10649.0,851.9,23.0,0.0,0.0,0.0,0.0,7454.575932370402
578,0.28925,0.28925,12.777472,122.999313,2.0,215054.11785387425,-192366.04326796872,10058.0,855.6,61.0,0.0,0.0,0.0,0.0,7489.738918916142
579,0.28975,0.28975,12.754737500000001,122.955933,2.75,211435.89659895154,-196303.9058393592,10058.0,860.25,95.0,-2.8000000000000114,0.0,0.0,-0.08924242424242484,7553.225268673533
580,0.29025,0.29025,12.778628000000001,123.0063365,2.6,215431.08159335668,-191188.54296583595,10237.5,859.3,99.0,0.0,0.0,0.0,0.0,7548.74217836231
581,0.29075,0.29075,12.751648,122.976509,1.6,212120.27653293769,-195653.63701015347,10538.0,851.9,61.0,0.0,0.0,0.0,0.0,7521.555646472356
582,0.29125,0.29125,12.772568,123.05404250000001,1.15,221622.45267499273,-193222.52337346782,10668.0,851.9,49.5,-1.7999999999999543,0.0,0.0,-0.05454545454545485,7440.504944299499
583,0.29175,0.29175,12.770559500000001,123.02063749999999,1.15,216344.43886447483,-194027.90933959914,10615.0,855.6,53.0,0.0,0.0,0.0,0.0,7572.670617800091
584,0.29225,0.29225,12.75238,123.007896,0.3,214967.93982995913,-196153.57009088335,10607.0,853.8,46.0,0.0,0.0,0.0,0.0,7548.188774657883
585,0.29275,0.29275,12.7566165,123.019745,1.8,216173.73516189095,-194500.8220158323,10622.5,848.2,64.5,0.0,0.0,0.0,0.0,7504.640203887929
586,0.29325,0.29325,12.7619005,123.0718,2.15,222842.1589878941,-194326.96850788733,10527.0,851.0,53.5,0.0,0.0,0.0,0.0,7515.532682431725
587,0.29375,0.29375,12.760666,123.024284,2.9,216163.63286339337,-193495.34050282056,10394.0,853.8,115.0,-1.7999999999999543,0.0,0.0,-0.0545454545454566,7609.886089511427
588,0.29425,0.29425,12.74501,123.041046,1.0,220125.19658801152,-197706.63177650532,10630.0,857.5,61.0,0.0,0.0,0.0,0.0,7549.393694692898
589,0.29475,0.29475,12.742604,123.029434,0.3,219021.31673709615,-196974.46777070756,10668.0,848.2,16.0,0.0,0.0,0.0,0.0,7423.816141522319
590,0.29525,0.29525,12.737856,123.036903,0.7,218388.99405762213,-198189.21842471883,10455.0,855.6,61.0,0.0,0.0,0.0,0.0,7449.045192523136
591,0.29575,0.29575,12.701218,122.9950715,0.3,215043.41130384023,-200542.82909048165,10668.0,853.8,7.5,0.0,0.0,0.0,0.0,7566.201459716633
592,0.29625,0.29625,12.734183999999999,123.05035050000001,1.4500000000000002,220446.16269620106,-198458.9220918251,10447.0,857.5,87.5,0.0,0.0,0.0,0.0,7557.221680482493
593,0.29675,0.29675,12.718826,123.084808,1.3,225230.69481549153,-199308.1745171089,10310.0,853.8,76.0,0.0,0.0,0.0,0.0,7420.398464182032
594,0.29725,0.29725,12.7089,123.016418,2.0,217405.95809918997,-200001.47584236503,10478.0,861.2,107.0,0.0,0.0,0.0,0.0,7560.730640394808
595,0.29775,0.29775,12.711678500000001,123.03539649999999,0.0,219914.33139582098,-200837.71844326123,10668.0,854.7,0.0,0.0,0.0,0.0,0.0,7594.89193717081
596,0.29825,0.29825,12.704385,123.039986,0.3,220535.7969068629,-200323.38559964116,10668.0,850.1,8.0,-1.7999999999999543,0.0,0.0,-0.0545454545454531,7489.37998934992
597,0.29875,0.29875,12.7075085,123.0864105,1.6,222997.39097344794,-200511.3608827756,10649.0,844.5,87.5,0.0,0.0,0.0,0.0,7457.904864347118
598,0.29925,0.29925,12.7247785,123.0676995,0.15,221862.44582159157,-198578.23441291583,10668.0,850.1,45.5,0.0,0.0,0.0,0.0,7464.655712351228
599,0.29975,0.29975,12.711321,123.04995,1.0,219972.6065593121,-199960.88963807956,10561.0,853.8,38.0,0.0,0.0,0.0,0.0,7523.352945200748
600,0.30025,0.30025,12.653915,123.054535,0.0,222084.6162417218,-205225.30951665615,10660.0,856.55,23.0,-0.9499999999999886,0.0,0.0,-0.0545454545454531,7533.55612935953
601,0.30075,0.30075,12.7284165,123.08383950000001,1.0,225157.0577643674,-197164.88934560746,10660.0,852.8499999999999,84.0,0.0,0.0,0.0,0.0,7476.625159097191
602,0.30125,0.30125,12.703663,123.074131,1.3,223493.31548622693,-201173.80557326696,10359.5,852.8499999999999,53.5,0.0,0.0,0.0,0.0,7506.087813176717
603,0.30175,0.30175,12.693631,123.081253,0.3,223681.94015732684,-202796.36418403467,10668.0,851.9,8.0,0.0,0.0,0.0,0.0,7528.303817967747
604,0.30225,0.30225,12.692421,123.086182,0.0,224865.5515171665,-202142.53711226172,10668.0,850.1,7.0,-1.7999999999999543,0.0,0.0,-0.0545454545454566,7406.987846573024
605,0.30275,0.30275,12.663591499999999,123.051952,2.6,221087.15088120988,-205621.33079490764,10580.0,861.2,57.0,0.0,0.0,0.0,0.0,7547.247992451206
606,0.30325,0.30325,12.623474,123.053596,0.3,220477.475355538,-208788.44466765947,10668.0,851.9,8.0,0.0,0.0,0.0,0.0,7532.233298465717
607,0.30375,0.30375,12.689933,123.167625,0.85,232794.0633849693,-201846.0910283589,10641.5,855.6,30.5,-1.8000000000000114,0.0,0.0,-0.0569128787878812,7459.510563977374
608,0.30425,0.30425,12.68541,123.101952,0.0,225914.8879028269,-204379.22615115892,10645.0,851.9,0.0,0.0,0.0,0.0,0.0,7529.1435447168815
609,0.30475,0.30475,12.648616,123.056725,0.3,221860.498114315,-206983.9709056296,10668.0,857.5,8.0,0.0,0.0,0.0,0.0,7501.653265895278
610,0.30525,0.30525,12.6487885,123.07703000000001,0.15,223981.7683113609,-207034.2866794353,10668.0,851.0,0.0,0.0,0.0,0.0,0.0,7537.469799449327
611,0.30575,0.30575,12.675197,123.118568,0.3,228399.39509672916,-204094.2331605206,10668.0,846.4,30.0,-1.7999999999999543,0.0,0.0,-0.0545454545454531,7545.822814588923
612,0.30625,0.30625,12.686136,123.126953,0.3,229030.2360436435,-201486.7085290441,10668.0,844.5,0.0,0.0,0.0,0.0,0.0,7403.87853809129
613,0.30675,0.30675,12.634654999999999,123.101166,0.3,226153.286374511,-209332.8557804829,10668.0,851.9,8.0,0.0,0.0,0.0,0.0,7451.178042256874
614,0.30725,0.30725,12.628372,123.09700050000001,0.0,226021.24217350138,-208243.03279911377,10668.0,851.0,0.0,0.0,0.0,0.0,0.0,7519.015150041357
615,0.30775,0.30775,12.668056499999999,123.0915185,0.0,225525.36493741284,-204663.32958115567,10668.0,855.6,3.5,0.0,0.0,0.0,0.0,7539.702213919712
616,0.30825,0.30825,12.660084000000001,123.07923500000001,0.3,223531.79937309728,-205605.09631319364,10622.5,844.5,7.0,-1.7999999999999543,0.0,0.0,-0.05691287878787945,7481.797234596783
617,0.30875,0.30875,12.650618,123.134766,0.0,229851.86453780293,-207465.1120178002,10668.0,846.4,0.0,-1.7999999999999543,0.0,0.0,-0.0545454545454566,7462.813949443455
618,0.30925,0.30925,12.631512,123.12611,0.0,228980.0982181918,-209372.77481428647,10668.0,851.0,0.0,0.0,0.0,0.0,0.0,7589.588346922552
619,0.30975,0.30975,12.575621,123.10195949999999,0.15,226702.2912401962,-215947.96229865574,10668.0,852.8499999999999,3.5,0.0,0.0,0.0,0.0,7529.497785999414
620,0.31025,0.31025,12.593994,123.107643,0.0,227618.12035902712,-212354.86007352965,10668.0,848.2,7.5,0.0,0.0,0.0,0.0,7435.223965900773
621,0.31075,0.31075,12.623384,123.136467,0.7,228897.3706347486,-209800.097507624,10622.0,855.6,38.0,0.0,0.0,0.0,0.0,7557.627874558491
622,0.31125,0.31125,12.641919,123.1871145,0.0,234942.19921158924,-208980.4785712227,10668.0,850.1,0.0,0.0,0.0,0.0,0.0,7459.015985135623
623,0.31175,0.31175,12.643775999999999,123.123707,0.0,228189.1691782775,-207256.00966942092,10668.0,853.8,0.0,-1.8000000000000682,0.0,0.0,-0.0587197580645168,7560.097335408789
624,0.31225,0.31225,12.583163,123.123161,0.0,229487.71931751512,-213569.6107275409,10660.0,842.7,0.0,0.0,0.0,0.0,0.0,7421.455368060066
625,0.31275,0.31275,12.632904,123.121368,0.3,228704.1282103012,-209029.626796686,10668.0,850.1,8.0,0.0,0.0,0.0,0.0,7492.522712833871
626,0.31325,0.31325,12.621988,123.1889875,0.15,235850.5756997186,-209140.93307199975,10668.0,845.45,3.5,0.0,0.0,0.0,0.0,7495.587877122374
627,0.31375,0.31375,12.587883,123.1525345,0.0,231637.21388568036,-212683.66392578016,10668.0,857.5,7.5,0.0,0.0,0.0,0.0,7510.682533141302
628,0.31425,0.31425,12.6111755,123.1953585,0.3,235235.38357418493,-211288.66604671042,10668.0,851.95,7.0,0.0,0.0,0.0,0.0,7514.996465308018
629,0.31475,0.31475,12.615547500000002,123.148483,0.0,231487.91604414664,-209956.43779043236,10668.0,847.3,0.0,0.0,0.0,0.0,0.0,7495.398206565542
630,0.31525,0.31525,12.611847,123.167442,0.0,232337.73721525376,-211330.4753968784,10668.0,846.4,0.0,0.0,0.0,0.0,0.0,7478.385607489149
631,0.31575,0.31575,12.60048,123.197502,0.0,235543.85821174367,-211901.1285486367,10668.0,848.2,0.0,0.0,0.0,0.0,0.0,7424.4610746854205
632,0.31625,0.31625,12.59508,123.193748,0.0,234856.71266960687,-212399.33810562314,10668.0,855.6,0.0,0.0,0.0,0.0,0.0,7565.885391415046
633,0.31675,0.31675,12.565521,123.144234,0.0,231609.73955342616,-215786.17345691597,10668.0,851.9,0.0,0.0,0.0,0.0,0.0,7510.077111600246
634,0.31725,0.31725,12.536843,123.162277,0.3,233756.5196602167,-218177.0900720977,10668.0,844.5,0.0,-1.7999999999999543,0.0,0.0,-0.0575757575757568,7450.505725165763
635,0.31775,0.31775,12.570547,123.189316,0.3,235216.76217114145,-215099.8774217144,10668.0,853.8,0.0,0.0,0.0,0.0,0.0,7474.022541662213
636,0.31825,0.31825,12.597966,123.194908,0.0,235274.92922812185,-213688.9230486314,10668.0,853.8,0.0,0.0,0.0,0.0,0.0,7539.940440966941
637,0.31875,0.31875,12.58343,123.173462,0.0,233410.43990748667,-213862.05378855523,10668.0,844.5,0.0,0.0,0.0,0.0,0.0,7449.182934360636
638,0.31925,0.31925,12.570099,123.164932,0.0,234063.2095669592,-214967.8888614777,10668.0,840.8,0.0,0.0,0.0,0.0,0.0,7386.65896509606
639,0.31975,0.31975,12.566071,123.190216,0.3,236018.9819358497,-215260.8878978928,10668.0,853.8,0.0,0.0,0.0,0.0,0.0,7484.9852108960995
640,0.32025,0.32025,12.580975,123.230942,0.0,240861.85277845015,-213596.7423271176,10668.0,850.1,0.0,0.0,0.0,0.0,0.0,7499.073962389554
641,0.32075,0.32075,12.546295,123.173134,0.0,234893.99500722872,-218136.50386781216,10668.0,855.6,0.0,0.0,0.0,0.0,0.0,7529.900477827026
642,0.32125,0.32125,12.52332,123.1948015,0.0,236597.8046920906,-221562.47988734758,10668.0,851.0,0.0,0.0,0.0,0.0,0.0,7511.941051945954
643,0.32175,0.32175,12.580323,123.197891,0.0,236763.7161379509,-215092.7609365798,10668.0,844.5,0.0,0.0,0.0,0.0,0.0,7458.305890754935
644,0.32225,0.32225,12.534237000000001,123.173267,0.0,234717.92864213843,-220106.99188463055,10668.0,848.2,0.0,0.0,0.0,0.0,0.0,7435.481973300875
645,0.32275,0.32275,12.537728,123.209732,0.0,237342.98090964655,-218937.55322581448,10668.0,851.9,0.0,0.0,0.0,0.0,0.0,7572.705582155953
646,0.32325,0.32325,12.521759,123.24675,0.0,241672.0419743195,-220435.46215164053,10668.0,851.9,0.0,0.0,0.0,0.0,0.0,7564.675228480801
647,0.32375,0.32375,12.5167465,123.17810800000001,0.0,235342.1486400785,-221682.68176908005,10668.0,849.1500000000001,0.0,-1.7999999999999543,0.0,0.0,-0.0562500000000003,7435.0987494884685
648,0.32425,0.32425,12.460312,123.17952,0.0,235278.20467922825,-227046.34325676487,10668.0,846.4,0.0,0.0,0.0,0.0,0.0,7380.076673376488
649,0.32475,0.32475,12.5207945,123.2680475,0.0,245000.9256156165,-220537.81722299568,10668.0,850.1,0.0,0.0,0.0,0.0,0.0,7453.2192275892585
650,0.32525,0.32525,12.559422,123.202843,0.0,237598.1528479953,-218400.59218336685,10668.0,850.1,0.0,0.0,0.0,0.0,0.0,7407.184252560856
651,0.32575,0.32575,12.5549035,123.22629900000001,0.0,239033.26574181486,-218400.9257686076,10668.0,842.7,0.0,0.0,0.0,0.0,0.0,7427.979113034268
652,0.32625,0.32625,12.505327,123.232887,0.0,240043.9511532261,-221899.45657799533,10668.0,844.5,0.0,0.0,0.0,0.0,0.0,7403.133409567927
653,0.32675,0.32675,12.507019,123.221653,0.0,239206.47882340156,-222491.12559991784,10668.0,847.3,0.0,0.0,0.0,0.0,0.0,7402.876160948716
654,0.32725,0.32725,12.525206,123.283173,0.0,244816.7673155142,-219660.9884178139,10660.0,850.1,0.0,0.0,0.0,0.0,0.0,7521.952781528909
655,0.32775,0.32775,12.530737,123.265274,0.0,244874.8237960284,-221618.57780532513,10668.0,855.6,0.0,0.0,0.0,0.0,0.0,7484.404324982745
656,0.32825,0.32825,12.492007999999998,123.2253645,0.0,239925.97511209088,-223460.74669955432,10660.0,851.0,0.0,0.0,0.0,0.0,0.0,7477.818350344821
657,0.32875,0.32875,12.466782,123.198318,0.0,236911.0949093032,-228761.0825890462,10668.0,846.4,0.0,0.0,0.0,0.0,0.0,7412.898520224331
658,0.32925,0.32925,12.532839500000001,123.241882,0.0,241423.30131718479,-220681.0920838765,10668.0,850.1,0.0,0.0,0.0,0.0,0.0,7462.98018639043
659,0.32975,0.32975,12.4671215,123.2637445,0.0,242972.97436516697,-226523.94876982758,10668.0,846.4,0.0,0.0,0.0,0.0,0.0,7531.168518482952
660,0.33025,0.33025,12.489573,123.32673650000001,0.0,249785.79328801582,-224685.5049107865,10668.0,852.8499999999999,0.0,0.0,0.0,0.0,0.0,7497.898170752063
661,0.33075,0.33075,12.46208,123.2310405,0.0,239464.43558827662,-227602.59664563305,10668.0,852.8499999999999,0.0,0.0,0.0,0.0,0.0,7515.043295308158
662,0.33125,0.33125,12.481247,123.243584,0.0,242412.860039488,-224259.90574119263,10668.0,851.9,0.0,0.0,0.0,0.0,0.0,7478.509696238551
663,0.33175,0.33175,12.433451,123.280762,0.0,245647.95914624623,-231639.36724089095,10668.0,848.2,0.0,0.0,0.0,0.0,0.0,7473.919002101797
664,0.33225,0.33225,12.513656749999999,123.29590200000001,0.0,245623.0185128076,-221978.68307266146,10668.0,847.3,0.0,0.0,0.0,0.0,0.0,7407.856313830875
665,0.33275,0.33275,12.514114,123.318832,0.0,250332.98380347167,-223270.04713695365,10668.0,840.8,0.0,0.0,0.0,0.0,0.0,7410.63673349556
666,0.33325,0.33325,12.452491,123.27923200000001,0.0,245790.56649024138,-228957.84228351948,10668.0,844.5,0.0,0.0,0.0,0.0,0.0,7384.711905550275
667,0.33375,0.33375,12.4487,123.243584,0.0,242619.50572136193,-229420.02463451016,10668.0,850.1,0.0,0.0,0.0,0.0,0.0,7508.142346763252
668,0.33425,0.33425,12.506137500000001,123.3348355,0.0,252113.01703994622,-222938.40781015728,10660.0,850.1,0.0,0.0,0.0,0.0,0.0,7482.380285765036
669,0.33475,0.33475,12.492733,123.296059,0.0,247838.72255725943,-225722.89941182523,10668.0,844.5,0.0,0.0,0.0,0.0,0.0,7458.501148808793
670,0.33525,0.33525,12.445038,123.302162,0.0,249050.79623686828,-229014.27378673787,10660.0,855.6,0.0,0.0,0.0,0.0,0.0,7487.780529838198
671,0.33575,0.33575,12.472092,123.24588,0.0,241729.84356833997,-226625.46987808097,10668.0,844.5,0.0,0.0,0.0,0.0,0.0,7364.130577679688
672,0.33625,0.33625,12.475207999999999,123.3321645,0.0,250568.00728765794,-227011.70598927207,10668.0,845.45,0.0,0.0,0.0,0.0,0.0,7417.142008298862
673,0.33675,0.33675,12.476841,123.3303415,0.0,250984.80477210472,-227417.4568370441,10668.0,846.4,0.0,0.0,0.0,0.0,0.0,7516.127972250919
674,0.33725,0.33725,12.4233025,123.297905,0.0,247973.14257516793,-231480.35827615717,10668.0,852.8499999999999,0.0,0.0,0.0,0.0,0.0,7446.928268092786
675,0.33775,0.33775,12.411851,123.297333,0.0,248127.70196046712,-232321.1042778029,10668.0,848.2,0.0,-1.7999999999999543,0.0,0.0,-0.0545454545454566,7453.79524430458
676,0.33825,0.33825,12.3892495,123.2325285,0.0,241281.36668033156,-236374.83212279662,10668.0,846.4,0.0,0.0,0.0,0.0,0.0,7470.461907461982
677,0.33875,0.33875,12.389694,123.285057,0.0,246662.62209812817,-235087.74906909344,10668.0,844.5,0.0,0.0,0.0,0.0,0.0,7466.399569539132
678,0.33925,0.33925,12.408325,123.338341,0.0,250341.61268585056,-232734.97236643216,10668.0,848.2,0.0,0.0,0.0,0.0,0.0,7464.971475738333
679,0.33975,0.33975,12.4574115,123.35250500000001,0.0,252955.98731840053,-229035.6232421427,10668.0,843.6,0.0,0.0,0.0,0.0,0.0,7435.199466851835
680,0.34025,0.34025,12.4157665,123.3885155,0.0,257831.25839971408,-232415.50890092124,10668.0,848.2,0.0,0.0,0.0,0.0,0.0,7465.727533094792
681,0.34075,0.34075,12.4119355,123.34631,0.0,252893.4515238764,-232217.08128024446,10672.0,844.5,0.0,0.0,0.0,0.0,0.0,7451.143077566458
682,0.34125,0.34125,12.450806,123.333656,0.0,251825.71143432803,-229386.7773055199,10668.0,850.1,0.0,0.0,0.0,0.0,0.0,7464.148673176217
683,0.34175,0.34175,12.395604,123.339508,0.0,252973.26978767864,-235273.8896334041,10660.0,844.5,0.0,0.0,0.0,0.0,0.0,7490.337386284682
684,0.34225,0.34225,12.392367,123.33597950000001,0.0,251699.36724480326,-234806.70350380323,10668.0,846.4,0.0,0.0,0.0,0.0,0.0,7394.8631380238
685,0.34275,0.34275,12.384757,123.33434299999999,0.0,251938.65461260523,-235779.10448044544,10668.0,847.3,0.0,0.0,0.0,0.0,0.0,7456.127820965368
686,0.34325,0.34325,12.4404215,123.35641050000001,0.0,253805.55495313424,-229554.51508405234,10668.0,848.2,0.0,-0.8999999999999772,0.0,0.0,-0.02727272727272655,7403.40563707904
687,0.34375,0.34375,12.376285,123.329048,0.0,251801.17158517975,-237687.26765479284,10668.0,846.4,0.0,0.0,0.0,0.0,0.0,7480.114230915745
688,0.34425,0.34425,12.426132,123.339104,0.0,252199.76823789143,-231735.995765614,10668.0,844.5,0.0,0.0,0.0,0.0,0.0,7400.545546198934
689,0.34475,0.34475,12.337228,123.311943,0.0,250087.893262498,-240384.52671601792,10668.0,844.5,0.0,0.0,0.0,0.0,0.0,7480.146678080154
690,0.34525,0.34525,12.335691,123.308235,0.0,249676.74204898448,-243300.28410990152,10668.0,848.2,0.0,0.0,0.0,0.0,0.0,7501.826122550231
691,0.34575,0.34575,12.348214,123.336075,0.0,251399.7904065387,-239159.8241023253,10668.0,844.5,0.0,0.0,0.0,0.0,0.0,7470.261473057029
692,0.34625,0.34625,12.313385,123.330738,0.0,252073.0110858017,-243107.91662109742,10668.0,844.5,0.0,0.0,0.0,0.0,0.0,7369.267136679583
693,0.34675,0.34675,12.337035,123.3721465,0.0,255010.747519574,-241017.1155274663,10668.0,845.45,0.0,0.0,0.0,0.0,0.0,7418.528315443447
694,0.34725,0.34725,12.390028000000001,123.40976699999999,0.0,258046.0544420146,-235286.56587255094,10668.0,843.6,0.0,0.0,0.0,0.0,0.0,7409.954935704761
695,0.34775,0.34775,12.381637999999999,123.41730100000001,0.0,259991.65813351033,-236751.83904232824,10668.0,845.45,0.0,0.0,0.0,0.0,0.0,7510.038764753781
696,0.34825,0.34825,12.41888,123.409615,0.0,259534.0674040542,-232299.31004207724,10668.0,848.2,0.0,0.0,0.0,0.0,0.0,7569.140959814109
697,0.34875,0.34875,12.354427999999999,123.3943175,0.0,258155.66497094856,-239202.4118180551,10676.0,840.8,0.0,0.0,0.0,0.0,0.0,7405.751472133823
698,0.34925,0.34925,12.318537,123.3275415,0.0,251576.45574757486,-243028.8013215112,10664.0,852.8499999999999,0.0,0.0,0.0,0.0,0.0,7519.291408174719
699,0.34975,0.34975,12.3435825,123.42436599999999,0.0,260780.020974694,-239769.84031248675,10668.0,850.1,0.0,-1.7999999999999543,0.0,0.0,-0.05454545454545485,7457.9101324201565
700,0.35025,0.35025,12.33462,123.366875,0.0,255882.0052429735,-242297.3044861949,10668.0,848.2,0.0,0.0,0.0,0.0,0.0,7452.87883137343
701,0.35075,0.35075,12.346725,123.368935,0.0,255287.3863914131,-239307.60236395593,10668.0,842.7,0.0,0.0,0.0,0.0,0.0,7459.572640868103
702,0.35125,0.35125,12.3333665,123.373627,0.0,256778.96720631092,-242853.6134726033,10668.0,840.8,0.0,0.0,0.0,0.0,0.0,7437.369115595933
703,0.35175,0.35175,12.326709999999999,123.4293025,0.0,261532.16461552854,-242047.56033599048,10668.0,840.8,0.0,0.0,0.0,0.0,0.0,7471.190011716984
704,0.35225,0.35225,12.282203,123.368462,0.0,256212.09079626435,-247302.8622179876,10668.0,844.5,0.0,0.0,0.0,0.0,0.0,7436.59157039775
705,0.35275,0.35275,12.2807235,123.36720650000001,0.0,255202.75128550624,-248643.0409225024,10668.0,844.5,0.0,0.0,0.0,0.0,0.0,7450.588200331613
706,0.35325,0.35325,12.307251,123.387215,0.0,257330.90869642753,-244404.11767137985,10668.0,848.2,0.0,0.0,0.0,0.0,0.0,7447.682380151039
707,0.35375,0.35375,12.277128,123.41954,0.0,261296.9567652737,-247190.88877219247,10668.0,844.5,0.0,0.0,0.0,0.0,0.0,7459.385159039881
708,0.35425,0.35425,12.309235000000001,123.4049915,0.0,259230.13626298026,-244382.54582581436,10668.0,845.45,0.0,0.0,0.0,0.0,0.0,7440.151914981732
709,0.35475,0.35475,12.34449,123.447922,0.0,263775.7802144805,-241520.27326552305,10668.0,844.5,0.0,0.0,0.0,0.0,0.0,7474.776431778217
710,0.35525,0.35525,12.355408,123.467682,0.0,265034.9696557566,-241109.40744406008,10668.0,846.4,0.0,0.0,0.0,0.0,0.0,7380.011414636923
711,0.35575,0.35575,12.3013045,123.4549295,0.0,265230.79256396566,-244895.5443284718,10672.0,844.5,0.0,0.0,0.0,0.0,0.0,7478.147279270085
712,0.35625,0.35625,12.287247,123.400711,0.0,258324.84720922748,-246865.86555266991,10668.0,846.4,0.0,0.0,0.0,0.0,0.0,7419.637787172152
713,0.35675,0.35675,12.2844605,123.42973699999999,0.0,262667.42131318245,-246494.7519723904,10668.0,851.0,0.0,-0.8999999999999772,0.0,0.0,-0.02727272727272655,7481.647333686253
714,0.35725,0.35725,12.305625,123.410309,0.0,260561.8733156309,-245645.44394956695,10668.0,846.4,0.0,-1.7999999999999543,0.0,0.0,-0.0553977272727276,7459.1193977070125
715,0.35775,0.35775,12.327072,123.408142,0.0,258493.7168269777,-242747.1997808199,10668.0,839.0,0.0,0.0,0.0,0.0,0.0,7376.083615570154
716,0.35825,0.35825,12.302476500000001,123.48217,0.0,267555.1091652185,-245237.74718789058,10668.0,842.7,0.0,0.0,0.0,0.0,0.0,7371.368245124009
717,0.35875,0.35875,12.28300225,123.45440300000001,0.0,264516.6489996684,-246967.4700572334,10668.0,842.7,0.0,0.0,0.0,0.0,0.0,7390.837582996855
718,0.35925,0.35925,12.264048,123.434143,0.0,263376.0128277396,-249010.1514798935,10668.0,844.5,0.0,0.0,0.0,0.0,0.0,7375.6103453692995
719,0.35975,0.35975,12.204538,123.4297985,0.0,262789.9450133649,-255986.03043588428,10668.0,842.7,0.0,-0.8999999999999772,0.0,0.0,-0.02727272727272655,7381.355111584319
720,0.36025,0.36025,12.225952,123.384315,0.0,257068.52001960535,-253040.6395531181,10668.0,846.4,0.0,0.0,0.0,0.0,0.0,7426.983002980506
721,0.36075,0.36075,12.277975999999999,123.444298,0.0,263018.032196727,-248205.766269484,10668.0,844.5,0.0,0.0,0.0,0.0,0.0,7372.595321695533
722,0.36125,0.36125,12.228516,123.419975,0.0,261796.46646828536,-253384.7883264409,10668.0,844.5,0.0,0.0,0.0,0.0,0.0,7405.785278662804
723,0.36175,0.36175,12.260651,123.528343,0.0,271427.6022311497,-250139.22632458457,10668.0,844.5,0.0,-1.7999999999999543,0.0,0.0,-0.0545454545454531,7385.033814283936
724,0.36225,0.36225,12.315767,123.515961,0.0,270055.5727611222,-245511.06469510455,10668.0,846.4,0.0,0.0,0.0,0.0,0.0,7483.31949928453
725,0.36275,0.36275,12.30629,123.488686,0.0,269000.04129143065,-245554.87555671655,10676.0,844.5,0.0,0.0,0.0,0.0,0.0,7437.555286261936
726,0.36325,0.36325,12.240911,123.472214,0.0,267626.23167511926,-251462.00299904263,10668.0,844.5,0.0,0.0,0.0,0.0,0.0,7460.4314482855425
727,0.36375,0.36375,12.212375,123.459007,0.0,265642.58753403154,-256130.30605248737,10668.0,851.9,0.0,-1.7999999999999543,0.0,0.0,-0.0545454545454531,7463.989119589568
728,0.36425,0.36425,12.261566,123.437805,0.0,262671.1978823995,-249406.11716060515,10668.0,846.4,0.0,0.0,0.0,0.0,0.0,7526.975536002797
729,0.36475,0.36475,12.227504,123.483337,0.0,268239.3581597688,-252466.31696371225,10660.0,842.7,0.0,0.0,0.0,0.0,0.0,7404.660904798574
730,0.36525,0.36525,12.273963,123.494568,0.0,269467.7353420901,-248653.88244282524,10668.0,840.8,0.0,0.0,0.0,0.0,0.0,7427.765385402612
731,0.36575,0.36575,12.229179,123.486801,0.0,268693.4391974322,-252689.48548974097,10668.0,844.5,0.0,0.0,0.0,0.0,0.0,7412.255327224273
732,0.36625,0.36625,12.221191000000001,123.525608,0.0,273043.08675137506,-254725.07822603587,10668.0,841.75,0.0,0.0,0.0,0.0,0.0,7432.893285109389
733,0.36675,0.36675,12.1476135,123.4683115,0.0,266705.26888648886,-262492.27697050874,10668.0,844.5,0.0,0.0,0.0,0.0,0.0,7485.35687177866
734,0.36725,0.36725,12.167267,123.426804,0.0,262545.0703377987,-261163.55135925775,10668.0,844.5,0.0,0.0,0.0,0.0,0.0,7492.378142088429
735,0.36775,0.36775,12.177739500000001,123.4274975,0.0,262449.6414966595,-259366.4164725238,10668.0,843.6,0.0,0.0,0.0,0.0,0.0,7470.13504694716
736,0.36825,0.36825,12.204666,123.523117,0.0,272080.0486516908,-255686.24849957443,10668.0,844.5,0.0,0.0,0.0,0.0,0.0,7535.904348037395
737,0.36875,0.36875,12.194592,123.551231,0.0,274130.3397761671,-256130.7508328079,10668.0,840.8,0.0,0.0,0.0,0.0,0.0,7401.837249413322
738,0.36925,0.36925,12.23582,123.485752,0.0,268385.84269596485,-253025.07224188535,10668.0,847.3,0.0,0.0,0.0,0.0,0.0,7491.432199403575
739,0.36975,0.36975,12.2562265,123.5587765,0.0,275343.4562537333,-251175.3420822007,10668.0,845.45,0.0,0.0,0.0,0.0,0.0,7430.242999098423
740,0.37025,0.37025,12.1678705,123.4872055,0.0,268054.8317961679,-259990.05408001353,10668.0,844.5,0.0,0.0,0.0,0.0,0.0,7488.910478091597
741,0.37075,0.37075,12.186309999999999,123.5667455,0.0,276700.9632227181,-258463.8460062681,10668.0,848.2,0.0,0.0,0.0,0.0,0.0,7502.2398099867
742,0.37125,0.37125,12.167679,123.489403,0.0,268965.2362925053,-259641.95788134236,10668.0,844.5,0.0,0.0,0.0,0.0,0.0,7371.456456278873
743,0.37175,0.37175,12.238129,123.58622,0.0,277786.39677071926,-254151.25601449073,10668.0,846.4,0.0,0.0,0.0,0.0,0.0,7423.590052021102
744,0.37225,0.37225,12.171835000000002,123.522663,0.0,272752.4710453155,-259612.4911850805,10668.0,837.1,0.0,0.0,0.0,0.0,0.0,7333.069734685489
745,0.37275,0.37275,12.224851999999998,123.574364,0.0,277898.56798314303,-254464.21456780809,10668.0,840.8,0.0,0.0,0.0,0.0,0.0,7387.845270383625
746,0.37325,0.37325,12.208679,123.623783,0.0,283598.56633363926,-255559.65290072863,10668.0,842.7,0.0,0.0,0.0,0.0,0.0,7438.772934773422
747,0.37375,0.37375,12.108238,123.487797,0.0,269014.650271227,-266583.7555452415,10668.0,843.6,0.0,0.0,0.0,0.0,0.0,7481.8843374984335
748,0.37425,0.37425,12.143143,123.511673,0.0,271396.3030427636,-262463.0882619472,10668.0,842.7,0.0,0.0,0.0,0.0,0.0,7508.973672634476
749,0.37475,0.37475,12.105312,123.47059999999999,0.0,267145.5803903034,-267203.22333722253,10668.0,843.6,0.0,0.0,0.0,0.0,0.0,7432.94145829663
750,0.37525,0.37525,12.201096,123.596436,0.0,278847.6158220685,-257713.94638517295,10668.0,840.8,0.0,0.0,0.0,0.0,0.0,7501.854217145737
751,0.37575,0.37575,12.124763,123.5308,0.0,273431.5118367211,-264820.7575481391,10668.0,844.5,0.0,0.0,0.0,0.0,0.0,7520.01023459292
752,0.37625,0.37625,12.204712,123.5719265,0.0,276927.67416097,-257447.30058277308,10668.0,840.8,0.0,0.0,0.0,0.0,0.0,7441.558505697526
753,0.37675,0.37675,12.187003,123.573257,0.0,278504.36427734874,-259060.9635871223,10668.0,846.4,0.0,0.0,0.0,0.0,0.0,7469.438906758965
754,0.37725,0.37725,12.153007500000001,123.563099,0.0,277539.7459394115,-262296.3512391373,10668.0,844.5,0.0,0.0,0.0,0.0,0.0,7499.150288371366
755,0.37775,0.37775,12.127068,123.58931749999999,0.0,280195.00605928455,-264667.41953249695,10668.0,842.65,0.0,0.0,0.0,0.0,0.0,7459.428914695431
756,0.37825,0.37825,12.139801,123.592926,0.0,279299.6701190263,-264271.00907146436,10668.0,847.3,0.0,0.0,0.0,0.0,0.0,7427.167244609272
757,0.37875,0.37875,12.0759705,123.499325,0.0,270476.1471557484,-269434.7974024294,10668.0,847.3,0.0,0.0,0.0,0.0,0.0,7424.780541255982
758,0.37925,0.37925,12.135818,123.565552,0.0,277197.9382942129,-264516.3054184595,10668.0,835.3,0.0,0.0,0.0,0.0,0.0,7362.887756385376
759,0.37975,0.37975,12.091804499999999,123.587593,0.0,279696.53101762437,-268229.49833023804,10668.0,843.6,0.0,0.0,0.0,0.0,0.0,7453.016031246494
760,0.38025,0.38025,12.1585195,123.6637495,0.0,288029.1181993344,-261849.18022397807,10668.0,840.8,0.0,0.0,0.0,0.0,0.0,7473.377417786418
761,0.38075,0.38075,12.086869,123.607132,0.0,279956.4989771546,-268619.07029383606,10668.0,844.5,0.0,0.0,0.0,0.0,0.0,7445.337225889106
762,0.38125,0.38125,12.071639999999999,123.5193825,0.0,272372.8720759796,-270725.93907656113,10676.0,842.7,0.0,0.0,0.0,0.0,0.0,7472.735167910732
763,0.38175,0.38175,12.038177,123.512779,0.0,271920.9034295137,-273524.55245341884,10668.0,844.5,0.0,0.0,0.0,0.0,0.0,7416.188756053131
764,0.38225,0.38225,12.082802000000001,123.542892,0.0,274993.814765,-268570.7560314748,10668.0,840.8,0.0,0.0,0.0,0.0,0.0,7408.743837481457
765,0.38275,0.38275,12.072508500000001,123.548363,0.0,275580.8727900948,-270671.67587740713,10668.0,844.5,0.0,0.0,0.0,0.0,0.0,7440.68905031039
766,0.38325,0.38325,12.137941,123.61829,0.0,281219.66232632153,-264522.14316017163,10668.0,845.45,0.0,0.0,0.0,0.0,0.0,7490.593547751553
767,0.38375,0.38375,12.099027,123.54779450000001,0.0,275773.88881844975,-267810.23728021747,10668.0,845.45,0.0,0.0,0.0,0.0,0.0,7420.514095051457
768,0.38425,0.38425,12.122482,123.664711,0.0,285756.0526526609,-266069.8118844024,10676.0,840.8,0.0,0.0,0.0,0.0,0.0,7388.345818464186
769,0.38475,0.38475,12.118973,123.615128,0.0,282830.18752897426,-266088.1590726408,10676.0,842.7,0.0,0.0,0.0,0.0,0.0,7431.26678815141
770,0.38525,0.38525,12.046005,123.589203,0.0,279442.2088586162,-274003.02488366386,10668.0,842.7,0.0,0.0,0.0,0.0,0.0,7464.787492982128
771,0.38575,0.38575,12.028307,123.588722,0.0,280123.79294014635,-274951.9636983766,10668.0,846.4,0.0,0.0,0.0,0.0,0.0,7465.399717069005
772,0.38625,0.38625,12.054108,123.548454,0.0,275034.33212770504,-271739.09305010893,10668.0,844.5,0.0,0.0,0.0,0.0,0.0,7494.862244106869
773,0.38675,0.38675,12.063034,123.62081549999999,0.0,282766.3195895259,-271923.00971281517,10668.0,842.7,0.0,0.0,0.0,0.0,0.0,7378.128264314833
774,0.38725,0.38725,12.0820375,123.663128,0.0,286720.76751059014,-269576.960312508,10668.0,843.6,0.0,0.0,0.0,0.0,0.0,7411.005177651144
775,0.38775,0.38775,12.0478935,123.5858155,0.0,278893.6774272778,-273791.6986336797,10668.0,842.7,0.0,0.0,0.0,0.0,0.0,7462.134527599243
776,0.38825,0.38825,12.0603825,123.64269250000001,0.0,285965.54301970324,-272410.7113347194,10672.0,842.7,0.0,0.0,0.0,0.0,0.0,7422.2621346866
777,0.38875,0.38875,12.0080565,123.56705099999999,0.0,277417.53116229747,-277544.53259156167,10668.0,836.2,0.0,0.0,0.0,0.0,0.0,7355.116942394201
778,0.38925,0.38925,12.007079,123.599129,0.0,281060.55469857226,-277085.57489789766,10668.0,848.2,0.0,0.0,0.0,0.0,0.0,7475.205456226799
779,0.38975,0.38975,12.024699,123.612503,0.0,281702.29181959445,-275725.1030912402,10668.0,841.75,0.0,0.0,0.0,0.0,0.0,7304.757101547594
780,0.39025,0.39025,12.087475,123.641052,0.0,285926.73430968774,-270803.7200351844,10668.0,846.4,0.0,0.0,0.0,0.0,0.0,7470.704012660205
781,0.39075,0.39075,12.026138,123.540535,0.0,274583.2070529462,-275245.07392987236,10668.0,842.7,0.0,0.0,0.0,0.0,0.0,7431.811442882638
782,0.39125,0.39125,12.0190945,123.639107,0.0,285770.2751243049,-276711.68144061253,10668.0,841.75,0.0,0.0,0.0,0.0,0.0,7464.188111117781
783,0.39175,0.39175,11.987114,123.65075300000001,0.0,285886.8771074539,-279506.73657490243,10676.0,840.8,0.0,0.0,0.0,0.0,0.0,7452.9236952224655
784,0.39225,0.39225,12.084091,123.693962,0.0,289937.6311726223,-269765.38037596387,10668.0,840.8,0.0,0.0,0.0,0.0,0.0,7443.319972123495
785,0.39275,0.39275,12.023895,123.631653,0.0,284680.4817237999,-276960.92521295603,10668.0,840.8,0.0,0.0,0.0,0.0,0.0,7314.100989733718
786,0.39325,0.39325,11.999398,123.582214,0.0,279454.3738424156,-278824.77714783006,10668.0,846.4,0.0,0.0,0.0,0.0,0.0,7458.590338234419
787,0.39375,0.39375,11.970303,123.574074,0.0,278305.4378384641,-281448.3138708604,10668.0,844.5,0.0,0.0,0.0,0.0,0.0,7464.042316342291
788,0.39425,0.39425,11.962342,123.645702,0.0,285860.30704885744,-282395.5291618296,10668.0,843.6,0.0,0.0,0.0,0.0,0.0,7419.295090788078
789,0.39475,0.39475,11.997233,123.602337,0.0,281673.3855782723,-279296.9114585017,10668.0,839.9,0.0,0.0,0.0,0.0,0.0,7403.202874539109
790,0.39525,0.39525,12.007187,123.636429,0.0,285421.3157242928,-277900.7460310898,10668.0,842.7,0.0,0.0,0.0,0.0,0.0,7391.801901972691
791,0.39575,0.39575,11.971374,123.614647,0.0,283005.0225627347,-281053.2377507905,10668.0,835.3,0.0,0.0,0.0,0.0,0.0,7378.72318865492
792,0.39625,0.39625,11.936279,123.610069,0.0,282486.19678117643,-286167.0994907308,10668.0,844.5,0.0,0.0,0.0,0.0,0.0,7379.1610929168355
793,0.39675,0.39675,12.029051500000001,123.6768075,0.0,288849.7549959335,-275233.56523906806,10668.0,846.4,0.0,0.0,0.0,0.0,0.0,7427.809596773051
794,0.39725,0.39725,11.971606,123.673141,0.0,288182.7836537375,-281328.1119891278,10668.0,844.5,0.0,0.0,0.0,0.0,0.0,7443.286062002832
795,0.39775,0.39775,11.9617795,123.62961949999999,0.0,284625.45644768927,-282353.6086165816,10668.0,847.3,0.0,0.0,0.0,0.0,0.0,7453.647398931909
796,0.39825,0.39825,11.956104,123.61462399999999,0.0,283070.2212028781,-282900.29922854976,10668.0,841.75,0.0,0.0,0.0,0.0,0.0,7407.4471130235925
797,0.39875,0.39875,12.0149005,123.71692250000001,0.0,292851.9326038462,-278926.07586592296,10668.0,841.75,0.0,0.0,0.0,0.0,0.0,7429.40439520043
798,0.39925,0.39925,11.990972,123.708176,0.0,291724.5803084187,-280509.271418288,10668.0,829.7,0.0,0.0,0.0,0.0,0.0,7352.534700092618
799,0.39975,0.39975,11.9597675,123.696083,0.0,291384.7153697626,-282727.61326894705,10668.0,843.6,0.0,0.0,0.0,0.0,0.0,7395.414117247293
800,0.40025,0.40025,11.945805499999999,123.6312905,0.0,284679.9840200719,-284586.6282178316,10668.0,848.2,0.0,0.0,0.0,0.0,0.0,7515.779028689827
801,0.40075,0.40075,11.884693,123.661438,0.0,288143.9179253666,-290600.66972980206,10668.0,846.4,0.0,0.0,0.0,0.0,0.0,7391.2650888379885
802,0.40125,0.40125,11.954636,123.667992,0.0,288421.0013582584,-283571.139147599,10668.0,839.0,0.0,0.0,0.0,0.0,0.0,7344.60372862415
803,0.40175,0.40175,11.914487,123.647148,0.0,286605.67343066575,-287266.81883424026,10668.0,840.8,0.0,0.0,0.0,0.0,0.0,7367.919895181339
804,0.40225,0.40225,11.900848,123.642792,0.0,286190.44282459165,-289071.0702061093,10668.0,837.1,0.0,0.0,0.0,0.0,0.0,7399.930502095875
805,0.40275,0.40275,11.967882,123.720833,0.0,294531.6077207122,-282922.6494396768,10668.0,837.1,0.0,0.0,0.0,0.0,0.0,7433.901064678679
806,0.40325,0.40325,11.9103695,123.6756705,0.0,288939.1088322181,-288458.9412894242,10668.0,839.0,0.0,0.0,0.0,0.0,0.0,7364.754448950302
807,0.40375,0.40375,11.947632,123.7046585,0.0,292543.027416353,-285847.80281784,10668.0,846.4,0.0,0.0,0.0,0.0,0.0,7424.949862065432
808,0.40425,0.40425,11.908296,123.710083,0.0,293001.43473363906,-288799.9766005004,10668.0,844.5,0.0,0.0,0.0,0.0,0.0,7465.419050583466
809,0.40475,0.40475,11.974015,123.7338335,0.0,293262.1707015524,-281676.65296811983,10668.0,839.0,0.0,0.0,0.0,0.0,0.0,7382.04201238373
810,0.40525,0.40525,11.9085845,123.709835,0.0,291818.4681221753,-288942.9734736807,10676.0,840.8,0.0,0.0,0.0,0.0,0.0,7391.625670901307
811,0.40575,0.40575,11.903966,123.717468,0.0,293920.91441277316,-288446.9322207587,10668.0,840.8,0.0,0.0,0.0,0.0,0.0,7294.283323178991
812,0.40625,0.40625,11.954219,123.75111799999999,0.0,296280.31580679247,-285532.1755825972,10672.0,840.8,0.0,0.0,0.0,0.0,0.0,7432.451228977485
813,0.40675,0.40675,11.852293,123.707695,0.0,292905.5977107321,-294380.0793118598,10668.0,833.4,0.0,0.0,0.0,0.0,0.0,7348.78154759451
814,0.40725,0.40725,11.9191065,123.743267,0.0,296478.4526324219,-288124.96686594276,10672.0,842.7,0.0,0.0,0.0,0.0,0.0,7440.87775075376
815,0.40775,0.40775,11.8523395,123.6952095,0.0,291841.82427500543,-294517.1828457877,10668.0,842.7,0.0,0.0,0.0,0.0,0.0,7476.859203237896
816,0.40825,0.40825,11.8585195,123.6779135,0.0,289888.72882944415,-293934.63182044413,10668.0,846.4,0.0,0.0,0.0,0.0,0.0,7432.986428258044
817,0.40875,0.40875,11.864273,123.682106,0.0,290412.45951539,-293145.5915311068,10668.0,840.8,0.0,0.0,0.0,0.0,0.0,7375.436511561536
818,0.40925,0.40925,11.9069135,123.736458,0.0,296208.41445568355,-289490.33125613024,10668.0,842.7,0.0,0.0,0.0,0.0,0.0,7370.458591824094
819,0.40975,0.40975,11.8825305,123.7538565,0.0,297710.6209301199,-291327.32957912836,10668.0,838.05,0.0,0.0,0.0,0.0,0.0,7402.349579340558
820,0.41025,0.41025,11.883064,123.737427,0.0,296535.6204253876,-290857.64156022196,10668.0,835.3,0.0,0.0,0.0,0.0,0.0,7365.179599693331
821,0.41075,0.41075,11.862236,123.762844,0.0,298770.45135185943,-294450.57699272764,10668.0,841.75,0.0,0.0,0.0,0.0,0.0,7445.062888152168
822,0.41125,0.41125,11.8467865,123.728668,0.0,294773.5981318995,-295675.4463990404,10668.0,846.4,0.0,0.0,0.0,0.0,0.0,7446.854815832706
823,0.41175,0.41175,11.903583,123.76953499999999,0.0,297026.8068894949,-290821.8367443867,10668.0,842.65,0.0,0.0,0.0,0.0,0.0,7427.532789832825
824,0.41225,0.41225,11.877319,123.792984,0.0,300950.0436838605,-292602.2923690859,10668.0,840.8,0.0,0.0,0.0,0.0,0.0,7300.1807428868115
825,0.41275,0.41275,11.832988,123.750786,0.0,297671.3573955498,-296387.650887936,10676.0,842.65,0.0,0.0,0.0,0.0,0.0,7459.045431824268
826,0.41325,0.41325,11.8578785,123.69133,0.0,291291.1000144094,-294251.14861632895,10676.0,840.8,0.0,0.0,0.0,0.0,0.0,7355.883408343168
827,0.41375,0.41375,11.8543415,123.7875975,0.0,301487.20521827077,-294069.6782453876,10676.0,839.0,0.0,0.0,0.0,0.0,0.0,7421.162765362373
828,0.41425,0.41425,11.857321,123.778603,0.0,299868.47238713363,-294944.7279292856,10668.0,842.7,0.0,0.0,0.0,0.0,0.0,7444.048363504806
829,0.41475,0.41475,11.792403,123.741352,0.0,296833.75354069786,-301876.40684088354,10668.0,838.05,0.0,0.0,0.0,0.0,0.0,7363.498039037587
830,0.41525,0.41525,11.815247,123.73362,0.0,295991.32710617775,-298419.2406013427,10668.0,844.5,0.0,0.0,0.0,0.0,0.0,7412.66216359133
831,0.41575,0.41575,11.792892,123.69767,0.0,292174.41965154756,-302085.1200064819,10668.0,840.8,0.0,0.0,0.0,0.0,0.0,7442.898873130297
832,0.41625,0.41625,11.874732999999999,123.8036275,0.0,301759.9513641293,-292888.56410314713,10668.0,844.5,0.0,0.0,0.0,0.0,0.0,7402.48132638216
833,0.41675,0.41675,11.812584,123.718483,0.0,294377.42018437944,-300336.13258948864,10668.0,839.0,0.0,0.0,0.0,0.0,0.0,7452.5351148894915
834,0.41725,0.41725,11.859741,123.824303,0.0,303718.8167430882,-295329.4629068936,10668.0,839.0,0.0,0.0,0.0,0.0,0.0,7308.240355357331
835,0.41775,0.41775,11.8250025,123.800167,0.0,303089.5415154806,-298168.3845003359,10668.0,836.2,0.0,0.0,0.0,0.0,0.0,7346.342950652142
836,0.41825,0.41825,11.812637,123.815727,0.0,303111.6753231734,-299488.4924928685,10668.0,844.5,0.0,0.0,0.0,0.0,0.0,7403.4455335797775
837,0.41875,0.41875,11.759216,123.77713,0.0,300662.5491604351,-304747.2414223529,10676.0,844.5,0.0,0.0,0.0,0.0,0.0,7346.80107711049
838,0.41925,0.41925,11.792528,123.723618,0.0,294415.43038734514,-300951.54176104115,10668.0,842.7,0.0,0.0,0.0,0.0,0.0,7358.727915587204
839,0.41975,0.41975,11.846241,123.812126,0.0,302856.64483277727,-295880.76811469154,10668.0,837.1,0.0,0.0,0.0,0.0,0.0,7328.848228371761
840,0.42025,0.42025,11.78968,123.774094,0.0,299835.91097025224,-301154.9731603283,10683.0,839.0,0.0,0.0,0.0,0.0,0.0,7404.826760162125
841,0.42075,0.42075,11.802109,123.767288,0.0,299655.1649114229,-299876.0073474824,10676.0,844.5,0.0,0.0,0.0,0.0,0.0,7356.068646434663
842,0.42125,0.42125,11.757908,123.812412,0.0,304381.50806682673,-305428.42248386366,10668.0,837.1,0.0,0.0,0.0,0.0,0.0,7328.627159848088
843,0.42175,0.42175,11.793228,123.853043,0.0,306852.9818955583,-302106.0246815657,10668.0,842.7,0.0,0.0,0.0,0.0,0.0,7413.509130612052
844,0.42225,0.42225,11.772991000000001,123.74470500000001,0.0,297012.5959747776,-303812.53557790973,10660.0,844.5,0.0,0.0,0.0,0.0,0.0,7421.225649228693
845,0.42275,0.42275,11.730023,123.7649155,0.0,299197.01702779025,-308648.90999512724,10668.0,848.2,0.0,0.0,0.0,0.0,0.0,7496.036875535048
846,0.42325,0.42325,11.792580000000001,123.8377225,0.0,306482.87066877563,-302620.1907325655,10668.0,836.2,0.0,0.0,0.0,0.0,0.0,7325.418715715134
847,0.42375,0.42375,11.76226,123.753952,0.0,297804.01545019535,-304410.09793908487,10668.0,840.8,0.0,0.0,0.0,0.0,0.0,7426.133623685457
848,0.42425,0.42425,11.756218,123.831142,0.0,306222.96595588815,-304887.18043082685,10668.0,834.3499999999999,0.0,0.0,0.0,0.0,0.0,7312.296101984408
849,0.42475,0.42475,11.801089000000001,123.8791885,0.0,310583.81815950875,-302120.7580296969,10668.0,844.5,0.0,0.0,0.0,0.0,0.0,7368.768271855534
850,0.42525,0.42525,11.788144,123.840874,0.0,306637.16191551066,-301336.4435312694,10676.0,842.7,0.0,0.0,0.0,0.0,0.0,7395.731168497624
851,0.42575,0.42575,11.742811,123.8633465,0.0,308386.47571047116,-306375.9713600738,10668.0,841.75,0.0,0.0,0.0,0.0,0.0,7368.781592808857
852,0.42625,0.42625,11.803574,123.823914,0.0,305376.23681426,-300251.95791375183,10668.0,844.5,0.0,0.0,0.0,0.0,0.0,7351.569547324882
853,0.42675,0.42675,11.770363,123.8435135,0.0,306578.9693955361,-304943.77872666565,10676.0,838.05,0.0,0.0,0.0,0.0,0.0,7308.800031129495
854,0.42725,0.42725,11.775551499999999,123.845444,0.0,307975.0921904406,-304697.2036362479,10676.0,833.4,0.0,0.0,0.0,0.0,0.0,7330.905355586379
855,0.42775,0.42775,11.744293,123.827003,0.0,304190.1809294852,-306304.8621062642,10676.0,844.5,0.0,0.0,0.0,0.0,0.0,7409.390338636301
856,0.42825,0.42825,11.749785,123.8549195,0.0,308457.1026887094,-306149.0777988571,10668.0,836.2,0.0,0.0,0.0,0.0,0.0,7401.038348165124
857,0.42875,0.42875,11.749329,123.886169,0.0,311059.7357008153,-306660.46397285076,10668.0,842.7,0.0,0.0,0.0,0.0,0.0,7402.83519136724
858,0.42925,0.42925,11.749227000000001,123.88373949999999,0.0,310976.4196885178,-306701.16137221677,10668.0,851.0,0.0,0.0,0.0,0.0,0.0,7470.027890683108
859,0.42975,0.42975,11.723763,123.819725,0.0,305263.8343478759,-308479.5042903917,10668.0,837.1,0.0,0.0,0.0,0.0,0.0,7290.724586622442
860,0.43025,0.43025,11.6717835,123.8105695,0.0,303954.45725814695,-314495.38052118605,10668.0,846.4,0.0,0.0,0.0,0.0,0.0,7480.428733246834
861,0.43075,0.43075,11.705795,123.830902,0.0,306546.2012526375,-311210.4554609273,10668.0,839.0,0.0,0.0,0.0,0.0,0.0,7386.285938391809
862,0.43125,0.43125,11.684966,123.8674165,0.0,310378.2036033522,-313210.8549543283,10676.0,838.05,0.0,0.0,0.0,0.0,0.0,7356.788732758789
863,0.43175,0.43175,11.735184,123.88501,0.0,311215.11146104423,-308714.2371047647,10668.0,844.5,0.0,0.0,0.0,0.0,0.0,7473.246881321935
864,0.43225,0.43225,11.763876,123.9033125,0.0,312987.81807374203,-304212.7822692103,10668.0,839.0,0.0,0.0,0.0,0.0,0.0,7317.31008386899
865,0.43275,0.43275,11.710602,123.87771599999999,0.0,309906.6894758907,-310231.1603893102,10676.0,836.2,0.0,0.0,0.0,0.0,0.0,7354.400957881815
866,0.43325,0.43325,11.673684999999999,123.8415985,0.0,307786.5351877311,-314902.4657099211,10668.0,846.4,0.0,0.0,0.0,0.0,0.0,7370.908950778207
867,0.43375,0.43375,11.696022,123.850033,0.0,307568.8198284466,-312721.4298086803,10676.0,842.7,0.0,0.0,0.0,0.0,0.0,7395.662420479447
868,0.43425,0.43425,11.68829,123.842278,0.0,307833.30425097985,-312532.12018458283,10668.0,835.3,0.0,0.0,0.0,0.0,0.0,7340.37548195287
869,0.43475,0.43475,11.707841,123.889595,0.0,313004.0501553438,-311895.0835699249,10668.0,840.8,0.0,0.0,0.0,0.0,0.0,7407.29392325691
870,0.43525,0.43525,11.6782355,123.839245,0.0,306834.2561771435,-314576.5529297566,10668.0,840.8,0.0,0.0,0.0,0.0,0.0,7418.041913110845
871,0.43575,0.43575,11.682498500000001,123.9069595,0.0,314262.375783624,-314010.68116644805,10668.0,844.5,0.0,0.0,0.0,0.0,0.0,7386.507397993104
872,0.43625,0.43625,11.6770715,123.87677,0.0,310471.35576146276,-314013.01626313315,10668.0,848.2,0.0,0.0,0.0,0.0,0.0,7498.060063453873
873,0.43675,0.43675,11.682936,123.877785,0.0,311664.69156448264,-314530.7405567005,10668.0,842.7,0.0,0.0,0.0,0.0,0.0,7412.4232498575
874,0.43725,0.43725,11.630676,123.860527,0.0,309808.2296024666,-320032.78432173573,10668.0,837.1,0.0,0.0,0.0,0.0,0.0,7291.611228641341
875,0.43775,0.43775,11.630659,123.850212,0.0,308588.56820367195,-319812.8960505739,10668.0,842.7,0.0,0.0,0.0,0.0,0.0,7411.6029155794495
876,0.43825,0.43825,11.6533515,123.8837775,0.0,312206.78452367545,-316317.14511819213,10668.0,848.2,0.0,0.0,0.0,0.0,0.0,7329.409150350775
877,0.43875,0.43875,11.685566,123.897274,0.0,313048.27298116044,-314441.8400900537,10668.0,837.1,0.0,0.0,0.0,0.0,0.0,7405.723742813785
878,0.43925,0.43925,11.6476825,123.917248,0.0,314256.5267755904,-317291.32521611825,10668.0,837.1,0.0,0.0,0.0,0.0,0.0,7383.887375856805
879,0.43975,0.43975,11.679863,123.930695,0.0,317160.7798015393,-316174.6486228728,10668.0,837.1,0.0,0.0,0.0,0.0,0.0,7332.33654906759
880,0.44025,0.44025,11.640574,123.861938,0.0,309152.9590263052,-318937.29039127467,10676.0,839.0,0.0,0.0,0.0,0.0,0.0,7315.901242543484
881,0.44075,0.44075,11.624634,123.890266,0.0,313026.542103004,-321252.14957157656,10676.0,846.4,0.0,0.0,0.0,0.0,0.0,7347.640523174873
882,0.44125,0.44125,11.665146,123.894287,0.0,312940.1080936056,-317868.0384997492,10668.0,835.3,0.0,0.0,0.0,0.0,0.0,7294.028992693125
883,0.44175,0.44175,11.661475,123.877068,0.0,310722.4489075111,-315914.00735480554,10668.0,839.0,0.0,0.0,0.0,0.0,0.0,7398.691897216623
884,0.44225,0.44225,11.616211,123.87409199999999,0.0,310945.35654152266,-320839.7270189904,10668.0,841.75,0.0,0.0,0.0,0.0,0.0,7361.887743847292
885,0.44275,0.44275,11.62381,123.935776,0.0,316744.5510520391,-319591.2286581283,10668.0,840.8,0.0,0.0,0.0,0.0,0.0,7347.529908458724
886,0.44325,0.44325,11.653885,123.953575,0.0,319314.7162047276,-317138.59877341735,10668.0,846.4,0.0,0.0,0.0,0.0,0.0,7345.883669615384
887,0.44375,0.44375,11.60445,123.9160995,0.0,315581.7972438298,-322756.8413972967,10668.0,839.9,0.0,0.0,0.0,0.0,0.0,7367.725403803897
888,0.44425,0.44425,11.583547,123.899956,0.0,314111.6647441351,-324907.7990293343,10668.0,842.7,0.0,0.0,0.0,0.0,0.0,7295.831605346891
889,0.44475,0.44475,11.595062,123.895958,0.0,313352.16265551856,-322824.3368109984,10668.0,846.4,0.0,0.0,0.0,0.0,0.0,7450.73947987603
890,0.44525,0.44525,11.566727,123.885056,0.0,312215.64386764646,-326786.43990988,10668.0,842.7,0.0,0.0,0.0,0.0,0.0,7354.583173313708
891,0.44575,0.44575,11.615156,123.93383,0.0,317261.5119452078,-322023.8434283975,10668.0,837.1,0.0,0.0,0.0,0.0,0.0,7360.695780036134
892,0.44625,0.44625,11.584946,123.948044,0.0,317599.05350769777,-324959.94952196383,10668.0,839.0,0.0,0.0,0.0,0.0,0.0,7325.888030266545
893,0.44675,0.44675,11.632645,123.961296,0.0,320357.20826912794,-318964.6443810124,10676.0,835.3,0.0,0.0,0.0,0.0,0.0,7345.208141245622
894,0.44725,0.44725,11.563522,123.919418,0.0,315883.33201704343,-327664.65865356434,10668.0,840.8,0.0,0.0,0.0,0.0,0.0,7381.979823605799
895,0.44775,0.44775,11.611867499999999,123.93339549999999,0.0,317630.77857558907,-323462.2629862983,10676.0,843.6,0.0,0.0,0.0,0.0,0.0,7380.132055168141
896,0.44825,0.44825,11.608685,123.94944,0.0,317395.9018802263,-323760.04341116373,10668.0,837.1,0.0,0.0,0.0,0.0,0.0,7353.163243603912
897,0.44875,0.44875,11.596845,123.9235685,0.0,316054.2058802325,-323331.27518178325,10668.0,842.7,0.0,0.0,0.0,0.0,0.0,7373.80835272002
898,0.44925,0.44925,11.559883,123.94853549999999,0.0,318134.5729168325,-328005.36037939973,10668.0,840.8,0.0,0.0,0.0,0.0,0.0,7390.28235612623
899,0.44975,0.44975,11.590576,123.961533,0.0,319867.7087913594,-324541.4112399647,10668.0,840.8,0.0,0.0,0.0,0.0,0.0,7323.572761999572
900,0.45025,0.45025,11.589226,123.954056,0.0,318330.81275126676,-325124.4070456293,10668.0,844.5,0.0,0.0,0.0,0.0,0.0,7446.659559161752
901,0.45075,0.45075,11.606062,123.9673425,0.0,319872.64445057977,-322244.2320774202,10668.0,835.3,0.0,0.0,0.0,0.0,0.0,7312.142827250134
902,0.45125,0.45125,11.530815,123.91251,0.0,315614.42563389835,-331295.0112305688,10668.0,842.7,0.0,0.0,0.0,0.0,0.0,7367.416407513996
903,0.45175,0.45175,11.576517,123.957924,0.0,319827.18286323734,-326255.92818208574,10668.0,837.1,0.0,0.0,0.0,0.0,0.0,7305.219204032386
904,0.45225,0.45225,11.514999,123.924431,0.0,316380.8256042509,-332987.45594926307,10668.0,844.5,0.0,0.0,0.0,0.0,0.0,7507.036019660853
905,0.45275,0.45275,11.535779,123.96137250000001,0.0,319913.02647119586,-329688.79829659546,10668.0,839.0,0.0,0.0,0.0,0.0,0.0,7447.279677711057
906,0.45325,0.45325,11.568649,123.992035,0.0,323073.76571009477,-328590.46889158845,10676.0,837.1,0.0,0.0,0.0,0.0,0.0,7307.539069640522
907,0.45375,0.45375,11.549057000000001,123.94115099999999,0.0,318284.682438405,-330311.4907459031,10668.0,831.5,0.0,0.0,0.0,0.0,0.0,7286.071400384832
908,0.45425,0.45425,11.553452,123.995506,0.0,324052.4667826034,-330030.5563756934,10668.0,839.0,0.0,0.0,0.0,0.0,0.0,7341.313740087448
909,0.45475,0.45475,11.5145805,123.96641199999999,0.0,320562.3418821605,-332153.21485981136,10676.0,840.8,0.0,0.0,0.0,0.0,0.0,7329.844731121007
910,0.45525,0.45525,11.549446,123.9685515,0.0,320339.86322277173,-330014.82227184006,10668.0,839.9,0.0,0.0,0.0,0.0,0.0,7393.699524411511
911,0.45575,0.45575,11.528824,123.967316,0.0,321506.0725527928,-331511.0076739226,10668.0,840.8,0.0,0.0,0.0,0.0,0.0,7396.773741869541
912,0.45625,0.45625,11.470917,123.981819,0.0,321740.0104287773,-336591.1773045517,10676.0,840.8,0.0,0.0,0.0,0.0,0.0,7332.121040287132
913,0.45675,0.45675,11.536249999999999,123.9865795,0.0,322857.1075555363,-331209.0574335482,10668.0,841.75,0.0,0.0,0.0,0.0,0.0,7419.130852859225
914,0.45725,0.45725,11.535049,124.022476,0.0,327035.0408810653,-330384.8239013172,10668.0,837.1,0.0,0.0,0.0,0.0,0.0,7382.912003030145
915,0.45775,0.45775,11.526306,123.968281,0.0,321251.7568492878,-331299.2922411576,10668.0,840.8,0.0,0.0,0.0,0.0,0.0,7335.971885997848
916,0.45825,0.45825,11.4882815,123.9882165,0.0,323204.72245955747,-335565.0135066166,10668.0,840.8,0.0,0.0,0.0,0.0,0.0,7334.364778725409
917,0.45875,0.45875,11.49007,123.976639,0.0,322045.3682763443,-334791.1513457314,10668.0,840.8,0.0,0.0,0.0,0.0,0.0,7402.146129781821
918,0.45925,0.45925,11.456955,123.972191,0.0,322054.2584720341,-339316.6799161557,10668.0,842.7,0.0,0.0,0.0,0.0,0.0,7416.337152023703
919,0.45975,0.45975,11.472519,124.016632,0.0,325711.03936046583,-337118.79796026007,10668.0,837.1,0.0,0.0,0.0,0.0,0.0,7298.696755042221
920,0.46025,0.46025,11.509644,124.007118,0.0,324133.1000110405,-334566.31489349913,10668.0,837.1,0.0,0.0,0.0,0.0,0.0,7380.195362225252
921,0.46075,0.46075,11.464839,124.02779,0.0,326007.5473719964,-337293.93021162786,10668.0,839.9,0.0,0.0,0.0,0.0,0.0,7261.236506507721
922,0.46125,0.46125,11.469086,124.019455,0.0,325300.82710339315,-338150.9106949877,10668.0,840.8,0.0,0.0,0.0,0.0,0.0,7378.590818874496
923,0.46175,0.46175,11.4861735,124.021809,0.0,326717.37331908825,-336025.91711418447,10668.0,837.1,0.0,0.0,0.0,0.0,0.0,7315.66716929575
924,0.46225,0.46225,11.472194,123.983269,0.0,323207.3018791081,-337137.7011238996,10676.0,837.1,0.0,0.0,0.0,0.0,0.0,7439.596539639501
925,0.46275,0.46275,11.4318435,124.034176,0.0,327756.45991555665,-341816.34531980567,10668.0,839.0,0.0,0.0,0.0,0.0,0.0,7436.03363454467
926,0.46325,0.46325,11.473755,124.013008,0.0,326335.9047477625,-337430.8113553954,10668.0,837.1,0.0,0.0,0.0,0.0,0.0,7277.353791591612
927,0.46375,0.46375,11.4797855,124.025963,0.0,326471.9263657796,-338208.78773424914,10668.0,839.0,0.0,0.0,0.0,0.0,0.0,7241.529380101529
928,0.46425,0.46425,11.490194500000001,124.0539625,0.0,330724.3056249792,-335449.037037933,10668.0,835.3,0.0,0.0,0.0,0.0,0.0,7395.371760318223
929,0.46475,0.46475,11.459449500000002,124.03401199999999,0.0,326682.27941210824,-338696.9897340144,10668.0,842.7,0.0,0.0,0.0,0.0,0.0,7273.428604264776
930,0.46525,0.46525,11.433105,124.029045,0.0,328124.9455685002,-341987.2521581248,10676.0,837.1,0.0,0.0,0.0,0.0,0.0,7326.939245800371
931,0.46575,0.46575,11.441248,124.039352,0.0,328406.6917074228,-340617.4399647277,10668.0,840.8,0.0,0.0,0.0,0.0,0.0,7354.790002687384
932,0.46625,0.46625,11.418777500000001,124.01333199999999,0.0,326205.08886113577,-342456.0506163892,10668.0,839.9,0.0,0.0,0.0,0.0,0.0,7337.298391098722
933,0.46675,0.46675,11.4423295,124.049587,0.0,329012.55079703697,-341349.437177905,10668.0,838.05,0.0,0.0,0.0,0.0,0.0,7355.417542470594
934,0.46725,0.46725,11.432255000000001,124.05805950000001,0.0,331160.6340322498,-341820.34834269417,10676.0,837.1,0.0,0.0,0.0,0.0,0.0,7322.121646206774
935,0.46775,0.46775,11.424042,124.067879,0.0,331527.20506329904,-342776.7372277829,10668.0,839.0,0.0,0.0,0.0,0.0,0.0,7280.05970800204
936,0.46825,0.46825,11.441375,124.05952450000001,0.0,329538.30507197476,-342041.62655235897,10668.0,841.75,0.0,0.0,0.0,0.0,0.0,7346.111828452061
937,0.46875,0.46875,11.4232175,124.06007,0.0,331041.936396083,-343187.76984186604,10676.0,831.5,0.0,0.0,0.0,0.0,0.0,7281.325168956278
938,0.46925,0.46925,11.381137500000001,124.02369300000001,0.0,327388.4244217565,-347008.1548109894,10676.0,845.45,0.0,0.0,0.0,0.0,0.0,7418.473610500634
939,0.46975,0.46975,11.41864,124.04557,0.0,330014.1909468897,-343557.99386150355,10668.0,837.1,0.0,0.0,0.0,0.0,0.0,7335.161041678077
940,0.47025,0.47025,11.428345,124.045349,0.0,329265.9757230945,-342026.2816312869,10668.0,844.5,0.0,0.0,0.0,0.0,0.0,7399.227912269098
941,0.47075,0.47075,11.3974315,124.027672,0.0,327913.5366479468,-346303.67838017025,10668.0,839.9,0.0,0.0,0.0,0.0,0.0,7343.981017055565
942,0.47125,0.47125,11.4306955,124.0638845,0.0,330752.5145360818,-342606.16397470474,10668.0,843.6,0.0,0.0,0.0,0.0,0.0,7373.062651020977
943,0.47175,0.47175,11.4208,124.086601,0.0,332672.2577318627,-342468.05968505424,10668.0,840.8,0.0,0.0,0.0,0.0,0.0,7301.626653046767
944,0.47225,0.47225,11.387283,124.068176,0.0,331979.9818882598,-346212.6652069988,10668.0,837.1,0.0,0.0,0.0,0.0,0.0,7290.211146529663
945,0.47275,0.47275,11.378380499999999,124.05188749999999,0.0,330548.2372838611,-348779.71482927015,10668.0,840.8,0.0,0.0,0.0,0.0,0.0,7455.1512209602115
946,0.47325,0.47325,11.35405,124.036026,0.0,328757.1207831034,-350605.5380467048,10668.0,840.8,0.0,0.0,0.0,0.0,0.0,7350.01003015283
947,0.47375,0.47375,11.397431,124.082527,0.0,332627.4096436892,-345598.4235837892,10668.0,837.1,0.0,0.0,0.0,0.0,0.0,7367.547620682014
948,0.47425,0.47425,11.373178,124.086601,0.0,333722.2072358701,-348414.3277956229,10676.0,840.8,0.0,0.0,0.0,0.0,0.0,7342.419413461276
949,0.47475,0.47475,11.390762,124.120361,0.0,337707.18275095854,-347601.1581738752,10668.0,842.7,0.0,0.0,0.0,0.0,0.0,7485.568888344678
950,0.47525,0.47525,11.365558,124.077328,0.0,332081.2461024936,-349416.2510660671,10672.0,839.9,0.0,0.0,0.0,0.0,0.0,7360.020854849803
951,0.47575,0.47575,11.35153,124.075012,0.0,332865.80353991536,-350211.68507251784,10668.0,837.1,0.0,0.0,0.0,0.0,0.0,7418.6394375604095
952,0.47625,0.47625,11.339539,124.088638,0.0,333799.4175566648,-351603.2915016401,10668.0,839.0,0.0,0.0,0.0,0.0,0.0,7321.425648780557
953,0.47675,0.47675,11.363531,124.066994,0.0,332368.37925069116,-349517.9389669406,10668.0,842.7,0.0,0.0,0.0,0.0,0.0,7365.479452903604
954,0.47725,0.47725,11.369034,124.082863,0.0,333009.381498787,-349097.176783337,10668.0,839.0,0.0,0.0,0.0,0.0,0.0,7369.194317236868
955,0.47775,0.47775,11.34047,124.09428750000001,0.0,335212.14535381075,-353158.46589378646,10668.0,837.1,0.0,0.0,0.0,0.0,0.0,7250.336775808244
956,0.47825,0.47825,11.371967,124.099876,0.0,335445.41918994085,-349940.2578816676,10668.0,840.8,0.0,0.0,0.0,0.0,0.0,7376.840265491953
957,0.47875,0.47875,11.331436,124.099152,0.0,335172.7681601855,-352960.76104113157,10668.0,842.7,0.0,0.0,0.0,0.0,0.0,7377.252098184951
958,0.47925,0.47925,11.331061,124.115776,0.0,337328.3437594014,-352892.0424815471,10668.0,839.0,0.0,0.0,0.0,0.0,0.0,7412.016047155122
959,0.47975,0.47975,11.322412,124.09233449999999,0.0,334810.32936704217,-353300.072828464,10668.0,837.1,0.0,0.0,0.0,0.0,0.0,7378.875807129528
960,0.48025,0.48025,11.3210385,124.10973,0.0,335925.24074556725,-354319.28693388466,10672.0,837.1,0.0,0.0,0.0,0.0,0.0,7331.504002727622
961,0.48075,0.48075,11.328347,124.09655,0.0,334659.51716483495,-354974.9487244814,10668.0,840.8,0.0,0.0,0.0,0.0,0.0,7355.1097646369935
962,0.48125,0.48125,11.307632,124.1649475,0.0,342966.20320268266,-356323.57825509395,10676.0,841.75,0.0,0.0,0.0,0.0,0.0,7417.547767907498
963,0.48175,0.48175,11.328049,124.11932350000001,0.0,336930.322998196,-355358.0157758862,10668.0,840.8,0.0,0.0,0.0,0.0,0.0,7350.785742347359
964,0.48225,0.48225,11.3256945,124.12205900000001,0.0,337651.3925613258,-353976.5280990646,10668.0,839.0,0.0,0.0,0.0,0.0,0.0,7355.9910828643415
965,0.48275,0.48275,11.2873765,124.128319,0.0,338174.0167180535,-357015.6008369273,10668.0,837.1,0.0,0.0,0.0,0.0,0.0,7344.878830380678
966,0.48325,0.48325,11.316605,124.123863,0.0,337187.89894005633,-353757.5849860847,10668.0,835.3,0.0,0.0,0.0,0.0,0.0,7398.558183398273
967,0.48375,0.48375,11.292341,124.110451,0.0,337116.93299817544,-358160.13179777097,10668.0,844.5,0.0,0.0,0.0,0.0,0.0,7355.833501549041
968,0.48425,0.48425,11.2772665,124.1061095,0.0,336115.8398468357,-358799.3923140338,10668.0,837.1,0.0,0.0,0.0,0.0,0.0,7384.865349695588
969,0.48475,0.48475,11.307289,124.14825450000001,0.0,340919.24747965054,-356567.3178709658,10668.0,840.8,0.0,0.0,0.0,0.0,0.0,7509.712067068334
970,0.48525,0.48525,11.263321,124.132294,0.0,339397.68582992034,-359963.04882867757,10668.0,842.7,0.0,0.0,0.0,0.0,0.0,7405.785254536527
971,0.48575,0.48575,11.287903,124.140976,0.0,339664.75690964854,-358155.68399456184,10668.0,840.8,0.0,0.0,0.0,0.0,0.0,7384.3719289869005
972,0.48625,0.48625,11.291866500000001,124.1478655,0.0,340028.4617796,-357166.8261460451,10668.0,840.8,0.0,0.0,0.0,0.0,0.0,7401.789517591602
973,0.48675,0.48675,11.268342,124.118958,0.0,338103.8003907705,-359789.36211335286,10668.0,837.1,0.0,0.0,0.0,0.0,0.0,7429.110544956309
974,0.48725,0.48725,11.255214,124.147194,0.0,339940.3932368876,-361229.78318269807,10676.0,840.8,0.0,0.0,0.0,0.0,0.0,7358.122813925181
975,0.48775,0.48775,11.279514,124.146858,0.0,340477.276162634,-360464.8722257715,10668.0,837.1,0.0,0.0,0.0,0.0,0.0,7490.216110883413
976,0.48825,0.48825,11.24879,124.169418,0.0,343054.38567069743,-362860.45903432294,10668.0,842.7,0.0,0.0,0.0,0.0,0.0,7459.788390145578
977,0.48875,0.48875,11.292549,124.155579,0.0,340615.39658507326,-357020.49342045764,10668.0,833.4,0.0,0.0,0.0,0.0,0.0,7292.17745526995
978,0.48925,0.48925,11.2662045,124.1676065,0.0,342792.1862124406,-361905.07090495626,10668.0,841.75,0.0,0.0,0.0,0.0,0.0,7457.949166357029
979,0.48975,0.48975,11.2560515,124.1667975,0.0,342744.46597779554,-361854.64393607056,10668.0,839.9,0.0,0.0,0.0,0.0,0.0,7347.384116601019
980,0.49025,0.49025,11.2310205,124.1428565,0.0,340445.889208521,-363514.7864839572,10668.0,849.1500000000001,0.0,0.0,0.0,0.0,0.0,7411.5378329980795
981,0.49075,0.49075,11.2727435,124.15462675,0.0,341342.56843271956,-359344.4705973386,10668.0,838.05,0.0,0.0,0.0,0.0,0.0,7306.688485643937
982,0.49125,0.49125,11.23732,124.155052,0.0,341678.908597063,-363468.0289527189,10668.0,842.7,0.0,0.0,0.0,0.0,0.0,7366.673804611047
983,0.49175,0.49175,11.201586,124.161888,0.0,342270.9147103861,-367171.6034900572,10668.0,842.7,0.0,0.0,0.0,0.0,0.0,7286.761280116672
984,0.49225,0.49225,11.261124,124.164345,0.0,341964.02375593415,-361292.1636227092,10668.0,840.8,0.0,0.0,0.0,0.0,0.0,7281.820668651899
985,0.49275,0.49275,11.216629,124.179138,0.0,343931.38796798117,-365776.3276232868,10668.0,837.1,0.0,0.0,0.0,0.0,0.0,7356.2178680791485
986,0.49325,0.49325,11.241295,124.17004,0.0,342213.5555293182,-363070.8401261247,10668.0,842.7,0.0,0.0,0.0,0.0,0.0,7434.696569159523
987,0.49375,0.49375,11.228911,124.169662,0.0,343296.13888458,-364064.5905581716,10668.0,837.1,0.0,0.0,0.0,0.0,0.0,7362.217163074286
988,0.49425,0.49425,11.193718,124.175392,0.0,344266.03003781394,-367433.13431876624,10668.0,837.1,0.0,0.0,0.0,0.0,0.0,7283.143917206786
989,0.49475,0.49475,11.222395,124.187416,0.0,343910.47245618794,-366126.48093094217,10676.0,839.0,0.0,0.0,0.0,0.0,0.0,7368.285645745871
990,0.49525,0.49525,11.205002,124.183914,0.0,344743.3830802107,-366946.87823290506,10668.0,837.1,0.0,0.0,0.0,0.0,0.0,7296.900317895159
991,0.49575,0.49575,11.222809,124.1983185,0.0,346283.4857466148,-365077.6889341795,10668.0,841.75,0.0,0.0,0.0,0.0,0.0,7387.738644399567
992,0.49625,0.49625,11.2126225,124.19121150000001,0.0,345671.5793308116,-367156.1473739045,10668.0,840.8,0.0,0.0,0.0,0.0,0.0,7352.846144871721
993,0.49675,0.49675,11.203494,124.20867899999999,0.0,347374.8071062474,-368151.0653542941,10668.0,841.75,0.0,0.0,0.0,0.0,0.0,7405.0895603538265
994,0.49725,0.49725,11.1779395,124.1836775,0.0,344216.4024041204,-369552.234560317,10672.0,844.5,0.0,0.0,0.0,0.0,0.0,7395.664133785696
995,0.49775,0.49775,11.1897845,124.19490049999999,0.0,346338.68403525755,-369023.22396610584,10668.0,838.95,0.0,-1.7999999999999543,0.0,0.0,-0.0545454545454531,7397.700494143344
996,0.49825,0.49825,11.1976415,124.199314,0.0,346432.52403694973,-367569.5150846728,10668.0,843.6,0.0,0.0,0.0,0.0,0.0,7416.587107842225
997,0.49875,0.49875,11.154708,124.205177,0.0,347117.13530596765,-372129.9033127505,10668.0,840.8,0.0,0.0,0.0,0.0,0.0,7351.147143738761
998,0.49925,0.49925,11.159083,124.214127,0.0,347314.67440140987,-371469.1821460032,10668.0,840.8,0.0,0.0,0.0,0.0,0.0,7345.136895434373
999,0.49975,0.49975,11.185776,124.20475,0.0,347022.18856642715,-369478.1230393413,10668.0,839.0,0.0,0.0,0.0,0.0,0.0,7316.256152034662
1000,0.50025,0.50025,11.180786,124.208778,0.0,346795.9490276299,-369668.6002117811,10668.0,839.0,0.0,0.0,0.0,0.0,0.0,7441.127957248454
1001,0.50075,0.50075,11.1748415,124.221409,0.0,348962.18493556033,-370753.69740224036,10668.0,840.8,0.0,0.0,0.0,0.0,0.0,7377.340279020276
1002,0.50125,0.50125,11.154382,124.215118,0.0,348456.5291208262,-372240.2088323423,10676.0,837.1,0.0,0.0,0.0,0.0,0.0,7341.955631832254
1003,0.50175,0.50175,11.159812,124.2214625,0.0,349071.05656538066,-373147.89427228854,10668.0,836.2,0.0,0.0,0.0,0.0,0.0,7343.118421994954
1004,0.50225,0.50225,11.175703,124.222321,0.0,349041.9636895561,-371001.2732483801,10668.0,839.0,0.0,0.0,0.0,0.0,0.0,7395.606510748831
1005,0.50275,0.50275,11.1538925,124.23202549999999,0.0,349533.77615082404,-373019.2415644583,10668.0,842.65,0.0,0.0,0.0,0.0,0.0,7406.160768354888
1006,0.50325,0.50325,11.154243,124.237991,0.0,350580.9193138146,-373969.6259152145,10668.0,842.7,0.0,0.0,0.0,0.0,0.0,7424.530923575549
1007,0.50375,0.50375,11.120538,124.233917,0.0,350470.8986620191,-376591.04993171984,10668.0,840.8,0.0,0.0,0.0,0.0,0.0,7356.637260379451
1008,0.50425,0.50425,11.162203,124.234444,0.0,350407.441385246,-370998.9381516953,10668.0,833.4,0.0,0.0,0.0,0.0,0.0,7290.612716826462
1009,0.50475,0.50475,11.122354,124.237427,0.0,350945.00710045564,-376220.5479243818,10676.0,844.5,0.0,0.0,0.0,0.0,0.0,7431.046216617217
1010,0.50525,0.50525,11.117513,124.23484,0.0,350461.3661390801,-376341.3057815156,10668.0,831.5,0.0,0.0,0.0,0.0,0.0,7316.743658935177
1011,0.50575,0.50575,11.096832,124.249023,0.0,351715.1242416884,-378899.23740720766,10668.0,842.7,0.0,0.0,0.0,0.0,0.0,7364.548188158236
1012,0.50625,0.50625,11.108109,124.23822,0.0,350708.86106459954,-377408.66735667706,10668.0,840.8,0.0,0.0,0.0,0.0,0.0,7405.112026031627
1013,0.50675,0.50675,11.126529999999999,124.2486035,0.0,351695.2542118414,-376998.5799007759,10668.0,835.3,0.0,0.0,0.0,0.0,0.0,7332.46428460883
1014,0.50725,0.50725,11.105164,124.257683,0.0,352780.7198395274,-378008.67600961745,10668.0,839.0,0.0,0.0,0.0,0.0,0.0,7285.172695058091
1015,0.50775,0.50775,11.124207,124.254471,0.0,351093.9376411776,-375832.4770943667,10668.0,842.7,0.0,0.0,0.0,0.0,0.0,7431.124171090501
1016,0.50825,0.50825,11.116509,124.2845955,0.0,356144.36065957067,-377020.42973404174,10668.0,833.4,0.0,0.0,0.0,0.0,0.0,7344.323742400387
1017,0.50875,0.50875,11.096924,124.250824,0.0,350532.34750874795,-379582.7535654033,10668.0,835.3,0.0,0.0,0.0,0.0,0.0,7354.833533075822
1018,0.50925,0.50925,11.100288,124.266357,0.0,354015.4030473167,-378200.3763279398,10676.0,833.4,0.0,0.0,0.0,0.0,0.0,7404.844138773466
1019,0.50975,0.50975,11.113602,124.275543,0.0,354170.7693021197,-377419.8980597808,10668.0,846.4,0.0,0.0,0.0,0.0,0.0,7374.414391167132
1020,0.51025,0.51025,11.095092999999999,124.29360600000001,0.0,356331.8337356268,-378548.4725266108,10668.0,839.0,0.0,0.0,0.0,0.0,0.0,7339.7604868736535
1021,0.51075,0.51075,11.0827375,124.288635,0.0,356414.9217623085,-381868.7576223842,10668.0,837.1,0.0,0.0,0.0,0.0,0.0,7315.397537299477
1022,0.51125,0.51125,11.072571,124.277962,0.0,355044.4460725307,-383324.0232349406,10668.0,842.7,0.0,0.0,0.0,0.0,0.0,7338.33512378802
1023,0.51175,0.51175,11.0753175,124.2636565,0.0,353442.3338789518,-382753.0364979415,10668.0,840.8,0.0,0.0,0.0,0.0,0.0,7340.006859151947
1024,0.51225,0.51225,11.052852,124.272896,0.0,354833.2566680571,-383098.63080730726,10668.0,833.4,0.0,0.0,0.0,0.0,0.0,7316.382182183944
1025,0.51275,0.51275,11.046387,124.282646,0.0,356028.002100425,-384453.32046979264,10668.0,840.8,0.0,0.0,0.0,0.0,0.0,7355.346204194182
1026,0.51325,0.51325,11.052475,124.283226,0.0,355605.6798799476,-384148.423559792,10668.0,839.0,0.0,0.0,0.0,0.0,0.0,7401.680033472536
1027,0.51375,0.51375,11.053014000000001,124.279964,0.0,354685.92954945855,-383488.2027709055,10668.0,838.05,0.0,0.0,0.0,0.0,0.0,7428.156434113053
1028,0.51425,0.51425,11.0509195,124.2871705,0.0,355404.2234196414,-384070.36461346794,10668.0,839.0,0.0,0.0,0.0,0.0,0.0,7269.915092069672
1029,0.51475,0.51475,11.071425,124.307991,0.0,358617.3361541745,-381442.26889214874,10668.0,837.1,0.0,0.0,0.0,0.0,0.0,7308.867763875608
1030,0.51525,0.51525,11.050198,124.299416,0.0,357191.1550797156,-383672.50861639273,10668.0,837.1,0.0,0.0,0.0,0.0,0.0,7318.27308011771
1031,0.51575,0.51575,11.042377,124.29821,0.0,357685.9947636254,-385061.4463635898,10668.0,839.0,0.0,0.0,0.0,0.0,0.0,7284.21146136129
1032,0.51625,0.51625,11.043732,124.300926,0.0,357788.1177799427,-384591.9807348434,10676.0,840.8,0.0,0.0,0.0,0.0,0.0,7383.645210026527
1033,0.51675,0.51675,11.006607,124.321999,0.0,359939.1819947287,-388260.1952366677,10668.0,842.7,0.0,0.0,0.0,0.0,0.0,7317.652041053386
1034,0.51725,0.51725,11.045031,124.323166,0.0,359644.1310743597,-384454.43242059456,10668.0,839.0,0.0,0.0,0.0,0.0,0.0,7361.619850050009
1035,0.51775,0.51775,11.030502,124.320152,0.0,359852.9289019454,-385695.25832092064,10668.0,837.1,0.0,0.0,0.0,0.0,0.0,7380.360950966643
1036,0.51825,0.51825,11.000387,124.313286,0.0,357841.79584274534,-389416.84646125656,10668.0,840.8,0.0,0.0,0.0,0.0,0.0,7336.88584081344
1037,0.51875,0.51875,11.025421,124.303459,0.0,357475.020484274,-388300.1142704716,10668.0,840.8,0.0,0.0,0.0,0.0,0.0,7215.213430831711
1038,0.51925,0.51925,11.01547,124.308311,0.0,358722.04652736237,-388795.71074307227,10668.0,842.7,0.0,0.0,0.0,0.0,0.0,7410.617504290687
1039,0.51975,0.51975,11.007156,124.328064,0.0,360231.4398734753,-389870.4111935293,10668.0,840.8,0.0,0.0,0.0,0.0,0.0,7356.069611447376
1040,0.52025,0.52025,11.008719,124.327446,0.0,360437.9843904723,-388831.96033922833,10668.0,840.8,0.0,0.0,0.0,0.0,0.0,7365.40631186397
1041,0.52075,0.52075,10.996353,124.306446,0.0,357183.85386739636,-389954.3078815657,10668.0,837.1,0.0,0.0,0.0,0.0,0.0,7401.000757414071
1042,0.52125,0.52125,11.02121,124.330711,0.0,360590.9151256617,-386813.7696329896,10668.0,837.1,0.0,0.0,0.0,0.0,0.0,7241.7692157058655
1043,0.52175,0.52175,11.015121,124.340752,0.0,362299.1158394953,-388286.1036903619,10668.0,833.4,0.0,0.0,0.0,0.0,0.0,7374.3064947792145
1044,0.52225,0.52225,11.003769,124.351456,0.0,363412.1711100694,-388539.2948880539,10668.0,840.8,0.0,0.0,0.0,0.0,0.0,7306.832607531889
1045,0.52275,0.52275,10.974906,124.33341999999999,0.0,361339.1507295206,-392457.58712532284,10668.0,839.0,0.0,0.0,0.0,0.0,0.0,7385.368034847936
1046,0.52325,0.52325,11.001014,124.3387335,0.0,361367.19693969295,-389638.1802684616,10668.0,837.1,0.0,0.0,0.0,0.0,0.0,7396.039892493506
1047,0.52375,0.52375,10.958782500000002,124.3196525,0.0,359107.7312202486,-394075.97592058184,10668.0,837.15,0.0,0.0,0.0,0.0,0.0,7361.8769988087115
1048,0.52425,0.52425,10.9918585,124.354969,0.0,363730.6648199132,-389863.2947083943,10668.0,835.3,0.0,0.0,0.0,0.0,0.0,7290.043411564772
1049,0.52475,0.52475,10.980509,124.361023,0.0,364487.1929030597,-392559.4418188168,10668.0,837.1,0.0,0.0,0.0,0.0,0.0,7336.179925075844
1050,0.52525,0.52525,10.955109,124.358177,0.0,364150.4918580172,-394586.30574131367,10668.0,839.0,0.0,0.0,0.0,0.0,0.0,7446.262281220266
1051,0.52575,0.52575,10.955349,124.3386935,0.0,361183.8230243274,-395535.1889584864,10668.0,839.0,0.0,0.0,0.0,0.0,0.0,7347.0520023956615
1052,0.52625,0.52625,10.978251499999999,124.32556149999999,0.0,360328.1047585743,-391557.96332869364,10668.0,841.75,0.0,0.0,0.0,0.0,0.0,7383.9732992956415
1053,0.52675,0.52675,10.9543,124.353188,0.0,363327.4530423636,-394636.89950282,10668.0,840.8,0.0,0.0,0.0,0.0,0.0,7332.718760575894
1054,0.52725,0.52725,10.980148,124.365234,0.0,364840.1550681531,-391763.0626541843,10668.0,840.8,0.0,0.0,0.0,0.0,0.0,7391.564989250427
1055,0.52775,0.52775,10.943619,124.340561,0.0,361623.9933618224,-395782.5424144661,10668.0,837.1,0.0,0.0,0.0,0.0,0.0,7360.636353257538
1056,0.52825,0.52825,10.950995,124.369858,0.0,365123.9626947568,-394469.88449230895,10668.0,837.1,0.0,0.0,0.0,0.0,0.0,7367.632894780695
1057,0.52875,0.52875,10.950012000000001,124.351189,0.0,362473.4494065721,-395616.25017197686,10668.0,833.4,0.0,0.0,0.0,0.0,0.0,7376.078106798392
1058,0.52925,0.52925,10.953788,124.383446,0.0,366970.1073259445,-394220.2515371852,10668.0,837.1,0.0,0.0,0.0,0.0,0.0,7345.440566171707
1059,0.52975,0.52975,10.927872,124.37468,0.0,366018.5536904985,-397737.4631200519,10668.0,839.0,0.0,0.0,0.0,0.0,0.0,7308.215338030203
1060,0.53025,0.53025,10.9271,124.367748,0.0,364726.9654824816,-397224.7982026351,10668.0,838.05,0.0,0.0,0.0,0.0,0.0,7270.02617249864
1061,0.53075,0.53075,10.907822,124.349144,0.0,361670.66517543345,-399806.80356319784,10668.0,835.3,0.0,0.0,0.0,0.0,0.0,7244.864721539868
1062,0.53125,0.53125,10.924693000000001,124.3718035,0.0,365340.53785324993,-397826.41918423853,10668.0,832.45,0.0,0.0,0.0,0.0,0.0,7202.491930700399
1063,0.53175,0.53175,10.926509,124.394142,0.0,367856.1317569363,-397743.4676543846,10676.0,835.3,0.0,0.0,0.0,0.0,0.0,7405.872988645105
1064,0.53225,0.53225,10.899765,124.38446,0.0,366381.60797935387,-400669.3438005693,10668.0,839.0,0.0,0.0,0.0,0.0,0.0,7417.042006420376
1065,0.53275,0.53275,10.896057,124.353111,0.0,361653.17561848694,-401489.8522976127,10676.0,839.0,0.0,0.0,0.0,0.0,0.0,7300.210485378016
1066,0.53325,0.53325,10.90556,124.3616335,0.0,364190.7657145692,-400529.73837733606,10668.0,839.0,0.0,0.0,0.0,0.0,0.0,7338.700749239537
1067,0.53375,0.53375,10.8976825,124.359718,0.0,364027.69996380457,-400899.5732141928,10668.0,835.3,0.0,0.0,0.0,0.0,0.0,7229.122726858346
1068,0.53425,0.53425,10.897171499999999,124.392498,0.0,367489.6388264799,-400838.4159200644,10668.0,840.8,0.0,0.0,0.0,0.0,0.0,7348.928453356664
1069,0.53475,0.53475,10.903047,124.385551,0.0,365965.09778391407,-400480.64574941294,10668.0,837.1,0.0,0.0,0.0,0.0,0.0,7241.675836635708
1070,0.53525,0.53525,10.87999,124.379486,0.0,365459.3041233203,-402875.67658256314,10668.0,837.1,0.0,0.0,0.0,0.0,0.0,7273.008347949504
1071,0.53575,0.53575,10.897064,124.397034,0.0,366463.78081895097,-400906.9676870284,10668.0,833.4,0.0,0.0,0.0,0.0,0.0,7275.106026552538
1072,0.53625,0.53625,10.88942,124.419739,0.0,370894.9061645447,-401253.2291668757,10668.0,837.1,0.0,0.0,0.0,0.0,0.0,7266.7433126148335
1073,0.53675,0.53675,10.876328,124.419647,0.0,370804.1845528633,-403565.3084701714,10668.0,839.0,0.0,0.0,0.0,0.0,0.0,7344.180615836453
1074,0.53725,0.53725,10.866898,124.394432,0.0,367024.1585219166,-404548.2729794361,10668.0,833.4,0.0,0.0,0.0,0.0,0.0,7277.16238743818
1075,0.53775,0.53775,10.851837,124.375786,0.0,364113.2798518188,-405432.27386729256,10668.0,827.8,0.0,0.0,0.0,0.0,0.0,7215.548665956685
1076,0.53825,0.53825,10.869621500000001,124.4114305,0.0,369400.5147061909,-403631.4695429103,10668.0,829.7,0.0,0.0,0.0,0.0,0.0,7266.1699165248265
1077,0.53875,0.53875,10.8583555,124.424,0.0,370376.3793078762,-405444.8389113588,10676.0,833.4,0.0,0.0,0.0,0.0,0.0,7277.312320814279
1078,0.53925,0.53925,10.844716,124.407333,0.0,369353.24297920143,-406855.682089362,10668.0,837.1,0.0,0.0,0.0,0.0,0.0,7353.438639933281
1079,0.53975,0.53975,10.846344,124.4168665,0.0,368344.3902381186,-406452.2107407345,10668.0,839.0,0.0,0.0,0.0,0.0,0.0,7390.351411610503
1080,0.54025,0.54025,10.840027,124.399662,0.0,367353.16100652306,-407104.98145924543,10668.0,836.2,0.0,0.0,0.0,0.0,0.0,7308.281319468649
1081,0.54075,0.54075,10.841823,124.406578,0.0,368233.33335212024,-406942.6366421047,10668.0,835.3,0.0,0.0,0.0,0.0,0.0,7247.610100709928
1082,0.54125,0.54125,10.837501,124.430443,0.0,372154.1592452052,-408273.7529475802,10668.0,844.5,0.0,0.0,0.0,0.0,0.0,7419.740830896488
1083,0.54175,0.54175,10.838837,124.442764,0.0,373345.1231951176,-407363.9548011091,10668.0,835.3,0.0,0.0,0.0,0.0,0.0,7374.277979450499
1084,0.54225,0.54225,10.824675500000001,124.4362835,0.0,372449.25972006854,-409166.48264923505,10668.0,833.4,0.0,0.0,0.0,0.0,0.0,7269.434407019748
1085,0.54275,0.54275,10.825699,124.432549,0.0,369870.9255576687,-409074.57991542225,10668.0,837.1,0.0,0.0,0.0,0.0,0.0,7356.212413867241
1086,0.54325,0.54325,10.825035,124.45814899999999,0.0,374568.3656055934,-409060.5693353127,10668.0,835.3,0.0,0.0,0.0,0.0,0.0,7314.5240036517325
1087,0.54375,0.54375,10.8174135,124.4609375,0.0,375360.6561933218,-409507.4067652313,10668.0,834.3499999999999,0.0,0.0,0.0,0.0,0.0,7318.521186108039
1088,0.54425,0.54425,10.814378,124.4645615,0.0,375697.4481577121,-409937.342542954,10668.0,833.4,0.0,0.0,0.0,0.0,0.0,7205.716379583562
1089,0.54475,0.54475,10.8044815,124.44396549999999,0.0,371153.05552338844,-410873.7163136006,10668.0,833.4,0.0,0.0,0.0,0.0,0.0,7364.870934728368
1090,0.54525,0.54525,10.801004,124.466267,0.0,375741.69798060803,-411755.215312152,10668.0,833.4,0.0,0.0,0.0,0.0,0.0,7233.042546124788
1091,0.54575,0.54575,10.7974555,124.46363099999999,0.0,375042.18827700696,-411817.206569382,10668.0,836.2,0.0,0.0,0.0,0.0,0.0,7204.141025646069
1092,0.54625,0.54625,10.8117005,124.4698145,0.0,375901.5940089045,-409901.2041418783,10672.0,842.7,0.0,0.0,0.0,0.0,0.0,7379.043491973223
1093,0.54675,0.54675,10.786537,124.47034049999999,0.0,376358.0592792439,-412944.83587803034,10668.0,838.05,0.0,0.0,0.0,0.0,0.0,7379.718302743291
1094,0.54725,0.54725,10.8077315,124.47542949999999,0.0,376837.8189541521,-410682.0715928183,10668.0,833.4,0.0,0.0,0.0,0.0,0.0,7379.672099436739
1095,0.54775,0.54775,10.788481,124.4306945,0.0,371309.5300206505,-412718.94307253615,10668.0,839.9,0.0,0.0,0.0,0.0,0.0,7397.172410208816
1096,0.54825,0.54825,10.792019,124.479774,0.0,377519.9961909848,-413166.8924532569,10668.0,840.8,0.0,0.0,0.0,0.0,0.0,7318.525548721269
1097,0.54875,0.54875,10.785432,124.4825405,0.0,377785.66729023855,-412814.3484513764,10668.0,836.2,0.0,0.0,0.0,0.0,0.0,7372.779974003019
1098,0.54925,0.54925,10.781871,124.483902,0.0,377724.221267305,-413807.9320908032,10668.0,837.1,0.0,0.0,0.0,0.0,0.0,7352.242482027165
1099,0.54975,0.54975,10.782592000000001,124.450783,0.0,373365.2070661591,-413822.2206586131,10668.0,839.0,0.0,0.0,0.0,0.0,0.0,7386.994937917208
1100,0.55025,0.55025,10.767114,124.482246,0.0,377570.79253608664,-415569.15096662217,10668.0,839.0,0.0,0.0,0.0,0.0,0.0,7318.9120886333985
1101,0.55075,0.55075,10.772976,124.49353049999999,0.0,379009.05557439185,-414202.9526133328,10668.0,837.1,0.0,0.0,0.0,0.0,0.0,7371.474699512467
1102,0.55125,0.55125,10.755432,124.50119,0.0,379835.580636748,-416256.0029772248,10668.0,833.4,0.0,0.0,0.0,0.0,0.0,7353.301851390384
1103,0.55175,0.55175,10.754517,124.489304,0.0,376295.6642649381,-416360.5263526443,10676.0,833.4,0.0,0.0,0.0,0.0,0.0,7292.8368040300065
1104,0.55225,0.55225,10.749331,124.483528,0.0,377021.3295557706,-417198.6036723642,10668.0,839.0,0.0,0.0,0.0,0.0,0.0,7286.639502397036
1105,0.55275,0.55275,10.741617,124.482563,0.0,375486.41373526794,-418021.1692783918,10672.0,837.1,0.0,0.0,0.0,0.0,0.0,7364.2714629396505
1106,0.55325,0.55325,10.759415,124.477608,0.0,375911.29184954934,-416015.7104088397,10668.0,840.8,0.0,0.0,0.0,0.0,0.0,7344.776939723964
1107,0.55375,0.55375,10.744885,124.5016825,0.0,379784.0251622796,-418256.0688853852,10668.0,844.5,0.0,0.0,0.0,0.0,0.0,7383.791883670222
1108,0.55425,0.55425,10.73604,124.481472,0.0,376818.8807780581,-418425.08540733997,10668.0,836.2,0.0,0.0,0.0,0.0,0.0,7327.774240110144
1109,0.55475,0.55475,10.728333,124.48777,0.0,378412.4162338124,-419248.4849764698,10668.0,839.0,0.0,0.0,0.0,0.0,0.0,7340.459542295836
1110,0.55525,0.55525,10.722936,124.4776,0.0,376400.9653721476,-420105.9102401504,10668.0,840.8,0.0,0.0,0.0,0.0,0.0,7373.665676797454
1111,0.55575,0.55575,10.719795000000001,124.518688,0.0,381776.395208437,-420373.3900056521,10668.0,835.3,0.0,0.0,0.0,0.0,0.0,7288.80077741393
1112,0.55625,0.55625,10.726044,124.516861,0.0,381345.8143011789,-419734.5186721703,10668.0,839.0,0.0,0.0,0.0,0.0,0.0,7339.347448159782
1113,0.55675,0.55675,10.719258,124.48307449999999,0.0,377127.8077248399,-421003.5881228756,10668.0,834.3499999999999,0.0,0.0,0.0,0.0,0.0,7295.659874988589
1114,0.55725,0.55725,10.708248000000001,124.505905,0.0,380351.3760623352,-421742.25704086677,10668.0,839.0,0.0,0.0,0.0,0.0,0.0,7338.391023136602
1115,0.55775,0.55775,10.697294,124.525486,0.0,382401.2629766874,-422687.3040277717,10668.0,837.1,0.0,0.0,0.0,0.0,0.0,7302.967616091242
1116,0.55825,0.55825,10.709762,124.510704,0.0,379122.4297695415,-421245.9933977848,10668.0,833.4,0.0,0.0,0.0,0.0,0.0,7282.197495548322
1117,0.55875,0.55875,10.693794,124.524109,0.0,382025.419495529,-423699.1792578968,10668.0,829.7,0.0,0.0,0.0,0.0,0.0,7256.050695653614
1118,0.55925,0.55925,10.689194,124.500542,0.0,379060.59970235353,-423545.9524373347,10668.0,835.3,0.0,0.0,0.0,0.0,0.0,7350.328276525972
1119,0.55975,0.55975,10.688141,124.499046,0.0,377651.76001505007,-423668.7118059128,10668.0,840.8,0.0,0.0,0.0,0.0,0.0,7426.958766233433
1120,0.56025,0.56025,10.689868,124.510994,0.0,379586.9092465621,-423878.3701296932,10668.0,840.8,0.0,0.0,0.0,0.0,0.0,7305.485790877102
1121,0.56075,0.56075,10.678024,124.520294,0.0,382027.59539527615,-425069.6586217752,10668.0,842.7,0.0,0.0,0.0,0.0,0.0,7341.852520486805
1122,0.56125,0.56125,10.673404,124.5019,0.0,379076.4866137097,-425297.83092641435,10668.0,835.3,0.0,0.0,0.0,0.0,0.0,7365.212156832285
1123,0.56175,0.56175,10.663834,124.542862,0.0,384281.13183461473,-426372.30898671097,10668.0,839.0,0.0,0.0,0.0,0.0,0.0,7262.139411630516
1124,0.56225,0.56225,10.6643025,124.50112899999999,0.0,378665.19593292923,-426460.9870631972,10668.0,840.8,0.0,0.0,0.0,0.0,0.0,7359.902796610494
1125,0.56275,0.56275,10.6602635,124.5468715,0.0,384757.66846936475,-427010.5131497113,10668.0,833.4,0.0,0.0,0.0,0.0,0.0,7394.1341864615815
1126,0.56325,0.56325,10.656783,124.5425565,0.0,384269.1916029911,-427588.0603964443,10668.0,839.9,0.0,0.0,0.0,0.0,0.0,7322.10900462857
1127,0.56375,0.56375,10.6707035,124.5291175,0.0,382347.91338318796,-425771.7999559099,10668.0,840.8,0.0,0.0,0.0,0.0,0.0,7367.630049232894
1128,0.56425,0.56425,10.649802,124.528534,0.0,382930.1972167173,-427903.7988267673,10668.0,839.0,0.0,0.0,0.0,0.0,0.0,7367.590400009746
1129,0.56475,0.56475,10.6316685,124.5539895,0.0,385595.036620838,-430127.36684619734,10668.0,834.3499999999999,0.0,0.0,0.0,0.0,0.0,7337.548503392537
1130,0.56525,0.56525,10.649048,124.55213900000001,0.0,385050.65892766556,-428092.4968779237,10668.0,829.7,0.0,0.0,0.0,0.0,0.0,7279.863013226217
1131,0.56575,0.56575,10.635837,124.560532,0.0,386099.8442372954,-429646.11453894654,10668.0,842.7,0.0,0.0,0.0,0.0,0.0,7395.275558356106
1132,0.56625,0.56625,10.642028,124.553833,0.0,385543.9388958891,-428869.97287891665,10668.0,829.7,0.0,0.0,0.0,0.0,0.0,7417.083537676746
1133,0.56675,0.56675,10.632066,124.538742,0.0,381456.18785470934,-430000.71564981143,10668.0,842.7,0.0,0.0,0.0,0.0,0.0,7353.221597987592
1134,0.56725,0.56725,10.634347,124.541771,0.0,383647.46185853553,-429683.4760859052,10668.0,839.0,0.0,0.0,0.0,0.0,0.0,7358.629622602582
1135,0.56775,0.56775,10.62664,124.55542349999999,0.0,385682.1789949819,-430849.134111993,10668.0,836.2,0.0,0.0,0.0,0.0,0.0,7301.638995428457
1136,0.56825,0.56825,10.611328,124.562119,0.0,386525.8243360123,-432407.5331614659,10676.0,839.0,0.0,0.0,0.0,0.0,0.0,7354.576137180911
1137,0.56875,0.56875,10.6183795,124.572506,0.0,387597.7169711668,-431703.66830358794,10676.0,839.0,0.0,0.0,0.0,0.0,0.0,7294.706524091116
1138,0.56925,0.56925,10.60702,124.535767,0.0,381883.8645400049,-433232.711851879,10668.0,833.4,0.0,0.0,0.0,0.0,0.0,7308.62076242149
1139,0.56975,0.56975,10.603843999999999,124.57848000000001,0.0,388105.71897094266,-433264.06886450516,10668.0,835.3,0.0,0.0,0.0,0.0,0.0,7276.164295201667
1140,0.57025,0.57025,10.617371,124.578804,0.0,388314.7593233471,-431507.40898697585,10668.0,837.1,0.0,0.0,0.0,0.0,0.0,7380.774457892894
1141,0.57075,0.57075,10.593106500000001,124.57956300000001,0.0,388255.25932814705,-434582.23094313353,10668.0,844.5,0.0,0.0,0.0,0.0,0.0,7411.691221894005
1142,0.57125,0.57125,10.60437,124.536919,0.0,383372.6226420861,-433155.87605143787,10668.0,835.3,0.0,0.0,0.0,0.0,0.0,7376.607368077289
1143,0.57175,0.57175,10.588912,124.586899,0.0,389287.53476685775,-434687.69947673485,10668.0,837.1,0.0,0.0,0.0,0.0,0.0,7408.413018349544
1144,0.57225,0.57225,10.5922525,124.5783195,0.0,387945.46613587264,-434375.85287422006,10668.0,838.05,0.0,0.0,0.0,0.0,0.0,7366.684434477014
1145,0.57275,0.57275,10.577736999999999,124.5735435,0.0,385734.9566538354,-436162.8134111132,10668.0,838.05,0.0,0.0,0.0,0.0,0.0,7331.091510399858
1146,0.57325,0.57325,10.582581,124.587997,0.0,388846.3301068622,-435557.9121746429,10668.0,840.8,0.0,0.0,0.0,0.0,0.0,7417.188440210146
1147,0.57375,0.57375,10.583176,124.571747,0.0,386107.738702643,-435557.80097956234,10668.0,840.8,0.0,0.0,0.0,0.0,0.0,7417.942755701672
1148,0.57425,0.57425,10.57338,124.599075,0.0,389353.0316966112,-436462.70654250303,10668.0,840.8,0.0,0.0,0.0,0.0,0.0,7423.241589880019
1149,0.57475,0.57475,10.561818,124.588623,0.0,389360.86165621446,-437897.12307751545,10668.0,842.7,0.0,0.0,0.0,0.0,0.0,7336.414656617197
1150,0.57525,0.57525,10.562164,124.58197,0.0,388190.1813471649,-437652.4939010019,10668.0,837.1,0.0,0.0,0.0,0.0,0.0,7296.786637442768
1151,0.57575,0.57575,10.565380000000001,124.60253549999999,0.0,390908.0735346277,-437532.2364217292,10672.0,839.0,0.0,0.0,0.0,0.0,0.0,7352.566113930014
1152,0.57625,0.57625,10.541153,124.56366,0.0,385105.47514120815,-440305.4973202936,10668.0,842.7,0.0,0.0,0.0,0.0,0.0,7376.521018642865
1153,0.57675,0.57675,10.544734,124.614037,0.0,392212.318872862,-439591.06892979314,10668.0,837.1,0.0,0.0,0.0,0.0,0.0,7335.983846535049
1154,0.57725,0.57725,10.559957,124.583633,0.0,387842.3061942322,-438295.0902696714,10668.0,837.1,0.0,0.0,0.0,0.0,0.0,7342.855036273721
1155,0.57775,0.57775,10.54506,124.616852,0.0,392510.810149455,-439674.5208375083,10668.0,839.9,0.0,0.0,0.0,0.0,0.0,7427.055261292038
1156,0.57825,0.57825,10.544222,124.592094,0.0,389016.98352600366,-439809.3448722915,10668.0,839.0,0.0,0.0,0.0,0.0,0.0,7407.383013028379
1157,0.57875,0.57875,10.530907500000001,124.587162,0.0,387995.7309005839,-441130.00884022505,10668.0,833.4,0.0,0.0,0.0,0.0,0.0,7319.850711434685
1158,0.57925,0.57925,10.533409500000001,124.590191,0.0,388193.2908544517,-440912.9560436093,10668.0,839.0,0.0,0.0,0.0,0.0,0.0,7412.69306270671
1159,0.57975,0.57975,10.5141955,124.61994150000001,0.0,392894.09541317384,-443042.8978054828,10668.0,842.7,0.0,0.0,0.0,0.0,0.0,7435.036588731331
1160,0.58025,0.58025,10.53035,124.608871,0.0,391619.6421386204,-441667.8594433148,10668.0,833.4,0.0,0.0,0.0,0.0,0.0,7423.802172862611
1161,0.58075,0.58075,10.507439000000002,124.61953349999999,0.0,392664.90127271164,-443964.8162156991,10668.0,844.5,0.0,0.0,0.0,0.0,0.0,7349.970450104546
1162,0.58125,0.58125,10.515247,124.5957565,0.0,388683.5667251552,-442860.0930935786,10668.0,834.3499999999999,0.0,0.0,0.0,0.0,0.0,7270.919139764268
1163,0.58175,0.58175,10.518814,124.60061250000001,0.0,388906.9380411843,-442692.0773273459,10668.0,842.7,0.0,0.0,0.0,0.0,0.0,7378.315704239912
1164,0.58225,0.58225,10.498712,124.6350175,0.0,394515.5518065607,-445187.2949277862,10668.0,841.75,0.0,0.0,0.0,0.0,0.0,7396.734371074981
1165,0.58275,0.58275,10.501602,124.630325,0.0,393824.13260325865,-444481.6509486242,10676.0,833.4,0.0,0.0,0.0,0.0,0.0,7253.041330941015
1166,0.58325,0.58325,10.487229,124.6152915,0.0,391384.79795398423,-446224.0778558838,10668.0,841.75,0.0,0.0,0.0,0.0,0.0,7419.794361640634
1167,0.58375,0.58375,10.486679,124.634254,0.0,394544.7923668282,-446541.0950296295,10668.0,835.3,0.0,0.0,0.0,0.0,0.0,7293.849574805516
1168,0.58425,0.58425,10.484821,124.6453625,0.0,395545.4658058025,-446396.4858277859,10668.0,837.1,0.0,0.0,0.0,0.0,0.0,7378.8044134310585
1169,0.58475,0.58475,10.482101499999999,124.632187,0.0,393228.56816231785,-446595.3582287836,10668.0,839.0,0.0,0.0,0.0,0.0,0.0,7309.521453795345
1170,0.58525,0.58525,10.485591,124.6317255,0.0,394167.7689731836,-446497.061777857,10668.0,838.05,0.0,0.0,0.0,0.0,0.0,7328.415331410525
1171,0.58575,0.58575,10.4937745,124.631573,0.0,393340.85333705903,-445509.98305062414,10668.0,837.1,0.0,0.0,0.0,0.0,0.0,7389.874266384006
1172,0.58625,0.58625,10.437385,124.620193,0.0,391548.3411982106,-454169.4111188907,10668.0,840.8,0.0,0.0,0.0,0.0,0.0,7385.0973454905
1173,0.58675,0.58675,10.462097,124.65217949999999,0.0,396430.8174020692,-448969.37319176947,10668.0,839.9,0.0,0.0,0.0,0.0,0.0,7334.077512276581
1174,0.58725,0.58725,10.463314,124.625916,0.0,391621.4889392656,-449032.30960718176,10668.0,835.3,0.0,0.0,0.0,0.0,0.0,7354.1197247946275
1175,0.58775,0.58775,10.4540005,124.6528435,0.0,395702.97836128174,-450401.9550079582,10668.0,840.8,0.0,0.0,0.0,0.0,0.0,7316.318877544137
1176,0.58825,0.58825,10.459778,124.6277465,0.0,392348.57430548454,-449266.0972633728,10668.0,836.2,0.0,0.0,0.0,0.0,0.0,7328.329193839314
1177,0.58875,0.58875,10.463686,124.62558,0.0,391594.48175667506,-449589.952934553,10668.0,837.1,0.0,0.0,0.0,0.0,0.0,7335.357861533147
1178,0.58925,0.58925,10.451583,124.65258,0.0,395712.5885340383,-450432.255667322,10668.0,842.7,0.0,0.0,0.0,0.0,0.0,7370.798042009113
1179,0.58975,0.58975,10.433487,124.662193,0.0,397465.2577881189,-452476.466022335,10676.0,833.4,0.0,0.0,0.0,0.0,0.0,7298.092225028766
1180,0.59025,0.59025,10.446648,124.648415,0.0,394330.5593353114,-450532.9984100135,10668.0,839.0,0.0,0.0,0.0,0.0,0.0,7357.85787794197
1181,0.59075,0.59075,10.42662,124.665367,0.0,397928.8416170462,-453164.5411788202,10668.0,842.7,0.0,0.0,0.0,0.0,0.0,7364.210041310565
1182,0.59125,0.59125,10.427307,124.67234,0.0,398641.7477853639,-452791.7040747975,10668.0,831.5,0.0,0.0,0.0,0.0,0.0,7319.4699444395155
1183,0.59175,0.59175,10.4228425,124.65012,0.0,395499.9329549486,-453398.8292128723,10668.0,840.8,0.0,0.0,0.0,0.0,0.0,7404.182092390885
1184,0.59225,0.59225,10.423697,124.668526,0.0,398239.11690150335,-453347.9018661251,10668.0,837.1,0.0,0.0,0.0,0.0,0.0,7302.861287550247
1185,0.59275,0.59275,10.419296,124.6584395,0.0,396355.0862557286,-453664.0850767694,10668.0,842.7,0.0,0.0,0.0,0.0,0.0,7390.979681506763
1186,0.59325,0.59325,10.4059295,124.6812365,0.0,399414.7958725584,-455061.64044268464,10672.0,840.8,0.0,0.0,0.0,0.0,0.0,7336.2930991341145
1187,0.59375,0.59375,10.400095499999999,124.68801500000001,0.0,400402.27334405296,-455825.16146110813,10668.0,834.3499999999999,0.0,0.0,0.0,0.0,0.0,7334.865711324215
1188,0.59425,0.59425,10.412636,124.6457635,0.0,394563.25602402235,-454340.31795720966,10668.0,840.8,0.0,0.0,0.0,0.0,0.0,7394.275273460509
1189,0.59475,0.59475,10.4009035,124.6796455,0.0,398760.92706962686,-455730.7568379899,10668.0,840.8,0.0,0.0,0.0,0.0,0.0,7401.351089802292
1190,0.59525,0.59525,10.399769500000001,124.686348,0.0,400206.8137861194,-455879.2022701014,10668.0,839.9,0.0,0.0,0.0,0.0,0.0,7336.625070140344
1191,0.59575,0.59575,10.391373,124.658554,0.0,395331.7974548046,-456741.79810501327,10668.0,839.0,0.0,0.0,0.0,0.0,0.0,7429.559548952221
1192,0.59625,0.59625,10.391297,124.7015,0.0,400983.8588575326,-457064.81981309166,10668.0,831.5,0.0,0.0,0.0,0.0,0.0,7326.742244389874
1193,0.59675,0.59675,10.377786,124.6837195,0.0,399194.9612075357,-458401.38467749883,10670.0,838.05,0.0,0.0,0.0,0.0,0.0,7328.002094470576
1194,0.59725,0.59725,10.369045,124.699669,0.0,401279.7239346864,-459393.3559882617,10676.0,837.1,0.0,0.0,0.0,0.0,0.0,7308.491043515862
1195,0.59775,0.59775,10.385193,124.700645,0.0,401761.86429694074,-457484.8036311336,10668.0,839.0,0.0,0.0,0.0,0.0,0.0,7239.587226864946
1196,0.59825,0.59825,10.366817999999999,124.697056,0.0,400888.5818669022,-460019.0507047359,10668.0,839.9,0.0,0.0,0.0,0.0,0.0,7319.855228202334
1197,0.59875,0.59875,10.359924,124.69487000000001,0.0,401115.9752877214,-460275.4665597548,10676.0,830.6,0.0,0.0,0.0,0.0,0.0,7293.137168461326
1198,0.59925,0.59925,10.3687455,124.689781,0.0,399946.89864703943,-459453.17894142773,10668.0,840.8,0.0,0.0,0.0,0.0,0.0,7385.2125589460275
1199,0.59975,0.59975,10.3597215,124.7124405,0.0,402842.01177589723,-460296.9828077798,10672.0,837.1,0.0,0.0,0.0,0.0,0.0,7350.630569127388
1200,0.60025,0.60025,10.349866,124.672897,0.0,397200.34033264656,-461439.2342694791,10676.0,840.8,0.0,0.0,0.0,0.0,0.0,7318.018428114894
1201,0.60075,0.60075,10.337022000000001,124.6990815,0.0,401152.7141755019,-462670.7197830653,10668.0,838.525,0.0,0.0,0.0,0.0,0.0,7359.5769991239695
1202,0.60125,0.60125,10.352241,124.698036,0.0,398638.1348152348,-461245.1988544713,10668.0,840.8,0.0,0.0,0.0,0.0,0.0,7299.052944901215
1203,0.60175,0.60175,10.341114,124.6904945,0.0,399056.6408730449,-462535.28417534067,10668.0,836.2,0.0,0.0,0.0,0.0,0.0,7230.466542603408
1204,0.60225,0.60225,10.335226,124.6892855,0.0,400148.7805197146,-463731.5764460334,10668.0,842.7,0.0,0.0,0.0,0.0,0.0,7288.531709626779
1205,0.60275,0.60275,10.328754,124.7014465,0.0,400975.5510604676,-464204.65591488685,10676.0,839.9,0.0,0.0,0.0,0.0,0.0,7290.81419431163
1206,0.60325,0.60325,10.337281,124.697193,0.0,399838.62897570507,-462956.8247245062,10672.0,840.8,0.0,0.0,0.0,0.0,0.0,7339.182688717114
1207,0.60375,0.60375,10.317353,124.721218,0.0,404053.06348004955,-465290.5870684474,10668.0,832.45,0.0,0.0,0.0,0.0,0.0,7300.302601648409
1208,0.60425,0.60425,10.292839,124.69648000000001,0.0,400027.747604235,-468925.3318511212,10676.0,842.7,0.0,0.0,0.0,0.0,0.0,7287.622746969486
1209,0.60475,0.60475,10.319160499999999,124.7337725,0.0,405248.20830623666,-464735.61242300214,10676.0,845.45,0.0,0.0,0.0,0.0,0.0,7321.6460873177975
1210,0.60525,0.60525,10.297096,124.7120205,0.0,402671.72776018427,-468838.8776762397,10668.0,835.3,0.0,0.0,0.0,0.0,0.0,7309.321190311654
1211,0.60575,0.60575,10.3054095,124.7338675,0.0,404452.4927053704,-466235.5784578122,10676.0,837.1,0.0,0.0,0.0,0.0,0.0,7219.544465125768
1212,0.60625,0.60625,10.307783,124.73053,0.0,404144.94674973586,-466349.2754273513,10668.0,842.7,0.0,0.0,0.0,0.0,0.0,7335.030422143659
1213,0.60675,0.60675,10.306665,124.717506,0.0,401809.3350745119,-466388.6384857538,10676.0,840.8,0.0,0.0,0.0,0.0,0.0,7297.949946252713
1214,0.60725,0.60725,10.295952,124.74793249999999,0.0,406934.1030410846,-467255.4041361739,10668.0,839.0,0.0,0.0,0.0,0.0,0.0,7380.915828218398
1215,0.60775,0.60775,10.297806,124.745163,0.0,406717.0040616597,-467555.6308528048,10668.0,839.0,0.0,0.0,0.0,0.0,0.0,7312.272980570295
1216,0.60825,0.60825,10.297536000000001,124.715187,0.0,402167.22637121327,-467375.05004250526,10668.0,837.1,0.0,0.0,0.0,0.0,0.0,7421.506240735008
1217,0.60875,0.60875,10.281807,124.757576,0.0,407760.3312947784,-469804.106570207,10668.0,837.1,0.0,0.0,0.0,0.0,0.0,7236.5115595014095
1218,0.60925,0.60925,10.289978,124.724155,0.0,402549.526440754,-467986.9565690304,10668.0,839.9,0.0,0.0,0.0,0.0,0.0,7382.959478788027
1219,0.60975,0.60975,10.286224,124.72448,0.0,403656.7969316002,-468702.2745201725,10668.0,829.7,0.0,0.0,0.0,0.0,0.0,7390.912815693228
1220,0.61025,0.61025,10.28096,124.767815,0.0,409134.3453976932,-469151.2802541557,10668.0,837.1,0.0,0.0,0.0,0.0,0.0,7342.399754135427
1221,0.61075,0.61075,10.261047,124.761688,0.0,407984.08280485694,-472026.006663433,10668.0,837.1,0.0,0.0,0.0,0.0,0.0,7443.911200598189
1222,0.61125,0.61125,10.2754585,124.759743,0.0,407060.9023018996,-469855.97907513584,10668.0,840.8,0.0,0.0,0.0,0.0,0.0,7352.73670365797
1223,0.61175,0.61175,10.245575,124.7630465,0.0,408476.52341843885,-472979.61567151593,10668.0,836.2,0.0,0.0,0.0,0.0,0.0,7333.205190641664
1224,0.61225,0.61225,10.253501499999999,124.769375,0.0,409292.83484489424,-472396.84225601214,10668.0,835.3,0.0,0.0,0.0,0.0,0.0,7398.736214188121
1225,0.61275,0.61275,10.253829,124.781647,0.0,410345.5292137439,-472726.0908885835,10668.0,837.1,0.0,0.0,0.0,0.0,0.0,7363.718246151532
1226,0.61325,0.61325,10.2563325,124.74084099999999,0.0,404680.53713675233,-471967.96283155144,10668.0,836.2,0.0,0.0,0.0,0.0,0.0,7324.870059279874
1227,0.61375,0.61375,10.253929,124.7783585,0.0,410359.6789726998,-471977.8035961519,10668.0,836.2,0.0,0.0,0.0,0.0,0.0,7389.169874420442
1228,0.61425,0.61425,10.243469,124.781738,0.0,410576.9683702757,-473590.29905215855,10668.0,837.1,0.0,0.0,0.0,0.0,0.0,7333.115217658468
1229,0.61475,0.61475,10.251268,124.776985,0.0,409410.5964424333,-472869.643737165,10668.0,837.1,0.0,0.0,0.0,0.0,0.0,7383.667183864929
1230,0.61525,0.61525,10.227081,124.746582,0.0,405397.4239946409,-474995.3600859896,10668.0,837.1,0.0,0.0,0.0,0.0,0.0,7361.275265638903
1231,0.61575,0.61575,10.2240255,124.77940749999999,0.0,410215.36057249166,-475705.22947820043,10672.0,835.3,0.0,0.0,0.0,0.0,0.0,7405.67715376846
1232,0.61625,0.61625,10.2322445,124.76709,0.0,408455.1726951531,-475045.2310794742,10668.0,836.2,0.0,0.0,0.0,0.0,0.0,7409.847663772272
1233,0.61675,0.61675,10.227013,124.772171,0.0,408754.87844848156,-474954.8294792444,10668.0,838.05,0.0,0.0,0.0,0.0,0.0,7371.881707535029
1234,0.61725,0.61725,10.21122,124.7961045,0.0,412244.3121431089,-476932.93435905885,10676.0,833.4,0.0,0.0,0.0,0.0,0.0,7318.211439645585
1235,0.61775,0.61775,10.207585,124.79135149999999,0.0,410818.4304990526,-477803.1470569663,10668.0,837.1,0.0,0.0,0.0,0.0,0.0,7389.267215302109
1236,0.61825,0.61825,10.198757,124.794418,0.0,411508.8418204114,-478104.5969194794,10668.0,840.8,0.0,0.0,0.0,0.0,0.0,7352.2170969461295
1237,0.61875,0.61875,10.1881865,124.7846065,0.0,410980.0709713224,-479452.00330420944,10668.0,836.2,0.0,0.0,0.0,0.0,0.0,7427.914329726501
1238,0.61925,0.61925,10.192383,124.805992,0.0,413374.6554865401,-479770.1880262975,10668.0,833.4,0.0,0.0,0.0,0.0,0.0,7360.482998200997
1239,0.61975,0.61975,10.196136,124.803932,0.0,413071.5350208323,-479199.6460696194,10668.0,837.1,0.0,0.0,0.0,0.0,0.0,7421.652771602062
1240,0.62025,0.62025,10.202634,124.777481,0.0,408543.20951422374,-478243.31278207095,10668.0,834.3499999999999,0.0,0.0,0.0,0.0,0.0,7325.887418609595
1241,0.62075,0.62075,10.1888355,124.7774775,0.0,409307.47063084797,-479727.87829826877,10668.0,835.3,0.0,0.0,0.0,0.0,0.0,7341.746178317831
1242,0.62125,0.62125,10.19643,124.808853,0.0,413717.2104421238,-478323.42883737886,10668.0,837.1,0.0,0.0,0.0,0.0,0.0,7289.325718512731
1243,0.62175,0.62175,10.179159,124.817116,0.0,414247.56835200253,-480232.203584668,10676.0,837.1,0.0,0.0,0.0,0.0,0.0,7435.804791505771
1244,0.62225,0.62225,10.173899,124.76889,0.0,408434.5674328082,-480845.3332570756,10668.0,837.1,0.0,0.0,0.0,0.0,0.0,7296.925462373566
1245,0.62275,0.62275,10.162079,124.812363,0.0,414064.4964661677,-482714.9673361224,10668.0,837.1,0.0,0.0,0.0,0.0,0.0,7433.955703177396
1246,0.62325,0.62325,10.171711,124.785965,0.0,409216.22414432524,-481223.2297372493,10668.0,833.4,0.0,0.0,0.0,0.0,0.0,7221.389518359095
1247,0.62375,0.62375,10.155716,124.803833,0.0,411176.677777642,-482885.09580887953,10668.0,835.3,0.0,0.0,0.0,0.0,0.0,7361.776862590809
1248,0.62425,0.62425,10.160156,124.813072,0.0,413942.6380526435,-482462.8880892331,10668.0,835.3,0.0,0.0,0.0,0.0,0.0,7391.03023945084
1249,0.62475,0.62475,10.1472015,124.8309175,0.0,415854.7565715647,-484279.92689532903,10668.0,833.4,0.0,0.0,0.0,0.0,0.0,7316.701409984368
1250,0.62525,0.62525,10.135818,124.824425,0.0,414973.1313598379,-485574.5712144879,10668.0,842.7,0.0,0.0,0.0,0.0,0.0,7382.560019079942
1251,0.62575,0.62575,10.129395,124.809944,0.0,412203.6522555755,-487330.2303362954,10668.0,838.05,0.0,0.0,0.0,0.0,0.0,7316.31306492122
1252,0.62625,0.62625,10.134143,124.838043,0.0,416803.5563144054,-485776.5014801922,10668.0,833.4,0.0,0.0,0.0,0.0,0.0,7289.59479815468
1253,0.62675,0.62675,10.136078,124.83448,0.0,414521.4313494679,-485294.6931975405,10668.0,839.0,0.0,0.0,0.0,0.0,0.0,7409.867383941368
1254,0.62725,0.62725,10.136098,124.80465699999999,0.0,412193.9545516167,-485380.758189641,10668.0,835.3,0.0,0.0,0.0,0.0,0.0,7298.792793228983
1255,0.62775,0.62775,10.130581,124.830269,0.0,415672.20106929366,-485788.06576853653,10668.0,837.1,0.0,0.0,0.0,0.0,0.0,7272.5503583564005
1256,0.62825,0.62825,10.138752,124.823494,0.0,414020.6264018049,-485407.11142365617,10668.0,831.5,0.0,0.0,0.0,0.0,0.0,7314.552972770569
1257,0.62875,0.62875,10.12176,124.839828,0.0,417136.9498846299,-486945.1617734468,10668.0,835.3,0.0,0.0,0.0,0.0,0.0,7325.939743752847
1258,0.62925,0.62925,10.115894,124.842583,0.0,415683.9887947608,-487290.2001074113,10676.0,835.3,0.0,0.0,0.0,0.0,0.0,7382.804141136959
1259,0.62975,0.62975,10.102478,124.839417,0.0,417158.8364879673,-489465.39826693974,10668.0,840.8,0.0,0.0,0.0,0.0,0.0,7368.641771869462
1260,0.63025,0.63025,10.113556,124.816666,0.0,412816.8659246322,-487993.39779480814,10668.0,837.1,0.0,0.0,0.0,0.0,0.0,7290.340268600315
1261,0.63075,0.63075,10.103799500000001,124.846733,0.0,417682.9439150991,-488791.3336905639,10668.0,838.05,0.0,0.0,0.0,0.0,0.0,7360.888048858352
1262,0.63125,0.63125,10.1011955,124.8470495,0.0,416915.66388609,-489368.7697422167,10668.0,837.1,0.0,0.0,0.0,0.0,0.0,7286.889522463129
1263,0.63175,0.63175,10.087916,124.856499,0.0,418821.8981915524,-491112.64218551945,10676.0,839.0,0.0,0.0,0.0,0.0,0.0,7317.34064308378
1264,0.63225,0.63225,10.08517,124.862038,0.0,418914.24403303664,-491280.213171431,10668.0,839.0,0.0,0.0,0.0,0.0,0.0,7359.799674859125
1265,0.63275,0.63275,10.079165,124.854034,0.0,418489.2460612452,-492274.8531641202,10668.0,835.3,0.0,0.0,0.0,0.0,0.0,7300.963897549048
1266,0.63325,0.63325,10.076247,124.82973100000001,0.0,414112.94273882546,-491934.92980384605,10668.0,839.0,0.0,0.0,0.0,0.0,0.0,7363.587721743113
1267,0.63375,0.63375,10.075579000000001,124.871685,0.0,420575.2471359088,-492265.29038722,10668.0,842.7,0.0,0.0,0.0,0.0,0.0,7397.114586778023
1268,0.63425,0.63425,10.086706,124.829788,0.0,414896.11024457536,-490759.4866106976,10676.0,837.1,0.0,0.0,0.0,0.0,0.0,7286.860937186744
1269,0.63475,0.63475,10.074845,124.8307155,0.0,414554.36995461455,-491850.14355516806,10668.0,832.45,0.0,0.0,0.0,0.0,0.0,7329.95616262571
1270,0.63525,0.63525,10.077139500000001,124.86308700000001,0.0,419274.1935348882,-491630.1996864662,10660.0,840.8,0.0,0.0,0.0,0.0,0.0,7423.978172195655
1271,0.63575,0.63575,10.057846,124.870232,0.0,419468.5533724277,-494085.22026540246,10668.0,837.1,0.0,0.0,0.0,0.0,0.0,7293.094749105973
1272,0.63625,0.63625,10.059752,124.879082,0.0,421367.3620289669,-493516.1238447668,10676.0,829.7,0.0,0.0,0.0,0.0,0.0,7264.576466541557
1273,0.63675,0.63675,10.059769,124.8754385,0.0,420832.2011272763,-493565.3276677701,10668.0,839.0,0.0,0.0,0.0,0.0,0.0,7444.1605571268665
1274,0.63725,0.63725,10.0444605,124.84830099999999,0.0,416652.4417600401,-495495.5630655441,10668.0,838.05,0.0,0.0,0.0,0.0,0.0,7400.665145952376
1275,0.63775,0.63775,10.042145,124.844673,0.0,416195.2808371386,-496268.3132756271,10668.0,839.0,0.0,0.0,0.0,0.0,0.0,7433.61925604512
1276,0.63825,0.63825,10.048905,124.880692,0.0,421060.7747038978,-495022.03881636955,10668.0,837.1,0.0,0.0,0.0,0.0,0.0,7380.084762776988
1277,0.63875,0.63875,10.036377,124.895515,0.0,422678.5611832103,-496126.87313357,10668.0,831.5,0.0,0.0,0.0,0.0,0.0,7379.689727683664
1278,0.63925,0.63925,10.023788499999998,124.88789,0.0,421975.02411496884,-497865.8529933423,10676.0,842.7,0.0,0.0,0.0,0.0,0.0,7299.41419090752
1279,0.63975,0.63975,10.019715,124.891396,0.0,421883.7299375632,-498205.05358559475,10668.0,837.1,0.0,0.0,0.0,0.0,0.0,7354.142255206709
1280,0.64025,0.64025,10.023351,124.891346,0.0,422113.6800253644,-497704.731322084,10668.0,839.0,0.0,0.0,0.0,0.0,0.0,7377.384958056142
1281,0.64075,0.64075,10.02182,124.902382,0.0,423966.6565164612,-498110.2597796956,10668.0,840.8,0.0,0.0,0.0,0.0,0.0,7350.2563548369235
1282,0.64125,0.64125,10.020081,124.892296,0.0,421810.5156726204,-498266.60006250406,10668.0,837.1,0.0,0.0,0.0,0.0,0.0,7348.428569792006
1283,0.64175,0.64175,10.0120465,124.864571,0.0,419310.66212814755,-499207.42163636,10668.0,841.75,0.0,0.0,0.0,0.0,0.0,7416.912245956042
1284,0.64225,0.64225,10.0153885,124.906948,0.0,424162.13646232954,-498683.41482075944,10668.0,834.3499999999999,0.0,0.0,0.0,0.0,0.0,7323.818355756582
1285,0.64275,0.64275,10.011932,124.87899,0.0,420891.2534142505,-498834.80692249746,10668.0,835.3,0.0,0.0,0.0,0.0,0.0,7295.408810401433
1286,0.64325,0.64325,9.99551,124.901886,0.0,423831.2777732149,-500915.71165398776,10668.0,831.5,0.0,0.0,0.0,0.0,0.0,7361.24754885274
1287,0.64375,0.64375,9.9993665,124.8965415,0.0,421411.75221964176,-500236.8656891618,10668.0,837.1,0.0,0.0,0.0,0.0,0.0,7336.491873477764
1288,0.64425,0.64425,9.985641,124.880524,0.0,420215.0157360215,-501754.2337540288,10668.0,842.7,0.0,0.0,0.0,0.0,0.0,7406.039106241409
1289,0.64475,0.64475,9.979111,124.908035,0.0,424591.1286451726,-502874.8577726221,10668.0,839.0,0.0,0.0,0.0,0.0,0.0,7313.300078556855
1290,0.64525,0.64525,9.977188,124.894157,0.0,421641.1909305296,-502955.251815631,10668.0,839.0,0.0,0.0,0.0,0.0,0.0,7358.482811149086
1291,0.64575,0.64575,9.984989,124.915215,0.0,425222.2686238144,-501935.4817348092,10668.0,831.5,0.0,0.0,0.0,0.0,0.0,7320.202572094533
1292,0.64625,0.64625,9.971329,124.926437,0.0,426131.8656170143,-504303.6033585431,10676.0,842.7,0.0,0.0,0.0,0.0,0.0,7340.1053397077585
1293,0.64675,0.64675,9.957640000000001,124.922318,0.0,425011.5856168765,-505088.1958446709,10668.0,839.9,0.0,0.0,0.0,0.0,0.0,7418.3679536114705
1294,0.64725,0.64725,9.96666,124.907845,0.0,423812.503544338,-503976.4674324959,10668.0,839.0,0.0,0.0,0.0,0.0,0.0,7311.835106408053
1295,0.64775,0.64775,9.969111,124.889076,0.0,421838.2696256387,-503721.2747233599,10668.0,842.7,0.0,0.0,0.0,0.0,0.0,7426.220029785659
1296,0.64825,0.64825,9.957058,124.931313,0.0,427085.7790099164,-505592.6879236902,10668.0,839.0,0.0,0.0,0.0,0.0,0.0,7377.093075328341
1297,0.64875,0.64875,9.960892,124.90049,0.0,422436.6197559861,-504515.3187913076,10668.0,837.1,0.0,0.0,0.0,0.0,0.0,7319.989848187908
1298,0.64925,0.64925,9.951508,124.92572,0.0,426211.5979317955,-505828.5326888658,10668.0,839.0,0.0,0.0,0.0,0.0,0.0,7313.970742877305
1299,0.64975,0.64975,9.949516,124.9390755,0.0,427763.0321977533,-505818.1915464041,10668.0,831.5,0.0,0.0,0.0,0.0,0.0,7321.817535414471
1300,0.65025,0.65025,9.943139500000001,124.9241485,0.0,424814.04405258235,-506487.58592940983,10668.0,831.5,0.0,0.0,0.0,0.0,0.0,7298.825758235503
1301,0.65075,0.65075,9.932944,124.938843,0.0,427980.5104962186,-507613.880897095,10668.0,833.4,0.0,0.0,0.0,0.0,0.0,7450.436942432389
1302,0.65125,0.65125,9.93425,124.945908,0.0,428764.8671274358,-507473.88629108114,10668.0,842.7,0.0,0.0,0.0,0.0,0.0,7323.809724586668
1303,0.65175,0.65175,9.921799,124.912453,0.0,423172.0213360197,-509597.3787383011,10668.0,844.5,0.0,0.0,0.0,0.0,0.0,7406.644774691533
1304,0.65225,0.65225,9.930038,124.940948,0.0,426828.1457615076,-508443.729780878,10668.0,835.3,0.0,0.0,0.0,0.0,0.0,7339.022976477282
1305,0.65275,0.65275,9.921329,124.94511399999999,0.0,428700.21156794217,-508993.08907477197,10668.0,837.1,0.0,0.0,0.0,0.0,0.0,7417.33779123846
1306,0.65325,0.65325,9.908411,124.960106,0.0,429838.07681490167,-510546.6511382548,10668.0,840.8,0.0,0.0,0.0,0.0,0.0,7392.070253962395
1307,0.65375,0.65375,9.906619,124.9302635,0.0,426753.6723256496,-510663.90635036095,10668.0,844.55,0.0,0.0,0.0,0.0,0.0,7369.77758732417
1308,0.65425,0.65425,9.909621,124.93605,0.0,425778.64466380986,-510200.6120485679,10668.0,833.4,0.0,0.0,0.0,0.0,0.0,7327.747211053715
1309,0.65475,0.65475,9.909354,124.93614600000001,0.0,426433.0530936459,-510881.51512237784,10668.0,843.6,0.0,0.0,0.0,0.0,0.0,7328.67821494576
1310,0.65525,0.65525,9.9048035,124.956028,0.0,428338.49066183297,-511119.8617768585,10668.0,834.3499999999999,0.0,0.0,0.0,0.0,0.0,7278.285090747738
1311,0.65575,0.65575,9.899872,124.951248,0.0,429375.90191155055,-511403.74281669466,10668.0,835.3,0.0,0.0,0.0,0.0,0.0,7419.249561204828
1312,0.65625,0.65625,9.887463,124.936615,0.0,426764.67280798126,-513124.8202685491,10668.0,837.1,0.0,0.0,0.0,0.0,0.0,7320.131861430652
1313,0.65675,0.65675,9.89713,124.9576605,0.0,428639.55451122683,-511724.0402453074,10668.0,831.5,0.0,0.0,0.0,0.0,0.0,7318.987921477846
1314,0.65725,0.65725,9.879409,124.958076,0.0,428667.8101244912,-513948.2198376788,10668.0,833.4,0.0,0.0,0.0,0.0,0.0,7329.301151327153
1315,0.65775,0.65775,9.8702085,124.975975,0.0,431607.9004368258,-514803.1988095942,10668.0,837.1,0.0,0.0,0.0,0.0,0.0,7247.222015398497
1316,0.65825,0.65825,9.871287500000001,124.9826965,0.0,432664.6782842558,-514466.944886968,10668.0,839.0,0.0,0.0,0.0,0.0,0.0,7264.158063515812
1317,0.65875,0.65875,9.855995,124.965267,0.0,429623.33702773653,-517153.1400377095,10668.0,837.15,0.0,0.0,0.0,0.0,0.0,7300.954862198598
1318,0.65925,0.65925,9.866089,124.948265,0.0,428652.70191928936,-515062.8393219393,10676.0,833.4,0.0,0.0,0.0,0.0,0.0,7311.220130667408
1319,0.65975,0.65975,9.8548965,124.9658015,0.0,431104.3416399391,-516361.6534566074,10668.0,839.9,0.0,0.0,0.0,0.0,0.0,7372.669694934906
1320,0.66025,0.66025,9.852356,124.947884,0.0,429026.4788891823,-516852.1905530576,10668.0,839.0,0.0,0.0,0.0,0.0,0.0,7422.1268616479265
1321,0.66075,0.66075,9.857157,124.989876,0.0,433373.63559965807,-516651.0386529152,10668.0,833.4,0.0,0.0,0.0,0.0,0.0,7262.504876146876
1322,0.66125,0.66125,9.851338,124.974136,0.0,429412.9703288522,-516814.1618356178,10668.0,839.0,0.0,0.0,0.0,0.0,0.0,7385.950202958562
1323,0.66175,0.66175,9.837583500000001,124.973892,0.0,429994.8948497309,-519270.1275727356,10668.0,842.7,0.0,0.0,0.0,0.0,0.0,7403.761478787685
1324,0.66225,0.66225,9.85306,124.9750365,0.0,430178.3818487159,-516760.95498972613,10668.0,832.45,0.0,0.0,0.0,0.0,0.0,7399.356942780196
1325,0.66275,0.66275,9.844868,124.985443,0.0,431975.8162534005,-517738.97131792,10668.0,835.3,0.0,0.0,0.0,0.0,0.0,7397.39648725702
1326,0.66325,0.66325,9.832114,124.968624,0.0,430447.1675883788,-518824.4020936196,10672.0,830.6,0.0,0.0,0.0,0.0,0.0,7315.158580574505
1327,0.66375,0.66375,9.8194885,124.972111,0.0,431150.54698177153,-520237.357978147,10668.0,839.9,0.0,0.0,0.0,0.0,0.0,7404.922493048276
1328,0.66425,0.66425,9.827153,125.00168249999999,0.0,434717.3325969104,-519408.0650697656,10668.0,835.3,0.0,0.0,0.0,0.0,0.0,7340.599365110738
1329,0.66475,0.66475,9.819466,124.984825,0.0,431748.98139505985,-520695.3149160892,10668.0,838.05,0.0,0.0,0.0,0.0,0.0,7410.535405626957
1330,0.66525,0.66525,9.80858,125.0159645,0.0,436504.5401263278,-521784.63751959684,10668.0,840.8,0.0,0.0,0.0,0.0,0.0,7358.520163957089
1331,0.66575,0.66575,9.8055265,125.008953,0.0,435750.88622511644,-522040.2750090537,10676.0,836.2,0.0,0.0,0.0,0.0,0.0,7299.373248037988
1332,0.66625,0.66625,9.803063,124.980042,0.0,431024.20207030856,-522764.9889444757,10668.0,842.7,0.0,0.0,0.0,0.0,0.0,7386.397538030817
1333,0.66675,0.66675,9.797818,124.9934925,0.0,433431.6460853965,-522747.030939018,10668.0,839.0,0.0,0.0,0.0,0.0,0.0,7427.053065896708
1334,0.66725,0.66725,9.7988,124.98727450000001,0.0,431158.66039366485,-522893.08567690477,10668.0,838.05,0.0,0.0,0.0,0.0,0.0,7387.474617213032
1335,0.66775,0.66775,9.789597,125.001556,0.0,433516.03209560947,-523535.2372652534,10668.0,837.1,0.0,0.0,0.0,0.0,0.0,7371.700125305679
1336,0.66825,0.66825,9.791519,125.020271,0.0,436566.03567528614,-523704.5873724494,10668.0,835.3,0.0,0.0,0.0,0.0,0.0,7388.053195601608
1337,0.66875,0.66875,9.795364,125.007553,0.0,433660.81230850355,-522913.1007913469,10668.0,839.0,0.0,0.0,0.0,0.0,0.0,7383.018699590287
1338,0.66925,0.66925,9.77881,124.990242,0.0,432307.2104401672,-525073.8435904448,10668.0,839.0,0.0,0.0,0.0,0.0,0.0,7316.632998054675
1339,0.66975,0.66975,9.786119,125.021385,0.0,437010.78713332146,-524038.95097871136,10668.0,831.5,0.0,0.0,0.0,0.0,0.0,7267.845134834476
1340,0.67025,0.67025,9.7741475,125.00342950000001,0.0,433785.4517452601,-525396.1981280418,10672.0,837.1,0.0,0.0,0.0,0.0,0.0,7289.641396968662
1341,0.67075,0.67075,9.757628,125.009842,0.0,434738.25161375775,-527655.2373780664,10668.0,839.0,0.0,0.0,0.0,0.0,0.0,7356.461428535663
1342,0.67125,0.67125,9.7594145,125.02623750000001,0.0,435334.4599429788,-527253.767540883,10668.0,839.9,0.0,0.0,0.0,0.0,0.0,7293.3155162764415
1343,0.67175,0.67175,9.767441,125.032608,0.0,438313.2757864273,-526047.2453228094,10668.0,835.3,0.0,0.0,0.0,0.0,0.0,7370.55888137115
1344,0.67225,0.67225,9.748910500000001,125.0475955,0.0,439927.77622047433,-528355.3772007568,10668.0,842.7,0.0,0.0,0.0,0.0,0.0,7340.798021991939
1345,0.67275,0.67275,9.7519225,125.0319405,0.0,437141.4637489257,-527875.9596123297,10668.0,833.4,0.0,0.0,0.0,0.0,0.0,7319.27281584408
1346,0.67325,0.67325,9.731781,125.024506,0.0,436773.8733886436,-530854.6534216258,10668.0,837.1,0.0,0.0,0.0,0.0,0.0,7316.557140932036
1347,0.67375,0.67375,9.741434000000002,125.017731,0.0,436126.99488576764,-529375.3696717389,10668.0,844.5,0.0,0.0,0.0,0.0,0.0,7355.582008372167
1348,0.67425,0.67425,9.739613,125.031044,0.0,437431.32202652737,-529109.7802226013,10668.0,831.5,0.0,0.0,0.0,0.0,0.0,7285.534614419762
1349,0.67475,0.67475,9.736866,125.029396,0.0,436634.70863800263,-529500.5197345418,10668.0,837.1,0.0,0.0,0.0,0.0,0.0,7348.0449307727295
1350,0.67525,0.67525,9.73288,125.047379,0.0,439557.9033520367,-530081.1804435214,10668.0,839.0,0.0,0.0,0.0,0.0,0.0,7378.526655224824
1351,0.67575,0.67575,9.743488,125.0312615,0.0,436295.2431472834,-529119.2318044209,10668.0,842.7,0.0,0.0,0.0,0.0,0.0,7338.469558645969
1352,0.67625,0.67625,9.731234,125.027489,0.0,436108.6924154767,-530283.6666846264,10668.0,833.4,0.0,0.0,0.0,0.0,0.0,7339.36568697941
1353,0.67675,0.67675,9.727867499999999,125.0625535,0.0,441433.18909963185,-530501.7202369645,10676.0,831.55,0.0,0.0,0.0,0.0,0.0,7247.806033691659
1354,0.67725,0.67725,9.718757,125.04209900000001,0.0,438180.0632443032,-531704.1282370697,10668.0,837.1,0.0,0.0,0.0,0.0,0.0,7378.260011460407
1355,0.67775,0.67775,9.707398,125.042831,0.0,439291.58227528015,-533354.7636055963,10668.0,839.0,0.0,0.0,0.0,0.0,0.0,7349.825254548778
1356,0.67825,0.67825,9.7066535,125.0598795,0.0,438992.9287885737,-532776.8271760829,10668.0,840.8,0.0,0.0,0.0,0.0,0.0,7287.5408855081205
1357,0.67875,0.67875,9.703649500000001,125.0737685,0.0,442685.4333379052,-533756.1222476994,10668.0,839.9,0.0,0.0,0.0,0.0,0.0,7401.262915802083
1358,0.67925,0.67925,9.693339,125.050858,0.0,440613.1157058057,-534761.0477853102,10668.0,835.3,0.0,0.0,0.0,0.0,0.0,7293.388795984433
1359,0.67975,0.67975,9.685906,125.07587799999999,0.0,442958.0847845197,-535244.1904089246,10668.0,835.3,0.0,0.0,0.0,0.0,0.0,7254.612330405278
1360,0.68025,0.68025,9.682617,125.05851,0.0,439163.7352138298,-536320.3363954248,10668.0,835.3,0.0,0.0,0.0,0.0,0.0,7323.744162038694
1361,0.68075,0.68075,9.681931,125.059372,0.0,440664.7968667332,-535779.92830549,10668.0,844.5,0.0,0.0,0.0,0.0,0.0,7419.596809879696
1362,0.68125,0.68125,9.686031499999999,125.072407,0.0,441330.07751330733,-535071.2264616217,10668.0,839.0,0.0,0.0,0.0,0.0,0.0,7398.874778891737
1363,0.68175,0.68175,9.670342999999999,125.0642395,0.0,440935.0529990916,-536827.1079735891,10668.0,831.55,0.0,0.0,0.0,0.0,0.0,7361.052510052844
1364,0.68225,0.68225,9.6849765,125.0555115,0.0,439580.42607160984,-535204.4381677413,10676.0,839.9,0.0,0.0,0.0,0.0,0.0,7397.707896434682
1365,0.68275,0.68275,9.6724845,125.0753095,0.0,440782.2026216474,-536614.614175263,10668.0,842.65,0.0,0.0,0.0,0.0,0.0,7423.137632382903
1366,0.68325,0.68325,9.6717225,125.06725349999999,0.0,440211.08883453486,-536678.2177611565,10668.0,833.4,0.0,0.0,0.0,0.0,0.0,7338.719797969343
1367,0.68375,0.68375,9.671134,125.088097,0.0,444137.7225411473,-536911.8942222671,10668.0,837.1,0.0,0.0,0.0,0.0,0.0,7321.323684094689
1368,0.68425,0.68425,9.649507499999999,125.0941315,0.0,445097.4208330824,-540534.4631436553,10668.0,835.3,0.0,0.0,0.0,0.0,0.0,7354.660644100881
1369,0.68475,0.68475,9.652653,125.073105,0.0,442144.2130593344,-538818.4450679511,10676.0,839.0,0.0,0.0,0.0,0.0,0.0,7403.886528786212
1370,0.68525,0.68525,9.6453555,125.0989185,0.0,445358.5589941441,-540072.947963146,10668.0,842.7,0.0,0.0,0.0,0.0,0.0,7326.4654988914135
1371,0.68575,0.68575,9.6468685,125.08316049999999,0.0,443500.0106324119,-539513.3587218709,10668.0,839.9,0.0,0.0,0.0,0.0,0.0,7319.357934734773
1372,0.68625,0.68625,9.637617,125.110909,0.0,446767.1622091341,-540558.6480736062,10668.0,831.5,0.0,0.0,0.0,0.0,0.0,7285.75421555718
1373,0.68675,0.68675,9.625946,125.089958,0.0,444629.33135843533,-542103.1477380497,10668.0,837.1,0.0,0.0,0.0,0.0,0.0,7310.443218033622
1374,0.68725,0.68725,9.620605999999999,125.0894735,0.0,443588.47550493164,-543907.3991099192,10668.0,837.1,0.0,0.0,0.0,0.0,0.0,7306.26702017414
1375,0.68775,0.68775,9.6270135,125.10754750000001,0.0,446611.49827736407,-541682.8303347673,10668.0,841.75,0.0,0.0,0.0,0.0,0.0,7284.241636624431
1376,0.68825,0.68825,9.620579,125.092194,0.0,444556.9828346482,-542470.4250880614,10668.0,846.4,0.0,0.0,0.0,0.0,0.0,7375.134830368616
1377,0.68875,0.68875,9.629883,125.102501,0.0,446123.1118659084,-541306.3237930967,10668.0,829.7,0.0,0.0,0.0,0.0,0.0,7212.672916393311
1378,0.68925,0.68925,9.613861,125.101555,0.0,444007.151552089,-543494.8653622528,10676.0,839.0,0.0,0.0,0.0,0.0,0.0,7212.306362933921
1379,0.68975,0.68975,9.623564,125.0958485,0.0,443167.7671704741,-542209.1722470524,10668.0,833.4,0.0,0.0,0.0,0.0,0.0,7242.893348313375
1380,0.69025,0.69025,9.613037,125.107513,0.0,446061.5046476128,-543601.1678589563,10668.0,833.4,0.0,0.0,0.0,0.0,0.0,7271.630069755825
1381,0.69075,0.69075,9.612031,125.115307,0.0,447111.6142266869,-543309.3919684233,10668.0,839.0,0.0,0.0,0.0,0.0,0.0,7313.330823483517
1382,0.69125,0.69125,9.5937015,125.104206,0.0,445842.8429276263,-546017.0477696501,10668.0,839.9,0.0,0.0,0.0,0.0,0.0,7388.336011958041
1383,0.69175,0.69175,9.59544,125.120262,0.0,448032.1948419008,-545308.2347307014,10668.0,837.1,0.0,0.0,0.0,0.0,0.0,7396.939638118804
1384,0.69225,0.69225,9.585525,125.1185,0.0,447023.3271813274,-546540.4986098493,10668.0,840.8,0.0,0.0,0.0,0.0,0.0,7400.639468166836
1385,0.69275,0.69275,9.581199,125.112072,0.0,446453.36842637917,-547208.892237133,10668.0,836.2,0.0,0.0,0.0,0.0,0.0,7249.076424644378
1386,0.69325,0.69325,9.583057,125.140434,0.0,450202.7749321265,-546642.2421082628,10676.0,831.5,0.0,0.0,0.0,0.0,0.0,7262.926004197452
1387,0.69375,0.69375,9.557971,125.117889,0.0,447246.76452402846,-549503.1803275916,10668.0,833.4,0.0,0.0,0.0,0.0,0.0,7353.1554651433635
1388,0.69425,0.69425,9.56337,125.107994,0.0,446161.93030937226,-548905.9515516572,10668.0,842.7,0.0,0.0,0.0,0.0,0.0,7286.896295461336
1389,0.69475,0.69475,9.563965,125.10453,0.0,446046.72649965534,-550110.7502459877,10668.0,837.1,0.0,0.0,0.0,0.0,0.0,7299.180011080032
1390,0.69525,0.69525,9.5617515,125.14638500000001,0.0,450856.24683870457,-549054.0633985281,10668.0,837.1,0.0,0.0,0.0,0.0,0.0,7326.855809498202
1391,0.69575,0.69575,9.550461,125.110817,0.0,445926.72238492663,-550726.9377831016,10668.0,838.05,0.0,0.0,0.0,0.0,0.0,7268.300437985245
1392,0.69625,0.69625,9.55632,125.119522,0.0,446431.9065938321,-549864.6755334308,10668.0,827.8,0.0,0.0,0.0,0.0,0.0,7226.659081728129
1393,0.69675,0.69675,9.560212,125.1420745,0.0,448156.77468723746,-549313.7039108737,10668.0,837.1,0.0,0.0,0.0,0.0,0.0,7278.553782419067
1394,0.69725,0.69725,9.556641,125.130775,0.0,447451.6204320747,-549503.0691325114,10668.0,835.3,0.0,0.0,0.0,0.0,0.0,7315.260343226502
1395,0.69775,0.69775,9.551042500000001,125.1531715,0.0,450409.4946240506,-550122.5925220326,10668.0,840.8,0.0,0.0,0.0,0.0,0.0,7377.251755092833
1396,0.69825,0.69825,9.541763,125.126831,0.0,447336.73822549137,-551500.243968586,10668.0,840.8,0.0,0.0,0.0,0.0,0.0,7380.389427809192
1397,0.69875,0.69875,9.526009,125.1311115,0.0,447764.5514024847,-553595.6040605064,10668.0,839.0,0.0,0.0,0.0,0.0,0.0,7363.367884532614
1398,0.69925,0.69925,9.5300905,125.1515465,0.0,451666.1490095546,-552905.916575358,10676.0,835.3,0.0,0.0,0.0,0.0,0.0,7305.253437204357
1399,0.69975,0.69975,9.521027,125.147537,0.0,449104.3387818731,-553715.8059422389,10668.0,835.3,0.0,0.0,0.0,0.0,0.0,7321.562775084771
1400,0.70025,0.70025,9.521376,125.151802,0.0,451144.6989924924,-553555.0178562214,10668.0,835.3,0.0,0.0,0.0,0.0,0.0,7301.600770473007
1401,0.70075,0.70075,9.5102265,125.13515849999999,0.0,449750.8019935448,-554774.1607159018,10668.0,838.05,0.0,0.0,0.0,0.0,0.0,7293.666247454254
1402,0.70125,0.70125,9.513382,125.146896,0.0,450140.308813671,-554533.312172116,10668.0,837.1,0.0,0.0,0.0,0.0,0.0,7355.964366636968
1403,0.70175,0.70175,9.503639,125.130775,0.0,448088.86740669,-555800.4913064572,10668.0,839.0,0.0,0.0,0.0,0.0,0.0,7311.922298308936
1404,0.70225,0.70225,9.500334500000001,125.1699525,0.0,453487.20201149245,-556627.8383009346,10668.0,837.1,0.0,0.0,0.0,0.0,0.0,7255.481503353274
1405,0.70275,0.70275,9.499329,125.162125,0.0,452372.4685101669,-555957.4987597469,10668.0,839.0,0.0,0.0,0.0,0.0,0.0,7331.517815949138
1406,0.70325,0.70325,9.513834,125.131508,0.0,448356.1458966078,-554216.23940083,10668.0,834.3499999999999,0.0,0.0,0.0,0.0,0.0,7309.350205854012
1407,0.70375,0.70375,9.50187,125.161789,0.0,450653.9610114592,-555743.8930106185,10668.0,835.3,0.0,0.0,0.0,0.0,0.0,7200.9240761451565
1408,0.70425,0.70425,9.4987745,125.1687355,0.0,451539.30126962054,-556018.878444036,10668.0,835.3,0.0,0.0,0.0,0.0,0.0,7272.799054439425
1409,0.70475,0.70475,9.484506499999998,125.1857455,0.0,455263.4779735635,-557793.1071442423,10668.0,842.7,0.0,0.0,0.0,0.0,0.0,7399.116551607739
1410,0.70525,0.70525,9.480743,125.122963,0.0,448306.18629118166,-558125.914019381,10668.0,840.8,0.0,0.0,0.0,0.0,0.0,7280.107701356934
1411,0.70575,0.70575,9.460439000000001,125.172844,0.0,453862.7436745127,-560973.0084512207,10676.0,838.05,0.0,0.0,0.0,0.0,0.0,7255.034546013331
1412,0.70625,0.70625,9.4762115,125.1791685,0.0,453599.9733371243,-559149.6871230913,10668.0,838.05,0.0,0.0,0.0,0.0,0.0,7284.2672399221265
1413,0.70675,0.70675,9.462341,125.17789049999999,0.0,453502.75582983484,-560995.469857428,10668.0,837.1,0.0,0.0,0.0,0.0,0.0,7246.030204260044
1414,0.70725,0.70725,9.454079,125.17193950000001,0.0,452603.7805471122,-561401.7766806011,10668.0,837.1,0.0,0.0,0.0,0.0,0.0,7299.896526599702
1415,0.70775,0.70775,9.455318,125.169655,0.0,452593.17623912735,-561105.8309745593,10668.0,839.0,0.0,0.0,0.0,0.0,0.0,7367.52890910497
1416,0.70825,0.70825,9.456434999999999,125.20087050000001,0.0,456819.75596433406,-560787.4238623109,10668.0,837.1,0.0,0.0,0.0,0.0,0.0,7286.095016000885
1417,0.70875,0.70875,9.45163,125.179314,0.0,454166.69148627546,-561702.1701898519,10668.0,833.4,0.0,0.0,0.0,0.0,0.0,7279.863124187726
1418,0.70925,0.70925,9.442376,125.206017,0.0,457452.4745385807,-563004.5981646272,10668.0,844.5,0.0,0.0,0.0,0.0,0.0,7369.2411045602785
1419,0.70975,0.70975,9.442120500000001,125.18038575,0.0,453893.93679848383,-562402.0320248416,10668.0,837.1,0.0,0.0,0.0,0.0,0.0,7352.582083029345
1420,0.71025,0.71025,9.444122499999999,125.187313,0.0,453813.7738344086,-561965.2577496844,10668.0,830.6,0.0,0.0,0.0,0.0,0.0,7329.420141005165
1421,0.71075,0.71075,9.4485235,125.1874885,0.0,453949.19730928505,-561628.5034491974,10668.0,834.3499999999999,0.0,0.0,0.0,0.0,0.0,7263.895714441988
1422,0.71125,0.71125,9.433578,125.21682,0.0,456823.61153945135,-563358.3097148499,10668.0,837.1,0.0,0.0,0.0,0.0,0.0,7344.240287761357
1423,0.71175,0.71175,9.4243375,125.20431500000001,0.0,456958.84213861695,-564718.3923387267,10668.0,840.8,0.0,0.0,0.0,0.0,0.0,7313.963057679695
1424,0.71225,0.71225,9.426636,125.194038,0.0,454842.3924865187,-564046.1624811749,10668.0,837.1,0.0,0.0,0.0,0.0,0.0,7348.742387060141
1425,0.71275,0.71275,9.419054,125.182251,0.0,454548.7454154175,-564911.482595552,10668.0,840.8,0.0,0.0,0.0,0.0,0.0,7378.036630392352
1426,0.71325,0.71325,9.407475,125.218864,0.0,458586.0529674728,-566230.5898323627,10668.0,839.0,0.0,0.0,0.0,0.0,0.0,7346.310797441361
1427,0.71375,0.71375,9.402975,125.2102965,0.0,455881.82974543626,-568168.4420931325,10676.0,835.3,0.0,0.0,0.0,0.0,0.0,7302.5840713213365
1428,0.71425,0.71425,9.3970865,125.2046015,0.0,455957.5604705749,-568359.0304606528,10668.0,833.4,0.0,0.0,0.0,0.0,0.0,7257.956651870129
1429,0.71475,0.71475,9.399455,125.223824,0.0,458514.56233958225,-567238.7956248402,10668.0,835.3,0.0,0.0,0.0,0.0,0.0,7293.503025190755
1430,0.71525,0.71525,9.398781,125.22163,0.0,458604.9345031958,-567258.1435688008,10668.0,836.2,0.0,0.0,0.0,0.0,0.0,7371.27962732668
1431,0.71575,0.71575,9.391113,125.219376,0.0,458467.7227456963,-568076.5393593195,10668.0,839.0,0.0,0.0,0.0,0.0,0.0,7233.787663865244
1432,0.71625,0.71625,9.388367,125.218239,0.0,457590.6173640925,-568587.4807529929,10668.0,835.3,0.0,0.0,0.0,0.0,0.0,7272.095095258661
1433,0.71675,0.71675,9.382324,125.234673,0.0,460245.56202022,-568961.4298078178,10668.0,835.3,0.0,0.0,0.0,0.0,0.0,7318.829957932291
1434,0.71725,0.71725,9.379944,125.219658,0.0,458196.4694989342,-569454.8023788143,10668.0,837.1,0.0,0.0,0.0,0.0,0.0,7260.717461641093
1435,0.71775,0.71775,9.387997,125.232819,0.0,459597.40895615716,-568406.0659795916,10668.0,830.6,0.0,0.0,0.0,0.0,0.0,7225.000349211756
1436,0.71825,0.71825,9.3754805,125.2370335,0.0,459210.6346384609,-569964.687419225,10668.0,840.8,0.0,0.0,0.0,0.0,0.0,7329.421111392428
1437,0.71875,0.71875,9.365204,125.236038,0.0,460290.0759758435,-570850.9678062266,10668.0,837.1,0.0,0.0,0.0,0.0,0.0,7305.175549324238
1438,0.71925,0.71925,9.37064,125.244469,0.0,461703.5350482784,-570485.1359922582,10668.0,835.3,0.0,0.0,0.0,0.0,0.0,7256.934209205114
1439,0.71975,0.71975,9.3560945,125.2217905,0.0,458720.3762608606,-571830.652060624,10668.0,840.8,0.0,0.0,0.0,0.0,0.0,7286.0407200448535
1440,0.72025,0.72025,9.352066,125.255074,0.0,462834.31182013627,-572499.5460657689,10668.0,839.0,0.0,0.0,0.0,0.0,0.0,7334.842359697698
1441,0.72075,0.72075,9.3467585,125.2445755,0.0,460009.18367968744,-573191.6798426822,10668.0,837.1,0.0,0.0,0.0,0.0,0.0,7243.389258513291
1442,0.72125,0.72125,9.347168,125.234482,0.0,460535.71240885794,-573359.6400113753,10668.0,833.4,0.0,0.0,0.0,0.0,0.0,7320.581535769667
1443,0.72175,0.72175,9.339682,125.253075,0.0,461061.30024154915,-574136.170854186,10668.0,834.3499999999999,0.0,0.0,0.0,0.0,0.0,7254.549496842486
1444,0.72225,0.72225,9.340118,125.263367,0.0,463493.9392042353,-573950.5306677362,10668.0,837.1,0.0,0.0,0.0,0.0,0.0,7280.075233503436
1445,0.72275,0.72275,9.3319475,125.251175,0.0,461506.4472719856,-574835.0319334536,10668.0,839.9,0.0,0.0,0.0,0.0,0.0,7263.882282684226
1446,0.72325,0.72325,9.3276705,125.2680095,0.0,463655.85871857364,-575116.3554864447,10668.0,833.4,0.0,0.0,0.0,0.0,0.0,7308.955232929396
1447,0.72375,0.72375,9.322551,125.257545,0.0,462811.342744015,-576226.8051551967,10668.0,833.4,0.0,0.0,0.0,0.0,0.0,7335.336209468939
1448,0.72425,0.72425,9.322723,125.262611,0.0,462838.06037678506,-575957.6018659514,10668.0,835.3,0.0,0.0,0.0,0.0,0.0,7334.937923860442
1449,0.72475,0.72475,9.322586,125.258247,0.0,461541.30301854626,-575926.9120238067,10668.0,833.4,0.0,0.0,0.0,0.0,0.0,7307.646970864788
1450,0.72525,0.72525,9.321167,125.265976,0.0,462148.4736445172,-576306.1984424837,10668.0,837.1,0.0,0.0,0.0,0.0,0.0,7273.903284087776
1451,0.72575,0.72575,9.309842,125.267532,0.0,464235.6681871048,-577462.960862153,10668.0,831.5,0.0,0.0,0.0,0.0,0.0,7288.785877040415
1452,0.72625,0.72625,9.306427,125.272079,0.0,463660.6942602118,-577849.2525708843,10668.0,840.8,0.0,0.0,0.0,0.0,0.0,7328.425528911792
1453,0.72675,0.72675,9.3001365,125.269394,0.0,464078.794544698,-578376.7064339719,10668.0,838.05,0.0,0.0,0.0,0.0,0.0,7291.447585780106
1454,0.72725,0.72725,9.293261,125.281246,0.0,465178.4785123841,-578857.1803756611,10668.0,839.9,0.0,0.0,0.0,0.0,0.0,7371.532838555677
1455,0.72775,0.72775,9.288483,125.280891,0.0,465153.91801813873,-579500.8330975927,10676.0,835.3,0.0,0.0,0.0,0.0,0.0,7344.055917617927
1456,0.72825,0.72825,9.290817,125.283348,0.0,465844.6449198017,-579198.0488941169,10668.0,833.4,0.0,0.0,0.0,0.0,0.0,7329.120983350133
1457,0.72875,0.72875,9.280334,125.265732,0.0,462440.887014596,-580303.1056014779,10668.0,831.5,0.0,0.0,0.0,0.0,0.0,7317.714488740887
1458,0.72925,0.72925,9.277489,125.29299900000001,0.0,466903.248126659,-580498.5865525284,10668.0,838.05,0.0,0.0,0.0,0.0,0.0,7376.585937144431
1459,0.72975,0.72975,9.271971,125.30056400000001,0.0,467654.93762466224,-581597.1383476956,10668.0,835.3,0.0,0.0,0.0,0.0,0.0,7294.296138488223
1460,0.73025,0.73025,9.266481500000001,125.28241,0.0,465020.6334603025,-581807.4638419575,10668.0,831.5,0.0,0.0,0.0,0.0,0.0,7317.307147151776
1461,0.73075,0.73075,9.271080999999999,125.30334099999999,0.0,468115.14086287835,-581548.9908779545,10668.0,836.2,0.0,0.0,0.0,0.0,0.0,7362.160449747307
1462,0.73125,0.73125,9.26078,125.29669949999999,0.0,467010.9117271234,-583325.4990773053,10668.0,832.45,0.0,0.0,0.0,0.0,0.0,7293.124192396383
1463,0.73175,0.73175,9.2547015,125.284481,0.0,464663.06350489473,-583882.753221896,10668.0,836.2,0.0,0.0,0.0,0.0,0.0,7334.156846834294
1464,0.73225,0.73225,9.255615,125.290596,0.0,465241.73355328984,-583186.2828368527,10668.0,835.3,0.0,0.0,0.0,0.0,0.0,7287.200494662467
1465,0.73275,0.73275,9.252604999999999,125.294788,0.0,466032.0577667415,-583420.515273365,10668.0,837.1,0.0,0.0,0.0,0.0,0.0,7347.670841363027
1466,0.73325,0.73325,9.250720999999999,125.30103700000001,0.0,466536.6372691619,-583843.5569561135,10668.0,837.1,0.0,0.0,0.0,0.0,0.0,7275.6476087098545
1467,0.73375,0.73375,9.248154,125.2988165,0.0,467255.5456606421,-583916.0561484259,10668.0,838.05,0.0,0.0,0.0,0.0,0.0,7332.626930068378
1468,0.73425,0.73425,9.2364295,125.30817049999999,0.0,468645.68374147767,-585213.5915396708,10668.0,838.05,0.0,0.0,0.0,0.0,0.0,7324.916507784564
1469,0.73475,0.73475,9.230388999999999,125.3016815,0.0,467246.3713302497,-585965.047891889,10668.0,833.4,0.0,0.0,0.0,0.0,0.0,7261.477871982536
1470,0.73525,0.73525,9.225266,125.326775,0.0,470407.46297135425,-586518.5770012914,10668.0,839.0,0.0,0.0,0.0,0.0,0.0,7432.643615257613
1471,0.73575,0.73575,9.225024,125.289253,0.0,465068.0424208471,-586509.9037850335,10668.0,837.1,0.0,0.0,0.0,0.0,0.0,7262.073019739394
1472,0.73625,0.73625,9.213501,125.31797,0.0,468645.2296145892,-587705.362092624,10668.0,835.3,0.0,0.0,0.0,0.0,0.0,7274.736410992127
1473,0.73675,0.73675,9.2152245,125.324432,0.0,470234.4544107494,-587845.6346863386,10668.0,838.05,0.0,0.0,0.0,0.0,0.0,7275.229882208678
1474,0.73725,0.73725,9.210342,125.310204,0.0,468004.0851510773,-588327.27617637,10668.0,833.4,0.0,0.0,0.0,0.0,0.0,7234.405294084854
1475,0.73775,0.73775,9.213191,125.3125915,0.0,467453.16098373046,-587822.2281219497,10668.0,841.75,0.0,0.0,0.0,0.0,0.0,7393.3488410730915
1476,0.73825,0.73825,9.1995395,125.330517,0.0,471059.3163535013,-590235.3837531777,10668.0,838.05,0.0,0.0,0.0,0.0,0.0,7239.978801801763
1477,0.73875,0.73875,9.201562,125.320343,0.0,468121.38047805097,-588975.5434941318,10668.0,840.8,0.0,0.0,0.0,0.0,0.0,7353.446753318764
1478,0.73925,0.73925,9.197186,125.312202,0.0,467893.91155824816,-589897.6842945083,10668.0,835.3,0.0,0.0,0.0,0.0,0.0,7313.219630320679
1479,0.73975,0.73975,9.190785000000002,125.3195305,0.0,469009.345305449,-591650.7303319302,10668.0,840.8,0.0,0.0,0.0,0.0,0.0,7302.820065964889
1480,0.74025,0.74025,9.1915405,125.3311575,0.0,470061.7240683392,-590371.1529461427,10668.0,838.05,0.0,0.0,0.0,0.0,0.0,7202.720035544388
1481,0.74075,0.74075,9.1908785,125.33818049999999,0.0,471766.49919876317,-590133.9738400048,10664.0,837.1,0.0,0.0,0.0,0.0,0.0,7237.654288650601
1482,0.74125,0.74125,9.188062,125.326393,0.0,469507.4389256454,-590468.1150561066,10668.0,833.4,0.0,0.0,0.0,0.0,0.0,7290.105219653503
1483,0.74175,0.74175,9.170150499999998,125.34403599999999,0.0,472577.53467964486,-592548.241422035,10664.0,840.8,0.0,0.4499999999999886,0.0,0.0,0.0272727272727283,7329.493552098716
1484,0.74225,0.74225,9.1697545,125.338516,0.0,471373.6541070916,-592633.4168534939,10664.0,837.1,0.0,0.0,0.0,0.0,0.0,7268.811054473836
1485,0.74275,0.74275,9.1693495,125.3530465,0.0,473761.17839173216,-592603.2829867508,10668.0,837.1,0.0,0.0,0.0,0.0,0.0,7209.034282645025
1486,0.74325,0.74325,9.160858,125.333496,0.0,469600.97102474456,-593531.5395165404,10660.0,833.4,0.0,0.0,0.0,0.0,0.0,7267.41864303176
1487,0.74375,0.74375,9.159851,125.359032,0.0,474438.2709850083,-593717.7912759315,10668.0,833.4,0.0,0.0,0.0,0.0,0.0,7231.277993265788
1488,0.74425,0.74425,9.150401,125.355774,0.0,473202.26612505194,-595296.6502201672,10668.0,837.1,0.0,0.0,0.0,0.0,0.0,7262.217939520165
1489,0.74475,0.74475,9.153575,125.34518800000001,0.0,470617.0940912425,-594774.7005135511,10668.0,839.0,0.0,0.0,0.0,0.0,0.0,7268.5104975060085
1490,0.74525,0.74525,9.152847,125.360115,0.0,472618.1554116069,-594948.1648387157,10668.0,840.8,0.0,0.0,0.0,0.0,0.0,7325.087252425083
1491,0.74575,0.74575,9.148771,125.348274,0.0,471232.1982750062,-595036.4537324209,10668.0,837.1,0.0,0.0,0.0,0.0,0.0,7265.217540862665
1492,0.74625,0.74625,9.13591,125.33934,0.0,470239.22846115567,-597848.5773115269,10660.0,833.4,0.0,0.0,0.0,0.0,0.0,7385.249689350972
1493,0.74675,0.74675,9.130646,125.375046,0.0,476131.27104124194,-597855.0266261807,10668.0,840.8,0.0,0.0,0.0,0.0,0.0,7369.037934688646
1494,0.74725,0.74725,9.1338645,125.369415,0.0,475451.3448132019,-596783.1616502693,10668.0,832.5,0.0,0.0,0.0,0.0,0.0,7362.680980517374
1495,0.74775,0.74775,9.1310225,125.3631895,0.0,473454.04681186826,-596842.039445253,10668.0,835.3,0.0,0.0,0.0,0.0,0.0,7292.296795026271
1496,0.74825,0.74825,9.1237815,125.3559535,0.0,472902.8670575861,-597833.6771707756,10668.0,831.5,0.0,0.0,0.0,0.0,0.0,7247.319517912022
1497,0.74875,0.74875,9.115906,125.381897,0.0,476857.1074104136,-598971.9812071262,10660.0,840.8,0.0,0.0,0.0,0.0,0.0,7357.273188153735
1498,0.74925,0.74925,9.110692,125.375099,0.0,474370.7760903641,-599423.8780131952,10668.0,832.45,0.0,0.0,0.0,0.0,0.0,7322.795755869928
1499,0.74975,0.74975,9.105056999999999,125.3822365,0.0,475328.60271356,-600139.4739520384,10668.0,842.7,0.0,0.0,0.0,0.0,0.0,7324.971694225966
1500,0.75025,0.75025,9.103363,125.381187,0.0,476815.8359395878,-600251.1694101329,10668.0,833.4,0.0,0.0,0.0,0.0,0.0,7278.824848733964
1501,0.75075,0.75075,9.095942,125.392681,0.0,477925.357438634,-600725.8612076498,10668.0,830.6,0.0,0.0,0.0,0.0,0.0,7198.958958556525
1502,0.75125,0.75125,9.0971375,125.38965999999999,0.0,475070.04182861425,-600953.3107442677,10668.0,832.45,0.0,0.0,0.0,0.0,0.0,7295.894783040532
1503,0.75175,0.75175,9.093002,125.37072,0.0,473715.3764663018,-601518.5709346348,10660.0,839.0,0.0,0.0,0.0,0.0,0.0,7301.3032406040065
1504,0.75225,0.75225,9.085738,125.394802,0.0,478071.5318704446,-602117.0228564518,10668.0,840.8,0.0,0.0,0.0,0.0,0.0,7350.076487265454
1505,0.75275,0.75275,9.0856195,125.39379500000001,0.0,476547.09482018347,-602042.7445428555,10668.0,827.8,0.0,0.0,0.0,0.0,0.0,7303.226672780478
1506,0.75325,0.75325,9.07814,125.379425,0.0,474678.1517770321,-602849.7984351905,10660.0,839.0,0.0,0.0,0.0,0.0,0.0,7343.9982490822895
1507,0.75375,0.75375,9.074478,125.411385,0.0,479905.31310716993,-605490.9039808973,10660.0,835.25,0.0,0.0,0.0,0.0,0.0,7202.665402865211
1508,0.75425,0.75425,9.073608,125.395851,0.0,477491.11352815497,-603527.0876688933,10668.0,831.5,0.0,0.0,0.0,0.0,0.0,7255.148070781543
1509,0.75475,0.75475,9.069492,125.3978535,0.0,477318.55837892124,-603681.4820377973,10668.0,840.8,0.0,0.0,0.0,0.0,0.0,7328.212430830215
1510,0.75525,0.75525,9.064499,125.380524,0.0,474818.58005887334,-604531.4016335622,10660.0,835.3,0.0,0.0,0.0,0.0,0.0,7343.908214433725
1511,0.75575,0.75575,9.063814,125.414894,0.0,480169.90929440415,-604349.5976773805,10668.0,837.1,0.0,0.0,0.0,0.0,0.0,7250.957784115725
1512,0.75625,0.75625,9.052185,125.413452,0.0,479069.82350625144,-605876.5285191473,10554.0,837.1,0.0,0.0,0.0,0.0,0.0,7348.811864435092
1513,0.75675,0.75675,9.045333,125.416847,0.0,479821.46454976586,-606776.4303034773,10660.0,829.7,0.0,0.0,0.0,0.0,0.0,7208.885100357104
1514,0.75725,0.75725,9.045982500000001,125.409054,0.0,478473.64728863153,-606582.50608355,10660.0,834.3499999999999,0.0,0.0,0.0,0.0,0.0,7280.520323036721
1515,0.75775,0.75775,9.037033,125.404884,0.0,477933.1189703104,-607653.0923160384,10660.0,835.3,0.0,0.0,0.0,0.0,0.0,7305.225050273142
1516,0.75825,0.75825,9.034660500000001,125.40986649999999,0.0,477871.6534150641,-607846.9609384257,10664.0,833.4,0.0,0.0,0.0,0.0,0.0,7238.328334559967
1517,0.75875,0.75875,9.031925,125.417984,0.0,480718.67283808487,-608390.8716733883,10218.0,837.1,0.0,0.0,0.0,0.0,0.0,7303.04659733408
1518,0.75925,0.75925,9.031274,125.408508,0.0,478641.2036938016,-608080.6373995366,10668.0,833.4,0.0,0.0,0.0,0.0,0.0,7268.290104370415
1519,0.75975,0.75975,9.01712,125.425934,-0.3,481832.48963092495,-610192.0095830107,10622.0,833.4,-7.0,0.0,0.0,0.0,0.0,7288.480590123085
1520,0.76025,0.76025,9.0082735,125.4379615,-0.3,483084.33859137713,-611843.7569023399,10367.0,833.4,0.0,0.0,1.0,0.030776515151515152,0.0,7265.745452258807
1521,0.76075,0.76075,9.0091165,125.432827,-0.3,482444.72693925805,-611854.5984226626,10496.5,835.3,-8.0,0.0,0.0,0.0,0.0,7324.395114879533
1522,0.76125,0.76125,9.017532,125.42939,0.0,481169.8257805528,-609555.9737240749,10653.0,833.4,0.0,0.0,0.0,0.0,0.0,7256.700449508134
1523,0.76175,0.76175,9.010465,125.427231,0.0,480849.0293334855,-611226.6798045838,10561.0,839.0,0.0,0.0,0.0,0.0,0.0,7315.662617186932
1524,0.76225,0.76225,8.998764,125.42045999999999,0.0,479671.4980031701,-611978.4141445025,10428.0,841.75,0.0,0.0,0.0,0.0,0.0,7248.704436202894
1525,0.76275,0.76275,9.00027,125.442513,0.0,482891.955718246,-611573.1636745912,10622.0,835.3,0.0,0.0,1.0,0.03125,0.0,7263.094098910187
1526,0.76325,0.76325,8.9979335,125.44223,0.0,481400.90340936976,-611886.0666303685,10455.0,831.5,0.0,0.0,0.0,0.0,0.0,7213.321860818043
1527,0.76375,0.76375,8.98082,125.444359,-0.3,482458.59364317846,-613979.4252108451,10104.0,831.5,0.0,0.0,0.0,0.0,0.0,7195.764877530442
1528,0.76425,0.76425,8.974078500000001,125.45332300000001,-0.3,484752.724136587,-616089.1294681159,10157.5,835.3,-8.0,0.0,0.0,0.0,0.0,7268.744445377857
1529,0.76475,0.76475,8.978668,125.451767,-0.3,483935.5792285467,-613736.130375294,10424.0,835.3,-8.0,0.0,1.0,0.032258064516129,0.0,7238.504554794346
1530,0.76525,0.76525,8.977801,125.439682,0.0,481497.00736196764,-614062.6547283999,10634.0,834.3499999999999,0.0,0.0,0.0,0.0,0.0,7297.604830375867
1531,0.76575,0.76575,8.973999,125.453529,0.0,484929.05207793746,-614705.9738650911,10196.0,839.0,0.0,0.0,1.0,0.0333333333333333,0.0,7302.855814930127
1532,0.76625,0.76625,8.9687745,125.4586755,-0.3,484939.299100356,-615287.1349519317,10492.5,830.6,-8.0,0.0,1.0,0.032258064516129,0.0,7299.724216729466
1533,0.76675,0.76675,8.9599,125.456245,-4.2,484918.446465945,-616252.5862360594,10371.0,831.5,-22.0,0.0,1.0,0.1212121212121212,0.0,7297.783176459711
1534,0.76725,0.76725,8.950992750000001,125.4439775,-0.3,482016.7005357284,-618705.3829133906,10089.0,839.9,-8.0,0.0,0.0,0.0,0.0,7216.282990119537
1535,0.76775,0.76775,8.95459,125.460747,-1.6,485458.06269822246,-617279.6951921762,10066.0,833.4,-8.0,0.0,2.0,0.15625,0.0,7194.842959076472
1536,0.76825,0.76825,8.955047,125.459011,-0.15,485178.4353284099,-616816.3452928432,10611.0,835.3,-4.0,0.45000000000001705,1.0,0.17155425219941345,0.02727272727272655,7220.28325266635
1537,0.76875,0.76875,8.949016,125.462608,-4.6,485762.8912588136,-617243.8903763414,10157.0,833.4,-15.0,0.0,2.0,0.2,0.0,7277.353519870559
1538,0.76925,0.76925,8.944656,125.460503,-4.6,483643.6125651496,-617648.8628585518,10066.0,835.3,-8.0,0.0,0.0,0.0,0.0,7291.935221639961
1539,0.76975,0.76975,8.943025500000001,125.4656905,-0.3,485939.89602363703,-618002.6300063147,10473.5,833.4,-3.5,0.0,1.5,0.16397849462365585,0.0,7191.5243475502375
1540,0.77025,0.77025,8.931978,125.472488,-4.6,486729.2012310682,-619269.0863726344,10066.0,827.8,-15.0,0.0,1.0,0.1818181818181818,0.0,7162.252828181912
1541,0.77075,0.77075,8.9256885,125.471199,-4.75,486767.13689497684,-620230.5346338738,10058.0,830.6,-15.0,0.0,1.0,0.18465909090909088,0.0,7225.630133721204
1542,0.77125,0.77125,8.922729,125.470894,-0.3,486257.51785956346,-620997.1691145438,10104.0,831.5,-8.0,0.0,1.0,0.1935483870967742,0.0,7208.766338364108
1543,0.77175,0.77175,8.9165585,125.47567000000001,-4.9,487156.5985941227,-620778.0036114033,10066.0,829.7,-23.0,0.0,1.0,0.17155425219941345,0.0,7203.530381460408
1544,0.77225,0.77225,8.921070499999999,125.47446049999999,-4.550000000000001,486877.783024253,-620210.4083243514,10058.0,832.45,-15.0,0.0,1.0,0.1935483870967742,0.0,7197.396358772146
1545,0.77275,0.77275,8.9096145,125.4764135,-2.45,487181.32449079223,-621776.4242368205,10058.0,833.4,-8.0,0.0,1.0,0.1935483870967742,0.0,7042.13920699876
1546,0.77325,0.77325,8.90712,125.474854,-4.9,485736.6799901815,-622043.4036244611,10279.0,822.3,-22.0,0.0,1.0,0.1935483870967742,0.0,7167.196654018528
1547,0.77375,0.77375,8.901299999999999,125.48231899999999,-5.35,487927.1639319027,-622713.4651779484,10062.0,837.1,-23.0,0.0,2.0,0.1935483870967742,0.0,7227.282588669164
1548,0.77425,0.77425,8.8960065,125.476765,-4.4,485889.2107915223,-623868.1148910937,10134.5,830.6,-11.5,0.4749999999999943,1.0,0.2,0.02812500000000105,7140.893517835988
1549,0.77475,0.77475,8.889523,125.471298,-4.9,486022.5751717126,-624460.6734736582,10058.0,833.4,-15.0,0.0,1.0,0.1935483870967742,0.0,7158.414798749622
1550,0.77525,0.77525,8.893089,125.480133,-4.6,487302.43083699513,-623433.5089200005,10066.0,835.3,-15.0,0.0,1.0,0.1967741935483871,0.0,7237.060393936001
1551,0.77575,0.77575,8.886749,125.48011,-4.9,487090.14975915314,-624173.1229961739,10097.0,835.3,-15.0,0.0,1.0,0.1935483870967742,0.0,7178.984117796208
1552,0.77625,0.77625,8.8831725,125.477051,-5.050000000000001,486331.37096434366,-624342.083920589,10051.0,840.8,-20.5,0.0,1.0,0.1935483870967742,0.0,7135.696559122132
1553,0.77675,0.77675,8.8733085,125.48757549999999,-4.05,488485.95795771247,-626065.6076642084,10466.0,830.6,-15.0,0.0,1.0,0.1935483870967742,0.0,7176.041175077227
1554,0.77725,0.77725,8.87771,125.4784965,-4.9,486341.84867365845,-624966.2775034797,10096.5,837.1,-20.75,0.0,1.0,0.1875,0.0,7250.827024527973
1555,0.77775,0.77775,8.858573499999999,125.482403,-4.6,487579.08223661524,-627270.85113886,10058.0,832.45,-15.0,0.0,1.0,0.061583577712609944,0.0,7106.090417815438
1556,0.77825,0.77825,8.842575,125.4846075,-4.9,487903.5168092067,-629491.0277083426,10058.0,831.5,-23.0,0.0,0.5,0.01515151515151515,0.0,7156.098462451368
1557,0.77875,0.77875,8.853444,125.483795,-5.050000000000001,486581.34320110467,-627641.1863535778,10058.0,833.4,-30.0,-1.7999999999999543,1.0,0.1935483870967742,-0.0562499999999985,7133.84655463965
1558,0.77925,0.77925,8.8472765,125.489582,-6.0,488787.63222424197,-628459.0261686954,10050.5,838.95,-30.0,0.0,1.0,0.1935483870967742,0.0,7328.437140575334
1559,0.77975,0.77975,8.844848500000001,125.49016950000001,-5.050000000000001,488401.4709493766,-628882.123448984,10054.5,837.1,-30.5,0.0,1.0,0.1935483870967742,0.0,7219.3805672183225
1560,0.78025,0.78025,8.842411,125.485886,-5.5,486425.08052061737,-629245.3977761071,10066.0,829.7,-34.5,0.0,2.0,0.1875,0.0,7137.9504079129365
1561,0.78075,0.78075,8.832682,125.49335099999999,-6.2,488676.5318842831,-630905.9295067743,10051.0,832.45,-65.0,0.0,1.0,0.1875,0.0,7246.154006795054
1562,0.78125,0.78125,8.826025,125.494644,-5.2,489361.6475212218,-631193.5355817984,10058.0,831.5,-84.0,0.0,2.0,0.1612903225806451,0.0,7182.415815725555
1563,0.78175,0.78175,8.825958,125.490822,-5.2,488218.9459018867,-631248.6883415944,10051.0,839.0,-38.0,0.0,1.0,0.1818181818181818,0.0,7181.670053584549
1564,0.78225,0.78225,8.8309025,125.491917,-5.7,487925.8563992644,-630508.9074728005,10058.0,835.3,-46.0,0.0,1.0,0.1612903225806451,0.0,7209.2865569341075
1565,0.78275,0.78275,8.817134,125.489052,-5.9,486978.89881054783,-631695.0253936517,9967.0,835.3,-91.0,0.0,1.0,0.0909090909090909,0.0,7283.224092597897
1566,0.78325,0.78325,8.810806,125.491798,-7.949999999999999,488839.75485709216,-632530.9344093071,10039.0,837.15,-73.0,0.0,1.5,0.1106060606060606,0.0,7219.863435478527
1567,0.78375,0.78375,8.809266,125.494873,-5.9,489269.64924779424,-633158.3526495247,10058.0,835.3,-38.0,0.0,1.0,0.1,0.0,7198.943448992382
1568,0.78425,0.78425,8.806775,125.493206,-6.050000000000001,488246.21139911126,-632887.6482266964,10039.5,837.1,-114.5,0.0,2.0,0.10899315738025414,0.0,7315.694577917344
1569,0.78475,0.78475,8.797302,125.494835,-5.5,489015.3245535341,-634066.3716747117,10066.0,831.5,-69.0,0.0,1.0,0.032258064516129,0.0,7210.447368607468
1570,0.78525,0.78525,8.783569,125.492043,-8.1,487311.82343471673,-635559.610407168,9746.0,831.5,-160.0,0.0,1.0,0.0606060606060606,0.0,7183.614515046904
1571,0.78575,0.78575,8.779402999999999,125.4962845,-8.1,489340.4484164825,-636961.5023812124,9963.0,833.4,-110.5,0.0,1.0,0.032258064516129,0.0,7235.06298311337
1572,0.78625,0.78625,8.7802565,125.497139,-8.15,489488.9734025686,-635794.8991969422,9944.0,841.75,-133.5,0.0,1.0,0.032258064516129,0.0,7297.843750499871
1573,0.78675,0.78675,8.777519999999999,125.4964065,-8.65,489029.76303924515,-636802.0486361575,9810.5,827.8,-144.5,0.0,1.0,0.032258064516129,0.0,7130.935851829845
1574,0.78725,0.78725,8.766857,125.499954,-9.1,488809.678120357,-637732.5846650918,9898.0,829.7,-145.0,0.0,1.0,0.0303030303030303,0.0,7182.463476663408
1575,0.78775,0.78775,8.769418,125.500504,-9.1,489903.6642305479,-637773.6156496978,9609.0,827.8,-176.0,-1.7999999999999543,0.0,0.0,-0.0545454545454566,7185.467223071931
1576,0.78825,0.78825,8.7661125,125.498684,-10.25,488851.0358724913,-637991.1688241747,9898.5,833.4,-152.0,0.0,0.25,0.01515151515151515,0.0,7252.390301716217
1577,0.78875,0.78875,8.760572,125.499245,-9.8,489762.28147530614,-638047.0443519923,9860.0,840.8,-152.0,0.0,0.0,0.0,0.0,7225.835372479574
1578,0.78925,0.78925,8.75089,125.48333,-9.8,487647.01761352055,-639382.6084606774,9616.0,826.0,-145.0,0.0,0.0,0.0,0.0,7132.293593432845
1579,0.78975,0.78975,8.761085,125.496826,-9.1,487836.4185978164,-638019.4679720941,9624.0,837.1,-152.0,0.0,0.0,0.0,0.0,7189.986137516115
1580,0.79025,0.79025,8.7492835,125.4989395,-9.600000000000001,488236.2299719129,-639378.7166328691,9460.0,835.25,-148.5,-0.47500000000002274,0.0,0.0,-0.02812500000000105,7134.354293309614
1581,0.79075,0.79075,8.741812,125.498447,-9.95,488171.39595693926,-640371.9110895148,9700.0,835.3,-152.5,0.0,0.0,0.0,0.0,7163.923503670803
1582,0.79125,0.79125,8.736680499999999,125.5006525,-9.95,488389.43867711845,-640845.9357165503,9464.0,831.975,-163.5,0.0,0.0,0.0,0.0,7105.297521431693
1583,0.79175,0.79175,8.743814,125.488075,-8.8,488000.32788072136,-640308.7522839425,9830.0,826.0,-137.0,-1.7999999999999543,0.0,0.0,-0.0545454545454531,7116.65509754265
1584,0.79225,0.79225,8.729599,125.495926,-10.1,488192.1365789997,-641528.673509184,9510.0,839.0,-206.0,0.0,0.0,0.0,0.0,7253.862308143259
1585,0.79275,0.79275,8.729568,125.499619,-9.4,488305.5863358006,-641414.3649667042,9776.0,833.4,-145.0,0.0,0.0,0.0,0.0,7185.172535570144
1586,0.79325,0.79325,8.720089999999999,125.50020950000001,-9.8,488372.5965511033,-642924.7277415163,9399.5,837.1,-198.0,0.0,0.0,0.0,0.0,7190.623505414296
1587,0.79375,0.79375,8.718991500000001,125.5019415,-10.25,488605.49518090603,-642656.4140129129,9437.5,834.3499999999999,-167.0,0.0,0.0,0.0,0.0,7147.0508049928785
1588,0.79425,0.79425,8.7106815,125.4994775,-10.1,488546.6407762582,-643794.0508787818,9185.5,828.75,-178.5,-1.8999999999999773,0.0,0.0,-0.1430107526881727,7159.647590138362
1589,0.79475,0.79475,8.7126845,125.50412,-9.8,488939.02084563416,-643641.7136188622,9399.5,837.15,-167.5,0.0,0.0,0.0,0.0,7194.017291732781
1590,0.79525,0.79525,8.702522,125.4987375,-11.1,488675.8692007272,-645182.2102604177,9361.5,831.5,-285.5,0.0,0.0,0.0,0.0,7139.554825922976
1591,0.79575,0.79575,8.700394,125.507767,-11.1,490441.0468756568,-644835.8375854902,9243.0,837.1,-282.0,0.0,0.0,0.0,0.0,7207.114685345613
1592,0.79625,0.79625,8.692513,125.504555,-11.4,488794.88006268896,-645999.8276853747,9540.0,833.4,-289.0,0.0,0.0,0.0,0.0,7225.938432805021
1593,0.79675,0.79675,8.697417999999999,125.503994,-10.7,488844.96658616286,-645066.5673769745,9277.5,829.7,-244.5,-1.849999999999966,0.0,0.0,-0.09002016129032145,7117.269259328179
1594,0.79725,0.79725,8.681667000000001,125.505611,-9.95,488764.6828421565,-646972.8402349581,9266.0,823.2,-239.5,-1.7999999999999543,0.0,0.0,-0.058064516129032545,7063.558552960147
1595,0.79775,0.79775,8.6839495,125.50870900000001,-9.8,490887.4488407623,-646826.5075093708,9104.25,827.8,-259.5,-1.7999999999999543,0.0,0.0,-0.057157258064514604,7173.495784800423
1596,0.79825,0.79825,8.673473,125.508369,-10.4,489912.4055433136,-647717.3468946619,9243.0,833.4,-297.0,0.0,0.0,0.0,0.0,7225.3369815805745
1597,0.79875,0.79875,8.6671715,125.5093385,-11.4,490154.4580271427,-648528.4594074253,9471.5,831.5,-331.5,0.0,0.0,0.0,0.0,7176.199746125751
1598,0.79925,0.79925,8.6700515,125.508999,-10.1,489265.7154260188,-648094.5206068137,8652.5,828.75,-217.0,-1.7999999999999543,0.0,0.0,-0.0596774193548394,7091.703413964797
1599,0.79975,0.79975,8.656016,125.509392,-10.7,491014.96840908146,-649762.1132250761,8992.0,835.3,-282.0,0.0,0.0,0.0,0.0,7200.554332762419
1600,0.80025,0.80025,8.650011,125.508286,-10.7,489398.622559739,-650388.8086972727,9274.0,831.5,-297.0,0.0,0.0,0.0,0.0,7226.729477983365
1601,0.80075,0.80075,8.647888,125.512604,-10.1,491376.15752319776,-650782.88406162,8809.0,826.0,-252.0,-0.8999999999999772,0.0,0.0,-0.0545454545454566,7053.536581690513
1602,0.80125,0.80125,8.638327,125.51284,-10.1,491405.7250079695,-652836.3236082926,8969.0,824.1,-289.0,0.0,0.0,0.0,0.0,7160.359623688979
1603,0.80175,0.80175,8.636558,125.513588,-10.4,490862.43704250053,-651977.2304184084,8969.0,820.4,-290.0,0.0,0.0,0.0,0.0,7268.676867795121
1604,0.80225,0.80225,8.632833,125.512405,-11.1,491434.92233264825,-652700.9991956485,8931.0,831.5,-335.0,0.0,0.0,0.0,0.0,7169.342069115462
1605,0.80275,0.80275,8.629395,125.513969,-10.7,490478.4302658851,-652983.1011142009,8801.0,822.3,-312.0,-3.699999999999932,0.0,0.0,-0.2818181818181804,7137.039397509079
1606,0.80325,0.80325,8.626552,125.5127525,-11.1,490150.0561129582,-653040.0329952806,8957.5,828.75,-312.5,0.0,0.0,0.0,0.0,7224.671289766098
1607,0.80375,0.80375,8.618866,125.514519,-10.7,490327.6870099504,-654109.284886806,8755.0,809.3,-274.0,0.0,0.0,0.0,0.0,6968.542992899519
1608,0.80425,0.80425,8.614073,125.514915,-10.7,491374.20102308464,-654361.2529386153,8954.0,822.3,-313.0,-1.7999999999999543,0.0,0.0,-0.1121212121212135,7209.885025585651
1609,0.80475,0.80475,8.614878000000001,125.5123255,-10.7,489820.1592479381,-654255.7288074736,9075.5,818.6,-301.0,0.0,0.0,0.0,0.0,7131.066047661148
1610,0.80525,0.80525,8.609161,125.515495,-10.7,491796.0773023062,-654991.9514336998,8893.0,831.5,-320.0,-1.8999999999999773,0.0,0.0,-0.1193548387096752,7172.796730169459
1611,0.80575,0.80575,8.601131,125.518181,-11.7,492125.715567555,-655709.7156766072,8908.0,833.4,-336.0,-1.7999999999999543,0.0,0.0,-0.1156250000000014,7224.801489499238
1612,0.80625,0.80625,8.595406,125.516006,-10.4,491957.7403058131,-656351.9784600365,8854.0,822.3,-275.0,0.0,0.0,0.0,0.0,7112.246905024158
1613,0.80675,0.80675,8.599246,125.5159075,-11.1,490288.84508389735,-656341.1369397136,8908.0,833.4,-316.0,0.0,0.0,0.0,0.0,7131.134432745555
1614,0.80725,0.80725,8.587198999999998,125.51619,-11.1,490417.4721560903,-657456.0900092153,8706.0,833.4,-347.0,-1.8999999999999773,0.0,0.0,-0.14717741935483974,7255.32788106626
1615,0.80775,0.80775,8.580917,125.519394,-11.4,492207.1537192217,-658250.4120648634,8755.0,833.4,-351.0,-3.7000000000000455,0.0,0.0,-0.1749999999999971,7276.759921620331
1616,0.80825,0.80825,8.582999000000001,125.5112455,-11.4,490076.30631446117,-658295.7240600586,8885.0,833.4,-346.5,-1.7999999999999543,0.0,0.0,-0.05878787878787935,7290.947507076071
1617,0.80875,0.80875,8.573479,125.520706,-10.7,492340.64415983617,-659298.9816714656,8588.0,814.9,-335.0,-5.5,0.0,0.0,-0.1833333333333333,7095.64061808323
1618,0.80925,0.80925,8.57222,125.519791,-10.7,490666.96565159375,-659686.9413064006,8664.0,826.0,-335.0,-3.699999999999932,0.0,0.0,-0.2312499999999993,7198.011845385657
1619,0.80975,0.80975,8.565565,125.519081,-11.1,491463.96485702775,-659709.9586880087,8611.0,829.7,-343.0,-3.7000000000000455,0.0,0.0,-0.1233333333333348,7172.992741367727
1620,0.81025,0.81025,8.57036,125.5205685,-11.1,491985.7589993995,-659539.4410324707,8614.5,830.6,-339.0,-4.600000000000023,0.0,0.0,-0.1806451612903233,7264.930291905235
1621,0.81075,0.81075,8.544479,125.519463,-11.1,491782.1405855746,-662521.081511393,8565.0,818.6,-328.0,-3.7000000000000455,0.0,0.0,-0.1666666666666666,7131.451759566386
1622,0.81125,0.81125,8.548279,125.521217,-11.4,492455.76443773793,-661846.2385694555,8595.0,820.4,-343.0,-3.7000000000000455,0.0,0.0,-0.1806451612903233,7082.774329813488
1623,0.81175,0.81175,8.543258999999999,125.522327,-10.4,492554.1767901645,-663620.9120499826,8477.0,821.3499999999999,-297.0,-1.900000000000091,0.0,0.0,-0.14651515151515254,7094.145165352262
1624,0.81225,0.81225,8.545395,125.519867,-11.1,491619.87593791593,-662459.5906320233,8618.0,829.7,-335.0,-1.8000000000000682,0.0,0.0,-0.1193548387096752,7268.65380093889
1625,0.81275,0.81275,8.537401,125.524155,-11.4,492827.68402918713,-662925.9427985229,8626.0,831.5,-336.0,-0.9499999999999886,0.0,0.0,-0.1266666666666651,7252.536782919878
1626,0.81325,0.81325,8.531861,125.524292,-11.1,492623.4932190852,-663549.5248084724,8565.0,827.8,-320.0,-3.800000000000068,0.0,0.0,-0.2312499999999993,7201.074720368101
1627,0.81375,0.81375,8.528343,125.5237805,-10.7,492658.2204879675,-663924.5858141005,8500.0,825.05,-324.0,-3.699999999999932,0.0,0.0,-0.2387096774193541,7232.816304713151
1628,0.81425,0.81425,8.51878,125.522713,-11.1,492477.15907071385,-664993.1705351446,8321.0,827.85,-328.0,-1.8999999999999773,0.0,0.0,-0.1806451612903233,7121.333627281227
1629,0.81475,0.81475,8.511658,125.525459,-11.1,492957.1670643451,-665964.5707560648,8344.0,816.7,-320.0,-3.7000000000000455,0.0,0.0,-0.2387096774193541,6997.6527089731935
1630,0.81525,0.81525,8.5100425,125.525444,-11.1,492923.08871954365,-666028.7303173596,8268.0,827.8,-312.0,-5.5,0.0,0.0,-0.2387096774193541,7001.306119607736
1631,0.81575,0.81575,8.512123,125.525856,-11.1,492924.7815305206,-666347.3042222286,8291.0,807.5,-320.0,-3.7000000000000455,0.0,0.0,-0.2242424242424235,6786.615181807848
1632,0.81625,0.81625,8.503441500000001,125.5265465,-11.1,493063.12433913455,-666884.4876548368,8287.0,817.6500000000001,-320.0,-3.7000000000000455,0.0,0.0,-0.26310483870967777,6919.609556778591
1633,0.81675,0.81675,8.4968295,125.5258865,-11.1,492667.1099626758,-667603.3082510065,8210.5,816.7,-301.5,-3.699999999999932,0.0,0.0,-0.2803030303030303,6815.713996914621
1634,0.81725,0.81725,8.494433,125.525475,-11.1,491761.2048967542,-667706.4416879228,8275.0,827.8,-251.0,-1.8499999999999943,0.0,0.0,-0.1774193548387097,6720.767823508118
1635,0.81775,0.81775,8.490895,125.528221,-11.4,493252.7001284381,-668062.2659446703,8291.0,818.6,-282.0,-1.900000000000091,0.0,0.0,-0.2787878787878801,6729.991509414429
1636,0.81825,0.81825,8.484192,125.527847,-11.25,493135.0108452172,-668934.4801540223,8153.0,814.9,-267.0,-5.599999999999909,0.0,0.0,-0.2967741935483849,6677.713760204394
1637,0.81875,0.81875,8.484950999999999,125.52876649999999,-11.4,492970.0565590763,-668740.055556234,8252.5,826.9,-259.0,-2.350000000000051,0.0,0.0,-0.3133333333333307,6498.826932309055
1638,0.81925,0.81925,8.47998,125.52713,-11.1,493024.4379171612,-669410.5062925018,8169.0,818.6,-198.0,-1.8000000000000682,0.0,0.0,-0.1749999999999971,6480.571374895477
1639,0.81975,0.81975,8.478744500000001,125.52893850000001,-11.4,493365.25436249794,-669832.797408459,8260.0,826.0,-293.5,-3.699999999999932,0.0,0.0,-0.30833333333333335,6720.474260003407
1640,0.82025,0.82025,8.471237,125.529266,-11.7,493124.37799355295,-670250.029148265,8214.0,829.7,-320.0,-5.5,0.0,0.0,-0.2875000000000014,6991.63468182236
1641,0.82075,0.82075,8.475037,125.530449,-11.1,493389.57481786824,-670050.433979246,8169.0,822.3,-305.0,-3.699999999999932,0.0,0.0,-0.3000000000000022,6751.0086241156505
1642,0.82125,0.82125,8.461761,125.531586,-11.4,493663.74868772423,-671252.7863818108,8031.0,816.7,-282.0,-7.399999999999977,0.0,0.0,-0.3363636363636336,6663.991304776766
1643,0.82175,0.82175,8.458603,125.532578,-11.1,493791.86017496465,-671766.8412377305,8062.0,816.7,-320.0,-5.5,1.0,0.0303030303030303,-0.2387096774193541,7001.017090930106
1644,0.82225,0.82225,8.450582,125.529739,-11.1,491728.6300339889,-673358.8212014344,7917.0,814.9,-312.0,-5.5,0.0,0.0,-0.2906249999999986,6813.410731711891
1645,0.82275,0.82275,8.451965,125.532066,-11.1,493660.2267093445,-672486.829382243,8115.0,807.5,-320.0,-7.399999999999977,0.0,0.0,-0.2967741935483886,6826.6403549888
1646,0.82325,0.82325,8.437225,125.532997,-11.1,493722.4068559899,-674305.647309623,8024.0,807.5,-320.0,-7.399999999999977,0.0,0.0,-0.2999999999999985,6885.805154851191
1647,0.82375,0.82375,8.442132,125.531559,-11.7,492216.6250552196,-673600.058928001,8024.0,823.2,-304.5,-7.449999999999989,0.0,0.0,-0.2999999999999985,7051.632149016072
1648,0.82425,0.82425,8.431366,125.533714,-11.1,493735.8856102748,-674870.5183172094,7963.0,805.6,-313.0,-7.400000000000091,0.0,0.0,-0.3000000000000022,6916.082470364138
1649,0.82475,0.82475,8.425583,125.534164,-11.4,493943.1297118361,-675267.4847536428,7925.0,811.2,-312.0,-7.399999999999977,0.0,0.0,-0.2466666666666659,6904.890169812614
1650,0.82525,0.82525,8.418668,125.53413,-11.475000000000001,493951.7168929145,-676078.0412910052,7898.0,805.6,-320.0,-8.349999999999966,0.0,0.0,-0.2999999999999985,6894.337297102621
1651,0.82575,0.82575,8.423172,125.535187,-11.1,494039.7383409203,-675796.995725715,7894.0,813.0,-312.0,-7.399999999999977,0.0,0.0,-0.336363636363637,6970.002433960916
1652,0.82625,0.82625,8.411259000000001,125.533539,-11.4,492164.4747958953,-676960.2074600379,7898.5,798.2,-320.0,-7.399999999999977,0.0,0.0,-0.3468750000000007,6914.3966521771745
1653,0.82675,0.82675,8.4136565,125.5364645,-11.4,494234.9694852643,-676926.904533508,7951.5,825.05,-335.0,-7.400000000000034,0.0,0.0,-0.30333333333333523,7143.273932418784
1654,0.82725,0.82725,8.405053500000001,125.53699499999999,-11.25,494249.0498787379,-677613.978934271,7822.0,814.9,-327.5,-9.300000000000068,0.0,0.0,-0.3468750000000007,7066.679565034974
1655,0.82775,0.82775,8.402307,125.53727,-10.4,494282.951002675,-678418.4197422207,7628.0,800.1,-327.0,-9.299999999999956,0.0,0.0,-0.3580645161290293,6908.3355683955015
1656,0.82825,0.82825,8.396813,125.538261,-10.7,494515.171143119,-678437.1005156997,7513.0,794.5,-313.0,-7.400000000000091,0.0,0.0,-0.3468750000000007,6792.416129082496
1657,0.82875,0.82875,8.38884,125.538406,-11.1,494317.9047374622,-679747.8681214924,7628.0,800.1,-336.0,-9.300000000000068,0.0,0.0,-0.358064516129033,6935.934592159109
1658,0.82925,0.82925,8.381599000000001,125.5393525,-11.1,494482.23359212023,-680405.3090333734,7517.0,783.35,-335.0,-9.25,0.0,0.0,-0.30333333333333523,6844.491282600913
1659,0.82975,0.82975,8.373413,125.539879,-11.4,494613.8895195396,-681771.3405940421,7391.5,801.0,-324.0,-7.400000000000091,0.0,0.0,-0.336363636363637,6934.280930471024
1660,0.83025,0.83025,8.37498,125.538353,-11.1,492638.113066621,-681269.3504043279,7483.0,796.4,-320.0,-9.300000000000068,0.0,0.0,-0.3468749999999971,6956.822327732053
1661,0.83075,0.83075,8.373631,125.540298,-11.1,494575.32846444676,-681174.6121959693,7635.0,796.4,-298.0,-9.199999999999932,0.0,0.0,-0.3099999999999985,6848.207449346008
1662,0.83125,0.83125,8.361694,125.5404435,-10.899999999999999,494335.2619132761,-682548.5942048748,7490.5,799.1500000000001,-328.0,-9.299999999999956,0.0,0.0,-0.2999999999999985,6995.641340424971
1663,0.83175,0.83175,8.3561955,125.53955049999999,-11.55,492770.78709733265,-683861.7525048928,7563.0,797.3,-350.5,-9.200000000000044,0.0,0.0,-0.3363636363636353,6831.527095179402
1664,0.83225,0.83225,8.3614185,125.53855899999999,-11.4,492802.8499044033,-682603.3577818897,7566.5,802.8499999999999,-338.5,-8.300000000000011,0.0,0.0,-0.3378787878787871,7004.359108637114
1665,0.83275,0.83275,8.3581285,125.5399205,-11.1,494076.37245116354,-682951.3427854804,7555.0,801.0,-331.5,-10.199999999999989,0.0,0.0,-0.34161931818181884,6896.655189228415
1666,0.83325,0.83325,8.3438135,125.542427,-11.1,494888.48198824184,-684843.1602830341,7254.0,783.4,-328.0,-9.300000000000068,0.0,0.0,-0.3500000000000014,6761.81045342485
1667,0.83375,0.83375,8.3488545,125.5403025,-11.4,494206.19194422296,-683881.990009495,7551.5,806.55,-343.0,-11.100000000000025,0.0,0.0,-0.3909090909090902,7110.638649593491
1668,0.83425,0.83425,8.3384175,125.542553,-11.4,494887.75634803594,-685185.0851547518,7422.0,808.4,-343.0,-11.100000000000025,0.0,0.0,-0.40468749999999964,7109.595553654319
1669,0.83475,0.83475,8.336472,125.542809,-11.1,494861.1148039568,-685370.5585485813,7498.0,796.4,-335.0,-9.199999999999932,0.0,0.0,-0.3000000000000022,6889.522372857266
1670,0.83525,0.83525,8.330452000000001,125.5436595,-10.1,495012.67207670433,-686107.1147600482,7140.0,783.4,-312.0,-9.200000000000044,0.0,0.0,-0.3000000000000004,6696.652660694918
1671,0.83575,0.83575,8.320701,125.544563,-11.1,495129.7565180103,-687592.6810319683,7277.0,787.1,-327.0,-9.299999999999956,0.0,0.0,-0.358064516129033,6816.080647307089
1672,0.83625,0.83625,8.308737,125.543427,-10.4,493242.0846218112,-689663.355816077,7087.0,787.1,-297.0,-5.600000000000023,0.0,0.0,-0.3099999999999985,6593.248961934561
1673,0.83675,0.83675,8.314416,125.545456,-10.7,495263.75974231504,-688183.7940784899,7071.0,790.8,-312.0,-9.299999999999956,0.0,0.0,-0.3468750000000007,6719.3092968868095
1674,0.83725,0.83725,8.3073525,125.54359099999999,-10.1,493307.8322695077,-688989.7916175626,7178.0,784.7750000000001,-293.5,-9.225000000000023,0.0,0.0,-0.3468750000000007,6611.427392112395
1675,0.83775,0.83775,8.296819,125.546356,-10.4,495299.6996755454,-690003.6127615918,7087.0,776.0,-267.0,-7.399999999999977,0.0,0.0,-0.3468749999999971,6524.374846278207
1676,0.83825,0.83825,8.293933,125.546028,-10.7,495367.96463515185,-690092.5688257788,7003.0,777.8,-267.0,-3.7999999999999545,0.0,0.0,-0.358064516129033,6402.96586195062
1677,0.83875,0.83875,8.293002,125.547401,-10.4,495358.2025661947,-690439.3862810269,6980.0,776.0,-267.0,-7.399999999999977,0.0,0.0,-0.3468750000000007,6632.578684661875
1678,0.83925,0.83925,8.28447,125.547333,-10.4,495607.28891412006,-691172.161859766,7010.0,770.4,-297.0,-9.199999999999932,0.0,0.0,-0.3468750000000007,6515.619865127907
1679,0.83975,0.83975,8.287276,125.5479695,-9.95,495679.3610441057,-690842.1904591727,6869.5,766.75,-282.0,-7.399999999999977,0.0,0.0,-0.35246975806451686,6436.239400155316
1680,0.84025,0.84025,8.2777605,125.5486105,-9.8,495716.1403826048,-692119.154760575,6816.0,766.7,-232.5,-5.525000000000006,0.0,0.0,-0.358064516129033,6107.667642660894
1681,0.84075,0.84075,8.276413,125.548454,-10.1,495695.4441044198,-692224.4009040159,6911.5,774.1,-305.0,-9.299999999999956,0.0,0.0,-0.3939393939393939,6679.949954920175
1682,0.84125,0.84125,8.272912999999999,125.549248,-10.4,495698.8201720343,-692441.2869080114,6987.5,769.5,-308.5,-9.200000000000044,0.0,0.0,-0.3909090909090902,6607.719963241667
1683,0.84175,0.84175,8.262965999999999,125.54941149999999,-10.1,495602.1989179783,-693623.1238182733,6770.5,768.6,-289.0,-7.399999999999977,0.0,0.0,-0.336363636363637,6515.97168436651
1684,0.84225,0.84225,8.258057,125.550224,-10.1,495795.1113959977,-694055.2279000609,6805.0,761.2,-229.0,-7.399999999999977,0.0,0.0,-0.3612903225806466,6110.719925374164
1685,0.84275,0.84275,8.2522915,125.55037300000001,-10.4,495797.499707538,-695226.5012777008,6789.5,765.8,-301.0,-7.400000000000091,0.0,0.0,-0.3612903225806466,6428.618303548552
1686,0.84325,0.84325,8.24621,125.551525,-10.1,495935.5766615157,-695742.9468278456,6747.5,763.95,-282.0,-9.200000000000044,0.0,0.0,-0.358064516129033,6549.719794916915
1687,0.84375,0.84375,8.24496,125.551292,-10.4,495825.59088426066,-695657.7713963867,6820.0,768.6,-297.0,-9.200000000000044,0.0,0.0,-0.358064516129033,6568.353237837676
1688,0.84425,0.84425,8.236263999999998,125.54983150000001,-10.4,493934.4338847955,-697687.7487811302,6812.0,765.8,-301.0,-9.25,0.0,0.0,-0.336363636363637,6613.58153733687
1689,0.84475,0.84475,8.233602,125.551285,-9.8,495895.47704590217,-696854.0080695393,6744.0,770.4,-274.0,-7.400000000000091,0.0,0.0,-0.358064516129033,6503.737519554157
1690,0.84525,0.84525,8.23144,125.5501975,-10.4,495618.00546042057,-697222.6753580535,6820.0,760.25,-297.0,-9.200000000000044,0.0,0.0,-0.358064516129033,6590.153900258536
1691,0.84575,0.84575,8.2286905,125.551804,-10.4,495087.7084240237,-697839.3632730286,6728.5,756.55,-293.5,-9.199999999999932,0.0,0.0,-0.39242424242424206,6428.293765298346
1692,0.84625,0.84625,8.220154,125.552376,-10.1,496084.00283008267,-698342.6878037057,6728.0,759.3,-290.0,-9.200000000000044,0.0,0.0,-0.3580645161290293,6499.089058491135
1693,0.84675,0.84675,8.221767,125.5534095,-10.175,496089.43103548896,-698104.841527086,6641.0,762.1,-301.0,-10.199999999999989,0.0,0.0,-0.3939393939393939,6585.1926017341975
1694,0.84725,0.84725,8.2184205,125.55352,-10.4,496164.90432655805,-698486.6298350678,6637.0,751.95,-305.0,-11.099999999999907,0.0,0.0,-0.3700000000000008,6619.086413617705
1695,0.84775,0.84775,8.210649,125.55213549999999,-10.899999999999999,495228.36171985767,-699373.3550023902,6645.0,768.55,-320.0,-9.300000000000068,0.0,0.0,-0.36564516129032365,6614.65371221673
1696,0.84825,0.84825,8.209161,125.554642,-10.4,495962.8010201626,-699788.3350418217,6668.0,770.4,-320.0,-9.200000000000044,0.0,0.0,-0.3468750000000007,6735.021171465365
1697,0.84875,0.84875,8.201797,125.552505,-10.1,495284.838043884,-700317.1788434124,6660.0,766.7,-305.0,-9.200000000000044,0.0,0.0,-0.3393939393939407,6718.421340509342
1698,0.84925,0.84925,8.190401,125.550171,-10.4,494860.4253705373,-701625.9449377612,6606.5,763.0,-312.0,-9.200000000000044,0.0,0.0,-0.358064516129033,6624.71494126589
1699,0.84975,0.84975,8.188988,125.55566400000001,-9.8,496315.14221068914,-701913.4398177047,6378.0,749.1500000000001,-297.0,-8.300000000000011,0.0,0.0,-0.30333333333333334,6588.418783112106
1700,0.85025,0.85025,8.182231999999999,125.5541575,-10.4,495396.7056912568,-702517.1179082927,6538.0,756.55,-308.5,-9.25,0.0,0.0,-0.3468750000000007,6578.728914699439
1701,0.85075,0.85075,8.176575,125.557106,-9.8,496589.01621029247,-703266.7395416873,6439.0,755.6,-297.0,-9.200000000000044,0.0,0.0,-0.3099999999999985,6495.542228045662
1702,0.85125,0.85125,8.1741715,125.55560299999999,-10.4,495870.07292954816,-703481.6240342384,6458.0,757.45,-312.5,-7.399999999999977,0.0,0.0,-0.2999999999999985,6498.2741468568165
1703,0.85175,0.85175,8.170624,125.554649,-10.7,494628.6279010159,-703774.7342657339,6439.0,772.3,-320.0,-11.099999999999907,0.0,0.0,-0.3699999999999969,6715.118764375657
1704,0.85225,0.85225,8.1641005,125.556297,-10.4,495021.6273950443,-704770.4862092251,6343.5,748.2,-308.5,-9.199999999999989,0.0,0.0,-0.35246975806451497,6518.830221400556
1705,0.85275,0.85275,8.164575500000002,125.558105,-9.8,496847.02948048525,-704520.742059021,6366.5,743.6,-263.0,-9.300000000000011,0.0,0.0,-0.35246975806451497,6502.4042171568935
1706,0.85325,0.85325,8.1610795,125.55879949999999,-9.8,496791.852017244,-705104.627425327,6301.5,739.8499999999999,-297.0,-9.299999999999956,0.0,0.0,-0.34687499999999893,6464.880607419631
1707,0.85375,0.85375,8.157602,125.558979,-10.4,496872.6824190494,-705254.073613161,6309.5,755.6,-320.0,-9.299999999999956,0.0,0.0,-0.341619318181817,6618.258126536211
1708,0.85425,0.85425,8.153465,125.558296,-10.1,496261.885545364,-705538.455030858,6286.5,755.6,-305.0,-9.200000000000044,0.0,0.0,-0.3468750000000007,6564.540593134747
1709,0.85475,0.85475,8.143616,125.558769,-10.1,495684.2605533069,-706734.5805089303,6271.0,759.3,-313.0,-9.299999999999956,0.0,0.0,-0.3363636363636336,6632.458613294206
1710,0.85525,0.85525,8.14114,125.560066,-10.1,496974.56976501667,-707063.5511538011,6279.0,757.45,-304.5,-9.299999999999956,0.0,0.0,-0.3363636363636336,6621.413103292958
1711,0.85575,0.85575,8.136795,125.559906,-9.8,496026.3125563917,-707755.6849307147,6225.5,751.9,-297.0,-9.200000000000044,0.0,0.0,-0.3363636363636336,6417.609534896405
1712,0.85625,0.85625,8.1287155,125.5603295,-10.7,496879.67723936564,-708688.0556784729,6248.0,759.3,-308.5,-9.200000000000044,0.0,0.0,-0.3231818181818179,6584.872663580019
1713,0.85675,0.85675,8.123932,125.559578,-10.1,495754.8299928074,-709504.8947378687,6187.0,742.7,-282.0,-7.400000000000091,0.0,0.0,-0.2999999999999985,6386.41592890911
1714,0.85725,0.85725,8.120595999999999,125.5617675,-9.8,497183.29494487104,-709297.1823279924,6145.5,749.15,-297.0,-7.4500000000000455,0.0,0.0,-0.2967741935483849,6466.105253984533
1715,0.85775,0.85775,8.1141655,125.5620385,-9.600000000000001,497064.12919534836,-710092.3383467422,6153.25,743.6,-308.5,-7.400000000000091,0.0,0.0,-0.2936995967741918,6464.710220416211
1716,0.85825,0.85825,8.112133,125.5606535,-10.1,496138.34356858255,-710573.3682638325,6141.5,742.65,-297.0,-9.299999999999956,0.0,0.0,-0.341619318181817,6531.30491370682
1717,0.85875,0.85875,8.109402,125.562557,-9.8,497240.722018188,-710709.9158223593,6084.5,733.35,-278.5,-7.399999999999977,0.0,0.0,-0.3099999999999999,6324.7642462819
1718,0.85925,0.85925,8.102348,125.56209175000001,-9.600000000000001,495738.6512637726,-711643.9544963212,6092.0,728.75,-282.0,-9.200000000000044,0.0,0.0,-0.3393939393939373,6303.0024537029685
1719,0.85975,0.85975,8.099599999999999,125.5630265,-10.1,496570.0013036692,-711596.3074044408,6039.0,734.3,-274.5,-9.300000000000011,0.0,0.0,-0.3580645161290311,6404.010471773491
1720,0.86025,0.86025,8.09523,125.564651,-10.1,497447.97535164974,-712071.9443601399,6020.0,746.4,-297.0,-9.299999999999956,0.0,0.0,-0.336363636363637,6432.609708322512
1721,0.86075,0.86075,8.0903365,125.5636825,-10.1,495697.1323270504,-712644.5434258026,5968.5,747.3,-305.0,-9.199999999999932,0.0,0.0,-0.30666666666666625,6436.022710743119
1722,0.86125,0.86125,8.083054,125.564636,-9.8,495837.9028776994,-713394.0538641165,5997.0,751.9,-290.0,-7.5,0.0,0.0,-0.2967741935483849,6568.447152950566
1723,0.86175,0.86175,8.080100999999999,125.565323,-10.1,497540.47411984357,-713810.3682445108,5944.0,750.05,-305.0,-8.300000000000011,0.0,0.0,-0.2967741935483849,6485.07880469339
1724,0.86225,0.86225,8.075226,125.564926,-10.4,495844.71705575916,-714270.4934865173,5947.5,743.6,-304.0,-8.350000000000023,0.0,0.0,-0.3468749999999971,6421.176503801831
1725,0.86275,0.86275,8.070212999999999,125.56431549999999,-9.8,496864.2871895344,-715029.0663238703,5875.0,739.8499999999999,-297.0,-9.199999999999989,0.0,0.0,-0.2999999999999985,6465.537840253812
1726,0.86325,0.86325,8.062755,125.550385,-9.8,495839.9672150255,-715761.285927208,5867.0,731.5,-290.0,-9.199999999999932,0.0,0.0,-0.3363636363636336,6336.43303485616
1727,0.86375,0.86375,8.059717500000001,125.5677685,-9.8,497774.08624200395,-716497.730943595,5814.0,746.4,-282.0,-7.399999999999977,0.0,0.0,-0.2936995967741953,6278.90841877893
1728,0.86425,0.86425,8.056516,125.565773,-9.1,496392.82009670965,-716331.8278838866,5825.5,722.3,-278.0,-9.300000000000068,0.0,0.0,-0.358064516129033,6217.602335338055
1729,0.86475,0.86475,8.04804,125.5669595,-9.600000000000001,496981.15655912156,-717481.918598742,5730.0,727.8,-282.0,-9.199999999999932,0.0,0.0,-0.30333333333333323,6374.504036795595
1730,0.86525,0.86525,8.046661,125.566978,-9.4,496468.51525658526,-717556.1969123379,5753.0,731.5,-251.0,-9.299999999999956,0.0,0.0,-0.358064516129033,6212.969886472818
1731,0.86575,0.86575,8.042313,125.567444,-9.1,496709.93332292914,-718117.6208724371,5685.0,720.4,-259.0,-9.200000000000044,0.0,0.0,-0.3468750000000007,6203.6662935120885
1732,0.86625,0.86625,8.0382155,125.56852,-9.8,497865.5026747381,-718863.183885403,5688.5,730.6,-301.0,-9.299999999999956,0.0,0.0,-0.3484374999999993,6350.798175645338
1733,0.86675,0.86675,8.033478,125.563835,-9.4,496510.47742130834,-719037.4265761289,5608.0,737.1,-289.0,-9.299999999999956,0.0,0.0,-0.2999999999999985,6359.113007752697
1734,0.86725,0.86725,8.027863499999999,125.56884,-9.4,496532.1840764121,-719838.3647390509,5570.0,725.05,-282.0,-9.299999999999956,0.0,0.0,-0.336363636363637,6321.823050485089
1735,0.86775,0.86775,8.0216715,125.57032000000001,-9.4,498086.1699468114,-720225.5460084244,5638.75,745.45,-289.5,-9.299999999999956,0.0,0.0,-0.2999999999999985,6483.780735609465
1736,0.86825,0.86825,8.0213695,125.568615,-10.399999999999999,496375.07121786085,-720550.1800451658,5631.0,735.2,-300.5,-9.299999999999956,0.0,0.0,-0.3083333333333314,6461.207331088555
1737,0.86875,0.86875,8.0151085,125.5704495,-9.4,498046.3575442784,-720882.3197498237,5601.0,727.8,-282.0,-9.200000000000044,0.0,0.0,-0.341619318181817,6252.818537504198
1738,0.86925,0.86925,8.007544,125.566551,-10.1,496439.1283798851,-721786.6137398228,5581.5,729.7,-290.0,-9.299999999999956,0.0,0.0,-0.3393939393939407,6248.60507471138
1739,0.86975,0.86975,8.006193,125.567719,-10.1,497385.78092501266,-722076.4993139915,5685.0,735.2,-298.0,-9.199999999999932,0.0,0.0,-0.2967741935483886,6334.704691582516
1740,0.87025,0.87025,7.999168,125.5704685,-10.1,497916.3835221987,-722815.8910000043,5547.0,738.0,-289.0,-9.200000000000017,0.0,0.0,-0.3000000000000004,6246.065000913966
1741,0.87075,0.87075,7.992783,125.570602,-10.1,498091.81347922183,-723813.1440770789,5502.0,727.8,-259.0,-7.400000000000091,0.0,0.0,-0.3166666666666629,5939.245088017221
1742,0.87125,0.87125,7.9860885,125.5709705,-9.95,498177.97861046984,-724842.5325323408,5577.5,725.05,-160.0,-5.550000000000011,0.0,0.0,-0.24430107526881678,5595.557661688199
1743,0.87175,0.87175,7.9807375,125.57061,-9.95,498204.3521835166,-724955.3399412376,5486.5,726.0,-175.5,-5.5,1.0,0.032258064516129,-0.27643097643097664,4667.539848502765
1744,0.87225,0.87225,7.973442,125.57233400000001,-10.1,498453.5304423593,-726030.0403916948,5448.5,726.0,-133.0,-1.8999999999999773,2.0,0.12701612903225806,-0.18204301075268853,2945.5304799873725
1745,0.87275,0.87275,7.971085,125.573166,-10.4,498491.8467358047,-726212.2891281976,5425.0,738.9,-107.0,-1.8999999999999773,2.0,0.4545454545454545,-0.2312499999999993,2606.3209589400503
1746,0.87325,0.87325,7.9684574999999995,125.574036,-10.175,498536.5482112864,-726266.9971076725,5395.0,737.1,-43.5,-1.8000000000000682,2.0,0.6568627450980392,-0.1774193548387097,972.2041675490445
1747,0.87375,0.87375,7.965457000000001,125.573967,-10.1,498660.966914707,-726615.8716719053,5372.0,737.1,-30.0,0.0,2.0,0.8181818181818182,0.0,531.4069286999293
1748,0.87425,0.87425,7.962822,125.57366175,-10.1,498707.4637439833,-726901.0870527042,5351.0,737.1,-23.0,0.0,2.0,1.0,0.0,485.47772706139733
1749,0.87475,0.87475,7.9591475,125.572937,-10.1,498679.9196721397,-727224.0531632425,5342.0,737.1,-23.0,0.0,2.0,1.0,0.0,465.5530698195771
1750,0.87525,0.87525,7.955475,125.572075,-9.8,498579.188175651,-727634.6409970047,5330.5,737.1,-23.0,0.0,2.0,0.7692307692307693,0.0,455.2575733994995
1751,0.87575,0.87575,7.951122,125.571266,-9.8,498468.0699130623,-728132.5169687504,5303.5,737.1,-23.0,0.0,2.0,0.5,0.0,453.5444407640055
1752,0.87625,0.87625,7.947072,125.5701445,-9.8,498323.3205051044,-728619.5514201735,5281.0,733.4,-23.0,0.0,1.0,0.5,0.0,453.1350327185241
1753,0.87675,0.87675,7.942696,125.569031,-9.8,498184.31822803925,-729056.5758842612,5273.0,735.2,-23.0,0.0,1.0,0.3333333333333333,0.0,450.9094745283994
1754,0.87725,0.87725,7.938629,125.567886,-9.8,498063.7593726425,-729485.5943025722,5250.25,735.2,-23.0,0.0,0.0,0.0,0.0,446.29309943181624
1755,0.87775,0.87775,7.9346865,125.56691,-9.875,497911.4205578464,-729937.1575234006,5235.0,735.2,-23.0,-0.8999999999999772,0.0,0.0,-0.1666666666666666,452.44604772814176
1756,0.87825,0.87825,7.930756,125.56574649999999,-10.1,497761.4304234292,-730387.1084155658,5227.0,737.1,-23.0,0.0,0.0,0.0,0.0,444.7249283963711
1757,0.87875,0.87875,7.9268920000000005,125.564651,-10.1,497651.45345262974,-730768.7299309268,5212.0,738.9,-23.0,-0.8999999999999772,0.0,0.0,-0.2875000000000014,446.4764972194593
1758,0.87925,0.87925,7.9232375,125.563614,-10.1,497521.9834417913,-731188.9917366698,5189.0,738.9,-23.0,0.0,0.0,0.0,0.0,453.312191801768
1759,0.87975,0.87975,7.921286,125.562981,-10.4,497426.7031629646,-731479.3776886993,5189.0,740.8,-23.0,0.0,0.0,0.0,0.0,453.12145037209916
1760,0.88025,0.88025,7.91922,125.562836,-10.4,497304.68856244575,-731799.3971296118,5194.75,740.8,-23.0,-0.9000000000000057,0.0,0.0,-0.1156249999999987,457.33537872833006
1761,0.88075,0.88075,7.9210259999999995,125.563141,-10.4,496733.80782234,-731939.1693454655,5227.0,742.7,-23.0,0.0,0.0,0.0,0.0,469.36804471083474
1762,0.88125,0.88125,7.921234,125.563362,-10.4,496389.2148303632,-732099.8462364026,5204.0,742.7,-23.0,-1.7999999999999543,0.0,0.0,-0.2571428571428669,462.6007099482479
1763,0.88175,0.88175,7.920258,125.562935,-10.4,496081.7069610633,-732298.4406496998,5189.0,742.7,-23.0,-0.9000000000000341,0.0,0.0,-0.224242424242427,474.64171999358985
1764,0.88225,0.88225,7.918326,125.562325,-10.4,495921.26476826647,-732685.6219190729,5166.5,738.9,-23.0,-1.7999999999999543,0.0,0.0,-0.3166666666666629,481.2776709644053
1765,0.88275,0.88275,7.91509475,125.561592,-10.55,495824.0123487421,-733095.4313872735,5193.0,737.1,-23.0,-0.950000000000017,0.0,0.0,-0.16787634408602056,488.6585349196755
1766,0.88325,0.88325,7.915604,125.5617255,-10.7,495703.0777118871,-733240.7633571387,5206.25,742.7,-26.75,-1.7999999999999543,0.0,0.0,-0.36236559139784796,473.43691051329347
1767,0.88375,0.88375,7.906702,125.560471,-10.1,495630.4367413465,-734219.4468558142,5067.0,719.95,-31.0,-1.8250000000000455,0.0,0.0,-0.2818181818181831,536.6711515066144
1768,0.88425,0.88425,7.882132,125.558464,-9.1,495531.852030765,-735739.5947976867,4961.0,711.2,-38.0,-1.8999999999999773,0.0,0.0,-0.1866666666666674,868.7529885593626
1769,0.88475,0.88475,7.8664205,125.5474855,-8.8,495750.23846349027,-737595.4962843247,4812.0,700.1,-171.5,-3.700000000000017,0.0,0.0,-0.28465909090909086,5140.029177049596
1770,0.88525,0.88525,7.86244,125.546402,-9.1,495777.24841646553,-738013.3117983023,4785.0,700.1,-228.0,-5.600000000000023,0.0,0.0,-0.2906249999999986,5732.534212119138
1771,0.88575,0.88575,7.858344,125.545147,-9.8,495664.83300162654,-738497.8443604199,4793.0,711.2,-281.5,-7.399999999999977,0.0,0.0,-0.2999999999999985,6087.09753066339
1772,0.88625,0.88625,7.856295,125.544403,-9.8,495631.27095382224,-738782.8929485986,4724.0,718.6,-275.0,-9.200000000000044,0.0,0.0,-0.3100000000000023,6198.876958445235
1773,0.88675,0.88675,7.852013,125.543892,-9.4,495570.1336015296,-739061.8814049044,4770.0,711.2,-259.0,-9.199999999999932,0.0,0.0,-0.3468750000000007,6051.839016100626
1774,0.88725,0.88725,7.850104,125.545052,-9.4,495561.5045954454,-739744.3968073777,4717.0,718.6,-282.0,-7.400000000000091,0.0,0.0,-0.336363636363637,6135.710625238888
1775,0.88775,0.88775,7.8405085,125.544197,-8.2,495374.5124133136,-740668.3167290383,4618.0,688.0,-201.5,-5.575000000000017,0.0,0.0,-0.28321678321678206,4951.044518556327
1776,0.88825,0.88825,7.83425275,125.54254900000001,-8.65,494890.02741851355,-741313.859767334,4557.0,688.95,-198.0,-6.5,0.0,0.0,-0.3000000000000004,5422.4274855378935
1777,0.88875,0.88875,7.834968,125.541889,-8.15,494098.534440523,-740998.8441050324,4629.0,685.2,-216.5,-7.400000000000091,0.0,0.0,-0.2999999999999985,5370.145706438168
1778,0.88925,0.88925,7.810501,125.536697,-6.8,493967.8065648588,-745344.0698528583,4412.0,613.0,-107.0,-3.6999999999999886,0.0,0.0,-0.2466666666666659,4688.152224556658
1779,0.88975,0.88975,7.8190155,125.5421105,-6.8,493868.67683408485,-742847.6291065352,4519.0,651.0,-141.0,-6.5,0.0,0.0,-0.3000000000000004,5199.952949201244
1780,0.89025,0.89025,7.8137985,125.53479,-8.8,494410.94557768013,-743465.3455760025,4511.0,681.075,-240.0,-3.7000000000000455,0.0,0.0,-0.2983870967741935,5648.98800388722
1781,0.89075,0.89075,7.81086,125.532021,-7.8,494255.6273191147,-743883.5224739907,4458.0,668.6,-228.0,-7.399999999999977,0.0,0.0,-0.2999999999999985,5632.7206127292475
1782,0.89125,0.89125,7.806570000000001,125.5306625,-8.5,494108.889814534,-744397.5217323704,4377.5,683.4,-263.0,-7.399999999999977,0.0,0.0,-0.30000000000000115,5935.754624143225
1783,0.89175,0.89175,7.7996485,125.529457,-6.5,494033.9277121111,-746877.3388141985,4366.0,659.35,-179.5,-7.399999999999977,0.0,0.0,-0.30333333333333523,5516.365673806685
1784,0.89225,0.89225,7.800293,125.528481,-9.1,493908.661451584,-744940.9876870117,4412.0,696.4,-274.0,-9.299999999999956,0.0,0.0,-0.3499999999999978,6101.3731374508525
1785,0.89275,0.89275,7.796522,125.527657,-8.8,493868.48716369225,-745513.0863748133,4374.0,692.6,-251.0,-9.199999999999932,0.0,0.0,-0.358064516129033,6014.786367792726
1786,0.89325,0.89325,7.7917535,125.5267565,-8.8,493792.96255743096,-746007.5708966118,4339.5,686.1500000000001,-240.0,-8.349999999999966,0.0,0.0,-0.38212121212121253,5918.945411020375
1787,0.89375,0.89375,7.7880255,125.526993,-6.5,493684.08635766665,-746990.4242107959,4336.0,664.9,-168.0,-7.399999999999977,0.0,0.0,-0.3468750000000007,4870.104684760169
1788,0.89425,0.89425,7.783768,125.52638999999999,-7.8,493490.436840599,-747115.629871139,4260.0,664.9,-160.0,-7.399999999999977,0.0,0.0,-0.3500000000000014,5281.558600230427
1789,0.89475,0.89475,7.77836925,125.5248835,-7.8,493007.6542546506,-747534.6129334588,4301.5,663.0,-197.5,-8.349999999999994,0.0,0.0,-0.358064516129033,5413.812228178817
1790,0.89525,0.89525,7.762167,125.522354,-6.2,493027.4024914588,-750428.5760916171,4100.0,614.9,-122.0,-2.799999999999983,0.0,0.0,-0.2818181818181804,4275.8017921740975
1791,0.89575,0.89575,7.766280999999999,125.5247095,-7.0,492640.4811707003,-749006.0574301891,4179.5,648.2,-152.0,-5.5249999999999915,0.0,0.0,-0.29677419354838674,5249.269455159867
1792,0.89625,0.89625,7.760537,125.518089,-7.2,492587.4700982148,-749546.2431299636,4263.5,648.2,-198.0,-5.600000000000023,0.0,0.0,-0.2874999999999978,5387.283436120614
1793,0.89675,0.89675,7.7562999999999995,125.5166855,-8.1,492514.17365309014,-750004.2556654455,4240.5,664.9,-209.5,-7.400000000000091,0.0,0.0,-0.358064516129033,5696.635382924785
1794,0.89725,0.89725,7.751587,125.515198,-7.2,492461.6270295805,-750498.740187244,4107.0,653.8,-160.0,-5.599999999999966,0.0,0.0,-0.3000000000000022,5231.844050838455
1795,0.89775,0.89775,7.749954,125.5140035,-7.575,492403.875218472,-750745.259680122,4111.0,676.9,-179.5,-7.399999999999977,0.0,0.0,-0.30833333333333335,5752.127381183705
1796,0.89825,0.89825,7.74578,125.513214,-8.5,492243.9883692275,-751069.3933390026,4153.0,679.7,-244.0,-7.399999999999977,0.0,0.0,-0.2906250000000021,5857.363720307167
1797,0.89875,0.89875,7.743004,125.511795,-8.8,492181.36190751335,-751432.7232636657,4111.0,684.3,-270.5,-7.399999999999977,0.0,0.0,-0.3265151515151499,5903.777286037965
1798,0.89925,0.89925,7.735794,125.511536,-7.5,492088.2281657458,-752170.2246333145,4061.0,674.1,-176.0,-5.600000000000023,0.0,0.0,-0.2999999999999985,5050.590774589565
1799,0.89975,0.89975,7.731256,125.511604,-8.8,492118.5906855166,-752571.861263118,4107.0,672.3,-176.0,-5.599999999999966,0.0,0.0,-0.3099999999999985,4947.873609557446
1800,0.90025,0.90025,7.725014,125.5102995,-6.65,491708.14528094925,-753455.3061755736,3932.0,632.45,-122.0,-5.5,0.0,0.0,-0.28170163170163326,4391.751243194669
1801,0.90075,0.90075,7.724133,125.511177,-7.2,491642.43800571066,-753309.5294253875,3955.0,646.3,-160.0,-7.399999999999977,0.0,0.0,-0.3612903225806466,4739.32226453515
1802,0.90125,0.90125,7.714691,125.510376,-6.8,491392.86074047955,-755325.7186201821,3955.0,624.1,-106.0,-4.649999999999977,0.0,0.0,-0.2312500000000028,4623.477657491957
1803,0.90175,0.90175,7.711565,125.507675,-6.5,491157.3093395398,-755017.8194430153,3932.0,648.2,-92.0,-7.399999999999977,0.0,0.0,-0.358064516129033,4404.412574227588
1804,0.90225,0.90225,7.7057775,125.503048,-7.2,491053.44399092946,-755859.6217979231,4000.75,626.9000000000001,-190.5,-7.399999999999977,0.0,0.0,-0.29838709677419173,5022.621159071954
1805,0.90275,0.90275,7.6917100000000005,125.49999650000001,-6.2,490769.46156192775,-758821.8587353446,3922.5,588.9,-84.0,-3.7000000000000455,0.0,0.0,-0.2967741935483849,2452.5360149694275
1806,0.90325,0.90325,7.69725,125.499199,-7.5,490776.65263220685,-756389.4107576958,3909.0,655.6,-107.0,-4.599999999999994,0.0,0.0,-0.2875000000000014,4612.37563344149
1807,0.90375,0.90375,7.693222,125.498177,-6.5,490653.0786015328,-757127.1901150453,3833.0,627.8,-122.0,-5.600000000000023,0.0,0.0,-0.2967741935483849,4633.755896418601
1808,0.90425,0.90425,7.68908,125.496498,-8.1,490503.52870365145,-757512.7034582151,3856.0,663.0,-190.0,-7.399999999999977,0.0,0.0,-0.3468750000000007,5267.49242572341
1809,0.90475,0.90475,7.683334,125.495125,-7.2,490335.6885372113,-759016.3945282131,3757.0,637.1,-115.0,-5.5,0.0,0.0,-0.336363636363637,4195.660491225368
1810,0.90525,0.90525,7.679955,125.493988,-6.5,490250.1865344923,-758703.491572436,3772.0,633.4,-182.0,-5.500000000000057,0.0,0.0,-0.3166666666666629,5150.637302033413
1811,0.90575,0.90575,7.6742989999999995,125.49382,-6.050000000000001,490110.89891199383,-758942.2830072371,3661.5,599.1,-76.0,-3.7000000000000455,0.0,0.0,-0.358064516129033,2394.5542042072857
1812,0.90625,0.90625,7.639409,125.491287,-5.9,489602.17286723416,-762892.4326349937,3570.0,572.3,-61.0,-5.5,0.0,0.0,-0.40625,2050.5885809947717
1813,0.90675,0.90675,7.663243,125.490669,-6.5,489769.2218089513,-762250.9482171263,3597.0,603.8,-77.0,-3.699999999999932,0.0,0.0,-0.2846153846153881,2566.7185210556377
1814,0.90725,0.90725,7.660264,125.488632,-5.9,489629.4278165711,-761296.6720385622,3551.0,609.3,-84.0,-3.800000000000068,0.0,0.0,-0.3580645161290293,2455.0850220322427
1815,0.90775,0.90775,7.654495,125.486313,-6.2,489370.5241289722,-763010.0770298806,3581.0,616.7,-68.0,-4.599999999999994,0.0,0.0,-0.4161290322580638,2248.065139472408
1816,0.90825,0.90825,7.647881,125.485275,-5.9,489270.30770778586,-762888.0960268647,3536.0,609.3,-61.0,-3.7000000000000455,0.0,0.0,-0.4307692307692238,2292.2494962519913
1817,0.90875,0.90875,7.6408285,125.4850155,-6.050000000000001,489145.6545170003,-764543.5683813812,3543.0,613.0,-61.0,-3.700000000000017,0.0,0.0,-0.2967741935483886,2157.946356193737
1818,0.90925,0.90925,7.643878,125.483376,-5.9,488811.65011131554,-762761.333635398,3505.0,635.2,-68.0,-3.7000000000000455,0.0,0.0,-0.3939393939393939,2325.23616626311
1819,0.90975,0.90975,7.6393305,125.481674,-5.9,488933.33907821146,-763087.2464155629,3501.5,630.6,-61.0,-3.7000000000000455,0.0,0.0,-0.34313446969696904,2224.722431360815
1820,0.91025,0.91025,7.6356839999999995,125.480438,-5.9,488783.417443082,-763411.1576842827,3520.0,635.2,-68.0,-7.399999999999977,0.0,0.0,-0.3939393939393939,2411.22923511714
1821,0.91075,0.91075,7.626663,125.479088,-5.5,488604.242512032,-764406.353652373,3505.0,626.0,-53.0,-3.699999999999932,0.0,0.0,-0.3468750000000007,2063.635807218756
1822,0.91125,0.91125,7.627029,125.478485,-5.2,488545.2159428996,-764324.4028782409,3452.0,620.4,-53.0,-3.699999999999932,0.0,0.0,-0.4352941176470608,2138.6818960195596
1823,0.91175,0.91175,7.6207709999999995,125.476875,-5.2,488391.86174933997,-765433.907388811,3433.0,612.1,-53.0,-3.6999999999999886,0.0,0.0,-0.40468749999999964,2142.7887687160683
1824,0.91225,0.91225,7.6176685,125.47550575,-5.2,488176.49080399185,-765412.8915186471,3414.0,626.0,-45.0,-3.700000000000017,0.0,0.0,-0.41362007168458365,2230.1459101468427
1825,0.91275,0.91275,7.6114075,125.4737625,-5.2,488084.174965107,-766105.1364906407,3406.0,616.25,-38.0,-3.6999999999999886,0.0,0.0,-0.4396270396270398,2076.9727341776993
1826,0.91325,0.91325,7.6058675000000004,125.472954,-5.2,487945.25847445556,-766729.941646473,3410.0,613.05,-46.0,-3.699999999999932,0.0,0.0,-0.43038461538461775,2039.1421510835967
1827,0.91375,0.91375,7.6046905,125.47202675,-4.9,487867.4382133278,-766719.2113212306,3353.0,611.2,-46.0,-3.7000000000000455,0.0,0.0,-0.45714285714285857,2177.141335701418
1828,0.91425,0.91425,7.59928,125.470306,-4.9,487675.1151921304,-767806.032035433,3345.0,616.7,-45.0,-3.6999999999999886,0.0,0.0,-0.4666666666666685,2161.851993851884
1829,0.91475,0.91475,7.5964504999999996,125.46893700000001,-5.125,487616.00088043825,-767645.2439494156,3372.0,627.8,-46.0,-5.5,0.0,0.0,-0.4320512820512829,2288.001493611806
1830,0.91525,0.91525,7.589676,125.46855550000001,-4.9,487453.78106619936,-768430.1700207841,3353.0,613.0,-46.0,-3.7000000000000455,0.0,0.0,-0.4749999999999943,2185.757615889991
1831,0.91575,0.91575,7.584961,125.467262,-4.9,487298.9491592715,-768911.5335231149,3292.0,605.6,-46.0,-3.7000000000000455,0.0,0.0,-0.40625,2159.438731740559
1832,0.91625,0.91625,7.583266,125.46624,-4.9,487271.24279523,-769242.3388868097,3299.0,600.0,-46.0,-5.600000000000023,0.0,0.0,-0.5218750000000014,2251.859104728634
1833,0.91675,0.91675,7.5786345,125.46448699999999,-4.9,487104.2547143338,-769645.5878452766,3277.0,598.15,-46.0,-5.599999999999909,0.0,0.0,-0.5285714285714269,2215.0811043835783
1834,0.91725,0.91725,7.573273,125.463264,-4.6,486968.25764274574,-770169.483465797,3288.0,598.2,-46.0,-6.5,0.0,0.0,-0.5972916666666648,2234.877444090762
1835,0.91775,0.91775,7.56851,125.464241,-4.9,486834.7392939326,-771041.3640899081,3246.0,585.2,-46.0,-3.7000000000000455,0.0,0.0,-0.43038461538461775,2114.469085172805
1836,0.91825,0.91825,7.563156,125.4633525,-4.6,486655.4647746809,-771438.3305263417,3231.0,585.2,-46.0,-5.5,0.0,0.0,-0.5692307692307674,2183.7619635412966
1837,0.91875,0.91875,7.56015,125.461075,-4.6,486578.1998827683,-771640.3719871262,3223.5,585.2,-46.0,-3.7000000000000455,0.0,0.0,-0.4749999999999943,2172.219394807823
1838,0.91925,0.91925,7.555382,125.458656,-4.6,486428.1536216991,-772160.5425724585,3208.0,583.4,-46.0,-5.600000000000023,0.0,0.0,-0.6333333333333447,2173.636378448233
1839,0.91975,0.91975,7.551041,125.458885,-4.6,486299.5801172751,-772930.5685030755,3200.0,570.4,-46.0,-3.7000000000000455,0.0,0.0,-0.4750000000000085,2121.8734876366902
1840,0.92025,0.92025,7.545599,125.4574125,-4.6,486190.52672244207,-773262.096634792,3170.0,577.8,-46.0,-5.600000000000023,0.0,0.0,-0.5830024813895817,2130.344998231839
1841,0.92075,0.92075,7.5410385,125.4547575,-4.675,486005.9410392846,-773700.3720435324,3170.0,575.05,-46.0,-4.624999999999986,0.0,0.0,-0.4750000000000014,2130.954311926449
1842,0.92125,0.92125,7.538902,125.453873,-4.6,485899.039289584,-773991.7031537443,3170.0,575.05,-46.0,-7.399999999999977,0.0,0.0,-0.6642857142857191,2152.266961235556
1843,0.92175,0.92175,7.5336885,125.452408,-4.6,485701.0681562209,-774917.0686114479,3162.0,574.1,-53.0,-7.399999999999977,0.0,0.0,-0.5692307692307762,2168.172984038471
1844,0.92225,0.92225,7.52861,125.450844,-4.6,485555.9935189007,-775181.3793171629,3139.0,570.4,-53.0,-7.399999999999977,0.0,0.0,-0.7076923076923024,2121.706147106115
1845,0.92275,0.92275,7.524983,125.450226,-4.9,485433.1227770082,-775594.1354549896,3139.0,572.3,-53.0,-5.5,0.0,0.0,-0.4749999999999943,2137.3128039304256
1846,0.92325,0.92325,7.5207,125.447952,-4.75,485259.3509229971,-776025.0163908947,3124.0,572.3,-46.0,-7.400000000000091,0.0,0.0,-0.7153846153846206,2122.7107766685413
1847,0.92375,0.92375,7.51679,125.447296,-4.9,485215.9998342529,-776468.351175786,3117.0,568.6,-54.0,-5.599999999999909,0.0,0.0,-0.528571428571435,2134.5738105234764
1848,0.92425,0.92425,7.511576,125.44706,-4.9,485005.40582082025,-777115.7289329054,3101.0,564.9,-53.0,-7.399999999999977,0.0,0.0,-0.664285714285711,2122.3537246701944
1849,0.92475,0.92475,7.507331499999999,125.4442785,-5.2,484881.89928811986,-777534.3506112145,3094.0,563.0,-61.0,-3.7000000000000455,0.0,0.0,-0.4307692307692259,2078.6904326920408
1850,0.92525,0.92525,7.5033625,125.442726,-4.9,484762.324478069,-777938.4057340132,3074.5,568.6,-53.5,-5.600000000000023,0.0,0.0,-0.5612820512820489,2098.96563753023
1851,0.92575,0.92575,7.498487750000001,125.4419175,-5.2,484645.06300838734,-778448.1239818038,3067.0,561.2,-61.0,-5.5,0.0,0.0,-0.4212158808933002,2077.0113364377394
1852,0.92625,0.92625,7.4946375,125.4420355,-5.2,484518.04690306453,-778992.479497087,3048.0,561.2,-61.0,-4.600000000000023,0.0,0.0,-0.4307692307692238,2096.1773104424656
1853,0.92675,0.92675,7.489281999999999,125.439499,-5.2,484294.98941119784,-779443.5979375944,3033.0,560.2249999999999,-61.0,-3.7000000000000455,0.0,0.0,-0.3928571428571428,2062.749396160827
1854,0.92725,0.92725,7.48526,125.437843,-5.2,484198.5306246387,-779999.5733387622,3033.0,561.2,-61.0,-3.7000000000000455,0.0,0.0,-0.3928571428571428,2085.787888996704
1855,0.92775,0.92775,7.4799585,125.4376945,-5.2,484154.9468350434,-780575.1746715908,2968.25,551.9,-61.0,-3.699999999999932,0.0,0.0,-0.2846153846153881,2042.2797674404778
1856,0.92825,0.92825,7.4760565,125.43749199999999,-5.5,483957.8330435247,-781060.7079894308,2987.0,559.3,-61.0,-3.699999999999932,0.0,0.0,-0.3928571428571428,2078.678840505141
1857,0.92875,0.92875,7.47084,125.435928,-5.2,483802.36718700174,-781556.6380472725,2941.0,551.9,-61.0,-1.900000000000091,0.0,0.0,-0.2846153846153794,2049.2132522394477
1858,0.92925,0.92925,7.466094,125.4322245,-5.2,483613.057404604,-782123.8441515436,2941.0,554.6500000000001,-61.0,-3.699999999999932,0.0,0.0,-0.2846153846153881,2068.7183948387337
1859,0.92975,0.92975,7.46293275,125.431236,-5.5,483537.24484899535,-782433.7726389245,2903.0,548.2,-61.0,-3.699999999999932,0.0,0.0,-0.2846153846153881,2018.1624886295654
1860,0.93025,0.93025,7.458925,125.430397,-5.5,483305.5917045815,-782882.1945987361,2865.0,550.0,-61.0,-3.699999999999932,0.0,0.0,-0.2846153846153881,2039.3028659208928
1861,0.93075,0.93075,7.454549500000001,125.429802,-5.5,483204.9509035446,-783363.6136986073,2833.0,548.2,-61.0,-1.875,0.0,0.0,-0.1461538461538444,2015.664835745261
1862,0.93125,0.93125,7.4496075,125.4262315,-5.2,482957.2788724167,-783994.5067850824,2858.0,548.6500000000001,-61.0,-3.699999999999932,0.0,0.0,-0.2846153846153881,2019.8807575654846
1863,0.93175,0.93175,7.447037,125.425278,-5.5,482883.41698771913,-784267.7964935261,2804.0,548.2,-68.0,-1.8999999999999773,0.0,0.0,-0.2466666666666697,2014.8747255823596
1864,0.93225,0.93225,7.442368,125.4249455,-5.5,482727.16037895944,-784786.4103477355,2766.0,546.3,-69.0,-1.8999999999999773,0.0,0.0,-0.2642857142857175,2009.469216321936
1865,0.93275,0.93275,7.438117,125.423477,-5.9,482621.1971514249,-785229.0779621451,2774.0,546.3,-61.0,-1.8499999999999943,0.0,0.0,-0.1461538461538531,2014.9038793647603
1866,0.93325,0.93325,7.432111,125.420586,-5.9,482400.7697362096,-785921.7677144599,2751.0,543.55,-61.0,-1.8999999999999773,0.0,0.0,-0.2642857142857094,1992.631015937333
1867,0.93375,0.93375,7.429039,125.41938400000001,-5.9,482283.43714102544,-786279.3154949506,2716.5,544.5,-69.0,-1.8999999999999773,0.0,0.0,-0.1461538461538444,2008.3961998407294
1868,0.93425,0.93425,7.424896,125.418404,-5.9,482139.5064963364,-786678.72822315,2690.0,544.5,-69.0,-1.8999999999999773,0.0,0.0,-0.2466666666666697,1999.462752796249
1869,0.93475,0.93475,7.419937,125.417435,-5.9,482008.31232057593,-787239.4850127674,2682.0,544.5,-69.0,-1.8999999999999773,0.0,0.0,-0.26785714285714485,2000.1153186557112
1870,0.93525,0.93525,7.416097,125.415375,-6.2,481840.7738171254,-787741.6419951022,2667.0,540.8,-69.0,-1.8999999999999773,0.0,0.0,-0.2000000000000012,1990.218654984533
1871,0.93575,0.93575,7.410604,125.414101,-5.9,481735.04404711694,-788276.7127211859,2637.0,539.8499999999999,-76.0,-1.8999999999999773,0.0,0.0,-0.2846153846153794,1983.841056676419
1872,0.93625,0.93625,7.407303,125.413361,-6.2,481615.6869896346,-788635.6504401796,2591.0,540.8,-76.0,-1.8499999999999943,0.0,0.0,-0.1583333333333314,1978.66258537489
1873,0.93675,0.93675,7.402177,125.411568,-6.125,481430.4093516071,-789220.2029769672,2610.0,537.1,-69.0,-1.8999999999999773,0.0,0.0,-0.2642857142857175,1983.5383903092147
1874,0.93725,0.93725,7.397383,125.410049,-6.2,481263.1100800258,-789811.7608038096,2568.0,537.1,-76.0,-1.8999999999999773,0.0,0.0,-0.2466666666666697,1971.5101423488436
1875,0.93775,0.93775,7.393683,125.409096,-6.2,481168.689698981,-790223.9053686953,2553.0,537.1,-76.0,-1.8999999999999773,0.0,0.0,-0.2642857142857175,1977.857784925624
1876,0.93825,0.93825,7.3897604999999995,125.4077605,-6.2,481051.34077149245,-790610.1414798864,2507.0,537.1,-83.0,-1.8999999999999773,0.0,0.0,-0.2466666666666697,1976.2077708699783
1877,0.93875,0.93875,7.385581999999999,125.406471,-6.2,480873.14099839615,-791085.1668626443,2522.0,533.4,-76.0,-1.8999999999999773,0.0,0.0,-0.2642857142857094,1975.9502501822285
1878,0.93925,0.93925,7.379379,125.404556,-5.9,480693.2446660025,-791833.3985575356,2492.0,533.4,-76.0,-1.8999999999999773,0.0,0.0,-0.2642857142857094,1961.4996352649848
1879,0.93975,0.93975,7.377228,125.403816,-6.2,480604.12457050045,-792132.4021282835,2469.0,535.2,-83.0,-1.8499999999999943,0.0,0.0,-0.1461538461538444,1960.3877221688483
1880,0.94025,0.94025,7.3727339999999995,125.401989,-6.2,480477.3178263984,-792512.4113149816,2423.0,533.4,-77.0,-1.8999999999999773,0.0,0.0,-0.15416666666666382,1956.6889584720784
1881,0.94075,0.94075,7.3674185,125.40107,-5.9,480313.05480917613,-793224.7825964979,2446.0,531.5,-76.0,-1.8499999999999943,0.0,0.0,-0.2466666666666697,1935.5783130711652
1882,0.94125,0.94125,7.362233250000001,125.3992045,-6.5,480099.4180665086,-793826.0699928605,2406.0,531.5,-77.0,-1.8499999999999943,0.0,0.0,-0.14615384615384874,1941.9932617323013
1883,0.94175,0.94175,7.356812,125.398041,-6.2,480023.3942586167,-794257.2289164662,2355.0,533.4,-76.0,-1.8500000000000227,-1.0,-0.0714285714285714,-0.1461538461538444,1929.97811756914
1884,0.94225,0.94225,7.35141,125.396416,-6.8,479905.38600906404,-794877.1414887682,2339.0,535.2,-68.0,-1.8499999999999943,-3.0,-0.3076923076923077,-0.2466666666666697,1812.3934630969818
1885,0.94275,0.94275,7.343801,125.395531,-7.0,479830.5656082028,-795672.0751173575,2355.0,537.05,-38.0,-1.8499999999999943,-3.5,-1.0,-0.2846153846153881,1007.5699125258484
1886,0.94325,0.94325,7.340916,125.395416,-6.8,479823.82714400406,-795994.040472174,2335.5,535.2,-19.0,-0.9500000000000455,-3.0,-1.25,-0.3166666666666629,367.36628756113026
1887,0.94375,0.94375,7.336912,125.395576,-6.65,479850.72883077967,-796460.9486140744,2310.75,535.2,-15.5,-0.9500000000000455,-3.0,-1.25,-0.3166666666666629,345.1273416953351
1888,0.94425,0.94425,7.332675500000001,125.396011,-6.5,479893.3090055341,-796962.104840687,2294.0,534.3,-15.0,-1.7999999999999543,-2.5,-1.0,-0.45000000000001705,332.79951444843107
1889,0.94475,0.94475,7.328276499999999,125.396648,-6.35,479959.6857409187,-797444.5246962802,2282.5,531.55,-15.0,-0.9499999999999886,-1.0,-0.5,-0.44999999999998863,330.6194545849725
1890,0.94525,0.94525,7.32368075,125.3974685,-6.5,480038.5968922117,-797952.991999418,2268.75,531.5,-15.0,-0.9000000000000341,-1.0,-0.41666666666666663,-0.32651515151516114,325.04018689467296
1891,0.94575,0.94575,7.31938225,125.39841675,-6.5,480143.907766854,-798435.300659931,2234.75,530.6,-15.0,-0.9000000000000341,-0.5,-0.25,-0.3166666666666629,327.9028284485942
1892,0.94625,0.94625,7.314789,125.39934550000001,-6.5,480244.69724721136,-798940.2097205013,2221.5,529.7,-15.0,-0.8999999999999772,0.0,0.0,-0.1461538461538444,325.29165904572767
1893,0.94675,0.94675,7.310316500000001,125.400269,-6.5,480351.8476125392,-799436.3065709635,2195.0,528.75,-15.0,0.0,0.0,0.0,0.0,325.6140032110085
1894,0.94725,0.94725,7.30623575,125.4010925,-6.5,480451.5123770711,-799916.113342171,2172.0,528.75,-15.0,0.0,0.0,0.0,0.0,324.1831869130233
1895,0.94775,0.94775,7.3034495,125.40181,-6.5,480554.28845773684,-800255.4251295035,2172.0,529.7,-15.0,0.0,0.0,0.0,0.0,326.9643360927183
1896,0.94825,0.94825,7.30152525,125.402466,-6.575,480630.1045040956,-800630.5973302117,2179.0,527.8,-15.0,0.0,0.0,0.0,0.0,340.26423698683834
1897,0.94875,0.94875,7.29974,125.403488,-6.5,480691.0137896099,-801241.3363083943,2147.0,521.8,-19.0,0.0,0.0,0.0,0.0,365.3922084114851
1898,0.94925,0.94925,7.290253,125.40567,-6.2,480954.47794723255,-801962.3808061687,2080.0,518.6,-46.0,-0.9499999999999886,0.0,0.0,-0.1384615384615393,1707.5854058272234
1899,0.94975,0.94975,7.283243,125.406326,-5.9,481084.1974066314,-802349.2840878412,2065.0,518.6,-68.0,-1.8499999999999943,0.0,0.0,-0.1461538461538444,1859.526163170014
1900,0.95025,0.95025,7.280983,125.4072685,-5.5,481181.19061722956,-802796.844285781,2046.0,513.0,-64.5,-1.8999999999999773,0.0,0.0,-0.23215686274510083,1839.1799952471401
1901,0.95075,0.95075,7.276434,125.408936,-5.5,481305.92113186617,-803573.2083359717,2027.0,509.3,-76.0,-1.8999999999999773,0.0,0.0,-0.1461538461538444,1873.9390102319358
1902,0.95125,0.95125,7.268333500000001,125.40966,-5.2,481460.0952920894,-804044.9534638625,1928.0,509.3,-69.0,-1.900000000000034,0.0,0.0,-0.2642857142857094,1877.2476992719112
1903,0.95175,0.95175,7.2653555,125.410309,-4.9,481526.7794487815,-804420.7372375117,1981.0,513.0,-69.0,-3.699999999999932,0.0,0.0,-0.2846153846153794,1902.5976442432623
1904,0.95225,0.95225,7.261451,125.411537,-5.2,481641.33031772217,-804952.8612939691,1981.0,500.0,-68.0,-1.8999999999999773,0.0,0.0,-0.2642857142857094,1867.5789472808067
1905,0.95275,0.95275,7.258564,125.412849,-4.2,481784.466382532,-805649.1648863916,1897.0,498.2,-61.0,-2.8000000000000114,0.0,0.0,-0.2642857142857175,1851.627153844151
1906,0.95325,0.95325,7.250884,125.413361,-4.6,481864.3000485328,-805986.8643450609,1890.0,496.3,-60.0,-3.699999999999932,0.0,0.0,-0.2642857142857175,1835.4113558809995
1907,0.95375,0.95375,7.246973,125.414284,-4.2,481973.4388387421,-806495.5818371291,1897.0,503.7,-61.0,-3.6999999999999886,0.0,0.0,-0.2846153846153837,1871.3751759323252
1908,0.95425,0.95425,7.2446755,125.4155085,-3.9,482052.5271314315,-806985.3405680177,1890.0,485.2,-53.0,-3.69999999999996,0.0,0.0,-0.2846153846153837,1809.5077421316078
1909,0.95475,0.95475,7.238966,125.416656,-3.9,482221.6687926742,-807568.3919712225,1814.0,481.5,-53.0,-3.7000000000000455,0.0,0.0,-0.3999999999999935,1799.3229390844565
1910,0.95525,0.95525,7.231888,125.417313,-4.2,482315.7903845516,-808099.7932596586,1829.0,492.6,-53.0,-3.6999999999999886,0.0,0.0,-0.3000000000000019,1841.4825789652843
1911,0.95575,0.95575,7.22937,125.417984,-3.75,482390.0523120455,-808506.4336680726,1821.0,481.5,-46.0,-5.5,0.0,0.0,-0.4933333333333318,1802.6346265324607
1912,0.95625,0.95625,7.2250705,125.419495,-3.45,482543.1128238436,-809126.5130329948,1783.0,476.0,-45.0,-3.7000000000000455,0.0,0.0,-0.411111111111113,1770.7202332300794
1913,0.95675,0.95675,7.2189175,125.420368,-3.6,482635.59969579906,-809617.1057269851,1783.0,474.1,-45.0,-3.7000000000000455,0.0,0.0,-0.4403846153846177,1744.4063748956787
1914,0.95725,0.95725,7.2141305,125.4210475,-3.6,482741.94532789104,-810205.7168842013,1753.0,474.1,-45.0,-3.7000000000000455,0.0,0.0,-0.4230769230769231,1771.2182834661849
1915,0.95775,0.95775,7.2119425,125.422291,-3.6,482877.2611979037,-810613.3580483373,1730.0,464.9,-38.0,-3.7000000000000455,0.0,0.0,-0.4403846153846106,1696.908459870331
1916,0.95825,0.95825,7.20607,125.423317,-3.6,482964.39230313496,-811089.2729917369,1722.0,466.7,-38.0,-4.599999999999994,0.0,0.0,-0.4230769230769231,1718.3228827906976
1917,0.95875,0.95875,7.2007235000000005,125.4240765,-3.9,483085.1792887142,-811747.8258544202,1715.0,463.95,-39.0,-3.7000000000000455,0.0,0.0,-0.4230769230769231,1699.757874505621
1918,0.95925,0.95925,7.195905,125.425041,-4.2,483192.9984848584,-812197.9991367456,1692.0,466.7,-46.0,-3.7000000000000455,0.0,0.0,-0.4230769230769231,1720.2616528497474
1919,0.95975,0.95975,7.192514,125.426121,-4.2,483303.81077297335,-812633.1610832394,1684.0,459.75,-46.0,-1.900000000000034,0.0,0.0,-0.2846153846153881,1687.4496743940244
1920,0.96025,0.96025,7.187027,125.427048,-4.4,483411.5310974171,-813233.5589189602,1669.0,461.1,-53.0,-3.6999999999999886,0.0,0.0,-0.3083333333333371,1692.6543949135955
1921,0.96075,0.96075,7.18222,125.428116,-4.6,483539.0022208809,-813770.8535466489,1646.0,461.1,-53.0,-3.6999999999999886,0.0,0.0,-0.2846153846153881,1686.5135357379174
1922,0.96125,0.96125,7.179053,125.428719,-4.2,483602.8165440908,-814226.2529977451,1623.0,456.5,-53.0,-3.6999999999999886,0.0,0.0,-0.4000000000000016,1662.7479768311885
1923,0.96175,0.96175,7.174118,125.430069,-3.9,483748.74515762384,-814706.0041714129,1608.0,457.4,-46.0,-3.7000000000000455,0.0,0.0,-0.4307692307692325,1674.7690973601914
1924,0.96225,0.96225,7.168253,125.430954,-4.6,483867.7453352108,-815351.714002329,1608.0,455.6,-53.0,-3.6999999999999886,0.0,0.0,-0.3166666666666629,1653.16025506825
1925,0.96275,0.96275,7.164017,125.431793,-4.2,483942.00833830616,-815837.5253078694,1554.0,453.7,-53.0,-3.7000000000000455,0.0,0.0,-0.45000000000000284,1638.1790364834903
1926,0.96325,0.96325,7.160014,125.432945,-4.2,484058.1205264265,-816261.2897586393,1547.0,451.9,-46.0,-3.6999999999999886,0.0,0.0,-0.4111111111111099,1601.9058760297048
1927,0.96375,0.96375,7.154022,125.433891,-4.2,484189.0012883373,-816836.5019086873,1524.0,451.9,-46.0,-3.6999999999999886,0.0,0.0,-0.2846153846153881,1577.0422618573002
1928,0.96425,0.96425,7.150138,125.434723,-4.2,484288.52082337876,-817394.7012114597,1486.0,450.0,-46.0,-3.6999999999999886,0.0,0.0,-0.2846153846153881,1449.4608862527052
1929,0.96475,0.96475,7.146469,125.43560049999999,-4.2,484361.0206799004,-817811.6827623353,1478.0,448.2,-45.0,-3.6999999999999886,0.0,0.0,-0.4111111111111099,1325.463822471648
1930,0.96525,0.96525,7.140015,125.436638,-4.2,484491.067171011,-818438.2670394515,1455.0,448.2,-39.0,-1.900000000000034,0.0,0.0,-0.3166666666666629,1108.0620386434962
1931,0.96575,0.96575,7.136132,125.437538,-4.2,484594.4392598796,-818929.3045137626,1455.0,448.2,-38.0,-3.6999999999999886,0.0,0.0,-0.3928571428571428,1122.150287680394
1932,0.96625,0.96625,7.132059,125.43844200000001,-4.2,484698.42285806185,-819340.5595180064,1433.0,444.5,-38.0,-1.900000000000034,0.0,0.0,-0.30833333333333235,1073.2734073598535
1933,0.96675,0.96675,7.126785,125.439529,-4.2,484804.4613131174,-819971.6471958718,1394.0,446.3,-38.0,-1.900000000000034,0.0,0.0,-0.3166666666666629,1009.7135289221104
1934,0.96725,0.96725,7.1219915,125.44043,-3.9,484913.81144355267,-820437.8881672911,1402.0,438.9,-38.0,-3.6999999999999886,0.0,0.0,-0.4111111111111099,1029.8377717271244
1935,0.96775,0.96775,7.117264,125.441513,-3.9,485034.9881488051,-820934.0406152931,1379.0,438.9,-31.0,-3.6999999999999886,0.0,0.0,-0.4307692307692281,1018.0416238429524
1936,0.96825,0.96825,7.11365875,125.442314,-3.6,485134.8727527792,-821434.9744517452,1356.0,438.9,-30.0,-3.6999999999999886,0.0,0.0,-0.4749999999999943,974.9914441741198
1937,0.96875,0.96875,7.10862,125.443504,-3.6,485257.39458731766,-821929.0141932225,1349.0,433.4,-23.0,-3.6999999999999886,0.0,0.0,-0.5428571428571445,877.3776147094798
1938,0.96925,0.96925,7.104383,125.444359,-3.3,485364.9739361171,-822384.358046779,1326.0,431.5,-23.0,-2.8000000000000114,0.0,0.0,-0.5285714285714269,902.743635080131
1939,0.96975,0.96975,7.099984,125.445435,-3.3,485486.0376589501,-822960.5709525491,1318.0,429.7,-23.0,-2.8000000000000114,0.0,0.0,-0.5285714285714269,845.5649983283575
1940,0.97025,0.97025,7.095368000000001,125.446411,-2.9,485590.8072214533,-823480.5191477212,1288.0,427.8,-15.0,-2.75,0.0,0.0,-0.5285714285714269,843.0759775079626
1941,0.97075,0.97075,7.090581,125.447296,-3.3,485701.2203826394,-823962.8834057741,1291.5,420.425,-15.0,-3.6999999999999886,0.0,0.0,-0.528571428571435,865.1476503005567
1942,0.97125,0.97125,7.08577,125.448433,-2.9,485822.5231550614,-824554.7748178572,1273.0,419.5,-15.0,-2.75,0.0,0.0,-0.528571428571435,808.0952101363348
1943,0.97175,0.97175,7.080597,125.449707,-3.0999999999999996,485945.0877869896,-825118.9786549625,1265.0,416.7,-8.0,-2.75,-0.5,-0.1111111111111111,-0.6166666666666648,724.9131215109443
1944,0.97225,0.97225,7.074463,125.45082099999999,-3.0999999999999996,486086.8293733908,-825646.7661032905,1265.0,414.8,-8.0,-1.900000000000034,-3.0,-0.75,-0.7805555555555499,427.3669137743622
1945,0.97275,0.97275,7.0708015,125.45243049999999,-3.0999999999999996,486248.29940328805,-826112.3399042285,1257.0,413.0,-7.5,-1.8500000000000227,-3.5,-1.4722222222222223,-0.7750000000000103,263.98227551855695
1946,0.97325,0.97325,7.067001,125.45457074999999,-2.95,486473.4176415963,-826560.9286566607,1250.0,408.8,-7.5,-1.8499999999999943,-3.0,-1.3333333333333333,-0.8999999999999773,257.85669438738717
1947,0.97375,0.97375,7.0629755,125.457306,-3.3,486753.30870663986,-827011.8525057777,1246.0,405.6,-7.5,-1.8499999999999943,-2.0,-0.8333333333333333,-0.775000000000001,256.01128841094345
1948,0.97425,0.97425,7.059292,125.4600485,-3.75,487053.86949615064,-827414.5732876135,1238.0,401.9,-7.5,-1.8000000000000114,-1.0,-0.41666666666666663,-0.5285714285714269,249.1694897605343
1949,0.97475,0.97475,7.055624,125.463085,-3.9000000000000004,487392.3152337806,-827822.2978480599,1230.5,400.0,-8.0,-1.8000000000000114,-0.5,-0.25,-0.4750000000000085,250.80242160665213
1950,0.97525,0.97525,7.052106,125.46617499999999,-4.2,487718.60870745266,-828241.5033005404,1212.0,396.3,-8.0,-0.950000000000017,0.0,0.0,-0.4749999999999943,247.2638002787308
1951,0.97575,0.97575,7.0485485,125.469263,-4.4,488065.8560054847,-828612.4778869692,1192.5,394.95,-11.0,-0.950000000000017,0.0,0.0,-0.4749999999999943,247.32524430312117
1952,0.97625,0.97625,7.045190000000001,125.472015,-4.550000000000001,488380.2844998443,-828970.9152281021,1173.5,392.6,-11.5,-0.950000000000017,0.0,0.0,-0.4749999999999943,246.73546556201643
1953,0.97675,0.97675,7.04205,125.474854,-4.6,488696.2302201212,-829388.0913703685,1154.5,390.8,-11.5,-1.8000000000000114,0.0,0.0,-0.4749999999999943,254.01376526418824
1954,0.97725,0.97725,7.038636,125.47816850000001,-4.6,489062.0151395228,-829778.9976749294,1128.0,387.075,-15.0,-1.8000000000000114,0.0,0.0,-0.4624999999999986,279.78334397491255
1955,0.97775,0.97775,7.0351375,125.481483,-4.725,489409.0243153969,-830150.6116330698,1105.0,381.5,-23.0,-1.8499999999999943,0.0,0.0,-0.44999999999998863,670.2187094489864
1956,0.97825,0.97825,7.031113,125.4850385,-4.6,489817.55792431,-830545.5765580593,1082.0,377.8,-30.0,-1.8999999999999773,0.0,0.0,-0.4111111111111099,700.1291983427743
1957,0.97875,0.97875,7.027759,125.488472,-4.75,490184.45308996656,-830946.3792247609,1052.0,376.0,-30.0,-1.8500000000000227,0.0,0.0,-0.4111111111111099,692.8618511910016
1958,0.97925,0.97925,7.02364975,125.49188225,-4.9,490579.81458208594,-831347.9602570245,1029.0,372.3,-22.5,-1.8999999999999773,-2.0,-0.2857142857142857,-0.5904761904761922,504.7807161346128
1959,0.97975,0.97975,7.020584,125.495033,-4.6,490907.4551865454,-831689.6071410421,1006.0,370.4,-15.0,-1.9000000000000057,-4.0,-1.5,-0.9125000000000014,243.84746670789454
1960,0.98025,0.98025,7.018275750000001,125.49890325,-4.25,491336.3369285201,-831916.6396961089,983.0,365.75,-11.0,-1.900000000000034,-4.0,-2.0,-0.9499999999999886,226.66501401106197
1961,0.98075,0.98075,7.016772,125.5033225,-4.2,491812.9163654996,-832065.5021097712,956.5,360.20000000000005,-8.0,-2.75,-4.5,-2.0,-1.0666666666666678,220.63684593609284
1962,0.98125,0.98125,7.016281,125.508049,-3.9,492330.35008016607,-832105.1431558747,933.5,353.7,-8.0,-1.900000000000034,-5.0,-2.0,-0.950000000000017,214.79845452483215
1963,0.98175,0.98175,7.0164100000000005,125.512562,-4.05,492821.39192517754,-832050.49077394,910.5,348.2,-8.0,-1.8999999999999773,-4.0,-2.0,-0.9499999999999886,209.30001573888973
1964,0.98225,0.98225,7.017609,125.516983,-4.2,493304.1306019777,-831893.4555218802,891.75,342.6,-8.0,-1.8499999999999943,-4.0,-1.75,-0.9000000000000057,207.89864416391663
1965,0.98275,0.98275,7.0196685,125.521118,-4.2,493759.9201460981,-831650.0216924787,876.0,337.1,-8.0,-1.8499999999999943,-3.0,-1.25,-0.9000000000000057,205.91409420917935
1966,0.98325,0.98325,7.022405,125.52486625,-4.05,494187.1784695325,-831357.6342290046,853.0,332.45,-8.0,-1.8000000000000114,-1.5,-0.7083333333333333,-0.8999999999999773,200.94761625116735
1967,0.98375,0.98375,7.025299,125.52855500000001,-4.2,494587.52104044706,-831042.9521519439,831.0,327.85,-8.0,-1.8000000000000114,-1.0,-0.3333333333333333,-0.7666666666666657,199.72143949487213
1968,0.98425,0.98425,7.0282535,125.532204,-4.2,494985.8820295976,-830702.8064015093,808.0,324.1,-8.0,-1.8000000000000114,0.0,0.0,-0.6333333333333258,196.94404276691597
1969,0.98475,0.98475,7.03125,125.535744,-4.25,495378.7813974139,-830371.1670747129,785.0,319.45,-8.0,-1.7999999999999972,0.0,0.0,-0.6000000000000038,196.6434450864467
1970,0.98525,0.98525,7.034183,125.539284,-4.25,495739.12057972746,-830046.8110256715,758.0,314.8,-8.0,-1.8000000000000114,0.0,0.0,-0.6333333333333258,199.36162000442457
1971,0.98575,0.98575,7.037162,125.542809,-4.2,496133.6944079994,-829713.0033948108,732.0,310.20000000000005,-11.5,-1.8499999999999943,0.0,0.0,-0.7666666666666753,204.8866769387261
1972,0.98625,0.98625,7.0402752500000005,125.546524,-4.2,496532.98854314757,-829366.6307198835,709.0,303.7,-15.0,-1.900000000000034,0.0,0.0,-0.7999999999999972,283.6487181982972
1973,0.98675,0.98675,7.043427,125.550125,-3.75,496911.7777221148,-829027.930505492,678.0,296.3,-22.0,-3.6999999999999886,0.0,0.0,-0.8222222222222197,543.8760316076508
1974,0.98725,0.98725,7.046631,125.55381975,-3.6,497322.5326093957,-828666.6020922731,655.0,290.8,-23.0,-3.7000000000000455,0.0,0.0,-0.7857142857142857,569.4802513686675
1975,0.98775,0.98775,7.049778,125.557487,-3.3,497701.0547216171,-828322.9536968111,632.0,283.4,-23.0,-5.5,0.0,0.0,-0.8222222222222197,591.1576102499491
1976,0.98825,0.98825,7.052719,125.560928,-2.9,498098.91771030566,-827998.4030563799,617.0,277.8,-15.5,-3.7000000000000455,0.0,0.0,-0.6777777777777767,561.3709826935303
1977,0.98875,0.98875,7.055783,125.564514,-2.6,498472.5201962242,-827661.342969422,594.0,274.1,-15.0,-3.7000000000000455,0.0,0.0,-0.6222222222222185,565.5063868469762
1978,0.98925,0.98925,7.058949,125.568192,-2.9,498870.7191849055,-827313.0799781303,587.0,270.4,-15.0,-3.6999999999999886,0.0,0.0,-0.4625000000000021,558.8019843712306
1979,0.98975,0.98975,7.061928,125.571793,-3.6,499259.35253951093,-826969.3759851286,564.0,270.4,-16.0,-1.8999999999999773,0.0,0.0,-0.2714285714285763,555.6265661365039
1980,0.99025,0.99025,7.06507875,125.575386,-3.9,499670.51954971754,-826615.442044745,541.0,266.7,-23.0,-1.8000000000000114,0.0,0.0,-0.2111111111111117,538.0774538380354
1981,0.99075,0.99075,7.06810675,125.578987,-4.2,500060.740394196,-826264.8995543091,514.5,264.8,-30.0,-1.9000000000000057,0.0,0.0,-0.31666666666666765,543.8320466868133
1982,0.99125,0.99125,7.071304,125.582672,-3.9,500437.0698516015,-825921.3623539273,488.0,263.0,-30.0,-3.6999999999999886,0.0,0.0,-0.4624999999999986,530.0414719016054
1983,0.99175,0.99175,7.0743305,125.586235,-3.9,500837.1926452134,-825576.9911904442,457.0,259.3,-30.0,-1.9000000000000057,0.0,0.0,-0.3166666666666676,522.1612236696324
1984,0.99225,0.99225,7.077523,125.58984375,-3.9,501240.22037053155,-825227.5606508104,427.0,257.875,-30.0,-1.799999999999983,0.0,0.0,-0.21805555555555461,514.8575977516681
1985,0.99275,0.99275,7.080597,125.593521,-3.9,501612.9027644097,-824901.3698829453,404.0,257.4,-26.5,0.0,0.0,0.0,0.0,509.79423251793855
1986,0.99325,0.99325,7.083622,125.5970195,-3.9,501989.2379276742,-824557.6102924033,373.0,257.4,-26.5,0.0,0.0,0.0,0.0,503.64088741780853
1987,0.99375,0.99375,7.086731,125.600582,-3.9,502393.1639043065,-824202.0640233567,343.0,255.6,-30.0,0.0,0.0,0.0,0.0,497.3134328236095
1988,0.99425,0.99425,7.089752,125.60406499999999,-3.9,502776.84814782726,-823864.1977720669,320.0,256.05,-30.0,0.0,0.0,0.0,0.0,498.59488245871654
1989,0.99475,0.99475,7.092839,125.60770049999999,-3.9,503157.33972843434,-823529.6117756441,290.0,255.6,-23.0,0.0,0.0,0.0,0.0,496.1950886810074
1990,0.99525,0.99525,7.095932,125.611298,-3.9,503557.5070864261,-823192.4126948362,259.0,257.4,-23.0,0.0,0.0,0.0,0.0,486.20055655141175
1991,0.99575,0.99575,7.0989875,125.61491000000001,-3.9,503950.898565691,-822838.5343519929,232.5,257.4,-26.5,0.0,0.0,0.0,0.0,485.3291535546804
1992,0.99625,0.99625,7.10202,125.61843875,-3.9,504330.6069320621,-822508.4517563195,206.0,255.6,-23.0,0.0,0.0,0.0,0.0,483.285369758403
1993,0.99675,0.99675,7.105179,125.622078,-3.9,504733.4550112575,-822160.4111551886,175.0,255.6,-23.0,0.0,0.0,0.0,0.0,481.7167898577325
1994,0.99725,0.99725,7.1082,125.625633,-3.9,505115.13668069115,-821821.071569086,145.0,257.4,-23.0,0.0,0.0,0.0,0.0,490.59123585866735
1995,0.99775,0.99775,7.111273,125.62920175000001,-3.9,505511.01701462653,-821464.1631603064,122.0,257.4,-23.0,0.0,0.0,0.0,0.0,492.1878679865887
1996,0.99825,0.99825,7.114471,125.63289625,-3.6,505890.14539071464,-821144.1437193945,91.0,257.4,-30.0,0.0,0.0,0.0,0.0,504.86663291039156
1997,0.99875,0.99875,7.117493,125.636429,-2.9,506268.5895650688,-820807.278223827,61.0,257.4,-30.0,0.0,0.0,0.0,0.0,505.1120785433183
1998,0.99925,0.99925,7.120723,125.640186,-1.0,506636.3123277662,-820480.0589014697,46.0,251.9,-15.0,-3.8000000000000114,0.0,0.0,-0.7000000000000011,512.3702530217881
1999,0.99975,0.99975,7.12440125,125.64448725,-0.15,507125.7060337065,-820069.0818849264,23.0,191.7,-23.0,-41.650000000000006,-0.5,-0.10416666666666666,-6.483333333333333,401.92637909944807
