bin_id,var_x,var_y,cov_xy
0,2664.8473576222514,1987.1906400631449,-384.4805520402499
1,80023.72541006922,49948.92775268062,-24765.445026003687
2,204063.5489996978,115105.18958797082,-40576.83508743796
3,420496.13848990714,262002.3628641064,-96942.92323231736
4,690309.0686339431,341365.3630623261,-109478.85418813989
5,1040013.0667267872,599360.1002549914,-199318.4444254006
6,1450107.5803993214,881150.2608306465,-315392.5964642015
7,1921490.2814364347,1142514.7459683553,-411528.4399860417
8,2508343.71820504,1593885.8684957337,-674699.2032114493
9,3049758.7979032765,2030557.91392423,-825631.581087279
10,3896244.7268873053,2736618.134577852,-1340262.6026442146
11,4443778.909389806,3283041.9960281877,-1459136.0161210783
12,5169251.224893133,3930580.3635914424,-1625863.6055320755
13,5814592.105222607,4772810.735848489,-1787477.070901053
14,6911917.595516495,5316497.392634258,-2203881.644986571
15,7655236.559536428,6338656.194186695,-2459198.084600942
16,8945761.313045628,6820437.989841335,-2396642.302783815
17,10115970.062549816,7728667.018898467,-3088477.6100809234
18,11393692.419172153,8771151.642101834,-3223692.874230454
19,13174201.25269401,9137760.016500818,-3188778.1893810877
20,14417687.857989566,10559849.263189673,-4375133.8089542715
21,16808422.041158855,10891074.166199274,-3821560.6982755754
22,17614006.675350767,12100747.26300651,-4457802.463681475
23,19184691.890829246,13797350.144644963,-5944699.553416373
24,21408575.563635826,14317212.160689177,-4934335.505336151
25,22348573.945341907,16880357.633207373,-7452484.378440083
26,25409062.76388018,16839909.379472632,-6855947.335365331
27,26977185.004104577,18775288.9736123,-7429458.708111567
28,27653775.94550465,21079728.875851285,-8244256.97629297
29,29127828.430999864,21457524.78150232,-7211267.125864368
30,33415273.315533575,22679837.075351562,-9025510.512544492
31,32370497.749078315,25959694.768266257,-8918801.856135469
32,36824793.762776285,25608240.47046618,-9514057.023749255
33,38876785.45783152,26557941.27740499,-10576641.290562524
34,39365148.635803945,29229365.771562375,-10358324.63146893
35,43682430.72755595,28892047.42999175,-10252870.47382512
36,45706299.49611437,31238144.987721164,-12068231.112937354
37,48517115.99956989,31657044.572499678,-11246682.24582003
38,51475584.740295514,32120300.127894487,-13099792.271094881
39,54590885.89940769,34964788.28600961,-13327825.745641038
40,60241631.05045146,34950653.48252256,-13848171.571829272
41,61148994.54300432,35111769.34303491,-14804378.014025766
42,64164496.70597254,38176912.11197697,-14570743.399073726
43,70542861.49523261,37466778.16027172,-14736030.221975135
44,74064267.00235754,40524788.845329344,-17981720.820738763
45,76842030.6784852,41533522.213797964,-17572493.911803033
46,80474943.29692458,43020349.67105149,-19164683.011265576
47,86264518.12136474,42510091.033349596,-19374677.436771564
48,91084703.46031533,44236959.33817401,-21545118.903959792
49,93320693.69424064,46252618.01011029,-21993745.529823646
50,100180114.73909351,45768082.66060869,-23243379.096602514
51,103802652.89406767,50245430.16470451,-26280045.595094535
52,108371299.10966583,49074320.78853073,-25685145.473777406
53,112879485.856918,49563824.060283825,-26695439.127900098
54,118027751.12145688,50795258.11978887,-28764342.885290734
55,121597442.08143908,52357849.418846525,-28050711.6996839
56,125318103.34549364,54279994.23061703,-30056075.366992924
57,130146585.0656411,55027492.821640775,-32171385.74693522
58,137477197.6921087,56252271.61773716,-32470842.539359964
59,139997483.6410559,59907422.87767074,-35239176.637608334
60,144287372.83833876,57479583.821810946,-34402521.343944855
61,148280049.56393552,60430536.43127867,-34387817.447470024
62,153635499.62798205,62807744.08291502,-37025098.87517439
63,160194297.612066,56311580.85282626,-34273156.57076557
64,160659417.01233298,66993304.58886677,-38056845.48419568
65,164454052.48344603,68498889.32143897,-38946442.4580892
66,168405348.99642387,68470883.15247306,-38562881.39162869
67,172949564.0645184,66621721.28564395,-39350412.72552026
68,177054303.98893932,67427173.98085795,-40466850.631259166
69,176588636.36453924,76828605.2109243,-45073171.151995264
70,188153947.8232355,65275253.4137619,-39000025.433252655
71,186587322.92237252,73929015.44106571,-43710021.51939855
72,191091571.87997815,74881000.45844491,-44205255.37863155
73,194341724.495437,80265077.58749929,-43779493.46548197
74,195207321.6747658,81799379.47164938,-48474178.43860691
75,202286782.6213758,78566877.43694828,-46011309.29363603
76,199044400.2176134,84589744.28730984,-52723354.56812044
77,207210163.88345596,79104568.75216688,-46014389.06219812
78,212487405.59991032,81200078.48246683,-43662936.918882996
79,211156303.56292728,81149065.47742242,-51007581.035020225
80,214793718.96382135,91247802.30010082,-51869782.755230024
81,216628272.60930204,97794337.55158725,-52871342.59248041
82,216256309.62488544,99905831.33129312,-51308748.89517643
83,221542047.17662022,98449485.7429592,-54685725.81586768
84,227138365.68627036,97842869.12206562,-58855055.22228129
85,224837080.2111891,107124670.46767564,-55066742.09722692
86,222956995.2263772,110171724.35804094,-53027469.099964306
87,236122680.49028704,103597777.24374312,-54312367.222079724
88,226806082.63679168,120034242.49001977,-61979737.105117775
89,230953778.30745137,122266860.99153747,-59413181.409421824
90,232226629.7433021,122342034.24380587,-60156092.37986312
91,247201423.542971,121786971.64964654,-58153818.66058859
92,231070999.5074611,128654268.90889892,-59161910.46281735
93,243365009.761861,128459536.79337068,-55402444.00237322
94,242914011.65949124,128213743.95301937,-56204716.54434803
95,242579350.50184003,139790447.1009987,-64429157.71990027
96,236777456.7014992,149974066.36912718,-59398491.97206659
97,253652604.53371587,133059404.26203018,-60045839.74716429
98,246938060.75459456,144009372.87298188,-61581664.425761595
99,247765289.26557723,151887841.907133,-66732194.93425213
100,255831308.22079813,139087078.0689386,-50621030.16343501
101,249412630.6707285,158921864.8019196,-62341622.24420785
102,260160299.9972778,143623757.47231618,-53606611.94101702
103,248674881.5887668,162341305.48912317,-62554382.97481791
104,248560530.24589482,160570898.62013623,-61840712.66362691
105,246060103.7020242,171898231.29884833,-65183617.775790915
106,268438808.8665538,156485160.94130632,-67764703.85947798
107,254877516.72034326,163854377.8027898,-62572736.71927394
108,261548052.57265815,170565500.25747845,-63243394.892601326
109,274921883.9684585,169143514.98567924,-66952844.95956264
110,260915345.58373806,168873722.04360628,-69301299.94243425
111,276509020.7970223,165065103.19096774,-61468342.36019406
112,265668984.9423518,173642326.0865511,-62126501.81856119
113,277499988.5194658,172762679.96567693,-58249392.63214072
114,267983433.52702558,172418252.99503782,-68522457.32808174
115,288680131.42180574,168530360.59807435,-59439548.69266492
116,289610148.7581798,171163833.82922655,-67281353.32151613
117,283425096.7946401,167661310.7664565,-59344540.87261651
118,290242190.761435,171768972.59226373,-63267250.37155122
119,284640783.5987163,173495726.1251808,-60067264.545171395
120,287436068.7461212,172493465.37489605,-57319521.41876175
121,310155561.54703045,186333234.86093023,-74273157.4532374
122,285855296.18872076,182130516.52543786,-49576638.32615653
123,309949653.4649379,178365841.75020567,-62980279.2118732
124,311632846.64556414,165614917.54811734,-41725056.22458288
125,306001357.8137858,169556474.01633945,-64354452.96426693
126,305377581.62775654,158683798.58073112,-46239409.474387236
127,286941992.2161386,187296211.3464015,-43970634.12969575
128,314105919.20653224,178162586.40413305,-53013403.73083396
129,310139491.2661655,181643890.48338935,-46193575.72479701
130,320125108.43204606,170798368.6491008,-36359815.590205394
131,318489682.4600211,181297466.69252604,-46479675.90687686
132,296418178.9630128,160606714.0042096,-48552636.814224385
133,319105960.7022528,155440867.6247351,-39420465.40580637
134,311417593.2371395,181159449.26328966,-35652651.24799139
135,281979701.5745963,181371618.83956748,-40023968.008818455
136,300144283.9510674,189837915.95904672,-46414162.45334203
137,296493639.53434324,175800219.94226563,-34559591.70012735
138,309155490.21378714,167741798.91386753,-44616842.05998662
139,292930373.1974825,173099564.9068589,-37996984.59985097
140,294496535.9742225,173239203.84459546,-38576986.65852714
141,289351598.85532,176129231.0717004,-41530747.87647903
142,310507653.21553844,167996163.62167746,-32819733.811942644
143,296411340.44484913,183285486.1801047,-36027797.1259982
144,288185858.43991035,195486216.44116467,-25812645.243145734
145,313588571.04514414,175708308.09012523,-38939213.93341334
146,327409402.9317662,149310668.957043,-43217915.32894054
147,315455332.792628,173643630.18891352,-42243479.09887556
148,333036489.7257961,157514009.57888713,-38149593.87334418
149,321616896.5476718,165870818.26529667,-28187403.73975235
150,311882572.1479241,165770245.41320196,-25860216.401697274
151,347232756.99431914,171970146.23966014,-50922250.638161466
152,328590277.0807371,167968271.37716684,-40930867.45271891
153,321126144.07815826,167964047.31881332,-38106815.11448111
154,314079724.47764766,145567491.459157,-35247529.25815015
155,303682909.70899576,153792870.33590037,-19324732.608854644
156,331214795.76521736,157148764.72621733,-28097077.555481628
157,330448620.819451,148339968.2519221,-40819220.54775135
158,327785849.53993225,145349356.7585692,-32467475.22267264
159,329391382.2419393,185242297.95035812,-43799434.58236588
160,305406758.1670422,157145960.2419618,-32029269.43012561
161,315532941.39866126,167504036.62994516,-31019765.49727545
162,329030648.47308284,145858178.36617,-43213766.35938627
163,334423962.8627473,166295843.48161513,-40166159.03275268
164,343145933.1080074,171883810.49119344,-35608594.02563256
165,344960080.98112196,151324929.30675313,-35918269.35929991
166,353340255.7976056,145889890.2790061,-18816068.982676044
167,341549315.79924554,166456012.7278543,-40517601.405328244
168,293167400.7833436,178101857.70329732,-39809684.35605224
169,332507600.68662256,151769498.05588016,-24255053.87586736
170,300077501.93906534,172335204.51772812,-21767899.009333186
171,305384309.27499086,166307466.8220042,-34100167.575520374
172,334992301.0427124,155099606.5865894,-22256635.82598128
173,333050487.87941486,157633386.9267267,-16339845.890645688
174,324826610.7159494,178575066.57977656,-10725188.539304871
175,333037299.9851529,161604270.81523043,-23194017.182110008
176,328483803.9147817,185677119.73446706,-37220739.83409447
177,290607982.800245,184559934.99461854,-38773896.79565792
178,279427939.4435226,181705232.09897965,-19496789.79622003
179,286203701.4521939,188904809.37601808,-26124915.42282492
180,319366054.8487836,205622509.824478,-30422010.61461667
181,262657745.6635185,186687785.79496363,-15829884.847793162
182,283752729.8909021,173449665.5949342,-15593649.171368219
183,283125053.7020547,169257856.85734075,-23778943.56140223
184,282549308.88493997,188145200.10641152,-24777071.486427072
185,285554250.3459816,174644370.75970596,-30656560.089412447
186,296597339.48776996,217872073.30476594,-29806657.996830687
187,281763558.3898625,178977573.14926162,-19720532.220723268
188,315162988.4215734,171993815.1522111,-19261121.29154379
189,321508094.19801664,171197260.78621793,-18878253.15605426
190,256744101.3310045,203943648.42947093,-16420362.067708261
191,308854289.21124125,204410111.06266004,-25155634.320859198
192,247272756.08268213,194405212.97966197,19707487.659623727
193,272150096.74975014,199125644.05606303,-33795289.57116703
194,282109757.5392294,187794721.13930988,-16433201.565570388
195,281242328.2826488,206062927.5245982,-29691520.997400876
196,360904428.4299756,170866220.5227136,-35944312.25709883
197,358097305.18349576,209815750.56119746,-10959176.481519442
198,287235740.1739173,209218509.76995057,-23020415.969463028
199,239156422.17277953,199091760.8516892,-24568483.0465412
200,346847001.8587804,210350124.56319773,-3490081.2677602875
201,280946947.34213245,172755712.79732364,3928847.0832953863
202,275580063.7011619,182392323.41941407,-23663651.608122803
203,328295152.88778675,177100937.35591698,-13916043.867932625
204,271873602.8656618,171853723.80315354,-23798102.71331972
205,324915277.97438884,159263341.57720912,-15509029.295119718
206,291459816.0560367,174041899.87667647,-15522092.8279216
207,298393432.6353316,163825518.1568979,4102136.997501735
208,327261021.03045386,121845450.4886268,-550324.4919447504
209,263782527.78940585,161170210.4871705,8712950.564010315
210,265914492.80316556,152399229.4029278,1261748.8407569977
211,277632446.3479864,166803032.8118157,14068319.400306033
212,319000543.79798937,163778524.15749487,14255774.23930021
213,326319886.42196906,143486267.0070083,3949979.7218471253
214,306886928.1480238,154210628.39492828,60985.152401161016
215,255059613.77605712,129101498.59615314,6701167.553899071
216,353248375.68237734,175163012.7909513,11015493.845654057
217,300059277.2915957,149465871.75812584,-30450674.106825646
218,285315112.55387175,115026779.76163334,731226.0631938904
219,269083964.68607014,164946441.44025186,13616648.113468448
220,311849910.52803814,181476157.33585268,3911597.891190873
221,228543773.5836057,146313686.42469087,499655.1424986197
222,322786015.1736238,155220207.56910023,-28432.291657717706
223,275469696.74683684,187360690.893796,-14739522.09090018
224,311010288.1032146,126724569.63550837,-9742944.108057577
225,286536176.5449963,173229601.9887846,-31079566.623716667
226,240113893.45755208,192439815.66846105,21576359.98037951
227,308169541.136189,124516930.93955937,-8341196.161627921
228,316258219.75876355,144083326.8540217,2650692.6683969395
229,288494606.38957745,136869125.6676589,5277393.959844546
230,282968875.4240033,145246385.39697936,538591.8162659728
231,286156040.78221387,163024187.16265777,-46410020.70409338
232,257132674.126908,152106416.24002993,15891819.98632446
233,288450793.7170886,181288871.78309023,5614130.084514049
234,359373159.0048781,148106445.7602363,-5198371.051919211
235,369401775.0551194,128380296.64546096,10073723.164463155
236,302398184.3283208,180318163.10925907,-8516567.260892773
237,294185345.5702016,164810007.15792003,-16667379.485446244
238,283660670.4403509,155689848.65597838,22116704.474575277
239,282456452.2319553,137886435.9801099,-17122801.75135567
240,237013987.06759462,187305226.76668912,-14898144.100669313
241,263492533.70326048,149535567.6827504,12438248.483031038
242,344240645.3179966,162588608.53020626,-20318973.848179016
243,276509457.8810421,145199178.57301468,-3945312.0682692425
244,312344266.82997733,157117715.85732418,-34560432.60806996
245,205176954.18301508,197866394.97726217,-18548396.384924784
246,269551453.19308627,174576952.95151016,-895342.0191988447
247,236938067.66249168,132839802.25131175,-30157873.52389852
248,247780270.91243988,190303523.02610517,-7157030.915382064
249,279106793.70568746,207216379.09791544,-9323453.134899367
250,254752860.96562323,121022825.44183604,-16239501.92697146
251,181508015.43216342,162370660.61634377,18804530.508777186
252,252707587.00413665,174217760.15495703,-12502958.259448828
253,231802369.96094033,103171422.52126217,5253606.882224628
254,232441320.8649919,183952332.47621167,-20083061.034911815
255,239825732.9554512,225439265.3372242,-8570932.192822916
256,260526801.65735725,139529097.39331746,17710683.226250883
257,247783828.02538118,121431525.0689598,16685737.649914486
258,243494945.34923184,202859912.22291648,-28888348.53758573
259,220890419.87190473,165656944.78958017,-3906180.3939042185
260,256297619.62859318,130499640.74641508,-16610500.147818897
261,180385006.02902013,157442688.19907513,14350742.70241424
262,314759344.2896085,154700902.24267712,4425551.124378164
263,254129277.55792668,119950163.99447995,16176116.33746439
264,145441378.76806185,190252126.0321787,2882592.259677965
265,216882097.4185653,163060970.07485563,28416833.69689053
266,204550329.45950136,129933545.31371559,16795352.96060976
267,222675724.00487295,238818281.35908845,44826792.290556155
268,184141232.9422046,160546716.67862332,21599457.720328055
269,184767047.33946204,154111565.4848044,26379841.479185455
270,222463734.3954955,146005229.42357334,-13436326.305543153
271,175136922.1604217,174354884.96923319,14018682.623654863
272,188394633.91186357,160983258.33479726,15209012.277586946
273,210208891.61942443,125701352.0884443,44616213.87163234
274,163703244.24872318,176704184.98774442,27551700.669243824
275,168002015.171525,136007684.23609665,13541688.187241282
276,224125926.608487,107522655.70384929,-2646070.4945162204
277,159055650.39267755,142786835.41852048,17590054.819033414
278,164611496.4868474,146939248.27295473,26438912.250055656
279,221199354.96412495,85004855.42659464,10684419.513939755
280,195203217.7127,101428795.30356272,-11396317.991164368
281,242673557.39454192,130982103.90662357,-4604880.954524588
282,269279427.9464977,94576993.01535025,-11686919.545372084
283,202457440.14239636,107447344.7199807,-6754974.746568901
284,175863031.36054856,127548079.94004388,5181555.646773948
285,236269395.9612387,115344635.23570278,7301421.586597975
286,297741694.36087865,91004578.61115919,-22437782.301034767
287,274402355.8638164,102503251.81479627,-15154472.274350896
288,208276409.79678154,109232339.57803342,16000740.3955769
289,211202893.82962164,156277888.2251399,-5273629.939208531
290,285829767.131095,117331581.32604237,6799677.088370479
291,229771322.40142918,97633012.16826788,-4346000.167968495
292,281513841.47722346,120564423.25898664,-26804868.48987791
293,237587388.58552197,179569636.8326307,5918641.462838787
294,240956801.20578712,110535765.76651315,-481337.48427548097
295,227293320.1802705,126839620.2798423,-9861611.377013167
296,201864199.65526766,92930797.05479366,-16538301.644678429
297,264966016.01961568,133521549.50507155,7175461.39980475
298,225526161.73080826,119169187.76978812,34020585.22547515
299,221281470.673255,140599434.275819,-27187465.571366496
300,210022952.37188917,83877633.54381306,-1128568.7196108429
301,190673840.95016083,126267444.18974845,-812109.7545213032
302,241456916.4408584,125477785.66467747,-20950225.4356189
303,295871291.1510774,77693985.14786875,18835754.21504404
304,208764921.28837833,151404871.71390036,-3342229.4379246174
305,207299492.5692068,101428047.11700308,-1234349.7242398972
306,228591630.9032143,100078313.0014726,13919236.087368988
307,215984707.7655837,84780273.7062373,5344769.052396309
308,305121036.0641059,90930093.18433255,-32703389.543574277
309,198324683.54112783,117201187.75836973,5741602.721963098
310,299021798.5259889,116129887.60642457,11383216.686887244
311,229869565.9427998,150799079.6903393,-12080410.485004188
312,229513274.17795995,164308892.59479338,7105886.423358234
313,212090933.55279574,114727611.47314492,7186695.415558579
314,177995765.47316113,166256886.94627738,-4097803.4961904325
315,255395318.4554135,139283958.58406937,-7358891.911285509
316,162962581.45512924,129246827.95609163,-11625052.029024918
317,226155473.6972238,124205336.6413059,26125597.803166166
318,227553443.66309214,145479039.26177138,-764489.0024124779
319,205171539.54840028,105958419.08286789,7432739.87950024
320,143470581.68905997,136488691.76761547,21845182.731995028
321,146193771.49660516,122574183.26450041,-12078966.412333798
322,192544052.01566133,121432623.18875645,13996190.273591427
323,177447956.69855398,125959626.5838842,-19833991.692918994
324,144145667.57329166,93491612.59685549,-2726613.8953017206
325,171788854.32853258,93711242.01427257,-13545350.047543133
326,203620128.01792058,127342613.85728915,-2818609.131430637
327,188961100.6851685,108259391.08151008,-4450859.137741078
328,190831584.71097594,133203483.84103718,-14760292.45310534
329,188381506.13069046,106648197.49682613,21095772.335835364
330,174921276.8978096,71925642.63972513,-5482693.885422484
331,121242900.94631109,95985845.79481342,5901669.2605109485
332,221599559.5229336,144404337.90278247,1795380.4159282828
333,161713741.9992478,62028219.88209045,-23839260.80374282
334,177381439.37941468,128556574.87534851,-4402695.971164091
335,231168185.14262873,123828547.39258237,-21635137.152404547
336,162202574.18164128,154743447.76919794,24666820.474193398
337,160881006.0461722,97039459.29518971,-8910169.553113608
338,190344431.4473674,94331719.6924731,1821452.0604842482
339,103331672.12905622,108772055.26914416,12580874.752334895
340,191371675.9592035,147065456.50991806,20835634.07493991
341,119353066.35251985,146869417.93030158,19258357.43558006
342,216291554.18073708,95259741.17866622,5135135.8102165
343,69153341.47438373,100648314.89853276,2590850.9311060063
344,104097208.93664618,127650088.5104018,-3842039.6261248784
345,64622254.40841321,133839160.13171028,10224865.433635011
346,89902150.58482601,122908711.94821578,30594967.684364036
347,54275890.165947154,98227680.49958554,-1914986.1761731473
348,110946188.15349895,129461061.88346891,-22221733.251642793
349,64067892.05299154,154037762.27864984,12479327.337252073
350,92963474.2069017,101120491.86313608,-9812240.713149918
351,81825972.0225701,163308263.92069018,5436333.397183772
352,82891619.96059553,176480695.61450988,-3931747.258252942
353,123997938.62497543,89439524.65068641,3846025.1347872536
354,82763118.85972695,170797967.0195648,13408266.416339127
355,142508253.0110296,95762050.87443875,6416042.548960658
356,52793870.205847844,117034611.81591038,137042.82531709096
357,90562520.40313102,123092273.7406777,14345965.17323626
358,104919938.51588598,190400734.91734442,-6498639.248438054
359,149627296.44858032,149737182.4061871,-28885124.740025926
360,71271063.98367755,103037595.8960913,7639949.037406355
361,79299024.12932302,134359101.8139974,-4156239.904532811
362,85710273.06123571,105999567.62856515,7322436.21659911
363,107585136.69567597,130410624.85766323,27598850.47915777
364,119283515.64234507,108293321.09630948,16107928.111593647
365,49692746.63668869,157291396.39781132,14919777.311487978
366,110668602.71209826,104989026.70496288,-2301767.8432844314
367,76106853.00629647,110124200.68395877,-5030672.449315172
368,108445744.92713918,92945525.33394016,-13306171.714977719
369,77673264.4436645,121511490.5146429,14788630.772744222
370,59361447.58693586,136740979.43883198,1835845.8690291357
371,54491216.79807238,81610238.44701308,-17641532.060120307
372,52404696.339889675,117900540.45289348,6012264.445171598
373,48858847.357454024,115857516.942581,49979.61593991455
374,60851820.35584203,153936819.21677402,-17731098.26831318
375,58206221.92041074,101176503.89558977,-7139299.725617439
376,94419576.28121412,106572623.22674084,-24417662.629794523
377,79746026.68703102,152817109.89511353,15039782.638271565
378,97086353.89044546,102103468.12342262,-16446427.427631436
379,115446533.32134838,125649185.10638696,4408066.979452056
380,61360556.45253487,144919529.10538295,926503.0154605979
381,107663584.64014333,105428928.9992462,-6336194.957591046
382,63811957.0585043,96733060.69702487,-8940979.246029928
383,120272617.51789565,80663052.7251772,-23048174.054660145
384,62024185.1011904,134929813.87677082,-67964.03371495307
385,91087021.2555901,106940371.80170676,-30584888.376852117
386,52566563.6670306,105982746.23820879,-10565132.770861477
387,106816305.78450975,100505695.30643481,9359696.196318155
388,69234370.59654982,132817538.00092602,13327823.118173735
389,73736743.82176258,111008153.7023157,-4117733.135263598
390,98644894.95564108,117018764.67901716,8664735.864330199
391,53423651.00944493,120566673.17084092,-17119647.080470245
392,110035502.64022766,87151125.4168395,3912058.10846612
393,74875683.0476937,128370075.4770136,-5105739.434427169
394,72587702.29900876,99569077.8053263,-8706986.563192932
395,65930651.87467642,113175298.46517697,4477389.01470072
396,83149099.12893422,77251499.3576468,-22923823.9335259
397,76788031.30896632,90338081.06119342,-17021108.676466472
398,71629941.36745228,119261830.36981103,-12590762.977118207
399,67961098.03558739,165177428.85769454,14869474.892289924
400,79701068.81074287,73952946.93425523,-4998561.181756926
401,77195381.91296701,97287628.11254919,-24472258.96855945
402,71921973.54756887,148786122.28343073,763414.066892569
403,62641939.57263359,91705231.1488284,10314735.989464818
404,70364814.68305773,135850961.24896425,-18953624.766755812
405,44042209.05327796,113651791.39493442,-9451953.083459048
406,68543299.88140433,145468448.83947995,4217658.528736789
407,55590140.188724294,105165831.38198318,9346447.861373773
408,87932502.13563551,121622504.10155743,-9395857.298165608
409,64836831.49956742,134814688.60734057,-3979322.3651194903
410,57191258.54550083,75759715.40349352,-7668203.665672305
411,53394785.707730524,136400482.876541,13616460.133930774
412,76044531.710219,117877710.3206759,11963108.336963288
413,36481347.764091134,79995698.78640278,-13288265.34998241
414,69243070.19745092,107852404.42079967,6813171.520889232
415,48903335.61896864,96752098.91581722,567607.6038813036
416,121287662.29457039,122694654.21960606,18837160.018113088
417,44032131.03587242,95048824.8440561,2059108.1898961673
418,72672557.56366883,93743141.06269524,1072103.1723716643
419,71211494.72730014,126956784.17059404,16539105.263724457
420,53594239.25693592,141213886.16845152,-1017665.6044493492
421,49845317.35855817,122880431.839406,2439588.182655245
422,53372713.13275743,89357664.78790183,14603951.843760556
423,61578220.05436017,172354907.4576723,-841247.9501124636
424,74916378.48238832,120164151.24133706,8546193.942217285
425,47198720.23379901,139504331.4145471,-6918131.901473284
426,57166839.02839733,91050222.18229789,-12642709.769236008
427,50955939.87550836,107611875.23027185,9007024.30986548
428,40008958.62801045,123959763.97981554,-7529445.313285178
429,53068097.21932649,109244936.54155375,-8223884.934091245
430,29773277.105798285,148347202.8543756,12117239.279287335
431,38796308.04950207,171881210.01535842,-11029129.722877042
432,49372112.02780535,120577138.47957039,-10096403.239237601
433,35871140.96168001,116776606.38415132,-10848491.448266307
434,33664011.06787587,101780329.29935375,394438.00048814376
435,93609802.52466917,155814299.8212785,-6019573.530407259
436,24008076.685621917,140272888.3863447,8202064.091495084
437,67833433.00204271,153591052.7320694,17716249.66543284
438,57354312.01133346,88933357.32453087,18615589.416333936
439,56138281.875447154,101656178.61874789,-9741450.09942041
440,56310734.05793151,119148240.09473385,9009970.732902352
441,77435149.77599335,88966757.21623349,19829877.634889465
442,54730560.075562365,116614138.73264012,13925228.015083956
443,86526754.4618656,130607686.89228018,11658975.866240844
444,42790073.87353535,103489005.07515368,6581635.092350118
445,86601153.1658963,98800938.49940237,2033864.5932824288
446,38534429.76571428,85404694.01899894,4402278.414853653
447,45240735.84533783,142399516.79184702,16564316.49088391
448,35773668.99875892,108878708.2941336,-5009445.226493698
449,58261609.286790825,115401534.61876997,6362991.571846744
450,48429115.59826902,109949697.36419171,16215470.011612618
451,47112005.67008838,89726167.63986897,-3349650.6130550657
452,62311380.65491869,90507116.46933895,3687869.361893703
453,45396019.295364186,92695872.76690863,6004137.311989819
454,79775446.58224748,122674214.12157479,-2655020.815359096
455,37536700.1917718,116556932.1799477,1114219.9745793948
456,59180548.48907821,117871499.39974448,-4169549.334468475
457,15539755.018884864,149237450.47157216,3211941.052086246
458,33556967.94197039,107058704.507513,-2990320.26416749
459,48480667.30558573,109448276.98582418,30905453.05684103
460,42760436.19033001,133934159.96796578,-11714299.77650262
461,44650293.24431315,92303451.35154161,5062773.356192614
462,31451927.86897473,113202093.81912822,4338906.717630859
463,35187604.12578175,91767873.70228688,4021447.139334591
464,30891030.03526061,112175317.19361715,-1514129.812830908
465,20621247.211627617,125888987.29599828,7935288.715497151
466,23168837.99240658,94792813.21174923,10047865.067883797
467,26246831.070980657,113626442.77018757,25084781.236719072
468,89424834.65202549,88884493.11158976,17028434.059628263
469,60762546.05021012,128616615.0672825,8026538.024355609
470,36623402.06747597,88396734.50599276,15145875.92004109
471,18454496.69384612,156173620.07958344,22546533.86704695
472,41646390.256312676,80309090.84208016,9592953.692539226
473,34395360.35036828,109704220.38165237,13287781.744440345
474,32792704.079902228,127094896.03837137,-1292258.869643285
475,22094273.89626555,99847064.28933817,13393141.608009372
476,40686393.859051466,101830369.94546904,-1555371.2115273443
477,27294023.457050618,101632316.75074098,13483219.1874159
478,56615005.03574747,120044652.80508387,15034693.560470294
479,30497607.527379658,100635542.22146097,8918135.959432444
480,46418693.19150157,111211216.99070248,6517758.453191869
481,77256212.35748748,115693081.1480799,2226543.9511178914
482,29591106.11638289,112932894.4766748,8935511.183186911
483,28929233.805041857,105263733.73514941,2635251.9304917743
484,22806316.78764686,124278851.23359841,3754843.142881804
485,14320926.860832596,66337046.3317543,1794626.0883636677
486,27824962.975452915,141284042.80543587,5915911.910410896
487,15106462.149821362,67526824.00760926,1844424.3554492788
488,40285398.11925664,83707692.90721044,4219941.733275596
489,17632814.012443874,120386828.27206197,9836346.206706239
490,34880086.774517335,59115767.898978114,15444378.210893333
491,34418755.3413122,87287464.11611529,5884535.953638248
492,21741731.96441812,63402062.42853192,1473779.6703350495
493,53121168.88325768,127477768.30704024,26643510.235870175
494,34644905.20804713,70621274.38859896,7669503.591786798
495,29016292.76007562,73808429.52234285,9747330.466513766
496,39556694.54277542,80801917.32798786,6686958.340411238
497,34164340.14923304,72878759.44184029,9888688.33300813
498,25250694.546353795,79546580.28432307,14628969.617720678
499,27798352.752673272,68016227.7453212,1363242.2918106266
500,16771558.530656742,68092700.26097928,683741.7755831551
501,39372959.42201586,75226005.48468693,7878743.494854419
502,23525196.898045495,86426569.1706996,6132080.02290065
503,18454986.039090596,89689627.35167378,1164382.999060557
504,13375427.842599463,68635979.78666472,3488707.931609008
505,28271808.09195795,80334953.15130353,7147050.294309805
506,48522189.13483619,96636121.93732285,7512216.786829169
507,20513387.285466213,61099346.86196394,2869342.503338641
508,33328210.72430419,96447326.80366443,-3882292.950864221
509,43843412.43128816,73611442.93898389,11448673.869242784
510,31850138.76963825,69794239.57855016,-13148302.339333944
511,45460537.171601556,65830468.93855698,-5551312.063878113
512,19630147.861811344,62082261.680335075,1074427.7673981953
513,31429238.512391817,109108115.11072674,7834844.915485314
514,26453025.289311662,55530260.72150592,213629.67815438137
515,35668024.88113924,81985971.08769706,-2502689.9392961613
516,23473245.11205563,60644896.57009168,1108098.6905011712
517,17498886.25722893,95268638.0865746,5956313.105293596
518,24858746.914974052,53571217.441118,7021337.574223271
519,59596771.54204843,78910169.45394619,14396455.075824406
520,32967844.12648263,51388860.86988583,7411114.150433813
521,49598237.34831981,95561878.86724782,6094773.974667364
522,38779992.495430596,86660117.048567,16667226.341282034
523,14624414.889019594,105054404.98945285,9170929.68744887
524,20424960.10159359,73351696.61354648,5154526.400694405
525,27023261.19217391,61375055.28308201,438941.95386472903
526,26621634.65350406,75881376.78707798,5090508.669550997
527,25413269.59678757,91011884.96635133,9392720.668776324
528,14792083.487582112,97339411.89119215,5617552.233344546
529,20199855.500099875,90218402.24442571,5869193.096104446
530,16183120.124721497,111669661.05339313,1658636.3924489561
531,18174191.310821783,69821962.02624613,8248028.0819129925
532,25160744.46216351,118310873.12337291,7757462.649435065
533,38692196.35271197,98146579.9842564,1788952.6945404534
534,23246859.436651584,91802335.36408517,10464768.557238964
535,41213532.82598,78501286.59649958,4911045.248851895
536,39278134.180246264,75958846.0974624,-3936819.3121055095
537,18999563.938707676,143859687.806337,-4744076.420588592
538,44207314.12006389,99632345.88964592,-12522162.466846215
539,43414812.968052946,109957035.61375344,-49693.106443220604
540,20357254.57804987,120485053.64698431,3878218.0340950587
541,39697881.45763431,91496969.52145582,-7203173.891073379
542,46473595.70902398,125163470.11614278,2487131.7714893813
543,15388649.172327189,99694232.60602684,5329824.932454921
544,24137133.67697798,122048841.60744874,502842.07358257467
545,65871007.32101644,75862291.55640846,5435021.275900011
546,30387975.17016589,124740775.73042363,-1352407.0675789486
547,25020267.915238015,112631815.05353734,-1824023.0573277904
548,44272619.27283006,155005663.34507412,21964642.220420823
549,39466751.322160035,98544118.92662108,-6875995.835363158
550,31030676.824300718,145500513.8900743,3547951.9529671543
551,15934444.692838065,96073093.8402665,-3032784.1359886588
552,19229956.81267109,132520175.25940391,-1680443.4898085876
553,41404600.482078075,156006055.10801193,2205881.129006704
554,32625093.91992706,92418694.5285737,5865768.443655864
555,26049776.625726636,161061241.53140017,8182133.0590619305
556,15412985.717230262,123350539.36677025,8546481.589637717
557,37729428.91167965,109756633.44561817,-8260965.633417473
558,51861253.41952409,148188523.2148595,10528497.332636409
559,45910384.73122296,114058357.8689725,8980886.47109828
560,46027955.13177762,151180441.79588825,18229320.110348348
561,23802050.810492907,125489574.20851356,2764188.9971806426
562,84748849.14883164,124877321.97869363,7602759.45872004
563,20820406.38806118,147682330.8666378,6970758.875806336
564,31825443.630713593,124737228.66217232,-621399.5337793876
565,52680390.86171962,150284777.74784273,-4715200.900594753
566,28274166.221601345,184315752.9632899,-3579845.2160387854
567,23488843.94197136,124198394.73803662,4899908.29993359
568,29154440.205703672,154919643.89403754,1838179.9063685313
569,43779110.31434305,163702252.35285863,14527753.391399266
570,7990631.610706225,114585916.87125617,-1851306.962587355
571,77493933.73503053,151224347.9194245,31882873.189135954
572,19879866.180368293,132379303.82914482,11965423.552812988
573,39059528.26003577,134174213.09180264,-15876502.766552962
574,29327309.514770724,106532181.92623968,8845248.624921538
575,54868320.61571671,122815720.9922927,8510132.91665932
576,21164737.64618521,117125961.20376918,8353639.388435078
577,32354296.745034385,108451603.45941736,-5053071.070764486
578,49273592.17247885,97800094.2001229,9136981.637530487
579,16794544.40757887,121184785.05573168,1221160.8153127986
580,41670212.93614427,113656801.08013453,1493230.888100639
581,38980900.95083425,84645406.52298954,1721995.683496186
582,13916995.780120488,130431003.18247706,3018543.59996007
583,36145250.43643,98451302.78061603,-262752.81598949333
584,22959428.481723472,115698807.9644358,2905309.8586954717
585,40674884.66543703,118798087.48936614,2282033.4731632345
586,37252596.597902834,91752441.42300779,1708456.8467048907
587,22947444.20793584,113911213.18505207,11299869.417791042
588,27368609.32522497,71946865.92843463,-4726270.464659449
589,44144086.96035715,88567726.97109912,4080329.426623664
590,20225783.62468032,79126284.21776848,3889325.971042279
591,33356292.157516308,108409972.72357693,-3940923.3174969666
592,34691485.423196,61730161.1253944,-5139921.121335873
593,25483750.406092886,105927400.39427337,5279040.6699152645
594,28293932.349455494,79187601.74783173,-6870746.874974393
595,26070681.107374668,76569006.7684709,-3920595.7430917346
596,29949490.20999521,66491660.069152355,-3278501.738580341
597,47805989.82972818,117541753.37504995,2113834.2716615745
598,16932200.805612795,71755222.6573636,1486306.6182005063
599,24579692.397143662,99310420.97624251,-8878808.188003015
600,40814138.937831916,80489153.86132447,-7788918.473333422
601,18786299.770795982,81070192.42057851,-1298882.2662469768
602,58764604.90943315,93804494.10290214,861648.4515674235
603,19414103.973262437,77164683.35819575,1567102.6071601887
604,23900253.396560874,80385543.39338382,-4838069.7430096315
605,29719690.17138266,83394229.24782306,-7049767.091910039
606,29208079.935770378,76685929.59739263,13858.786237990675
607,21106667.671952624,85229709.66883583,-8474630.835038872
608,7624227.2817469295,44918645.87236055,-1451044.0113692437
609,29937396.18150828,75073931.14038754,-2414247.545539777
610,12676291.252079653,46819311.71539673,-4630782.917446835
611,40554038.093428254,73057785.63515395,2692492.1550136786
612,32924749.63569577,66562010.544615485,-5310134.65567217
613,24671034.64115967,59146128.05029408,995718.4905247532
614,28936744.463384416,41300154.478746355,-3184699.896554163
615,15261387.965162238,55541658.69458204,-374562.77706695814
616,25584866.55266324,48443720.757680245,-6882461.136434854
617,28155196.542211577,50106786.45592304,-7132673.020426229
618,27838081.83278147,45619868.64684863,2466508.847976478
619,28822426.46548803,52624744.73987321,-2204288.1758816945
620,28907504.47757821,56345333.60804629,-701730.6752628542
621,15725797.959134644,54272798.05755335,-10973765.369258162
622,35583550.10629424,25715296.425417807,6184219.566896967
623,16822026.292385593,55573905.75719739,-6437554.202222823
624,29225421.103095613,48721969.82488804,-5907919.483360332
625,16693094.024867328,33530922.500419397,-8656622.273312509
626,31131917.710080717,48697051.9707316,-6510134.656826721
627,16528093.831262482,43436582.341985546,-1565901.0539461004
628,28202743.477270063,41782325.43899874,-3951713.3729155874
629,28178288.67089385,33904122.61289352,-6776926.852660788
630,22655059.079073127,42491273.501267485,-3747754.8102644742
631,18737379.589804046,26530958.09655004,-5891295.287184069
632,22732037.057622984,27513951.40384467,-2152127.3132091146
633,29523475.047254454,32047559.754526965,-6488509.5901662875
634,17372781.507997815,26011117.46925323,-3583717.313251324
635,23029968.063466016,25628701.991352025,-9452708.315147964
636,16363592.107230155,31306553.39596221,-7449659.282560243
637,28352480.275684655,41578364.96752844,-1461476.3409926724
638,37608227.81967742,30963723.31649445,-2783372.522426235
639,21433381.072049227,32673109.323545415,-1564447.71563878
640,27658786.948127545,27468202.503204204,-10359601.369654657
641,12442240.211930932,27535531.41816306,-5339220.971823259
642,50910830.80075242,33816260.85444734,-305243.1893862121
643,27245536.129616123,28021268.44484883,-8525923.225772649
644,34010833.62548661,19791447.114376374,-7221751.746577165
645,51411470.947579764,35639357.33313612,-6974401.605225943
646,32819707.23931681,39438822.05825037,-7631314.683496852
647,62466157.396727465,29172963.61550194,-6161324.705320741
648,34035529.93865215,40702658.601650685,-15669784.219632879
649,84471605.56828257,44058380.45941143,-14418181.644262707
650,24007253.106159627,43261456.02354861,-15069462.553780943
651,58244904.51355669,41451073.41709194,-14477576.304938229
652,55157285.51868508,40576044.18465164,-10473026.46644759
653,53622788.063629754,46763285.23088543,-18112146.003828477
654,41727103.95999335,55086855.469864994,-12900954.313223857
655,50672090.53603413,62616733.22360958,-13800447.968545398
656,45006117.44036614,43322794.32324192,-19030799.05769099
657,61512666.33536565,43481687.0334419,-16862836.20375556
658,52338233.1612157,36801075.67230729,-15707669.657252545
659,49254939.50103171,39789927.9890555,-9319592.429930331
660,62739511.43485445,60039746.38706491,-30338859.5604831
661,30403344.151260626,52269376.66643515,-17594905.01696953
662,98030085.89554434,51607166.03885672,-21864589.365303632
663,43988795.08853135,42469432.03393556,-7805986.735817669
664,64976447.75165583,46254789.23956562,-14430202.69415053
665,60178264.8209935,71513196.40607838,-8422525.327412736
666,76643812.30441633,39101512.68062065,-8605501.617787182
667,65470263.30620304,44988903.64837496,-6266021.835862557
668,45827053.880200334,44426837.19548502,-16004100.50693457
669,70945250.66621603,42350405.92260001,-18621610.23879977
670,54068903.47213888,52352257.039738484,-22623721.67858334
671,82391851.92774223,44444758.521670684,-13399501.561646758
672,61162566.22757738,62756727.18017192,-27362546.600864857
673,98190797.92427833,78438969.96505752,-18254126.14326223
674,108677794.55050628,66182586.912262954,-22485328.866245583
675,92251887.15938677,99572930.1130236,-41813126.98716644
676,50795143.70813428,80246974.98801528,-30815834.873646375
677,75355047.84147532,85894990.56226654,-37176185.02196182
678,48526289.36709854,93270278.78547221,-31431602.69524156
679,75350648.55584186,84154170.96408439,-24195491.749995828
680,55500424.712711565,92652483.95512375,-29403631.697089553
681,75924550.42666768,71848395.56934969,-32659743.254718952
682,112597823.5005573,95272229.99203625,-40569909.44372835
683,71236604.00806487,120173309.57889293,-33761064.93581752
684,79903541.35630813,78438429.72363256,-37005382.59635381
685,74097699.47287771,71870215.44666089,-34874420.2295272
686,82920049.68238808,92600355.19064452,-27828998.5284325
687,52027586.321019925,78969734.53029658,-40557703.13485381
688,73524836.22872467,113062025.21553569,-3603720.311027942
689,90125762.78787287,102769052.93241066,-58748434.15127302
690,125742790.43519953,84538401.46443282,-32216762.53615292
691,72441793.29689382,92388149.41507956,-39225533.35885269
692,90340428.96581168,72643232.1566462,-32646298.93930313
693,86457327.19632466,83220669.28592071,-31079780.751042306
694,65382242.61165977,89651921.23686327,-28765540.323829077
695,71637936.98739634,76906062.39902335,-34342720.749294885
696,99096383.83816303,87717671.15867616,-26777572.876062818
697,80169242.60935801,97204799.09361802,-50416946.79720919
698,92535017.4364631,82931197.31203593,-48473857.112206616
699,95678788.30034065,67911254.97459197,-33232678.222162895
700,130003819.34876443,94761534.50993225,-38421089.13618539
701,131721628.47129978,98486333.31047378,-14591074.814491674
702,103594165.24908745,101895558.0042988,-44498017.199303
703,74480633.09125963,119764046.45062381,-46264338.8951037
704,115788916.71896455,112424836.78889255,-56647780.60037453
705,47375395.73494145,141070038.0786982,-59561452.85626654
706,62570071.57894985,112172035.83421965,-28506857.666706212
707,71929601.21415985,137728180.7331492,-44261449.57941195
708,64082906.43886659,101098672.05008657,-23227204.5686127
709,94203341.99596463,99316528.17966294,-46661729.90111871
710,64331129.271538585,107928953.04986967,-54033234.216689
711,64443275.53867805,158567489.83779296,-46350149.99022742
712,91137436.38733265,100246586.04483542,-31269745.416842688
713,92409294.76362318,103255306.67769067,-36722419.82080217
714,70921131.18995714,112777989.31298533,-42502212.866595246
715,76397521.1861794,79838178.805221,-24944427.916607853
716,32520265.154303968,115316779.95321937,-47274212.24655007
717,78620901.2241446,81511115.22616044,-17468546.880637765
718,84289586.40738606,97898585.03026204,-39913441.995186806
719,131931570.8714843,97274045.61451127,-35540141.058618546
720,42604127.48725193,103288017.52643979,-42679166.53578501
721,80637982.31849843,52978237.8895418,-13352095.106766764
722,65245560.07791676,79916498.3233089,-41688424.35265185
723,73760663.64625902,87594654.13282254,-31912103.302606322
724,59571787.41091991,71685971.10500391,-20765448.42825395
725,105430639.49978177,61868262.40000022,-27811288.94681728
726,53831521.44905444,94782822.082769,-50680446.28911763
727,88120709.47112003,81526289.1196188,-21593940.03310831
728,135924368.92028672,78833114.62191455,-12557515.367240015
729,65000577.67243034,126921075.98823449,-41779554.57625169
730,81638633.85954371,125339554.9076229,-48971163.73817221
731,83982825.44054411,97496340.89604487,-35546849.79963047
732,57113234.61859186,122306057.99883938,-29762184.964111887
733,68338815.22625749,92031490.18419237,-19471237.041345313
734,86621829.35707279,125115533.563683,-34110816.66873411
735,77906733.99537265,92970774.56819871,-18046669.312534526
736,89071282.08839805,84485981.37810937,-27484076.366318393
737,66185430.16075225,83905747.16358781,-20320546.777836286
738,63926572.82876815,84075377.47503088,-19119551.277426213
739,76048170.13005844,96348922.59220289,-1733300.5438075818
740,93361919.56357954,82451756.52142304,-27940553.664525356
741,74445929.068189,73055470.1163986,-18313064.910017405
742,53140155.545208484,66694908.965318635,-34255855.239660226
743,39224509.50169265,71911250.36225456,-15965051.548664678
744,79431577.01332688,66362012.777932346,-17586887.364496145
745,49344288.69459711,63417946.01284632,-1924314.8785456645
746,97652894.67225528,85809701.20348313,-12715000.019531876
747,87704688.24548352,81817570.88696763,-4126714.2239661356
748,84136163.48957314,37654370.422623605,-35113712.682739764
749,57849788.66572445,57676440.68048813,-10315154.04185024
750,108679505.68971007,75224440.28003111,-33210410.05152667
751,59866054.50450396,54264784.57421202,-9156635.318275737
752,110287923.62485152,64168766.409469776,-26139684.86339859
753,60231599.87474932,83173795.7272166,-855112.8867539142
754,77303566.50036487,56641576.116247796,-23271418.769117944
755,104374025.13003135,74105643.19542992,5696276.909377746
756,118792315.87946102,75228095.99188957,-2017319.8102104801
757,90142977.84228197,144598440.86898205,-8035611.275462228
758,54107229.56858043,67612165.65780365,-6820007.1067625815
759,120726456.24961856,84737583.89067788,-7127125.393810239
760,61058377.019202635,90389055.95363276,-35665172.99239838
761,80435703.96263404,69420227.39254041,-10258995.138616744
762,79225345.07339308,96104411.76877154,10953877.62935103
763,115052811.50189114,86973139.05808222,-2588631.080299073
764,108317722.92598611,108707998.77141403,22094348.563115455
765,106590366.59502825,63395110.96071178,11902241.637151396
766,42469101.085226715,55256416.00195412,-12352727.451165741
767,94775562.59373486,77577031.4172292,-3030764.8548024986
768,75358060.4686031,85749624.64187491,841269.513501293
769,109348362.35165103,65245145.54996622,29845988.690698855
770,69119399.12590154,58327594.39690515,-29538998.383906193
771,105514667.36389707,82481777.35075845,14620671.317831824
772,115350285.19159727,71766781.52897368,-8892219.489927577
773,132525912.6802389,74471073.69653882,11109931.72817084
774,83550147.90890537,51964048.35475489,-14196763.427859366
775,134134707.08855224,113790492.91140363,-2210049.3126381445
776,75163017.94028664,56653288.74020615,-12050376.451407855
777,144582898.08586884,66464759.05296274,8572855.149842389
778,99684702.9610344,106840700.14553753,-13965841.626585335
779,125967340.34442027,52575160.26622944,21563216.774325535
780,130577201.64615744,68749851.0833814,-3981367.7257697885
781,84573034.07165413,52811933.76585968,-2103266.331303068
782,116713373.2208126,109262015.98560777,26651643.270312853
783,127172193.64469239,63012095.825597696,-5253614.799363431
784,84613271.59377612,76817755.99910429,-5643455.494922809
785,84920425.08524805,69714368.72298655,6130691.761372288
786,109490570.09537625,90957723.90960947,22728671.84321513
787,129473761.79261462,80082382.97670299,-12699161.326792814
788,86157490.62749939,66538612.23687559,5054265.539972978
789,87363226.0126454,117105233.21066952,-12989334.71344794
790,114200167.2752561,100208130.03095615,-3863681.3281243793
791,110354207.16020256,82134137.58540751,17521087.613474645
792,170834590.68758154,68359803.42325114,56742146.473310225
793,109939845.96492305,64795668.030289665,17691136.952905145
794,138038201.075896,59403719.305927835,8416927.316797825
795,76189176.89649472,95180060.24495867,927815.5317927223
796,161904682.83010602,54074316.46228031,1272025.298242673
797,125896807.94845225,115946403.71683073,6135132.781965388
798,103811450.25920625,77424359.91463107,-23073042.818210416
799,85864771.44946086,83500697.12446626,14417287.207406048
800,126615368.90053515,86652918.27876365,2934738.058400038
801,150572693.59337047,68975003.23628834,33727432.81648236
802,124023518.4407887,53795827.3634466,17224264.69399168
803,144819563.11616915,44810653.707266696,13844020.528852746
804,83417014.45251173,70234751.64287226,-24644742.866018925
805,206494826.98673433,106315522.60120742,41578329.944826625
806,129878461.856481,73023546.48117708,11108571.40446283
807,86818493.92012751,75745926.41278374,6557250.358868113
808,130852907.69158256,82290506.6173599,13030821.97233202
809,109701201.8890874,76885463.66608141,6535797.08984874
810,108116175.85344131,68953335.20795874,10918256.904577715
811,157621006.96571398,65781161.54909534,-6247275.261615052
812,127811393.75654799,48464560.25364599,13745119.345883865
813,189235082.9843883,86419274.62681228,45735021.99936212
814,96159674.4928764,66007940.41554407,23140426.29682779
815,142935936.75468978,104068305.40834251,19359570.493595168
816,60730244.542846546,108078578.6544297,-3995916.2805689657
817,141201469.30669555,86521850.70954779,9746547.521682719
818,54085039.63992573,84791845.51720628,-26960115.17017288
819,94153004.81584485,75306563.47217555,5838303.414838665
820,90786435.81407242,60244627.3499378,12799051.000541022
821,194877303.030755,102284882.41486844,14782407.585472474
822,68697030.76400177,89228770.25165072,-17316887.040742517
823,160614006.862462,54999952.721067995,44720895.614185214
824,135018638.9828679,116065528.27525035,24398471.712760612
825,121044037.43047066,72050454.5615816,10502973.873181134
826,80167493.6269487,70748727.82178469,13826966.34683493
827,122698731.45628329,72172599.4637827,9843944.003966732
828,120414178.39440341,78202588.33894996,9606684.629833687
829,72630651.02999122,40724557.85132668,47554.58572301235
830,151383435.94063327,85272428.28976695,14826113.925757501
831,66877342.199231744,54253089.81171843,-14164618.947070554
832,137606339.43804273,90132180.51765369,16458047.635876814
833,61363030.387032054,64969532.67793663,1093638.8122418935
834,145855346.78650126,56824858.84627117,40543179.838790774
835,88117588.74171053,67093049.00108131,-6296887.227251524
836,145014553.55865994,77116627.86128712,5386296.806410135
837,114058603.37345311,83105073.49528319,30267117.057668865
838,134750284.1383225,64219551.214464106,13666645.544340981
839,107444986.85749042,56058201.53428957,13510962.914709516
840,91411944.48213482,81670143.33521885,-3736059.3772549587
841,105015056.46419822,60223826.542599685,33974905.50760253
842,136577865.428191,85797301.22286327,9184360.294091444
843,126021970.82714882,147842251.6712734,-14812310.461281905
844,108672186.93513912,99745650.9742982,-15254816.662767647
845,19137756.24721276,62995722.176862694,-18804208.69156739
846,144035324.2367789,102536547.85785754,7778067.450935045
847,46120261.74961606,58361525.3688955,-14275518.233392539
848,136362420.06298664,71380513.09396498,14826643.907137264
849,66427587.12586933,51405767.27900524,-5869815.156332915
850,127596064.23505697,72123695.93700343,6661815.625215146
851,77427303.12808488,44057490.783062175,8367830.4233333105
852,45344116.82257846,51312267.37387503,-13627683.059595311
853,87602344.94582577,38980784.52778922,7354664.288668405
854,54108361.55520068,69582047.52262609,-31138156.602310628
855,66196085.17493185,79922264.24417143,-13299182.770777041
856,23287385.542801507,59760354.674965195,-18291462.594116725
857,52511124.75642759,47319092.25189743,-22724487.141825624
858,17889988.529888228,68758173.50093286,-17704749.999911983
859,51984362.78676818,51409609.81092064,-15232252.334393732
860,50254980.55073409,63096590.81586237,-18666624.335044414
861,52384290.855540596,69565471.22941966,-5787152.698450795
862,65761784.577883944,48484315.05085842,-9288406.693974698
863,56142576.60502206,52729148.813420035,-13290367.022119982
864,47439084.74531091,55364782.793601066,-2804582.6934394343
865,123517458.99126312,51043734.342053145,17043404.717475604
866,41405504.71330351,106111463.94884424,-25269160.515457936
867,46110870.214629866,63337680.63839052,-21083915.02788323
868,37536752.4866394,81327022.53651287,-28722207.04209703
869,44135054.73747679,105602724.3630312,-13363900.294401359
870,84095136.85747586,60175385.54432007,14572896.36677322
871,42607469.51664072,81846204.56266524,-44928737.622512214
872,47040345.3269362,100458315.06579182,-5002832.422255297
873,41277342.39834916,65983368.879686214,-16672350.815870253
874,52170927.55910637,48133205.36732144,-4694382.838664694
875,36469403.47542903,58450426.55210056,-18176922.712260935
876,61851793.60785691,50062984.19495111,-9453393.514374822
877,74229459.4952157,63437855.63678785,-14617702.905074062
878,107386115.08539852,61272672.194832854,17464742.565549415
879,48775570.77352061,54580453.469025925,-2387162.346127512
880,43993006.68666662,55553216.44078344,-24358166.341097247
881,86976214.88096836,47416515.10418628,-6373311.408121468
882,72213022.58463505,74735836.1117197,-15083844.954100456
883,46277639.035288066,85177755.44816534,-32308238.439389277
884,16457819.993417667,44045007.45964031,-10217321.839594387
885,14544702.39687239,51341726.60483168,-16044483.688950438
886,30144038.151696093,63907862.019982725,-20183879.890527647
887,78664244.72091989,66967934.09376521,-18679079.344345186
888,61390825.78075433,80509826.84663057,-23395805.83233142
889,65066648.108313955,79449790.16118796,-29750381.978717163
890,64922993.205105,43059421.88583919,-13238870.295006234
891,71402212.46726353,93131293.96292743,-4446389.900782968
892,72178592.74729563,38491933.472094506,4143730.8978144694
893,43766492.94254691,46965079.92524471,-11189210.909324426
894,45746123.64323367,82651611.70639668,-13856002.448385108
895,43515831.22441265,62185629.43258988,-6566282.994951497
896,55993193.06232672,68600847.38757692,-21435281.666221917
897,29301426.342504278,48351201.35959769,-24115350.828994505
898,80862428.36690001,85041713.28782204,-164876.94530115987
899,44319707.47034914,81232782.24607839,-25935550.661536064
900,47267367.653047055,65371336.36676467,-18113747.785739858
901,62709450.71953091,81061963.9814938,-12408425.810730448
902,28043917.513463203,58269925.527611524,-25218040.126461815
903,51185009.96108005,51527330.11344879,-6090008.425400708
904,48178843.65613784,54519670.308680244,-11302010.549658325
905,57465821.55332915,40174692.27903358,-9323931.575399486
906,91640451.15781558,87575833.77792385,2867278.8556385003
907,40605769.39982275,37360296.78107716,913858.3085655482
908,92240278.65547821,52183981.05163262,-6047393.672987714
909,33169683.64046501,60078187.92414328,-20644021.388835646
910,74887595.05428723,35744318.21685442,-11262851.259980949
911,30040059.006023213,89383926.98257656,-25518881.02677391
912,151226909.19639298,122716713.1708538,-24159563.592849597
913,22157332.44104432,81185975.19878547,-22325048.453356724
914,20369667.13041267,59364180.797718816,-24839528.75313886
915,33503696.788588047,55483580.21341261,-22596855.639307432
916,32646170.199483313,61228933.28670775,-16796112.161049165
917,91967053.15356201,37162974.27517814,-3653584.5195798604
918,61493730.77971251,56715853.36580431,-16832881.358825233
919,27632521.504888345,52405777.80284011,-927715.2586051357
920,36834346.10734591,51613311.114132516,1700879.5044348645
921,51115575.121666536,79022672.38193536,-34352181.494931385
922,28005554.952229682,67658351.5809623,-19989453.611921813
923,15627739.057377089,63147762.69077438,-17406970.492951527
924,55943470.88131066,56968261.576954976,4100500.450602913
925,26915686.065912556,63369206.11650817,-23595908.372778565
926,28093415.64616505,35735157.59277526,-17544423.131751608
927,34232757.311419755,116925250.00926462,-47764291.962017976
928,27760648.596570414,90266863.3738491,-29184735.569546025
929,43946838.251618095,63756595.22612972,-10527385.424571931
930,46062033.15841637,65130409.02898898,2367979.255635142
931,23376591.858527455,69230240.07092848,-10107106.359654365
932,32929897.916478068,52398348.4946635,-20628944.866457943
933,76562030.3077336,53017933.86314686,2078520.5967274632
934,64017415.91628989,54971151.736810274,-19319114.379109606
935,43600057.01274134,122974123.26689944,-31284184.21577363
936,45756442.38898627,53896453.72617919,-10411854.341280686
937,123981926.56974712,50632018.78555718,-15786261.52923106
938,26119579.936846036,59175601.01916937,8308441.0633073365
939,42076119.481321424,78371332.04285276,-33381679.152686104
940,40172228.41402676,67543307.66774298,-30344248.352494605
941,34849618.98877282,45628211.26535977,-15786975.31195353
942,45738082.03736543,54348805.19872159,-26992647.709762465
943,62023540.57600948,47407712.50739145,-3539207.9798942534
944,28893844.78212115,56621499.16244338,-4919570.470206253
945,27025675.861665074,46505564.350717284,-10792932.128772423
946,35308742.97012173,67295989.62200043,-11581940.819252053
947,36381721.36284157,73967745.3493767,-32811324.899953585
948,21104226.830260985,60541978.833151326,-20474570.894353926
949,38092850.11181753,70301486.3299514,-438738.0558182933
950,29446562.254292186,58184139.12963823,-21151052.424258333
951,26439915.46336831,51150792.528538406,-19036493.88882127
952,64566780.029043026,62742891.67815878,-7570424.316164097
953,48180219.57134813,91384234.05316398,-49304077.3353926
954,41097181.53399788,69548911.08045125,-25717917.987102266
955,34942684.398109846,115566641.69242266,-37517715.25369289
956,39146806.009450056,77671961.50387725,-32462417.423381153
957,34565496.91616684,115351888.9733308,-20412536.008228634
958,37771710.83684068,56738459.751400456,-23117514.907304347
959,42403087.70141563,93236014.42373382,-14416142.981033284
960,61754729.95138259,46994944.29762238,-11378678.464891527
961,44246304.38420589,55082958.72227654,-18952523.372301646
962,109150682.14121698,47025875.26155181,6823517.095326836
963,46340666.49949545,60065048.09325944,-1120144.2080492205
964,29235900.26514702,39574241.02036478,-19622827.036777813
965,64335590.66482498,53118423.747547254,-21108719.03973561
966,119544287.92033938,46558999.13014897,-5128291.973591105
967,38865042.92748881,87082149.72771522,-25962585.515689537
968,38879782.53153873,43676844.56419479,-16157103.69058778
969,94904368.2036241,60445126.64755271,-4811229.698120737
970,19805568.02094292,25977215.642179623,-6954027.454956188
971,21462803.124994785,59869167.86359646,-24514074.47945756
972,17655328.612015545,63027502.17333482,-7317830.792113677
973,16602437.74770367,69357675.07476991,-20196392.181383055
974,31323810.123970143,63093167.677625656,-27354249.752970953
975,43864386.86662514,43891801.093630865,-5355375.357976211
976,90792153.62606455,57063512.35182465,-4474813.444669804
977,17476431.999763515,36888691.34017704,-10966520.664254678
978,19622371.950714976,37523290.80217733,-12501020.808842532
979,59400506.42301775,95793442.90849766,-6870494.1454056185
980,22721199.96966641,82028087.29726426,-25073527.008455805
981,135378443.9597238,135787824.81890115,-34511930.13604878
982,27286531.982381765,39067001.53463498,-12457588.654613605
983,65860686.442062296,79293188.87511027,-27008316.966814023
984,65478257.34122601,79347517.49207807,-16633384.283868391
985,36368623.65541009,80028119.77349861,-17779377.278139457
986,86526863.51447661,59617819.782116085,-12669144.093343839
987,16550581.509586416,43072190.65253369,-14288768.946496228
988,92410788.35278967,54735062.17286268,-15502069.444906157
989,21010514.80161887,96017220.61268596,-24638006.96005773
990,92098209.64102392,40642974.81883673,-9314253.339711769
991,44337400.020575315,61958176.6265214,-14489139.702803683
992,89384987.05016768,84060400.30277522,-27668117.313160166
993,30683636.87194843,60769406.04458944,-19848362.3354434
994,64254520.64982524,73328459.41850752,-28018377.852685828
995,56734003.10050734,51388438.22243039,-15579719.825597748
996,95721051.63717069,77504002.78519988,-18216922.085928228
997,55729692.112073034,48522698.22485342,-11687740.402778417
998,26610970.10940256,68952803.71002808,-27248113.74570059
999,58176910.81424788,57934784.64108954,-14040906.5964359
1000,33558365.105349846,83614291.08442658,-33688467.898149066
1001,58373903.136571415,68012450.27678461,-25653267.744493302
1002,66325359.98577731,102617158.05825913,-23892865.090706263
1003,50134163.89677636,95354881.06792976,-29357245.062338516
1004,62340889.8376004,110992996.38845332,-43311452.254523456
1005,107077830.58579707,66976482.42415823,-18443388.74218884
1006,70969038.20779188,51419079.15600103,-6641879.323816938
1007,19934307.373846535,29257906.72339054,-8348570.197249154
1008,76642787.66142713,44080206.31354051,-3356807.243226209
1009,19784261.543839924,78804659.24869394,-30783220.266751677
1010,57722956.21670936,52052427.38094124,812157.119876775
1011,48729391.229744874,66994993.50611974,-18321340.086672008
1012,58865938.329663076,43529747.894298725,-13833403.430036724
1013,63572374.60870182,71958577.95380342,-24764583.19534186
1014,53363826.86061644,61366607.14294342,-8000423.85569112
1015,82513171.41464944,54705091.15365234,-19476141.57713349
1016,50176305.74211693,39493520.11206961,-8192407.667662157
1017,65487330.49587007,44329287.674771175,-17245046.243233558
1018,15026785.831921313,37380865.65923891,-8407605.521836143
1019,48571309.610643856,50945701.02276604,-15002478.661338676
1020,48391396.28226078,69997434.84370065,-25755027.1498052
1021,107276935.58612612,36240228.58620426,14743074.179966165
1022,68637585.71843545,48864632.66091642,-11914788.719843322
1023,34626648.80776844,67420008.2647901,-22210361.67803904
1024,56301724.44541794,81628106.22794576,-21720769.849375334
1025,29181064.68717213,54100474.564297445,-15945835.360615697
1026,57856791.26091404,36988815.351843804,-16985086.164874166
1027,43929661.41393072,69736292.64352573,-13501463.142425323
1028,94344448.95791751,148739140.1753031,-52079868.97966354
1029,80047039.16336818,60845749.718742885,-312272.88161314087
1030,124852583.54950413,53509645.38324765,-11507025.714200027
1031,62111166.38823276,58181043.14518947,-5068287.954436171
1032,43884160.4739838,71676619.15487385,-27371861.529075585
1033,24634963.709650945,52162568.46400219,-20572214.488525786
1034,93618330.68568617,56450957.54772477,-2133487.6485989345
1035,63372651.650043435,68701456.7004977,-27551874.0587891
1036,42401170.891083226,33083813.151509948,3932537.365595195
1037,61900774.70124632,47100252.16936039,-11285945.296908665
1038,61358325.40692173,106540618.08389193,-9017278.01939839
1039,41416302.38158624,46216100.97885796,-11108679.475033471
1040,38208431.763474725,60480954.26663935,-5375296.747972365
1041,79023726.57963298,66249681.871308096,-18678989.688274886
1042,76897131.70619951,31506283.688348528,-6580610.89637344
1043,51150776.95258858,61646706.94436833,-17863998.24331019
1044,32672403.05619817,45449460.73305418,6927933.649221611
1045,62655558.389933065,41392472.92458958,4966536.169701864
1046,61258613.937201686,45070697.258322224,-9921282.790149014
1047,32382514.516550433,113303917.54150145,-17274946.897343725
1048,67554975.2280755,49385857.51587979,876161.953919399
1049,42922612.72816003,44122266.11573674,13892197.59495582
1050,67221373.77537908,49237390.88394037,-2263213.942165697
1051,36955293.04590642,55581549.26141939,-8771196.011346353
1052,61257874.85257138,111516896.44998123,-16680740.501714125
1053,21903133.197760783,65811086.02511735,-20366179.120740432
1054,167791735.03472707,55992703.36093533,24619057.28338355
1055,46132450.93461639,39467541.46649699,-11408854.426746493
1056,56801217.997964405,41918155.06792183,5279336.47015747
1057,54547381.22371302,56406873.535586864,-24494534.374553774
1058,44701365.680791505,56216734.44980957,-8731910.819752071
1059,32148915.887990914,39048424.7591434,-22394665.92276617
1060,27300857.207097206,60216734.75262388,-15408554.985148016
1061,50533867.43131531,48904042.704020336,-5664209.991368966
1062,25867185.84120466,37303400.12547549,-5834588.4612969505
1063,18280127.89808017,57810576.58994139,-6506789.057535442
1064,38688081.68908589,80946170.11356175,-30651093.455402836
1065,35065487.126797564,49983861.19771793,-23386400.93041905
1066,34371677.952273816,36708815.89685256,-7653838.517712036
1067,40880433.74956651,56508308.192038454,-9548982.42534533
1068,17880927.903300665,47571960.73596004,-13461799.263006998
1069,26143291.66516688,63501223.03256528,-25602408.3496506
1070,19722982.170352776,63856855.70989724,-16429120.406652585
1071,19550802.086883713,52764213.43379636,-19770971.123191863
1072,58432697.602776065,59891313.430508025,-910468.5452713952
1073,31251846.575846884,38983108.98251113,-1246215.8139804301
1074,27951960.392567556,117131230.8743541,-43491088.69406
1075,6872077.182359332,53514735.55426041,-7523188.464030089
1076,26037314.92159223,55766284.112688005,-7480624.956401985
1077,28382461.119874887,47086245.88549638,-10933336.708217476
1078,77688216.95044263,52385769.02818055,4044612.405547689
1079,29147947.25889739,63796297.08419981,-16479535.575468872
1080,13124963.645114554,34811146.34816429,-6906958.540330213
1081,27005922.96130455,101114277.95430815,-37659148.112538725
1082,15743421.219636671,23765475.35989929,-3447500.6911464143
1083,38598888.39307195,49303316.199438564,-9228430.970390672
1084,81842712.98926258,85538476.52891625,-26183573.730724555
1085,28607216.3309201,34658113.7217165,-15993533.7079693
1086,49510074.12420082,33498089.537697144,-7471519.978644041
1087,20367218.060827915,43130059.399680816,-8191947.144495743
1088,37088694.14240447,44529014.744816296,-16987737.13374544
1089,48650642.47408033,26315755.42169418,-10315868.780870372
1090,46743695.64289549,81437430.92751086,-22276638.16944812
1091,35902024.95896133,38518194.296434954,-18025983.13671041
1092,14760388.408916434,44636889.06658861,-12503254.332389956
1093,47180659.735567145,63276112.106792234,-18194939.182290018
1094,20257795.030650716,52409030.74534713,-12411167.488005098
1095,43541617.42966266,83003864.06438923,-21435904.917986292
1096,70696597.86099298,116686166.55058938,-35694304.2020367
1097,15316338.713332161,39348346.515476935,-9004100.763305457
1098,34529935.990349755,40866958.05836476,-4448608.560784343
1099,47719410.301692456,52542727.79489702,-28965353.095379617
1100,28468955.84593012,40348597.58425834,-10157036.869796304
1101,47730455.640075095,61260268.05973202,-11860353.117322091
1102,22655798.34380789,37496753.11874256,-5904013.311198873
1103,126044072.85414131,56967514.526572935,10614824.620635008
1104,30166500.429243732,43504466.294685476,-11688282.247003281
1105,22229711.433867127,73874301.79026626,-17868166.2400269
1106,36301367.966206454,42617725.521732,-16842907.428021517
1107,13292855.167848304,34374616.634312585,-10014288.739495052
1108,34227215.27981827,37770126.99384519,-15768874.585684368
1109,41242818.21170858,73226455.83809502,-24241537.239187803
1110,75047384.58738789,37628757.63594614,11504780.85905917
1111,41415153.53415152,37163144.61800627,-10091533.785198886
1112,32572122.023980826,58991069.15910411,-25554383.696121335
1113,36156779.27187605,44934381.10064482,-15694143.61775839
1114,35376749.175357744,37656287.64102122,-16726371.629793867
1115,32676104.98412591,62288162.299449205,-23496116.449660055
1116,65713178.37577673,68037855.30103606,-28156083.526649375
1117,61567988.1482363,51337912.57340784,-2173911.0518549583
1118,68712980.81542955,28864075.928327095,4356299.1711669015
1119,46725825.322617345,29366538.218700368,-6859777.100999295
1120,82657208.99992523,126788432.89786428,-33450245.49550938
1121,56488052.268691994,56546973.965068996,-14956379.432464126
1122,64338264.07691418,48591239.2568075,10559187.657463146
1123,43564243.91313058,85341273.08360635,-22248772.559386972
1124,95502063.81027623,80565420.16235979,8971512.594114952
1125,74146686.71855168,57537268.32145437,-6340199.848806763
1126,30377891.262204893,35991128.119985476,-14674406.643009003
1127,74141489.05327024,56143077.42413613,1691865.5385227676
1128,87258080.40579692,99528374.547758,-23862086.24441783
1129,138129409.18586287,160742878.7626583,-15217112.83995869
1130,41015149.837696515,41062734.87272701,-2246098.207127226
1131,72810178.48642911,141859108.57093513,-29943575.9424457
1132,93593283.00412461,144741673.32908338,-27945293.5563413
1133,16983783.68968017,29069705.518329956,-5696151.062733116
1134,73335990.21939771,96816255.07678783,-23341803.80127848
1135,27329947.000340205,34623028.69419879,-12160682.193846498
1136,89020114.87473617,120391570.71400623,-40173852.582698554
1137,51036485.95775511,95438008.05413489,-32785131.538518373
1138,68243061.14636765,63091390.81111092,9357778.644947687
1139,83715148.70887741,131077255.79937336,-33130573.224812645
1140,25468968.09121837,43731204.00007636,-22305882.38219751
1141,90645601.33139251,104876153.70899215,-22847529.13195276
1142,24081072.267023493,101902497.11732177,-37275402.69140987
1143,98459524.75052474,50984649.391924076,10228464.377466368
1144,47276562.8663506,126489246.90152915,-66877243.32897095
1145,76570495.67382535,96816098.59213449,-22495424.750006348
1146,52254855.41974755,103758085.72410223,-45198407.97480367
1147,106347427.0160832,42288867.59011439,19182058.943029143
1148,54145271.485635065,115763672.82067385,-44471217.957705185
1149,46416688.24544517,67378604.66626841,1321080.4343658607
1150,87011233.71367383,54241385.54073723,14813421.750687191
1151,29002846.75750568,86056380.51705232,-23656505.66778845
1152,83734515.03966366,48719768.128269926,21633235.837334067
1153,87739803.72396621,48433571.41293819,-366875.8712827862
1154,110126115.75842047,89158465.08060576,18463317.076841794
1155,18683421.139936537,23394500.715659358,-4363956.393640253
1156,72367809.26076342,77055364.45742895,-3306810.7993012657
1157,41315564.690814376,41497732.20933014,-10525367.444602087
1158,88199187.79866171,70794048.78976817,23706625.946095683
1159,17579480.99514498,40287714.287447795,-7710647.938532005
1160,87654107.27011295,78761742.29334302,7935869.768348736
1161,77525375.22969235,61973525.00636468,15165118.79173199
1162,15247625.878945103,39017848.23422847,-10656948.79740137
1163,71468369.38876362,71644088.0880163,1987745.2451460748
1164,38668225.925985396,47523323.56823903,-19330587.04872238
1165,66652376.25943913,61551843.33788551,8863066.479708873
1166,36432085.84025953,65158873.5277604,-25637432.784173746
1167,61680370.1908237,58313005.93850027,15150586.177586598
1168,27865829.03630758,46005902.66849459,-14509164.2500379
1169,96568191.87529464,78730846.43704985,229085.54087282813
1170,46441638.84409452,93590118.51768239,-44468881.67731195
1171,78292653.01030575,73940962.26592287,4170830.11160974
1172,38714288.68393879,41198424.31525968,-11184923.731499156
1173,57769803.76384957,43507398.75843991,16673127.495075442
1174,20434815.047812525,36589525.597945966,-7035297.325530189
1175,69005037.01437607,41720490.02744586,19789187.636120085
1176,79832321.49078469,51759652.684882656,6486043.106149263
1177,81197860.2440967,90856870.55447948,-2757325.7905154782
1178,21881925.907736752,61040842.42633231,-19584124.253652304
1179,71777825.53607313,64719072.56708153,7772327.093784533
1180,91219073.54547144,47552328.71424384,13199266.638730675
1181,25993965.717336472,45054795.619578265,-15504473.266168518
1182,59410288.17970862,57883803.85412427,1356075.8946852116
1183,28371473.62640989,63355010.19428698,-10825896.205747182
1184,45356147.41321941,43539462.63648258,5784158.026447791
1185,47381425.136796914,43675740.70392515,-5331906.016696972
1186,74757620.55671363,55428032.37474617,4564494.775004815
1187,49205679.7817205,43068678.354376994,-3584732.5096983775
1188,51016009.83715123,52315349.521912664,8752939.82563276
1189,20375704.363256887,35794772.4037512,-14426786.64657776
1190,66250389.07294974,69946626.90740556,-2390113.15884639
1191,70800220.05519778,64895631.305684395,-4109151.228561931
1192,56760516.32505609,136391083.61313137,-49390978.743127935
1193,43109454.271716185,29960760.190363724,12249076.079786846
1194,20098116.67763303,37843279.501564495,-12708893.264727283
1195,54365057.41626256,41538260.3842519,9805513.782602552
1196,23556367.208809882,46928472.29001775,-7784002.99772722
1197,95138342.14348714,53202509.631978616,-7549727.668510057
1198,13904689.53144745,22028770.285611674,-4734507.925117853
1199,51911703.1617697,42935049.49818,2090723.7220068905
1200,107890621.15568292,41362546.99725271,29851871.457954478
1201,17943574.809403878,36136958.14786801,-4008323.8276974116
1202,61652412.30036313,54811533.036941744,5587010.22792745
1203,20790247.120469514,52918277.09315608,-18539689.615129814
1204,66913540.09234067,80537902.1341055,1012204.4210886547
1205,94791357.74114534,65376373.175198145,-1183235.0561611126
1206,35044210.27345009,39993501.322071396,-11600147.542566288
1207,7586612.069598544,47317564.72297331,-12765065.951756792
1208,61347629.08034411,66409027.584915,-1601111.8262193066
1209,54152065.7204926,50458391.89470663,177733.02303063907
1210,14316273.182748357,36575321.99614319,-15057745.351558669
1211,41351244.13930228,42363523.50738034,-4139645.147195379
1212,55450990.26051353,63212875.38783582,-24601311.05622783
1213,44004455.07050574,67470364.24811308,-19564977.72075925
1214,45791887.062297635,97878977.8004595,-50248661.082009986
1215,31839569.927787278,40836893.30465113,-3036743.6234808806
1216,36045484.34221162,66583984.336511925,-31982249.137221627
1217,13826897.682690244,55259835.3405143,-20308914.386751756
1218,22874022.439452276,41531295.163055934,-4622164.239793656
1219,28771154.574922293,40354299.44684144,14286330.803580217
1220,9115266.414425945,27980007.29299025,-344220.56741180946
1221,22839663.860991515,29839991.496900115,-4735667.542333976
1222,11502085.064636532,40721378.387984,-12664621.49511037
1223,76125107.48389481,39086467.00162158,12239994.284767924
1224,37830075.9495492,49471311.19854953,-8090092.456994413
1225,34712874.11077256,44120683.274177656,-9340372.167501437
1226,18627082.330966916,31006488.804566417,-10928755.126131762
1227,22463744.088853505,49941360.440519765,-13468825.920594454
1228,17609290.90127563,48613779.53551112,-12561345.172266163
1229,47468443.712885715,73398020.70597218,-15556545.992289897
1230,33118161.465261284,58742232.77458211,-11990614.132530048
1231,16695899.969929988,33008470.920866482,-14139486.664126989
1232,25673717.381213464,95221913.2572299,-40591016.04647032
1233,29669219.452487994,79570773.27151273,-27602034.834434513
1234,28001413.92240565,75594020.14553289,-19673827.602942396
1235,84254133.75888416,140702921.24530888,-56170738.6839434
1236,31650006.390213136,68756633.1667033,-21058117.461691998
1237,22320445.1088346,88615520.3950819,-25858345.527840704
1238,31181417.422673434,78895541.25821042,-9337552.071186235
1239,29631826.352394823,110927040.60614765,-27683760.712312654
1240,71548521.7891139,107069984.0340601,-39306611.510980375
1241,23101070.980309468,73400478.54292528,-29683862.664366443
1242,36741909.26013043,92104788.94371928,-15126190.221363787
1243,29181316.863610547,103589388.6870347,-16817154.00320924
1244,24080056.180236764,53249595.519043356,-7396097.502047992
1245,26522890.021100692,117299188.60417506,-16747863.53312766
1246,20346302.613976482,34241655.19786577,-6967375.404031735
1247,28268226.273791432,122573917.3994677,-30647693.084625244
1248,101878833.52401249,124311676.0192999,-24596389.998788208
1249,34234757.26708603,53667539.585268304,2638384.864264099
1250,23627805.940340087,113783370.59451231,-37822229.56554121
1251,36314372.65015553,73348226.38613541,-25815731.902472693
1252,22445542.467784204,113468021.99559337,-35718213.2374609
1253,37380365.15246726,123996461.31402932,-25519407.5535384
1254,46576224.25281508,112767769.03976329,-36204922.93143307
1255,65361784.37278444,180928140.73445705,-72771399.30938752
1256,48461540.73832673,100828847.87584312,-41296345.957298316
1257,37724770.95035047,146494644.69875655,-39359206.13771811
1258,31648870.392344896,80822273.54555207,-28805895.82397205
1259,40485764.02022437,139144989.20155355,-32380012.868120696
1260,28891717.160198793,104306428.54483849,-42364211.89549575
1261,49752719.14269323,93614328.2160674,-9660725.131151585
1262,33777645.06088179,90654215.26089983,-46493273.77799565
1263,29549798.490220044,105201682.38573174,-25661556.140270922
1264,28123240.78824435,127396086.39535038,-45601800.683923334
1265,51660862.02461888,124257466.42155136,-46518516.60168721
1266,36026657.89554229,92920879.78151602,-29185766.01616191
1267,52487620.84792052,103360476.68425521,-10643939.51487435
1268,32585269.456996854,93512407.98105246,-15076783.239215983
1269,33557111.75540734,115361206.96416265,-18244967.24953072
1270,18247718.46308973,77757775.8398753,-30907274.84922503
1271,34358073.879615285,101478916.18759467,-26677379.2797092
1272,25992388.294134233,91120469.68189071,-21897371.377945907
1273,85545324.87572503,87396326.85893661,4771912.772754923
1274,57161235.095801935,146949029.38929808,-62973520.75330558
1275,24982527.632997908,89001443.10198754,-28003056.36764403
1276,54823534.35047781,109504347.66041568,-55559151.55345633
1277,44911714.18354283,89698509.79384394,-31077360.13575012
1278,42478650.67184045,77846616.03999083,-8855778.034213075
1279,25376898.827596553,63750588.93731014,-19258272.516638976
1280,21756802.514221653,93179951.98534442,-31206768.085889906
1281,34319538.90324123,103998368.58457747,-23529894.415365543
1282,37035716.395515725,79284926.63102701,-17434151.26134712
1283,19380262.08439314,37120516.81664382,-14491520.417928657
1284,27996625.35675356,67478332.75963195,-16715904.767581716
1285,35459728.96644528,67765614.35303144,-17971438.757629152
1286,25978912.012113117,76821478.97924961,-14955715.286235623
1287,54532330.79544703,86772729.4552228,-46621839.44686023
1288,33022289.839198895,68683705.53865498,-6304477.252144642
1289,21419563.516037673,69651519.76094551,-24793917.93799817
1290,36823290.57331996,79041052.52989917,-9743542.287379025
1291,30006518.43770813,73964843.39111558,-19998926.290697504
1292,36535809.53272167,73948780.13718505,-9806934.713500641
1293,42424016.17318035,100752750.9820731,-1147915.1218259092
1294,69414785.48475999,121643676.60427627,-57928532.21573673
1295,38283777.99828758,67570091.74497184,2965637.8957917634
1296,33838487.975541815,84792512.7341655,-14512734.056434346
1297,107667120.46655814,95783070.42321095,7511460.394796547
1298,23720560.50428849,77993210.05308193,-26554749.836278554
1299,54586296.33101262,115774242.99803375,6132763.499531236
1300,33257298.608844947,53750531.33364506,-16688356.092181534
1301,52036432.28218921,83212412.40206222,-2428699.888777574
1302,37852850.643749855,77778958.88231403,-38358598.388253175
1303,50496177.71743557,61512789.592257194,888572.4494557307
1304,27095148.68605794,58393879.80233341,-18940915.374829777
1305,35148551.81407381,69372897.29276456,-12409482.23579289
1306,27449912.96459834,58772149.80869615,-26828726.7022225
1307,34275590.78808262,64599413.77559886,-7638159.079655556
1308,32869742.301262166,73008273.38085552,-24117003.54492673
1309,32703626.829175703,51280183.304926015,-21304228.92163936
1310,18407893.448646992,50464443.09782879,-27322369.255775265
1311,68943297.72416463,69768353.07907125,-27714515.598442648
1312,21821262.90366496,50507635.38589557,-26315417.955775436
1313,52632577.2295152,81280715.30622503,-35045929.31402754
1314,23500807.65406319,65705397.35492177,-27156235.75298028
1315,36873330.359395765,63297732.91675158,-13818984.907062657
1316,25228392.662214402,53603628.44279193,-13093193.279152721
1317,34513379.390597984,62835723.495482445,-15699636.433983926
1318,16902095.4441661,41849534.97013459,-17332531.74987621
1319,26065992.54170727,62270657.93328148,-5643237.9489333425
1320,57247385.79605132,45258966.74329782,10774260.405942876
1321,21878132.82210079,43825195.44797701,577155.5826198978
1322,38454939.55926283,45467578.564036526,-14514777.476708233
1323,8126992.64382376,31752657.026735492,-11998190.08974719
1324,14227695.125168025,35862684.87999427,-2087140.9722876502
1325,12388269.615530517,27791872.525331467,4753115.983432203
1326,18055147.82474046,29848924.74857896,5982177.768809383
1327,9464059.017820682,21491309.25918384,-5428135.0550669385
1328,25290589.9231475,34695935.34450795,-8398142.607247945
1329,18088490.82795777,21284340.368687462,-8008791.490073966
1330,15470096.004360987,27032496.44606694,1483640.3518779129
1331,16912866.502527267,29997679.741993755,-1086813.5891468953
1332,25872853.622011796,38428602.84459784,-16572974.324914465
1333,14162150.863728488,23673398.028278243,933003.3747041795
1334,13889572.219030166,22853915.060592275,-10153459.891920337
1335,14266212.891679553,17734974.363785174,-3542319.1158479317
1336,8670591.113862587,12984441.810174307,-1278621.1032647425
1337,8897693.074404875,16132563.95642393,-5469135.196293622
1338,7541883.497466071,12632146.038291635,-57102.97514933494
1339,5280064.329574808,13957803.483277252,-5472558.756939946
1340,11148471.364379473,15803283.243556049,-3775063.1930708913
1341,9062842.628068732,17604092.59219636,-3397108.5492561497
1342,7704309.54182658,17598472.480316564,-1773814.9289723404
1343,7399510.061998837,17298754.128181025,-1261674.0549440228
1344,25936985.32142095,20832168.310014166,-1641124.1556946458
1345,5404032.952785117,11630037.06996868,-1793655.3091908197
1346,9242161.505131708,14045802.96820206,-2828807.4525639233
1347,6955067.183539541,11862544.488556879,-2121080.3851914443
1348,13403435.854277434,14571694.3233903,480144.30097239744
1349,6824404.507808684,12707067.152439276,-1081597.3091404664
1350,5755223.403171778,10385165.483216608,-3520693.339924613
1351,19155145.12998064,23977374.731520653,-8427270.719280802
1352,13218917.896794353,12124573.994512847,-2120723.2166279205
1353,11548578.582998723,13347347.373359429,-8239218.419121208
1354,17654384.872275017,13404240.298664339,-4346340.274346445
1355,11206643.329151254,11834560.506666582,-1615724.7214678808
1356,14192627.139322013,11666666.210406333,-4078952.4622231433
1357,15241703.75973667,12403488.775651688,-5874473.9616200235
1358,12291806.057264192,10378472.902152196,681030.020258804
1359,15500117.04319531,10465983.356165055,1864933.2966773815
1360,9491234.741410727,7251253.02186724,-2401374.283602548
1361,13027426.531188851,8519588.055414893,-62014.76533805084
1362,12562438.028666817,8779835.080948487,-6923543.722777113
1363,12311082.330116337,9090477.255610488,-1605095.7548806432
1364,13814273.90397868,9822878.396428619,-2290033.1983400085
1365,23099769.168560922,14078750.422283428,-2019405.6207808603
1366,25806493.05826236,11996131.326703083,4297099.911813963
1367,15469027.041107042,9924383.505517809,-3772326.2723616925
1368,27109029.316991296,12041641.342919296,2431120.158503466
1369,34082763.193179324,26276128.435798123,-10518090.252898138
1370,12712288.03370814,7217349.2609484205,-470243.0705303193
1371,24280323.60094789,14327469.65983419,4983297.514892074
1372,8792477.971588308,11629445.330716351,-1777131.445665203
1373,34763054.5498373,15653348.488909425,5484344.460850428
1374,33728707.670372024,19329594.310877867,-2488212.6021649567
1375,24747802.727029234,20784346.137127846,-4312915.812015224
1376,27085108.64588198,18193039.113947008,4678072.180991459
1377,35248153.472253576,22867542.740113486,-4771102.4274303345
1378,23859727.53196786,20701809.713277474,-7484191.613472492
1379,66986730.39355342,38049844.014622055,-16255546.74958117
1380,29316009.58138066,22404649.494491044,-5739296.720971506
1381,41523716.350712456,24580001.90445979,1681555.0360999452
1382,31703140.643315833,20791247.07232793,-18299438.000890784
1383,40350090.128227696,22462232.959805306,12792135.37632946
1384,42595565.92458738,30502071.85141311,-1759949.3141402071
1385,40138141.706630744,25686580.782399658,11219925.347254891
1386,59582031.4613622,36949361.19309181,-10866140.218872026
1387,83320510.48128928,63029231.394729674,-27014408.387420222
1388,39280626.55938883,32039866.651023496,-21505900.446875572
1389,62551091.692861214,36883189.75744259,5137846.948672883
1390,26681994.07442056,21203631.77670414,-11962079.993519327
1391,64509164.42900687,32225252.127041124,-6324563.572910998
1392,28638463.679426838,14946532.953921564,-6012475.941198893
1393,67494680.90162611,35679439.095353894,-61530.760482279984
1394,57334271.31384323,29005165.198553402,998769.1995512373
1395,36125012.88435447,29908388.298264854,-21858822.013167404
1396,52156065.36966053,27728573.76846983,-2065071.5772723407
1397,40310005.74168645,22104133.055976834,-9441926.273965389
1398,78391054.25213991,44672062.42745405,-10982975.774943851
1399,73236758.17369719,44697193.1189974,-4034191.7485841806
1400,79221939.52711159,50447165.88240612,-24188866.90825687
1401,107520697.7056063,66660560.48839901,-24067146.313721023
1402,81536851.83643292,59946488.720407985,-31704836.55764043
1403,68373117.26780918,54508623.52989452,-20733475.86477546
1404,181317468.21381673,99501605.87664682,-56299296.45666616
1405,54931301.68200706,56051626.485134125,-19622368.499969203
1406,79403011.44406377,52748086.76219344,1194524.910326266
1407,43107140.09680971,37270981.924342625,-15296286.87202662
1408,86417162.15237464,43014019.301243275,97928.36865763536
1409,146198447.4654573,83882386.67162089,-17709039.589913063
1410,53760660.710249715,42622899.32108509,3273965.6906657256
1411,86168311.49045987,53562036.25118375,4097570.9277778305
1412,48933253.602310576,59746789.078080155,-19120811.866479274
1413,98591944.83011383,55211332.621702015,-1597819.821960076
1414,33993608.7205537,34280618.44467005,-14640137.387904799
1415,86976778.9894299,47031787.73881666,16540811.813976046
1416,83773554.9365131,46951931.52031216,20174058.36814354
1417,31319320.59385072,31375866.473439496,-25368315.532221492
1418,34131974.44647618,43615400.050955705,-3729713.9657511283
1419,17376671.797712453,17406921.362379722,-6040003.380593848
1420,86555783.12621464,105299600.48685236,-65797702.49427558
1421,48019784.8608903,47332079.934154436,-35138408.415519156
1422,18237495.10638084,24900020.62679487,-9696695.573033988
1423,65492942.9741387,69166136.92508464,-53586404.61613767
1424,54425019.28535968,51149186.91754738,-33544701.540001914
1425,31601794.77403507,41258971.25891597,-26579182.32040367
1426,78827603.73325188,55814731.99898157,-14874657.942653753
1427,64586257.77821049,53386717.92694022,-45545749.62677152
1428,17920617.686756138,29130245.199272923,-13870659.042553559
1429,64944795.760517746,39523247.6280197,-17908669.259161044
1430,36529924.09696426,32913644.46628489,-30567078.780000996
1431,44164339.3438275,43272121.94408646,-12586581.313917398
1432,22705013.72232011,19380373.7281199,-6690767.257960323
1433,51281743.49140501,27157703.84220467,-20902210.162391305
1434,111456251.18157274,118881377.37667967,-66498929.54387074
1435,29600156.552393325,29805525.988501914,-15762163.255993003
1436,30012716.757525604,22162214.20666296,-4817419.675258128
1437,19112616.14248224,21394079.683229078,-11497271.007986002
1438,20558598.405664984,24205191.73967765,-12143880.135869613
1439,29689244.183559656,21494071.6221572,-8379390.6315406915
1440,78338525.32532768,38794263.35999253,977865.0895333599
1441,10516891.856989205,14201818.848405568,1611114.1494420576
1442,40026825.685034566,40635452.732042275,-10319124.00136656
1443,6777716.993120059,7636319.434463819,-4824553.63158909
1444,44917403.77669284,47766485.42133211,-42081262.28672228
1445,34879288.588959165,39502347.68734554,-18377103.97696529
1446,40472206.13840547,41001301.41771217,-27707440.532496065
1447,61180005.81144231,76859386.76891628,-61787152.46000805
1448,27791781.011876952,35129549.38538846,-27054538.058892485
1449,48473425.218573,33517647.83183619,-9550778.059032358
1450,19658452.559964534,25423832.221890118,-15527634.582483558
1451,73592268.45724602,53156653.34567187,-33605808.07615517
1452,26639752.630328115,32394936.439429943,-23526942.793985333
1453,79687218.99389306,42653611.787999384,1391760.4654341494
1454,45815247.26942397,21840991.02336309,-15374503.773132963
1455,28561995.70987324,30077833.873270497,-9105571.893636229
1456,50101626.952083945,35041535.91591772,-15075237.893770847
1457,28857308.358109135,27025192.890820473,-13279679.769039392
1458,35792456.24171161,39249962.69612272,-32795341.924687058
1459,45495822.58648194,39154418.22295334,-6137166.871017403
1460,26258795.21836945,18252944.11145411,2024657.7584492916
1461,72978744.07831345,89839086.37180005,-67146269.8626343
1462,41258945.831674665,30375395.20884813,17887441.0157326
1463,19403501.601057623,11419112.433932442,-4223446.546293669
1464,85278208.37884204,50420534.39606707,-22252771.181816705
1465,46990202.28344155,27439721.874051537,-26095872.065610185
1466,39030837.550074555,45192514.09468676,-24328689.812699508
1467,105311659.18151277,116574072.91741386,-85220047.2881898
1468,15792396.87981908,16367681.512128308,-1876497.9127171033
1469,36770559.85130794,30629916.160236225,2208786.8335932856
1470,49170800.96430333,48863585.60357388,-43881457.02373137
1471,29698013.316753164,29003052.793304823,3766549.792864572
1472,95239727.60711657,96345674.82071991,-66895602.81909825
1473,68057400.46312773,41654531.15232352,-24171051.213794794
1474,31366188.732302558,32257067.941753887,-138994.8304953251
1475,55790666.366896965,50439445.29282058,-13185569.53257368
1476,25270964.09847588,29304275.835237913,-11973972.701499058
1477,53816312.290532336,44784956.64149412,-5949066.81244338
1478,146817076.91357705,118349932.44564411,-83602457.26341306
1479,86057743.5869368,53631935.20640529,-15126445.333669033
1480,92578329.0713738,28775172.681214347,16564970.951193886
1481,19045596.067912634,26449323.222414758,-10479848.512509037
1482,92564517.72155902,40033454.146724954,19458990.05865152
1483,133739692.31402785,107940534.94357315,-67393169.61536932
1484,124945355.08942984,91867369.35159302,-25480958.22488033
1485,104317154.01106961,88062604.09098929,-57671632.4772965
1486,118764343.84652843,96791480.04292132,-72198987.16024667
1487,228366121.38264385,148277739.15556782,-81313518.99657565
1488,90208179.2194314,91012747.72126178,-74283413.57531545
1489,144380815.49759218,118125167.18894488,-83863565.73592821
1490,130751277.39798866,95102677.53967182,-73220255.97382303
1491,116098391.73298118,104078917.30284387,-68285889.19670215
1492,117313022.2824385,98755311.12821734,-67548573.05554625
1493,147131071.29096758,115296337.32803299,-64144261.86949288
1494,125123655.81434204,96768110.52538279,-77184291.76255177
1495,114454984.2300174,111347902.82873078,-64484679.86934909
1496,152234026.58473513,127050536.77692918,-67357319.92682002
1497,109481292.59531704,90416926.84899305,-46974126.583009616
1498,92350849.62979773,88908119.15040651,-59192849.46270066
1499,115995366.30370288,94776299.24019621,-43806899.84374577
1500,163187233.4548492,112080037.4660591,-54261565.701313816
1501,135079852.32654667,87825695.06589988,-62113982.509850055
1502,88058519.55633135,90152420.548725,-52858810.60672766
1503,163615945.88574064,101475876.84167823,-26756457.902039926
1504,160379896.8245506,105515346.90948932,-45825231.94653266
1505,101803287.23499979,84369009.75268461,-55968380.81384785
1506,136098490.63394478,128925897.8644969,-75296022.53459615
1507,99536269.11011867,90390360.12410754,-63759743.24047188
1508,98247788.23419589,86927958.21303612,-36877689.44406959
1509,109498687.70863515,88014590.4980066,-44348895.974262066
1510,121649056.76775415,80312453.89340842,-43209519.72771417
1511,113582027.26184873,102389148.08901902,-47260020.014699124
1512,88624977.42638446,76473710.34710237,-61147851.497624524
1513,146947362.2058672,111114479.70443483,-37102527.280205816
1514,156465200.66706106,125908994.46482041,-66240320.555604346
1515,107892275.415667,90422347.87291248,-58437921.577116795
1516,72643205.01019816,53631585.63046267,-46074040.21881349
1517,136639400.24497327,111408564.72460659,-48765485.25510004
1518,117632617.4527668,103695475.25216553,-49976230.852605015
1519,104297286.32211415,100128593.24213558,-55765652.48825357
1520,100204626.81719455,76069381.17300436,-41184819.388792545
1521,90765021.5880498,88609221.63319775,-56673976.163959704
1522,111737415.67491089,82186538.751615,-32864666.98969261
1523,81009851.37444851,73705415.04435736,-14820017.983660555
1524,99217158.51833978,54887418.48399679,4898456.62599563
1525,65427870.33772901,40498740.29015735,7476591.99840561
1526,77054211.60631377,54714740.63314491,25301163.048100922
1527,99097503.00706694,91085916.81781195,-33748998.22624713
1528,102343543.52494487,67675819.17903093,-43503560.327918746
1529,44337594.99538149,47812430.25571626,114497.4641537294
1530,71590657.54222699,58641799.17138342,-6167739.234325804
1531,103898189.39083119,64474804.39987803,-30746350.3812294
1532,58385560.10344532,32339352.77373426,1940194.0325995998
1533,127831391.59016655,78241101.34290072,-29887864.487172123
1534,105523301.99708638,89012885.89344491,-71877665.56162901
1535,143467465.609054,110895961.28732444,-69259503.37485093
1536,123687509.47334279,102306509.10195363,-62435565.03977806
1537,75692163.72687744,67581165.78669575,-17538058.526312478
1538,123631256.5114011,89181419.47903888,-53822040.007966764
1539,97130150.40977111,77783916.60646792,-63738478.808126956
1540,145255724.60185403,102668815.11876516,-46240782.56404343
1541,119649238.38618973,67296000.09439927,-36434014.911236234
1542,111338307.57074326,89588300.00529073,-54695885.80494282
1543,119342848.11254759,58744028.433126554,-31327372.687015884
1544,73456431.13135508,61055838.50851141,-59785892.48193073
1545,105770822.8781313,58255758.947379336,-10734895.58715049
1546,98548632.01252432,70145857.29529667,-47524118.97122523
1547,143641819.36939216,73294207.58367874,-16264516.385512715
1548,96164691.21236423,64428142.09047992,-48531856.52094516
1549,79455073.32513131,63874717.94699054,-48549947.1191325
1550,157954058.08295998,89386979.25258088,-48461783.76519915
1551,65091125.68556089,34209002.79100248,-23440319.10179156
1552,90632008.24527311,42278854.255981274,-34311890.667690895
1553,147471599.00639924,81490501.7223839,-52019341.13683973
1554,78631497.30894731,68910120.42174147,-59360217.49405417
1555,105759175.69133584,62246453.74418398,-41712381.95177941
1556,107146756.46541642,64563291.34397008,-43781601.23918823
1557,43196088.334384866,25921062.36203007,-26617405.92242127
1558,112506634.25918779,48216003.28803508,-44826702.63067317
1559,95418762.73470613,82543784.15072979,-66039580.77909875
1560,86733030.1472245,37167665.14098709,-27483155.053047642
1561,107893694.00618866,58876470.04137436,-53585197.06510367
1562,110726839.27765,77664816.55538425,-64544015.00929523
1563,78313956.10913457,38964787.20251745,-31473222.74279194
1564,58833124.82012509,38525404.13873726,-32298112.63349414
1565,77431673.02020489,40732954.973733954,-22396381.97682063
1566,75871042.56890039,47723482.33931541,-33819004.09150885
1567,80932768.50152911,49484846.50443394,-8560024.871364681
1568,63289476.12943524,39665281.9740447,-26767608.449894123
1569,84174173.20821668,65406844.630637236,-47074658.69980281
1570,66274514.977569506,48885574.18285067,-35068215.54716617
1571,89092079.25628804,49882004.30875509,-27630243.226380322
1572,73795318.0887212,54237844.7598071,-47228728.01863419
1573,51711609.42986478,44046310.1345115,-34426264.972527795
1574,78443690.202325,60270237.24150982,-41208313.675333805
1575,68082255.85968238,28195711.355926745,-14520705.768106852
1576,114934888.01750888,78303235.42910367,-35975954.15279838
1577,117468560.15903921,60194613.34264864,-16001408.569262134
1578,91706390.55867295,60974888.10416981,-4212870.513834654
1579,64748436.93788012,58075956.76430268,-46262227.95020672
1580,125316397.13735944,65299306.06342048,-13741439.777105637
1581,80934058.2749389,48677114.778201245,-40367166.69602329
1582,79735716.22444974,58783927.78833349,-2500991.474337169
1583,124962518.49625441,88994925.21034415,-41668512.866433114
1584,54578483.15880593,41879660.9856927,-11536555.372859165
1585,82840572.7548443,54236334.74006588,17857092.478146978
1586,82603669.62317525,58138889.528670505,7149286.6944208555
1587,102489607.33064535,70018229.60763443,-24408641.2858652
1588,41271801.29195073,36723434.75196395,-22839554.620324034
1589,77503818.49977478,65284456.16721185,-14536642.359092388
1590,56673310.91438239,28946023.146333914,10964168.065481398
1591,62081503.71870571,60050416.85327704,-24351307.2936715
1592,39655972.42648121,29737488.582413338,-18156531.886277284
1593,51082034.82481416,55015722.81239604,-46566985.63211217
1594,34245305.26689245,24922117.507182047,12654313.69843581
1595,45753186.21982694,22110941.31326947,-154278.34160479804
1596,51978956.04849441,40906912.45762697,-11389349.283885883
1597,46041407.633564964,54344746.18720425,-37872714.905329175
1598,81263034.3994779,45159157.8093802,-21024198.14653903
1599,74954399.30112611,71155370.25703329,-47979777.635463476
1600,60855708.29104486,61530335.38534982,-42667109.72020726
1601,46581532.34386658,55984149.25526355,-30295466.80673936
1602,79199370.58795017,81263828.59862123,-61887295.92704066
1603,59960003.42578602,55441485.97076333,-32218103.696727414
1604,84985413.05257098,75532145.38799071,-44693241.8765439
1605,51581909.49147204,61640641.57817233,-39425472.63692553
1606,90733823.06617813,100581855.89151038,-60605800.57639096
1607,80484052.18611678,64141366.24252559,-28580678.647839434
1608,81883219.16739607,96330550.10039116,-76468563.9358309
1609,94625728.47096725,83674415.05703369,-50198213.88538254
1610,91097709.32489721,95814692.8153324,-40203176.81224152
1611,115645199.87761718,92959465.90561885,-31375921.85665696
1612,90163309.10480945,79532724.60015693,-40657824.51619547
1613,90198534.37425004,84342677.60140778,-40820765.52785349
1614,142437095.10093364,98679336.51642236,-56281265.09731465
1615,62507149.34830086,67808418.72792037,-33762220.59844472
1616,104909230.49090743,79035383.32081616,-33192919.538212065
1617,94337571.85821909,91768399.03317444,-43136033.549111895
1618,95309321.81592068,87817051.21522364,-43002627.52469386
1619,81673628.89140265,93115275.04722765,-56231544.66903449
1620,99592864.75023293,73929831.85140133,-39738145.20962284
1621,127130970.1780039,83734245.80704905,-34917931.245267846
1622,91180117.47578587,83018781.26842977,-35450258.819506906
1623,102427788.83594617,85588792.52729449,-46308865.71516953
1624,117335404.69995536,84990406.21032499,-39520039.62532345
1625,104879849.29005149,89981616.63516757,-47040523.44540816
1626,113208727.55393888,87974168.9528365,-53611620.501897365
1627,83358923.47060822,80848980.14776385,-36820317.33665765
1628,112890489.83900368,76263484.35403979,-54113734.22566613
1629,133713888.62638885,103547461.30931988,-40490484.93442735
1630,58864127.13715128,49725562.466898,-48161105.85608263
1631,118428938.69001943,80682219.30864291,-75086335.24813898
1632,92286439.76963533,68468312.02679242,-58308676.79346487
1633,71000837.99853598,62941226.49655713,-55316727.38849342
1634,64782452.246132016,56492604.13304538,-54905188.881576866
1635,89623824.75744581,65748511.479207076,-57357934.523948364
1636,58547725.326052114,47942311.73298577,-43439405.230216
1637,106381233.44676425,69816961.50015008,-65097325.40687651
1638,75478401.15055563,45091723.418050095,-39000017.898961365
1639,77052897.74818543,64883377.812950924,-56913850.8413438
1640,54293368.012266725,41977153.97509003,-36769283.93987293
1641,103474386.12118657,66137927.75293134,-41974008.422729395
1642,77364798.14753598,65414899.73087781,-60649075.05578074
1643,78857455.90301745,58381468.2953751,-37939597.17111237
1644,86243313.55821826,71135647.26491196,-63747407.54052682
1645,73074594.13066839,60822179.12322287,-52749334.910601966
1646,135308401.08404872,75204617.38473326,-17516700.614009995
1647,109779714.52035347,93470607.5422334,-28747116.205144063
1648,108326536.47824197,70719619.16413355,-50685330.477296434
1649,102307468.09817867,72533027.16089648,-19487449.634732507
1650,97784426.34098692,71431272.79512466,-28064082.180984605
1651,95780433.07135938,73243083.08673158,-23324976.252995435
1652,133770367.85789508,91170727.26156491,-38837622.84572005
1653,127847411.59043927,94182710.26212287,-47283424.802630454
1654,110421535.77823453,74185012.19634613,-42187064.026749425
1655,128541617.20361146,74952151.2561841,-36370817.69828328
1656,67512018.63782476,70951350.17718731,-63512937.630707175
1657,135467701.06940797,84495355.56249598,-33705083.39270268
1658,145865965.02293688,92969873.9905737,-50213046.48797552
1659,138623351.50723523,102538823.6858657,-51901780.37645995
1660,159662019.54181838,95455578.44300804,-55774482.50633147
1661,104930908.05170701,69036587.08891693,-38353572.29875422
1662,145009074.0046226,75068409.95706938,-43196764.24544931
1663,92723800.21714988,66862048.24545513,-56650755.56460921
1664,114047316.1427403,79311141.61407214,-67561773.20985563
1665,102725864.51987968,84630891.71324827,-65380472.4220254
1666,114509763.44889335,72928000.99388644,-58268148.38576269
1667,112866717.58450082,77591865.34308371,-67473931.36913182
1668,100991711.1951826,67749772.4604243,-62863022.18420982
1669,119034903.30023475,66177622.354484305,-59471288.51324522
1670,113494243.9239051,65460603.32215264,-62336086.80439573
1671,103306666.71653031,75938875.4850342,-70265999.93482971
1672,94824349.47987245,59045636.398575336,-54637383.730164744
1673,132674974.50254779,60843977.9104972,-41817497.896414086
1674,111456218.38323656,53906340.48213582,-49834723.40340377
1675,123532123.57259174,55850827.10603761,-51684628.44675031
1676,122862263.8215142,60496582.9412931,-62499502.96627225
1677,122348593.44723584,80311894.03893384,-67157596.94183014
1678,93010154.94092256,47732353.1630825,-47566181.77463251
1679,130265251.42062102,54915805.55437701,-32706952.12343647
1680,100674662.63892776,53882649.7206982,-41377635.90349379
1681,110576152.58622496,56611960.01523064,-55104869.450245
1682,88850781.1767919,49880069.32298421,-46057432.51085863
1683,89854793.16944908,55333521.54679626,-45328890.265027955
1684,91774195.88663378,50086150.675028086,-46967561.16731315
1685,95565450.57530703,52708712.48706845,-48905375.33410293
1686,93475176.55051646,49379937.30600291,-39938198.48581408
1687,95094727.87015317,48171213.031465806,-32179376.119232018
1688,87715254.76178151,45030265.40305011,-45043552.9263692
1689,87698925.19808735,51277530.765696846,-40723096.628664136
1690,85934403.39014927,43149358.62607211,-36667097.51191091
1691,79745169.29682478,36279011.292526595,-31721384.76830382
1692,90074003.68000895,37809724.35036511,-30311548.673227746
1693,73500969.44760254,41891474.07482046,-32782128.484812632
1694,97948718.99244028,42327699.12684739,-16703382.744407915
1695,92546012.76831217,54455769.419082925,-24296562.336290013
1696,72499710.19526523,36997484.62638654,-28164985.027400542
1697,74900613.8806368,24787294.47061128,-23445238.396231476
1698,69238693.73372631,31543050.087737653,-26892526.147129934
1699,79509883.94739978,28371068.94600993,-29652368.178463336
1700,74657066.86598867,42833849.38607632,-30289815.030948684
1701,90267207.62113547,38589837.854846574,-22070444.87061938
1702,93500037.7524217,39752690.08486697,-20896995.654154934
1703,83644081.77204166,31964791.175057687,-25514496.78767301
1704,80650600.32035875,23079274.079464134,-21194984.12957084
1705,70051275.77367681,22624822.71994402,-19128370.657851845
1706,71279043.55654956,29971836.68387439,-20108474.80646929
1707,78957660.20627342,23300485.58973348,-21055967.83977091
1708,67802227.76462182,22121347.086829368,-12781915.914334398
1709,81726412.15025543,34374115.45889242,-7009203.810690583
1710,59929359.80682233,16270477.489136724,-15905607.271799948
1711,80625359.98479795,29660810.60040318,-16497959.992743403
1712,81915471.4688744,23778003.588321906,1152161.7268234787
1713,65886232.11752347,17326538.17782449,-9238285.809077226
1714,61453553.13815564,29833419.12955319,-10681598.720439326
1715,76948263.98738517,37876006.21578754,-16744468.120133044
1716,66632415.99264941,33622774.90502443,-8304627.821966766
1717,62513809.71464851,26492845.22067299,-6767501.62601648
1718,81958798.50433959,28182812.490845192,-5546230.982056584
1719,56611408.17813622,25037127.525842052,-10511743.390905757
1720,53498129.98415767,25866540.507054918,-12279726.93706054
1721,56396726.516104795,30352069.94207542,-3109532.9955085786
1722,58834746.62975517,35213872.20384744,-10906277.079381317
1723,67149613.53365919,29861812.436539426,-1567393.8798099728
1724,48647951.14866406,28559081.5948361,-3137626.861336487
1725,52593569.72569202,23836010.29394369,-4441109.301971111
1726,68737650.11689411,36046059.88163786,10297793.446225913
1727,57058639.96025576,32682440.672383573,8325905.503126076
1728,65759025.87694194,44250501.14274392,6284209.368409831
1729,62246403.657039165,32305062.470500737,9316594.072825938
1730,67506525.63433452,43451691.734358795,12030603.963393698
1731,40166103.43137211,24891326.60599178,819027.6346518612
1732,55077043.47896248,35301977.558449976,11581062.570031816
1733,59347602.67442274,34139595.62473837,12699830.429045958
1734,51990441.46036277,41628552.53684085,8221347.084193767
1735,62660058.46522654,33747216.62763087,11680073.953806471
1736,54438513.49946117,38005851.07822175,13908700.714413462
1737,61860065.764647774,38705023.982709944,16971979.056664176
1738,61485936.0484395,39116967.67141146,10223303.10620038
1739,46428717.003238365,35847416.02617479,9965808.584583994
1740,54686377.46917656,45829080.76773273,10240179.844272343
1741,47290518.01003547,31375430.730753895,8685231.720604982
1742,45410840.00645215,34757487.58500974,13210178.806578377
1743,30420680.76981671,31983294.125492588,517340.06123639364
1744,31595243.289595023,27217991.63937667,4785478.963889895
1745,34712220.333507314,29125494.217143994,569958.016277356
1746,25987506.956577927,30698118.79463345,-3106427.410510164
1747,19743659.27143054,19551543.634056747,3482643.1817616625
1748,22714408.756533604,22321486.956019133,2173162.6278555486
1749,17553984.469385557,20692703.73099605,2681055.6800493407
1750,19005987.414827134,22903193.720394455,1580000.3069768364
1751,18171253.507910207,17976335.35456093,2436224.7596160937
1752,16500550.467028365,21878785.498934835,-122886.66690290756
1753,15252952.156829083,16611895.326004984,2418048.862561357
1754,11567827.319263848,13930505.884358726,2273435.1547071706
1755,10457232.263830107,14089046.683415845,1747022.6367403697
1756,8177204.341960837,11885452.594612382,-108192.52982854308
1757,9129244.724724125,14197252.483925642,1612984.2180352993
1758,12557494.241012381,17212441.843970902,2589372.912519596
1759,8798018.15097233,13512017.409117255,680064.2021759433
1760,8205445.591847891,12495036.92473477,934507.9697509637
1761,5404474.783887904,11198475.16400881,82843.56556983045
1762,7938885.062426784,11043140.13362196,1521847.635373985
1763,5246349.821288251,10864370.559553565,1701456.0822002874
1764,9176521.698970543,15484886.64049394,2056523.4935449723
1765,7114827.226702339,10452258.165987901,-348630.68722566543
1766,6134344.436159862,10004468.156180235,410795.05357422214
1767,6022631.625129279,11045579.16605497,576288.0564948408
1768,6616323.651550799,12083919.1605947,526499.7990316772
1769,5798958.657079641,12322155.147449942,-47608.78780970545
1770,7374425.450650792,12035778.20622912,1990066.5876047923
1771,8202072.347353604,12768314.94069366,2279627.865824544
1772,6777350.732146329,11545523.901881777,1284116.8009764838
1773,5287328.289133763,14182398.631999321,728734.7976735714
1774,7567978.944468934,12183879.60317196,1299028.6915819107
1775,5539183.697186333,9812095.38604334,364906.9884827046
1776,10488107.92567733,13834286.457825076,1600467.2087158822
1777,8367536.843289602,14203532.251785807,1767955.8795531108
1778,9202678.357358223,12410636.022645865,2701177.6432961784
1779,8365612.635938675,12840891.866576323,-4418.11590619635
1780,7465524.913680106,7370031.349458884,-477069.5464997736
1781,7244202.689400997,10988589.931898134,1076691.5751484302
1782,8684408.190739945,10375842.792227348,1069581.838994916
1783,9497204.158115659,11966558.447278209,2879052.280762242
1784,9831822.894032132,11457688.77952993,163900.3391790399
1785,16163863.85764973,20265045.566601124,2866189.7496674983
1786,10093009.377319422,12215493.019758495,-200456.73011103892
1787,13983192.895679915,13982322.922178222,1844678.4137234339
1788,14319833.720403105,21067057.11103065,4406441.070422854
1789,15134113.691225015,18885201.05207825,1238537.8345109418
1790,20162645.909314144,29073946.506799888,2333754.4544455125
1791,27392480.773909155,31893607.942149553,7280383.334041296
1792,18941748.692580298,20740106.16943959,2025138.484699129
1793,23832792.443189196,23400493.85755935,6429461.342756371
1794,17699176.317912452,18657396.020532228,2523601.93305646
1795,30860720.425042965,25846974.815146424,9070946.894207232
1796,29744966.390847575,24587426.755316216,6472248.057688583
1797,38411608.42799378,71070072.60792994,10846828.613393389
1798,33736690.54712292,38275116.46957956,6316818.076941977
1799,29599014.748747375,46976282.17743303,10729379.306099867
1800,45671651.43004877,51152834.60630985,9839477.017692363
1801,34810447.869440414,36322833.9521956,7882939.181423736
1802,37830507.497455455,53012014.941805035,9661702.618679687
1803,41673219.59655047,70679261.87292622,8474031.753785687
1804,45585200.75603955,48221697.43176417,15335592.589691155
1805,30091942.78208426,56810949.516373605,15123537.76564285
1806,33676038.4773133,60589550.628622696,12038205.508270191
1807,27701958.4698848,46654917.21231504,11314084.426407846
1808,38871735.08809322,54425321.45154574,15164326.062681885
1809,29468169.173532706,61752224.310711436,10407159.576944636
1810,27647679.72148077,54219180.907956064,14989183.832896642
1811,28778675.49105219,57721837.09912462,20216839.704988886
1812,35583139.63517017,58136391.87501577,11580425.133558623
1813,22341145.822931595,66458670.69823841,18002887.226821985
1814,27990265.20889077,50069486.363830544,13883890.238866232
1815,36201565.99099646,53143998.42936574,10481376.905292837
1816,29979929.02275543,61673586.270915575,19417955.084181815
1817,28759068.68649468,60314805.888466924,16351997.41583562
1818,36882629.92442945,67623131.80940263,16162424.322774505
1819,37137896.42791706,90299862.52300675,22055410.347914405
1820,33123934.829575013,60254706.94817366,12136713.32771585
1821,32266567.71596195,73242717.58081144,16284571.136630826
1822,35552804.949455306,65445380.58791674,12275287.89103638
1823,33392078.622561086,49438169.048762456,6705447.122391265
1824,35935771.05544433,78721122.3261579,19811409.61482679
1825,36303848.32107537,55731464.280201055,9255196.046498494
1826,27522780.60874195,76741026.91807458,21007047.0892516
1827,33337465.429065917,78600295.89803888,16799554.463917274
1828,34369545.35146312,67504240.35317793,17583309.060134552
1829,35132116.26589958,78030882.69033162,26379825.212415226
1830,38734810.03651626,69058317.10724798,17028935.05934027
1831,38395582.471351705,94037324.55443004,26437309.30854187
1832,34146734.130343266,94074803.8637944,32927950.814910863
1833,37634576.74177718,94076886.8940804,30819500.02710504
1834,42280692.56524271,105272527.53019744,29838675.398220964
1835,39776158.94256324,105901755.5921611,37722431.29097631
1836,39599461.78828709,76776647.6268258,20065436.942520052
1837,39658520.56567515,94846794.66914439,29619389.87051544
1838,43403269.80652784,119793100.53922406,37528571.11179322
1839,37193784.68965816,98564082.33407268,33278389.16523602
1840,35849927.623601936,107610378.7460695,30385244.503623705
1841,50094680.259614564,135840843.0904922,49840290.32397101
1842,39617598.34002262,109698008.41731352,41112098.40878583
1843,35825492.37921165,107040196.6580586,39994438.1930957
1844,42344341.162867635,135200483.4277861,47368080.91462764
1845,41661307.56885181,120150541.36009575,43725595.91542814
1846,38634705.84783056,122305251.9688058,42996463.532773815
1847,41577384.49770583,128571700.99899499,48856928.9348717
1848,42314687.45143045,112799192.52035815,42919559.23119535
1849,43100254.31259006,137695357.6432715,53457125.419382446
1850,32738385.913407955,94721573.23214234,34347202.605609
1851,42954534.757734016,112683116.07239954,41264922.41061261
1852,37405410.74272917,105814497.05399236,39435573.10402631
1853,35927795.93676157,99630467.26399396,38754100.83883033
1854,40814242.28534844,108946922.063316,44924288.20552201
1855,42761332.58654296,126306160.99953298,50314727.86574799
1856,34196229.57840484,111787341.56248072,46538246.30878052
1857,42003550.184930295,119489985.63470359,49988747.99904469
1858,40678154.29543603,122783797.26674952,52567622.318795726
1859,32356085.013591297,93087650.23798797,39157700.33494579
1860,30390224.94553054,86302651.36648214,37055420.60348789
1861,25625861.918452192,64382744.03724048,27411478.377094023
1862,28764205.06311657,86591925.3133541,39381577.854197755
1863,28690573.382659856,77387635.54496217,36511044.02561087
1864,25262759.5013024,73896335.39359148,35184098.77480845
1865,22371299.898688056,59976216.12926717,28527405.041206352
1866,18864368.186070867,48404870.34931557,23630134.45402015
1867,17707758.65035255,50813377.63320663,24745776.93807376
1868,15443017.38842678,41599162.382808805,19265170.485160235
1869,17401011.406497806,41656198.292450555,19497965.487694684
1870,14328368.212915257,38658059.8954991,19038639.220384065
1871,14105939.04359446,33410619.62919685,15475194.47100888
1872,14672115.567367267,38641775.5785904,18479305.39927228
1873,14557470.904075695,34238157.27045834,15567857.821844045
1874,12689542.03811328,30328298.466828026,13743983.289840814
1875,15414839.070641816,35993916.46583561,16320323.011097834
1876,15547280.468851034,38438466.82290383,16836360.66884592
1877,14147705.339147467,35055857.36142186,15877072.000041837
1878,15024378.405465705,37233736.192468196,16447674.329336049
1879,14965327.347964559,34132429.589825064,14210283.851787496
1880,14561862.98523138,36213403.06627293,16306995.416242037
1881,13947269.430515155,33421562.550136346,14372940.84725057
1882,15260784.85977391,35550716.37221087,15004751.33092728
1883,14412075.421237227,35125822.89472936,15213774.70993518
1884,14558838.984832035,34967971.12259503,14980920.42777388
1885,13818617.975262977,34461544.98702248,14928416.35598808
1886,13793295.323595196,34389361.58096626,14548634.581073966
1887,11976665.9797899,32268585.493338477,13499661.281185953
1888,12334726.502351183,31347037.898043264,13372372.257604728
1889,10850458.738257058,27153376.27862455,10324344.30052261
1890,12043045.597496184,31951181.223966207,13584097.94689291
1891,10184537.796164842,27288519.618655164,10641059.247285366
1892,9569722.119129367,25290252.30601168,9483997.180277217
1893,10204204.829890903,27576901.04985175,11221933.088646125
1894,9810208.380505012,28222740.327474095,11091942.892550597
1895,9452581.353987029,26882528.639971703,10111565.219120262
1896,10551945.980062636,30466824.227579046,12180097.494713496
1897,7922677.0968204625,21453527.287383344,7292356.440932199
1898,10704058.916483138,33729179.24379627,12804624.781196542
1899,10588546.313580493,33181352.739041112,12676227.235164981
1900,6152185.64077034,13657397.877895162,3368219.4520060415
1901,9484285.707280286,31266110.253545277,11166750.923255343
1902,8207728.7179787215,23887740.325950842,8121099.366689208
1903,5169553.546844182,9847026.319506934,2104738.5016451906
1904,7726983.117557435,26659224.89770469,9049635.438139668
1905,6498408.086469416,18680220.248752754,6316021.441899681
1906,4098131.88341924,8389958.18066053,1919835.2611771205
1907,5335227.439155255,18893013.43678487,6070095.843377642
1908,4758103.869864668,15200372.72952556,5130463.624211716
1909,3974418.93409294,11799156.031320423,3823285.799279979
1910,5033073.146653251,20592973.034968212,7133640.714319292
1911,3577172.4269957137,10741719.369145628,3507493.349286047
1912,4062412.55431126,14961274.835594056,5194345.138153622
1913,4455737.043341633,18263276.108897526,6478609.545325169
1914,3678086.6231977534,14375521.69306849,5073255.622877141
1915,3679804.2854842334,16130889.154973485,5609174.163420405
1916,2913687.821945797,9584397.720248938,3384381.9046310643
1917,3418764.092809913,15277338.483294304,5434011.389657894
1918,3021301.3372397367,13353567.963648971,4688056.053619573
1919,2481823.7033325164,9675076.051024674,3329784.4529270986
1920,2551546.9600035925,10892117.42319376,3861358.747434702
1921,2680694.2824053583,12747005.41513783,4411202.931807663
1922,2592570.1511805174,12754894.429711066,4409409.873675021
1923,2277636.466221182,10595772.89475607,3674294.9917257885
1924,2432540.008417908,12124316.111698229,4155164.55808783
1925,2032708.5861686338,8831263.283868626,3147036.995062691
1926,2119312.434875269,10517576.730519058,3562111.7816136708
1927,2371097.4168408937,12010905.289855074,4181797.1259144344
1928,2376704.8721225364,12387583.636330476,4324372.948131356
1929,2342676.222394403,12521588.997849584,4281740.3698954405
1930,1920467.3106717786,8860889.40652794,3095412.2503807126
1931,2181721.6441755397,10596613.841154668,3758680.4504814562
1932,2633462.2038154234,14929319.046216821,5162031.211709627
1933,2256595.569537185,11623258.660305493,4016749.7053261437
1934,2822095.7127365572,15912824.34680922,5629036.498760946
1935,2429542.4206103724,12866052.071637543,4442242.004246566
1936,2219593.408228603,11176497.647872293,3953863.443535319
1937,2843440.85591517,17451135.024479844,5901259.79589209
1938,2519468.0142910867,13340541.5844531,4746381.726461747
1939,2537980.1689956766,15151721.27415627,5068728.349957485
1940,2251048.4059120114,12791859.474548567,4370762.400991582
1941,2785233.6254976667,16762821.796680667,5672303.937108946
1942,2598591.814962613,14675113.235996312,4873409.412598723
1943,2018809.6619175707,10955303.29913818,3646965.4453925313
1944,2896159.1805382622,18128127.804164086,6143487.730322252
1945,2079188.6783218072,10836474.656595,3714750.3482866646
1946,2585712.43565487,15614089.45910758,5235169.847192398
1947,1752274.540491332,9036970.367285479,2978120.8781812205
1948,2622510.678035765,15957738.301599577,5341130.232870571
1949,1929123.871001963,9875564.44069449,3356776.349801019
1950,1881646.9733581885,10824988.878302189,3432975.1292575584
1951,2225018.0532327425,11574472.230908936,3951911.1509575443
1952,1544904.0314794867,7537512.670454529,2380859.316873305
1953,1810288.2673310034,8384628.443301105,2923605.8974943836
1954,1768848.5707739373,9010198.101934236,2935489.5391255394
1955,1663446.059865994,8138991.97629657,2678181.436286443
1956,1607481.7487828042,7462844.156253203,2453538.870675687
1957,1511917.6506391515,6631029.223940835,2167629.932755537
1958,1848145.830137903,9246715.624391822,3044428.504467606
1959,1383466.5328203442,5560300.615444108,1805311.8731817538
1960,1696514.1643502342,8005436.609287788,2639361.352529828
1961,1171538.0222994564,3468144.3961490025,1141985.9852140134
1962,1673687.2478462446,7927563.042438562,2608428.256387619
1963,1378043.3922082093,5218067.677522472,1675833.4633339907
1964,1417593.6009881375,5755051.948853337,1857208.9229755758
1965,1604533.2712973529,7497859.156973458,2446964.8961858926
1966,1189761.9249333101,3791785.457945273,1200098.794397484
1967,1564025.4140706775,6589423.1189674055,2207226.032214901
1968,1356988.4824769252,5884178.956163859,1844068.8848752517
1969,1159273.5535378398,3429086.841233065,1096623.8867231691
1970,1314268.9404566786,5099316.540704259,1618697.3576268419
1971,1296413.1100696945,4874764.477169159,1570275.0539565005
1972,1210422.1283603804,3839507.140862028,1215107.132487224
1973,1299749.371013627,4677211.447133377,1541828.6445603597
1974,1171613.898349123,4003539.0601177863,1235054.0776859906
1975,1280266.2145702736,4379293.463912954,1445061.3549948493
1976,1130623.7516424404,3951606.455242722,1178599.1148838066
1977,1133089.7051062188,3028251.1893565045,998698.5124303644
1978,1168055.4901307388,4166788.712106133,1260693.9703808592
1979,1059018.1213457382,3221846.064858333,979950.5990270062
1980,1130073.4967255173,3185389.1430856646,1005927.8304399394
1981,1054231.4317335982,3126881.780577859,937922.7881020554
1982,1065103.5613523016,3228426.252387654,930947.2737698846
1983,1042852.0768258142,2867438.605456635,819825.4269001092
1984,1034239.6928709231,2586843.1714493013,795185.128080387
1985,1028873.6082099495,2899246.5377062885,814445.380395173
1986,1028863.5587718647,2787443.7313079913,796107.2331062382
1987,972354.7455887675,2580488.802281961,694341.4235883114
1988,990402.576223253,2115287.2607072303,613619.8286123292
1989,977304.3875149414,2631924.268601976,730488.9610977754
1990,964206.6581550568,2163499.3653445556,601338.7139119821
1991,931433.1546014411,2342145.1810741522,637318.7156757262
1992,944458.1905412211,2199961.779281224,596191.493277569
1993,872485.9206162838,2132835.407153603,517508.2621714596
1994,890516.0811230075,2011540.1038545421,540827.5545318736
1995,893082.6651501535,1725536.588751518,440235.9527949114
1996,854537.8505698491,1906534.6245196492,478954.5092152399
1997,917755.7612585941,1758151.414923658,486583.2085336548
1998,805943.993279432,1622572.6776423051,313537.8830993154
1999,1002505.819210872,2085323.3890573008,495207.13132216904
