bin_id,route_progress_center,route_progress_bin_center,latitude,longitude,verticalSpeed_ms,x_wrt0,y_wrt0,altitude_meters,speed_kmh,delta_altitude,delta_speed,delta_heading,turn_rate,acceleration,distance_per_timestep
0,0.00025,0.00025,14.510355500000001,121.0041675,0.0,34.04367206141258,20.015114441955458,0.0,21.299999999999997,0.0,8.3,0.0,0.0,0.25704365079365077,30.799828013141564
1,0.00075,0.00075,14.512041,121.00576,0.0,279.2241753418959,175.63262922890183,0.0,137.0,0.0,38.849999999999994,0.0,0.0,9.200000000000005,145.60361495023741
2,0.00125,0.00125,14.503189,121.006744,0.0,480.45829775564806,310.45666401200964,0.0,178.75,0.0,26.89999999999999,0.0,0.0,8.337499999999999,163.11332936035194
3,0.00175,0.00175,14.509542,121.009243,0.3,699.7673059013308,440.0823287942463,30.0,218.5,0.0,23.150000000000006,0.0,0.0,8.02222222222222,166.21916219945672
4,0.00225,0.00225,14.50360125,121.010002,0.5,968.5544648315163,577.3248565725357,30.0,242.64999999999998,0.0,18.5,0.0,0.0,7.399999999999992,170.17090644530808
5,0.00275,0.00275,14.505538,121.011875,0.7,1165.4485547478855,705.9775644025069,30.0,267.6,0.0,18.5,0.0,0.0,6.475000000000001,201.11801484552308
6,0.00325,0.00325,14.506887,121.01391799999999,2.0,1239.040499555677,829.0149206811159,46.0,282.45000000000005,0.0,16.69999999999999,0.0,0.0,5.3125,226.1190023300005
7,0.00375,0.00375,14.507354,121.01592074999999,8.65,1578.1270010936446,964.1169431648457,61.0,294.5,23.0,9.300000000000011,0.0,0.0,3.2888888888888914,247.97932194110479
8,0.00425,0.00425,14.509262,121.017822,12.7,1575.2248995365417,1093.492419016717,99.0,297.25,31.0,1.8000000000000114,0.0,0.0,0.45000000000000284,313.4958614281007
9,0.00475,0.00475,14.50914,121.019798,13.7,1769.051606783824,1226.0369546550426,144.5,294.5,34.5,-1.7999999999999543,0.0,0.0,-0.4111111111111099,223.04349203975846
10,0.00525,0.00525,14.510284,121.021393,14.6,1897.886047262169,1356.2463936084262,206.0,292.6,61.0,-1.8499999999999943,0.0,0.0,-0.4750000000000014,450.29778583215494
11,0.00575,0.00575,14.511496000000001,121.023209,14.3,2087.3156362376826,1490.7924406910888,247.5,290.8,61.0,-1.8000000000000114,0.0,0.0,-0.45000000000000284,330.58433272851016
12,0.00625,0.00625,14.51266,121.02491,14.0,2258.91577567897,1618.9447706601527,297.0,288.9,68.0,-1.8000000000000114,0.0,0.0,-0.4111111111111099,437.2809292151444
13,0.00675,0.00675,14.513809,121.0264435,13.7,2422.0103199618516,1740.8701761362736,343.0,287.1,61.0,-1.7999999999999543,0.0,0.0,-0.2714285714285722,387.3174146343665
14,0.00725,0.00725,14.514999,121.028038,12.7,2591.075300626944,1887.9812672851413,381.0,287.1,39.0,0.0,0.0,0.0,0.0,272.6761602952945
15,0.00775,0.00775,14.516282499999999,121.029575,11.7,2757.8853710332814,2009.962270301599,422.5,287.1,38.0,0.0,0.0,0.0,0.0,225.12560818426363
16,0.00825,0.00825,14.517548000000001,121.03122125,10.4,2934.0660465481687,2152.403168080583,442.0,288.9,36.25,0.0,0.0,0.0,0.0,220.66583457317586
17,0.00875,0.00875,14.518845,121.032715,8.8,3097.916990956931,2299.291869069165,480.0,288.95000000000005,38.0,1.8499999999999943,0.0,0.0,0.4624999999999986,447.5305746125461
18,0.00925,0.00925,14.519989,121.03434,8.1,3267.152781198032,2422.607213048396,503.0,292.6,38.0,1.900000000000034,0.0,0.0,0.6222222222222216,475.97952112999707
19,0.00975,0.00975,14.521365,121.036087,7.8,3456.842230381487,2573.9437172458697,526.0,294.5,45.0,3.6999999999999886,0.0,0.0,0.8222222222222197,516.2136733816361
20,0.01025,0.01025,14.52252975,121.0373345,7.5,3598.5362562451155,2709.768507751146,556.0,296.3,45.0,3.6999999999999886,0.0,0.0,0.9499999999999886,522.4555131328464
21,0.01075,0.01075,14.52374,121.038979,7.2,3782.9460185142143,2841.5902753677483,571.5,305.6,46.0,5.5,0.0,0.0,1.1625000000000014,564.7707872621507
22,0.01125,0.01125,14.525116,121.0406535,6.8,3954.5995479889034,2982.8080272644547,600.25,303.7,46.0,5.599999999999966,0.0,0.0,1.4166666666666714,589.4506127057577
23,0.01175,0.01175,14.526169,121.0419465,6.8,4096.676091226102,3103.677079477894,610.0,311.1,46.0,7.399999999999977,0.0,0.0,1.8499999999999943,613.1165177350515
24,0.01225,0.01225,14.527451,121.044037,6.8,4315.971028095059,3250.788170627469,648.0,316.7,46.0,7.400000000000034,0.0,0.0,1.8499999999999943,637.5767348885444
25,0.01275,0.01275,14.528549,121.044926,6.5,4417.888406407732,3381.6091825220797,664.75,319.47499999999997,46.0,11.100000000000025,0.0,0.0,1.8645833333333357,641.5309418768928
26,0.01325,0.01325,14.529931,121.04689,6.8,4629.707725495594,3537.5046850094714,686.0,329.7,46.0,14.799999999999983,0.0,0.0,2.0708333333333324,666.3945913165005
27,0.01375,0.01375,14.531095,121.04805,6.5,4760.83713962352,3640.804914546393,701.0,333.4,46.0,13.0,0.0,0.0,2.081249999999997,659.1602021153767
28,0.01425,0.01425,14.531886,121.04943850000001,6.275,4908.650024184139,3731.095319696008,724.0,338.9,42.0,13.0,0.0,0.0,2.121428571428571,653.595115975504
29,0.01475,0.01475,14.533218,121.0514375,6.5,5132.517864082334,3904.281657159826,770.0,344.5,45.0,13.0,0.0,0.0,2.114285714285716,673.9212895291287
30,0.01525,0.01525,14.534751,121.052666,6.2,5259.097709099271,4040.773618146489,762.0,350.95,38.0,14.799999999999956,0.0,0.0,2.2666666666666675,673.0584979628449
31,0.01575,0.01575,14.5353315,121.05452,5.9,5449.205311304343,4128.172951210095,800.0,353.725,38.0,13.0,0.0,0.0,2.2666666666666706,659.8581935160074
32,0.01625,0.01625,14.536697,121.05586650000001,6.5,5595.43831457423,4298.635009208028,831.0,361.1,38.0,13.450000000000003,0.0,0.0,2.3714285714285745,677.2106320463154
33,0.01675,0.01675,14.53775,121.057961,6.2,5852.139069665752,4387.813463555332,831.0,366.7,34.0,11.200000000000044,0.0,0.0,2.3714285714285745,643.3588601418063
34,0.01725,0.01725,14.538345,121.059364,6.5,5977.817042021351,4470.264615548256,876.0,370.4,30.0,11.099999999999966,0.0,0.0,2.3125,582.7792164255422
35,0.01775,0.01775,14.539521,121.0619735,6.8,6259.524381990466,4599.890280330936,884.0,380.15,30.0,9.199999999999989,0.0,0.0,2.3714285714285666,551.8826576915045
36,0.01825,0.01825,14.540544,121.062565,6.2,6316.269569047714,4681.702060612817,912.25,386.15,23.0,9.25,0.0,0.0,2.385714285714284,545.1408330805874
37,0.01875,0.01875,14.541476,121.0651705,6.5,6602.897205069918,4804.266837799803,892.0,392.6,30.0,7.400000000000034,0.0,0.0,2.385714285714284,524.0512722763883
38,0.01925,0.01925,14.542407,121.0655785,6.6000000000000005,6693.615887413928,4921.383056055905,951.0,398.2,23.0,7.399999999999977,0.0,0.0,2.325000000000003,295.1887233284926
39,0.01975,0.01975,14.543289,121.067749,6.8,6898.758535252594,4988.767274677203,975.0,401.9,22.0,7.399999999999977,0.0,0.0,2.466666666666678,274.91886123935177
40,0.02025,0.02025,14.544352,121.068546,7.2,6973.021631193991,5118.142750529251,956.5,407.4,23.0,5.600000000000023,0.0,0.0,2.2666666666666675,289.0263660819496
41,0.02075,0.02075,14.5456695,121.07170099999999,7.5,7364.8752771390555,5217.773542418634,998.0,411.57500000000005,23.0,5.599999999999966,0.0,0.0,2.0874999999999986,267.79705802052547
42,0.02125,0.02125,14.54615,121.073456,7.5,7553.565739383226,5265.031451517833,1021.0,414.8,23.0,5.599999999999966,0.0,0.0,2.266666666666664,267.11329455051236
43,0.02175,0.02175,14.547202,121.073883,7.5,7546.079117726616,5408.30631239886,1036.0,416.7,23.0,5.5,0.0,0.0,2.0166666666666706,263.72647577631716
44,0.02225,0.02225,14.548004,121.074638,7.8,7647.145127717651,5520.724538514557,1052.0,420.4,23.0,5.5,0.0,0.0,1.8499999999999943,270.05657180806287
45,0.02275,0.02275,14.5482755,121.0766905,7.8,7877.942815904893,5496.8731938044075,1067.0,424.1,23.0,5.5,1.0,0.1111111111111111,1.85357142857144,266.8519129398734
46,0.02325,0.02325,14.548971,121.077835,8.1,8078.710605651943,5623.579987730554,1097.0,426.0,23.0,5.075000000000003,0.5,0.1111111111111111,1.8499999999999943,268.41813632375573
47,0.02375,0.02375,14.5503675,121.079941,8.8,8242.64866982151,5695.6343997217355,1113.0,431.5,23.0,3.7000000000000455,1.0,0.1428571428571428,1.8499999999999943,274.81948810289646
48,0.02425,0.02425,14.551437,121.080276,9.25,8245.936311049834,5794.931606370691,1135.0,433.4,23.0,3.700000000000017,1.0,0.25,1.8499999999999943,270.3552849263155
49,0.02475,0.02475,14.551346,121.082832,10.1,8512.973996463968,5869.988285528378,1166.0,435.2,23.0,3.6999999999999886,1.0,0.25,1.8499999999999943,269.6512981025887
50,0.02525,0.02525,14.5520785,121.082779,10.7,8502.35857080438,5880.663013230918,1173.0,440.8,23.0,3.6999999999999886,1.0,0.3333333333333333,1.8416666666666637,271.59144937859344
51,0.02575,0.02575,14.551483,121.083633,11.4,8602.56161022028,5825.732643595507,1204.0,442.6,23.0,3.6999999999999886,1.0,0.1428571428571428,1.2333333333333485,272.79103150288034
52,0.02625,0.02625,14.552536,121.086098,12.0,8858.001496768617,5955.274912067327,1227.0,444.5,30.0,3.6999999999999886,0.5,0.1111111111111111,1.2333333333333296,273.4704473418484
53,0.02675,0.02675,14.55217,121.087616,12.7,9012.575320826432,5908.128198048271,1242.0,446.3,30.0,1.900000000000034,0.0,0.0,0.950000000000017,276.7996788347034
54,0.02725,0.02725,14.552602,121.088036,12.85,9093.024945497013,5887.668303285037,1265.0,450.0,30.0,1.900000000000034,1.0,0.125,0.9499999999999886,275.2142057071389
55,0.02775,0.02775,14.55217,121.090408,13.0,9355.10531173875,5796.821922734354,1288.0,453.7,30.0,1.900000000000034,0.0,0.0,0.9499999999999886,276.86617219469497
56,0.02825,0.02825,14.551507,121.091354,13.3,9427.432496433914,5715.093538762978,1310.75,455.6,30.0,1.8999999999999773,0.0,0.0,0.9499999999999886,278.2379582474092
57,0.02875,0.02875,14.551764,121.089127,13.3,9259.988807001107,5826.177423916078,1341.0,457.4,30.0,1.8999999999999773,0.0,0.0,0.9499999999999886,279.5117481282878
58,0.02925,0.02925,14.551899500000001,121.08667349999999,13.3,8923.713479675602,5678.677149986445,1356.0,461.1,30.0,1.8999999999999773,0.0,0.0,0.9499999999999886,280.01605133583297
59,0.02975,0.02975,14.550654999999999,121.09119,13.3,9418.99012060066,5560.810364938981,1387.0,464.9,30.0,1.8999999999999773,0.0,0.0,0.9000000000000057,284.859407150474
60,0.03025,0.03025,14.551391500000001,121.09188449999999,13.3,9579.851131682364,5601.285374143817,1409.75,468.125,30.0,1.8499999999999943,0.0,0.0,0.9000000000000057,276.3974898659456
61,0.03075,0.03075,14.549669,121.09613,13.3,9987.079938977738,5379.506786618027,1433.0,468.6,30.0,1.8999999999999773,0.0,0.0,0.9000000000000057,287.6030472671407
62,0.03125,0.03125,14.549474499999999,121.0872345,13.6,9164.516764165051,5320.406601473993,1455.0,472.3,30.0,1.8000000000000114,0.0,0.0,0.8999999999999773,285.6443230653597
63,0.03175,0.03175,14.549659,121.09420349999999,13.3,9775.220080821688,5412.6429205277855,1478.0,473.20000000000005,30.0,1.8000000000000114,0.0,0.0,0.9000000000000057,289.5242251383755
64,0.03225,0.03225,14.5467525,121.085438,13.3,8738.292831112445,5060.37690634799,1505.0,476.0,30.0,1.8000000000000114,0.0,0.0,0.8999999999999773,284.2574421266683
65,0.03275,0.03275,14.544479500000001,121.0852965,13.3,8729.66204126478,4876.293451021346,1532.0,476.0,30.0,1.8000000000000114,0.0,0.0,0.8999999999999773,292.72671640157444
66,0.03325,0.03325,14.54306,121.093491,13.3,9892.761349156435,4750.587412817367,1570.0,477.8,30.0,1.8000000000000114,0.0,0.0,0.8999999999999773,291.7381240801834
67,0.03375,0.03375,14.544022,121.097984,13.3,10297.849055113094,4729.0155672519995,1593.0,477.8,30.0,1.8000000000000114,0.0,0.0,0.8999999999999773,287.3891279870909
68,0.03425,0.03425,14.543427,121.101189,13.7,10683.95496125147,4714.337816661491,1623.0,479.7,30.0,1.8000000000000114,0.0,0.0,0.6333333333333447,292.09954908883515
69,0.03475,0.03475,14.54068,121.094299,13.7,9833.352342472965,4345.7261256871025,1646.0,483.4,30.0,1.8000000000000114,0.0,0.0,0.8222222222222197,288.3856498092362
70,0.03525,0.03525,14.545414,121.08978300000001,13.3,9477.670046282614,4751.365778378897,1676.0,479.7,30.0,1.8000000000000114,0.0,0.0,0.7115384615384593,291.6828756364077
71,0.03575,0.03575,14.540405,121.094971,13.7,9894.290030043534,4084.19529697767,1707.0,483.35,30.0,1.8000000000000114,0.0,0.0,0.6166666666666648,293.1299629994454
72,0.03625,0.03625,14.540335500000001,121.0893555,13.7,9141.242459202014,4112.327652276763,1745.0,485.2,30.0,1.8000000000000114,0.0,0.0,0.6000000000000038,291.50148661397895
73,0.03675,0.03675,14.539123499999999,121.087425,13.7,9073.883496224229,3986.6216140729603,1768.0,483.4,30.0,1.8000000000000114,0.0,0.0,0.6333333333333258,291.29376565715563
74,0.03725,0.03725,14.535494,121.0902175,13.3,9600.754850582245,3713.470899479155,1798.0,485.2,30.0,1.8000000000000114,0.0,0.0,0.6122222222222219,300.37772144652973
75,0.03775,0.03775,14.5383,121.096329,13.7,9959.978060677628,3787.7492130749583,1814.0,487.1,30.0,1.8000000000000114,0.0,0.0,0.6571428571428564,295.4904007157095
76,0.03825,0.03825,14.5340275,121.10272599999999,13.3,10960.947186528127,3356.645887009795,1840.0,490.8,30.0,1.8000000000000114,0.0,0.0,0.6000000000000038,296.26341141588495
77,0.03875,0.03875,14.537286,121.086807,13.3,9182.793208421128,3640.74931700641,1875.0,490.8,30.0,1.8000000000000114,0.0,0.0,0.6333333333333258,295.78685859498506
78,0.03925,0.03925,14.53682,121.053581,13.3,5300.579377213552,3472.0663802918207,1890.0,492.6,30.0,1.8000000000000114,0.0,0.0,0.5692307692307674,301.32484494488426
79,0.03975,0.03975,14.533096,121.088806,13.3,9572.44687084919,3183.515147085784,1913.0,494.5,30.0,1.8000000000000114,0.0,0.0,0.6000000000000038,296.6818971532203
80,0.04025,0.04025,14.53319,121.074539,13.3,7780.147939635367,3268.912968705407,1943.0,494.5,30.0,1.8000000000000114,0.0,0.0,0.5999999999999849,295.7289491178508
81,0.04075,0.04075,14.531141,121.089722,13.7,9541.376493707932,2959.5682554955315,1958.5,496.3,30.0,1.8000000000000114,0.0,0.0,0.5999999999999849,299.09334187148016
82,0.04125,0.04125,14.529652,121.05854,13.3,5891.277119612408,2785.547954930202,1989.0,494.5,30.0,1.8000000000000114,0.0,0.0,0.5692307692307674,302.7898130895328
83,0.04175,0.04175,14.52854,121.0973245,13.3,10422.331194633301,2744.7949580245677,2015.5,498.2,30.0,1.7999999999999543,0.0,0.0,0.25480769230769396,300.7478364589281
84,0.04225,0.04225,14.529808,121.0100215,13.3,-854.6858099554322,3006.6593719747816,2027.0,498.2,30.0,0.45000000000000284,0.0,0.0,0.0730769230769222,298.09362915915807
85,0.04275,0.04275,14.525162,121.0504,13.7,4956.48195441667,2375.2381088687007,2065.0,498.2,30.0,1.7999999999999543,0.0,0.0,0.3928571428571428,302.48933231688903
86,0.04325,0.04325,14.522943,121.035572,13.3,3381.536636559088,2022.5829119077869,2096.0,498.2,30.0,1.7999999999999543,0.0,0.0,0.30064102564103024,302.4217389151691
87,0.04375,0.04375,14.5264165,121.036179,13.3,3467.916493628472,2373.736975285448,2111.0,501.9,30.0,1.8000000000000114,0.0,0.0,0.44038461538462476,301.99884421016054
88,0.04425,0.04425,14.525718,121.028786,13.0,2567.3754956495304,2200.66183290195,2141.0,501.9,30.0,1.8000000000000114,0.0,0.0,0.6000000000000038,310.8543165263912
89,0.04475,0.04475,14.52014,121.063362,13.3,6417.529511878231,1869.7452741268835,2164.0,501.9,30.0,1.8000000000000114,0.0,0.0,0.5692307692307674,306.9355734548759
90,0.04525,0.04525,14.523926,121.027809,13.0,2201.373633321343,1824.82246171245,2202.0,501.9,30.0,1.7999999999999543,0.0,0.0,0.2846153846153881,310.2148662610418
91,0.04575,0.04575,14.5293955,120.993809,13.0,-2591.0831762164753,2510.50692397291,2210.0,505.6,30.0,1.7999999999999543,0.0,0.0,0.6000000000000038,308.7464628667369
92,0.04625,0.04625,14.519829,121.0478935,12.7,4704.875248447459,1516.200516524298,2244.25,503.7,30.0,1.8000000000000114,0.0,0.0,0.6000000000000227,307.6737261806204
93,0.04675,0.04675,14.521042000000001,121.028702,13.0,1780.6264768616766,1684.2162827573238,2263.0,510.725,30.0,1.8000000000000114,0.0,0.0,0.6000000000000038,314.6912991022414
94,0.04725,0.04725,14.52062,121.016014,13.0,-207.6863494396807,1485.0102965190706,2301.0,507.4,30.0,1.8000000000000114,0.0,0.0,0.5999999999999849,314.6033692452919
95,0.04775,0.04775,14.5145775,121.0209695,13.0,983.2739788312527,1034.003051091564,2309.0,511.2,31.0,1.8000000000000114,0.0,0.0,0.4583333333333333,322.25916092471965
96,0.04825,0.04825,14.51001,121.061577,12.7,6214.661028301456,529.2885819114535,2339.0,509.3,30.0,1.8000000000000114,0.0,0.0,0.4933333333333356,314.02754981070916
97,0.04875,0.04875,14.517128,121.013672,12.7,120.27108921778043,1496.1854020823425,2370.0,508.35,30.0,1.7999999999999543,0.0,0.0,0.4307692307692325,316.0977364566928
98,0.04925,0.04925,14.5129395,121.021107,12.7,352.73103189694206,977.9051331138584,2385.0,510.25,30.0,1.8000000000000114,0.0,0.0,0.6000000000000038,310.86186389505633
99,0.04975,0.04975,14.512482,121.02681,13.0,954.0725395453604,999.5325762192092,2416.0,511.2,30.0,1.8000000000000682,0.0,0.0,0.6166666666666695,321.0362142633757
100,0.05025,0.05025,14.51117,121.040184,12.7,3579.2678845190267,1029.2216626415377,2446.0,511.2,30.0,1.8000000000000114,0.0,0.0,0.4230769230769231,310.9191509604978
101,0.05075,0.05075,14.507081,121.032425,13.0,1558.314867158404,515.6115870427604,2484.0,513.0,31.0,1.8000000000000114,0.0,0.0,0.5692307692307674,327.1485436617236
102,0.05125,0.05125,14.499579,121.057358,13.0,5173.048464328981,-524.2848033013183,2469.0,514.9,30.0,1.8000000000000682,0.0,0.0,0.5999999999999849,320.3396062422308
103,0.05175,0.05175,14.497578,121.091499,13.0,9437.19221406754,-687.2967909235017,2515.0,511.2,31.0,1.8000000000000114,0.0,0.0,0.4230769230769231,319.6521861823213
104,0.05225,0.05225,14.49424,121.065792,12.7,6079.341071321947,-1063.0805645726655,2533.5,513.0,31.0,1.8000000000000114,0.0,0.0,0.40555555555555883,335.93472382134064
105,0.05275,0.05275,14.491425499999998,121.0699615,12.7,6697.634107630395,-1317.8840909278938,2556.5,516.7,31.0,1.8000000000000682,0.0,0.0,0.6000000000000038,326.47214653409765
106,0.05325,0.05325,14.495416,121.074783,12.7,7659.309192272246,-611.0169658833611,2591.0,516.7,31.0,1.8000000000000114,0.0,0.0,0.5692307692307674,326.8929408762177
107,0.05375,0.05375,14.489198,121.075493,12.4,7657.724253568187,-1481.0072736307502,2591.0,518.6,31.0,1.8999999999999773,0.0,0.0,0.4933333333333318,320.02239846403927
108,0.05425,0.05425,14.480255,121.081909,12.7,8725.030207136178,-3033.401788771118,2621.0,516.7,31.0,1.8000000000000682,0.0,0.0,0.4307692307692325,341.0745028981164
109,0.05475,0.05475,14.4749155,121.10066599999999,12.7,10778.707360522942,-3426.1984096957317,2640.5,518.6,30.5,1.8999999999999773,0.0,0.0,0.480000000000004,335.7569240646329
110,0.05525,0.05525,14.467163,121.103935,12.7,11006.543045311038,-4219.964489942787,2659.0,520.4,31.0,1.8999999999999773,0.0,0.0,0.4307692307692325,353.2308517299222
111,0.05575,0.05575,14.461732,121.120857,12.0,12970.572295220938,-4615.707780494099,2697.0,518.6,31.0,1.8999999999999773,0.0,0.0,0.6000000000000038,331.6178182823728
112,0.05625,0.05625,14.462367,121.0985295,12.4,10535.803889962172,-4564.613641126705,2690.0,520.4,30.0,1.8000000000000682,0.0,0.0,0.6000000000000132,327.1151236005867
113,0.05675,0.05675,14.462299000000002,121.097717,12.0,10356.79735498316,-4798.067712076851,2736.0,522.3,31.0,1.8999999999999773,0.0,0.0,0.5692307692307762,341.27605163216253
114,0.05725,0.05725,14.451351,121.123306,12.0,12918.581000483708,-5806.829479955332,2758.0,524.1,30.0,1.8999999999999773,0.0,0.0,0.5285714285714269,333.4435325729024
115,0.05775,0.05775,14.453911,121.120361,12.4,12879.71429759108,-5592.334170185168,2789.0,526.0,30.5,1.8000000000000682,0.0,0.0,0.5692307692307674,343.32563972789234
116,0.05825,0.05825,14.4449495,121.0949665,12.0,10039.71194415537,-6513.974592700664,2777.5,527.8,30.0,1.8000000000000114,0.0,0.0,0.4403846153846106,337.80884209527187
117,0.05875,0.05875,14.440063,121.114746,12.0,12058.46403244082,-6770.779630499876,2827.0,526.0,31.0,1.8999999999999773,0.0,0.0,0.5692307692307674,358.1035604459306
118,0.05925,0.05925,14.435358999999998,121.1361235,12.4,14638.49057601059,-7128.2718134507995,2835.0,527.8,30.0,1.8999999999999773,0.0,0.0,0.4230769230769231,351.9172484308496
119,0.05975,0.05975,14.440292,121.119545,12.0,12810.895006904972,-7071.117542210588,2858.0,529.7,31.0,1.8000000000000682,0.0,0.0,0.4933333333333318,343.72735487659304
120,0.06025,0.06025,14.440384000000002,121.1071625,12.0,11471.960434889763,-7110.258210453358,2865.0,529.7,31.0,1.8999999999999773,0.0,0.0,0.6333333333333258,351.2591806233471
121,0.06075,0.06075,14.439155,121.117256,12.0,12207.091090250327,-7563.600552564922,2926.0,529.7,30.0,1.8999999999999773,0.0,0.0,0.6333333333333258,342.4057202319927
122,0.06125,0.06125,14.429518,121.123016,12.0,13143.568794779972,-7981.916444403418,2949.0,531.5,31.0,1.8999999999999773,0.0,0.0,0.6000000000000227,358.1039136578881
123,0.06175,0.06175,14.4319615,121.10800549999999,12.0,11401.3919059762,-8276.305419321809,2941.0,531.5,30.0,1.8000000000000682,0.0,0.0,0.5999999999999849,351.09081106814915
124,0.06225,0.06225,14.429192,121.106293,12.0,10360.292595992749,-8493.969788879136,2964.0,531.5,31.0,1.8999999999999773,0.0,0.0,0.5692307692307674,360.21784405193597
125,0.06275,0.06275,14.408663,121.130432,12.0,13690.574319178751,-10366.2725498516,2979.0,535.2,30.0,1.8000000000000682,0.0,0.0,0.4583333333333333,360.7301654262016
126,0.06325,0.06325,14.416158,121.13942,11.7,14892.016462163268,-9508.73609109045,3002.0,535.2,30.0,1.8999999999999773,0.0,0.0,0.5692307692307674,360.23537925860586
127,0.06375,0.06375,14.418594,121.120575,11.7,12379.938591202354,-9038.71448694298,3025.0,535.2,31.0,1.8999999999999773,0.0,0.0,0.528571428571431,366.51428225371103
128,0.06425,0.06425,14.4203,121.119591,11.7,12455.090684970111,-9387.422258555556,3063.0,535.2,31.0,1.8999999999999773,0.0,0.0,0.6333333333333258,361.8326695155117
129,0.06475,0.06475,14.415273,121.129379,11.7,13548.171686327823,-9847.99228088294,3109.0,537.1,31.0,1.8999999999999773,0.0,0.0,0.5999999999999849,367.23996899887067
130,0.06525,0.06525,14.409314,121.126778,11.7,13471.37989498018,-10508.046277149377,3117.0,538.9,31.0,1.8999999999999773,0.0,0.0,0.4307692307692325,369.77021426577767
131,0.06575,0.06575,14.42189,121.098457,11.4,10179.443888194952,-9453.360941134468,3132.0,538.9,30.0,1.900000000000091,0.0,0.0,0.7153846153846118,367.4627670953895
132,0.06625,0.06625,14.387695,121.122147,11.4,12908.574941909868,-12448.734012465306,3162.0,540.8,31.0,1.900000000000034,0.0,0.0,0.6642857142857151,397.46217767165456
133,0.06675,0.06675,14.400787,121.136486,11.7,14602.477774925712,-11738.364242393181,3170.0,542.6,31.0,1.8999999999999773,0.0,0.0,0.5692307692307674,371.7009705026793
134,0.06725,0.06725,14.398911,121.127686,11.4,13331.191677364734,-11583.413898087449,3193.0,538.9,31.0,1.8999999999999773,0.0,0.0,0.5692307692307674,371.9413746894176
135,0.06775,0.06775,14.3910835,121.13038599999999,11.4,13659.134537965456,-12094.410889300834,3193.0,542.6,31.0,1.9000000000000057,0.0,0.0,0.5730769230769244,383.2424312690722
136,0.06825,0.06825,14.384851000000001,121.1247865,11.4,13261.066923357488,-12686.41349646441,3216.0,542.6,31.0,3.699999999999932,0.0,0.0,0.5692307692307674,396.1762420786182
137,0.06875,0.06875,14.383803,121.136818,11.4,14461.983444686528,-13073.983948617895,3261.0,546.3,31.0,1.900000000000091,0.0,0.0,0.5692307692307674,381.0096438180069
138,0.06925,0.06925,14.390007,121.129944,11.55,13576.112393458778,-12607.409391958208,3269.0,546.3,31.0,1.8999999999999773,0.0,0.0,0.5692307692307719,377.74146065147
139,0.06975,0.06975,14.390321,121.12822,11.4,13526.3166636203,-12400.141762402802,3269.0,546.3,31.0,1.8999999999999773,0.0,0.0,0.5692307692307674,374.3044382780232
140,0.07025,0.07025,14.379985999999999,121.13068000000001,11.7,13626.640456816942,-13202.191876127119,3330.0,548.2,31.0,1.8999999999999773,0.0,0.0,0.5692307692307697,390.63159221442606
141,0.07075,0.07075,14.375424,121.130096,11.4,13771.571622338566,-14095.866735964357,3322.0,550.0,31.0,1.8999999999999773,0.0,0.0,0.6000000000000227,376.3109887412874
142,0.07125,0.07125,14.3802735,121.130554,11.1,13976.37582655235,-13757.666899434018,3338.0,550.0,31.0,1.8999999999999773,0.0,0.0,0.609999999999991,387.5337165994014
143,0.07175,0.07175,14.386783,121.141998,11.1,14530.08242677474,-12786.433471134029,3315.0,550.0,31.0,3.699999999999932,0.0,0.0,0.6000000000000038,388.6918730177371
144,0.07225,0.07225,14.360725500000001,121.12947500000001,11.55,13690.3048390917,-15369.717575119666,3368.0,551.9,31.0,1.8999999999999773,0.0,0.0,0.4307692307692325,384.93067423913067
145,0.07275,0.07275,14.382019,121.131275,11.4,13839.73018054372,-13191.461550884593,3372.0,553.7,30.0,1.8999999999999773,0.0,0.0,0.6000000000000039,385.0825490124406
146,0.07325,0.07325,14.376164500000002,121.14789200000001,11.1,15095.9732138493,-14286.510701024725,3376.0,553.7,31.0,1.900000000000091,0.0,0.0,0.5884615384615308,386.45411343629337
147,0.07375,0.07375,14.375175500000001,121.134533,11.4,14062.968455977489,-14694.930230722384,3399.0,555.6,31.0,1.9000000000000057,0.0,0.0,0.6166666666666648,390.41061678502535
148,0.07425,0.07425,14.37156,121.157173,11.1,16040.856412929255,-14417.998883400722,3444.0,555.6,30.0,1.8999999999999773,0.0,0.0,0.6166666666666648,384.47889571067594
149,0.07475,0.07475,14.363333,121.12617900000001,10.7,13022.349617969165,-15606.729888637383,3440.5,557.5,31.0,1.900000000000091,0.0,0.0,0.6333333333333258,402.5591340958668
150,0.07525,0.07525,14.351761,121.137375,11.1,14306.315333152856,-16591.97389704667,3452.0,557.5,31.0,1.900000000000091,0.0,0.0,0.664285714285711,391.9816949558772
151,0.07575,0.07575,14.371933,121.140892,10.7,14673.074620844953,-14847.879063583609,3444.0,559.3,30.0,1.900000000000034,0.0,0.0,0.7153846153846206,397.4864748778833
152,0.07625,0.07625,14.339859,121.149414,10.7,15676.01309685332,-17765.74916399185,3459.0,559.3,31.0,1.8999999999999773,0.0,0.0,0.6133333333333287,389.8731505236441
153,0.07675,0.07675,14.36665,121.1439095,10.7,14902.604479060283,-15253.073935954832,3516.5,556.55,30.0,1.8999999999999773,0.0,0.0,0.4230769230769231,369.099719130945
154,0.07725,0.07725,14.354324,121.147614,10.7,15654.730349694477,-16610.32108528525,3505.0,561.2,30.0,3.699999999999932,0.0,0.0,0.5999999999999849,390.1855069738404
155,0.07775,0.07775,14.345947,121.158081,10.4,16649.220821099814,-17197.20871875766,3536.0,559.3,31.0,3.699999999999932,0.0,0.0,0.6000000000000038,411.540606902628
156,0.07825,0.07825,14.333588,121.159973,10.7,16585.606485055025,-18447.819786144224,3536.0,561.2,30.0,1.8999999999999773,0.0,0.0,0.7928571428571445,388.1319613933128
157,0.07875,0.07875,14.338182,121.130753,11.4,13799.016129175743,-17880.502486792488,3574.0,559.3,38.0,1.900000000000091,0.0,0.0,0.5692307692307674,405.4057648619177
158,0.07925,0.07925,14.350662,121.137054,10.7,14006.377276332629,-17122.374429760614,3543.0,566.7,31.0,1.900000000000091,0.0,0.0,0.7153846153846206,399.2259840561828
159,0.07975,0.07975,14.325101,121.148651,11.1,15451.014240654016,-19501.949146758063,3551.0,563.0,30.0,1.8999999999999773,0.0,0.0,0.5999999999999849,372.3499669071295
160,0.08025,0.08025,14.319168,121.151352,11.1,15371.106708450545,-20116.41316012868,3551.0,563.0,31.0,1.8999999999999773,0.0,0.0,0.5692307692307674,388.9562511195877
161,0.08075,0.08075,14.330408,121.154091,11.1,16227.493076975252,-18824.715510595874,3627.0,563.0,30.0,1.8999999999999773,0.0,0.0,0.528571428571435,390.9476426178184
162,0.08125,0.08125,14.341827,121.136505,10.7,14184.83657416901,-18209.41753412375,3604.0,566.7,31.0,3.699999999999932,0.0,0.0,0.8538461538461468,420.2605712653447
163,0.08175,0.08175,14.33213,121.153297,10.7,16180.858543333528,-18614.278821253836,3642.0,566.7,30.0,1.8999999999999773,0.0,0.0,0.5999999999999849,381.38491307502545
164,0.08225,0.08225,14.324249,121.127342,10.7,12988.968120875385,-19695.984561765526,3650.0,564.9,31.0,1.8999999999999773,0.0,0.0,0.6000000000000227,387.1579745974767
165,0.08275,0.08275,14.325566,121.121284,10.1,12944.201993540551,-19539.97786419799,3627.0,568.6,30.0,1.900000000000091,0.0,0.0,0.7076923076923112,392.5999618044983
166,0.08325,0.08325,14.32566,121.126198,10.7,13315.708552854452,-19760.922488621916,3711.0,572.3,31.0,1.900000000000091,0.0,0.0,0.6333333333333258,406.0622957867995
167,0.08375,0.08375,14.320155,121.1396335,11.1,14061.007043701302,-20496.4223468268,3661.5,569.5,30.0,1.8999999999999773,0.0,0.0,0.5312820512820496,395.33881953429
168,0.08425,0.08425,14.311555,121.142166,10.4,13444.65761577877,-20932.918634283393,3741.0,574.1,31.0,3.699999999999932,0.0,0.0,0.5692307692307674,403.9962647085721
169,0.08475,0.08475,14.325706499999999,121.15045549999999,10.55,15239.992864788888,-19551.3753599219,3726.5,570.4,30.0,1.8999999999999773,0.0,0.0,0.6277777777777753,397.88222630609664
170,0.08525,0.08525,14.3156275,121.1267545,10.7,13114.84592134881,-20637.36211102271,3783.5,568.6,30.0,1.8999999999999773,0.0,0.0,0.7851382488479275,402.4559111601311
171,0.08575,0.08575,14.312672,121.140221,10.7,14376.517129000516,-20820.166822926734,3787.0,576.0,31.0,1.8999999999999773,0.0,0.0,0.5967741935483871,396.5120738101161
172,0.08625,0.08625,14.315369,121.146141,10.7,15329.861162262656,-21035.55169333893,3757.0,574.1,30.0,1.8999999999999773,0.0,0.0,0.5999999999999849,388.9396017984539
173,0.08675,0.08675,14.301034,121.135284,10.4,13936.440574877442,-22187.199139317672,3833.0,572.3,30.0,3.699999999999932,0.0,0.0,0.5692307692307674,401.2989671753036
174,0.08725,0.08725,14.31308,121.116169,10.7,12172.91099442392,-21501.625872137796,3806.5,579.7,31.0,1.900000000000091,0.0,0.0,0.8999999999999773,421.53138924335894
175,0.08775,0.08775,14.30271,121.134048,10.4,12904.017877388167,-22273.597716658933,3856.0,576.0,31.0,3.699999999999932,0.0,0.0,0.6333333333333258,415.3793436237619
176,0.08825,0.08825,14.2950975,121.130989,10.4,13378.06846659451,-22578.21663895921,3852.0,576.0,30.0,3.699999999999932,0.0,0.0,0.6083333333333248,396.6178970486941
177,0.08875,0.08875,14.282867,121.146595,9.95,15302.460678454774,-24118.15730511307,3836.5,582.45,31.0,1.8999999999999773,0.0,0.0,0.9000000000000018,427.9527377484849
178,0.08925,0.08925,14.3082575,121.1465225,10.1,14972.919296936374,-21887.472800548363,3920.5,585.2,30.0,1.8999999999999773,0.0,0.0,0.7153846153846206,421.4044134953857
179,0.08975,0.08975,14.278015,121.1598545,10.1,16266.667482785515,-24894.41016022359,3947.0,577.8,30.0,1.8999999999999773,0.0,0.0,0.5692307692307674,394.49681587238763
180,0.09025,0.09025,14.289551,121.146049,10.4,15249.473942611796,-24024.920230337462,3962.0,581.5,23.0,3.699999999999932,0.0,0.0,0.5999999999999849,419.5487187191519
181,0.09075,0.09075,14.294376,121.146286,9.8,15368.833903415598,-22975.46106309333,3985.0,585.2,30.0,3.699999999999932,0.0,0.0,0.6333333333333258,416.9168929025841
182,0.09125,0.09125,14.265794,121.138046,10.4,14484.929016014074,-26044.44527753876,4008.0,583.4,30.0,3.699999999999932,0.0,0.0,0.6642857142857191,425.10509215091895
183,0.09175,0.09175,14.272202,121.139832,10.4,14141.864697184366,-25443.213478715916,3978.0,590.8,31.0,3.699999999999932,0.0,0.0,0.5967741935483871,429.8642706653632
184,0.09225,0.09225,14.267231500000001,121.14867749999999,10.1,15860.693874854545,-26803.518492753,4065.5,583.4,30.0,1.8999999999999773,0.0,0.0,0.5692307692307762,414.6381312899879
185,0.09275,0.09275,14.252387,121.132416,10.1,13813.57637025234,-27421.59634623117,3985.0,585.2,31.0,3.699999999999932,0.0,0.0,0.6181818181818175,452.8193149673252
186,0.09325,0.09325,14.2642855,121.1191595,9.8,12164.028632310023,-26368.57893641955,4107.0,589.8499999999999,41.5,3.7000000000000455,0.0,0.0,0.8538461538461513,493.160925636622
187,0.09375,0.09375,14.257601,121.150925,10.1,16242.386780576608,-26859.83880089152,4069.0,583.4,30.0,3.699999999999932,0.0,0.0,0.5999999999999849,425.4495271638725
188,0.09425,0.09425,14.253551,121.160164,9.8,15999.785751957008,-27833.90770373683,4145.0,587.1,30.0,3.699999999999932,0.0,0.0,0.8999999999999773,419.25882054769863
189,0.09475,0.09475,14.246288,121.15287,9.8,15911.639909524887,-28255.89303322322,4161.0,583.4,30.0,1.8999999999999773,0.0,0.0,0.6333333333333258,409.4883872193767
190,0.09525,0.09525,14.269684,121.140648,10.4,14734.043123131005,-26202.787071791237,4153.0,590.8,31.0,3.699999999999932,0.0,0.0,0.5999999999999849,457.2831628251984
191,0.09575,0.09575,14.250571,121.151878,9.4,16198.652187355025,-28332.395248424,4084.0,596.3,23.0,1.900000000000091,0.0,0.0,0.8999999999999773,397.4108578553467
192,0.09625,0.09625,14.230664,121.161301,9.95,16410.478688695293,-30024.283991717268,4191.0,591.7,46.0,2.8000000000000114,0.0,0.0,0.3640322580645169,1566.5182425915398
193,0.09675,0.09675,14.242983,121.1381915,9.8,14594.895240828419,-28939.353593878703,4286.0,590.8,31.0,3.699999999999932,0.0,0.0,0.5649184149184183,467.2874585880094
194,0.09725,0.09725,14.239187999999999,121.13260650000001,9.95,12795.12476924546,-29242.026602274356,4138.0,588.9,46.0,3.7000000000000455,0.0,0.0,0.578125,2028.6301557852967
195,0.09775,0.09775,14.240539,121.1569825,9.8,15454.77600957048,-28639.738450189536,4194.5,598.2,41.5,3.7000000000000455,0.0,0.0,0.4996471774193548,1219.999784856901
196,0.09825,0.09825,14.235077,121.159119,9.4,16260.94605120015,-29393.529899092664,4267.0,607.5,31.0,3.7000000000000455,0.0,0.0,0.7076923076923112,441.5434890903836
197,0.09875,0.09875,14.235721,121.156708,9.4,16368.65187373632,-29291.230425277732,4115.0,611.2,31.0,1.8999999999999773,0.0,0.0,0.7433333333333318,425.13473782311394
198,0.09925,0.09925,14.227388,121.141708,9.8,13326.645716135054,-30384.16686889285,4176.0,601.9,46.0,3.7000000000000455,0.0,0.0,0.5812500000000007,485.57041738979495
199,0.09975,0.09975,14.2299235,121.1637535,10.1,16831.303758266975,-29922.818481004295,4274.5,608.4,38.0,3.699999999999932,0.0,0.0,0.45833333333333803,489.5264395413941
200,0.10025,0.10025,14.226575,121.159973,9.4,16337.147534861604,-30231.496023732427,4313.0,601.9,31.0,3.699999999999932,0.0,0.0,0.619999999999997,464.8835801316847
201,0.10075,0.10075,14.213097,121.146095,9.1,15291.196507977946,-31756.647744215377,4313.0,601.9,38.0,3.699999999999932,0.0,0.0,0.619999999999997,516.9981402628825
202,0.10125,0.10125,14.223795,121.166527,9.1,16876.433656299152,-30576.08957737601,4191.0,609.3,38.0,3.7000000000000455,0.0,0.0,0.6766666666666652,470.4279234033595
203,0.10175,0.10175,14.228738,121.141037,9.1,14549.75842542307,-30536.72651897331,4298.0,611.2,38.0,3.7000000000000455,0.0,0.0,0.6799999999999993,2122.957449274289
204,0.10225,0.10225,14.198246,121.129951,8.8,13499.58416790122,-33322.830449304936,4305.0,613.0,53.0,3.7000000000000455,0.0,0.0,0.8093749999999993,2354.217845920029
205,0.10275,0.10275,14.213241499999999,121.1272045,9.4,11972.417736827652,-31805.85156721902,4252.0,607.5,49.5,3.7000000000000455,0.0,0.0,0.6174242424242421,2283.6382461193953
206,0.10325,0.10325,14.213748,121.114723,9.1,12320.546100089408,-31832.03800861402,4351.0,614.9,38.0,3.7000000000000455,0.0,0.0,0.680000000000003,851.7009132814452
207,0.10375,0.10375,14.210129,121.118294,9.1,11988.071468640312,-32406.24940293991,4374.0,609.3,30.0,3.7000000000000455,0.0,0.0,0.7878787878787878,453.3034782809122
208,0.10425,0.10425,14.215942,121.115692,9.4,12357.693619323574,-31762.65227854821,4206.0,629.7,99.0,3.699999999999932,0.0,0.0,0.528571428571435,2050.3199938639837
209,0.10475,0.10475,14.193172,121.153252,9.1,15888.025301229209,-34398.97643580507,4343.0,614.9,31.0,3.699999999999932,0.0,0.0,0.6333333333333258,475.2972769230919
210,0.10525,0.10525,14.209744,121.122391,8.1,12181.856950456337,-32084.56203582411,4397.0,618.6,38.0,3.7000000000000455,0.0,0.0,0.7774193548387104,1449.9752578407372
211,0.10575,0.10575,14.1952435,121.1299515,9.25,13400.919663167322,-33711.84643750187,4389.0,620.45,31.0,3.7000000000000455,0.0,0.0,0.5629487179487159,1086.2560701391358
212,0.10625,0.10625,14.206161,121.143303,8.8,15323.249438886918,-32482.974008300975,4503.0,618.6,23.0,3.699999999999932,0.0,0.0,0.8999999999999773,415.5217542270914
213,0.10675,0.10675,14.1997585,121.1187285,9.1,11679.641256947374,-33683.15810680152,4420.0,616.7,117.5,3.7000000000000455,0.0,0.0,0.6763636363636367,2503.108090239857
214,0.10725,0.10725,14.197861,121.106056,8.8,11350.817620787562,-33935.737731551955,4412.0,626.0,122.0,3.699999999999932,0.0,0.0,0.5636363636363644,2618.752612870933
215,0.10775,0.10775,14.176849,121.097908,8.5,10591.773000570258,-36433.735208998645,4488.0,629.7,31.0,3.7000000000000455,0.0,0.0,0.7531250000000007,518.8120074877841
216,0.10825,0.10825,14.17597,121.1246035,9.1,11718.974216190909,-35876.98144226905,4431.0,623.2,34.5,3.7000000000000455,0.0,0.0,0.6066666666666647,589.678038593917
217,0.10875,0.10875,14.204904,121.128746,8.8,12432.11325365904,-33759.93830970311,4412.0,640.8,106.0,3.7000000000000455,0.0,0.0,0.5692307692307762,2062.8329985006253
218,0.10925,0.10925,14.18145,121.1354675,8.5,14504.990469272774,-35188.517103003076,4538.0,629.65,30.5,3.699999999999932,0.0,0.0,0.7049395161290302,456.81072830692256
219,0.10975,0.10975,14.17955,121.108353,8.1,11658.329312908323,-35500.91968091953,4549.0,637.1,99.0,5.5,0.0,0.0,0.6333333333333636,2548.166101081626
220,0.11025,0.11025,14.1842425,121.15417099999999,8.65,16428.050096554533,-35141.87076684528,4557.0,611.2,26.5,3.7000000000000455,0.0,0.0,0.6166666666666554,435.2628803020532
221,0.11075,0.11075,14.177536,121.131359,8.8,14033.804219659301,-35631.407107573265,4583.5,638.9,57.0,3.7000000000000455,0.0,0.0,0.6862637362637405,2541.8216215647626
222,0.11125,0.11125,14.196899,121.110817,9.4,11826.408913126166,-33816.8701907825,4534.0,650.1,99.0,3.7000000000000455,0.0,0.0,0.6937499999999979,2437.8881228683117
223,0.11175,0.11175,14.184513,121.13063,8.5,13965.350542977769,-34880.895913537,4473.0,648.2,114.0,3.7000000000000455,0.0,0.0,0.8999999999999773,2502.843296088993
224,0.11225,0.11225,14.191315,121.103355,8.8,11097.892448166203,-34390.74799986796,4496.0,644.5,114.0,3.7000000000000455,0.0,0.0,0.6333333333333636,2645.846287211817
225,0.11275,0.11275,14.179962,121.120556,8.5,12269.25072743796,-35709.299261277156,4602.5,638.0,106.5,3.7000000000000455,0.0,0.0,0.6278409090909101,2305.056580089913
226,0.11325,0.11325,14.151391499999999,121.130169,7.35,13372.105095125717,-38545.27418509328,4656.0,654.7,72.5,5.5,0.0,0.0,0.9499999999999886,2492.2324395130267
227,0.11375,0.11375,14.158724,121.104759,8.5,11212.321252617128,-37718.70555617707,4625.0,659.3,129.0,3.7000000000000455,0.0,0.0,0.8999999999999773,2600.3894180377833
228,0.11425,0.11425,14.167476,121.116959,7.2,11979.817346354745,-37537.457575396445,4610.0,627.8,145.0,5.5,0.0,0.0,0.8935483870967756,4870.240456755265
229,0.11475,0.11475,14.163472,121.133553,7.2,14280.70451823025,-37185.74753661754,4694.0,648.2,99.0,5.600000000000023,0.0,0.0,0.8999999999999773,2505.278668885084
230,0.11525,0.11525,14.156433,121.122704,8.5,12806.880132025355,-37977.45650788063,4587.0,664.9,46.0,3.7000000000000455,0.0,0.0,0.8999999999999773,1738.0851822466416
231,0.11575,0.11575,14.163185,121.1356315,7.949999999999999,14529.522711655127,-37686.069800128746,4728.0,653.75,145.0,5.600000000000023,0.0,0.0,0.8304659498207874,4919.704880194884
232,0.11625,0.11625,14.143059000000001,121.133423,7.0,14155.45585338651,-39470.361655095934,4629.5,648.2,83.5,3.75,0.0,0.0,0.7339393939393936,2610.1256311852535
233,0.11675,0.11675,14.146408,121.135818,7.8,14461.752647821057,-39605.018897258655,4686.0,642.6,122.0,9.199999999999932,0.0,0.0,0.8999999999999773,4874.922688577934
234,0.11725,0.11725,14.178589,121.145515,5.5,15578.878066073015,-36402.822976693686,4724.0,657.5,122.0,7.399999999999977,0.0,0.0,0.9500000000000456,2946.164074415854
235,0.11775,0.11775,14.169172,121.14296350000001,8.5,14832.681686106971,-37577.2654141199,4675.0,644.5,133.5,5.5499999999999545,0.0,0.0,0.6812500000000008,4785.490769602239
236,0.11825,0.11825,14.132767,121.102058,7.2,10580.508000725707,-41087.805292172925,4740.0,668.6,106.0,3.7999999999999545,0.0,0.0,0.8999999999999773,2593.645534181738
237,0.11875,0.11875,14.1390085,121.1288455,6.8,13875.51812882529,-40168.22197864184,4823.0,642.65,148.5,5.600000000000023,0.0,0.0,0.7297311827956989,4973.821150188944
238,0.11925,0.11925,14.124597999999999,121.1372145,7.65,13888.30524404359,-41525.63592059247,4743.5,660.25,34.5,3.7000000000000455,0.0,0.0,0.6764423076923056,497.9016445495422
239,0.11975,0.11975,14.138672,121.124557,8.5,12730.478811318942,-39958.6192524014,4732.0,674.1,122.0,5.600000000000023,0.0,0.0,0.8354838709677449,5043.44479959792
240,0.12025,0.12025,14.124135,121.099113,8.1,9999.652050689792,-41675.026510886295,4671.0,664.9,153.0,9.299999999999956,0.0,0.0,0.578125,5245.192785946548
241,0.12075,0.12075,14.127673,121.101768,7.2,10922.461458143824,-41191.77269219159,4839.0,672.3,152.0,11.100000000000025,0.0,0.0,0.8999999999999773,5405.213559654805
242,0.12125,0.12125,14.137573,121.124695,8.1,13331.93438981766,-40891.879560801266,4778.0,668.6,138.0,9.199999999999932,0.0,0.0,0.6937499999999979,5244.332091193644
243,0.12175,0.12175,14.1090775,121.1417885,7.65,14486.919679124054,-43388.709489905305,4778.0,656.55,156.0,11.099999999999966,0.0,0.0,0.5496578690127084,5293.838986164286
244,0.12225,0.12225,14.138580000000001,121.083542,8.8,8754.611447002153,-40260.458297695455,4713.0,662.1,148.5,3.7000000000000455,0.0,0.0,0.5496578690127084,5278.165281562143
245,0.12275,0.12275,14.122459,121.098488,8.1,9683.77587747214,-41844.487813162414,4801.0,670.4,138.0,7.399999999999977,0.0,0.0,0.8354838709677412,5287.64165036373
246,0.12325,0.12325,14.121808,121.093227,7.35,10038.628843468909,-42447.55433080868,4865.5,682.45,129.5,12.949999999999989,0.0,0.0,0.924999999999983,5505.5481485197415
247,0.12375,0.12375,14.124573,121.092773,8.8,9581.55497969868,-41762.20345378962,4740.0,674.1,175.0,9.299999999999956,0.0,0.0,0.5187499999999972,5590.3645439797165
248,0.12425,0.12425,14.109657,121.081131,8.5,8088.054127402799,-43207.29471650421,4793.0,670.4,153.0,7.400000000000091,0.0,0.0,0.4484848484848505,5403.443003027124
249,0.12475,0.12475,14.106748,121.0738525,8.5,6789.293607539277,-43827.59647158682,4755.0,671.3499999999999,130.0,5.600000000000023,0.0,0.0,0.7998207885304651,5310.305791653614
250,0.12525,0.12525,14.120523500000001,121.0920565,8.65,9353.434913212463,-42147.38321171835,4873.0,673.2,133.5,11.100000000000025,0.0,0.0,0.78125,5425.7093720017065
251,0.12575,0.12575,14.070693,121.10083,8.5,10446.076356023696,-47651.09490295728,4732.0,670.4,160.0,7.399999999999977,0.0,0.0,0.6374999999999993,5704.395975718248
252,0.12625,0.12625,14.1379195,121.09338,7.949999999999999,9395.477712953749,-40377.93589996215,4926.5,679.7,137.0,10.200000000000045,0.0,0.0,0.9249999999999933,5429.906542096594
253,0.12675,0.12675,14.09904,121.080421,8.8,8209.10470727972,-44366.72581809931,4724.0,692.6,244.0,11.100000000000025,0.0,0.0,0.6374999999999993,5805.120943255802
254,0.12725,0.12725,14.118399499999999,121.1122665,7.8,11576.710549463927,-42541.1805883654,4831.0,676.9,129.5,4.650000000000034,0.0,0.0,0.5999999999999928,5438.279957535373
255,0.12775,0.12775,14.097367,121.072281,8.5,7416.756096783552,-44753.684697312274,4839.0,677.8,122.0,7.400000000000091,0.0,0.0,0.9000000000000341,5326.016770439268
256,0.12825,0.12825,14.117798,121.113045,8.1,11767.587054088945,-43023.600443958334,4816.0,681.5,137.0,9.299999999999956,0.0,0.0,0.6374999999999993,5667.016173806918
257,0.12875,0.12875,14.106539,121.08654,8.5,8805.39693959313,-43554.00097667245,4892.0,683.4,137.0,9.199999999999932,0.0,0.0,0.6937499999999979,5678.735417510245
258,0.12925,0.12925,14.0897355,121.08872249999999,8.65,9422.944481769839,-45488.406189955276,4854.0,691.7,163.5,9.300000000000068,0.0,0.0,0.5499999999999989,5633.7097151524695
259,0.12975,0.12975,14.096763,121.086861,7.8,9225.06618460571,-45048.46285501108,4930.0,685.2,137.0,7.399999999999977,0.0,0.0,0.9000000000000341,5597.293585208168
260,0.13025,0.13025,14.088684,121.100258,7.8,9551.35626589414,-45870.750473338165,5006.0,688.9,145.0,14.800000000000068,0.0,0.0,0.7848484848484841,5720.403898565061
261,0.13075,0.13075,14.088593,121.102585,7.8,10578.649047982955,-45949.47659014339,4930.0,685.2,175.0,5.5,0.0,0.0,0.5967741935483871,5448.651697522341
262,0.13125,0.13125,14.090997000000002,121.0835915,7.5,8613.416969323189,-45827.55118466745,4983.5,685.2,114.0,8.299999999999955,0.0,0.0,0.6333333333333446,5310.242177565924
263,0.13175,0.13175,14.071106,121.095757,8.8,9978.4637798483,-47462.73043704134,4999.0,700.1,137.0,9.299999999999956,0.0,0.0,0.7161290322580623,5599.785163077772
264,0.13225,0.13225,14.085165,121.093891,8.1,9646.406904330843,-46275.72295554875,4968.5,687.1,183.0,16.649999999999977,0.0,0.0,0.7603763440860212,5781.095224079011
265,0.13275,0.13275,14.065887,121.099251,8.1,10185.531976299842,-48741.80744496814,5052.0,698.2,137.0,13.0,0.0,0.0,0.6181818181818175,5596.120564051291
266,0.13325,0.13325,14.1018905,121.0947075,9.8,9742.87811116119,-44348.21183724034,4915.0,706.55,244.0,9.300000000000011,0.0,0.0,0.578125,5972.537690679481
267,0.13375,0.13375,14.0743705,121.0863415,8.5,9223.81013123416,-47733.37926233008,5060.0,696.4,126.0,7.399999999999977,0.0,0.0,0.8999999999999773,5760.643369014286
268,0.13425,0.13425,14.06925,121.09874,8.1,10633.782069609835,-47821.77935111568,5014.0,698.2,122.0,11.100000000000025,0.0,0.0,0.6333333333333636,5682.686232876237
269,0.13475,0.13475,14.074278,121.087837,7.5,9310.302065481124,-47419.0307705099,5113.0,690.8,176.0,12.900000000000093,0.0,0.0,0.6333333333333636,5852.340990078836
270,0.13525,0.13525,14.0923355,121.0807115,8.8,7810.622159771464,-45801.14235311207,5151.5,696.4,206.0,13.0,0.0,0.0,0.5412405303030292,5951.421877262312
271,0.13575,0.13575,14.083634,121.094971,8.8,9247.25892702592,-46328.54061865968,4983.0,713.0,259.0,11.100000000000025,0.0,0.0,0.4333333333333333,6026.7779452544755
272,0.13625,0.13625,14.084263,121.077492,8.8,7562.105818651837,-46677.35958535214,4895.5,701.0,244.0,9.199999999999932,0.0,0.0,0.46250000000000036,6039.940748415199
273,0.13675,0.13675,14.069687,121.087574,9.1,8772.9956541002,-48363.91096479449,5147.5,688.0,236.5,10.14999999999992,0.0,0.0,0.3985321969696966,6014.6738785507
274,0.13725,0.13725,14.0571255,121.087067,8.8,8940.564000479273,-49769.027596165426,5139.5,694.5,137.5,11.150000000000034,0.0,0.0,0.5584173387096781,5862.928189729395
275,0.13775,0.13775,14.091569,121.118118,8.95,11658.911846260631,-45828.05156252835,5155.0,699.1500000000001,244.0,10.19999999999999,0.0,0.0,0.47152217741935376,6027.564443403062
276,0.13825,0.13825,14.072369,121.061569,8.8,6253.877194850754,-48150.694398446765,5128.0,707.5,213.0,9.299999999999956,0.0,0.0,0.3939393939393939,6042.322190878868
277,0.13875,0.13875,14.071531,121.092323,8.5,9367.490121568217,-48339.8372299237,5220.0,703.8,221.0,9.300000000000068,0.0,0.0,0.4193548387096774,5915.929158085204
278,0.13925,0.13925,14.049316,121.114296,9.4,11747.31959081423,-50164.65969163615,5113.0,700.1,259.0,9.299999999999956,0.0,0.0,0.3909090909090936,5949.137102665835
279,0.13975,0.13975,14.07358,121.120285,8.5,12098.501211849753,-48005.36242858124,5200.5,696.4,126.0,7.400000000000034,0.0,0.0,0.7689867424242425,5759.310582259006
280,0.14025,0.14025,14.0549725,121.116051,8.8,11806.50806301763,-49557.20096832063,5101.5,707.5,171.5,10.199999999999932,0.0,0.0,0.4774193548387082,5912.019522862018
281,0.14075,0.14075,14.04495,121.121239,7.8,11645.600683567023,-50644.46646284396,5151.0,694.5,229.0,11.100000000000025,0.0,0.0,0.5999999999999849,5988.958979433638
282,0.14125,0.14125,14.07106,121.104797,9.1,11342.21543334519,-47723.48290018924,5281.0,701.9,145.0,5.600000000000023,0.0,0.0,0.2312499999999993,5862.228898138813
283,0.14175,0.14175,14.034943,121.073128,8.8,7139.090922395231,-51528.80093594143,5121.0,714.9,237.0,12.899999999999975,0.0,0.0,0.5387096774193526,6247.0260454440095
284,0.14225,0.14225,14.036545499999999,121.0783575,8.3,8432.063253237025,-51891.7416778235,5254.0,703.8,186.5,8.300000000000011,0.0,0.0,0.44791666666666596,5877.99649749446
285,0.14275,0.14275,14.042715,121.088661,8.1,9596.071862401168,-50626.00807952542,5227.0,698.2,130.0,7.399999999999977,0.0,0.0,0.5606060606060606,5774.093424567838
286,0.14325,0.14325,14.032753,121.108688,7.8,11530.827127773931,-52129.25436920239,5227.0,703.8,175.0,12.900000000000093,0.0,0.0,0.5187500000000007,5958.755142210104
287,0.14375,0.14375,14.051653,121.075066,8.5,7627.418444464794,-51062.44876944185,5387.0,701.9,237.0,9.299999999999956,0.0,0.0,0.4193548387096774,6015.486514288618
288,0.14425,0.14425,14.000427,121.106796,8.5,11234.386587838617,-55319.33002602208,5273.0,709.3,236.0,9.299999999999956,0.0,0.0,0.4484848484848505,6024.866100050597
289,0.14475,0.14475,14.028592,121.0878755,8.8,9469.503267156104,-52836.12149424701,5304.0,706.55,251.5,10.19999999999999,0.0,0.0,0.4699596774193551,6186.898444322857
290,0.14525,0.14525,14.046765,121.091545,8.5,9831.923031455515,-50315.66261059355,5410.0,714.9,213.0,1.900000000000091,0.0,0.0,0.2906250000000021,6074.522420527551
291,0.14575,0.14575,14.020432,121.102203,8.8,10779.95776915618,-53091.09181322228,5273.0,711.2,221.0,9.300000000000068,0.0,0.0,0.4484848484848505,6132.745740066839
292,0.14625,0.14625,14.0138065,121.0755195,8.3,7425.921471127543,-53882.18921154405,5330.5,703.8,221.0,11.099999999999966,0.0,0.0,0.3985321969696966,6061.610022328932
293,0.14675,0.14675,14.035872,121.062485,8.5,6667.497888628494,-52276.25426527112,5357.0,714.9,243.0,11.100000000000025,0.0,0.0,0.4774193548387119,6133.393168323939
294,0.14725,0.14725,14.00528,121.077576,8.5,7801.098214983529,-54784.926470419814,5349.0,707.5,251.0,11.099999999999907,0.0,0.0,0.506060606060604,6259.242996338971
295,0.14775,0.14775,14.037123000000001,121.099865,8.8,10539.065149166101,-52575.03544585859,5440.5,721.35,274.0,6.5,0.0,0.0,0.2387096774193577,6293.668634756499
296,0.14825,0.14825,14.000953500000001,121.0849265,8.65,8990.168277927314,-55516.97928113719,5429.0,707.5,259.5,9.249999999999943,0.0,0.0,0.40468749999999964,6146.231483044772
297,0.14875,0.14875,13.999956000000001,121.087402,8.3,9203.911474432847,-55404.11627470021,5219.5,718.6,270.5,8.300000000000068,0.0,0.0,0.35403225806451544,6215.32704435551
298,0.14925,0.14925,13.992096,121.077957,8.8,7981.692601530818,-56529.02130388288,5387.0,709.3,168.0,9.200000000000044,0.0,0.0,0.5187500000000007,6193.258621145803
299,0.14975,0.14975,14.013966,121.109116,8.5,11094.45566226987,-54737.27937853994,5528.5,707.5,255.5,9.300000000000011,0.0,0.0,0.40468749999999964,6156.121257915718
300,0.15025,0.15025,14.001732,121.0865245,8.8,8938.014263109106,-55460.32538775841,5410.0,716.7,243.5,8.300000000000068,0.0,0.0,0.45549242424242287,6155.295352851732
301,0.15075,0.15075,13.9997235,121.084507,9.1,8513.107705148443,-56245.30705666694,5418.0,715.8,259.0,10.200000000000045,0.0,0.0,0.35246975806451686,6180.337422590281
302,0.15125,0.15125,13.993463,121.084755,8.5,8715.942641970296,-56587.73230624615,5326.0,711.2,244.0,11.100000000000025,0.0,0.0,0.4625000000000021,6182.522984933513
303,0.15175,0.15175,13.996124,121.10305,9.4,11071.739651234202,-56485.21044227093,5464.0,722.3,228.0,9.299999999999956,0.0,0.0,0.4031249999999993,6192.930925846499
304,0.15225,0.15225,13.990356,121.092468,8.5,9271.042192676765,-56686.58473257365,5342.0,716.7,252.0,12.899999999999975,0.0,0.0,0.5060606060606074,6324.720332672392
305,0.15275,0.15275,13.9770585,121.09420399999999,8.8,9920.128599114643,-58130.50844694604,5406.5,717.6500000000001,259.0,10.199999999999989,0.0,0.0,0.358064516129033,6250.429212096527
306,0.15325,0.15325,14.000865,121.083885,7.8,8999.247998624347,-56205.77720564367,5357.0,716.7,244.0,11.099999999999907,0.0,0.0,0.3500000000000014,6223.968840788522
307,0.15375,0.15375,13.9928285,121.084755,8.8,8963.956673602019,-56950.83984074861,5292.0,720.4,255.5,6.5,0.0,0.0,0.3165689149560128,6174.341214244409
308,0.15425,0.15425,13.9801205,121.07672099999999,9.1,8116.255257963652,-57872.53586080445,5581.5,725.05,262.5,10.19999999999999,0.0,0.0,0.34161931818181884,6352.52637765832
309,0.15475,0.15475,13.960225,121.05825,8.8,5915.369471937862,-59806.49629376617,5418.0,724.1,251.0,7.399999999999977,0.0,0.0,0.4031249999999993,6252.765496462135
310,0.15525,0.15525,13.97568,121.068855,8.8,6669.7324910236775,-58528.864821883006,5448.0,720.4,237.0,7.399999999999977,0.0,0.0,0.3468750000000007,6187.442290985254
311,0.15575,0.15575,13.974722,121.0719335,8.65,7225.872648363496,-59063.99114550663,5467.5,720.45,240.0,12.050000000000011,0.0,0.0,0.5203125000000011,6321.212753561401
312,0.15625,0.15625,13.969116,121.08268,8.5,8076.073265542242,-58918.04760270024,5509.0,720.4,251.0,9.299999999999956,0.0,0.0,0.3468750000000007,6244.233089970838
313,0.15675,0.15675,13.9681,121.092178,8.5,9982.933367932195,-59332.02688640963,5578.0,718.6,259.0,11.099999999999907,0.0,0.0,0.358064516129033,6279.285265611292
314,0.15725,0.15725,13.940781,121.075302,7.8,7186.9889205091,-61991.146035114485,5608.0,729.7,267.0,7.5,0.0,0.0,0.3100000000000023,6229.64124037435
315,0.15775,0.15775,13.9649495,121.078232,8.1,7512.5338093629625,-59377.72806438559,5616.0,727.8,251.5,11.100000000000025,0.0,0.0,0.4111895161290319,6341.7910704263195
316,0.15825,0.15825,13.963437,121.066978,8.5,6733.8933598965705,-60073.2532912462,5547.0,729.7,274.0,9.299999999999956,0.0,0.0,0.3066666666666682,6411.763900650233
317,0.15875,0.15875,13.958921,121.067917,9.1,7271.729993020221,-60054.35012760673,5585.0,729.7,266.0,9.199999999999932,0.0,0.0,0.2967741935483886,6338.927889414449
318,0.15925,0.15925,13.9538955,121.078712,8.1,7675.011625758362,-60538.104324162705,5562.5,726.0,270.5,8.300000000000011,0.0,0.0,0.3234375000000015,6395.456594052743
319,0.15975,0.15975,13.964127000000001,121.08000150000001,8.3,8177.032686070588,-60517.477636779346,5566.5,730.6,255.5,10.199999999999989,0.0,0.0,0.37761485826001845,6287.8382150325
320,0.16025,0.16025,13.920021,121.0746005,8.1,7814.017980552902,-64271.590338083726,5703.5,725.05,270.5,10.200000000000045,0.0,0.0,0.3284375000000015,6400.426755346589
321,0.16075,0.16075,13.931740000000001,121.067249,8.95,6778.491173151277,-63694.76585937236,5658.0,735.2,259.5,5.600000000000023,0.0,0.0,0.2717204301075254,6381.273760837097
322,0.16125,0.16125,13.947510000000001,121.0747075,8.5,8033.48561113783,-61214.337204602896,5715.0,723.2,267.0,10.199999999999989,0.0,0.0,0.336363636363637,6287.756269131203
323,0.16175,0.16175,13.932312,121.077721,8.5,8259.116127454286,-62921.40407634785,5654.0,727.8,259.0,11.100000000000025,0.0,0.0,0.3468750000000007,6305.938219162907
324,0.16225,0.16225,13.933043999999999,121.073162,8.8,7303.7133802395,-63184.32484356004,5680.5,722.3,248.0,7.449999999999989,0.0,0.0,0.28470643939393936,6227.134569311617
325,0.16275,0.16275,13.9352415,121.0848655,8.8,9072.82331607566,-63630.32831037697,5741.5,718.6,275.0,10.199999999999989,0.0,0.0,0.3468750000000007,6288.63443126488
326,0.16325,0.16325,13.9385145,121.08197799999999,8.5,8604.918128305413,-62686.05968903368,5525.0,728.75,252.0,3.7000000000000455,0.0,0.0,0.2312499999999993,6385.54710820935
327,0.16375,0.16375,13.961947,121.062988,8.1,6286.585769816365,-60889.75876540109,5692.0,737.1,259.0,11.099999999999907,0.0,0.0,0.3468749999999971,6343.009357894492
328,0.16425,0.16425,13.929221,121.081627,8.1,8687.941412349328,-63247.53924667289,5723.0,722.3,244.0,9.200000000000044,0.0,0.0,0.3733333333333348,6335.868373410852
329,0.16475,0.16475,13.92865,121.07618,8.5,8214.127088417434,-63422.7826931212,5654.0,733.4,259.0,7.400000000000091,0.0,0.0,0.2906249999999986,6368.71950753071
330,0.16525,0.16525,13.928988,121.077667,8.1,8304.698215829918,-63261.66102186269,5707.0,727.8,259.0,9.199999999999932,0.0,0.0,0.336363636363637,6343.082760837474
331,0.16575,0.16575,13.907411,121.08172250000001,8.1,8577.261625515239,-65674.03828752911,5669.5,735.2,236.5,8.299999999999955,0.0,0.0,0.3468749999999971,6311.5382340842525
332,0.16625,0.16625,13.956035,121.065193,7.8,6796.614118271998,-61657.227209173,5661.5,738.95,252.0,8.350000000000023,0.0,0.0,0.34076704545454617,6360.383805993429
333,0.16675,0.16675,13.9241005,121.0753515,8.1,7875.252987821619,-63804.57100110285,5760.5,731.5,259.0,8.300000000000011,0.0,0.0,0.2967741935483886,6344.972043475987
334,0.16725,0.16725,13.9148485,121.0575065,8.8,5820.532876385122,-65332.66939121223,5757.0,729.7,262.5,7.400000000000034,0.0,0.0,0.2846590909090927,6367.723018294134
335,0.16775,0.16775,13.906379999999999,121.065739,8.5,6809.553012743172,-65854.84148798871,5730.0,728.75,239.5,11.100000000000025,0.0,0.0,0.375,6262.845930515816
336,0.16825,0.16825,13.9313735,121.07518400000001,7.949999999999999,7266.883622573417,-63680.421694022014,5848.5,731.55,236.0,9.300000000000011,0.0,0.0,0.36564516129032365,6343.686484525351
337,0.16875,0.16875,13.912881,121.078102,8.5,8041.122136262365,-65087.81782453791,5829.0,726.0,252.0,7.399999999999977,0.0,0.0,0.2387096774193541,6309.577824690533
338,0.16925,0.16925,13.905061,121.078735,8.5,8275.782913586014,-66126.15748375858,5890.0,733.4,244.0,9.200000000000044,0.0,0.0,0.336363636363637,6393.641805017615
339,0.16975,0.16975,13.916153000000001,121.0801315,8.3,8419.908894389313,-65336.839206720935,5825.5,742.65,251.0,7.399999999999977,0.0,0.0,0.2892961876832827,6439.981244873616
340,0.17025,0.17025,13.927102999999999,121.0674705,8.5,7207.4647808435275,-64056.76144307251,5902.0,732.45,251.0,7.399999999999977,0.0,0.0,0.358064516129033,6274.137988979478
341,0.17075,0.17075,13.879642,121.06813,8.1,7262.6354870618225,-68759.25698368881,5768.0,738.9,259.0,7.399999999999977,0.0,0.0,0.2312499999999993,6444.497261668899
342,0.17125,0.17125,13.908971,121.086906,7.8,9352.126927074092,-65529.039902904726,6012.0,744.5,243.0,7.400000000000091,0.0,0.0,0.3468750000000007,6480.8708167166105
343,0.17175,0.17175,13.877014,121.074829,8.1,7748.582096670571,-69134.31798931643,5852.0,731.5,267.0,7.5,0.0,0.0,0.2875000000000014,6414.052765868566
344,0.17225,0.17225,13.903513499999999,121.081188,8.5,8658.61673821868,-66541.08192565016,5772.0,741.75,243.5,7.400000000000034,0.0,0.0,0.2983870967741935,6362.816019262472
345,0.17275,0.17275,13.878449,121.065861,8.5,6684.24698319339,-68952.79202083536,5940.0,738.95,260.0,9.199999999999989,0.0,0.0,0.2983870967741935,6447.143247915368
346,0.17325,0.17325,13.873219,121.078682,7.8,8069.737423785664,-69482.46978552759,5860.0,731.5,259.0,5.600000000000023,0.0,0.0,0.2387096774193541,6301.205015325352
347,0.17375,0.17375,13.865538,121.070877,8.1,7474.791878624214,-71216.55706176968,6012.0,738.9,259.0,7.400000000000091,0.0,0.0,0.2967741935483886,6434.735485029707
348,0.17425,0.17425,13.900684,121.077431,8.1,7764.191124053428,-67098.669655481,5753.0,729.7,252.0,7.399999999999977,0.0,0.0,0.2387096774193541,6302.026219011158
349,0.17475,0.17475,13.888321,121.074356,8.1,7608.831972932028,-68066.17804859312,5959.0,733.4,252.0,5.5,0.0,0.0,0.1833333333333333,6337.663544722212
350,0.17525,0.17525,13.883551,121.0722275,8.1,7056.375487685851,-69499.03785248246,5902.0,737.1,259.0,7.399999999999977,0.0,0.0,0.27878787878787836,6427.354456076242
351,0.17575,0.17575,13.890918,121.0734325,7.949999999999999,7825.633321584608,-68166.80959620466,5974.0,740.8,247.5,8.300000000000011,0.0,0.0,0.3033870967741935,6381.883584559002
352,0.17625,0.17625,13.910843,121.066734,7.5,6328.821882787558,-66483.87205686979,5951.0,753.8,236.0,11.100000000000025,0.0,0.0,0.358064516129033,6511.420658781487
353,0.17675,0.17675,13.864513,121.054832,7.5,5863.348844336479,-70684.82218809296,5928.0,738.9,236.0,11.100000000000025,0.0,0.0,0.4161290322580638,6374.642107729372
354,0.17725,0.17725,13.861767,121.071609,8.5,7645.92678684814,-70747.75860350502,6005.0,737.1,251.0,7.399999999999977,0.0,0.0,0.2874999999999978,6369.43355264564
355,0.17775,0.17775,13.892006,121.0821225,7.949999999999999,8429.496394433037,-67842.28675454285,5898.0,739.8499999999999,259.0,9.249999999999943,0.0,0.0,0.2953125000000003,6495.330429827462
356,0.17825,0.17825,13.857763,121.061043,8.1,6172.9333914423805,-71282.05096402748,6073.0,748.2,251.0,7.5,0.0,0.0,0.2874999999999978,6369.81303375443
357,0.17875,0.17875,13.881226,121.053947,8.1,5432.7359228571095,-68721.22826624906,5928.0,740.8,229.0,11.100000000000025,0.0,0.0,0.3700000000000008,6474.258394935723
358,0.17925,0.17925,13.8849035,121.0698625,7.5,6675.914576430669,-68805.06935674511,5962.5,739.8499999999999,240.5,9.199999999999989,0.0,0.0,0.2862215909090913,6494.968334225301
359,0.17975,0.17975,13.841353999999999,121.05868899999999,8.1,5969.80405586159,-73196.4966604078,6031.5,738.9,251.0,6.5,0.0,0.0,0.2387096774193559,6367.372336299719
360,0.18025,0.18025,13.866654,121.068718,7.8,7372.577656115146,-70445.30798526981,5959.0,738.9,251.0,7.400000000000091,0.0,0.0,0.2787878787878767,6498.802019710028
361,0.18075,0.18075,13.8552245,121.0647735,7.949999999999999,6426.231005460751,-71801.10959855714,6104.0,749.1500000000001,240.5,7.399999999999977,0.0,0.0,0.2846590909090909,6460.694937095121
362,0.18125,0.18125,13.875046000000001,121.058975,8.1,6055.201936498938,-69276.98127725623,6077.0,737.1,251.5,6.449999999999989,0.0,0.0,0.25653409090908985,6367.669094075616
363,0.18175,0.18175,13.849901,121.0649985,7.5,6699.970875389956,-72424.08003556557,6115.0,742.65,237.0,8.299999999999955,0.0,0.0,0.32903225806451575,6468.202032170426
364,0.18225,0.18225,13.844284,121.074104,8.1,7567.570102984543,-72691.78219122787,6226.0,744.5,244.0,11.100000000000025,0.0,0.0,0.3500000000000014,6455.375591832815
365,0.18275,0.18275,13.84548,121.0666655,7.2,7138.835184201427,-72622.95243656357,6023.5,747.3,243.5,9.250000000000057,0.0,0.0,0.3468749999999971,6511.176519829667
366,0.18325,0.18325,13.8478195,121.0685505,8.1,7337.542977599107,-72318.44470934379,6206.5,749.1500000000001,255.0,7.399999999999977,0.0,0.0,0.31718750000000107,6455.9944089897035
367,0.18375,0.18375,13.836466,121.0646935,7.65,6921.660146688266,-73593.12951160115,6165.0,747.3,244.0,7.399999999999977,0.0,0.0,0.2387096774193541,6506.226694348292
368,0.18425,0.18425,13.834766,121.067581,7.8,6870.939707829467,-73740.24060275001,6104.0,751.9,244.0,9.299999999999956,0.0,0.0,0.3363636363636336,6560.041458694288
369,0.18475,0.18475,13.84012,121.068493,7.5,7284.898123197312,-73201.66723163868,6180.0,749.1500000000001,232.5,8.300000000000068,0.0,0.0,0.2890625,6456.469322690493
370,0.18525,0.18525,13.835697,121.052666,7.8,5006.890784411065,-73754.36237793945,6279.0,733.4,244.0,9.200000000000044,0.0,0.0,0.2906249999999986,6464.890088717122
371,0.18575,0.18575,13.814702,121.054138,7.8,5506.837570905567,-75989.27229555312,6073.0,746.4,244.0,9.299999999999956,0.0,0.0,0.2954545454545454,6509.113654868096
372,0.18625,0.18625,13.793289,121.078682,7.8,7935.622105981408,-79066.48494593601,6104.0,755.6,229.0,11.100000000000025,0.0,0.0,0.358064516129033,6518.086140980103
373,0.18675,0.18675,13.8278485,121.0562515,8.5,5735.8598879588835,-75863.06587948833,6290.5,741.75,251.0,7.399999999999977,0.0,0.0,0.23229166666666673,6553.130834353333
374,0.18725,0.18725,13.82753,121.064552,7.5,6934.533486171364,-75194.89464236484,6157.0,750.1,251.0,5.600000000000023,0.0,0.0,0.2312499999999993,6561.248044720079
375,0.18775,0.18775,13.815446999999999,121.064594,7.8,6709.391892431922,-76364.33330118083,6164.5,751.9,228.5,8.300000000000011,0.0,0.0,0.2921370967741932,6556.319753880244
376,0.18825,0.18825,13.851199,121.06678,8.1,6103.3847421583905,-72970.10347705247,6088.0,753.8,244.0,7.399999999999977,0.0,0.0,0.2387096774193541,6521.960885092623
377,0.18875,0.18875,13.8099975,121.063572,8.1,6433.291733353822,-77050.29575114173,6077.0,746.4,239.5,7.449999999999989,0.0,0.0,0.26708333333333184,6453.822947603376
378,0.18925,0.18925,13.8173855,121.069031,8.1,7254.51611560013,-75693.1041993513,6206.5,741.7,232.5,7.400000000000034,0.0,0.0,0.2670833333333337,6348.168261918546
379,0.18975,0.18975,13.804801999999999,121.06325899999999,7.8,6259.451412187911,-77323.61325835557,6168.5,748.2,240.0,8.300000000000068,0.0,0.0,0.3049999999999985,6589.54417508364
380,0.19025,0.19025,13.807983,121.058495,8.5,5955.235813512725,-76729.9427249888,6233.0,751.9,236.0,7.400000000000091,0.0,0.0,0.2906250000000021,6391.574287385715
381,0.19075,0.19075,13.836823,121.060577,7.8,6270.926851223676,-74502.26048759042,6165.0,753.8,243.0,7.400000000000091,0.0,0.0,0.2906249999999986,6538.509303617843
382,0.19125,0.19125,13.810776,121.051765,7.8,5376.573704427496,-76441.39149178276,6226.0,742.7,236.0,9.299999999999956,0.0,0.0,0.3468750000000007,6463.17661958895
383,0.19175,0.19175,13.7970355,121.0596885,7.949999999999999,6196.863055325038,-78004.01595430484,6054.0,746.4,259.0,6.5,0.0,0.0,0.25501893939394144,6475.612359693513
384,0.19225,0.19225,13.784088,121.063179,7.8,6441.7402794913805,-79808.1561310935,6340.0,750.1,236.0,7.399999999999977,0.0,0.0,0.2818181818181804,6445.423566050776
385,0.19275,0.19275,13.815874,121.050926,7.8,5347.1805995660525,-76220.44686735902,6214.0,746.4,240.0,6.5,0.0,0.0,0.26864583333333225,6564.139648456661
386,0.19325,0.19325,13.800554,121.052048,7.2,5296.818715657579,-77638.40653049687,6126.0,753.8,221.0,7.400000000000091,0.0,0.0,0.336363636363637,6485.944232337999
387,0.19375,0.19375,13.7867325,121.0627555,7.2,6520.35288023559,-79542.6222794962,6195.0,755.6,236.0,1.900000000000034,0.0,0.0,0.11905241935483865,6553.958990688195
388,0.19425,0.19425,13.789704,121.06592549999999,7.8,6741.226535429542,-79479.12988868271,6092.0,751.0,233.0,6.5,0.0,0.0,0.3134943181818195,6604.891990869031
389,0.19475,0.19475,13.788805499999999,121.0552065,7.65,5727.644606662685,-78986.81367094896,6366.5,755.65,224.5,5.550000000000011,0.0,0.0,0.2242424242424235,6545.312707465788
390,0.19525,0.19525,13.7841565,121.0711135,6.8,7459.318352122415,-79369.49153957254,6252.5,755.6,199.0,7.400000000000034,0.0,0.0,0.29875000000000185,6456.439599532387
391,0.19575,0.19575,13.777135,121.055458,7.5,5713.0249623612835,-80347.34107514615,6401.0,755.6,237.0,7.399999999999977,0.0,0.0,0.3000000000000022,6557.472738008847
392,0.19625,0.19625,13.778345,121.060905,7.2,6356.973995434403,-80208.01363961381,6317.0,753.8,221.0,5.600000000000023,0.0,0.0,0.2387096774193541,6548.513526253493
393,0.19675,0.19675,13.7946065,121.054016,7.8,5494.291400384822,-79080.7735137461,6473.5,750.1,243.5,3.699999999999932,0.0,0.0,0.1233333333333329,6474.611703028819
394,0.19725,0.19725,13.782372,121.064926,7.65,6962.6834682068875,-79583.48647148171,6340.0,740.8,229.0,7.400000000000034,0.0,0.0,0.28465909090908914,6488.986434214748
395,0.19775,0.19775,13.7651875,121.0570675,6.8,5960.084072924539,-82472.50144856948,6397.0,751.0,221.0,7.399999999999977,0.0,0.0,0.26026392961876726,6521.5771926862435
396,0.19825,0.19825,13.752887,121.0466765,7.5,4048.3845107743223,-83139.78312505095,6374.0,751.9,236.0,8.300000000000068,0.0,0.0,0.3000000000000004,6616.357930985279
397,0.19875,0.19875,13.757217,121.057022,7.5,6092.718228241622,-83117.76649916473,6386.0,751.9,199.0,3.7000000000000455,0.0,0.0,0.2967741935483886,6449.090511072166
398,0.19925,0.19925,13.764659,121.058441,7.5,5957.189021484904,-81580.04973461523,6439.0,751.9,243.0,7.399999999999977,0.0,0.0,0.2906249999999986,6558.635169920053
399,0.19975,0.19975,13.751973,121.0679395,7.35,6873.611741702101,-83088.911375844,6450.5,758.4000000000001,213.5,7.4500000000000455,0.0,0.0,0.358064516129033,6606.739217110799
400,0.20025,0.20025,13.767997999999999,121.06411399999999,6.65,5906.58858092409,-82109.94988946817,6378.0,752.85,217.5,5.600000000000023,0.0,0.0,0.2890625,6448.361202743792
401,0.20075,0.20075,13.769454,121.058868,7.2,5570.044900341241,-81037.75132831612,6439.0,755.6,228.0,7.399999999999977,0.0,0.0,0.2787878787878767,6651.195905808175
402,0.20125,0.20125,13.783813,121.060425,6.5,6028.610498866335,-79602.33403758172,6424.0,750.1,213.0,3.7000000000000455,0.0,0.0,0.3468750000000007,6354.252066211866
403,0.20175,0.20175,13.7600035,121.07266999999999,7.65,7115.980130227444,-82119.401471288,6424.0,751.0,232.0,5.5,0.0,0.0,0.2426881720430118,6429.633654390515
404,0.20225,0.20225,13.761168,121.050011,7.5,4169.034828497918,-82883.81205035333,6500.0,751.9,221.0,5.600000000000023,0.0,0.0,0.2387096774193541,6513.02446403964
405,0.20275,0.20275,13.7481995,121.057846,7.2,6180.698439378693,-83541.53094993473,6542.0,753.8,233.0,9.299999999999956,0.0,0.0,0.29369959677419355,6658.470838259472
406,0.20325,0.20325,13.76126,121.059555,6.5,5777.211459047448,-82153.03798305849,6538.0,753.8,213.0,7.399999999999977,0.0,0.0,0.2875000000000014,6359.165828401286
407,0.20375,0.20375,13.757492,121.0570715,7.2,5605.021928589789,-82681.21461416781,6378.0,758.4,221.0,7.449999999999989,0.0,0.0,0.35246975806451686,6640.958474228019
408,0.20425,0.20425,13.758188,121.065147,6.8,6358.027855428912,-82259.11808960146,6629.0,748.2,206.0,9.300000000000068,0.0,0.0,0.3580645161290293,6565.197467799979
409,0.20475,0.20475,13.757584999999999,121.05767850000001,7.5,5377.64669862767,-82558.28845296969,6492.0,754.7,213.0,6.5,0.0,0.0,0.262727272727273,6520.426623784191
410,0.20525,0.20525,13.723832,121.050537,7.5,5161.258393133576,-86076.55638909856,6507.0,757.5,236.0,5.5,0.0,0.0,0.1806451612903233,6643.626146241235
411,0.20575,0.20575,13.779696,121.047844,6.8,4814.3343235668835,-81255.69368557406,6561.0,753.8,206.0,9.300000000000068,0.0,0.0,0.336363636363637,6583.6948411881
412,0.20625,0.20625,13.746969,121.061905,7.5,6512.688884405828,-83528.63232062766,6523.0,750.1,221.0,3.7000000000000455,0.0,0.0,0.2312499999999993,6568.4479720127965
413,0.20675,0.20675,13.7278405,121.0529745,7.8,4905.630663294908,-85928.27774960731,6469.5,766.7,217.5,6.5,0.0,0.0,0.29874999999999996,6636.3807446385945
414,0.20725,0.20725,13.728177,121.063511,7.35,6502.833037715574,-85595.41527692834,6450.0,756.55,213.0,3.7000000000000455,0.0,0.0,0.23125000000000104,6542.1836928956645
415,0.20775,0.20775,13.73378,121.0552485,7.5,5637.906247964147,-85106.9908870024,6557.0,770.4,221.0,8.300000000000011,0.0,0.0,0.2818181818181804,6627.49023870655
416,0.20825,0.20825,13.725177,121.05440899999999,6.8,5498.419434381269,-86339.53275385109,6618.0,755.6,217.5,5.5499999999999545,0.0,0.0,0.2043346774193545,6582.924937119735
417,0.20875,0.20875,13.715782,121.05072,7.5,5232.441933280363,-87363.47265018134,6640.5,765.8,214.0,6.449999999999989,0.0,0.0,0.2349798387096767,6620.822983652179
418,0.20925,0.20925,13.732305,121.062706,7.2,6135.353830707991,-85777.77520851143,6835.0,755.6,214.0,7.399999999999977,0.0,0.0,0.2906249999999986,6560.294168998544
419,0.20975,0.20975,13.728674,121.048714,7.2,5194.502431433025,-86363.773281342,6584.0,761.2,199.0,7.399999999999977,0.0,0.0,0.2387096774193541,6536.265059635734
420,0.21025,0.21025,13.710286,121.045822,7.2,4205.945628914657,-88315.4693296009,6469.0,774.1,228.0,7.399999999999977,0.0,0.0,0.2466666666666659,6717.1330881722415
421,0.21075,0.21075,13.703339,121.050156,7.5,4999.333263751673,-89151.98991819775,6614.0,751.9,221.0,9.199999999999932,0.0,0.0,0.2906249999999986,6557.540030661885
422,0.21125,0.21125,13.736448,121.050064,7.5,5378.728910294308,-85512.57494215429,6584.0,759.3,236.0,5.600000000000023,0.0,0.0,0.1806451612903233,6579.990935556043
423,0.21175,0.21175,13.711776,121.051414,7.2,5375.544207404415,-88108.20170004584,6713.0,757.5,229.0,7.399999999999977,0.0,0.0,0.2312500000000028,6573.271784406771
424,0.21225,0.21225,13.703098,121.05533600000001,7.5,5876.81232376486,-88399.97759057849,6671.0,766.7,221.0,6.5,0.0,0.0,0.341619318181817,6658.499853000831
425,0.21275,0.21275,13.708284,121.04789,6.8,4750.734372637488,-88962.73589164032,6408.0,774.1,213.0,9.300000000000068,0.0,0.0,0.3468750000000007,6734.478779066441
426,0.21325,0.21325,13.697113,121.055084,7.5,5825.1228346445605,-89814.26781606863,6561.0,768.6,229.0,5.600000000000023,0.0,0.0,0.1866666666666674,6703.612899312631
427,0.21375,0.21375,13.701645,121.05101,7.2,5153.359003707473,-89154.21381980255,6660.0,766.7,228.0,5.5,0.0,0.0,0.224242424242427,6724.770574121198
428,0.21425,0.21425,13.7234835,121.0512465,7.8,5245.613344163546,-86184.74920216601,6614.5,764.85,213.0,5.600000000000023,0.0,0.0,0.1723484848484855,6699.070466986939
429,0.21475,0.21475,13.691849,121.044762,7.2,4626.214841733664,-89625.4585698323,6782.0,759.3,229.0,3.7000000000000455,0.0,0.0,0.2312499999999993,6565.540110973546
430,0.21525,0.21525,13.68026,121.049477,6.5,4847.237279078503,-91026.40538569452,6789.0,764.9,198.0,9.200000000000044,0.0,0.0,0.4111111111111099,6687.359514603566
431,0.21575,0.21575,13.687801499999999,121.0358085,7.2,3237.249983568535,-90246.81667817698,6595.0,776.0,217.5,7.399999999999977,0.0,0.0,0.2387096774193541,6827.499717396604
432,0.21625,0.21625,13.69574,121.051651,7.2,5162.599084569573,-89197.69109617372,6683.0,770.4,213.0,9.199999999999932,0.0,0.0,0.2875000000000014,6680.871006849494
433,0.21675,0.21675,13.716430500000001,121.046383,7.2,4178.234405869513,-87580.52544679743,6614.5,763.0,221.0,8.350000000000023,0.0,0.0,0.2890625,6747.882615351117
434,0.21725,0.21725,13.6831015,121.049114,7.2,5167.914656063214,-90669.91395846577,6629.5,772.3,206.0,5.5499999999999545,0.0,0.0,0.2349798387096767,6742.2777815625805
435,0.21775,0.21775,13.685939,121.058395,7.2,6030.907876667008,-91012.50600066502,6782.0,766.7,221.0,7.399999999999977,0.0,0.0,0.2387096774193541,6671.951831581952
436,0.21825,0.21825,13.672485,121.046257,7.2,5002.245962095382,-91779.75205427654,6850.0,759.3,213.0,5.600000000000023,0.0,0.0,0.2312499999999993,6550.859551575789
437,0.21875,0.21875,13.685806,121.040565,6.5,4111.519139417067,-90313.7561164778,6614.0,763.0,213.0,7.399999999999977,0.0,0.0,0.2874999999999978,6718.243124091747
438,0.21925,0.21925,13.661918,121.046692,6.5,5029.498725107319,-92967.4267062507,6668.0,770.4,206.0,7.399999999999977,0.0,0.0,0.2387096774193541,6723.4333009594175
439,0.21975,0.21975,13.6891935,121.0551075,6.8,5839.611628282364,-90028.76312583915,6679.0,767.6500000000001,221.0,3.6999999999999886,0.0,0.0,0.21268817204301074,6498.283617472949
440,0.22025,0.22025,13.659357499999999,121.05025499999999,6.5,5161.802798469931,-93966.06972182842,6503.5,777.8,202.0,5.5499999999999545,0.0,0.0,0.1762096774193552,6679.5824247865385
441,0.22075,0.22075,13.685852,121.052193,6.8,5423.033544354501,-90399.59871841798,6668.0,776.0,206.0,7.399999999999977,0.0,0.0,0.2906249999999986,6740.073751330414
442,0.22125,0.22125,13.667603499999998,121.042156,6.5,4246.624752513416,-92603.20722094619,6949.0,771.3499999999999,206.0,8.349999999999966,0.0,0.0,0.29062500000000036,6618.264728117998
443,0.22175,0.22175,13.654842,121.050636,6.8,4847.838921611139,-94144.09304528224,6789.0,766.7,214.0,3.7000000000000455,0.0,0.0,0.1750000000000007,6588.481642905616
444,0.22225,0.22225,13.659079,121.043121,7.2,4152.704670211806,-93498.38321436624,6995.0,764.9,221.0,5.600000000000023,0.0,0.0,0.234375,6605.918859691087
445,0.22275,0.22275,13.648315,121.04871750000001,7.2,5120.675327736672,-94845.28922123507,6633.0,781.55,191.0,7.400000000000034,0.0,0.0,0.29369959677419355,6729.104269588572
446,0.22325,0.22325,13.628448,121.045723,6.8,4871.194077133251,-96698.1328431663,6980.0,759.3,213.0,5.599999999999909,0.0,0.0,0.1806451612903196,6640.785259956057
447,0.22375,0.22375,13.651523000000001,121.046299,6.65,4705.970922497868,-95035.43280843418,6827.5,767.65,202.0,3.7000000000000455,0.0,0.0,0.14651515151515065,6577.914343731318
448,0.22425,0.22425,13.64232,121.040215,6.8,3797.352483474011,-95848.60243018196,6812.0,774.1,213.0,7.399999999999977,0.0,0.0,0.2875000000000014,6898.450924945087
449,0.22475,0.22475,13.650833,121.045715,6.5,4884.610510669896,-94800.14401866036,6911.0,770.4,221.0,3.7000000000000455,0.0,0.0,0.2312500000000028,6699.041308261548
450,0.22525,0.22525,13.643344,121.051506,6.5,5125.141340000329,-95255.71026237708,6843.0,766.7,198.0,5.5,0.0,0.0,0.2312499999999993,6735.351421100997
451,0.22575,0.22575,13.605972,121.041061,6.5,4142.105120807744,-100559.82678459646,6888.0,776.0,206.0,9.199999999999932,0.0,0.0,0.2906249999999986,6774.696375717893
452,0.22625,0.22625,13.638735,121.0492745,6.8,4982.900566944789,-96317.95686384788,6816.0,777.8,190.0,8.300000000000011,0.0,0.0,0.2967741935483849,6675.514426492318
453,0.22675,0.22675,13.6341185,121.0406605,7.35,4364.808681828519,-96053.14578027165,6713.5,780.6,210.0,7.399999999999977,0.0,0.0,0.23895833333333433,6858.951786096557
454,0.22725,0.22725,13.634537,121.047035,7.2,4885.630317999878,-96120.25201119288,6957.0,774.1,213.0,5.5,0.0,0.0,0.2387096774193541,6696.4584250319085
455,0.22775,0.22775,13.626771,121.043007,6.8,4480.467070212135,-96882.04950587264,7026.0,768.6,214.0,5.600000000000023,0.0,0.0,0.1806451612903233,6732.170414381218
456,0.22825,0.22825,13.630371,121.043243,6.8,4354.640820957996,-96661.99444209057,6927.0,776.0,206.0,3.699999999999932,0.0,0.0,0.2242424242424235,6607.85506217554
457,0.22875,0.22875,13.62355,121.054085,7.5,5266.170851886367,-97926.72728466676,6995.0,764.9,213.0,7.399999999999977,0.0,0.0,0.2466666666666697,6626.043080137868
458,0.22925,0.22925,13.650698,121.040329,7.2,4143.900474237711,-95084.58103389756,6934.0,777.8,228.0,5.600000000000023,0.0,0.0,0.2242424242424235,6834.370710199403
459,0.22975,0.22975,13.63385,121.059509,6.8,6083.165625536831,-96079.55461182704,6942.0,770.4,206.0,5.5,0.0,0.0,0.1750000000000007,6742.336502930521
460,0.23025,0.23025,13.6185705,121.04394149999999,7.2,4288.184115397027,-97895.03668679998,7037.5,786.1500000000001,209.0,7.399999999999977,0.0,0.0,0.2312500000000028,6837.327582040116
461,0.23075,0.23075,13.632225,121.0512885,6.65,5515.20605622241,-96665.77507481843,6972.0,773.2,198.5,9.199999999999989,0.0,0.0,0.2818181818181804,6707.381690584573
462,0.23125,0.23125,13.609074,121.036804,6.8,3550.4782380988636,-98840.25046632503,7056.0,770.4,206.0,4.600000000000023,0.0,0.0,0.1833333333333333,6731.552278717458
463,0.23175,0.23175,13.623834,121.0478665,6.8,5006.786684024335,-97559.0051543343,6862.0,773.2,198.0,3.7000000000000455,0.0,0.0,0.141145833333334,6713.397700893695
464,0.23225,0.23225,13.612526,121.040665,6.5,4390.68413131633,-99229.9336250036,6972.0,766.7,191.0,7.399999999999977,0.0,0.0,0.2312499999999993,6553.538116960943
465,0.23275,0.23275,13.596015999999999,121.0374525,6.5,3698.848022695877,-100305.63483118289,6915.0,778.75,186.5,5.5,0.0,0.0,0.32151515151515087,6793.781557155465
466,0.23325,0.23325,13.643859500000001,121.0464515,6.5,4664.221385947965,-96208.26291719751,6942.0,776.9,201.5,4.600000000000023,0.0,0.0,0.28749999999999964,6740.165949618677
467,0.23375,0.23375,13.607578,121.049828,6.5,5082.063444161537,-99135.41780680536,7033.0,777.8,198.0,5.5,0.0,0.0,0.2387096774193541,6712.628316300133
468,0.23425,0.23425,13.602564,121.039215,6.8,3856.321113471795,-99858.85299880462,7041.0,776.0,183.0,3.7000000000000455,0.0,0.0,0.2312499999999993,6653.830581299288
469,0.23475,0.23475,13.612270500000001,121.037365,6.5,3820.4209170539525,-99011.76887758545,7170.5,774.1,194.0,6.5,0.0,0.0,0.2846590909090909,6703.669041458861
470,0.23525,0.23525,13.597778,121.040184,6.2,3984.307100972381,-100081.68793959256,7010.0,779.7,198.0,3.7000000000000455,0.0,0.0,0.1833333333333333,6602.747766293449
471,0.23575,0.23575,13.561295,121.04052,7.2,4043.244609779294,-104246.61086481978,7140.0,772.3,198.0,3.7000000000000455,0.0,0.0,0.1750000000000007,6627.649176944871
472,0.23625,0.23625,13.586472,121.040138,6.5,4132.158975320431,-101807.65797497732,7049.0,770.4,183.0,1.8999999999999773,0.0,0.0,0.171875,6569.616644137109
473,0.23675,0.23675,13.6083895,121.0359495,7.0,3453.075748584836,-100001.07150642315,7117.0,771.3499999999999,190.5,5.5,0.0,0.0,0.171875,6691.016447469026
474,0.23725,0.23725,13.594557,121.035477,7.2,3220.850931937114,-100931.66313289764,7003.0,777.8,183.0,3.699999999999932,0.0,0.0,0.1866666666666674,6573.295695924735
475,0.23775,0.23775,13.533657,121.034279,6.8,3363.279930178348,-108768.4699975966,7102.0,779.65,198.0,2.8000000000000114,0.0,0.0,0.17903225806451464,6749.216450870796
476,0.23825,0.23825,13.567044,121.042595,7.2,4296.64544990048,-104670.70890083048,7102.0,766.7,198.0,1.8999999999999773,0.0,0.0,0.11212121212121,6687.582205803863
477,0.23875,0.23875,13.578124,121.034805,6.8,3179.066998320522,-103024.24334781246,7033.0,787.1,198.0,3.7000000000000455,0.0,0.0,0.2242424242424235,6784.395865170824
478,0.23925,0.23925,13.5531005,121.033489,6.2,3155.415542949499,-106326.57043812798,7174.5,770.4,182.5,2.8000000000000114,0.0,0.0,0.2024437927663734,6505.466771224021
479,0.23975,0.23975,13.585032,121.036446,6.5,3707.8333935472974,-101747.33464395058,7105.5,777.8,194.0,3.699999999999932,0.0,0.0,0.16993371212121244,6726.9822403917915
480,0.24025,0.24025,13.559688999999999,121.0395085,6.35,3824.2818589413973,-104850.28895540764,7117.0,779.7,198.0,5.5,0.0,0.0,0.2242424242424235,6897.145311608501
481,0.24075,0.24075,13.573865,121.03511800000001,6.8,3401.902224665975,-102826.03811729621,7159.0,779.7,190.0,4.600000000000023,0.0,0.0,0.24268817204301,6747.911909558887
482,0.24125,0.24125,13.500302,121.03373,6.8,3192.0635833268752,-113212.49257420989,7163.0,781.5,190.0,3.7000000000000455,0.0,0.0,0.1774193548387097,6750.86825265609
483,0.24175,0.24175,13.548047,121.033703,6.5,3166.4614405764924,-106005.04986363274,7105.5,777.8,164.0,5.599999999999966,0.0,0.0,0.262727272727273,6556.707206359983
484,0.24225,0.24225,13.536925,121.036186,7.2,3567.154375923048,-107364.52091456795,7163.0,774.1,175.0,1.8999999999999773,0.0,0.0,0.1749999999999971,6439.472346441017
485,0.24275,0.24275,13.50499,121.032684,6.5,3143.53464319058,-110415.82511125656,7163.0,770.4,160.0,3.699999999999932,0.0,0.0,0.2312500000000028,6537.640631254263
486,0.24325,0.24325,13.535249,121.033188,6.35,3104.5985672121924,-107260.38672192927,7178.0,781.5,137.0,1.8999999999999773,0.0,0.0,0.26864583333333225,5442.58646033
487,0.24375,0.24375,13.4975595,121.032772,6.5,3149.6801814513856,-111547.62423541331,7212.5,782.45,84.0,1.900000000000034,0.0,0.0,0.1193548387096788,3003.4812289762694
488,0.24425,0.24425,13.518036,121.032875,6.5,3123.7181646776557,-109608.99360908168,7201.0,774.1,153.0,1.8999999999999773,0.0,0.0,0.2387096774193541,6150.451346714603
489,0.24475,0.24475,13.4961725,121.03281799999999,6.2,3120.8443087176283,-111676.33254078352,7197.5,781.5,57.5,1.8999999999999773,0.0,0.0,0.2242424242424235,2777.4829349866986
490,0.24525,0.24525,13.4974365,121.0326995,6.35,3113.290634018711,-111972.55623452578,7189.5,779.7,42.0,1.8999999999999773,-1.0,-0.09375,0.28314393939393906,1554.1871687968862
491,0.24575,0.24575,13.509925,121.032921,5.9,3160.0316006712856,-109868.63412142692,7148.0,777.8,22.0,1.8999999999999773,0.0,0.0,0.1774193548387097,559.0971840360465
492,0.24625,0.24625,13.509227,121.035797,6.5,3640.739045156977,-110103.81171612097,7239.0,781.5,115.0,1.8999999999999773,0.0,0.0,0.1806451612903233,3537.8104874311307
493,0.24675,0.24675,13.497757,121.032616,6.2,3094.9708492964355,-111310.16714157448,7247.0,781.5,168.0,3.699999999999932,0.0,0.0,0.2818181818181804,6599.588927004162
494,0.24725,0.24725,13.494749,121.032906,6.2,3153.412157108757,-111955.65458233036,7216.0,779.7,84.0,1.8999999999999773,-1.0,-0.0303030303030303,0.2312499999999993,2553.302931312204
495,0.24775,0.24775,13.51149,121.03363,6.5,3226.155457434107,-110778.76585313855,7216.0,777.8,77.0,1.8999999999999773,0.0,0.0,0.1750000000000007,3779.640479012769
496,0.24825,0.24825,13.488464,121.03286,5.9,3391.968086947168,-112436.57330434014,7186.0,781.5,16.0,1.8999999999999773,0.0,0.0,0.3468750000000007,541.9358379337729
497,0.24875,0.24875,13.492582500000001,121.032814,6.5,3308.9134708644297,-113018.23476904197,7326.5,782.45,22.5,1.8500000000000227,0.0,0.0,0.2094896331738415,583.0876637925319
498,0.24925,0.24925,13.486816,121.03273,6.8,3380.739363944564,-112869.01097136844,7170.0,781.5,23.0,1.7999999999999543,0.0,0.0,0.0562500000000021,576.549726611175
499,0.24975,0.24975,13.491444,121.033455,6.2,3272.7054091350856,-112720.78792941743,7353.0,783.4,23.0,1.8999999999999773,0.0,0.0,0.1866666666666674,552.8879132585286
500,0.25025,0.25025,13.479619,121.032585,6.8,3111.596554147342,-113922.917941822,7193.0,783.4,23.0,1.8000000000000682,0.0,0.0,0.1193548387096752,548.530969687396
501,0.25075,0.25075,13.487457,121.033066,6.8,3436.8073368777573,-112962.52603384484,7376.0,783.4,130.0,1.8999999999999773,0.0,0.0,0.1666666666666666,5567.92533548027
502,0.25125,0.25125,13.480364,121.032875,6.5,3215.128834255073,-114472.66641849648,7224.0,796.4,23.0,1.7999999999999543,0.0,0.0,0.1156250000000014,555.7764322436989
503,0.25175,0.25175,13.486542,121.032982,6.8,3394.506070140697,-112679.97933497129,7330.0,781.5,153.0,1.8999999999999773,0.0,0.0,0.2387096774193541,6525.178406136594
504,0.25225,0.25225,13.484903500000001,121.0330165,6.5,3237.31898844226,-113148.88898831635,7364.5,788.95,23.0,1.7999999999999543,0.0,0.0,0.11748991935483649,592.4101986452761
505,0.25275,0.25275,13.482901,121.0335575,6.8,3481.465171141014,-113424.76398237597,7193.0,785.2,34.5,1.8000000000000682,0.0,0.0,0.14652217741935553,1423.2993226244985
506,0.25325,0.25325,13.484344499999999,121.032944,6.5,3412.9416381409956,-113402.63616140914,7346.0,794.5,38.0,1.7999999999999543,0.0,0.0,0.13939393939394004,2881.178077723328
507,0.25375,0.25375,13.494206,121.03305850000001,7.2,3497.4115007352248,-112119.77852075486,7280.5,783.4,130.0,1.8999999999999773,0.0,0.0,0.11562499999999959,6436.224200437153
508,0.25425,0.25425,13.480853,121.0329555,6.2,3436.102704179668,-113959.11194043797,7433.5,785.2,68.0,1.8999999999999773,0.0,0.0,0.1774193548387097,4941.353955100663
509,0.25475,0.25475,13.485485,121.033012,6.5,3434.193089755541,-112857.89146334532,7315.0,785.2,122.0,1.8000000000000682,0.0,0.0,0.1121212121212135,5256.805507553231
510,0.25525,0.25525,13.479675,121.033012,6.2,3466.508445093652,-114258.28230380628,7262.0,785.2,23.0,0.0,0.0,0.0,0.0,601.2924001938997
511,0.25575,0.25575,13.4765015,121.03284099999999,6.5,3453.7169533690612,-114220.25358636638,7391.5,779.7,23.0,1.8500000000000227,0.0,0.0,0.173313782991203,541.8185192666419
512,0.25625,0.25625,13.474592,121.03421,6.5,3574.117778951139,-114680.15643821236,7422.0,785.2,16.0,0.0,0.0,0.0,0.0,474.1116532982939
513,0.25675,0.25675,13.488144,121.033005,6.5,3425.347177469744,-112476.2699479838,7399.0,781.5,175.0,1.8999999999999773,0.0,0.0,0.1193548387096788,6522.031059412608
514,0.25725,0.25725,13.4767405,121.033226,6.5,3450.8645076591824,-113817.00462789941,7471.5,785.2,30.5,1.8000000000000114,0.0,0.0,0.16927083333333331,607.8302909689753
515,0.25775,0.25775,13.472992,121.033012,6.5,3496.4470201017584,-114363.97322756815,7361.0,789.0,141.0,1.8999999999999773,0.0,0.0,0.177822580645162,6496.261814662646
516,0.25825,0.25825,13.478645499999999,121.03262699999999,6.2,3426.4917175540545,-113994.58317103249,7429.5,785.2,141.0,1.8999999999999773,0.0,0.0,0.18416666666666776,6261.579289548366
517,0.25875,0.25875,13.4725215,121.0332715,6.2,3507.981866938693,-114182.66964924755,7494.5,786.1500000000001,16.0,1.7999999999999543,0.0,0.0,0.1193548387096788,568.1970610023595
518,0.25925,0.25925,13.471147,121.032822,6.5,3429.448171918328,-114695.39016420412,7292.0,787.1,23.0,1.8000000000000682,0.0,0.0,0.2787878787878801,569.4517354443168
519,0.25975,0.25975,13.4755695,121.033157,6.2,3468.482208589965,-114243.60455321535,7555.0,792.7,114.5,1.8000000000000682,0.0,0.0,0.14452590420332456,4661.923709270372
520,0.26025,0.26025,13.472926000000001,121.032883,6.2,3497.2970652804393,-114151.70181940251,7406.5,787.1,61.5,1.8000000000000682,0.0,0.0,0.1174899193548383,3486.7144991988
521,0.26075,0.26075,13.479852,121.033066,5.9,3468.138056525254,-113576.21168165392,7445.0,790.8,145.0,1.7999999999999543,0.0,0.0,0.171875,6607.215844173182
522,0.26125,0.26125,13.466073,121.032776,6.2,3448.5655323346527,-115409.26257930366,7414.0,781.5,38.0,1.8999999999999773,0.0,0.0,0.2312499999999993,597.5675370133793
523,0.26175,0.26175,13.469611,121.033386,6.2,3509.8222512623647,-114761.55123694314,7521.0,796.4,23.0,1.8000000000000682,0.0,0.0,0.2312499999999993,684.5625444799526
524,0.26225,0.26225,13.469452,121.03267650000001,6.2,3459.0933807743877,-114815.53644839645,7482.5,779.7,16.0,1.8000000000000682,0.0,0.0,0.1476041666666674,528.7969613962182
525,0.26275,0.26275,13.472076,121.033012,6.2,3501.166397879146,-114531.15503069948,7430.0,785.2,152.0,1.8999999999999773,0.0,0.0,0.171875,6105.486494218715
526,0.26325,0.26325,13.4672365,121.0326995,6.2,3443.023059450714,-114900.54508723505,7505.5,785.25,95.5,1.8999999999999773,0.0,0.0,0.171875,6180.724263675309
527,0.26375,0.26375,13.4686795,121.032761,5.9,3200.1614866071895,-114510.19475807526,7441.0,797.3,122.0,3.699999999999932,0.0,0.0,0.2983870967741935,5585.029724741649
528,0.26425,0.26425,13.472218,121.03334,5.5,3456.5853483529327,-114722.7441539415,7490.0,796.4,145.0,1.900000000000091,0.0,0.0,0.2906249999999986,6689.724344130004
529,0.26475,0.26475,13.468633,121.033066,6.2,3441.918030880539,-114732.30693084172,7475.0,785.2,129.0,0.0,0.0,0.0,0.0,6026.839167877785
530,0.26525,0.26525,13.470542,121.033966,5.9,3495.644500532988,-114860.84844359156,7536.0,798.2,152.0,3.699999999999932,0.0,0.0,0.2312499999999993,6295.070221491155
531,0.26575,0.26575,13.464661,121.032776,5.9,3492.149636521213,-115047.87856854456,7468.0,789.0,137.0,1.8999999999999773,0.0,0.0,0.1806451612903233,6110.329992610563
532,0.26625,0.26625,13.468872,121.03334,5.9,3463.2742798299473,-114774.56106133062,7407.0,796.4,38.0,1.7999999999999543,0.0,0.0,0.1156249999999978,1463.4975661832327
533,0.26675,0.26675,13.464294500000001,121.033028,6.2,3452.1211612073294,-115262.20708569468,7509.5,789.9,160.0,1.8999999999999773,0.0,0.0,0.12704326923076814,6493.943540106013
534,0.26725,0.26725,13.4682995,121.03331,5.9,3541.4518032547758,-115121.99008952024,7402.5,800.1,76.0,1.8500000000000227,0.0,0.0,0.17078598484848515,3340.699658734723
535,0.26775,0.26775,13.468121,121.033913,5.9,3514.750075402961,-115002.06619548808,7391.0,800.1,30.0,1.7999999999999543,0.0,0.0,0.2312500000000028,2305.111619430205
536,0.26825,0.26825,13.4645265,121.0331345,6.2,3462.5463175332443,-115298.51227939107,7502.0,794.5,23.0,1.8000000000000682,0.0,0.0,0.1762096774193552,553.0867679418008
537,0.26875,0.26875,13.459259,121.033676,6.2,3581.904388507859,-115850.59585275062,7490.0,792.7,114.0,1.7999999999999543,0.0,0.0,0.1156250000000014,4520.117868286435
538,0.26925,0.26925,13.46477,121.0336035,5.9,3524.5868130671433,-115422.71718401181,7425.5,801.9,137.5,1.8999999999999773,0.0,0.0,0.18500000000000033,5036.260464253857
539,0.26975,0.26975,13.472808,121.033531,6.2,3526.4799132236276,-114106.0562389668,7559.0,789.0,152.0,1.8999999999999773,0.0,0.0,0.1833333333333333,6539.332298570852
540,0.27025,0.27025,13.4637685,121.033676,5.9,3508.027218787266,-115869.6102114704,7543.5,791.75,118.0,1.7999999999999543,0.0,0.0,0.11387310606060565,4493.133560551586
541,0.27075,0.27075,13.465805,121.033508,6.2,3522.946965761065,-115435.83820347932,7620.0,794.5,152.0,1.8999999999999773,0.0,0.0,0.1233333333333348,6427.140283023561
542,0.27125,0.27125,13.4605605,121.033508,5.9,3515.4717744986538,-116713.30288274237,7566.5,798.2,133.5,1.8999999999999773,0.0,0.0,0.17464717741935484,6588.250248145716
543,0.27175,0.27175,13.463419,121.03363,5.9,3541.504920453699,-115206.88753327876,7551.0,790.8,16.0,1.7999999999999543,0.0,0.0,0.2387096774193577,565.6548412190323
544,0.27225,0.27225,13.452301,121.033585,5.9,3545.7014618170015,-117628.6051856846,7430.0,803.8,23.0,1.8999999999999773,0.0,0.0,0.1749999999999971,834.4715047723178
545,0.27275,0.27275,13.456283500000001,121.033367,5.9,3475.603245138417,-116153.99162916755,7628.0,789.9,145.0,1.8999999999999773,0.0,0.0,0.1213440860215068,6496.582820320202
546,0.27325,0.27325,13.460632,121.033157,5.9,3489.4372967492327,-115385.35563705336,7590.0,800.1,16.0,1.7999999999999543,0.0,0.0,0.171875,570.2397769620376
547,0.27375,0.27375,13.430925,121.033585,5.5,3522.561935194945,-119133.07462124422,7483.0,792.7,23.0,1.8999999999999773,0.0,0.0,0.2387096774193541,618.916814471123
548,0.27425,0.27425,13.448988,121.033249,5.9,3491.5206155646833,-116533.77842570547,7559.0,803.8,138.0,3.699999999999932,0.0,0.0,0.2787878787878767,6066.447300649716
549,0.27475,0.27475,13.434371,121.033676,5.5,3499.910752929357,-118309.00788163344,7650.0,796.4,45.0,1.8000000000000682,0.0,0.0,0.1461538461538444,1543.469761370733
550,0.27525,0.27525,13.447769,121.032814,5.9,3406.67299208416,-116982.11698920708,7590.0,790.8,152.0,1.8999999999999773,0.0,0.0,0.1193548387096788,6479.077665049907
551,0.27575,0.27575,13.412211,121.033394,6.2,3523.0400666022297,-121096.11256768722,7635.0,800.1,76.0,1.8999999999999773,0.0,0.0,0.2312499999999993,5606.2085655660285
552,0.27625,0.27625,13.452247,121.033005,5.2,3442.609500327077,-116285.70220170428,7650.0,794.5,16.0,1.8999999999999773,0.0,0.0,0.2967741935483886,620.7536624248283
553,0.27675,0.27675,13.442047,121.03334,6.2,3401.708055943373,-117888.02330786956,7650.0,801.9,129.0,1.8999999999999773,0.0,0.0,0.1156250000000014,6549.766576060693
554,0.27725,0.27725,13.45752,121.03315,5.5,3469.8008496630287,-116309.942729195,7719.0,794.5,129.0,1.8999999999999773,0.0,0.0,0.1749999999999971,6315.735033117781
555,0.27775,0.27775,13.440582,121.03326799999999,5.9,3236.576993392632,-118399.07589662285,7639.0,797.3,129.0,3.699999999999932,0.0,0.0,0.2312499999999993,6442.7327577472315
556,0.27825,0.27825,13.442459,121.033249,5.9,3475.418401115641,-117928.1647318338,7689.0,796.4,122.0,1.7999999999999543,0.0,0.0,0.1749999999999971,6225.350403640667
557,0.27875,0.27875,13.4398675,121.0331725,5.5,3464.3954501630697,-117682.70159221825,7578.0,798.2,22.5,1.8999999999999773,0.0,0.0,0.22774621212121315,589.0025739875507
558,0.27925,0.27925,13.437195,121.034294,5.9,3484.0988296191395,-119113.6154822035,7666.0,798.2,76.0,1.8000000000000682,0.0,0.0,0.1696969696969703,3995.969650968917
559,0.27975,0.27975,13.437286499999999,121.033226,5.9,3457.369000466157,-118092.51106041891,7609.0,801.0,140.5,4.600000000000023,0.0,0.0,0.2387096774193541,6692.77115780485
560,0.28025,0.28025,13.4405255,121.033699,5.9,3542.98293994861,-117923.04975814326,7788.0,800.1,23.0,1.849999999999966,0.0,0.0,0.1437500000000007,593.6121071252481
561,0.28075,0.28075,13.437973,121.033066,5.9,3442.095253502703,-118372.16668720628,7681.0,800.1,91.0,1.8999999999999773,0.0,0.0,0.2818181818181804,6566.65629431204
562,0.28125,0.28125,13.395035,121.034019,6.2,3535.5921646554725,-123001.106682248,7605.0,800.1,137.0,1.8000000000000682,0.0,0.0,0.1193548387096788,6491.418931661783
563,0.28175,0.28175,13.405563,121.035561,5.9,3519.7789633642283,-121688.55995517135,7673.0,801.9,144.0,1.8000000000000682,0.0,0.0,0.1193548387096788,6231.62379581107
564,0.28225,0.28225,13.380615,121.0345,5.9,3539.2710295993734,-125206.43870851964,7696.0,798.2,99.0,1.900000000000091,0.0,0.0,0.2387096774193577,4007.337821303529
565,0.28275,0.28275,13.36615,121.03654499999999,5.9,3618.6395458202287,-126139.81021199992,7776.5,801.9,122.0,2.8000000000000114,0.0,0.0,0.2387096774193541,6578.9678119476175
566,0.28325,0.28325,13.33493,121.037895,5.5,3601.940195790797,-129329.77467373938,7795.0,796.4,106.0,1.8999999999999773,0.0,0.0,0.1750000000000007,4860.364808721788
567,0.28375,0.28375,13.339963,121.038063,5.9,3751.997008128791,-128775.35600369534,7704.0,807.5,84.0,1.8000000000000682,-1.0,-0.0303030303030303,0.1193548387096788,5542.986405348217
568,0.28425,0.28425,13.3065615,121.03886,5.9,3776.0281356938094,-134052.39652387804,7837.0,798.2,15.0,0.0,-1.0,-0.3333333333333333,0.0,532.6008014298584
569,0.28475,0.28475,13.295353500000001,121.038582,5.9,3745.972487608039,-135197.76144782378,7742.0,801.95,23.0,1.8000000000000682,-1.0,-0.2673509286412512,0.1213440860215068,589.8868978665396
570,0.28525,0.28525,13.271996,121.038559,6.2,3700.911791238023,-138437.76369566802,7772.0,807.5,23.0,1.7999999999999543,-1.0,-0.3333333333333333,0.1806451612903233,863.0284952738361
571,0.28575,0.28575,13.2560955,121.0400545,5.9,3869.0735301525865,-140819.00633886928,7761.0,794.5,16.0,1.7999999999999543,-1.0,-0.3333333333333333,0.17464717741935484,558.8207116564527
572,0.28625,0.28625,13.254354,121.03965,5.9,3813.837575164331,-140897.06528519338,7826.0,807.5,16.0,1.7999999999999543,-1.0,-0.3333333333333333,0.1055555555555542,547.7390555388146
573,0.28675,0.28675,13.264175,121.039604,5.9,3799.869044255238,-138871.98048398035,7757.0,807.5,23.0,1.7999999999999543,-1.0,-0.4,0.0562499999999985,579.5229642298835
574,0.28725,0.28725,13.252899,121.039787,5.9,3818.762100812148,-141278.46441039446,7795.0,798.2,16.0,1.8999999999999773,-1.0,-0.5,0.1947368421052655,524.6276575118546
575,0.28775,0.28775,13.251629,121.04065349999999,5.5,3962.5270932954127,-140616.29770760355,7780.0,808.4,16.0,1.7999999999999543,-1.0,-0.5,0.13641025641025475,539.4948093864878
576,0.28825,0.28825,13.250367,121.041489,5.9,4025.557337271709,-141353.5210895518,7788.0,807.5,15.0,0.0,-1.0,-0.5,0.0,544.3804083193432
577,0.28875,0.28875,13.250024,121.041626,5.5,3954.7946857013894,-141178.05525294354,7871.0,801.9,15.0,1.7999999999999543,-1.0,-0.5,0.0562500000000021,558.664042746134
578,0.28925,0.28925,13.2505125,121.042141,5.9,4056.8854366336172,-141245.439471565,7871.0,802.8499999999999,15.0,0.0,-1.0,-0.4688644688644688,0.0,534.1473350456977
579,0.28975,0.28975,13.2452215,121.042633,5.5,4074.5750812095544,-141667.8139838319,7909.5,805.6,15.0,0.0,-1.0,-0.4083333333333333,0.0,551.6383440521845
580,0.29025,0.29025,13.245438,121.042061,5.5,4059.4374241792234,-141816.4262085641,7826.0,805.6,15.0,0.0,-1.0,-0.5,0.0,525.2346739860475
581,0.29075,0.29075,13.242737,121.04274,5.9,4169.877702585525,-142000.0092860295,7887.0,800.1,15.0,0.0,-1.0,-0.5,0.0,510.75982763893
582,0.29125,0.29125,13.2423705,121.0431025,5.9,4154.977017519041,-142213.61503515823,7875.0,807.5,15.0,1.7999999999999543,-1.0,-0.5,0.10305059523809534,537.1789977086761
583,0.29175,0.29175,13.241684,121.044136,5.9,4325.409083266563,-142147.56515749946,7871.0,801.9,15.0,0.0,-1.0,-0.3529411764705882,0.0,505.90862205199454
584,0.29225,0.29225,13.2377885,121.04339949999999,5.9,4230.298693467468,-142675.51939844832,7921.0,808.4,15.0,0.0,-1.0,-0.5,0.0,518.7789590890466
585,0.29275,0.29275,13.241645,121.044617,5.9,4289.23636929816,-142217.17327772573,7871.0,807.5,15.0,1.7999999999999543,-1.0,-0.5,0.0904761904761893,527.2538724130168
586,0.29325,0.29325,13.235964,121.0446435,5.9,4336.281579870547,-143068.03803167265,7905.5,804.7,15.0,0.0,-1.0,-0.3964285714285714,0.0,517.3893020604951
587,0.29375,0.29375,13.236832,121.046371,5.9,4520.735458305227,-142662.17598882024,7894.0,803.8,15.0,0.0,-1.0,-0.3333333333333333,0.0,510.12729803853625
588,0.29425,0.29425,13.238228,121.04481150000001,5.9,4299.1098188983015,-142478.92649659555,8012.5,801.0,15.0,1.7999999999999543,-1.0,-0.5,0.1589015151515168,516.6812668895645
589,0.29475,0.29475,13.23241,121.0479545,5.9,4642.236076977513,-143158.99560730366,7902.0,803.8,15.0,0.0,-1.0,-0.29261363636363635,0.0,537.1162623716053
590,0.29525,0.29525,13.2339345,121.046059,5.9,4393.071104715013,-142670.5712173779,8016.0,801.9,15.0,0.0,-1.0,-0.3333333333333333,0.0,535.3082187791142
591,0.29575,0.29575,13.237827,121.046036,5.5,4479.341139004105,-142383.0763374343,7849.0,807.5,15.0,1.7999999999999543,-1.0,-0.1818181818181818,0.0612903225806444,516.3392347625904
592,0.29625,0.29625,13.2337875,121.0456355,5.9,4508.000171806401,-142749.51972434402,7974.5,803.8,15.0,1.8000000000000682,-1.0,-0.3333333333333333,0.1156250000000014,520.6925977283388
593,0.29675,0.29675,13.229727,121.048882,5.9,4708.171444995149,-142873.44664126413,7906.0,806.55,15.0,0.0,-1.0,-0.1905241935483871,0.0,539.925330569353
594,0.29725,0.29725,13.22442,121.04917950000001,5.5,4795.530519158183,-144191.71991497272,8031.0,806.55,15.0,0.0,0.0,0.0,0.0,509.44867859355304
595,0.29775,0.29775,13.231613,121.048569,5.9,4531.858819439361,-143156.8829007792,7887.0,805.6,15.0,0.0,-1.0,-0.0625,0.0,512.0489259122827
596,0.29825,0.29825,13.225571,121.0481265,5.5,4631.889266340662,-143801.03600057232,8039.0,807.5,15.0,0.0,-1.0,-0.3333333333333333,0.0,499.23163186158365
597,0.29875,0.29875,13.236694499999999,121.045952,5.5,4334.003864765586,-141887.09068205254,7894.0,809.3,15.0,0.0,-1.0,-0.2790322580645161,0.0,541.545951084423
598,0.29925,0.29925,13.228051,121.049004,5.2,4638.526326286771,-143716.63893467502,7948.0,809.3,15.0,0.0,-1.0,-0.2903225806451613,0.0,499.9757718056578
599,0.29975,0.29975,13.229187,121.047798,5.9,4491.035057144774,-143160.55233842708,7955.0,813.0,15.0,0.0,-1.0,-0.3333333333333333,0.0,511.1331482718176
600,0.30025,0.30025,13.23381,121.046883,5.5,4366.644750243295,-142275.5506948484,7940.0,807.5,15.0,0.0,-1.0,-0.3333333333333333,0.0,489.70650291861216
601,0.30075,0.30075,13.232194,121.046654,5.5,4504.424646991541,-142614.4732994003,7925.0,813.0,15.0,0.0,-1.0,-0.3333333333333333,0.0,536.0859205024876
602,0.30125,0.30125,13.239596,121.045288,5.5,4434.269030852228,-140863.92915128346,7986.0,811.2,15.0,1.7999999999999543,-1.0,-0.3333333333333333,0.1156249999999978,541.4366044959274
603,0.30175,0.30175,13.226351999999999,121.0481305,5.5,4599.797750078506,-143500.08651592012,8023.5,814.9,15.0,0.0,-1.0,-0.29166666666666663,0.0,515.2418296650312
604,0.30225,0.30225,13.235708500000001,121.045822,5.2,4534.7492293817395,-141274.4057899657,7967.0,811.2,15.0,0.0,-1.0,-0.3397435897435897,0.0,526.5620069969609
605,0.30275,0.30275,13.2271725,121.048302,5.9,4687.209774838933,-142428.83311295032,7985.5,813.0,15.0,0.0,-1.0,-0.3333333333333333,0.0,515.4107253412515
606,0.30325,0.30325,13.237541,121.0456005,5.2,4622.117495067845,-140779.47648784646,8115.0,813.95,15.0,0.0,-1.0,-0.3846153846153846,0.0,532.5108302706863
607,0.30375,0.30375,13.23587,121.045517,5.2,4455.738967639745,-141078.64685121443,8054.0,813.0,15.0,0.0,-1.0,-0.3333333333333333,0.0,506.3427729078671
608,0.30425,0.30425,13.237781,121.044998,5.2,4562.744355869976,-140670.22732151696,7986.0,811.2,15.0,0.0,-1.0,-0.5,0.0,493.46190177741846
609,0.30475,0.30475,13.236826,121.0459555,5.35,4604.677253165537,-140326.35653589468,8058.0,813.0,15.0,0.0,-1.0,-0.3333333333333333,0.0,527.1886045991871
610,0.30525,0.30525,13.23555,121.044182,5.2,4599.891677768985,-140684.90507210765,7993.0,813.0,15.0,0.0,-1.0,-0.5,0.0,527.8991332754813
611,0.30575,0.30575,13.235546,121.0444755,5.050000000000001,4600.34910095092,-140604.51102909894,8069.5,814.9,15.0,1.7999999999999543,-1.0,-0.4083333333333333,0.08333333333333155,523.9642723189961
612,0.30625,0.30625,13.237594000000001,121.0442315,5.2,4579.807188677944,-140636.2572245055,8096.5,807.5,15.0,0.0,-1.0,-0.3923076923076923,0.0,500.8118769683809
613,0.30675,0.30675,13.238316000000001,121.04538299999999,4.9,4699.140701956745,-140537.34920063778,8096.0,813.0,15.0,0.0,-1.0,-0.4285714285714285,0.0,498.8764704744408
614,0.30725,0.30725,13.239596,121.044571,5.2,4582.423416499846,-140108.24738601668,8016.0,809.3,15.0,0.0,-1.0,-0.4,0.0,531.2704406413334
615,0.30775,0.30775,13.22834,121.0467185,5.2,4821.925444619574,-141281.13309232,8085.0,808.4,15.0,0.0,-1.0,-0.43650793650793646,0.0,526.6511267317311
616,0.30825,0.30825,13.238711,121.043602,5.2,4623.042216542088,-140329.1920104406,8062.0,809.3,15.0,0.0,-1.0,-0.4444444444444444,0.0,506.9625364268509
617,0.30875,0.30875,13.233078,121.046974,5.2,4902.243342163193,-140945.4351450949,8070.0,816.7,15.0,0.0,-1.0,-0.4375,0.0,525.3363039833588
618,0.30925,0.30925,13.233684,121.045563,5.5,4825.56951101574,-141007.259609705,8070.0,811.2,15.0,0.0,-1.0,-0.5,0.0,508.1434947502411
619,0.30975,0.30975,13.2341865,121.04622649999999,5.5,4864.319166506752,-140956.83264081873,8085.0,811.2,15.0,0.0,-1.0,-0.3333333333333333,0.0,518.3964133475165
620,0.31025,0.31025,13.22854,121.047386,5.2,4970.213600034399,-141563.12381579215,8081.0,811.2,15.0,0.0,-1.0,-0.3333333333333333,0.0,523.1813119868191
621,0.31075,0.31075,13.231124,121.045799,5.2,4892.097723954459,-141366.6421090196,8085.0,816.7,15.0,0.0,-1.0,-0.3333333333333333,0.0,507.6320479782544
622,0.31125,0.31125,13.226421,121.048409,5.2,5076.114214234278,-142002.78916303554,8062.0,807.5,15.0,0.0,-1.0,-0.5,0.0,500.57959779450846
623,0.31175,0.31175,13.227722,121.047409,5.2,5048.951427745057,-141695.66835143048,8100.0,811.2,15.0,0.0,-1.0,-0.3333333333333333,0.0,496.13215844890107
624,0.31225,0.31225,13.2253685,121.0495375,5.2,5037.731559560824,-141938.29601650016,8131.0,818.6,15.0,0.0,-1.0,-0.3333333333333333,0.0,494.1636171355633
625,0.31275,0.31275,13.222961,121.047752,5.5,5029.1958201346315,-141966.8731521201,8100.0,811.2,15.0,0.0,-1.0,-0.3333333333333333,0.0,505.2853559875821
626,0.31325,0.31325,13.223282,121.049339,5.2,5116.513432401706,-142063.6128719231,8138.0,811.2,15.0,0.0,-1.0,-0.3225806451612903,0.0,545.3199758736606
627,0.31375,0.31375,13.224374,121.049339,5.2,5177.451917949728,-142125.99331193426,8123.0,813.0,15.0,0.0,-1.0,-0.3571428571428571,0.0,512.8988502645915
628,0.31425,0.31425,13.219716,121.05023600000001,5.2,5182.89971055911,-142650.88968817663,8085.0,816.7,15.0,0.0,-1.0,-0.36700336700336694,0.0,496.7990712816043
629,0.31475,0.31475,13.2195965,121.049988,5.2,5234.285933560048,-142460.63490589685,8142.0,813.0,15.0,0.0,-1.0,-0.3333333333333333,0.0,505.06334183950935
630,0.31525,0.31525,13.220123,121.050011,4.9,5180.793330228355,-142513.39697146782,8138.0,820.4,15.0,0.0,-1.0,-0.4545454545454545,0.0,503.4651171485579
631,0.31575,0.31575,13.217399499999999,121.049702,5.2,5295.322080367639,-142485.82059157005,8157.0,811.2,15.0,0.0,-1.0,-0.3728991596638655,0.0,491.57327266990853
632,0.31625,0.31625,13.213527,121.051098,5.2,5295.292395827975,-143075.65489466878,8180.0,815.8,15.0,0.0,-1.0,-0.3333333333333333,0.0,512.7920588007329
633,0.31675,0.31675,13.215134,121.050865,5.2,5416.44472544901,-142858.99128083355,8199.0,813.0,15.0,0.0,-1.0,-0.3333333333333333,0.0,504.3314525761114
634,0.31725,0.31725,13.212456,121.052002,5.2,5215.459864488362,-143173.89574805516,8146.0,822.3,15.0,0.0,-1.0,-0.3333333333333333,0.0,495.3787746164353
635,0.31775,0.31775,13.217542,121.050835,5.2,5219.4871319227495,-143011.21734567324,8180.0,814.9,15.0,0.0,-1.0,-0.3333333333333333,0.0,516.9620438609082
636,0.31825,0.31825,13.2152605,121.050495,5.2,5136.685640008791,-143078.32357659453,8195.5,816.7,15.0,0.0,-1.0,-0.3333333333333333,0.0,503.91270680949435
637,0.31875,0.31875,13.214272,121.052811,5.2,5383.470393710253,-143435.42657676424,8176.0,814.9,15.0,0.0,-1.0,-0.3333333333333333,0.0,519.3372598726435
638,0.31925,0.31925,13.2196195,121.051411,5.2,5099.588601461461,-143120.1885243022,8210.5,816.7,15.0,0.0,-1.0,-0.2848484848484848,0.0,518.5280249019092
639,0.31975,0.31975,13.214224999999999,121.0518685,5.050000000000001,5033.181710132091,-143048.35650247158,8210.5,819.5,15.0,0.0,-1.0,-0.3333333333333333,0.0,538.8765639915766
640,0.32025,0.32025,13.214272,121.050629,4.9,4872.655990250826,-142975.52372491843,8199.0,816.7,8.0,0.0,-1.0,-0.2727272727272727,0.0,486.5244593584744
641,0.32075,0.32075,13.21843,121.050964,5.2,4832.190046522555,-143031.89963059692,8214.0,824.1,15.0,0.0,-1.0,-0.3333333333333333,0.0,505.6768377041214
642,0.32125,0.32125,13.2178455,121.05185349999999,4.9,4958.76238648857,-143066.0365202286,8161.0,818.6,15.0,0.0,-1.0,-0.25,0.0,540.835804541711
643,0.32175,0.32175,13.2175685,121.0501595,5.050000000000001,5014.948295545484,-143152.76868281089,8218.0,818.6,15.0,0.0,-1.0,-0.3333333333333333,0.0,514.1704006843338
644,0.32225,0.32225,13.2167815,121.0501595,5.2,4422.583610703978,-143345.58095193584,8172.5,822.3,15.0,0.0,-1.0,-0.3333333333333333,0.0,531.1280984148727
645,0.32275,0.32275,13.2159105,121.0494005,5.2,4733.393151208702,-143445.48973152557,8210.5,825.05,15.0,0.0,-1.0,-0.34848484848484845,0.0,543.1636394203822
646,0.32325,0.32325,13.2183685,121.050911,4.9,4555.600541784506,-143003.60048267734,8218.0,818.6,8.0,0.0,-1.0,-0.3333333333333333,0.0,527.9802475485076
647,0.32375,0.32375,13.216553,121.050346,5.2,4916.273974663834,-143100.95177542217,8222.0,816.7,15.0,0.0,-1.0,-0.3333333333333333,0.0,523.255310566009
648,0.32425,0.32425,13.2127035,121.0528065,5.2,4806.591893794213,-143582.64886299352,8237.0,818.6,15.0,0.0,-1.0,-0.3333333333333333,0.0,508.6687215722568
649,0.32475,0.32475,13.2139,121.050636,4.9,4550.048031562863,-143602.88636759622,8222.0,813.0,15.0,0.0,-1.0,-0.3333333333333333,0.0,528.689551327255
650,0.32525,0.32525,13.211050499999999,121.0524785,5.2,4903.558501861144,-143490.57933656021,8230.0,820.45,15.0,0.0,-1.0,-0.2121212121212121,0.0,541.7698174444524
651,0.32575,0.32575,13.209491,121.0534095,4.75,4741.565984431349,-144040.4946058552,8165.0,820.4,8.0,0.0,-1.0,-0.3279569892473118,0.0,522.861104566115
652,0.32625,0.32625,13.210376,121.054161,4.9,5020.853508706866,-143882.65318946372,8237.0,822.3,15.0,0.0,-1.0,-0.3333333333333333,0.0,528.2185673627718
653,0.32675,0.32675,13.21162,121.052567,4.9,4749.831289160958,-143922.5722232673,8230.0,822.3,15.0,0.0,-1.0,-0.1935483870967742,0.0,517.5870148200903
654,0.32725,0.32725,13.2048215,121.0550305,4.9,5067.813219458014,-144468.26207951352,8222.0,820.4,15.0,0.0,0.0,0.0,0.0,568.3626793095201
655,0.32775,0.32775,13.208778,121.053139,5.2,4866.317849543264,-143758.3370897625,8245.0,826.0,15.0,0.0,-1.0,-0.3,0.0,542.5805202444127
656,0.32825,0.32825,13.200492,121.058067,4.9,5340.575925908687,-144841.48836631764,8176.0,816.7,15.0,0.0,0.0,0.0,0.0,533.2733728137002
657,0.32875,0.32875,13.204589,121.055176,4.9,5007.309122646322,-144184.04745443657,8218.0,825.05,15.0,0.0,0.0,0.0,0.0,512.534777645257
658,0.32925,0.32925,13.2023765,121.056183,5.2,5010.066689928355,-144411.33019843404,8222.0,830.6,15.0,0.0,-0.5,-0.015625,0.0,550.750424320395
659,0.32975,0.32975,13.207618,121.0532875,4.9,5242.085524220929,-144419.05825651024,8241.0,815.8,15.0,0.0,-0.5,-0.015625,0.0,550.9184945935694
660,0.33025,0.33025,13.197077,121.0582315,4.75,5013.632970776408,-145433.26858332037,8230.0,819.5,15.0,1.7999999999999543,0.0,0.0,0.0606451612903214,562.5248946487997
661,0.33075,0.33075,13.206345,121.054184,4.9,4701.660714884908,-144505.5680289321,8230.0,822.3,15.0,0.0,0.0,0.0,0.0,503.5075561630407
662,0.33125,0.33125,13.203231500000001,121.05741499999999,4.6,5274.774982959879,-145095.7915148117,8298.0,824.1,15.0,0.0,-0.5,-0.015625,0.0,606.4722798325901
663,0.33175,0.33175,13.201309,121.056168,4.6,4796.7181135818255,-145173.6280709748,8169.0,824.1,15.0,1.7999999999999543,0.0,0.0,0.1666666666666666,536.8201440941982
664,0.33225,0.33225,13.2007195,121.057213,4.05,5406.890118448487,-144908.92818247882,8237.0,818.6,15.0,1.7999999999999543,-1.0,-0.0473790322580645,0.0578201368523956,576.789955058233
665,0.33275,0.33275,13.1976265,121.057541,4.9,5587.909927744966,-145433.65776610124,8237.0,827.85,15.0,0.0,0.0,0.0,0.0,570.3402259513728
666,0.33325,0.33325,13.2025375,121.0579105,4.6,5127.176760424921,-144849.939192415,8324.5,814.9,15.0,0.8999999999999772,0.0,0.0,0.0290322580645172,589.7281415430836
667,0.33375,0.33375,13.19902,121.057877,4.6,4546.677922725002,-145615.40612474285,8329.0,826.0,15.0,1.7999999999999543,0.0,0.0,0.0612903225806444,606.3159793760498
668,0.33425,0.33425,13.201767,121.0555805,4.6,4997.020103843221,-145020.40125041312,8233.5,824.1,15.0,0.0,0.0,0.0,0.0,557.1249585825669
669,0.33475,0.33475,13.189087,121.060951,4.9,6109.273135591159,-146808.86292088902,8268.0,822.3,16.0,1.7999999999999543,0.0,0.0,0.0593749999999992,627.8812927905365
670,0.33525,0.33525,13.197886,121.057022,4.6,4858.985908330972,-145523.67018355016,8329.0,822.3,15.0,1.7999999999999543,-1.0,-0.1875,0.1193548387096752,615.4079520988512
671,0.33575,0.33575,13.190094,121.060661,4.9,6124.206332490687,-146378.76035054587,8329.0,827.8,16.0,1.7999999999999543,0.0,0.0,0.0545454545454531,610.9931139793891
672,0.33625,0.33625,13.193724499999998,121.05875800000001,4.75,5296.524320381863,-146306.76153609485,8260.0,833.4,15.5,1.7999999999999543,0.0,0.0,0.117253176930598,610.2956586378821
673,0.33675,0.33675,13.187668,121.063751,4.6,6654.739699915272,-146198.6243205679,8275.0,827.8,23.0,0.0,0.0,0.0,0.0,5788.331865579877
674,0.33725,0.33725,13.19458,121.06033350000001,4.9,5557.684196903492,-145923.52769206994,8309.5,829.65,15.5,1.7999999999999543,0.0,0.0,0.11562499999999959,931.7382368365759
675,0.33775,0.33775,13.1783985,121.06553650000001,4.6,6666.272970378966,-147813.89965357998,8298.5,821.3499999999999,16.0,1.8000000000000682,0.0,0.0,0.2024437927663734,1415.900416798596
676,0.33825,0.33825,13.194209,121.0611875,4.4,5710.0899573222305,-145944.09878191305,8248.5,820.4,19.0,1.8500000000000227,0.0,0.0,0.1121212121212135,1225.3984301538362
677,0.33875,0.33875,13.197876,121.057167,4.2,5786.355224925791,-145815.00129376224,8420.0,835.3,15.0,1.8000000000000682,0.0,0.0,0.171875,921.6216840059582
678,0.33925,0.33925,13.18932,121.069954,4.6,7482.93238601624,-146748.4283947823,8230.0,823.2,15.0,1.7999999999999543,0.0,0.0,0.0562500000000003,6495.957326910172
679,0.33975,0.33975,13.167838,121.085087,5.050000000000001,7494.878203836477,-148438.9271995729,8306.0,832.45,19.5,1.7999999999999543,0.0,0.0,0.1174899193548383,4049.290454527698
680,0.34025,0.34025,13.194441,121.059021,4.6,4783.089794570608,-146157.2597507207,8390.0,829.7,15.0,1.7999999999999543,0.0,0.0,0.0612903225806444,3523.1782935231045
681,0.34075,0.34075,13.1898065,121.060932,4.6,6346.601208460194,-146507.0794731354,8317.0,813.95,15.0,0.0,0.0,0.0,0.0,1048.216286452175
682,0.34125,0.34125,13.16835,121.0712125,4.9,7247.03452797603,-148089.99703779997,8534.5,830.6,122.5,0.0,0.0,0.0,0.0,6776.103577951133
683,0.34175,0.34175,13.139322,121.087852,4.6,8776.768534064619,-151116.67152421654,8489.0,826.0,114.0,0.0,0.0,0.0,0.0,7071.2784171272815
684,0.34225,0.34225,13.1517105,121.089214,4.6,9117.952112108826,-150231.3362953973,8290.5,826.9000000000001,23.0,1.8000000000000682,0.0,0.0,0.1174899193548383,6752.370213205335
685,0.34275,0.34275,13.186295,121.06073,4.2,6603.651558949968,-146753.37657585272,8230.0,835.3,16.0,1.7999999999999543,0.0,0.0,0.1156250000000014,648.100139079448
686,0.34325,0.34325,13.1309535,121.0963935,4.9,9573.811310452274,-151693.05122260697,8325.0,832.45,95.5,0.0,0.0,0.0,0.0,6937.877979875375
687,0.34375,0.34375,13.130384,121.08577,4.2,7732.58696173587,-152451.56846242023,8298.0,822.3,15.0,0.0,0.0,0.0,0.0,6820.979500614208
688,0.34425,0.34425,13.187073,121.078804,4.6,7113.776382449418,-146759.49230526589,8573.0,829.7,16.0,1.7999999999999543,0.0,0.0,0.0545454545454531,6649.566312896184
689,0.34475,0.34475,13.128756,121.0924,4.2,9467.07831244952,-152461.35362948038,8458.0,826.0,84.0,1.8999999999999773,0.0,0.0,0.1193548387096788,6695.848660011908
690,0.34525,0.34525,13.131223,121.100594,4.9,9640.346158109638,-152875.77769351087,8481.0,826.0,122.0,1.7999999999999543,0.0,0.0,0.0612903225806444,6928.158562061
691,0.34575,0.34575,13.17298,121.086395,4.6,7406.73217758525,-148319.00330554086,8230.0,829.7,16.0,1.7999999999999543,0.0,0.0,0.0593750000000028,6750.521010356639
692,0.34625,0.34625,13.116372,121.094292,4.2,9570.347812218182,-154687.03435543514,8329.0,824.1,99.0,1.8000000000000682,0.0,0.0,0.1193548387096788,6998.063213181909
693,0.34675,0.34675,13.144435999999999,121.0875015,4.6,7656.4066611235185,-150496.98134207522,8557.5,836.2,68.0,0.0,0.0,0.0,0.0,7032.965082322541
694,0.34725,0.34725,13.13974,121.106796,4.2,11485.03823904495,-152188.7032927482,8344.0,824.1,15.0,1.8000000000000682,0.0,0.0,0.0612903225806444,6682.720849261988
695,0.34775,0.34775,13.126637,121.085983,4.6,7362.6640324877535,-153458.9958893361,8607.0,829.7,79.5,1.8000000000000114,0.0,0.0,0.058719758064518596,6889.752292187562
696,0.34825,0.34825,13.124771,121.109398,4.9,9961.658388889016,-153513.81506389138,8580.0,824.1,122.0,1.8999999999999773,0.0,0.0,0.1156250000000014,6902.367072196591
697,0.34875,0.34875,13.128917999999999,121.0880775,4.4,7577.71827534801,-153518.70764742154,8569.0,830.6,41.5,1.8999999999999773,0.0,0.0,0.1174899193548401,6978.160415202703
698,0.34925,0.34925,13.125589,121.086205,4.9,8980.219623649306,-153104.39477847118,8504.0,831.5,16.0,1.7999999999999543,0.0,0.0,0.1233333333333348,6709.745154212439
699,0.34975,0.34975,13.13096,121.089275,4.4,9402.616691266407,-153022.22161417856,8450.5,827.8,99.5,0.8999999999999772,0.0,0.0,0.0578124999999989,6980.959217576787
700,0.35025,0.35025,13.083755,121.111885,4.9,10992.928454632482,-157248.96900401587,8458.0,839.0,99.0,1.900000000000091,0.0,0.0,0.1156249999999978,7046.21074522486
701,0.35075,0.35075,13.127871,121.107544,4.9,10573.293914365591,-152796.05082098366,8291.0,833.4,92.0,1.8999999999999773,0.0,0.0,0.171875,7085.143907599134
702,0.35125,0.35125,13.0626985,121.1157455,4.75,12441.862626677002,-159940.00114074745,8576.5,835.3,129.0,0.0,0.0,0.0,0.0,7009.460887653537
703,0.35175,0.35175,13.068008,121.135063,4.6,13788.545076054565,-159112.48735364946,8451.0,833.4,114.0,1.8999999999999773,0.0,0.0,0.0593749999999992,7184.097526472229
704,0.35225,0.35225,13.071990499999998,121.1300655,5.2,13831.85510829603,-159175.47936660185,8393.5,832.45,137.0,3.6999999999999886,0.0,0.0,0.1750000000000007,7086.284426396884
705,0.35275,0.35275,13.080963,121.11319,4.9,10922.14256522049,-158757.88624278436,8359.0,833.4,107.0,0.0,0.0,0.0,0.0,6924.355392661632
706,0.35325,0.35325,13.080505,121.113235,4.9,11599.783198092016,-158392.72159929792,8626.0,833.4,31.0,1.7999999999999543,0.0,0.0,0.0575757575757568,7098.021045642653
707,0.35375,0.35375,13.053353999999999,121.1412465,3.9,15005.749216595334,-160995.13125708333,8385.5,814.8499999999999,91.5,0.0,0.0,0.0,0.0,7180.63691712447
708,0.35425,0.35425,13.064979,121.124222,4.6,12608.732551461972,-159616.86823758914,8550.0,822.3,137.0,0.0,0.0,0.0,0.0,7309.017893197485
709,0.35475,0.35475,13.0939525,121.127178,4.2,13211.327687899833,-156796.96100286636,8469.5,828.75,110.0,1.7999999999999543,0.0,0.0,0.1768049155145913,6697.958610673972
710,0.35525,0.35525,13.075842000000002,121.1157685,5.2,11862.420481801208,-159107.81716027955,8637.0,837.15,141.0,3.7000000000000455,0.0,0.0,0.119354838709677,7139.3376302414745
711,0.35575,0.35575,13.0172195,121.1350175,4.6,14139.376129173585,-164715.10706875622,8588.0,819.5,118.5,1.8500000000000227,0.0,0.0,0.060332661290321804,7054.205057753891
712,0.35625,0.35625,13.055489,121.127083,4.05,13281.429224372867,-160596.66368706647,8599.0,835.25,137.5,1.8000000000000682,0.0,0.0,0.060332661290321804,7184.156973590252
713,0.35675,0.35675,13.061301,121.129005,4.9,13642.987339441202,-160888.05039481854,8557.0,840.8,137.0,1.8000000000000682,0.0,0.0,0.0562500000000021,7152.5192749809985
714,0.35725,0.35725,13.059556,121.137688,4.2,14799.113054804791,-160734.7123791764,8530.5,838.05,76.5,1.8999999999999773,0.0,0.0,0.08670576735092894,7093.8003580668665
715,0.35775,0.35775,13.033043500000002,121.130329,3.6,14026.502821618142,-163190.06654335326,8736.5,827.8,122.0,3.7000000000000455,0.0,0.0,0.17078598484848515,7211.090314045387
716,0.35825,0.35825,13.069473,121.13459,4.2,13115.41313316669,-159728.73048830376,8664.0,826.0,114.0,1.8999999999999773,0.0,0.0,0.1156250000000014,7133.751707126741
717,0.35875,0.35875,13.020195,121.140038,4.6,15086.464758419366,-164466.5304668943,8832.0,829.7,145.0,3.699999999999932,0.0,0.0,0.1156249999999978,7287.97892677545
718,0.35925,0.35925,13.042089,121.1374285,4.2,14632.621662759551,-162189.19962617115,8610.5,833.4,133.0,1.8999999999999773,0.0,0.0,0.15037634408602224,7065.357310639596
719,0.35975,0.35975,13.044115999999999,121.1334035,3.9,14401.936750177701,-161972.98079265718,8489.0,814.9,122.0,1.8999999999999773,0.0,0.0,0.059433040078200605,7136.904506500323
720,0.36025,0.36025,13.0331895,121.1388665,4.2,14613.93871469309,-163406.06298670685,8305.5,841.75,122.0,5.5,0.0,0.0,0.18064516129032143,7262.4276611884125
721,0.36075,0.36075,13.048462,121.124657,4.2,12960.284571747605,-162538.5189707247,8832.0,831.5,129.0,3.699999999999932,0.0,0.0,0.1156250000000014,7368.538283076388
722,0.36125,0.36125,13.05629,121.135773,3.6,14556.172949006095,-161559.55748434886,8755.0,826.0,130.0,1.8999999999999773,0.0,0.0,0.1156250000000014,7129.76938075992
723,0.36175,0.36175,13.011257,121.136696,3.9,14636.160607000942,-165634.85717490787,8710.0,827.8,138.0,5.5,0.0,0.0,0.1866666666666674,7283.906988272619
724,0.36225,0.36225,13.014795,121.137131,4.2,14341.715550448607,-164966.57474270434,8778.0,827.8,137.0,3.7000000000000455,0.0,0.0,0.1156250000000014,7260.060847397407
725,0.36275,0.36275,13.054527499999999,121.13537600000001,5.050000000000001,13608.733592817345,-161378.6986863492,8755.5,828.75,152.0,3.699999999999932,0.0,0.0,0.11212121212121175,7302.0492130818775
726,0.36325,0.36325,13.019749000000001,121.1364365,5.050000000000001,13817.363176008424,-165078.60378603952,8835.5,827.8,144.5,1.8999999999999773,0.0,0.0,0.0903225806451598,7296.937303745901
727,0.36375,0.36375,13.022616,121.140221,4.2,14897.545815275393,-164047.32501441377,8679.0,840.8,129.0,1.8999999999999773,0.0,0.0,0.0593749999999992,7371.03961810979
728,0.36425,0.36425,13.045847,121.14659499999999,5.050000000000001,15776.65003120673,-162837.07776115197,8660.0,832.45,133.0,0.9000000000000341,0.0,0.0,0.0290322580645172,7246.375848507908
729,0.36475,0.36475,13.009163,121.141174,4.6,15075.660265582734,-166086.19800557545,8748.0,824.1,144.0,1.900000000000091,0.0,0.0,0.1696969696969703,7096.061511472478
730,0.36525,0.36525,13.006532,121.142521,3.9,15363.515867520568,-165952.0411412738,8561.5,832.5,98.5,1.8999999999999773,0.0,0.0,0.09567741935483665,7172.815370822265
731,0.36575,0.36575,12.9972385,121.16646549999999,4.2,16999.511312547103,-167711.42529826914,8717.5,831.55,133.5,1.8999999999999773,0.0,0.0,0.1121212121212135,7249.204866312013
732,0.36625,0.36625,12.99559,121.167267,2.9,16895.826402025687,-168049.90312250002,8839.0,818.6,114.0,1.8999999999999773,0.0,0.0,0.1156249999999978,7153.792236359832
733,0.36675,0.36675,13.001767000000001,121.1641465,3.9,17036.484957484827,-166997.10810284887,8725.0,836.2,133.5,1.849999999999966,0.0,0.0,0.0606451612903214,7252.940196726233
734,0.36725,0.36725,13.0403825,121.1465075,2.75,16085.956468054363,-163327.17007728104,8797.0,804.7,61.0,0.8999999999999772,0.0,0.0,0.02812500000000105,7019.479809467351
735,0.36775,0.36775,13.002195,121.1579515,4.550000000000001,16168.873655880994,-166526.0857429794,8793.5,839.9,160.0,0.0,0.0,0.0,0.0,7297.964268384167
736,0.36825,0.36825,13.007338,121.16696200000001,4.2,17455.958062594873,-165758.33931150706,8649.0,824.1,152.0,0.0,0.0,0.0,0.0,7313.97749501728
737,0.36875,0.36875,12.986259,121.171318,3.3,18058.919721676117,-169161.40914451427,8744.0,815.8,99.0,1.8999999999999773,0.0,0.0,0.087727272727273,7134.673785188396
738,0.36925,0.36925,12.993986,121.153809,3.6,15949.744198536517,-168065.9152140533,8832.0,824.1,137.0,0.0,0.0,0.0,0.0,7276.749202138295
739,0.36975,0.36975,12.999586,121.14501200000001,4.4,14822.169766670058,-166622.6586701624,8839.0,829.7,121.5,2.8000000000000114,0.0,0.0,0.11538825757575749,7186.339207854132
740,0.37025,0.37025,12.952927500000001,121.168598,3.9,17980.792812959928,-172022.84774170385,8835.5,825.95,137.0,1.8000000000000682,0.0,0.0,0.0560606060606067,7143.225827806894
741,0.37075,0.37075,13.000969,121.147057,3.3,14949.482727171577,-167800.1589722956,8839.0,842.7,99.0,1.8999999999999773,0.0,0.0,0.11212121212121,7324.724875176255
742,0.37125,0.37125,13.014496,121.140038,3.9,14881.334132794078,-165431.48137316082,8771.0,837.1,114.0,3.699999999999932,0.0,0.0,0.1156250000000014,7227.374584627692
743,0.37175,0.37175,12.962087,121.1641655,4.4,17154.0478493841,-171008.69301243383,8805.0,825.05,141.0,1.8500000000000227,0.0,0.0,0.0603326612903236,7316.49108650294
744,0.37225,0.37225,12.966804,121.16494,4.05,17761.015094188544,-171259.43791836075,8835.5,830.6,140.5,3.6999999999999886,0.0,0.0,0.1156250000000014,7423.969040770915
745,0.37275,0.37275,12.971548,121.16525250000001,3.9,17244.573976481886,-170409.57392013556,8717.5,850.1,103.0,0.0,0.0,0.0,0.0,7434.153865406238
746,0.37325,0.37325,12.970413,121.170105,3.3,18020.88597771449,-169863.60607618882,8839.0,837.1,69.0,3.7000000000000455,0.0,0.0,0.1696969696969703,7308.290604447568
747,0.37375,0.37375,12.969177,121.17173,3.6,18593.972812217628,-171359.8470758115,8687.0,829.7,122.0,3.7000000000000455,0.0,0.0,0.171875,7310.890015925333
748,0.37425,0.37425,13.000782999999998,121.1417735,3.9,14297.351629544295,-167649.48963857908,8614.5,831.55,130.0,3.7000000000000455,0.0,0.0,0.1193548387096788,7370.57803551064
749,0.37475,0.37475,12.9554045,121.161869,3.45,17389.88442814118,-171534.03416899723,8774.5,838.05,76.0,2.8000000000000114,0.0,0.0,0.1156250000000014,7344.012583078558
750,0.37525,0.37525,12.9756775,121.1642115,4.2,17685.504504816032,-169967.96265898817,8824.0,830.6,122.0,3.7000000000000455,0.0,0.0,0.1174899193548401,7335.028479289309
751,0.37575,0.37575,12.961373,121.1618115,4.6,16837.308956948007,-171571.06213071506,8843.0,840.8,130.0,3.699999999999932,0.0,0.0,0.11573802541544259,7376.176901362825
752,0.37625,0.37625,12.944916,121.168312,3.9,17724.174672162822,-172888.5570388622,8832.0,827.8,130.0,1.900000000000091,0.0,0.0,0.1193548387096788,7274.709227503697
753,0.37675,0.37675,12.9477445,121.1754075,4.6,18257.59028264429,-172392.79377364094,8839.0,843.6,125.5,1.900000000000034,0.0,0.0,0.119354838709677,7353.308126710161
754,0.37725,0.37725,12.9684995,121.163635,4.4,17388.222106532266,-171517.3549069622,8839.0,840.8,133.5,1.8500000000000227,0.0,0.0,0.05781250000000065,7425.821906142448
755,0.37775,0.37775,12.961284,121.16753800000001,3.6,17930.982369330588,-171340.49913185084,8828.0,827.85,118.0,1.900000000000034,0.0,0.0,0.06231182795699035,7245.8236542617215
756,0.37825,0.37825,12.9542275,121.1819955,3.45,19236.373478567737,-172657.4936621368,8839.0,830.6,118.0,1.8500000000000796,0.0,0.0,0.086705767350929,7267.609740648878
757,0.37875,0.37875,12.9473675,121.175072,3.25,18375.80941560873,-172517.999433984,8839.0,821.3499999999999,19.0,0.0,0.0,0.0,0.0,7157.075533486914
758,0.37925,0.37925,12.959518,121.183823,3.3,19416.61621897973,-171204.50754872535,8839.0,809.3,107.0,1.8000000000000682,0.0,0.0,0.061290322580648,6921.882356333037
759,0.37975,0.37975,12.943634,121.202736,4.2,21172.10512446414,-173776.2273643661,8839.0,822.3,122.0,1.7999999999999543,0.0,0.0,0.0562499999999985,6914.03789069658
760,0.38025,0.38025,12.924111499999999,121.191868,3.4,20089.377649764385,-175474.78781247383,8744.0,837.0999999999999,125.5,2.8000000000000114,0.0,0.0,0.08947916666666515,7473.30563304588
761,0.38075,0.38075,12.923721,121.190285,4.6,20111.975358329208,-175153.6008232193,8740.0,842.7,137.0,3.699999999999932,0.0,0.0,0.1156249999999978,7372.632133728405
762,0.38125,0.38125,12.936577,121.199257,3.9,20540.066907640175,-174053.10311414793,8839.0,844.5,122.0,3.6999999999999886,0.0,0.0,0.11387310606060565,7410.7573904328365
763,0.38175,0.38175,12.953676000000002,121.179577,3.45,19119.567428678834,-171931.11180051122,8644.5,845.45,76.0,0.0,0.0,0.0,0.0,7382.665020740351
764,0.38225,0.38225,12.931141,121.208038,3.6,21896.664910791747,-174231.3488277624,8839.0,826.0,114.0,1.8999999999999773,0.0,0.0,0.0612903225806444,7252.845572346174
765,0.38275,0.38275,12.919317,121.1833,2.3,19616.052436948426,-175897.60710506182,8839.0,825.05,38.0,0.0,0.0,0.0,0.0,7141.954251773994
766,0.38325,0.38325,12.9343535,121.1940725,3.4,18968.2279119994,-173869.07525636145,8835.5,825.95,140.5,0.0,0.0,0.0,0.0,7312.152115339156
767,0.38375,0.38375,12.907649,121.1943245,3.75,20468.26096968661,-178980.37950945616,8747.5,835.25,106.5,1.8999999999999773,0.0,0.0,0.060332661290321804,7241.496750400591
768,0.38425,0.38425,12.950789,121.1710205,4.05,17575.704784227564,-172242.79161040578,8831.5,851.9,126.0,3.7000000000000455,0.0,0.0,0.11387310606060744,7348.616531046131
769,0.38475,0.38475,12.913214,121.178875,0.3,19298.506331578385,-176217.9601312144,8839.0,838.95,11.0,2.749999999999943,0.0,0.0,0.08418560606060425,6974.349832853827
770,0.38525,0.38525,12.913559,121.190956,3.9,20373.293327657855,-176388.08860397173,8809.0,844.5,129.0,3.699999999999932,0.0,0.0,0.1156249999999978,7399.755635955656
771,0.38575,0.38575,12.908166999999999,121.185585,4.05,19688.239051578377,-176784.72145516498,8839.0,844.5,110.5,1.8999999999999773,0.0,0.0,0.0596875000000007,7370.3842234777585
772,0.38625,0.38625,12.910544000000002,121.196365,2.6,20981.483699942866,-177422.70322800468,8839.0,833.4,99.0,3.7000000000000455,0.0,0.0,0.1430107526881727,7293.856901894599
773,0.38675,0.38675,12.907358,121.1861765,3.6,18586.79473519858,-177964.5568539828,8832.0,848.2,137.0,1.8999999999999773,0.0,0.0,0.06166666666666735,7388.156771282417
774,0.38725,0.38725,12.925462,121.192841,3.6,20751.409322818472,-174670.791784845,8839.0,851.9,106.0,0.0,0.0,0.0,0.0,7402.204060273001
775,0.38775,0.38775,12.911227,121.1841505,3.3,19695.767671204518,-177381.00507291715,8740.5,821.3499999999999,95.5,0.0,0.0,0.0,0.0,7246.372326177705
776,0.38825,0.38825,12.9163285,121.19664750000001,0.3,21264.03168556568,-177629.41488215886,8835.5,826.9,7.5,0.0,0.0,0.0,0.0,7147.170399552275
777,0.38875,0.38875,12.899392,121.184837,3.9,19911.39560168448,-177829.28803887867,8847.0,846.4,122.0,0.0,0.0,0.0,0.0,7336.20469412922
778,0.38925,0.38925,12.919242,121.1871605,3.75,19456.060331644076,-176484.04995821332,8839.0,839.9,118.5,1.8999999999999773,0.0,0.0,0.0593749999999992,7321.574853898906
779,0.38975,0.38975,12.8804845,121.198387,3.9,20864.00543150605,-180045.35039039294,8858.0,838.05,130.0,1.900000000000034,0.0,0.0,0.1121212121212135,7342.539021820349
780,0.39025,0.39025,12.891152,121.198425,2.3,20711.795676613925,-179955.5603631045,8839.0,826.0,84.0,1.8999999999999773,0.0,0.0,0.067857142857142,7159.1972092387505
781,0.39075,0.39075,12.884215,121.210876,3.3,21625.894812215196,-179637.09765331532,8801.0,839.0,53.0,1.8000000000000682,0.0,0.0,0.0580645161290344,7418.986019327706
782,0.39125,0.39125,12.88957,121.194038,3.9,20527.75010203793,-178847.83497381787,8839.0,846.4,114.0,1.8000000000000682,0.0,0.0,0.0575757575757568,7335.951955586169
783,0.39175,0.39175,12.9095075,121.1921655,3.9,20366.299653282193,-176803.56902126447,8839.0,837.1,118.5,0.9000000000000341,0.0,0.0,0.0296874999999996,7252.553289558244
784,0.39225,0.39225,12.874786,121.198753,0.7,21139.727316467262,-181128.8908497284,8839.0,833.4,76.0,0.0,0.0,0.0,0.0,7355.178838443783
785,0.39275,0.39275,12.887558,121.203445,3.3,20939.22404545698,-179280.0502506857,8839.0,837.1,114.0,3.699999999999932,0.0,0.0,0.11212121212121,7348.257478474992
786,0.39325,0.39325,12.889291,121.198044,3.9,21246.207949364656,-178963.03307693978,8839.0,833.4,144.0,3.699999999999932,0.0,0.0,0.1193548387096752,7492.264748406449
787,0.39375,0.39375,12.840172500000001,121.21391299999999,1.0,22624.756900791042,-185089.27042486612,8839.0,822.25,106.0,0.8999999999999772,0.0,0.0,0.01607142857142815,7240.810960504152
788,0.39425,0.39425,12.871239,121.202404,3.3,21711.678362925904,-181383.41638838302,8839.0,839.0,107.0,3.699999999999932,0.0,0.0,0.1121212121212135,7232.470292250569
789,0.39475,0.39475,12.873688,121.219048,1.0,23247.39959081185,-181037.9332740974,8839.0,833.4,46.0,0.0,0.0,0.0,0.0,7358.697611890241
790,0.39525,0.39525,12.872252,121.217751,3.9,22877.6324062607,-180888.9318665847,8839.0,848.2,114.0,1.7999999999999543,0.0,0.0,0.0562499999999985,7421.228502369647
791,0.39575,0.39575,12.883006,121.225021,2.0,23894.203463928843,-180483.18101881255,8839.0,831.5,84.0,0.0,0.0,0.0,0.0,7180.2279486096095
792,0.39625,0.39625,12.8654855,121.225334,3.75,23704.924685008416,-181846.04351969453,8839.0,845.45,110.5,0.0,0.0,0.0,0.0,7347.651123254351
793,0.39675,0.39675,12.859776,121.229286,0.3,23890.098263960946,-182507.43185692374,8839.0,830.6,18.5,1.8000000000000114,0.0,0.0,0.05691287878787945,7247.798830044526
794,0.39725,0.39725,12.85284,121.211632,3.3,22821.577837656987,-183205.68136325007,8938.0,835.3,129.0,3.699999999999932,0.0,0.0,0.1156249999999978,7405.536593003651
795,0.39775,0.39775,12.8519395,121.210819,2.3,22052.843163755228,-183410.39150596008,8839.0,833.4,106.5,2.8000000000000114,0.0,0.0,0.0867057673509272,7221.337634623422
796,0.39825,0.39825,12.895017,121.201561,2.3,21823.814395729423,-179379.12506717365,8839.0,846.4,76.0,1.8999999999999773,0.0,0.0,0.061290322580648,7316.157491649613
797,0.39875,0.39875,12.867619999999999,121.2097205,3.5999999999999996,22487.94235722421,-181318.92324184772,8839.0,842.65,110.5,1.8999999999999773,0.0,0.0,0.09134408602150385,7258.703232693084
798,0.39925,0.39925,12.881516,121.203194,3.3,21905.56606011558,-181097.08905678176,8839.0,839.0,91.0,0.0,0.0,0.0,0.0,7334.430789987969
799,0.39975,0.39975,12.8556375,121.2147865,0.7,22684.999959998622,-183245.10001919308,8839.0,846.4,11.5,1.849999999999966,0.0,0.0,0.056060606060605,7398.834713492492
800,0.40025,0.40025,12.857025,121.208511,3.9,22403.98883004101,-183661.5811922079,8839.0,846.4,129.0,1.8000000000000682,0.0,0.0,0.0562499999999985,7350.421382675882
801,0.40075,0.40075,12.8236495,121.2214965,0.35,23789.121991960757,-186195.55027810956,8854.0,851.9,19.0,1.900000000000091,0.0,0.0,0.0603326612903236,7518.623096935415
802,0.40125,0.40125,12.838715,121.215004,2.9,23178.074463006564,-184744.17649336145,8839.0,833.4,92.0,1.7999999999999543,0.0,0.0,0.0545454545454531,7400.081637068259
803,0.40175,0.40175,12.848282,121.212402,1.3,22725.125240773177,-184558.2583192108,8847.0,851.9,91.0,0.0,0.0,0.0,0.0,7554.528067920823
804,0.40225,0.40225,12.8428325,121.2137225,3.45,22672.42897214188,-184164.34974748368,8839.0,826.0,110.5,0.0,0.0,0.0,0.0,7215.911039148743
805,0.40275,0.40275,12.8741445,121.199276,0.15,20825.27369153845,-181676.24863217812,8839.0,845.45,0.0,1.8500000000000227,0.0,0.0,0.0587197580645168,7184.819785184067
806,0.40325,0.40325,12.860987,121.213364,0.3,22943.217709687244,-182356.9293158276,8839.0,835.3,7.0,0.0,0.0,0.0,0.0,7412.952619187461
807,0.40375,0.40375,12.8268475,121.22357550000001,3.0999999999999996,23762.598213286547,-186086.18991669995,8968.5,848.2,99.0,0.0,0.0,0.0,0.0,7515.603017588279
808,0.40425,0.40425,12.842148,121.222755,2.3,23891.97822200941,-185034.0620675301,8839.0,829.7,84.0,1.8000000000000682,0.0,0.0,0.0562500000000021,7323.193900268618
809,0.40475,0.40475,12.828964,121.219002,2.9,23295.96027294035,-185570.0223542561,8839.0,840.8,84.0,1.7999999999999543,0.0,0.0,0.0599999999999984,7303.421439646109
810,0.40525,0.40525,12.830029,121.227501,4.2,23913.26923996779,-185590.37105393832,8839.0,835.3,137.0,0.0,0.0,0.0,0.0,7320.798867089587
811,0.40575,0.40575,12.836334,121.215851,0.7,22156.191634804985,-184952.55607371917,8839.0,846.4,61.0,1.7999999999999543,0.0,0.0,0.0562500000000021,7221.108178887037
812,0.40625,0.40625,12.819043,121.225502,0.3,24018.96504308142,-187641.14191868552,8839.0,844.5,84.0,0.0,0.0,0.0,0.0,7336.848313071267
813,0.40675,0.40675,12.818351,121.22615400000001,0.5,24066.849893811424,-186773.04192730226,8843.0,838.05,27.0,0.0,0.0,0.0,0.0,7267.228590450446
814,0.40725,0.40725,12.8212315,121.220787,3.5999999999999996,23424.733958636476,-187178.51478737412,8938.0,833.4,122.0,1.8000000000000114,0.0,0.0,0.0587878787878776,7387.083998869917
815,0.40775,0.40775,12.792602,121.249619,2.9,26036.983081220296,-189629.86592866253,8839.0,848.2,107.0,0.0,0.0,0.0,0.0,7429.145693733385
816,0.40825,0.40825,12.809875,121.234032,1.6,24354.82535841302,-188400.1595363596,8839.0,827.8,84.0,1.7999999999999543,0.0,0.0,0.0580645161290344,7170.529939940544
817,0.40875,0.40875,12.810617,121.241379,0.3,25512.702461710895,-189107.6938318857,8839.0,833.4,15.0,0.0,0.0,0.0,0.0,7125.472619031559
818,0.40925,0.40925,12.818346,121.2321895,1.3,24309.74462033274,-186790.72194505954,8923.0,842.7,99.0,0.0,0.0,0.0,0.0,7427.015128224021
819,0.40975,0.40975,12.808988,121.246803,2.0,26253.056169585285,-187828.83921411977,8839.0,839.0,23.0,0.0,0.0,0.0,0.0,7373.319710933197
820,0.41025,0.41025,12.795115,121.247963,0.7,26073.85773913616,-189476.63910810035,8847.0,844.5,8.0,0.0,0.0,0.0,0.0,7457.5681771891905
821,0.41075,0.41075,12.79032,121.246346,0.3,26668.360843492443,-191108.9828859289,8839.0,837.1,15.0,0.0,0.0,0.0,0.0,7418.146668036693
822,0.41125,0.41125,12.803489500000001,121.24726100000001,0.3,25492.36597791608,-188929.17013057045,8839.0,839.9,99.0,0.0,0.0,0.0,0.0,7303.321928837997
823,0.41175,0.41175,12.798001,121.230949,0.3,24995.972794498004,-189399.13613717776,8839.0,827.8,0.0,-1.7999999999999543,0.0,0.0,-0.0562499999999985,7087.991467929417
824,0.41225,0.41225,12.820953,121.236168,0.0,25517.7451863853,-187818.27568149767,8839.0,833.4,0.0,0.0,0.0,0.0,0.0,7357.303437959325
825,0.41275,0.41275,12.80168,121.248924,2.6,26469.26758436208,-189363.5537115029,8854.0,840.8,15.0,0.0,0.0,0.0,0.0,7419.173698252903
826,0.41325,0.41325,12.818207,121.219971,3.6,23581.4909158692,-188136.73839128652,8839.0,850.1,107.0,1.8999999999999773,0.0,0.0,0.0593750000000028,7497.571946457901
827,0.41375,0.41375,12.797905,121.24475100000001,3.0999999999999996,26146.693823796828,-190283.1926225745,9220.0,857.5,126.0,0.8999999999999772,0.0,0.0,0.0287878787878784,7522.814679749428
828,0.41425,0.41425,12.782043,121.253792,0.0,27365.83913311655,-190973.4360831241,8839.0,842.7,7.0,0.0,0.0,0.0,0.0,7318.978232532338
829,0.41475,0.41475,12.790355,121.23456200000001,0.3,25231.780326266155,-190395.94443393123,8839.0,841.75,3.5,0.0,0.0,0.0,0.0,7303.571924986595
830,0.41525,0.41525,12.785688,121.2377285,0.15,25508.322510525762,-190431.74924976655,8847.0,839.0,8.0,1.7999999999999543,0.0,0.0,0.0553977272727258,7128.506650140176
831,0.41575,0.41575,12.795776,121.243507,2.0,25248.944653091152,-189471.07935408913,9068.0,853.8,15.0,0.0,0.0,0.0,0.0,7467.704079081176
832,0.41625,0.41625,12.78923,121.242699,0.0,25585.841499731316,-190811.64724138455,8839.0,824.1,0.0,0.0,0.0,0.0,0.0,7339.468753346192
833,0.41675,0.41675,12.791065,121.2481,0.0,26130.189596437864,-191168.69464401435,8839.0,842.7,8.0,0.0,0.0,0.0,0.0,7274.195719019481
834,0.41725,0.41725,12.786945500000002,121.2495,0.3,26784.863567318465,-191022.08393072622,8839.0,821.3499999999999,0.0,0.0,0.0,0.0,0.0,6974.708168396239
835,0.41775,0.41775,12.792297,121.261261,2.0,27819.807431508776,-191226.29369557495,8877.0,837.1,92.0,0.0,0.0,0.0,0.0,7272.847274604147
836,0.41825,0.41825,12.781499,121.23991000000001,0.0,25559.94900800469,-191367.2890573112,9170.5,842.65,7.5,0.0,0.0,0.0,0.0,7418.716032375038
837,0.41875,0.41875,12.758712,121.252007,0.3,26792.373133643625,-194179.41263641728,9091.0,840.8,38.0,1.8999999999999773,0.0,0.0,0.0575757575757568,7486.595386410293
838,0.41925,0.41925,12.771281,121.25143800000001,3.9000000000000004,26948.311583545117,-192099.1194778683,8839.0,851.0,129.5,0.8999999999999772,0.0,0.0,0.02727272727272655,7443.656809981123
839,0.41975,0.41975,12.764804999999999,121.24694099999999,0.0,26091.61023238839,-193168.7605521747,8839.0,837.1,18.5,0.0,0.0,0.0,0.0,7297.951254371253
840,0.42025,0.42025,12.759995,121.251728,0.0,27181.03381327299,-194250.13270744565,8839.0,840.8,3.5,0.0,0.0,0.0,0.0,7369.132918926327
841,0.42075,0.42075,12.754669,121.254517,0.3,26771.145291759294,-194530.45550471463,8839.0,844.5,8.0,1.7999999999999543,0.0,0.0,0.0545454545454531,7439.299433277741
842,0.42125,0.42125,12.745193,121.250938,3.3,27031.501291941742,-194904.40455953992,8961.0,842.7,122.0,0.0,0.0,0.0,0.0,7532.244677572163
843,0.42175,0.42175,12.7684405,121.2681465,1.5,28168.587245456532,-192998.5764818773,9067.5,842.7,80.0,0.0,0.0,0.0,0.0,7328.898970100263
844,0.42225,0.42225,12.749496,121.259987,0.3,27041.63838503027,-194442.72258641024,8847.0,842.7,8.0,0.0,0.0,0.0,0.0,7335.95616364805
845,0.42275,0.42275,12.745377,121.269363,0.0,28659.497223187136,-195330.17052175416,8976.0,826.0,8.0,0.0,0.0,0.0,0.0,7162.388840139553
846,0.42325,0.42325,12.754638,121.2776985,2.15,28863.09749534344,-194522.94983679889,8839.0,839.0,137.0,0.0,0.0,0.0,0.0,7330.069244464372
847,0.42375,0.42375,12.738098,121.271637,0.0,27603.61570368186,-195708.2337945479,8847.0,837.1,0.0,0.0,0.0,0.0,0.0,7206.781106836171
848,0.42425,0.42425,12.751566,121.268913,0.0,28562.270721723384,-194211.32562444435,9071.5,840.85,7.5,0.0,0.0,0.0,0.0,7390.973441088663
849,0.42475,0.42475,12.743376000000001,121.2643665,0.0,27642.95370944229,-195552.78307238192,8839.0,844.5,0.0,0.0,0.0,0.0,0.0,7359.709377545871
850,0.42525,0.42525,12.746096,121.263672,0.0,28492.001058896574,-195656.86166748064,8999.0,839.0,8.0,0.0,0.0,0.0,0.0,7372.093459781038
851,0.42575,0.42575,12.721749,121.264389,0.3,27838.53212408281,-198642.67196191123,9030.0,840.8,8.0,0.0,0.0,0.0,0.0,7399.644527762323
852,0.42625,0.42625,12.734178499999999,121.26675399999999,2.25,28400.175789441102,-196536.58154474784,8839.0,846.35,118.5,0.0,0.0,0.0,0.0,7411.69326415918
853,0.42675,0.42675,12.72702,121.273102,0.3,29430.981816075106,-197018.22303477937,8839.0,839.0,7.0,-1.8000000000000682,0.0,0.0,-0.0580645161290344,7499.085976697501
854,0.42725,0.42725,12.766299,121.261032,0.3,26544.113682143037,-193261.38605400937,8839.0,850.1,8.0,0.0,0.0,0.0,0.0,7447.510092366301
855,0.42775,0.42775,12.7314175,121.26012,0.15,27917.407420995987,-196735.34275066515,8934.5,840.85,3.5,0.0,0.0,0.0,0.0,7363.022098346433
856,0.42825,0.42825,12.7426045,121.260105,3.0999999999999996,27985.006623454283,-196046.8228138593,8839.0,837.1,110.5,0.0,0.0,0.0,0.0,7358.763522706275
857,0.42875,0.42875,12.743912,121.25563,0.0,27479.07772557382,-196055.3848350373,8847.0,842.7,0.0,0.0,0.0,0.0,0.0,7434.704804602336
858,0.42925,0.42925,12.748471,121.2530975,0.0,27115.7958299078,-195421.96206048693,8839.0,847.3,0.0,0.0,0.0,0.0,0.0,7467.1855668342005
859,0.42975,0.42975,12.69959,121.276184,1.0,29241.727043538092,-199984.24060492843,8847.0,827.8,38.0,0.0,0.0,0.0,0.0,7377.657098235978
860,0.43025,0.43025,12.710576,121.270737,0.3,28554.987208870345,-198441.74245192925,8839.0,833.4,68.0,0.0,0.0,0.0,0.0,7326.645901553504
861,0.43075,0.43075,12.745651,121.264099,0.3,26622.17838731257,-195955.8652382284,8839.0,826.0,0.0,0.0,0.0,0.0,0.0,7190.562145466205
862,0.43125,0.43125,12.6903305,121.276562,0.15,29490.843539641923,-201031.92065088905,8839.0,850.05,0.0,0.0,0.0,0.0,0.0,7373.611043131571
863,0.43175,0.43175,12.731644,121.268181,0.3,28933.89029418861,-196647.38744220068,8961.0,835.3,7.0,1.7999999999999543,0.0,0.0,0.0545454545454531,7293.593902938492
864,0.43225,0.43225,12.7215965,121.2756575,0.0,29795.313958498806,-198256.32465563965,8843.0,846.4,0.0,0.0,0.0,0.0,0.0,7290.9537341695
865,0.43275,0.43275,12.713583499999999,121.27431849999999,0.3,29552.192417839527,-199073.0525199552,9418.5,846.35,7.0,0.0,0.0,0.0,0.0,7412.449504414408
866,0.43325,0.43325,12.695847,121.278946,1.3,29679.28071462892,-200408.89461634055,8839.0,839.0,15.0,0.0,0.0,0.0,0.0,7430.266927272616
867,0.43375,0.43375,12.694229,121.281101,0.3,29707.52836726074,-200953.3057291639,8839.0,839.9000000000001,7.0,-1.7999999999999543,0.0,0.0,-0.05539772727272935,7433.637696809296
868,0.43425,0.43425,12.688477,121.280441,0.3,29531.604746660338,-201765.58579026992,8839.0,846.4,15.0,0.0,0.0,0.0,0.0,7374.072893497559
869,0.43475,0.43475,12.6983185,121.290947,0.0,30593.85748153201,-200468.05039902477,8839.0,845.45,0.0,0.0,0.0,0.0,0.0,7308.404803463888
870,0.43525,0.43525,12.730664,121.266697,0.0,27782.8403197991,-197130.86365105596,8839.0,835.25,3.5,0.8999999999999772,0.0,0.0,0.02812499999999925,7366.176788856836
871,0.43575,0.43575,12.6935805,121.2893755,0.3,30749.980124336187,-200755.3228888081,9071.5,841.75,42.0,-1.8500000000000227,0.0,0.0,-0.0596774193548394,7382.456988640259
872,0.43625,0.43625,12.6969485,121.2886505,0.0,30948.816437147714,-200944.52131782545,8976.5,842.7,4.0,0.0,0.0,0.0,0.0,7372.586936570287
873,0.43675,0.43675,12.700288,121.2965205,0.15,31661.80858619724,-201212.83504642878,9441.0,838.05,7.5,0.0,0.0,0.0,0.0,7384.77414688817
874,0.43725,0.43725,12.677339,121.290672,0.0,30224.280155578184,-204150.6090661988,8847.0,837.1,0.0,0.0,0.0,0.0,0.0,7217.691174536801
875,0.43775,0.43775,12.687836,121.284378,0.0,30298.58837276748,-201571.99515558337,8839.0,837.1,0.0,0.0,0.0,0.0,0.0,7380.709483083926
876,0.43825,0.43825,12.678071,121.282433,0.0,30520.06529938407,-202972.83077636527,8839.0,842.7,30.0,0.0,0.0,0.0,0.0,7434.3710958775055
877,0.43875,0.43875,12.684379499999999,121.300949,0.0,31785.241282027207,-202251.56388843042,9140.0,850.1,0.0,0.8999999999999772,0.0,0.0,0.02903225806451535,7447.889421915003
878,0.43925,0.43925,12.693649,121.301094,0.3,31338.99254798408,-201958.3980593949,8839.0,848.2,0.0,1.7999999999999543,0.0,0.0,0.0545454545454566,7456.994050743941
879,0.43975,0.43975,12.671938,121.289871,0.0,30596.212181401715,-203279.06202732833,8839.0,839.0,7.0,0.0,0.0,0.0,0.0,7436.812893912378
880,0.44025,0.44025,12.674021,121.29541,0.0,31663.93480873746,-202989.12085561955,8847.0,844.5,0.0,1.7999999999999543,0.0,0.0,0.05539772727272755,7245.287987566636
881,0.44075,0.44075,12.6770355,121.2869035,0.0,30789.94254573584,-203218.18272090057,8900.0,837.1,18.5,0.0,0.0,0.0,0.0,7350.266260643955
882,0.44125,0.44125,12.707237500000002,121.30077349999999,0.0,32097.468970670154,-200156.5373817505,8839.0,817.6500000000001,7.5,0.0,0.0,0.0,0.0,7221.356692033178
883,0.44175,0.44175,12.6820395,121.282196,0.0,29970.8923186446,-202261.51584811142,9190.0,825.95,0.0,0.0,0.0,0.0,0.0,7304.709284095173
884,0.44225,0.44225,12.683487,121.284325,0.3,30778.33357008618,-202663.81964839657,8839.0,844.5,8.0,0.0,0.0,0.0,0.0,7375.305764205829
885,0.44275,0.44275,12.684275,121.297256,0.0,31249.105515094547,-202502.25319681727,8839.0,850.1,0.0,0.0,0.0,0.0,0.0,7319.332213908958
886,0.44325,0.44325,12.67117,121.290138,0.0,30994.766876273767,-204515.71811214573,8843.0,836.2,0.0,0.0,0.0,0.0,0.0,7328.459248290073
887,0.44375,0.44375,12.636651,121.300987,0.0,32102.571563122532,-206985.41644167269,8839.0,833.4,0.0,-1.7999999999999543,0.0,0.0,-0.0545454545454531,7379.756048143565
888,0.44425,0.44425,12.688065,121.29586,0.0,31161.272143809056,-202034.121909034,8839.0,824.1,15.0,-1.8000000000000682,0.0,0.0,-0.0545454545454566,7434.126696213066
889,0.44475,0.44475,12.656576,121.30024,0.3,31810.25540959471,-205259.7799915283,9167.0,842.7,8.0,0.0,0.0,0.0,0.0,7414.52998634927
890,0.44525,0.44525,12.635147,121.302605,0.0,32183.210676715706,-207739.98625613737,8839.0,848.2,0.0,0.0,0.0,0.0,0.0,7398.255033342935
891,0.44575,0.44575,12.67096,121.293655,0.0,31452.158112980745,-203410.7170023251,8839.0,842.7,0.0,0.0,0.0,0.0,0.0,7309.5569666284355
892,0.44625,0.44625,12.6657025,121.313057,0.0,32818.084758453944,-204457.5074876434,8843.0,840.85,0.0,-1.7999999999999543,0.0,0.0,-0.0562499999999985,7499.560694725777
893,0.44675,0.44675,12.638804,121.29754249999999,0.0,32080.954235861514,-206804.11286335182,8839.0,846.4,0.0,0.0,0.0,0.0,0.0,7374.90654806483
894,0.44725,0.44725,12.638763,121.303696,0.0,32403.418418399124,-206970.51630092153,8839.0,818.6,0.0,0.0,0.0,0.0,0.0,7219.395219571248
895,0.44775,0.44775,12.63533,121.300003,0.0,31973.49074191599,-207745.1012298278,8847.0,844.5,0.0,0.0,0.0,0.0,0.0,7353.825946802449
896,0.44825,0.44825,12.628876,121.31823,0.0,33156.90565782957,-208086.13654090435,8839.0,840.8,0.0,-1.7999999999999543,0.0,0.0,-0.0545454545454531,7318.414561940886
897,0.44875,0.44875,12.639864,121.297348,0.0,31999.490714975407,-207040.68039654862,8847.0,836.2,8.0,0.0,0.0,0.0,0.0,7302.3173998329585
898,0.44925,0.44925,12.6296985,121.3102875,0.15,32732.5293414361,-208636.1074077394,8946.0,851.95,0.0,0.0,0.0,0.0,0.0,7642.897130665298
899,0.44975,0.44975,12.639585,121.308952,0.0,33299.33574089554,-207118.62814779257,8847.0,844.5,0.0,0.0,0.0,0.0,0.0,7474.538413667165
900,0.45025,0.45025,12.611481,121.325623,0.0,33900.73957515689,-211155.45434059072,8839.0,822.3,0.0,0.0,0.0,0.0,0.0,7239.83890086429
901,0.45075,0.45075,12.6135385,121.312187,0.0,33505.75654017717,-209673.33511615786,9289.0,845.45,0.0,0.0,0.0,0.0,0.0,7310.607438416216
902,0.45125,0.45125,12.624527,121.319511,0.0,33286.20844840178,-208951.9014356026,9441.0,857.5,0.0,1.7999999999999543,0.0,0.0,0.0562499999999985,7489.324974923323
903,0.45175,0.45175,12.616287,121.319656,0.0,34128.008422997395,-209349.42384743743,8839.0,835.3,0.0,0.0,0.0,0.0,0.0,7369.021097113926
904,0.45225,0.45225,12.617656,121.3228115,0.0,34366.499606408586,-209726.81994975006,8839.0,846.35,0.0,0.0,0.0,0.0,0.0,7461.251634908078
905,0.45275,0.45275,12.635177,121.30558400000001,0.0,32810.89937991723,-207606.2185746163,8843.0,851.9,0.0,0.0,0.0,0.0,0.0,7382.259533979966
906,0.45325,0.45325,12.6122335,121.3204575,0.0,34046.329512144635,-209743.1656265443,9445.0,833.4,0.0,0.0,0.0,0.0,0.0,7451.4990912220255
907,0.45375,0.45375,12.631577,121.317093,0.0,34207.735475503505,-208292.1810245773,8847.0,835.3,0.0,0.0,0.0,0.0,0.0,7212.967790193387
908,0.45425,0.45425,12.613449,121.325623,0.0,33566.57832617606,-210058.51487408692,8839.0,833.4,0.0,0.0,0.0,0.0,0.0,7332.358326855024
909,0.45475,0.45475,12.634975,121.315033,0.0,33546.075293665126,-207182.67651400695,8839.0,846.4,0.0,0.0,0.0,0.0,0.0,7445.376804243471
910,0.45525,0.45525,12.619148,121.310165,0.0,33167.17159444389,-209262.8028799357,8839.0,809.3,0.0,0.0,0.0,0.0,0.0,7301.523857143582
911,0.45575,0.45575,12.610562,121.33092500000001,0.0,33695.802673530794,-210478.60988720902,8839.0,846.35,0.0,0.0,0.0,0.0,0.0,7357.288806221484
912,0.45625,0.45625,12.617638,121.310459,0.0,33233.32563179302,-209932.08606786132,8839.0,833.4,0.0,-1.8000000000000114,0.0,0.0,-0.05691287878787945,7385.609793125838
913,0.45675,0.45675,12.605153999999999,121.32670999999999,0.0,34478.152258676404,-210763.32489014714,8839.0,839.0,0.0,0.0,0.0,0.0,0.0,7302.611127941746
914,0.45725,0.45725,12.625489000000002,121.304924,0.0,31569.126498853693,-209114.07946012338,9350.0,843.6,0.0,0.0,0.0,0.0,0.0,7376.19491981073
915,0.45775,0.45775,12.607184,121.316025,0.0,33810.41439638858,-211543.6363656856,8839.0,839.9,0.0,0.0,0.0,0.0,0.0,7403.995014745893
916,0.45825,0.45825,12.577733,121.32995199999999,0.0,34849.80271235007,-213567.10883823544,8843.0,841.75,0.0,0.0,0.0,0.0,0.0,7460.1954317135005
917,0.45875,0.45875,12.603266999999999,121.328972,0.0,35475.4233334101,-211302.3986391193,8843.0,835.25,0.0,0.0,0.0,0.0,0.0,7473.506140870478
918,0.45925,0.45925,12.575386,121.3296205,0.0,35249.6375478833,-214920.18617205723,9331.0,845.45,0.0,0.0,0.0,0.0,0.0,7353.941025544456
919,0.45975,0.45975,12.585983,121.324913,0.0,34759.10009929161,-212697.7301034298,8839.0,846.4,0.0,0.0,0.0,0.0,0.0,7601.48465545789
920,0.46025,0.46025,12.601517,121.3157425,0.0,33663.56228732026,-211097.79969148943,9407.0,843.6,0.0,0.0,0.0,0.0,0.0,7460.2686358837445
921,0.46075,0.46075,12.590239,121.323662,0.0,34766.96772069738,-212127.8553172325,8839.0,829.7,0.0,0.0,0.0,0.0,0.0,7287.000434580205
922,0.46125,0.46125,12.580975,121.327469,0.0,35012.247797958145,-213847.7096232048,8839.0,844.5,0.0,0.0,0.0,0.0,0.0,7473.582275056719
923,0.46175,0.46175,12.55984,121.340286,0.0,35356.27512367354,-215691.880028878,8847.0,844.5,0.0,0.0,0.0,0.0,0.0,7337.950083906935
924,0.46225,0.46225,12.583484,121.322495,0.0,34685.873486375254,-212885.6497890243,9289.0,842.7,0.0,0.0,0.0,0.0,0.0,7395.618876744615
925,0.46275,0.46275,12.553703500000001,121.342026,0.0,36693.61802457176,-216946.43852161273,8858.5,838.05,0.0,-1.7999999999999543,0.0,0.0,-0.0553977272727258,7207.304379831319
926,0.46325,0.46325,12.583694,121.327606,0.0,35374.95863568947,-213846.59767240248,8969.0,844.5,0.0,0.0,0.0,0.0,0.0,7358.060521462811
927,0.46375,0.46375,12.5641855,121.330036,0.0,35406.76240607225,-215576.29274297523,9003.0,856.55,0.0,0.8999999999999772,0.0,0.0,0.02812499999999925,7486.964418224292
928,0.46425,0.46425,12.577725000000001,121.334576,0.0,35639.59248607242,-213581.61979620607,8987.5,851.0,0.0,0.0,0.0,0.0,0.0,7479.539956403229
929,0.46475,0.46475,12.553835,121.342812,0.0,36457.53359877116,-216478.9188067712,8900.0,835.3,0.0,0.0,0.0,0.0,0.0,7385.819596482486
930,0.46525,0.46525,12.5490365,121.34769800000001,0.0,37064.447920196966,-217980.10798746406,9445.0,845.45,0.0,0.0,0.0,0.0,0.0,7360.847502710767
931,0.46575,0.46575,12.563095,121.342117,0.0,35589.75139257267,-215637.28324448355,9449.0,850.1,0.0,0.0,0.0,0.0,0.0,7345.596278416009
932,0.46625,0.46625,12.561447,121.333298,0.0,35897.88790892947,-215541.98906072308,8847.0,842.7,0.0,0.0,0.0,0.0,0.0,7288.339378144217
933,0.46675,0.46675,12.5636805,121.348667,0.0,37023.362662490894,-215261.44387329405,8839.0,850.1,0.0,0.0,0.0,0.0,0.0,7456.79303108495
934,0.46725,0.46725,12.566172,121.333679,0.0,36106.02855200926,-215297.58227436975,8847.0,842.7,0.0,0.0,0.0,0.0,0.0,7317.712292081225
935,0.46775,0.46775,12.546666,121.350578,0.0,37019.35072338487,-218443.5134843369,8839.0,818.6,0.0,0.0,0.0,0.0,0.0,7213.225279105812
936,0.46825,0.46825,12.562454,121.353989,0.0,37207.061726545304,-215719.45640877585,8854.0,833.4,0.0,0.0,0.0,0.0,0.0,7192.63527216967
937,0.46875,0.46875,12.5461075,121.3388865,0.0,36559.202529489026,-217195.0707210152,9148.0,840.8,0.0,0.0,0.0,0.0,0.0,7401.198504119617
938,0.46925,0.46925,12.545929,121.342194,0.0,36670.413308967225,-217390.94085484633,8839.0,850.1,0.0,0.0,0.0,0.0,0.0,7379.974034715602
939,0.46975,0.46975,12.557465,121.34433,0.0,36099.455319529035,-215979.6528965223,8847.0,846.4,7.0,1.7999999999999543,0.0,0.0,0.0575757575757568,7366.287400050502
940,0.47025,0.47025,12.557512,121.331276,0.0,35345.93144870994,-216272.87432309808,8847.0,851.9,0.0,0.0,0.0,0.0,0.0,7477.665444889294
941,0.47075,0.47075,12.5528435,121.3436165,0.0,36820.37600161719,-216825.01349399786,9277.5,833.4,0.0,0.0,0.0,0.0,0.0,7371.2860695812315
942,0.47125,0.47125,12.556442,121.331512,0.0,35456.72907261984,-216967.0652089961,8839.0,840.8,0.0,0.0,0.0,0.0,0.0,7452.761318073192
943,0.47175,0.47175,12.522766,121.362114,0.0,38108.83635350275,-219923.18641700453,9449.0,842.7,0.0,0.0,0.0,0.0,0.0,7471.876386734633
944,0.47225,0.47225,12.5363845,121.354923,0.0,37561.14046124906,-218185.3185080346,8839.0,838.95,0.0,0.0,0.0,0.0,0.0,7280.072896112199
945,0.47275,0.47275,12.514206,121.352188,0.0,37986.76738991034,-220598.0293589418,8839.0,837.1,0.0,0.0,0.0,0.0,0.0,7373.885075391514
946,0.47325,0.47325,12.523478,121.354553,0.0,38213.43678740195,-219566.58379469556,8843.0,838.05,0.0,0.0,0.0,0.0,0.0,7424.023085800456
947,0.47375,0.47375,12.531141,121.353107,0.0,37727.607326937024,-220162.08904688645,8843.0,834.3499999999999,0.0,0.0,0.0,0.0,0.0,7219.499622365085
948,0.47425,0.47425,12.553416,121.34906,0.0,36021.43083335726,-217462.32809635645,8839.0,848.2,0.0,0.0,0.0,0.0,0.0,7367.14141569524
949,0.47475,0.47475,12.516494,121.3627815,0.0,38173.70373627796,-221259.52889125142,8847.0,847.3,0.0,0.0,0.0,0.0,0.0,7501.890673391455
950,0.47525,0.47525,12.5126825,121.3590735,0.0,38354.83734832758,-220800.4600025072,8847.0,832.45,0.0,0.0,0.0,0.0,0.0,7266.679601958567
951,0.47575,0.47575,12.527527,121.348572,0.0,37529.72819647608,-220068.1848016291,8839.0,844.5,0.0,0.0,0.0,0.0,0.0,7455.385793232008
952,0.47625,0.47625,12.497274,121.357391,0.0,38239.57643969944,-223703.81914494451,9449.0,848.2,0.0,0.0,0.0,0.0,0.0,7484.210237222436
953,0.47675,0.47675,12.5216905,121.360119,0.0,37914.72101433318,-220346.50608745363,9110.0,843.6,0.0,0.0,0.0,0.0,0.0,7425.544597431282
954,0.47725,0.47725,12.509222999999999,121.35268400000001,0.0,38133.64623214415,-221499.93265471605,8839.0,831.55,0.0,0.0,0.0,0.0,0.0,7388.330943124702
955,0.47775,0.47775,12.501557,121.359558,0.0,38652.738258914265,-222418.0704322044,9441.0,846.4,0.0,0.0,0.0,0.0,0.0,7493.180994843898
956,0.47825,0.47825,12.490723,121.379173,0.0,40023.82700508599,-223198.8822856045,9434.0,839.0,0.0,0.0,0.0,0.0,0.0,7392.316994460746
957,0.47875,0.47875,12.526439,121.379322,0.0,39030.340135463535,-220159.8651452817,8839.0,825.05,0.0,0.0,0.0,0.0,0.0,7336.440140586453
958,0.47925,0.47925,12.481522,121.367752,0.0,39276.66148384862,-224444.3783793001,9045.0,842.7,0.0,0.0,0.0,0.0,0.0,7360.41868359648
959,0.47975,0.47975,12.482712,121.3738975,0.0,39972.75015418553,-224590.0439344061,8839.0,820.4,0.0,-1.7999999999999543,0.0,0.0,-0.0553977272727258,7266.443854656509
960,0.48025,0.48025,12.498961,121.35894400000001,0.0,38647.73939212442,-222297.92414801216,8843.0,841.75,0.0,0.0,0.0,0.0,0.0,7482.084328971527
961,0.48075,0.48075,12.51529,121.351364,0.0,37924.5081301295,-221027.68714896424,9388.0,842.7,0.0,0.0,0.0,0.0,0.0,7338.627147310812
962,0.48125,0.48125,12.491367,121.3760105,0.0,39974.4043036259,-223383.46611879184,9331.0,830.6,0.0,0.0,0.0,0.0,0.0,7306.171998523174
963,0.48175,0.48175,12.490059,121.366066,0.0,39360.77814531515,-223415.0455215782,8847.0,833.4,0.0,0.0,0.0,0.0,0.0,7451.864557172191
964,0.48225,0.48225,12.4968555,121.36245,0.0,39040.67186925381,-223565.54806267435,8843.0,845.45,0.0,0.0,0.0,0.0,0.0,7478.237204572466
965,0.48275,0.48275,12.48545,121.378754,0.0,40689.108162056014,-225083.63889556265,9449.0,853.8,0.0,0.0,0.0,0.0,0.0,7533.032499919098
966,0.48325,0.48325,12.494064,121.359146,0.0,38353.907578485225,-223461.41387003573,9449.0,842.7,0.0,0.0,0.0,0.0,0.0,7399.122697761235
967,0.48375,0.48375,12.491966999999999,121.369965,0.0,39771.675272308305,-223252.31152165664,8839.0,841.75,0.0,0.0,0.0,0.0,0.0,7437.493777278969
968,0.48425,0.48425,12.493057,121.359367,0.0,38702.279711958,-223428.05534596552,9441.0,842.7,0.0,0.0,0.0,0.0,0.0,7309.3680179983485
969,0.48475,0.48475,12.49118,121.370369,0.0,39052.56322049599,-223873.7252275416,8847.0,844.5,0.0,0.0,0.0,0.0,0.0,7261.536384610643
970,0.48525,0.48525,12.478095,121.369659,0.0,39939.3618428675,-224617.2867290633,9441.0,826.0,0.0,0.0,0.0,0.0,0.0,7395.058711645843
971,0.48575,0.48575,12.4736475,121.366451,0.0,39578.66036790496,-225127.83893995557,8839.0,839.9000000000001,0.0,0.0,0.0,0.0,0.0,7339.362786328007
972,0.48625,0.48625,12.4736785,121.3799095,0.0,40694.018872953806,-225503.56711606463,9110.0,835.25,0.0,0.0,0.0,0.0,0.0,7293.033013431404
973,0.48675,0.48675,12.4450845,121.389385,0.0,41648.278069477536,-228273.99254008295,8839.0,834.3499999999999,0.0,0.0,0.0,0.0,0.0,7318.571941451619
974,0.48725,0.48725,12.470833,121.385521,0.0,40812.11154831017,-226590.8882081283,8839.0,842.7,0.0,0.0,0.0,0.0,0.0,7542.902880583533
975,0.48775,0.48775,12.474357999999999,121.37861649999999,0.0,40869.73757220451,-225419.17005016748,8839.0,841.75,0.0,0.0,0.0,0.0,0.0,7410.030130718271
976,0.48825,0.48825,12.4672085,121.380352,0.0,40318.525812224754,-226723.87752408738,8839.0,836.2,0.0,0.0,0.0,0.0,0.0,7321.893681242445
977,0.48875,0.48875,12.457610500000001,121.3796275,0.0,40113.9969147856,-227601.65148745122,8839.0,839.0,0.0,0.0,0.0,0.0,0.0,7499.58137308094
978,0.48925,0.48925,12.4539215,121.3801005,0.0,40415.616051798796,-227963.53587607088,8847.0,841.75,0.0,0.8999999999999772,0.0,0.0,0.0272727272727283,7378.50185807916
979,0.48975,0.48975,12.453505,121.3763615,0.0,40676.967037410366,-227437.1383662456,8847.0,840.85,0.0,0.0,0.0,0.0,0.0,7302.7829272603985
980,0.49025,0.49025,12.4710325,121.379051,0.0,40614.615800835905,-226071.44039081718,8839.0,841.75,0.0,0.0,0.0,0.0,0.0,7341.8987575209585
981,0.49075,0.49075,12.433520999999999,121.383461,0.0,41378.88542105864,-229824.6635314799,9449.0,852.85,0.0,0.0,0.0,0.0,0.0,7619.1308133593275
982,0.49125,0.49125,12.4638025,121.3857955,0.0,40991.63984222768,-226522.6144288649,8847.0,840.8,0.0,0.0,0.0,0.0,0.0,7284.97685668043
983,0.49175,0.49175,12.450577,121.384087,0.0,41342.08460186907,-227671.593192918,8847.0,837.1,0.0,0.0,0.0,0.0,0.0,7312.551021441837
984,0.49225,0.49225,12.449791,121.385857,0.0,41161.8894083174,-228840.03109601192,8839.0,833.4,0.0,0.0,0.0,0.0,0.0,7260.350931892664
985,0.49275,0.49275,12.432753,121.407555,0.0,43654.26771239848,-229654.20147348187,9449.0,839.0,0.0,0.0,0.0,0.0,0.0,7341.895391078654
986,0.49325,0.49325,12.414185,121.394478,0.0,41743.811579828456,-231737.2189114968,9220.0,842.7,0.0,0.0,0.0,0.0,0.0,7209.095276073755
987,0.49375,0.49375,12.447114,121.3810805,0.0,41074.04669431348,-228498.66219969484,9441.0,824.15,0.0,0.0,0.0,0.0,0.0,7316.7138423390725
988,0.49425,0.49425,12.436478,121.391647,0.0,41612.97955827027,-229609.6122463084,8839.0,844.5,0.0,0.0,0.0,0.0,0.0,7411.09172721655
989,0.49475,0.49475,12.424071,121.40186700000001,0.0,42809.1574162107,-231342.92115698854,9445.0,826.9,0.0,0.0,0.0,0.0,0.0,7169.401507008315
990,0.49525,0.49525,12.428238,121.38969,0.0,41808.20446541533,-230391.42485543012,9102.0,843.6,0.0,0.0,0.0,0.0,0.0,7374.475697851405
991,0.49575,0.49575,12.426481,121.403458,0.0,43204.63956332064,-230428.564012228,9449.0,846.4,0.0,0.0,0.0,0.0,0.0,7313.876731229631
992,0.49625,0.49625,12.453758,121.380882,0.0,40853.007275065946,-227304.59383060702,9147.5,839.9,0.0,0.0,0.0,0.0,0.0,7259.117653525383
993,0.49675,0.49675,12.4202945,121.3982735,0.0,42479.42983930808,-231095.28971330822,9449.0,843.6,0.0,0.0,0.0,0.0,0.0,7354.476918396515
994,0.49725,0.49725,12.424965,121.40164949999999,0.0,42475.373139114,-230985.65136419813,8984.0,846.4,0.0,0.0,0.0,0.0,0.0,7397.466909825404
995,0.49775,0.49775,12.435425,121.388756,0.0,42016.68478226445,-230652.95568413936,8839.0,840.8,0.0,0.0,0.0,0.0,0.0,7345.291544610664
996,0.49825,0.49825,12.422325,121.396324,0.0,42445.61715833387,-230806.62728502197,9434.0,842.7,0.0,0.0,0.0,0.0,0.0,7396.376973177045
997,0.49875,0.49875,12.423615,121.390404,0.0,41923.898749074,-231352.9287142092,9441.0,833.4,0.0,0.0,0.0,0.0,0.0,7172.202473399801
998,0.49925,0.49925,12.413361,121.41043099999999,0.0,42427.657780089765,-231790.14776968787,8839.0,843.6,0.0,0.0,0.0,0.0,0.0,7284.015694123934
999,0.49975,0.49975,12.3929975,121.407978,0.0,43968.46567329571,-234091.77473544155,9445.0,844.5,0.0,0.0,0.0,0.0,0.0,7310.731227707779
1000,0.50025,0.50025,12.415551,121.4107095,0.0,43372.59094609621,-231916.2985882126,8839.0,842.65,0.0,0.0,0.0,0.0,0.0,7396.819548332065
1001,0.50075,0.50075,12.411612,121.4024925,0.0,43458.83064527796,-232527.64913933666,8839.0,828.75,0.0,0.0,0.0,0.0,0.0,7278.556710236309
1002,0.50125,0.50125,12.3983,121.411095,0.0,43596.61711224452,-234223.42971043813,8839.0,837.1,0.0,0.0,0.0,0.0,0.0,7248.605139185061
1003,0.50175,0.50175,12.384613,121.412758,0.0,44021.95337451757,-234814.20917171903,8847.0,839.0,0.0,0.0,0.0,0.0,0.0,7346.668023166627
1004,0.50225,0.50225,12.413299,121.400173,0.0,42384.56078151226,-232537.60109901748,8847.0,837.0999999999999,0.0,0.0,0.0,0.0,0.0,7249.623675233483
1005,0.50275,0.50275,12.387903,121.4089165,0.0,43881.67489765152,-235415.94134840247,8843.0,840.8,0.0,0.0,0.0,0.0,0.0,7266.5973131612645
1006,0.50325,0.50325,12.406705500000001,121.405235,0.0,42334.18379150239,-232558.1165913206,8847.0,839.9,0.0,0.0,0.0,0.0,0.0,7412.777225648448
1007,0.50375,0.50375,12.393929,121.407547,0.0,43336.434900152824,-234422.80248929703,8839.0,840.8,0.0,0.0,0.0,0.0,0.0,7442.815579771565
1008,0.50425,0.50425,12.413132,121.403313,0.0,42567.08093341453,-231935.36854447273,8839.0,837.1,0.0,0.0,0.0,0.0,0.0,7237.020143769947
1009,0.50475,0.50475,12.408829,121.399918,0.0,42964.70367297714,-233050.3216139745,8847.0,833.4,0.0,0.0,0.0,0.0,0.0,7420.337550462224
1010,0.50525,0.50525,12.391113,121.420029,0.0,44989.32138153034,-234277.58171451165,8839.0,842.7,0.0,0.0,0.0,0.0,0.0,7376.326408785344
1011,0.50575,0.50575,12.382828,121.412804,0.0,44450.40780750888,-236026.013156104,9449.0,840.8,0.0,0.0,0.0,0.0,0.0,7318.6952999748755
1012,0.50625,0.50625,12.371475,121.420128,0.0,45052.90845566196,-236296.7731764723,8839.0,844.5,0.0,0.0,0.0,0.0,0.0,7199.89169599727
1013,0.50675,0.50675,12.429474,121.402382,0.0,43270.702189857075,-231045.3631222834,8847.0,827.8,0.0,0.0,0.0,0.0,0.0,7285.423201504954
1014,0.50725,0.50725,12.374542,121.412079,0.0,44505.87049898898,-236140.98886906545,9449.0,840.8,0.0,0.0,0.0,0.0,0.0,7185.828022218911
1015,0.50775,0.50775,12.386107,121.413177,0.0,44213.58129167624,-236262.9698720815,9449.0,822.3,0.0,0.0,0.0,0.0,0.0,7246.725894836922
1016,0.50825,0.50825,12.386125,121.415474,0.0,44434.79459550965,-235289.23455447666,9437.5,835.3,0.0,0.0,0.0,0.0,0.0,7396.318504769634
1017,0.50875,0.50875,12.3716065,121.410492,0.0,44134.29857319615,-236561.47306496848,9140.5,851.0,0.0,0.0,0.0,0.0,0.0,7409.6255821547575
1018,0.50925,0.50925,12.37078,121.4201545,0.0,45238.63654586178,-236536.8989522369,9441.0,843.6,0.0,0.0,0.0,0.0,0.0,7297.494078648175
1019,0.50975,0.50975,12.3810885,121.4156075,0.0,44279.23505040523,-235887.51968367316,9449.0,841.75,0.0,0.0,0.0,0.0,0.0,7348.3791858079485
1020,0.51025,0.51025,12.367377999999999,121.416832,0.0,44826.37658005944,-237629.11262783082,8907.5,842.65,0.0,0.0,0.0,0.0,0.0,7353.536795377973
1021,0.51075,0.51075,12.361352,121.4165345,0.0,45056.71287132797,-237623.55287381893,8854.0,839.9,0.0,0.0,0.0,0.0,0.0,7472.713226338215
1022,0.51125,0.51125,12.359619,121.426865,0.0,45198.52100849464,-238176.30361765993,8847.0,839.0,0.0,0.0,0.0,0.0,0.0,7311.491632979036
1023,0.51175,0.51175,12.377914,121.417625,0.0,44483.66786220494,-236973.28404461333,8847.0,848.2,0.0,0.0,0.0,0.0,0.0,7450.113877689019
1024,0.51225,0.51225,12.357711,121.42543,0.0,45792.32634967287,-238395.13553555953,8847.0,839.0,0.0,0.0,0.0,0.0,0.0,7381.831341021149
1025,0.51275,0.51275,12.357198499999999,121.4238475,0.0,45671.835485355004,-238082.39937240275,8847.0,839.9000000000001,0.0,0.0,0.0,0.0,0.0,7264.471122508545
1026,0.51325,0.51325,12.361908,121.419434,0.0,45122.464152840745,-237708.83950035856,8847.0,840.8,0.0,0.0,0.0,0.0,0.0,7198.050181690989
1027,0.51375,0.51375,12.352474,121.4268645,0.0,45504.63028689855,-239029.7814559925,8839.0,842.7,0.0,0.0,0.0,0.0,0.0,7341.306944069902
1028,0.51425,0.51425,12.331548,121.434204,0.0,46292.27346366918,-241040.57768939552,8847.0,846.4,0.0,0.0,0.0,0.0,0.0,7488.527165232822
1029,0.51475,0.51475,12.336512,121.434883,0.0,46336.87913278315,-240494.16506512812,9147.5,845.45,0.0,0.0,0.0,0.0,0.0,7318.922771682348
1030,0.51525,0.51525,12.339844,121.4235,0.0,45788.94308705593,-240270.32936861785,8839.0,831.5,0.0,0.0,0.0,0.0,0.0,7089.8540977396715
1031,0.51575,0.51575,12.354446,121.423409,0.0,45088.545324803,-239124.2416766508,8847.0,837.1,0.0,0.0,0.0,0.0,0.0,7258.266852053052
1032,0.51625,0.51625,12.314536,121.4445,0.0,47333.06687280788,-243305.95505899342,8839.0,833.4,0.0,0.0,0.0,0.0,0.0,7375.463857244036
1033,0.51675,0.51675,12.332771000000001,121.436676,0.0,46941.39196338985,-240259.32105567487,8839.0,841.75,0.0,0.0,0.0,0.0,0.0,7330.845135151643
1034,0.51725,0.51725,12.3329595,121.426369,0.0,45978.91929540063,-241247.12255092926,9441.0,839.0,0.0,0.0,0.0,0.0,0.0,7321.642730130363
1035,0.51775,0.51775,12.328926,121.43613049999999,0.0,47036.71273571213,-241216.6550989455,8847.0,839.9,0.0,0.0,0.0,0.0,0.0,7426.271922465637
1036,0.51825,0.51825,12.331604,121.4288295,0.0,45921.36687579621,-241908.73327831895,8839.0,835.25,0.0,0.0,0.0,0.0,0.0,7340.471930822867
1037,0.51875,0.51875,12.347446,121.4305115,0.0,45487.875745799065,-239884.3156475873,8847.0,841.75,0.0,0.0,0.0,0.0,0.0,7264.770580069784
1038,0.51925,0.51925,12.33611,121.445618,0.0,47482.09357727792,-240524.632517112,9441.0,831.5,0.0,0.0,0.0,0.0,0.0,7220.504234404961
1039,0.51975,0.51975,12.326042000000001,121.4383395,0.0,46704.285706301554,-242151.4721384689,8839.0,843.6,0.0,0.0,0.0,0.0,0.0,7326.169027404371
1040,0.52025,0.52025,12.3106575,121.443592,0.0,47712.73124466738,-243234.51221994334,9441.0,844.5,0.0,0.0,0.0,0.0,0.0,7463.473558393264
1041,0.52075,0.52075,12.324053,121.437096,0.0,46698.58019617465,-242703.16652904713,9449.0,829.7,0.0,0.0,0.0,0.0,0.0,7329.6667772389
1042,0.52125,0.52125,12.3186495,121.43294900000001,0.0,46358.33524405401,-242877.5204148537,9449.0,832.45,0.0,0.0,0.0,0.0,0.0,7110.363652462434
1043,0.52175,0.52175,12.308109,121.437374,0.0,47191.91660493989,-243964.28553151595,9449.0,826.9,0.0,0.0,0.0,0.0,0.0,7327.592436798407
1044,0.52225,0.52225,12.328266,121.4349175,0.0,46972.401422230425,-241584.32163173752,9449.0,848.2,0.0,0.0,0.0,0.0,0.0,7275.73682157485
1045,0.52275,0.52275,12.3111645,121.43655749999999,0.0,46873.2333846766,-244417.5166785479,9140.5,848.2,0.0,0.0,0.0,0.0,0.0,7272.446930922105
1046,0.52325,0.52325,12.326448,121.43018749999999,0.0,45888.05554568082,-241554.79933793555,9441.0,838.95,0.0,0.0,0.0,0.0,0.0,7249.351821323804
1047,0.52375,0.52375,12.314976,121.449905,0.0,48056.23644296738,-242728.18542209992,8854.0,844.5,0.0,0.0,0.0,0.0,0.0,7489.188689622153
1048,0.52425,0.52425,12.30256,121.4426995,0.0,47726.57073871909,-244655.3629551672,8847.0,839.0,0.0,0.0,0.0,0.0,0.0,7169.662046069114
1049,0.52475,0.52475,12.3169945,121.44701,0.0,47507.74664980984,-243138.32847554132,8995.5,841.75,0.0,0.0,0.0,0.0,0.0,7209.500624564787
1050,0.52525,0.52525,12.29831,121.454674,0.0,48522.35695222555,-244618.27939590937,8839.0,839.0,0.0,0.0,0.0,0.0,0.0,7417.818013355849
1051,0.52575,0.52575,12.30114,121.4404335,0.0,47371.03304050411,-244886.25953927214,9445.0,848.2,0.0,0.0,0.0,0.0,0.0,7299.6814817119375
1052,0.52625,0.52625,12.299744,121.456512,0.0,48038.93372649756,-244444.4814855045,8847.0,839.0,0.0,0.0,0.0,0.0,0.0,7212.827027524851
1053,0.52675,0.52675,12.297134,121.446358,0.0,48324.622144433655,-244877.36393285336,9441.0,835.3,0.0,0.0,0.0,0.0,0.0,7373.696180506066
1054,0.52725,0.52725,12.2910105,121.446121,0.0,48171.2725367915,-246092.61496472574,9437.5,843.6,0.0,0.0,0.0,0.0,0.0,7155.255054219009
1055,0.52775,0.52775,12.3022205,121.4423865,0.0,47614.33137090082,-244305.9880130737,9449.0,845.45,0.0,0.0,0.0,0.0,0.0,7345.395506625303
1056,0.52825,0.52825,12.290467,121.4642905,0.0,49465.07364509997,-246212.26087105717,8843.0,842.7,0.0,0.0,0.0,0.0,0.0,7258.269223218365
1057,0.52875,0.52875,12.276663,121.450386,0.0,47956.07142318506,-248127.1513477589,8839.0,842.7,0.0,0.0,0.0,0.0,0.0,7307.1264379210415
1058,0.52925,0.52925,12.279154,121.45679899999999,0.0,49083.11122092628,-247278.73288557702,8839.0,837.0999999999999,0.0,0.0,0.0,0.0,0.0,7287.824289813901
1059,0.52975,0.52975,12.283035,121.45575,0.0,49188.01144137429,-247569.06324006675,8839.0,839.0,0.0,0.0,0.0,0.0,0.0,7368.923391482651
1060,0.53025,0.53025,12.2545505,121.472374,0.0,50485.7968069981,-249383.8781445585,8847.0,839.0,0.0,0.0,0.0,0.0,0.0,7240.156979854027
1061,0.53075,0.53075,12.282808,121.455421,0.0,48607.346377043046,-246743.21737917225,8839.0,840.8,0.0,0.0,0.0,0.0,0.0,7270.532324650373
1062,0.53125,0.53125,12.2656305,121.4629975,0.0,49717.51291828462,-248764.18796241662,8839.0,836.2,0.0,0.0,0.0,0.0,0.0,7124.422883798958
1063,0.53175,0.53175,12.2697145,121.462124,0.0,49935.80842493882,-247843.15911284258,8988.0,836.2,0.0,0.0,0.0,0.0,0.0,7145.744942962841
1064,0.53225,0.53225,12.2773435,121.4638595,0.0,49591.13750886957,-248218.38691109038,9437.5,839.0,0.0,0.0,0.0,0.0,0.0,7237.688330493274
1065,0.53275,0.53275,12.279409999999999,121.452122,0.0,48835.80762173533,-246936.69681877858,8839.0,845.45,0.0,0.0,0.0,0.0,0.0,7382.240888019033
1066,0.53325,0.53325,12.274979,121.462387,0.0,49346.09503788461,-247657.352133772,8839.0,827.8,0.0,0.0,0.0,0.0,0.0,7097.620229322449
1067,0.53375,0.53375,12.2586355,121.480583,0.0,50718.311376220256,-249326.7794708586,8839.0,835.25,0.0,0.0,0.0,0.0,0.0,7284.1426841665025
1068,0.53425,0.53425,12.2711195,121.457882,0.0,49083.891887288875,-247892.47413092607,9064.0,844.5,0.0,0.0,0.0,0.0,0.0,7396.345710894743
1069,0.53475,0.53475,12.2592985,121.463627,0.0,49629.01834514741,-249874.3040459283,9129.0,831.55,0.0,0.0,0.0,0.0,0.0,7165.764494492179
1070,0.53525,0.53525,12.2568085,121.46439000000001,0.0,49780.19000822742,-249873.3588877463,9441.0,835.25,0.0,0.0,0.0,0.0,0.0,7082.913652272093
1071,0.53575,0.53575,12.266608,121.46653,0.0,49867.25314078573,-249466.60728425175,9434.0,848.2,0.0,0.0,0.0,0.0,0.0,7484.0366722553135
1072,0.53625,0.53625,12.259462,121.4717825,0.0,50147.18585520926,-249454.09783772583,9441.0,834.3499999999999,0.0,0.0,0.0,0.0,0.0,7175.4339106401185
1073,0.53675,0.53675,12.2553865,121.4658965,0.0,50353.639719930085,-250151.51338095052,9445.0,846.4,0.0,0.0,0.0,0.0,0.0,7362.945336463297
1074,0.53725,0.53725,12.253464000000001,121.464798,0.0,50109.03254923274,-249606.8242804265,8843.0,840.8,0.0,0.0,0.0,0.0,0.0,7393.579972529786
1075,0.53775,0.53775,12.232206000000001,121.478165,0.0,50838.7829196915,-252192.16549339626,8843.0,850.1,0.0,0.0,0.0,0.0,0.0,7400.0904773004195
1076,0.53825,0.53825,12.251106,121.477722,0.0,50668.83963820783,-250341.60137060945,8839.0,839.0,0.0,-1.7999999999999543,0.0,0.0,-0.0562500000000021,7154.72783897279
1077,0.53875,0.53875,12.253264,121.480278,0.0,51112.88963100548,-249604.48918374153,8839.0,840.8,0.0,0.0,0.0,0.0,0.0,7229.903992488912
1078,0.53925,0.53925,12.247902,121.472561,0.0,50422.231378346885,-250973.9677918977,9144.0,843.6,0.0,0.0,0.0,0.0,0.0,7437.844887449859
1079,0.53975,0.53975,12.242065,121.468513,0.0,50227.79810209214,-251174.7861067999,8847.0,837.1,0.0,0.0,0.0,0.0,0.0,7135.754778822832
1080,0.54025,0.54025,12.229473500000001,121.47475850000001,0.0,51233.725455372005,-252853.5538306253,9441.0,839.9,0.0,0.0,0.0,0.0,0.0,7393.643097914008
1081,0.54075,0.54075,12.214783,121.485176,0.0,50707.72591486397,-253907.18281337805,9441.0,840.8,0.0,0.0,0.0,0.0,0.0,7312.190102608074
1082,0.54125,0.54125,12.240306,121.474724,0.0,51175.1571624419,-251089.05469993933,9434.0,842.7,0.0,0.0,0.0,0.0,0.0,7354.468937955869
1083,0.54175,0.54175,12.231903,121.485756,0.0,50878.82599783731,-252065.01391914935,8847.0,842.7,0.0,-1.7999999999999543,0.0,0.0,-0.0545454545454531,7484.336181555745
1084,0.54225,0.54225,12.2369545,121.481243,0.0,51098.3528228549,-252003.57863732032,8843.0,838.95,0.0,0.0,0.0,0.0,0.0,7411.156349970641
1085,0.54275,0.54275,12.225723,121.480942,0.0,51558.18925356382,-253919.97024760503,9441.0,844.5,0.0,0.0,0.0,0.0,0.0,7412.218367108081
1086,0.54325,0.54325,12.2312715,121.486744,0.0,52056.533015179084,-253374.94756184032,8839.0,845.45,0.0,0.0,0.0,0.0,0.0,7326.308287091476
1087,0.54375,0.54375,12.220894,121.489128,0.0,51809.68672410531,-253198.6477621303,8847.0,833.4,0.0,0.0,0.0,0.0,0.0,7203.1346866279155
1088,0.54425,0.54425,12.226061,121.483055,0.0,52166.19937522777,-252721.17608760725,8839.0,833.4,0.0,0.0,0.0,0.0,0.0,7459.311482628495
1089,0.54475,0.54475,12.227341,121.480095,0.0,50962.06599731422,-253416.7569120081,8839.0,839.9,0.0,0.0,0.0,0.0,0.0,7245.776658418581
1090,0.54525,0.54525,12.225037,121.482719,0.0,52143.95619541575,-252723.73357445264,8847.0,839.0,0.0,0.0,0.0,0.0,0.0,7473.387626166976
1091,0.54575,0.54575,12.211751,121.4838255,0.0,51840.718417036325,-254947.1348012622,8847.0,838.05,0.0,0.0,0.0,0.0,0.0,7259.158214695299
1092,0.54625,0.54625,12.2047865,121.502903,0.0,53185.594829250025,-255442.45328616264,9147.5,842.7,0.0,0.0,0.0,0.0,0.0,7303.634663538551
1093,0.54675,0.54675,12.210256000000001,121.4860385,0.0,51169.9116756289,-255382.51913791674,8839.0,816.75,0.0,0.0,0.0,0.0,0.0,7077.361412049022
1094,0.54725,0.54725,12.202789,121.490509,0.0,52348.093544287934,-255524.6264504551,8847.0,827.8,0.0,0.0,0.0,0.0,0.0,7118.564014815916
1095,0.54775,0.54775,12.217243,121.480602,0.0,51368.72476906014,-254293.75250981015,9449.0,823.2,0.0,0.0,0.0,0.0,0.0,7232.422123322165
1096,0.54825,0.54825,12.204826,121.4887885,0.0,52736.54961173062,-255975.35570818183,8843.0,846.4,0.0,0.0,0.0,0.0,0.0,7296.557209590304
1097,0.54875,0.54875,12.199951,121.489899,0.0,52468.83037715348,-256139.2016589057,8847.0,846.4,0.0,0.0,0.0,0.0,0.0,7272.824997696934
1098,0.54925,0.54925,12.190582,121.4954185,0.0,52708.68654368854,-256857.4662796745,9445.0,844.5,0.0,0.0,0.0,0.0,0.0,7435.625540202891
1099,0.54975,0.54975,12.2018785,121.48682,0.0,52599.84030056691,-256320.56083476671,9441.0,846.4,0.0,0.0,0.0,0.0,0.0,7446.960018481143
1100,0.55025,0.55025,12.192169,121.489563,0.0,52678.3756122535,-256817.04686800943,8847.0,839.0,0.0,0.0,0.0,0.0,0.0,7147.577927058542
1101,0.55075,0.55075,12.177041,121.500504,0.0,53873.706226550144,-258566.59026040375,8847.0,833.4,0.0,0.0,0.0,0.0,0.0,7392.165004176383
1102,0.55125,0.55125,12.173172000000001,121.5002175,0.0,53913.308198354745,-260016.3517164885,9441.0,851.9,0.0,0.0,0.0,0.0,0.0,7219.915871222525
1103,0.55175,0.55175,12.210068,121.498962,0.0,53035.0608650592,-254411.1189169968,9441.0,848.2,0.0,0.0,0.0,0.0,0.0,7324.599730469989
1104,0.55225,0.55225,12.1848155,121.4979555,0.0,53552.302897152476,-257280.78595012348,8839.0,845.45,0.0,0.0,0.0,0.0,0.0,7316.519723431838
1105,0.55275,0.55275,12.182907,121.500984,0.0,53078.936110521696,-257412.27413249947,9441.0,839.0,0.0,0.0,0.0,0.0,0.0,7361.799763557624
1106,0.55325,0.55325,12.180486,121.498894,0.0,53439.62586577087,-258536.67878382097,9441.0,842.7,0.0,0.0,0.0,0.0,0.0,7348.092644320933
1107,0.55375,0.55375,12.183563,121.507416,0.0,54303.00661628215,-257842.3767028432,8839.0,839.0,0.0,0.0,0.0,0.0,0.0,7372.488187355723
1108,0.55425,0.55425,12.172386,121.494476,0.0,53339.61893401218,-259774.3912219004,9319.0,839.0,0.0,0.0,0.0,0.0,0.0,7374.622136871788
1109,0.55475,0.55475,12.162904000000001,121.504253,0.0,54064.26762141324,-259664.58608017,9449.0,839.0,0.0,0.0,0.0,0.0,0.0,7383.313803027941
1110,0.55525,0.55525,12.168756,121.501831,0.0,54213.09419588026,-260121.0974820688,8839.0,844.5,0.0,0.0,0.0,0.0,0.0,7191.095090219691
1111,0.55575,0.55575,12.176628000000001,121.496834,0.0,53389.42457787253,-258452.55970562433,9144.0,842.65,0.0,0.0,0.0,0.0,0.0,7324.936876975071
1112,0.55625,0.55625,12.171315,121.510162,0.0,54937.15145420848,-259130.12692702765,8847.0,837.1,0.0,0.0,0.0,0.0,0.0,7400.960932178566
1113,0.55675,0.55675,12.155417499999999,121.50637800000001,0.0,53872.29329061521,-261704.62661967432,8847.0,832.45,0.0,-0.8999999999999772,0.0,0.0,-0.02727272727272655,7284.806246676335
1114,0.55725,0.55725,12.1666105,121.513668,0.0,55156.80368679733,-259243.43471378545,8839.0,839.9,0.0,0.0,0.0,0.0,0.0,7185.728702771401
1115,0.55775,0.55775,12.172805499999999,121.495979,0.0,52469.8801714034,-259187.94836874888,9449.0,845.45,0.0,0.0,0.0,0.0,0.0,7465.779155669554
1116,0.55825,0.55825,12.163696000000002,121.517292,0.0,54142.40941256107,-261055.0805584904,8847.0,833.4,0.0,0.0,0.0,0.0,0.0,7346.944078470605
1117,0.55875,0.55875,12.137285,121.510681,0.0,55073.10014666786,-262512.4588775711,9434.0,829.7,0.0,0.0,0.0,0.0,0.0,7186.755746884273
1118,0.55925,0.55925,12.151199,121.508209,0.0,54401.587886515365,-261337.34926966295,8839.0,840.8,0.0,0.0,0.0,0.0,0.0,7297.897644887934
1119,0.55975,0.55975,12.146942500000002,121.5193865,0.0,55129.79710241685,-262498.5038950015,8839.0,828.75,0.0,0.0,0.0,0.0,0.0,7041.569614804635
1120,0.56025,0.56025,12.148924,121.517357,0.0,55038.627375337855,-261712.6326654512,8847.0,833.4,0.0,0.0,0.0,0.0,0.0,7234.345937150815
1121,0.56075,0.56075,12.145013,121.5078465,0.0,54605.17887276276,-262128.66905814502,9049.0,824.1,0.0,0.0,0.0,0.0,0.0,7119.788358860549
1122,0.56125,0.56125,12.136925,121.516983,0.0,55722.30028848395,-263145.6036644207,8839.0,846.4,0.0,0.0,0.0,0.0,0.0,7341.299750855586
1123,0.56175,0.56175,12.138566,121.512428,0.0,55283.553193787564,-262743.57785183634,9384.5,834.3499999999999,0.0,0.0,0.0,0.0,0.0,7293.726901757902
1124,0.56225,0.56225,12.145992,121.517864,0.0,55422.07429583193,-261553.2345179365,8847.0,835.25,0.0,-0.8999999999999772,0.0,0.0,-0.02812499999999925,7167.196847562587
1125,0.56275,0.56275,12.139947,121.512524,0.0,55142.53751256458,-262977.8102883484,9140.5,837.15,0.0,0.0,0.0,0.0,0.0,7375.737756729716
1126,0.56325,0.56325,12.133171,121.51770400000001,0.0,55507.920967085796,-263379.1133329114,8850.5,846.35,0.0,0.0,0.0,0.0,0.0,7309.983273660404
1127,0.56375,0.56375,12.132444,121.52520000000001,0.0,56021.3626199449,-263792.53664121963,9365.0,841.75,0.0,0.0,0.0,0.0,0.0,7307.140478436985
1128,0.56425,0.56425,12.1204635,121.527012,0.0,56461.47866916938,-264975.2631121235,8847.0,845.45,0.0,0.0,0.0,0.0,0.0,7312.448214706004
1129,0.56475,0.56475,12.154512,121.513634,0.0,54324.37926602192,-260600.7930581963,9445.0,843.6,0.0,0.0,0.0,0.0,0.0,7353.164019797826
1130,0.56525,0.56525,12.137891,121.522957,0.0,55603.807247043,-262671.1342570644,9441.0,818.6,0.0,0.0,0.0,0.0,0.0,7251.647659911857
1131,0.56575,0.56575,12.110826,121.5279505,0.0,56705.375315470585,-266189.45779073343,8843.0,851.9,0.0,0.0,0.0,0.0,0.0,7323.152168746436
1132,0.56625,0.56625,12.130559,121.517929,0.0,55463.29933729404,-263539.0674558269,9449.0,836.2,0.0,0.0,0.0,0.0,0.0,7304.272254759244
1133,0.56675,0.56675,12.114708,121.52636,0.0,56517.36464431434,-265002.0055289195,8847.0,848.2,0.0,0.0,0.0,0.0,0.0,7434.916058801981
1134,0.56725,0.56725,12.112882,121.523682,0.0,55754.73770424343,-266161.5478255949,9449.0,840.8,0.0,0.0,0.0,0.0,0.0,7354.527578152565
1135,0.56775,0.56775,12.119456,121.528824,0.0,56162.067999856794,-264951.52296249353,8839.0,840.8,0.0,0.0,0.0,0.0,0.0,7363.384200354954
1136,0.56825,0.56825,12.104094,121.52845,0.0,57109.57438506854,-266280.74895160535,8847.0,827.8,0.0,0.0,0.0,0.0,0.0,7140.251382813353
1137,0.56875,0.56875,12.1141495,121.52574150000001,0.0,56073.67837458089,-265191.5375431776,8839.0,820.45,0.0,0.0,0.0,0.0,0.0,7097.207357859761
1138,0.56925,0.56925,12.122108,121.5272295,0.0,56216.18674188042,-264451.42308914324,9430.0,837.1,0.0,0.0,0.0,0.0,0.0,7307.046707743873
1139,0.56975,0.56975,12.124065,121.5318715,0.0,56670.69942035781,-264885.97346269584,8843.0,828.75,0.0,0.0,0.0,0.0,0.0,7234.464504143449
1140,0.57025,0.57025,12.103534,121.53007099999999,0.0,57029.17122362599,-266772.34240131767,8930.5,839.9,0.0,0.0,0.0,0.0,0.0,7336.243671639248
1141,0.57075,0.57075,12.102036,121.537392,0.0,57702.607838063275,-268736.04751824186,9449.0,846.4,0.0,0.0,0.0,0.0,0.0,7470.380352290272
1142,0.57125,0.57125,12.1096575,121.529003,0.0,56914.6722964661,-265768.75120466994,8839.0,840.8,0.0,0.0,0.0,0.0,0.0,7300.613921775913
1143,0.57175,0.57175,12.093979,121.54213,0.0,57682.851036688706,-268369.3261436315,8839.0,833.4,0.0,0.0,0.0,0.0,0.0,7369.760543346724
1144,0.57225,0.57225,12.095505,121.534134,0.0,57462.78101045773,-267927.3256997032,8847.0,846.35,0.0,0.0,0.0,0.0,0.0,7284.0374463443795
1145,0.57275,0.57275,12.094597,121.529068,0.0,56172.28361257189,-268146.8247880844,8847.0,831.55,0.0,0.0,0.0,0.0,0.0,7212.948668866917
1146,0.57325,0.57325,12.093613999999999,121.545448,0.0,58195.489991604925,-267354.6710365007,8839.0,819.5,0.0,0.0,0.0,0.0,0.0,6961.359534382481
1147,0.57375,0.57375,12.099857,121.534836,0.0,57922.54550861304,-267793.1132378616,8854.0,840.8,0.0,0.0,0.0,0.0,0.0,7399.428847701206
1148,0.57425,0.57425,12.076675,121.535866,0.0,57267.35198718943,-269425.34582060936,8847.0,833.4,0.0,0.0,0.0,0.0,0.0,7399.869185105627
1149,0.57475,0.57475,12.083821,121.533871,0.0,57751.09663090819,-268578.2061018504,8839.0,837.1,0.0,0.0,0.0,0.0,0.0,7374.016924677379
1150,0.57525,0.57525,12.077699,121.548012,0.0,58380.38317083831,-269209.2937797158,9441.0,829.7,0.0,0.0,0.0,0.0,0.0,7165.2383290140915
1151,0.57575,0.57575,12.078537,121.540703,0.0,57980.093122494254,-269043.6131101675,8839.0,839.0,0.0,-1.7999999999999543,0.0,0.0,-0.0575757575757568,7351.582956592245
1152,0.57625,0.57625,12.081329499999999,121.5469515,0.0,58497.28476776468,-268774.9657963236,8843.0,849.1500000000001,0.0,0.0,0.0,0.0,0.0,7310.445293215099
1153,0.57675,0.57675,12.066193,121.539711,0.0,58357.576430442576,-270553.19751941826,8839.0,831.5,0.0,0.0,0.0,0.0,0.0,7354.362732222715
1154,0.57725,0.57725,12.064911,121.553024,0.0,59423.21214652242,-271223.4814630661,9441.0,833.4,0.0,0.0,0.0,0.0,0.0,7178.080407851556
1155,0.57775,0.57775,12.070358,121.545822,0.0,58842.85038411008,-270298.22720044275,9182.0,844.5,0.0,0.0,0.0,0.0,0.0,7508.606763359827
1156,0.57825,0.57825,12.096909,121.546516,0.0,58345.08730056765,-268191.4140152578,8847.0,840.8,0.0,0.0,0.0,0.0,0.0,7266.154056977477
1157,0.57875,0.57875,12.068342,121.545937,0.0,59032.59056693569,-270979.853042274,9449.0,844.5,0.0,0.0,0.0,0.0,0.0,7325.239439658231
1158,0.57925,0.57925,12.064757,121.549133,0.0,59307.91440016552,-270554.976640702,9373.0,833.4,0.0,0.0,0.0,0.0,0.0,7116.468215929564
1159,0.57975,0.57975,12.065597499999999,121.543766,0.0,58466.87689511574,-270964.6749138223,8839.0,844.55,0.0,0.0,0.0,0.0,0.0,7367.827595576955
1160,0.58025,0.58025,12.085662,121.5403325,0.0,57941.06439939193,-269150.9163625933,9155.5,832.45,0.0,0.0,0.0,0.0,0.0,7109.939560576124
1161,0.58075,0.58075,12.062057,121.55188,0.0,59240.58909020406,-271182.0056981388,8847.0,837.1,0.0,0.0,0.0,0.0,0.0,7306.452429714144
1162,0.58125,0.58125,12.06364,121.549797,0.0,58682.98164174699,-271361.69694779615,8847.0,833.4,0.0,0.0,0.0,0.0,0.0,7168.162652915404
1163,0.58175,0.58175,12.050392500000001,121.554447,0.0,59652.495328389254,-272474.25932307274,9308.0,825.05,0.0,0.0,0.0,0.0,0.0,7152.564939451706
1164,0.58225,0.58225,12.057953,121.561989,0.0,59002.57733359878,-271878.6428758017,9205.0,840.8,0.0,0.0,0.0,0.0,0.0,7157.920721008156
1165,0.58275,0.58275,12.045589,121.561211,0.0,60118.62819941459,-273459.16974624136,8847.0,840.8,0.0,0.0,0.0,0.0,0.0,7307.786571081648
1166,0.58325,0.58325,12.072957500000001,121.5568545,0.0,60075.140345180844,-270348.7653644089,8839.0,837.15,0.0,0.0,0.0,0.0,0.0,7207.736273792705
1167,0.58375,0.58375,12.049349,121.565987,0.0,60576.62679664812,-272442.9579079873,8854.0,835.3,0.0,-1.7999999999999543,0.0,0.0,-0.0545454545454531,7176.114777558314
1168,0.58425,0.58425,12.060195,121.551941,0.0,59604.17708311658,-271687.6653255009,8843.0,841.75,0.0,0.0,0.0,0.0,0.0,7239.783212570552
1169,0.58475,0.58475,12.026573500000001,121.5668335,0.0,60435.80145504829,-274850.1646024226,8999.5,840.8,0.0,0.0,0.0,0.0,0.0,7142.556991218273
1170,0.58525,0.58525,12.03978,121.559837,0.0,60440.52748568601,-273338.8566694288,9106.0,835.3,-7.0,0.0,0.0,0.0,0.0,7167.571148536348
1171,0.58575,0.58575,12.038595,121.56505200000001,0.0,60385.22001654346,-274563.0033077196,8843.0,843.6,0.0,0.0,0.0,0.0,0.0,7321.2038669556605
1172,0.58625,0.58625,12.036407,121.5598375,0.0,60421.92205807817,-274073.57816207176,8847.0,840.8,0.0,0.0,0.0,0.0,0.0,7263.614655278159
1173,0.58675,0.58675,12.049916499999998,121.562664,0.0,60467.55255846571,-273155.9407624445,8843.0,814.9000000000001,0.0,0.0,0.0,0.0,0.0,7073.180224739323
1174,0.58725,0.58725,12.038681,121.556808,0.0,60278.7077149202,-274723.2354183363,8847.0,837.1,0.0,0.0,0.0,0.0,0.0,7258.913567067972
1175,0.58775,0.58775,12.0428165,121.5568545,0.0,59785.75179394116,-273800.4830450182,8839.0,850.0999999999999,0.0,0.0,0.0,0.0,0.0,7443.86720200821
1176,0.58825,0.58825,12.028586,121.569359,0.0,60981.8226600496,-274573.2332551009,8847.0,827.8,0.0,0.0,0.0,0.0,0.0,7209.092703951691
1177,0.58875,0.58875,12.023392,121.571297,0.0,61204.626159360334,-275520.17055837,8839.0,840.8,-7.0,0.0,0.0,0.0,0.0,7160.761658304931
1178,0.58925,0.58925,12.013504,121.570946,0.0,61574.99830017816,-276632.12136070523,8839.0,846.4,0.0,0.0,0.0,0.0,0.0,7315.590558538992
1179,0.58975,0.58975,12.008286,121.576828,0.0,61077.16580785556,-278076.43425785867,8847.0,835.3,0.0,0.0,0.0,0.0,0.0,7299.442135900814
1180,0.59025,0.59025,12.0065,121.567284,0.0,61094.56940441084,-277036.7602576751,9014.0,835.3,0.0,-1.7999999999999543,0.0,0.0,-0.0580645161290307,7315.185129548335
1181,0.59075,0.59075,12.018677,121.566902,0.0,61002.59340000703,-276404.2826413068,8847.0,844.5,0.0,0.0,0.0,0.0,0.0,7297.6087320940815
1182,0.59125,0.59125,12.012512999999998,121.56750149999999,-0.3,61256.65098802744,-276529.71069181024,9327.0,842.65,0.0,0.0,0.0,0.0,0.0,7305.109369579337
1183,0.59175,0.59175,12.000733499999999,121.58015800000001,-0.3,61989.91653180501,-277716.32899052236,8839.0,818.55,-3.5,-0.8999999999999772,0.0,0.0,-0.02812500000000105,7044.826209333163
1184,0.59225,0.59225,12.014694,121.569939,0.0,61332.82538100926,-276199.57249859686,8839.0,829.7,0.0,0.0,0.0,0.0,0.0,7291.501771767907
1185,0.59275,0.59275,12.005536500000002,121.5711325,0.0,61414.23340707009,-277783.60201406374,8839.0,835.25,0.0,0.0,0.0,0.0,0.0,7349.377106029189
1186,0.59325,0.59325,11.998259000000001,121.57371900000001,-0.15,61975.23006050574,-278402.56942818355,8847.0,834.3499999999999,0.0,0.0,0.0,0.0,0.0,7231.027555311826
1187,0.59375,0.59375,12.000366,121.575188,0.0,62089.86109334018,-277737.8452385476,9266.0,840.8,0.0,-1.7999999999999543,0.0,0.0,-0.0562499999999985,7478.623731027925
1188,0.59425,0.59425,12.00396,121.57281850000001,-0.5,61450.30176658444,-277555.87448974536,9204.5,833.4,0.0,0.0,0.0,0.0,0.0,7142.207504721295
1189,0.59475,0.59475,12.0163945,121.568184,0.0,61037.1043853688,-276917.22554642387,8839.0,831.5,0.0,0.0,0.0,0.0,0.0,7165.314053620114
1190,0.59525,0.59525,11.997528,121.575844,0.0,61992.26726355412,-278042.29736822675,9258.0,827.8,0.0,0.0,0.0,0.0,0.0,7302.987747261806
1191,0.59575,0.59575,11.994598,121.582901,-0.3,62831.08068396601,-279310.9220386115,8839.0,827.8,-8.0,-1.7999999999999543,0.0,0.0,-0.0575757575757603,7197.8177850162865
1192,0.59625,0.59625,11.976883,121.583138,-0.3,62795.82213901499,-280637.0345654763,8839.0,805.6,-8.0,0.0,0.0,0.0,0.0,7065.1180702871425
1193,0.59675,0.59675,11.979309,121.588058,-0.3,63177.52198742256,-280092.40106249275,9220.0,835.3,0.0,0.0,0.0,0.0,0.0,7282.424295167767
1194,0.59725,0.59725,11.979287,121.590752,-0.7,63372.41331150687,-280555.862156906,9243.0,842.7,-7.0,-1.7999999999999543,0.0,0.0,-0.0575757575757568,7327.962696182422
1195,0.59775,0.59775,11.990362000000001,121.58159599999999,-0.15,62517.32890212342,-279002.85606882436,8839.0,836.2,-3.5,0.0,0.0,0.0,0.0,7278.0742931393615
1196,0.59825,0.59825,11.991996,121.57863599999999,0.0,62046.824926231246,-279545.6548529844,8847.0,822.3,0.0,0.0,0.0,0.0,0.0,7171.811073410598
1197,0.59875,0.59875,11.9743765,121.5817185,0.0,62930.33855806169,-280944.2109746215,8839.0,839.0,-3.5,-1.8000000000000114,0.0,0.0,-0.0562500000000021,7032.432197071481
1198,0.59925,0.59925,11.973495,121.585129,0.0,63266.6991462339,-280737.22133276693,8839.0,824.1,0.0,0.0,0.0,0.0,0.0,7127.268406385549
1199,0.59975,0.59975,11.974904,121.581573,0.0,62614.07267674827,-280765.2424929857,8839.0,833.4,-7.0,0.0,0.0,0.0,0.0,7182.934515048937
1200,0.60025,0.60025,11.991554,121.575432,0.0,61951.12253667925,-279573.89840336365,8839.0,826.0,0.0,0.0,0.0,0.0,0.0,7147.702736594745
1201,0.60075,0.60075,11.96965,121.591187,-0.3,63605.740439750465,-281415.2889320308,8847.0,829.7,-8.0,0.0,0.0,0.0,0.0,7204.6310715103555
1202,0.60125,0.60125,11.974283,121.58867649999999,-0.5,62892.06349115299,-281294.1974896566,8839.0,845.45,-8.0,-0.8999999999999772,0.0,0.0,-0.02727272727272655,7300.511376270282
1203,0.60175,0.60175,11.972763,121.592003,-0.3,63449.71945970632,-281024.7718102506,8839.0,833.4,-7.0,0.0,0.0,0.0,0.0,7170.110051193838
1204,0.60225,0.60225,11.960606,121.600197,-0.3,64337.648298449865,-282751.40901611693,8839.0,827.8,-8.0,0.0,0.0,0.0,0.0,7299.55299991963
1205,0.60275,0.60275,11.958893,121.589149,-0.3,63402.1779791161,-282444.95537499344,8992.0,835.3,-7.0,0.0,0.0,0.0,0.0,7222.832873348063
1206,0.60325,0.60325,11.963656,121.5998805,-3.25,64512.905352849004,-282765.19720606605,8839.0,832.45,-11.5,-0.8999999999999772,0.0,0.0,-0.02812499999999925,7307.974172652843
1207,0.60375,0.60375,11.955038,121.592346,-3.9,63866.74890029885,-282787.21383195225,8847.0,839.0,-8.0,-1.7999999999999543,0.0,0.0,-0.0562500000000021,7225.600695944016
1208,0.60425,0.60425,11.9479985,121.595806,-4.6,64282.94894836089,-284430.0099473224,8835.5,839.9,-19.0,-0.8999999999999772,0.0,0.0,-0.0287878787878784,7359.699552438965
1209,0.60475,0.60475,11.957734,121.59008,-3.3,63532.98098561186,-282750.74184563576,8839.0,826.0,-15.0,0.0,0.0,0.0,0.0,7269.343864917103
1210,0.60525,0.60525,11.952194,121.593697,-0.3,63844.112954810065,-283385.3321685283,8839.0,826.0,-8.0,-1.900000000000091,0.0,0.0,-0.061290322580648,7281.617098416967
1211,0.60575,0.60575,11.937149,121.601967,-3.9,64752.84254739421,-284898.3636252663,8839.0,820.4,-8.0,-1.7999999999999543,0.0,0.0,-0.0562500000000021,7190.489639487799
1212,0.60625,0.60625,11.974525499999999,121.5927505,-4.550000000000001,64081.53123457821,-281935.7375050638,8847.0,824.1,-22.5,-0.8999999999999772,0.0,0.0,-0.02812499999999925,7324.323499924818
1213,0.60675,0.60675,11.948306500000001,121.59310149999999,-4.2,63551.235295217775,-284470.5405540678,8839.0,837.1,-23.0,0.0,0.0,0.0,0.0,7280.088781852899
1214,0.60725,0.60725,11.9235995,121.607147,-2.6,64853.66113241571,-287066.05611687887,8832.0,822.3,-11.5,0.0,0.0,0.0,0.0,7314.516564878606
1215,0.60775,0.60775,11.95331,121.6026,-0.8,63992.576767602404,-283575.92053604865,8839.0,817.65,0.0,-0.8999999999999772,0.0,0.0,-0.02727272727272655,7102.007173084081
1216,0.60825,0.60825,11.9448305,121.5952835,-2.25,64281.97889453152,-284406.38099277276,8847.0,826.0,-11.5,0.0,0.0,0.0,0.0,7288.305978864221
1217,0.60875,0.60875,11.939531,121.603874,-4.6,64862.81625107082,-284607.25490521465,8854.0,824.1,-99.0,0.0,0.0,0.0,0.0,7250.364503156723
1218,0.60925,0.60925,11.946794,121.602173,-4.6,64967.84872612242,-283830.0012943823,9037.0,829.7,-30.0,-1.7999999999999543,0.0,0.0,-0.0575757575757568,7171.832028917035
1219,0.60975,0.60975,11.928490499999999,121.610077,-3.75,65751.92382734682,-285728.156911509,8839.0,823.2,-38.0,-0.9000000000000341,0.0,0.0,-0.0300000000000011,7149.106062798395
1220,0.61025,0.61025,11.934486499999998,121.6037785,-2.45,64602.8265375247,-285240.3440945244,8839.0,803.8,-11.5,0.0,0.0,0.0,0.0,7204.133627035317
1221,0.61075,0.61075,11.929321,121.613632,0.0,65805.70835575832,-286387.48813975364,8839.0,820.4,0.0,-1.8000000000000682,0.0,0.0,-0.0545454545454566,7105.193230342158
1222,0.61125,0.61125,11.923645,121.608124,-4.9,65067.31592581699,-286963.7010455237,8847.0,836.2,-65.0,-1.8999999999999773,0.0,0.0,-0.0593749999999992,7370.649511644893
1223,0.61175,0.61175,11.932116,121.602627,-4.75,64625.4386636391,-285730.99238605483,8862.0,838.05,-68.5,-1.849999999999966,0.0,0.0,-0.05967741935483755,7349.439874796874
1224,0.61225,0.61225,11.922226,121.614388,-5.2,66438.3453095871,-286940.7948589959,8839.0,829.7,-130.0,0.0,0.0,0.0,0.0,7328.522421525678
1225,0.61275,0.61275,11.914487,121.610321,-1.6,65595.67158926076,-287792.1043932634,8839.0,811.2,-8.0,0.0,0.0,0.0,0.0,7012.463556782102
1226,0.61325,0.61325,11.93497,121.599808,-1.0,64410.40765135835,-285507.0454944645,8847.0,809.3,-8.0,0.0,0.0,0.0,0.0,7211.266711887727
1227,0.61375,0.61375,11.926357,121.612488,-4.9,65862.01791105246,-286695.27612183994,8832.0,822.3,-76.0,-3.699999999999932,0.0,0.0,-0.1121212121212135,7198.256953804482
1228,0.61425,0.61425,11.919754,121.60482,-4.2,65321.48758463241,-287079.3439289664,8839.0,826.0,-15.0,0.0,0.0,0.0,0.0,6994.52829742407
1229,0.61475,0.61475,11.912159,121.61451,-2.9,66254.99726137306,-288332.06770287774,8847.0,827.8,-15.0,0.0,0.0,0.0,0.0,7272.821023704439
1230,0.61525,0.61525,11.920335,121.615379,-4.6,65699.91534091532,-287508.00096326676,8847.0,833.4,-46.0,-1.900000000000091,0.0,0.0,-0.11212121212121,7198.30596467319
1231,0.61575,0.61575,11.893118999999999,121.61491799999999,-4.9,66568.6902111762,-289948.5105842324,8835.5,837.0999999999999,-61.0,-3.6999999999999886,0.0,0.0,-0.11387310606060569,7437.803250741121
1232,0.61625,0.61625,11.899357,121.611267,-4.9,65665.2120404506,-289040.0467787246,8832.0,829.7,-68.0,-3.699999999999932,0.0,0.0,-0.108823529411766,7159.3478641033
1233,0.61675,0.61675,11.907257,121.617325,-4.6,66138.0818379966,-288727.8109934287,8778.0,822.3,-23.0,-3.7000000000000455,0.0,0.0,-0.2312499999999993,7290.975997101195
1234,0.61725,0.61725,11.910187,121.616676,-5.2,65838.44178265735,-288885.26322703937,8717.0,814.9,-129.0,-7.399999999999977,0.0,0.0,-0.2387096774193541,7092.168091815729
1235,0.61775,0.61775,11.896983,121.616661,-5.2,66610.47884568704,-289213.3999088085,8839.0,820.4,-84.0,0.0,0.0,0.0,0.0,7073.54306262506
1236,0.61825,0.61825,11.898468000000001,121.6195445,-5.2,66926.44006155404,-289719.72670665185,8839.0,825.95,-156.0,-1.900000000000034,0.0,0.0,-0.08772727272727125,7219.54425529186
1237,0.61875,0.61875,11.881073,121.626801,-4.9,66511.98730895981,-292415.03985397296,8748.0,827.8,-31.0,0.0,0.0,0.0,0.0,7216.650595693687
1238,0.61925,0.61925,11.908781000000001,121.6227645,-4.9,67286.0089818117,-288730.5352728943,8801.0,825.05,-141.0,-1.900000000000091,0.0,0.0,-0.0848484848484869,7163.6765917792045
1239,0.61975,0.61975,11.886462,121.630264,-4.9,67499.48499445712,-290740.55314073584,8740.0,824.1,-145.0,-5.600000000000023,0.0,0.0,-0.3363636363636336,7189.182706709226
1240,0.62025,0.62025,11.8916015,121.622917,-5.35,67031.22344002876,-290480.9126283905,8832.0,814.85,-99.0,0.0,0.0,0.0,0.0,7107.591484003591
1241,0.62075,0.62075,11.893799000000001,121.62154,-4.9,66792.70145209218,-290732.1023146381,8839.0,817.6500000000001,-53.5,0.0,0.0,0.0,0.0,7106.1017421893885
1242,0.62125,0.62125,11.889175,121.626602,-5.2,67539.08789055387,-290622.24157536763,8839.0,811.2,-23.0,0.0,0.0,0.0,0.0,7088.485958263845
1243,0.62175,0.62175,11.881922,121.6194225,-5.050000000000001,66307.40655360362,-291648.8501536235,8793.5,817.65,-69.0,0.0,0.0,0.0,0.0,7127.977261125412
1244,0.62225,0.62225,11.8789215,121.63211799999999,-8.45,67817.18608040933,-291276.90261024237,8736.5,819.5,-164.0,-2.7999999999999545,0.0,0.0,-0.1174899193548401,7203.087723346741
1245,0.62275,0.62275,11.884640000000001,121.63156900000001,-6.85,67901.59506537433,-291708.673106789,8827.5,830.6,-152.0,-1.8500000000000227,0.0,0.0,-0.1806451612903233,7144.674429903369
1246,0.62325,0.62325,11.891117,121.627373,-4.6,67362.398548081,-290571.536618781,8839.0,826.0,-23.0,0.0,0.0,0.0,0.0,7191.610443543603
1247,0.62375,0.62375,11.863724,121.631279,-5.2,68148.05859660443,-293190.0695632007,8832.0,818.6,-38.0,-1.8999999999999773,0.0,0.0,-0.0593749999999992,6934.411668696728
1248,0.62425,0.62425,11.859974,121.62615600000001,-7.35,67436.68220887927,-293400.8954353231,8641.0,805.65,-80.5,-1.900000000000091,0.0,0.0,-0.17343750000000036,6947.061041080251
1249,0.62475,0.62475,11.873241,121.637924,-5.2,67768.61505231468,-292488.7621921675,8733.0,818.6,-84.0,-1.7999999999999543,0.0,0.0,-0.0575757575757568,7098.019937732305
1250,0.62525,0.62525,11.864371,121.635086,-8.0,68201.56772875022,-293554.733828826,8759.0,831.55,-141.0,-1.900000000000091,0.0,0.0,-0.17355816226784,7282.848498159512
1251,0.62575,0.62575,11.86377,121.63504,-4.9,68363.14924886939,-294041.0455122274,8748.0,814.9,-137.0,-1.8000000000000682,0.0,0.0,-0.11212121212121,7040.264560603475
1252,0.62625,0.62625,11.846283,121.64040750000001,-9.1,68578.79596970702,-295051.69759647007,8664.0,817.6500000000001,-140.5,-1.900000000000091,0.0,0.0,-0.2008308895405666,7131.460016139579
1253,0.62675,0.62675,11.8662925,121.631565,-6.7,67976.99641569747,-292736.4492333876,8824.0,787.1,-34.0,0.0,0.0,0.0,0.0,7018.82409732519
1254,0.62725,0.62725,11.859329,121.636337,-5.5,68770.51522458192,-293853.2370217132,8809.0,826.0,-76.0,-1.8999999999999773,0.0,0.0,-0.0612903225806444,7102.956695436489
1255,0.62775,0.62775,11.839352,121.645447,-9.4,69489.62864110162,-296642.45441429096,8382.0,805.6,-160.0,-1.8000000000000682,0.0,0.0,-0.2874999999999978,7061.483386442115
1256,0.62825,0.62825,11.8223645,121.64823150000001,-10.4,69702.42414274224,-300289.3194607103,8721.0,827.8,-145.0,-4.650000000000034,0.0,0.0,-0.2349798387096767,7064.259306789272
1257,0.62875,0.62875,11.840149,121.64801,-9.8,69674.19495632488,-297080.22944517055,8550.0,807.5,-138.0,-3.699999999999932,0.0,0.0,-0.1233333333333348,6960.719968052534
1258,0.62925,0.62925,11.843494,121.641762,-10.4,69327.44091610305,-295235.94784441736,8649.0,824.1,-160.0,-1.900000000000091,0.0,0.0,-0.1193548387096788,7061.218223493807
1259,0.62975,0.62975,11.8421475,121.6424485,-4.9,69140.27168162548,-295729.3204154133,8553.5,808.4000000000001,-38.5,-3.699999999999932,0.0,0.0,-0.14813508064516234,7089.19666144113
1260,0.63025,0.63025,11.832229,121.642662,-10.7,68963.77240941026,-296581.9642906438,8565.0,818.6,-137.0,-3.699999999999932,0.0,0.0,-0.171875,7077.045919193383
1261,0.63075,0.63075,11.841614,121.646362,-8.8,69392.60190165532,-295813.1615059094,8481.0,796.4,-160.0,-7.399999999999977,0.0,0.0,-0.2312499999999993,7034.456312645168
1262,0.63125,0.63125,11.814651,121.648247,-9.8,69575.6968373581,-299714.4408959029,8534.0,816.7,-144.0,-1.900000000000091,0.0,0.0,-0.2312499999999993,7046.501994206839
1263,0.63175,0.63175,11.820824,121.65686,-10.7,70690.42121899444,-298621.170867047,8504.0,811.2,-152.0,-1.8999999999999773,0.0,0.0,-0.1121212121212135,7025.050461980825
1264,0.63225,0.63225,11.829851999999999,121.65826,-8.8,70528.91999872481,-297363.9992899266,8664.0,821.3499999999999,-145.0,-1.8999999999999773,0.0,0.0,-0.29590909090909123,6999.910251575186
1265,0.63275,0.63275,11.8173795,121.65578049999999,-10.4,70471.50803689272,-298933.1286646419,8572.5,817.6500000000001,-148.5,-1.8999999999999773,0.0,0.0,-0.22774621212121315,7072.0096689868515
1266,0.63325,0.63325,11.818954,121.645927,-10.4,69501.8993775896,-297894.73340788146,8649.0,807.5,-145.0,-1.900000000000091,0.0,0.0,-0.2874999999999978,7094.485731919155
1267,0.63375,0.63375,11.832504,121.655495,-10.4,70267.79172026039,-296583.63221684773,8504.0,796.4,-160.0,-1.8999999999999773,0.0,0.0,-0.1727272727272706,7031.380177887813
1268,0.63425,0.63425,11.829559,121.6519815,-8.3,69960.89024404607,-296841.2156202086,8515.0,793.5999999999999,-65.0,-1.849999999999966,0.0,0.0,-0.058719758064514946,7017.330189897781
1269,0.63475,0.63475,11.80188,121.662125,-10.1,71275.4500434209,-300136.87100571004,8519.0,800.1,-106.0,-1.8999999999999773,0.0,0.0,-0.2387096774193541,6743.475552516519
1270,0.63525,0.63525,11.8091355,121.651291,-7.65,70492.95260191086,-299047.2148169618,8637.0,812.0999999999999,-141.0,-1.8999999999999773,0.0,0.0,-0.21666666666666473,7176.676666643692
1271,0.63575,0.63575,11.8217105,121.657997,-10.4,70902.40198078955,-298307.7119358687,8508.0,803.75,-137.0,-1.8999999999999773,0.0,0.0,-0.1174899193548383,6997.510634414848
1272,0.63625,0.63625,11.801743,121.654312,-9.4,70424.81034207645,-299867.3341312238,8367.0,796.4,-167.0,-3.699999999999932,0.0,0.0,-0.1193548387096752,6967.99547870676
1273,0.63675,0.63675,11.7984085,121.66126600000001,-10.899999999999999,71092.96234199856,-300606.16984183574,8481.0,814.9,-190.5,-1.8999999999999773,0.0,0.0,-0.2314760508308888,7163.652862714778
1274,0.63725,0.63725,11.813514999999999,121.65395699999999,-10.7,70653.01232741919,-299002.7367848683,8382.0,803.75,-183.0,-2.8000000000000114,0.0,0.0,-0.2293087121212135,6988.659147738226
1275,0.63775,0.63775,11.802521,121.657433,-11.1,71100.95186634242,-300055.47620697925,8519.0,818.6,-259.0,-3.7000000000000455,0.0,0.0,-0.2947368421052643,7135.57617733965
1276,0.63825,0.63825,11.796058,121.658745,-10.1,71013.45709573178,-300638.2496224832,8481.0,809.3,-122.0,-1.8000000000000682,0.0,0.0,-0.0612903225806444,6904.23925875294
1277,0.63875,0.63875,11.79588,121.6586455,-10.7,70978.23727421642,-300463.8957366769,8496.5,808.4,-187.0,-1.8000000000000682,0.0,0.0,-0.24596774193548385,6879.746077368954
1278,0.63925,0.63925,11.793613,121.6630325,-10.4,71402.24086360124,-301064.349169938,8470.0,789.0,-152.0,-1.900000000000091,0.0,0.0,-0.1174899193548401,6936.189601983495
1279,0.63975,0.63975,11.8057255,121.66243,-10.7,70791.70546252353,-300022.5624632301,8450.5,806.55,-228.5,-5.599999999999966,0.0,0.0,-0.323181818181816,7201.185459727392
1280,0.64025,0.64025,11.801353500000001,121.65979,-11.1,71293.00032258178,-299851.48883229075,8352.0,810.25,-179.0,-4.600000000000023,0.0,0.0,-0.1806451612903233,7078.643956196793
1281,0.64075,0.64075,11.779358,121.6643025,-9.600000000000001,71646.07315030883,-302293.1660015988,8401.0,801.9,-138.0,-1.900000000000034,0.0,0.0,-0.16927083333333331,7002.551608614223
1282,0.64125,0.64125,11.760275499999999,121.672794,-10.7,72348.88906514412,-307059.6543108894,8408.5,806.55,-175.0,-2.800000000000068,0.0,0.0,-0.26026392961876726,7063.8915752081375
1283,0.64175,0.64175,11.795128,121.65603250000001,-10.7,70734.27381213385,-300930.1923056361,8534.5,811.2,-194.5,-1.8500000000000227,0.0,0.0,-0.089364919354839,6969.789832507282
1284,0.64225,0.64225,11.763369,121.67305350000001,-10.7,72459.15666006262,-305519.2132668742,8264.0,796.4,-320.0,-3.7000000000000455,0.0,0.0,-0.2314760508308888,7056.095374175997
1285,0.64275,0.64275,11.7848385,121.6639215,-10.4,71414.92354845617,-302002.72445202887,8306.0,798.2,-156.5,-3.6999999999999886,0.0,0.0,-0.2936995967741953,6896.560100232624
1286,0.64325,0.64325,11.786636,121.665154,-10.7,71927.47268837491,-301831.8176137099,8443.0,807.5,-175.0,-3.7000000000000455,0.0,0.0,-0.2906249999999986,7011.2753456317805
1287,0.64375,0.64375,11.773596,121.670258,-11.1,72456.17298548977,-303213.47208315163,8260.0,794.5,-304.0,-8.299999999999955,0.0,0.0,-0.29062500000000036,6902.406007122478
1288,0.64425,0.64425,11.76796,121.675667,-10.7,72786.19725092586,-303650.30195584893,8313.0,818.6,-160.0,-1.900000000000091,0.0,0.0,-0.2874999999999978,7184.2312553043
1289,0.64475,0.64475,11.7611905,121.67746349999999,-10.7,72131.90195540024,-306433.2924239341,8164.5,797.3,-255.5,-7.400000000000034,0.0,0.0,-0.31874999999999964,6887.413516912531
1290,0.64525,0.64525,11.777186,121.6763995,-11.1,72880.75501399708,-303188.89797041996,8344.0,817.65,-289.5,-8.300000000000011,0.0,0.0,-0.2983870967741935,7150.571948027131
1291,0.64575,0.64575,11.759747,121.679604,-10.7,73558.93816241426,-305816.9380941994,8275.0,792.7,-229.0,-5.599999999999909,0.0,0.0,-0.2387096774193577,7013.859253057504
1292,0.64625,0.64625,11.7881115,121.669216,-10.4,71979.24051677881,-302179.91381238116,8546.0,796.35,-205.5,-3.699999999999932,0.0,0.0,-0.1996212121212121,6853.782596512812
1293,0.64675,0.64675,11.758484,121.6862145,-10.55,73720.78525545412,-304828.19144076295,8180.0,786.1500000000001,-201.5,-4.600000000000023,0.0,0.0,-0.2349798387096767,6751.903010765785
1294,0.64725,0.64725,11.752570500000001,121.6859285,-10.7,73453.06480937288,-305893.9406872611,8230.0,788.05,-225.0,-3.750000000000057,0.0,0.0,-0.2550189393939397,6907.255985024232
1295,0.64775,0.64775,11.7695305,121.67753200000001,-10.7,73155.43747522058,-303731.19637671905,8287.0,793.6,-206.0,-1.849999999999966,0.0,0.0,-0.23497983870967842,6921.551108600179
1296,0.64825,0.64825,11.760939,121.6788635,-10.4,73311.48871889112,-304735.73273154866,8359.0,794.55,-183.0,-4.649999999999977,0.0,0.0,-0.20594758064516128,7039.517054737533
1297,0.64875,0.64875,11.741126,121.680641,-10.1,73126.44574842714,-307442.38777705317,8169.0,785.2,-175.0,-3.7000000000000455,0.0,0.0,-0.336363636363637,6793.187812078481
1298,0.64925,0.64925,11.750267,121.68333050000001,-10.899999999999999,73758.6939880559,-305621.06796036824,8252.5,792.7,-282.0,-8.300000000000011,0.0,0.0,-0.32843749999999783,7024.75695769338
1299,0.64975,0.64975,11.742011,121.699509,-10.7,75335.87900162853,-306844.6030257177,8329.0,790.8,-267.0,-1.8000000000000682,0.0,0.0,-0.2387096774193541,6861.853027100147
1300,0.65025,0.65025,11.748342000000001,121.6834375,-10.7,73638.60924801063,-306126.67199018993,8241.0,804.7,-255.5,-4.600000000000023,0.0,0.0,-0.2693548387096763,6977.548201058586
1301,0.65075,0.65075,11.752258000000001,121.68843100000001,-11.1,73857.122588135,-306080.91521467397,8229.5,804.7,-327.5,-5.600000000000023,0.0,0.0,-0.20895833333333508,6937.5089446337515
1302,0.65125,0.65125,11.7477725,121.6803475,-11.1,73398.35812510304,-306240.2021671084,8203.0,802.8499999999999,-323.5,-5.550000000000011,0.0,0.0,-0.3049999999999985,7016.72171065384
1303,0.65175,0.65175,11.743973,121.679718,-10.7,73195.76493349246,-306568.6724341182,8287.0,795.45,-221.0,-7.399999999999977,0.0,0.0,-0.26466733870967635,6885.351596088423
1304,0.65225,0.65225,11.742812,121.6807255,-10.899999999999999,73639.51013804032,-307122.1459459807,8210.5,778.75,-320.0,-7.399999999999977,0.0,0.0,-0.2387096774193559,6844.812167130375
1305,0.65275,0.65275,11.733024,121.6943285,-11.25,74821.16920078587,-308169.99278456136,8031.5,788.05,-324.0,-7.399999999999977,0.0,0.0,-0.316071428571427,6928.974907128883
1306,0.65325,0.65325,11.727682000000001,121.690159,-10.7,74431.23702567117,-308066.19217716326,8146.0,798.2,-324.0,-9.300000000000011,0.0,0.0,-0.32818181818181913,7057.849476216592
1307,0.65375,0.65375,11.739441,121.685562,-11.1,73835.9989958982,-307629.1955118455,8108.0,798.2,-290.0,-5.600000000000023,0.0,0.0,-0.234375,6952.812992480242
1308,0.65425,0.65425,11.721016,121.696808,-11.4,74812.17932663966,-309721.7757267607,8070.0,789.0,-45.0,-1.8999999999999773,0.0,0.0,-0.3580645161290293,6629.521953516014
1309,0.65475,0.65475,11.731201,121.683754,-11.1,73983.63735960051,-307951.66124452284,8268.0,792.7,-289.0,-3.7000000000000455,0.0,0.0,-0.1833333333333333,6847.58506695074
1310,0.65525,0.65525,11.694853,121.697433,-11.1,75110.3036220061,-314564.7662512516,7978.0,785.2,-313.0,-5.5,0.0,0.0,-0.3099999999999985,6741.516293076727
1311,0.65575,0.65575,11.727127,121.6912,-11.1,74602.59285363377,-308378.5391575394,7917.0,787.1,-206.0,-3.7000000000000455,0.0,0.0,-0.2312500000000028,6730.042357079765
1312,0.65625,0.65625,11.7046055,121.69416050000001,-10.7,74806.2063791372,-311971.4189925053,7997.5,793.6,-156.0,-3.6999999999999886,0.0,0.0,-0.23497983870967842,6806.837796745052
1313,0.65675,0.65675,11.717374,121.6933745,-11.1,74800.78204139607,-309757.0245671946,8050.5,798.25,-323.5,-10.199999999999932,0.0,0.0,-0.39019138755980765,7034.307266501192
1314,0.65725,0.65725,11.706894,121.696312,-10.7,75320.8957712973,-310971.49723350536,8123.0,785.2,-153.0,-3.7999999999999545,0.0,0.0,-0.3363636363636336,6815.586528988824
1315,0.65775,0.65775,11.705429,121.705498,-10.4,75917.36864061691,-311856.83246232447,7993.0,785.2,-160.0,-3.7000000000000455,0.0,0.0,-0.358064516129033,6600.523468578711
1316,0.65825,0.65825,11.703552,121.6942065,-10.899999999999999,75120.94410953995,-310979.05849896104,7841.0,793.6,-335.0,-8.350000000000023,0.0,0.0,-0.3985321969696966,6976.002593795671
1317,0.65875,0.65875,11.705246,121.710876,-10.7,76566.23904029396,-310635.79928627977,7932.0,785.2,-175.0,-5.5,0.0,0.0,-0.336363636363637,6676.423725683267
1318,0.65925,0.65925,11.68759,121.706306,-11.1,75828.40935266062,-313713.01193666284,7955.0,790.8,-312.0,-5.600000000000023,-1.0,-0.0967741935483871,-0.3000000000000022,6700.711956130085
1319,0.65975,0.65975,11.667595500000001,121.715496,-10.7,76962.60585631763,-316828.42009710585,7837.0,784.3,-129.5,-3.7000000000000455,-1.0,-0.14222873900293254,-0.38030303030303025,4774.344559705464
1320,0.66025,0.66025,11.662949,121.715508,-10.7,77020.69499109333,-318023.8228071565,7833.0,777.8,-145.0,-1.8999999999999773,-1.0,-0.3,-0.2906250000000021,3964.8402095828687
1321,0.66075,0.66075,11.665833,121.715683,-11.1,77037.58341533208,-317297.05176275014,7917.0,785.2,-31.0,-1.8999999999999773,-1.0,-0.1290322580645161,-0.2419354838709677,1711.644583107495
1322,0.66125,0.66125,11.661209,121.715683,-11.1,77090.5177900752,-318242.4323348955,7871.0,790.8,-53.0,-1.8999999999999773,-1.0,-0.3333333333333333,-0.2967741935483886,2270.259636022427
1323,0.66175,0.66175,11.661667,121.716324,-11.1,77103.00821054286,-317935.7563036113,7856.0,792.7,-38.0,-1.8000000000000682,-1.0,-0.3333333333333333,-0.2967741935483849,882.3011812402272
1324,0.66225,0.66225,11.658234,121.718201,-11.1,77266.98732103471,-318146.69337081444,7826.0,783.4,-31.0,-1.7999999999999543,-1.0,-0.5,-0.2312499999999993,562.9668607476187
1325,0.66275,0.66275,11.658371,121.719604,-11.1,77502.6798073275,-318506.8542356911,7757.0,781.5,-30.0,-1.8999999999999773,-1.0,-0.3333333333333333,-0.3874999999999981,547.9524724278923
1326,0.66325,0.66325,11.6570065,121.7203945,-11.1,77494.90591748478,-318633.060651756,7803.0,781.5,-31.0,-1.8999999999999773,-1.0,-0.4722222222222222,-0.35403225806451544,561.7174416948064
1327,0.66375,0.66375,11.656121,121.72094,-11.1,77541.6807556646,-318820.8691422703,7727.0,787.1,-30.0,-1.8999999999999773,-1.0,-0.4285714285714285,-0.4193548387096774,558.139927998916
1328,0.66425,0.66425,11.655396,121.720375,-11.1,77478.91169558212,-318660.637031654,7780.0,783.4,-30.0,-1.8999999999999773,-1.0,-0.4090909090909091,-0.3499999999999978,547.5170497414906
1329,0.66475,0.66475,11.6563145,121.7188795,-11.1,77348.37498508429,-318547.16245227563,7768.5,788.05,-30.0,-1.8999999999999773,-1.0,-0.3774928774928774,-0.3524697580645132,566.9852448260981
1330,0.66525,0.66525,11.653793,121.722733,-11.1,77628.72052388285,-318729.2443961579,7765.0,781.5,-30.0,-1.8000000000000682,-1.0,-0.45,-0.2906249999999986,546.3238129423232
1331,0.66575,0.66575,11.654892,121.721413,-10.7,77618.65392620703,-318874.68756110355,7711.0,779.7,-30.0,-1.7999999999999543,-1.0,-0.5,-0.0612903225806444,531.6591030101343
1332,0.66625,0.66625,11.647568,121.726051,-10.7,78165.27196629356,-319456.1266356444,7711.0,781.5,-23.0,-1.8999999999999773,-1.0,-0.5,-0.596428571428569,516.3379210073019
1333,0.66675,0.66675,11.65123,121.723545,-11.1,77864.87668631987,-319149.67299452075,7689.0,783.4,-26.5,-1.8000000000000682,-1.0,-0.5,-0.4212121212121205,504.48331647870964
1334,0.66725,0.66725,11.651093,121.722977,-10.7,77882.6948804659,-319209.16236244567,7650.0,783.4,-23.0,-1.7999999999999543,-1.0,-0.5,-0.336363636363637,534.8645703749024
1335,0.66775,0.66775,11.648072500000001,121.7255325,-11.1,78058.12467231741,-319400.3067053673,7734.0,779.7,-23.0,-1.8000000000000682,-1.0,-0.5,-0.41612903225806563,513.7239633345343
1336,0.66825,0.66825,11.6471235,121.72586799999999,-11.1,78037.45152237594,-319489.15157447394,7582.0,783.4,-23.0,-1.8000000000000682,-1.0,-0.5,-0.4484848484848505,474.346479661718
1337,0.66875,0.66875,11.6486465,121.725288,-11.1,78134.00349456709,-319167.01942703757,7715.0,787.1,-23.0,-1.7999999999999543,-1.0,-0.5,-0.35246975806451497,501.58617316315974
1338,0.66925,0.66925,11.6456685,121.72744,-10.7,78274.90043141614,-319589.9499147057,7563.0,783.4,-23.0,-1.7999999999999543,-1.0,-0.5,-0.35246975806451686,493.24229190832807
1339,0.66975,0.66975,11.645462,121.727264,-11.1,78367.18472818621,-319272.0987778581,7605.0,781.5,-23.0,-1.8000000000000682,-1.0,-0.5,-0.5999999999999849,495.0517422014032
1340,0.67025,0.67025,11.64439,121.728661,-10.7,78360.67728891823,-319715.3223676691,7567.0,783.4,-23.0,-1.7999999999999543,-1.0,-0.5,-0.5533333333333341,496.3165595090039
1341,0.67075,0.67075,11.644298,121.729332,-11.1,78427.78369578367,-318905.8221835692,7605.0,781.5,-23.0,-1.7999999999999543,-1.0,-0.5,-0.336363636363637,482.9738494221681
1342,0.67125,0.67125,11.645461000000001,121.7290385,-11.1,78461.56045253534,-318432.9095073357,7551.0,781.5,-23.0,-1.7999999999999543,-1.0,-0.5,-0.29838709677419173,488.3198369451318
1343,0.67175,0.67175,11.646067,121.728752,-11.1,78567.38811736197,-317723.1513102048,7582.0,779.7,-23.0,-1.8000000000000682,-1.0,-0.5,-0.4484848484848471,475.890848416123
1344,0.67225,0.67225,11.644949,121.727806,-11.1,78464.89950515969,-318037.16621678456,7521.0,781.5,-23.0,-1.7999999999999543,-1.0,-0.5,-0.336363636363637,492.75103159656953
1345,0.67275,0.67275,11.642624,121.730171,-11.1,78806.64246209597,-318278.4595408916,7582.0,779.7,-23.0,-1.7999999999999543,-1.0,-0.5,-0.1833333333333333,501.7655414458331
1346,0.67325,0.67325,11.642624,121.729187,-11.1,78598.39323158689,-317771.52117010666,7506.0,781.5,-23.0,-1.7999999999999543,-1.0,-0.5,-0.5,460.00772530818375
1347,0.67375,0.67375,11.642178999999999,121.7306255,-11.1,78783.59296375341,-318028.99337838736,7601.0,783.4,-23.0,-1.7999999999999543,-1.0,-0.5,-0.6000000000000227,474.40506769512217
1348,0.67425,0.67425,11.640427,121.731544,-11.1,78947.6627625657,-317954.88185741176,7529.0,779.7,-23.0,0.0,-1.0,-0.5,0.0,470.20482426030026
1349,0.67475,0.67475,11.640976,121.731934,-11.1,78929.38314074937,-318223.4179761755,7559.0,779.7,-23.0,-1.7999999999999543,-1.0,-0.5,-0.4193548387096774,485.00021543730486
1350,0.67525,0.67525,11.638435000000001,121.73349,-11.1,79163.43395566549,-318283.7969047425,7498.0,780.6,-23.0,-0.8999999999999772,-1.0,-0.5,-0.08484848484848345,474.07380442869317
1351,0.67575,0.67575,11.639437000000001,121.732376,-11.1,79008.27996369585,-318173.9361654719,7582.0,781.5,-23.0,-1.7999999999999543,-1.0,-0.5,-0.24268817204301,482.83939958686256
1352,0.67625,0.67625,11.639691,121.73367300000001,-11.1,79165.23358039215,-318332.7227400453,7490.0,775.05,-23.0,-1.7999999999999543,-1.0,-0.5,-0.5999999999999849,474.69581236517524
1353,0.67675,0.67675,11.636828999999999,121.7345505,-11.1,79209.98761469907,-318446.5865022041,7567.0,779.7,-23.0,-1.7999999999999543,-1.0,-0.5,-0.4699596774193564,481.8749381563734
1354,0.67725,0.67725,11.637082,121.734734,-11.1,79228.5347307491,-318572.0145527079,7529.0,779.7,-23.0,-1.7999999999999543,-1.0,-0.3333333333333333,-0.2906250000000021,476.2097487639394
1355,0.67775,0.67775,11.6393735,121.7331505,-11.1,79123.94465936365,-318444.30700305966,7578.0,779.7,-23.0,-1.7999999999999543,-1.0,-0.4606060606060606,-0.4499999999999886,479.7358160486667
1356,0.67825,0.67825,11.636523,121.736061,-11.1,79240.07453543297,-318508.46656435414,7559.0,781.5,-23.0,0.0,-1.0,-0.5,0.0,462.61158295245883
1357,0.67875,0.67875,11.637634,121.734299,-11.1,79267.19862381372,-318686.2119001075,7544.0,776.0,-23.0,-1.7999999999999543,-1.0,-0.5,-0.0600000000000022,478.04444073767195
1358,0.67925,0.67925,11.635391,121.736801,-10.7,79409.47333924647,-318837.7707944658,7551.0,779.7,-23.0,-1.7999999999999543,-1.0,-0.3333333333333333,-0.3600000000000136,469.03248414887776
1359,0.67975,0.67975,11.635437,121.7368505,-11.1,79524.17531597329,-318918.49842271535,7544.0,777.8,-23.0,0.0,-1.0,-0.3333333333333333,0.0,491.0436806574475
1360,0.68025,0.68025,11.6340635,121.73709099999999,-11.1,79331.0606610633,-318806.63617200067,7529.0,779.7,-23.0,-1.7999999999999543,-1.0,-0.3390804597701149,-0.40252525252524873,468.13901157932696
1361,0.68075,0.68075,11.632938,121.737656,-11.1,79269.92400959648,-319148.3386535583,7521.0,776.0,-23.0,-1.7999999999999543,-1.0,-0.4545454545454545,-0.2333333333333342,461.1870020206141
1362,0.68125,0.68125,11.6318675,121.738689,-11.1,79433.43227987464,-319024.80091941886,7525.0,777.8,-23.0,0.0,-1.0,-0.3333333333333333,0.0,476.7275720629141
1363,0.68175,0.68175,11.631356,121.739975,-11.1,79430.42340874264,-319229.3998670484,7574.0,779.7,-23.0,0.0,-1.0,-0.3333333333333333,0.0,485.5615550925684
1364,0.68225,0.68225,11.629761,121.740639,-10.7,79503.66436990746,-319391.41109894845,7506.0,776.0,-23.0,0.0,-1.0,-0.3333333333333333,0.0,462.82259444677703
1365,0.68275,0.68275,11.632698000000001,121.73879600000001,-11.1,79116.8685968572,-319321.35819840163,7536.0,777.8,-23.0,-1.7999999999999543,-1.0,-0.3518518518518518,-0.358064516129033,470.5592810482291
1366,0.68325,0.68325,11.629691999999999,121.741581,-11.1,79359.17450781484,-319620.7509519304,7513.0,776.0,-23.0,-1.7999999999999543,-1.0,-0.3333333333333333,-0.24657738095238235,469.375397289277
1367,0.68375,0.68375,11.6300385,121.7410165,-11.1,79432.22371049429,-319613.4676741748,7555.0,776.0,-23.0,0.0,-1.0,-0.3333333333333333,0.0,471.95238122217233
1368,0.68425,0.68425,11.631495,121.739754,-11.1,79355.95961213895,-319457.46097660734,7513.0,777.8,-23.0,0.0,-1.0,-0.3333333333333333,0.0,476.1732644683331
1369,0.68475,0.68475,11.629442000000001,121.7413595,-11.1,79476.53917932611,-319889.0090829937,7525.0,777.8,-23.0,-1.7999999999999543,-1.0,-0.3333333333333333,-0.4177419354838706,479.8092067150518
1370,0.68525,0.68525,11.628155,121.7425655,-11.1,79385.6253992508,-319749.68164746126,7517.0,774.1,-23.0,0.0,-1.0,-0.3333333333333333,0.0,473.80675874266944
1371,0.68575,0.68575,11.6281055,121.7423665,-11.1,79364.08502725231,-319985.3596200162,7529.0,777.8,-23.0,-1.7999999999999543,-1.0,-0.12263257575757575,-0.23497983870967842,478.54079284404213
1372,0.68625,0.68625,11.626144,121.743744,-11.1,79418.07992862763,-320003.5400156345,7483.0,774.1,-23.0,0.0,-1.0,-0.2,0.0,468.35532190573616
1373,0.68675,0.68675,11.626794,121.743454,-11.1,79363.8195333857,-319895.45839764737,7567.0,777.8,-23.0,0.0,-1.0,-0.2258064516129032,0.0,502.20275308513106
1374,0.68725,0.68725,11.625474,121.74502150000001,-11.1,79164.48474745222,-320193.8503954541,7452.0,772.3,-23.0,-1.7999999999999543,0.0,0.0,-0.29375,484.75862348838683
1375,0.68775,0.68775,11.623535,121.746796,-11.1,79850.16327454301,-320170.2214409042,7445.0,776.0,-23.0,-1.7999999999999543,-1.0,-0.03125,-0.1866666666666674,492.28625846506225
1376,0.68825,0.68825,11.625549,121.745422,-11.1,79300.63700036777,-320323.11467622546,7590.0,774.1,-23.0,-1.7999999999999543,-1.0,-0.03125,-0.4031249999999993,486.8044246487181
1377,0.68875,0.68875,11.623008500000001,121.747051,-11.1,79557.96782227542,-320003.6512107146,7540.0,774.1,-23.0,-1.7999999999999543,-1.0,-0.04838709677419349,-0.17464717741935484,469.3457571322478
1378,0.68925,0.68925,11.6245655,121.746216,-11.1,79392.98148648797,-320528.3251967967,7430.0,772.3,-23.0,-1.7999999999999543,0.0,0.0,-0.3363636363636353,481.4181582489721
1379,0.68975,0.68975,11.619507,121.750343,-11.1,80047.8868802023,-320407.7341322832,7551.0,774.1,-23.0,-1.7999999999999543,0.0,0.0,-0.3100000000000023,510.90110203010096
1380,0.69025,0.69025,11.621658499999999,121.7485085,-11.1,79503.2223165536,-320877.8669315106,7422.0,774.1,-26.5,-1.7999999999999543,0.0,0.0,-0.20545454545454545,516.373791257842
1381,0.69075,0.69075,11.621673,121.747887,-11.1,79538.84952056884,-320294.9823209262,7437.0,774.1,-23.0,-1.7999999999999543,0.0,0.0,-0.1384615384615349,480.0574299402589
1382,0.69125,0.69125,11.620148,121.75058,-11.4,79695.27452060385,-320826.71719460323,7559.0,774.1,-23.0,-1.8000000000000682,0.0,0.0,-0.2312499999999993,509.999835181515
1383,0.69175,0.69175,11.6245485,121.749252,-11.1,79666.21632408627,-320236.716098884,7490.5,774.1,-23.0,-1.7999999999999543,0.0,0.0,-0.4111895161290319,483.517913598528
1384,0.69225,0.69225,11.622119,121.746635,-10.7,79458.21886891597,-320767.67260699923,7445.0,776.0,-23.0,-1.7999999999999543,-1.0,-0.032258064516129,-0.2906249999999986,516.5599424989877
1385,0.69275,0.69275,11.62175,121.748993,-11.1,79753.28854755174,-320516.3717256714,7399.0,774.1,-30.0,-1.7999999999999543,0.0,0.0,-0.2818181818181804,531.3389644263488
1386,0.69325,0.69325,11.625136999999999,121.74411,-11.1,78924.84514950642,-320467.9462682296,7578.5,776.0,-23.0,-1.7999999999999543,-1.0,-0.0333333333333333,-0.29838709677419356,519.892151713686
1387,0.69375,0.69375,11.616104,121.7538375,-11.1,80608.26856144945,-321224.40639905824,7364.5,772.3,-30.0,-1.8999999999999773,0.0,0.0,-0.40625,527.910526907659
1388,0.69425,0.69425,11.618134,121.751534,-11.1,79644.77935952743,-321168.5308712408,7353.0,774.1,-30.0,-1.7999999999999543,0.0,0.0,-0.2875000000000014,535.975850006343
1389,0.69475,0.69475,11.6210895,121.748009,-11.1,79307.15931268499,-321036.8758962445,7525.0,770.4,-23.0,-1.8000000000000114,0.0,0.0,-0.2072916666666663,530.0074825146265
1390,0.69525,0.69525,11.620789,121.749428,-11.1,79353.43023906181,-321001.5158607303,7399.0,776.0,-23.0,-1.8000000000000682,0.0,0.0,-0.358064516129033,517.4246715363058
1391,0.69575,0.69575,11.616978,121.752445,-10.7,79943.54916655496,-321493.0537129025,7418.0,770.4,-31.0,-1.8999999999999773,-0.5,-0.01515151515151515,-0.29062500000000036,558.0990514562106
1392,0.69625,0.69625,11.617623,121.753048,-11.1,79759.43698016976,-321549.81880136183,7391.5,771.3499999999999,-34.5,-1.900000000000034,0.0,0.0,-0.3000000000000022,587.0200797741394
1393,0.69675,0.69675,11.621338,121.749573,-11.1,79737.49205919082,-321124.72000962886,7460.0,770.4,-30.0,-1.8999999999999773,0.0,0.0,-0.3468749999999971,546.8866924503561
1394,0.69725,0.69725,11.610686,121.790932,-11.1,84473.99268344388,-322436.82195638475,7361.0,768.6,-297.0,-1.8999999999999773,0.0,0.0,-0.1806451612903233,6202.290776832752
1395,0.69775,0.69775,11.61966,121.750275,-10.899999999999999,79930.26286088038,-321292.17980046064,7285.0,778.75,-38.0,-1.8999999999999773,-1.0,-0.030776515151515152,-0.30833333333333335,604.960984946608
1396,0.69825,0.69825,11.615156,121.754875,-11.1,81040.78378093538,-321872.6181192796,7285.0,768.6,-31.0,-1.900000000000091,0.0,0.0,-0.2999999999999985,583.5834260330686
1397,0.69875,0.69875,11.60773,121.7926445,-11.1,84098.27646821536,-322575.1486361952,7456.0,770.4,-297.0,-3.6999999999999886,0.0,0.0,-0.2953125000000004,6254.564738099814
1398,0.69925,0.69925,11.5738635,121.778725,-11.1,82937.58877798554,-325628.3987467877,7163.0,766.7,-259.5,-4.600000000000023,0.0,0.0,-0.336363636363637,5904.042826730394
1399,0.69975,0.69975,11.574887499999999,121.79529149999999,-11.1,84202.85140584531,-325608.0500471048,7189.5,762.1,-289.5,-5.600000000000023,0.0,0.0,-0.35246975806451497,6185.773440307811
1400,0.70025,0.70025,11.575516,121.796021,-11.1,85757.83723612298,-325309.9916345388,7277.0,768.6,-297.0,-5.5,0.0,0.0,-0.336363636363637,6376.5063498024
1401,0.70075,0.70075,11.575214,121.791832,-10.7,84507.2669897634,-325694.17063674575,7193.0,770.4,-312.0,-7.399999999999977,0.0,0.0,-0.3099999999999985,6412.259443947355
1402,0.70125,0.70125,11.566811,121.799782,-11.1,86074.03545715491,-326836.58889106486,7201.0,766.7,-328.0,-9.299999999999956,0.0,0.0,-0.336363636363637,6478.652012829936
1403,0.70175,0.70175,11.570605,121.798576,-11.1,85767.80294763179,-326340.7700283038,7186.0,766.7,-320.0,-5.600000000000023,0.0,0.0,-0.2818181818181839,6500.386768435387
1404,0.70225,0.70225,11.568144,121.798424,-11.1,85962.5929601565,-326890.24051727774,7235.5,761.2,-312.5,-7.399999999999977,0.0,0.0,-0.2921370967741932,6441.470894179287
1405,0.70275,0.70275,11.567322,121.801468,-11.1,86603.08586462161,-326669.5738805545,7064.0,770.4,-328.0,-7.5,0.0,0.0,-0.2906250000000021,6514.839999519424
1406,0.70325,0.70325,11.567551,121.798286,-10.7,85851.43115101647,-326852.04500721744,6988.0,757.5,-327.0,-9.199999999999932,0.0,0.0,-0.2967741935483849,6546.040537171628
1407,0.70375,0.70375,11.562324499999999,121.80723549999999,-11.1,87009.81336277054,-327136.09283967415,7212.5,752.85,-338.5,-9.249999999999943,0.0,0.0,-0.3000000000000004,6568.130110027989
1408,0.70425,0.70425,11.5681685,121.80105950000001,-11.25,85114.23239759335,-326873.172072462,7098.0,760.25,-331.5,-7.399999999999977,0.0,0.0,-0.3267708333333325,6549.807266092845
1409,0.70475,0.70475,11.568064,121.805138,-11.25,86986.8747249201,-326637.494099907,7185.5,760.25,-335.5,-7.399999999999977,0.0,0.0,-0.3187500000000014,6557.953226665642
1410,0.70525,0.70525,11.5518265,121.8353765,-10.7,88577.00691218625,-329023.1289487773,7067.5,756.55,-335.0,-9.300000000000068,0.0,0.0,-0.2983870967741935,6690.774554677511
1411,0.70575,0.70575,11.529639,121.832558,-11.1,89866.02175717053,-330075.70157826797,6706.0,761.2,-328.0,-9.199999999999932,0.0,0.0,-0.2967741935483849,6553.471384812511
1412,0.70625,0.70625,11.531891,121.831131,-10.7,89810.37699902378,-329985.29997803806,6835.0,746.4,-320.0,-9.300000000000068,0.0,0.0,-0.3468749999999971,6419.8253474981675
1413,0.70675,0.70675,11.5383,121.819923,-11.4,88165.64381024224,-329779.3666894454,7010.0,750.1,-320.0,-9.200000000000044,0.0,0.0,-0.2967741935483886,6423.926893461182
1414,0.70725,0.70725,11.5322,121.836636,-11.25,90116.6144278832,-330142.41862640815,7006.5,766.7,-328.0,-9.199999999999932,0.0,0.0,-0.29677419354838674,6607.991882823596
1415,0.70775,0.70775,11.528615,121.835968,-10.7,90035.11857160229,-330526.70882369496,6744.0,750.1,-312.0,-9.299999999999956,0.0,0.0,-0.3468749999999971,6416.806528159451
1416,0.70825,0.70825,11.5440215,121.8310775,-11.1,88380.5148713959,-329561.6467223482,7003.0,755.6,-327.5,-9.25,0.0,0.0,-0.3000000000000004,6495.412248182141
1417,0.70875,0.70875,11.5263145,121.8392715,-10.4,90612.59804255923,-330519.925923801,6606.5,745.45,-335.0,-9.299999999999956,0.0,0.0,-0.31818181818181773,6597.613219620219
1418,0.70925,0.70925,11.531433,121.837273,-10.7,90166.36950000936,-330048.3475885304,6812.0,753.8,-320.0,-7.399999999999977,0.0,0.0,-0.3000000000000022,6500.426325409197
1419,0.70975,0.70975,11.522936,121.842186,-11.1,91206.34095189178,-331017.07912752515,6789.0,761.2,-343.0,-11.099999999999907,0.0,0.0,-0.3468749999999971,6775.629601407267
1420,0.71025,0.71025,11.5297625,121.835392,-10.4,89755.44531314293,-330637.6259162281,6831.0,743.6,-320.0,-9.25,0.0,0.0,-0.358064516129033,6478.370219266762
1421,0.71075,0.71075,11.526375,121.840206,-10.55,90830.60093731942,-330583.9186924753,6637.0,735.25,-320.0,-9.299999999999956,0.0,0.0,-0.2999999999999985,6510.3168175977025
1422,0.71125,0.71125,11.5228955,121.842209,-11.1,91183.087522038,-331210.5029695911,6698.0,753.8,-339.5,-9.299999999999956,0.0,0.0,-0.34161931818181884,6679.312364300324
1423,0.71175,0.71175,11.5211305,121.8470575,-10.55,91443.01859735014,-331877.7290485328,6515.0,751.9,-335.0,-9.25,0.0,0.0,-0.2983870967741935,6549.9252750623455
1424,0.71225,0.71225,11.518070999999999,121.8679505,-10.7,93786.96126090732,-332464.22749922425,6789.5,742.7,-331.0,-9.299999999999956,0.0,0.0,-0.31818181818181773,6522.947390303579
1425,0.71275,0.71275,11.516745,121.856689,-10.7,92436.36414414443,-332672.4402869615,6584.0,744.5,-327.0,-11.099999999999907,0.0,0.0,-0.3939393939393939,6562.361658614397
1426,0.71325,0.71325,11.524844,121.869652,-10.7,93804.34330927391,-331854.60047184385,6591.0,737.1,-328.0,-11.100000000000025,0.0,0.0,-0.3468750000000007,6523.3877187842445
1427,0.71375,0.71375,11.515534500000001,121.859928,-11.1,92081.06695174145,-332838.28774913005,6804.5,756.55,-324.5,-10.19999999999999,0.0,0.0,-0.3468750000000007,6460.806480946725
1428,0.71425,0.71425,11.5194855,121.85589999999999,-11.1,91957.44668567672,-332160.44254002627,6846.5,747.3,-342.5,-9.199999999999989,0.0,0.0,-0.2890625,6597.242410839377
1429,0.71475,0.71475,11.512182,121.852631,-10.7,91998.15514454032,-333289.01700685656,6805.0,750.1,-335.0,-9.200000000000044,0.0,0.0,-0.2906250000000021,6605.266056079348
1430,0.71525,0.71525,11.523122,121.841629,-10.7,90894.97938906543,-331163.80103589327,6564.5,754.7,-336.0,-9.200000000000044,0.0,0.0,-0.2936995967741918,6594.895550367907
1431,0.71575,0.71575,11.513901,121.877937,-10.7,94572.84849654496,-332624.4040123006,6614.0,740.8,-335.0,-9.200000000000044,0.0,0.0,-0.2967741935483886,6599.8922077788775
1432,0.71625,0.71625,11.49736,121.87642650000001,-10.7,92831.41265073631,-334016.0660389635,6603.0,746.4,-336.0,-8.350000000000023,0.0,0.0,-0.30333333333333523,6628.966135584805
1433,0.71675,0.71675,11.5065735,121.853283,-10.7,92038.50390714407,-333311.3116204433,6644.5,742.7,-335.5,-11.100000000000025,0.0,0.0,-0.3909090909090902,6653.646631209038
1434,0.71725,0.71725,11.4931235,121.8800775,-11.1,94992.2926987678,-334654.65938474477,6614.5,745.45,-328.0,-9.299999999999956,0.0,0.0,-0.34161931818181884,6542.28768357968
1435,0.71775,0.71775,11.496725,121.87093,-10.7,93963.57558146202,-334126.20476593473,6717.0,744.55,-328.0,-9.299999999999956,0.0,0.0,-0.3215151515151526,6480.50914087656
1436,0.71825,0.71825,11.485088,121.877541,-10.4,94778.40753930864,-335129.1843896413,6332.0,731.5,-312.0,-9.300000000000068,0.0,0.0,-0.3100000000000023,6373.638931848575
1437,0.71875,0.71875,11.4880055,121.8762625,-11.1,94670.70156615635,-334778.25271642435,6503.5,738.9,-339.0,-10.199999999999989,0.0,0.0,-0.341619318181817,6588.473133406402
1438,0.71925,0.71925,11.488037,121.875099,-10.7,94454.48309817506,-334794.9319784593,6485.0,748.2,-335.0,-7.399999999999977,0.0,0.0,-0.336363636363637,6546.678555381174
1439,0.71975,0.71975,11.50058,121.869942,-11.1,93534.54350350244,-334118.9770857195,6713.0,748.2,-343.0,-9.199999999999932,0.0,0.0,-0.2967741935483849,6655.291915632718
1440,0.72025,0.72025,11.486648500000001,121.878853,-10.1,94947.97098373354,-335012.59634801664,6347.5,738.0,-320.0,-10.200000000000045,0.0,0.0,-0.3284374999999996,6475.594634484702
1441,0.72075,0.72075,11.484833,121.882324,-10.7,94845.46252303502,-335604.3209674792,6622.0,742.7,-327.0,-11.100000000000025,0.0,0.0,-0.336363636363637,6546.862712436965
1442,0.72125,0.72125,11.4823515,121.880478,-10.25,95390.84099359505,-335801.0806619524,6351.5,740.8,-324.0,-11.100000000000025,0.0,0.0,-0.358064516129033,6438.544440072323
1443,0.72175,0.72175,11.484971,121.8803485,-10.7,94980.99273796265,-335548.1118544213,6401.0,742.7,-328.0,-9.300000000000068,0.0,0.0,-0.3985321969696966,6559.763837796882
1444,0.72225,0.72225,11.477618,121.88509350000001,-10.4,95764.6935651715,-336328.2565373396,6332.5,727.8,-328.0,-9.300000000000068,0.0,0.0,-0.3431344696969707,6457.244080632196
1445,0.72275,0.72275,11.477417,121.885773,-10.4,95806.988333281,-336101.91895152454,6523.0,733.4,-320.0,-9.299999999999956,0.0,0.0,-0.3468749999999971,6363.339588056669
1446,0.72325,0.72325,11.4787215,121.888683,-10.25,95367.7194424897,-336253.81143112323,6161.0,742.7,-312.5,-10.199999999999989,0.0,0.0,-0.3468750000000007,6455.671132860985
1447,0.72375,0.72375,11.477873,121.887093,-10.1,95730.74104431827,-336683.3580260657,6325.0,740.8,-327.0,-9.299999999999956,0.0,0.0,-0.336363636363637,6454.853075515771
1448,0.72425,0.72425,11.4799805,121.8833995,-10.4,95493.76206282199,-335893.31698100624,6363.0,729.7,-320.0,-9.25,0.0,0.0,-0.37600195503421346,6459.177375414896
1449,0.72475,0.72475,11.474991,121.892876,-10.1,96361.81287500609,-336732.172666288,6264.0,735.2,-320.0,-11.100000000000025,0.0,0.0,-0.358064516129033,6339.792586521201
1450,0.72525,0.72525,11.471554000000001,121.89157900000001,-9.8,96359.2325176936,-337544.0079470731,6187.5,731.5,-313.0,-9.300000000000068,0.0,0.0,-0.34687499999999893,6374.132402201811
1451,0.72575,0.72575,11.467227,121.896103,-10.1,97042.15046009456,-337473.8438514458,6332.0,727.8,-305.0,-9.300000000000068,0.0,0.0,-0.4161290322580638,6295.499250570104
1452,0.72625,0.72625,11.472008,121.894119,-10.7,95768.12689631252,-337431.25613571616,6523.0,727.8,-320.0,-9.299999999999956,0.0,0.0,-0.3066666666666643,6405.919292569979
1453,0.72675,0.72675,11.480255,121.885216,-10.1,95508.90323808984,-336670.68178691884,6454.0,733.4,-313.0,-7.399999999999977,0.0,0.0,-0.2466666666666659,6362.028458123269
1454,0.72725,0.72725,11.465995,121.8987275,-10.1,96624.10608700503,-337142.64930497005,6305.5,731.55,-312.0,-11.099999999999907,0.0,0.0,-0.358064516129033,6422.942831224902
1455,0.72775,0.72775,11.473226499999999,121.8961985,-10.1,96306.43174118617,-336970.85290600924,6241.0,737.1,-320.0,-9.300000000000068,0.0,0.0,-0.35403225806451355,6429.025591027692
1456,0.72825,0.72825,11.466329,121.896675,-10.7,96597.28839028542,-337433.81362256134,6325.0,735.2,-320.0,-9.199999999999932,0.0,0.0,-0.3099999999999985,6420.89913153252
1457,0.72875,0.72875,11.463713,121.9078595,-10.4,97765.19690112202,-338321.3171554456,6165.0,726.9,-320.0,-11.099999999999907,0.0,0.0,-0.358064516129033,6399.805811642089
1458,0.72925,0.72925,11.457638500000002,121.8995515,-10.1,96730.72514335372,-338620.7099089742,6195.0,729.7,-324.0,-11.100000000000025,0.0,0.0,-0.40468749999999964,6463.206028886414
1459,0.72975,0.72975,11.470139,121.912155,-9.8,97553.1816789982,-338022.4803773178,6187.0,729.7,-297.0,-9.300000000000068,0.0,0.0,-0.3499999999999978,6346.511167787252
1460,0.73025,0.73025,11.453898,121.908119,-10.1,98409.89518794743,-338849.7717742552,6233.0,731.5,-312.0,-9.300000000000068,0.0,0.0,-0.3699999999999969,6372.47281111584
1461,0.73075,0.73075,11.448778,121.91356250000001,-10.1,98592.21626401384,-339267.0313128317,6164.5,721.3499999999999,-313.0,-9.299999999999956,0.0,0.0,-0.35246975806451497,6358.590173614393
1462,0.73125,0.73125,11.460509,121.908974,-10.4,97259.9463456866,-338633.3861481207,6195.0,738.9,-312.0,-9.199999999999932,0.0,0.0,-0.2999999999999985,6402.216271476512
1463,0.73175,0.73175,11.4610515,121.9070665,-10.25,98089.78920929985,-338513.0174737681,6206.5,733.4,-312.0,-11.100000000000025,0.0,0.0,-0.3939393939393939,6440.1265959821885
1464,0.73225,0.73225,11.4575765,121.9125635,-10.4,98459.96057784084,-338920.3250526635,6130.5,740.8,-320.0,-9.300000000000011,0.0,0.0,-0.3468750000000007,6466.748335637843
1465,0.73275,0.73275,11.457297,121.910416,-10.4,97939.63592989456,-338325.37577587395,6347.0,729.7,-328.0,-9.199999999999932,0.0,0.0,-0.2967741935483886,6300.736956353334
1466,0.73325,0.73325,11.443657,121.9176675,-9.8,99066.42945813129,-340029.7739656934,6046.5,730.6,-305.0,-11.100000000000025,0.0,0.0,-0.3985321969696966,6328.20492370261
1467,0.73375,0.73375,11.443222,121.922295,-10.1,99513.36940636027,-340215.0249693628,6088.0,726.0,-297.0,-9.299999999999956,0.0,0.0,-0.40625,6255.497143609467
1468,0.73425,0.73425,11.4396355,121.919136,-10.1,99066.882777627,-340304.5370089506,6164.5,740.8,-316.5,-11.200000000000044,0.0,0.0,-0.4031249999999993,6529.366796946886
1469,0.73475,0.73475,11.444412,121.922081,-10.1,99345.60529793032,-339958.0531389429,6035.0,726.0,-305.0,-11.200000000000044,0.0,0.0,-0.4031249999999993,6314.794018197757
1470,0.73525,0.73525,11.435349,121.926315,-9.4,99573.00348005892,-341149.73081380577,6142.0,724.1,-297.0,-11.100000000000025,0.0,0.0,-0.358064516129033,6382.32036471499
1471,0.73575,0.73575,11.4437605,121.9204215,-10.4,99251.68405728668,-340580.8011857909,6210.5,737.1,-323.5,-9.299999999999956,0.0,0.0,-0.35246975806451686,6495.278800686774
1472,0.73625,0.73625,11.43728,121.924339,-10.1,100042.321250669,-341039.3140991339,5791.0,720.4,-305.0,-11.100000000000025,0.0,0.0,-0.40625,6260.867172874874
1473,0.73675,0.73675,11.439651,121.922081,-10.1,99452.19059937783,-340437.0815445889,6073.0,737.1,-312.0,-11.100000000000025,0.0,0.0,-0.358064516129033,6490.97752365227
1474,0.73725,0.73725,11.434204,121.929977,-10.1,100480.4058321286,-341159.293590706,6050.0,724.1,-312.0,-9.300000000000068,0.0,0.0,-0.4333333333333333,6377.0774728036085
1475,0.73775,0.73775,11.423426,121.943932,-9.8,100411.2973666748,-342483.1822159662,5875.0,716.7,-312.0,-11.099999999999907,0.0,0.0,-0.3363636363636336,6361.208759154638
1476,0.73825,0.73825,11.437652,121.922897,-10.1,99119.26850442814,-341663.1184992439,6042.5,714.9,-313.0,-11.099999999999966,0.0,0.0,-0.3540322580645172,6325.488345160627
1477,0.73875,0.73875,11.4339975,121.93975850000001,-10.1,101911.75010649156,-342048.90983011405,6080.5,724.1,-305.0,-11.100000000000025,0.0,0.0,-0.3580645161290311,6389.857254145336
1478,0.73925,0.73925,11.431902999999998,121.9292945,-10.1,100212.67405990147,-341575.7747637207,6042.5,726.9,-320.0,-9.300000000000011,0.0,0.0,-0.318181818181816,6470.448248508928
1479,0.73975,0.73975,11.429031,121.93058,-9.8,100684.63241069416,-341909.86038228235,6020.0,724.1,-298.0,-11.100000000000025,0.0,0.0,-0.358064516129033,6246.151315800586
1480,0.74025,0.74025,11.431041,121.9376445,-10.1,100706.18570225092,-341810.285187933,5970.5,726.0,-305.0,-9.300000000000068,0.0,0.0,-0.2983870967741954,6359.48290263953
1481,0.74075,0.74075,11.421295,121.945641,-9.8,102416.88222268436,-343007.4670192673,5898.0,718.6,-313.0,-11.100000000000025,0.0,0.0,-0.3468750000000007,6272.215787850509
1482,0.74125,0.74125,11.4266185,121.935913,-10.55,100835.71205921273,-342629.84852679435,6000.5,717.6500000000001,-320.0,-11.100000000000025,0.0,0.0,-0.40625,6333.721260956938
1483,0.74175,0.74175,11.4061845,121.9551585,-10.1,102768.50919195579,-344117.1383224579,5856.0,717.65,-301.5,-11.099999999999907,0.0,0.0,-0.3580645161290311,6316.463408306734
1484,0.74225,0.74225,11.418915,121.949348,-9.8,102611.51423164931,-343281.2293068024,5852.0,720.4,-304.0,-11.100000000000025,0.0,0.0,-0.358064516129033,6391.808435441392
1485,0.74275,0.74275,11.4061205,121.9551085,-9.8,103223.97880231822,-344233.448376382,5696.0,716.75,-305.0,-11.100000000000025,0.0,0.0,-0.358064516129033,6321.790669816413
1486,0.74325,0.74325,11.4128535,121.95339200000001,-9.95,103092.5425623769,-343770.48765982984,5844.5,714.9,-293.5,-11.100000000000025,0.0,0.0,-0.358064516129033,6269.591415177236
1487,0.74375,0.74375,11.404106500000001,121.954552,-10.1,102988.00075327713,-344232.39202311984,5966.5,708.4000000000001,-301.0,-9.300000000000068,0.0,0.0,-0.40625,6181.153346651043
1488,0.74425,0.74425,11.411682,121.953262,-9.8,102770.50589732826,-343966.1910010409,5921.0,726.0,-305.0,-11.100000000000025,0.0,0.0,-0.358064516129033,6359.225095122405
1489,0.74475,0.74475,11.4086155,121.9536855,-10.25,102959.17930105029,-344141.54564256914,5818.0,715.8,-312.0,-11.150000000000034,0.0,0.0,-0.3939393939393939,6310.330933586037
1490,0.74525,0.74525,11.399414,121.959282,-9.4,103714.29895245114,-344938.4807826029,5837.0,714.9,-289.0,-11.100000000000025,0.0,0.0,-0.3909090909090902,6289.591398641453
1491,0.74575,0.74575,11.395889,121.96344,-9.4,103834.62181903564,-345836.71464072936,5654.0,718.6,-305.0,-11.100000000000025,0.0,0.0,-0.3909090909090902,6336.771814716814
1492,0.74625,0.74625,11.401108,121.962357,-10.1,103908.34509517552,-344826.06255648687,5768.0,701.9,-305.0,-11.100000000000025,0.0,0.0,-0.3580645161290293,6098.6670322818545
1493,0.74675,0.74675,11.393215,121.964775,-9.8,104434.10235570552,-345594.08697565977,5662.0,707.5,-290.0,-11.099999999999966,0.0,0.0,-0.3468750000000007,6127.339592920112
1494,0.74725,0.74725,11.403534,121.963417,-10.1,103886.47970810837,-344630.02563003486,5867.0,724.1,-312.0,-12.899999999999975,0.0,0.0,-0.4031249999999993,6351.776590335154
1495,0.74775,0.74775,11.3966395,121.964935,-9.4,103689.61747590921,-345878.3571982769,5757.0,710.25,-297.0,-11.100000000000025,0.0,0.0,-0.39857954545454677,6263.933000161911
1496,0.74825,0.74825,11.398407,121.965286,-9.8,104373.04396674797,-345705.170860813,5593.0,707.5,-282.0,-9.299999999999956,0.0,0.0,-0.358064516129033,6321.949248661436
1497,0.74875,0.74875,11.3894005,121.9734,-9.8,105342.48120589877,-345929.95171550516,5639.0,707.5,-312.5,-10.199999999999989,0.0,0.0,-0.35403225806451544,6326.347330478002
1498,0.74925,0.74925,11.393706,121.970573,-9.8,104653.94771006083,-345325.2172716552,5745.0,711.2,-304.0,-9.300000000000068,0.0,0.0,-0.2999999999999985,6321.338533467103
1499,0.74975,0.74975,11.391867999999999,121.96808250000001,-9.4,104658.2735984193,-346067.27763959346,5715.0,698.2,-290.0,-11.100000000000025,0.0,0.0,-0.3939393939393939,6182.024523570504
1500,0.75025,0.75025,11.379868,121.975914,-9.4,105400.8857101767,-348630.3798365167,5418.0,703.8,-290.0,-11.100000000000025,0.0,0.0,-0.3714285714285714,6211.5713945279085
1501,0.75075,0.75075,11.395709,121.97287349999999,-9.8,105027.19657529407,-345891.20023004373,5715.0,709.35,-305.0,-9.299999999999956,0.0,0.0,-0.3050000000000004,6266.11869948057
1502,0.75125,0.75125,11.389145,121.976608,-9.4,105662.6363389742,-346543.0257903728,5669.0,707.5,-297.0,-11.099999999999907,0.0,0.0,-0.358064516129033,6236.4376980309435
1503,0.75175,0.75175,11.393229999999999,121.9741285,-9.8,104832.51183625983,-346427.1605167695,5783.5,706.55,-290.0,-11.099999999999966,0.0,0.0,-0.3468750000000007,6148.897515331131
1504,0.75225,0.75225,11.3840105,121.97871,-9.8,105796.92474875858,-346872.9971909658,5612.0,713.95,-305.0,-9.25,0.0,0.0,-0.3284374999999996,6258.977814467429
1505,0.75275,0.75275,11.379369,121.984283,-9.1,105674.34288013002,-347016.6056370875,5517.0,696.4,-297.0,-9.300000000000011,0.0,0.0,-0.336363636363637,6192.7333604546875
1506,0.75325,0.75325,11.373363,121.989487,-10.1,106827.90834482142,-347696.67474779574,5479.0,703.8,-312.0,-11.100000000000025,0.0,0.0,-0.4031249999999993,6249.787537512157
1507,0.75375,0.75375,11.3678725,121.989769,-9.25,107006.29227945305,-348502.3387016278,5421.5,700.05,-290.0,-10.19999999999999,0.0,0.0,-0.3656451612903219,6193.7409939756435
1508,0.75425,0.75425,11.36359,121.994461,-9.4,107390.96658032219,-348697.3748723571,5490.5,699.1500000000001,-289.0,-12.05000000000001,0.0,0.0,-0.4111895161290319,6186.97504060237
1509,0.75475,0.75475,11.373322,121.99469,-9.8,107466.699749621,-348224.07301334315,5532.0,705.6,-297.0,-11.100000000000025,0.0,0.0,-0.358064516129033,6308.0958478070015
1510,0.75525,0.75525,11.372782,121.9917605,-9.8,106643.52044880316,-348076.7395320338,5635.0,699.15,-297.5,-9.299999999999956,0.0,0.0,-0.3231818181818196,6286.422887235705
1511,0.75575,0.75575,11.370454,121.99590699999999,-9.4,107377.98476731725,-349032.68363680143,5517.0,706.55,-305.0,-12.899999999999975,0.0,0.0,-0.4111895161290319,6227.077108418689
1512,0.75625,0.75625,11.3708955,121.9891015,-9.1,107047.83366937257,-348619.5939137337,5467.5,698.2,-285.5,-11.100000000000025,0.0,0.0,-0.38196969696969735,6215.233097730347
1513,0.75675,0.75675,11.369174000000001,121.99515149999999,-10.1,107498.60380289849,-348479.1545273991,5585.0,701.0,-301.0,-11.100000000000025,0.0,0.0,-0.4046875000000014,6059.110624231662
1514,0.75725,0.75725,11.373413,121.996525,-9.600000000000001,107322.47978369502,-348543.59207639436,5562.5,704.7,-301.5,-10.200000000000045,0.0,0.0,-0.3939393939393939,6169.128772583954
1515,0.75775,0.75775,11.351807,122.004311,-9.4,108187.64274623083,-351528.6796028039,5425.0,681.5,-282.0,-11.100000000000025,0.0,0.0,-0.4484848484848471,6057.741457514741
1516,0.75825,0.75825,11.360596,121.998932,-9.8,107730.1848958308,-349177.4596312655,5395.0,703.8,-304.0,-11.100000000000025,0.0,0.0,-0.3700000000000008,6317.739882652691
1517,0.75875,0.75875,11.354231,122.00293,-9.8,108262.79849675068,-349578.9850659888,5646.0,714.9,-305.0,-11.100000000000025,0.0,0.0,-0.3468750000000007,6270.359831181414
1518,0.75925,0.75925,11.357941,122.003754,-9.8,108234.90543527412,-350130.62385902734,5448.0,703.8,-298.0,-9.300000000000068,0.0,0.0,-0.3468750000000007,6250.6956617291435
1519,0.75975,0.75975,11.346503,122.011978,-8.5,109462.563761837,-350846.72017573117,5372.0,685.2,-267.0,-11.100000000000025,0.0,0.0,-0.3468750000000007,6079.764072101799
1520,0.76025,0.76025,11.351973,122.00396699999999,-9.600000000000001,108300.60079069443,-350615.6567990061,5311.0,692.6,-297.0,-10.199999999999989,0.0,0.0,-0.3580645161290293,6125.20090016812
1521,0.76075,0.76075,11.344361,122.019844,-9.4,109746.45902667132,-350984.4908801408,5372.0,681.5,-282.0,-11.099999999999907,0.0,0.0,-0.3468750000000007,6108.393737142174
1522,0.76125,0.76125,11.348818,122.01235199999999,-9.600000000000001,109601.99907572981,-350690.0463076823,5364.0,693.55,-297.0,-9.300000000000068,0.0,0.0,-0.35246975806451686,6064.333938709953
1523,0.76175,0.76175,11.350571,122.005592,-9.4,108913.9390088582,-350224.8060919853,5403.0,700.1,-297.0,-11.099999999999907,0.0,0.0,-0.3939393939393939,6216.228714875011
1524,0.76225,0.76225,11.3450775,122.0091855,-9.8,109268.22137922177,-351527.2340667608,5387.5,696.35,-297.0,-11.100000000000025,0.0,0.0,-0.3939393939393939,6131.710647860391
1525,0.76275,0.76275,11.345572,122.020081,-9.4,110453.49415966288,-350886.3056242947,5311.0,687.1,-282.0,-9.200000000000044,0.0,0.0,-0.3000000000000022,6082.789697235882
1526,0.76325,0.76325,11.348328,122.010887,-9.4,109140.9344584994,-350704.6128631931,5494.0,698.2,-304.0,-12.899999999999975,0.0,0.0,-0.40625,6282.751622074643
1527,0.76375,0.76375,11.3417915,122.01377450000001,-9.1,109522.43760230826,-351449.6199007576,5482.5,693.5999999999999,-282.0,-7.4500000000000455,0.0,0.0,-0.3234374999999996,6127.3909386391915
1528,0.76425,0.76425,11.3417315,122.0247615,-9.25,109341.56306677857,-352124.5184402352,5292.0,689.8499999999999,-289.0,-11.100000000000025,0.0,0.0,-0.3909090909090902,6138.853836789953
1529,0.76475,0.76475,11.336138,122.0221595,-9.4,110329.635879189,-352158.37734216615,5235.0,695.4000000000001,-290.0,-10.19999999999999,0.0,0.0,-0.3821572580645165,6194.778142238398
1530,0.76525,0.76525,11.339310000000001,122.024376,-8.95,110469.24865324539,-351460.85060386127,5292.0,681.5,-277.5,-11.100000000000025,0.0,0.0,-0.42467741935483827,6083.4454008770645
1531,0.76575,0.76575,11.3239715,122.0306665,-9.600000000000001,111579.11895006141,-353168.2510608471,5139.5,685.2,-297.0,-11.100000000000025,0.0,0.0,-0.35967741935483977,6101.695300097916
1532,0.76625,0.76625,11.326621,122.033024,-9.25,111482.26334417806,-352838.16846517386,5181.5,690.8,-289.5,-11.100000000000025,0.0,0.0,-0.3985321969696966,6080.398572883116
1533,0.76675,0.76675,11.3360485,122.02873199999999,-9.4,110571.92376058263,-352515.09115955525,5315.0,689.8499999999999,-282.0,-10.200000000000045,0.0,0.0,-0.40009469696969696,6068.726514910717
1534,0.76725,0.76725,11.329052,122.034546,-9.4,111812.36172667913,-353376.1302633438,5212.0,692.6,-285.0,-10.19999999999999,0.0,0.0,-0.358064516129033,6030.985601129911
1535,0.76775,0.76775,11.318985,122.037933,-9.4,112202.97105872312,-354020.78374099755,5212.0,679.7,-266.0,-9.299999999999956,0.0,0.0,-0.3580645161290293,5942.443360896155
1536,0.76825,0.76825,11.327591,122.034195,-9.1,111992.47139571676,-353215.5089699464,5113.0,692.6,-282.0,-9.199999999999932,0.0,0.0,-0.2967741935483849,6027.065518783868
1537,0.76875,0.76875,11.322482,122.036041,-9.1,111865.64457536286,-353955.7346190612,5090.0,676.0,-304.0,-11.099999999999907,0.0,0.0,-0.3939393939393939,5986.972424074877
1538,0.76925,0.76925,11.325461,122.042252,-9.1,112389.35661573996,-353149.79267752834,5098.0,688.9,-275.0,-12.899999999999975,0.0,0.0,-0.4111111111111099,5887.14027111375
1539,0.76975,0.76975,11.3148005,122.039921,-9.1,112476.02835661956,-354280.64664350345,5220.0,685.2,-289.0,-11.099999999999907,0.0,0.0,-0.3580645161290311,6058.1607354222415
1540,0.77025,0.77025,11.311981,122.041954,-9.1,112302.3629773164,-354324.7910903561,5166.0,692.6,-282.0,-11.100000000000025,0.0,0.0,-0.40625,5997.454754278125
1541,0.77075,0.77075,11.313634,122.041073,-9.25,112593.90067613512,-354589.60217393225,5216.0,692.6,-281.5,-10.200000000000045,0.0,0.0,-0.3612903225806466,6012.825293380356
1542,0.77125,0.77125,11.3165435,122.047718,-9.4,113161.43582465645,-354679.7257864615,5090.0,701.0,-289.0,-11.099999999999966,0.0,0.0,-0.35246975806451686,6159.965493693435
1543,0.77175,0.77175,11.3174745,122.0395925,-9.1,112183.72898208915,-354258.074042216,5048.5,687.05,-282.0,-11.099999999999907,0.0,0.0,-0.3580645161290311,6051.565515193761
1544,0.77225,0.77225,11.30603,122.053001,-9.1,113848.86182051306,-355543.93395003636,5060.0,692.6,-290.0,-11.100000000000025,0.0,0.0,-0.3468750000000007,6077.564402842005
1545,0.77275,0.77275,11.3171745,122.0591235,-9.1,114083.55995144314,-354718.08808914194,5189.0,685.2,-289.0,-9.299999999999956,0.0,0.0,-0.2906250000000021,6067.945647213639
1546,0.77325,0.77325,11.310791,122.051804,-9.4,113123.68129610782,-355366.2442118233,5060.0,694.5,-297.0,-11.100000000000025,0.0,0.0,-0.3939393939393939,6075.90898966869
1547,0.77375,0.77375,11.30833,122.0456505,-9.25,113260.01695087654,-354936.5864218011,5048.0,686.1500000000001,-289.5,-11.100000000000025,0.0,0.0,-0.38196969696969735,6231.122451644305
1548,0.77425,0.77425,11.3010445,122.05603049999999,-9.1,114144.95988242404,-355784.0041282609,5090.5,684.3,-282.0,-11.099999999999966,0.0,0.0,-0.35246975806451686,6020.11860180897
1549,0.77475,0.77475,11.295761,122.059006,-8.8,114526.81056011924,-356563.48164069786,4991.0,681.5,-282.0,-9.200000000000044,0.0,0.0,-0.336363636363637,5975.623562088457
1550,0.77525,0.77525,11.301673,122.051506,-9.1,113619.816843572,-356256.5832192532,5067.0,681.5,-289.0,-9.300000000000068,0.0,0.0,-0.3468750000000007,6033.304880100707
1551,0.77575,0.77575,11.308731,122.053558,-9.4,113309.2213470879,-355239.03704003606,5250.0,685.2,-290.0,-9.299999999999956,0.0,0.0,-0.3099999999999985,6102.895612611928
1552,0.77625,0.77625,11.295784000000001,122.057671,-9.25,114530.07560710795,-356591.44720337656,4926.5,685.2,-301.0,-12.899999999999975,0.0,0.0,-0.3985321969696966,6072.133456668288
1553,0.77675,0.77675,11.29097,122.064926,-8.8,114968.32958084704,-357152.4819806949,4900.0,676.0,-274.0,-9.300000000000068,0.0,0.0,-0.3468749999999971,5948.307061507591
1554,0.77725,0.77725,11.285903000000001,122.0676615,-9.4,115255.38182784163,-357410.28777421627,4976.0,672.25,-274.0,-12.899999999999975,0.0,0.0,-0.4111895161290319,5831.941158413174
1555,0.77775,0.77775,11.280701,122.071911,-9.25,115742.24128914517,-357868.57829739864,4915.0,686.1500000000001,-293.5,-11.100000000000025,0.0,0.0,-0.3580645161290311,6017.625502951529
1556,0.77825,0.77825,11.2935315,122.0681225,-9.1,115641.47054025305,-356738.2247092847,5060.0,688.0,-289.0,-9.249999999999943,0.0,0.0,-0.2953125000000004,6142.463936456112
1557,0.77875,0.77875,11.2881085,122.0691375,-9.1,114673.37613670816,-357765.2780678619,5006.0,676.0,-282.0,-9.299999999999956,0.0,0.0,-0.3050000000000004,6053.782772268614
1558,0.77925,0.77925,11.282547,122.071083,-8.8,115544.52917034928,-357784.95959706313,4884.0,685.2,-282.0,-9.299999999999956,0.0,0.0,-0.2967741935483886,5955.290992536199
1559,0.77975,0.77975,11.285522,122.069908,-8.8,115525.54023590208,-357722.57915705215,4884.0,677.8,-282.0,-9.300000000000068,0.0,0.0,-0.336363636363637,5968.46867490594
1560,0.78025,0.78025,11.2890575,122.0642355,-9.25,114350.62983650983,-357697.83825170016,5052.0,677.8,-278.0,-11.100000000000025,0.0,0.0,-0.336363636363637,5911.278572380586
1561,0.78075,0.78075,11.288103,122.0590285,-9.1,114412.90353319253,-357325.6127206185,4998.5,677.8,-285.5,-9.300000000000068,0.0,0.0,-0.3468750000000007,6002.06910233064
1562,0.78125,0.78125,11.278519,122.075813,-8.8,116448.36878964808,-358323.1437853936,4839.0,679.7,-282.0,-11.100000000000025,0.0,0.0,-0.3468750000000007,5990.5310266828255
1563,0.78175,0.78175,11.283377999999999,122.07104100000001,-9.4,115662.33139292378,-358281.16764260543,4979.5,681.55,-285.5,-11.099999999999907,0.0,0.0,-0.358064516129033,5945.069548616662
1564,0.78225,0.78225,11.279933,122.074104,-9.1,114786.76053852572,-358829.63737585745,4900.0,687.1,-289.0,-9.299999999999956,0.0,0.0,-0.31666666666667237,6048.530649604231
1565,0.78275,0.78275,11.271056999999999,122.0863185,-9.1,117437.30316453005,-359272.4717828871,4865.5,678.75,-289.0,-11.100000000000025,0.0,0.0,-0.358064516129033,5976.342134628428
1566,0.78325,0.78325,11.273254,122.077286,-9.1,116137.95811121917,-359101.9541273492,4862.0,685.2,-282.0,-7.5,0.0,0.0,-0.2906249999999986,6016.949492601448
1567,0.78375,0.78375,11.271228,122.087936,-9.1,116851.47889467252,-360172.206774597,4923.0,674.1,-274.0,-11.100000000000025,0.0,0.0,-0.358064516129033,5868.337911815185
1568,0.78425,0.78425,11.274626000000001,122.0917395,-9.1,117812.01394064848,-359585.6527263648,4846.5,677.8,-289.0,-9.25,0.0,0.0,-0.2983870967741935,5970.813557529155
1569,0.78475,0.78475,11.268494,122.088417,-9.1,117875.18133920126,-359758.00510072714,4900.0,679.7,-275.0,-9.299999999999956,0.0,0.0,-0.3468750000000007,5908.194847715872
1570,0.78525,0.78525,11.2700875,122.083084,-8.95,117291.77189607492,-359349.3075833288,4797.0,677.8,-278.5,-9.299999999999956,0.0,0.0,-0.336363636363637,5962.702835651613
1571,0.78575,0.78575,11.26229,122.090546,-9.1,117949.09214845805,-360366.7981650057,4808.0,674.1,-282.0,-9.299999999999956,0.0,0.0,-0.358064516129033,5828.579338725224
1572,0.78625,0.78625,11.256271,122.098076,-9.1,118391.40575697504,-362084.6509595335,4763.0,676.0,-282.0,-9.299999999999956,0.0,0.0,-0.3146341463414628,5976.35642976671
1573,0.78675,0.78675,11.263114999999999,122.09096500000001,-9.1,117628.08318300512,-360461.0359955034,4892.0,674.1,-274.0,-11.099999999999966,0.0,0.0,-0.3540322580645172,5873.12900392497
1574,0.78725,0.78725,11.262497,122.0936015,-9.4,117314.40657762077,-360233.75325150613,4831.0,670.4,-289.5,-9.299999999999956,0.0,0.0,-0.3000000000000022,5862.130093225882
1575,0.78775,0.78775,11.258938,122.096176,-8.8,118302.08259925344,-361182.74766375934,4717.0,674.1,-274.0,-9.300000000000068,0.0,0.0,-0.3500000000000014,5957.712513018631
1576,0.78825,0.78825,11.2553625,122.099701,-8.95,118474.22418983333,-361353.2097217572,4857.5,666.7,-266.5,-9.300000000000011,0.0,0.0,-0.35967741935483977,5812.717517488771
1577,0.78875,0.78875,11.241211,122.106216,-8.8,119367.42447096358,-363173.5843802603,4694.0,666.7,-282.0,-11.099999999999907,0.0,0.0,-0.358064516129033,5839.470472607756
1578,0.78925,0.78925,11.251346999999999,122.1028935,-9.1,119278.29259178753,-361937.3174782241,4701.5,673.2,-278.0,-10.200000000000045,0.0,0.0,-0.3378787878787871,5866.119764842702
1579,0.78975,0.78975,11.251921,122.110775,-8.8,119482.51525991147,-362091.82304220856,4602.5,669.5,-274.0,-9.299999999999956,0.0,0.0,-0.35403225806451355,5868.12554852777
1580,0.79025,0.79025,11.253398,122.099586,-9.1,118668.19234466176,-361361.7717429355,4778.0,677.8,-289.0,-9.299999999999956,0.0,0.0,-0.361290322580643,6027.608652487274
1581,0.79075,0.79075,11.247766,122.106583,-8.8,118711.07193940788,-362279.2423499422,4770.0,672.3,-282.0,-9.299999999999956,0.0,0.0,-0.3066666666666682,5969.527714782441
1582,0.79125,0.79125,11.245429,122.103783,-8.5,119182.54851546546,-362247.7741422362,4694.0,663.0,-267.0,-11.100000000000025,0.0,0.0,-0.358064516129033,5804.0896752623685
1583,0.79175,0.79175,11.247882,122.097858,-8.8,117933.61198854064,-361923.14010549424,4694.0,679.7,-275.0,-7.449999999999989,0.0,0.0,-0.2846590909090927,5999.224350526707
1584,0.79225,0.79225,11.244644,122.112373,-9.1,120461.10902613027,-362651.0786982431,4702.0,663.0,-267.0,-7.399999999999977,0.0,0.0,-0.2999999999999985,5686.883070902111
1585,0.79275,0.79275,11.235809,122.110718,-8.8,120107.5446294159,-362898.37655668234,4679.0,661.2,-259.0,-9.299999999999956,0.0,0.0,-0.358064516129033,5851.432115871963
1586,0.79325,0.79325,11.236813000000001,122.114994,-8.3,120174.89148172855,-363017.0773048315,4694.0,663.0,-255.5,-9.199999999999989,0.0,0.0,-0.2875000000000014,5829.032306088847
1587,0.79375,0.79375,11.230689,122.114197,-8.8,120520.878928657,-363727.558269984,4587.0,661.2,-266.0,-9.300000000000068,0.0,0.0,-0.358064516129033,5802.043221783322
1588,0.79425,0.79425,11.234327,122.120117,-9.1,121071.64592393764,-363548.8121785085,4576.0,666.7,-275.0,-9.299999999999956,0.0,0.0,-0.2906249999999986,5890.9504037427
1589,0.79475,0.79475,11.235031,122.114929,-9.1,120360.22926939875,-363837.08542401384,4648.0,676.0,-282.0,-9.199999999999932,0.0,0.0,-0.3000000000000022,5921.41124638901
1590,0.79525,0.79525,11.231415,122.121086,-8.8,120594.23675247985,-364155.1033534816,4663.0,670.4,-282.0,-9.300000000000068,0.0,0.0,-0.361290322580643,5918.544395910534
1591,0.79575,0.79575,11.230867,122.12795249999999,-8.8,121621.22780455885,-364337.01850474393,4621.5,663.0,-259.0,-7.399999999999977,0.0,0.0,-0.2818181818181804,5650.32451067158
1592,0.79625,0.79625,11.233246000000001,122.12592699999999,-8.8,122013.77184480027,-363910.75216466875,4549.5,667.6500000000001,-274.0,-9.25,0.0,0.0,-0.34687499999999893,5957.075004611498
1593,0.79675,0.79675,11.2239165,122.12677,-8.8,121987.348286027,-364246.4501118936,4526.5,662.1,-267.0,-10.199999999999989,0.0,0.0,-0.3363636363636353,5841.90398399078
1594,0.79725,0.79725,11.2265275,122.124363,-9.1,121719.39548042521,-364142.5939069555,4549.0,675.05,-270.5,-9.200000000000044,0.0,0.0,-0.29369959677419355,5867.62398443605
1595,0.79775,0.79775,11.221024,122.128288,-8.8,121914.83887017268,-365125.8364039204,4511.0,657.5,-267.0,-9.200000000000044,0.0,0.0,-0.3393939393939373,5737.966655805135
1596,0.79825,0.79825,11.2207595,122.13103100000001,-9.1,122061.81095069328,-364898.44246484304,4580.0,663.95,-289.5,-11.100000000000025,0.0,0.0,-0.3804545454545455,5849.670305473448
1597,0.79875,0.79875,11.211478,122.1329495,-8.95,122070.13465831173,-366403.13429056306,4549.5,663.0,-274.0,-10.199999999999989,0.0,0.0,-0.34872922776148685,5809.534821969148
1598,0.79925,0.79925,11.217407,122.13636,-8.8,123000.46051897966,-365414.8324174474,4458.0,661.2,-267.0,-9.200000000000044,0.0,0.0,-0.3468750000000007,5787.681350341816
1599,0.79975,0.79975,11.2116585,122.1388965,-9.1,123088.84984691677,-366202.09358550113,4374.0,655.65,-274.0,-7.399999999999977,0.0,0.0,-0.2890625,5684.564395496384
1600,0.80025,0.80025,11.216097000000001,122.132694,-8.8,122075.12968695635,-366082.5032767098,4404.0,658.4,-263.0,-7.399999999999977,0.0,0.0,-0.3468750000000007,5714.582016084945
1601,0.80075,0.80075,11.208984,122.138939,-8.8,122787.37503949016,-366485.19625977555,4420.0,666.7,-274.0,-7.5,0.0,0.0,-0.2967741935483849,5816.123139584763
1602,0.80125,0.80125,11.208012,122.1427195,-8.5,123818.90833837082,-366255.3560289331,4290.0,649.0999999999999,-251.5,-9.200000000000044,0.0,0.0,-0.3267708333333327,5587.195541273504
1603,0.80175,0.80175,11.206241,122.1399115,-9.1,122947.80996542504,-366715.81485617993,4396.5,662.1,-274.0,-9.199999999999989,0.0,0.0,-0.2953125000000003,5786.593327706643
1604,0.80225,0.80225,11.203355,122.143486,-8.8,123329.76637238568,-367220.64052044024,4420.0,664.9,-274.0,-7.399999999999977,0.0,0.0,-0.2818181818181804,5799.947531278377
1605,0.80275,0.80275,11.210896,122.144264,-9.1,123694.80216926032,-365956.6860434254,4473.0,659.3,-275.0,-9.299999999999956,0.0,0.0,-0.3100000000000023,5788.78042278405
1606,0.80325,0.80325,11.193067,122.15332,-8.5,124909.6622501839,-369084.82604055543,4313.0,650.1,-115.0,-3.7000000000000455,0.0,0.0,-0.2967741935483849,5332.443910968945
1607,0.80375,0.80375,11.205322,122.142921,-8.8,123602.7639801032,-366728.713485487,4420.0,655.6,-275.0,-9.199999999999932,0.0,0.0,-0.2967741935483849,5627.725190699891
1608,0.80425,0.80425,11.202702500000001,122.141323,-8.8,123577.91620052994,-367035.4451143111,4423.5,651.0,-247.5,-7.4500000000000455,0.0,0.0,-0.347214076246335,5642.343713182299
1609,0.80475,0.80475,11.2035775,122.1488115,-8.5,123284.72795457582,-367471.8858042278,4351.0,653.75,-251.5,-7.399999999999977,0.0,0.0,-0.3165689149560109,5616.297592816207
1610,0.80525,0.80525,11.195775000000001,122.15346149999999,-8.8,124486.44951565992,-367833.26981498685,4438.5,651.0,-255.5,-5.550000000000011,0.0,0.0,-0.23497983870967842,5629.2073909725
1611,0.80575,0.80575,11.187341,122.159775,-8.8,125533.61430458208,-368717.9934708647,4336.0,657.5,-267.0,-9.299999999999956,0.0,0.0,-0.3612903225806466,5724.693423095746
1612,0.80625,0.80625,11.196304,122.153275,-8.8,124649.26569382304,-367678.6530559219,4298.0,657.5,-266.0,-9.299999999999956,0.0,0.0,-0.3363636363636336,5692.963235098359
1613,0.80675,0.80675,11.187836,122.157898,-9.1,125358.2887390864,-368386.07615636784,4305.0,657.5,-267.0,-7.5,0.0,0.0,-0.3000000000000022,5699.1488875259965
1614,0.80725,0.80725,11.185112,122.1660385,-8.5,125934.31155331318,-369641.0238318833,4157.0,640.8,-270.5,-8.300000000000068,0.0,0.0,-0.2967741935483886,5673.321871246586
1615,0.80775,0.80775,11.186325,122.161995,-8.1,125416.81112718076,-368866.2165128161,4237.0,650.1,-244.0,-7.400000000000091,0.0,0.0,-0.2999999999999985,5705.509867629982
1616,0.80825,0.80825,11.1838725,122.166714,-8.5,126153.8767164686,-369077.26477509947,4229.0,654.7,-259.0,-7.400000000000091,0.0,0.0,-0.2890624999999982,5650.5628903648885
1617,0.80875,0.80875,11.182983499999999,122.168011,-8.5,126348.99926507921,-369342.85422423703,4214.0,644.5,-251.0,-7.399999999999977,0.0,0.0,-0.3468750000000007,5536.20488889754
1618,0.80925,0.80925,11.1814375,122.1630515,-8.95,125651.01593711347,-369552.73493817775,4256.0,645.4,-259.0,-9.25,0.0,0.0,-0.3431344696969707,5592.947079029469
1619,0.80975,0.80975,11.17966,122.172981,-8.8,126736.2199175072,-369710.9655373504,4153.0,650.1,-274.0,-7.399999999999977,0.0,0.0,-0.2846153846153837,5697.472231293261
1620,0.81025,0.81025,11.176331000000001,122.1691015,-8.5,126085.92465892363,-370816.74501273275,4274.5,641.7,-259.0,-9.200000000000044,0.0,0.0,-0.3468750000000007,5709.820161171103
1621,0.81075,0.81075,11.177891,122.176308,-8.8,126939.427354217,-370289.7359299656,4199.0,646.3,-266.0,-7.400000000000091,0.0,0.0,-0.358064516129033,5644.516510562562
1622,0.81125,0.81125,11.1736005,122.172672,-8.5,126884.48383869961,-369878.64771834237,4187.5,637.1,-247.5,-7.400000000000034,0.0,0.0,-0.2983870967741935,5474.4787986730735
1623,0.81175,0.81175,11.165451000000001,122.1832195,-8.5,128038.60942925143,-371871.0967635071,4065.0,651.95,-251.5,-5.599999999999909,0.0,0.0,-0.3104895104895087,5555.067677441472
1624,0.81225,0.81225,11.1702345,122.173809,-8.65,126973.78598164697,-370831.3671657832,3901.5,644.5,-243.5,-7.399999999999977,0.0,0.0,-0.2983870967741935,5543.988180764057
1625,0.81275,0.81275,11.169342,122.17704,-8.5,126538.82143588239,-370779.2166731538,4084.5,648.2,-240.0,-7.400000000000034,0.0,0.0,-0.2999999999999985,5427.599244311099
1626,0.81325,0.81325,11.1632195,122.18256,-8.5,128087.81848572934,-371323.34979827655,4072.5,650.05,-266.5,-8.349999999999966,0.0,0.0,-0.34721407624633316,5627.819998064455
1627,0.81375,0.81375,11.163742,122.186401,-8.5,128243.27468021572,-371810.9402251006,4130.0,642.6,-259.0,-9.199999999999989,0.0,0.0,-0.3656451612903219,5521.614390774858
1628,0.81425,0.81425,11.164215,122.187584,-8.1,127225.55329388066,-371852.47158756776,4130.0,648.2,-259.0,-7.399999999999977,0.0,0.0,-0.2967741935483886,5555.470172667923
1629,0.81475,0.81475,11.163552,122.181946,-8.5,128103.58591569928,-371145.04848712235,4107.0,638.9,-259.0,-5.600000000000023,0.0,0.0,-0.2387096774193541,5617.186082388995
1630,0.81525,0.81525,11.159294,122.187702,-8.5,127856.6464440891,-371852.7495752685,4179.5,633.4,-259.0,-9.250000000000057,0.0,0.0,-0.3744868035190616,5565.958686245298
1631,0.81575,0.81575,11.1624355,122.183559,-8.3,128136.50773241886,-371979.233979034,4088.5,645.4,-240.0,-9.25,0.0,0.0,-0.3431344696969707,5519.040937643154
1632,0.81625,0.81625,11.159523,122.187645,-8.1,128105.99675516799,-371807.771165314,4088.0,639.8499999999999,-252.0,-9.300000000000068,0.0,0.0,-0.38196969696969735,5630.744080566659
1633,0.81675,0.81675,11.150937,122.194275,-7.8,129021.34493437305,-372743.2553753188,4008.0,635.2,-229.0,-9.200000000000044,0.0,0.0,-0.358064516129033,5529.815575235358
1634,0.81725,0.81725,11.153732,122.190712,-7.8,128868.13480890411,-372436.690539115,3909.0,646.3,-259.0,-9.200000000000044,0.0,0.0,-0.3468750000000007,5737.315390881671
1635,0.81775,0.81775,11.145304,122.199867,-6.8,129527.93191010048,-372825.98451501253,3879.0,626.0,-228.0,-9.199999999999932,0.0,0.0,-0.3939393939393939,5502.8032070779245
1636,0.81825,0.81825,11.147056,122.19892899999999,-6.8,129592.65010508575,-373397.8608126537,3916.5,637.1,-236.0,-11.100000000000025,0.0,0.0,-0.43166666666666814,5557.98423613291
1637,0.81875,0.81875,11.140961,122.203766,-7.2,130112.80800488323,-373702.2017472529,3848.0,631.5,-213.0,-9.299999999999956,0.0,0.0,-0.358064516129033,5318.9832644876815
1638,0.81925,0.81925,11.147415,122.197701,-8.1,129335.07223575948,-372906.7121432619,3894.0,640.8,-259.0,-7.400000000000091,0.0,0.0,-0.2999999999999985,5600.333047936246
1639,0.81975,0.81975,11.1468385,122.2039145,-8.1,129995.34119211679,-373332.2001177755,3970.0,640.75,-251.0,-9.25,0.0,0.0,-0.3431344696969707,5679.874829040649
1640,0.82025,0.82025,11.1381055,122.206425,-7.5,130461.3765223585,-373893.6240778749,3993.0,633.4,-232.5,-9.299999999999956,0.0,0.0,-0.4177419354838706,5489.2738425308435
1641,0.82075,0.82075,11.1366525,122.20845800000001,-7.8,130352.11047643764,-374360.5878173155,3913.0,624.1,-225.0,-9.200000000000044,0.0,0.0,-0.34161931818181884,5379.885483403854
1642,0.82125,0.82125,11.1443355,122.202351,-7.8,129735.10820585562,-373939.60324355133,3863.5,641.7,-259.0,-9.200000000000044,0.0,0.0,-0.37600195503421346,5578.530055028823
1643,0.82175,0.82175,11.135761,122.211044,-6.5,131160.1790491349,-374745.2115998433,3917.0,622.3,-198.0,-9.199999999999932,0.0,0.0,-0.3468750000000007,5277.65971919532
1644,0.82225,0.82225,11.1288985,122.2152785,-6.2,131319.67997354508,-374786.35377952975,3753.0,631.5,-186.5,-9.299999999999956,0.0,0.0,-0.41694711538461765,5482.862719273824
1645,0.82275,0.82275,11.129895,122.214943,-5.9,131609.53938472574,-375195.1068944681,3772.0,633.4,-153.0,-9.300000000000068,0.0,0.0,-0.506060606060604,5018.807802231526
1646,0.82325,0.82325,11.132034,122.210419,-5.5,130728.87807526212,-375343.9971069007,3825.0,622.3,-206.0,-9.299999999999956,0.0,0.0,-0.4307692307692325,5466.552229847431
1647,0.82375,0.82375,11.125351,122.21769,-4.9,131525.0110096975,-375880.84695426835,3703.0,622.3,-137.0,-9.299999999999956,0.0,0.0,-0.4624999999999986,4927.2774609949765
1648,0.82425,0.82425,11.124573,122.226929,-5.2,132665.39318582354,-375353.671078881,3787.0,614.9,-122.0,-9.200000000000044,0.0,0.0,-0.578125,4416.5385610403955
1649,0.82475,0.82475,11.1183035,122.2288475,-5.9,132714.01509597874,-378499.54669130803,3787.5,609.35,-167.5,-7.399999999999977,0.0,0.0,-0.6000000000000039,5114.5280126073685
1650,0.82525,0.82525,11.1207935,122.2230605,-4.9,131698.78259680094,-376215.7109383916,3737.5,619.5,-129.5,-12.000000000000059,0.0,0.0,-0.6269585253456197,4886.965104578097
1651,0.82575,0.82575,11.12851,122.215431,-5.5,131354.92086884138,-375311.4169483922,3886.0,620.4,-191.0,-11.099999999999907,0.0,0.0,-0.5354838709677426,5249.156692442774
1652,0.82625,0.82625,11.115934,122.225624,-5.7,132537.6407340114,-378056.6566867379,3867.5,605.65,-149.0,-10.199999999999989,0.0,0.0,-0.5657291666666652,4703.556079207812
1653,0.82675,0.82675,11.1203155,122.22287399999999,-5.2,132249.83342130212,-376259.9665803246,3764.5,613.0,-130.0,-11.099999999999994,0.0,0.0,-0.5890624999999985,4857.068505009883
1654,0.82725,0.82725,11.1131825,122.2296945,-4.6,133124.63067512106,-377720.0135813309,3589.0,606.55,-95.0,-9.300000000000011,0.0,0.0,-0.5496578690127065,2465.450055239353
1655,0.82775,0.82775,11.111193499999999,122.231739,-4.9,133268.20376462903,-378024.79929625103,3585.0,606.55,-72.5,-7.399999999999977,0.0,0.0,-0.5874495967741935,2344.145202375227
1656,0.82825,0.82825,11.109306499999999,122.23622900000001,-4.2,133629.88416317105,-377452.97859614994,3650.0,608.4,-111.0,-13.849999999999966,0.0,0.0,-0.6580645161290315,4778.182657758984
1657,0.82875,0.82875,11.1073635,122.2363015,-5.2,133663.8538522445,-377159.9795597347,3638.5,601.9,-99.0,-6.499999999999943,0.0,0.0,-0.508064516129034,2340.357624231435
1658,0.82925,0.82925,11.107527,122.236523,-4.6,133576.23899438238,-377819.2551904394,3543.0,603.8,-88.0,-11.099999999999907,0.0,0.0,-0.5692307692307674,3136.23986715284
1659,0.82975,0.82975,11.103416,122.238739,-4.4,133961.6531044639,-378646.04620951583,3615.5,601.9,-76.5,-10.199999999999989,0.0,0.0,-0.7076923076923067,2372.16916739207
1660,0.83025,0.83025,11.101685499999999,122.2425345,-4.9,134273.89140798603,-378546.74900286726,3604.0,589.8499999999999,-107.0,-11.100000000000025,0.0,0.0,-0.6902097902097935,4354.171538846573
1661,0.83075,0.83075,11.10492,122.240002,-4.4,134036.47525218147,-378017.90520127676,3669.0,596.3,-114.0,-12.949999999999989,0.0,0.0,-0.6366080156402744,5018.0818450551715
1662,0.83125,0.83125,11.103221,122.239807,-4.2,134130.0447747203,-378435.22033739305,3559.0,603.8,-69.0,-14.799999999999956,0.0,0.0,-0.8615384615384563,2404.7527970958427
1663,0.83175,0.83175,11.1004745,122.245472,-4.2,134857.3860285437,-378338.75860529055,3528.0,607.5,-68.5,-13.0,0.0,0.0,-0.7933971774193549,2369.1362471681277
1664,0.83225,0.83225,11.098193,122.250084,-4.2,135232.1645226208,-379332.45343979733,3520.0,588.9,-69.0,-13.0,0.0,0.0,-0.6333333333333447,2405.3543715118144
1665,0.83275,0.83275,11.092933,122.249741,-3.9,135186.60600069523,-378995.08756636886,3543.0,590.8,-61.0,-16.600000000000023,0.0,0.0,-1.0437499999999993,2326.8637495763046
1666,0.83325,0.83325,11.0925905,122.25000750000001,-3.9,135240.12244816276,-379471.1137048487,3463.0,586.1500000000001,-53.0,-16.600000000000023,0.0,0.0,-0.9392857142857086,2170.477840460122
1667,0.83375,0.83375,11.092514,122.253632,-4.2,135517.76431056418,-379177.4474979519,3520.0,600.0,-53.0,-12.899999999999975,0.0,0.0,-0.719354838709676,2228.497610829057
1668,0.83425,0.83425,11.089371,122.253403,-4.6,135315.86313164816,-380905.30784970074,3574.0,581.5,-84.0,-12.899999999999975,0.0,0.0,-0.7076923076923112,2464.607645999535
1669,0.83475,0.83475,11.085344,122.259415,-3.9,136195.5467230885,-380151.8499860382,3498.0,576.0,-46.0,-14.799999999999956,0.0,0.0,-0.9000000000000057,2201.5032631966637
1670,0.83525,0.83525,11.084427,122.26017,-3.9,136297.35023770158,-380018.7494749986,3498.0,577.8,-53.0,-16.59999999999991,0.0,0.0,-1.0,2212.9712526003095
1671,0.83575,0.83575,11.085938,122.256805,-3.9,135738.6926766262,-381156.60873102857,3482.0,581.5,-53.0,-16.699999999999932,0.0,0.0,-1.1384615384615349,2184.360694328339
1672,0.83625,0.83625,11.084134,122.261101,-3.9,136407.68389034827,-380158.41049577226,3475.0,581.5,-53.0,-14.799999999999956,0.0,0.0,-0.8935483870967756,2224.777311538401
1673,0.83675,0.83675,11.0790365,122.26181,-3.9,136150.01040976087,-381513.2669508775,3475.0,576.9,-54.0,-13.0,0.0,0.0,-0.9259523809523817,2263.640602408045
1674,0.83725,0.83725,11.078522,122.263535,-3.9,136571.05867689123,-380686.5871268814,3490.0,576.0,-53.0,-14.800000000000068,0.0,0.0,-1.1384615384615349,2209.149721486446
1675,0.83775,0.83775,11.079666,122.264191,-3.9,136683.03585717623,-380712.2731904153,3459.0,577.8,-54.0,-14.900000000000093,0.0,0.0,-0.9899999999999978,2143.9219212521098
1676,0.83825,0.83825,11.075134,122.270844,-4.2,137310.7290089581,-381212.4286613056,3513.0,566.7,-53.0,-7.400000000000091,0.0,0.0,-0.8999999999999773,2125.959616274962
1677,0.83875,0.83875,11.0746325,122.269924,-4.2,137506.47075360938,-381169.11817755474,3452.0,563.0,-46.0,-13.899999999999977,0.0,0.0,-0.9374999999999929,2077.164020799019
1678,0.83925,0.83925,11.0695405,122.272957,-3.9,137659.07347669976,-382313.2599556178,3467.0,563.0,-46.0,-14.799999999999956,0.0,0.0,-1.0,2124.654220066739
1679,0.83975,0.83975,11.07283,122.2699245,-4.2,137284.3994427469,-381845.62904569565,3501.5,563.0,-53.0,-11.100000000000025,0.0,0.0,-0.8285897435897449,2138.3726486082287
1680,0.84025,0.84025,11.070511,122.273254,-4.2,137690.79987737033,-381601.8338322835,3444.0,561.2,-53.0,-12.899999999999975,0.0,0.0,-0.9250000000000008,2122.009956685047
1681,0.84075,0.84075,11.0669565,122.27596650000001,-4.05,137976.47723097552,-382414.2250884697,3425.0,564.85,-46.0,-12.050000000000068,0.0,0.0,-0.9499999999999886,2096.534856523511
1682,0.84125,0.84125,11.063782,122.279663,-4.6,138521.83244966724,-382227.3061585971,3421.0,563.0,-46.0,-11.100000000000025,0.0,0.0,-0.8999999999999773,2087.703335094194
1683,0.84175,0.84175,11.066258,122.276367,-4.6,137981.03109272194,-382346.8408698485,3498.0,568.6,-61.0,-12.899999999999975,0.0,0.0,-0.9250000000000114,2107.7896917291073
1684,0.84225,0.84225,11.0614065,122.28332900000001,-4.6,138738.65307534806,-382644.3433070128,3490.0,554.6500000000001,-46.0,-8.349999999999966,0.0,0.0,-0.9000000000000057,2039.6388716587555
1685,0.84275,0.84275,11.058623,122.282936,-4.6,138728.6110884668,-383218.8326890398,3414.0,561.2,-46.0,-9.200000000000044,0.0,0.0,-0.7153846153846118,1991.7889378570776
1686,0.84325,0.84325,11.058079,122.2827985,-4.9,138540.08411329222,-383276.8209233815,3417.5,558.4,-53.0,-10.199999999999932,0.0,0.0,-0.8799999999999917,2020.875100273339
1687,0.84375,0.84375,11.059525,122.284386,-4.9,138717.80134931492,-384112.17396363575,3429.0,555.6,-46.0,-7.399999999999977,0.0,0.0,-0.7153846153846206,2000.9676139546457
1688,0.84425,0.84425,11.058065,122.28569,-4.9,138767.39904016448,-383283.770615896,3444.0,559.3,-53.0,-9.199999999999932,0.0,0.0,-0.8538461538461468,2058.826908597325
1689,0.84475,0.84475,11.052457,122.28927250000001,-5.2,139455.9369909887,-384088.1558263054,3364.0,559.3,-53.0,-9.199999999999989,0.0,0.0,-0.7464019851116654,2007.5167051264598
1690,0.84525,0.84525,11.0536315,122.2887455,-5.2,139330.36671303282,-383657.38608548045,3379.5,553.7,-53.0,-7.399999999999977,0.0,0.0,-0.8538461538461556,2028.075511254921
1691,0.84575,0.84575,11.049792499999999,122.2913475,-5.5,139676.4568209071,-383868.3787502239,3425.0,557.5,-61.0,-3.7000000000000455,0.0,0.0,-0.5730769230769222,2026.6529414544311
1692,0.84625,0.84625,11.048103,122.292465,-5.9,139662.65272566114,-383959.2807283147,3429.0,559.3,-53.0,-9.199999999999932,0.0,0.0,-0.7076923076923024,2053.8626062989824
1693,0.84675,0.84675,11.048401,122.2918015,-6.5,139674.80304615435,-384534.8264636033,3371.5,553.7,-61.0,-3.700000000000017,0.0,0.0,-0.3830952380952388,2004.578000658579
1694,0.84725,0.84725,11.047348,122.29306,-5.9,139648.179279104,-384852.73319799127,3376.0,553.7,-61.0,-4.650000000000006,0.0,0.0,-0.6333333333333258,1981.54175252983
1695,0.84775,0.84775,11.046387,122.293411,-6.5,139924.1345896953,-384529.15551451145,3376.0,553.7,-69.0,-3.7000000000000455,0.0,0.0,-0.3733333333333348,2020.5801770582073
1696,0.84825,0.84825,11.0450405,122.2972985,-5.9,140023.07249290156,-384698.6724143274,3417.5,549.1,-61.0,-3.7000000000000455,0.0,0.0,-0.3041666666666678,2007.2055140553712
1697,0.84875,0.84875,11.0425185,122.29729449999999,-6.5,140219.37162865687,-384913.9460896598,3341.5,552.8,-61.0,-3.7000000000000455,0.0,0.0,-0.4445512820512829,2028.2207020480575
1698,0.84925,0.84925,11.04158,122.298813,-6.5,140421.88316535487,-385034.42595909286,3406.0,550.0,-61.0,-3.7000000000000455,0.0,0.0,-0.4230769230769231,1962.6938819673717
1699,0.84975,0.84975,11.0376335,122.30243300000001,-6.2,140928.25404998247,-385684.3612030578,3379.5,546.3,-61.0,-1.8999999999999773,0.0,0.0,-0.2846153846153837,1970.5484588703434
1700,0.85025,0.85025,11.0361335,122.304077,-6.8,141043.19588341977,-385498.77661414805,3341.5,554.6500000000001,-69.0,-1.900000000000091,0.0,0.0,-0.3450000000000035,1966.89989546604
1701,0.85075,0.85075,11.03595,122.305725,-6.2,141014.529177597,-385971.3557051406,3269.0,544.5,-69.0,-1.900000000000091,0.0,0.0,-0.2923076923076888,1963.00959568435
1702,0.85125,0.85125,11.036316,122.303452,-6.5,141244.11942137528,-385433.06032173015,3292.0,550.0,-69.0,-1.900000000000091,0.0,0.0,-0.2846153846153794,1948.3657502577169
1703,0.85175,0.85175,11.033661,122.306244,-6.8,141294.85586825648,-385836.80965805775,3261.0,544.5,-83.0,-1.900000000000034,0.0,0.0,-0.2642857142857175,1962.5515174040793
1704,0.85225,0.85225,11.031693,122.30761,-6.5,141246.9954655095,-386082.1060050531,3292.0,540.8,-69.0,-3.699999999999932,0.0,0.0,-0.2642857142857175,1944.4754049093303
1705,0.85275,0.85275,11.028809,122.310127,-6.8,141913.29674991735,-386316.2828440248,3284.0,546.3,-84.0,-1.8999999999999773,0.0,0.0,-0.2846153846153837,1978.109067085208
1706,0.85325,0.85325,11.0261765,122.313347,-6.5,141907.17925560928,-386572.30951626255,3257.5,544.5,-76.0,-1.9000000000000625,0.0,0.0,-0.26428571428571346,1963.39311375118
1707,0.85375,0.85375,11.0237415,122.315327,-6.2,142282.56818858074,-387197.7818425764,3291.5,544.5,-69.0,-1.8500000000000227,0.0,0.0,-0.188701923076924,1953.1029986618782
1708,0.85425,0.85425,11.024436999999999,122.316406,-6.8,142186.00187431512,-387035.93740329635,3269.0,546.3,-84.0,-1.8999999999999773,0.0,0.0,-0.1461538461538444,1991.2283453124637
1709,0.85475,0.85475,11.022868500000001,122.3185235,-6.8,142495.47364166297,-387576.40109077154,3231.0,542.6,-84.0,-1.900000000000091,0.0,0.0,-0.2846153846153794,1978.0380178990554
1710,0.85525,0.85525,11.023372,122.316475,-6.8,142499.50729571824,-387322.93190537905,3196.5,544.5,-91.0,-3.699999999999932,0.0,0.0,-0.2349798387096767,1998.9673163782832
1711,0.85575,0.85575,11.018216,122.322258,-6.8,142719.195252722,-387569.78498349735,3193.0,544.5,-91.0,-1.8999999999999773,0.0,0.0,-0.2642857142857094,1995.411634052483
1712,0.85625,0.85625,11.021301,122.31826,-6.8,142316.80530162033,-387447.8039804814,3223.0,544.5,-84.0,-1.900000000000091,0.0,0.0,-0.2846153846153794,1982.05175004903
1713,0.85675,0.85675,11.018143,122.325188,-6.8,143439.64245245513,-387574.3439817871,3216.0,540.8,-91.0,-1.8999999999999773,0.0,0.0,-0.1461538461538487,1978.2420932342611
1714,0.85725,0.85725,11.01622,122.324715,-6.8,143227.04175582578,-387938.6190646322,3223.0,540.8,-91.0,-3.699999999999932,0.0,0.0,-0.2846153846153794,1988.4637892241792
1715,0.85775,0.85775,11.011276,122.329826,-6.5,143879.5289605242,-388582.77216442506,3170.0,542.6,-83.0,-1.8999999999999773,0.0,0.0,-0.1461538461538444,1960.4514318779443
1716,0.85825,0.85825,11.015343000000001,122.3254165,-6.8,143360.28742286452,-387944.4012088044,3181.5,541.7,-91.0,-1.8999999999999773,0.0,0.0,-0.14807692307692466,1956.4501307630037
1717,0.85875,0.85875,11.0105635,122.3310205,-6.8,144064.43444092345,-388593.16890442686,3131.5,540.8,-84.0,-1.8999999999999773,0.0,0.0,-0.1461538461538444,1960.7583860348184
1718,0.85925,0.85925,11.010315,122.332329,-6.5,143977.44002992666,-388466.6845006612,3094.0,542.6,-84.0,-1.8999999999999773,0.0,0.0,-0.1461538461538444,1937.86535588156
1719,0.85975,0.85975,11.010861,122.333191,-6.8,144102.26496273756,-388542.18596014,3162.0,544.5,-84.0,-1.8999999999999773,0.0,0.0,-0.1461538461538531,1956.0125779236105
1720,0.86025,0.86025,11.008416,122.332691,-6.8,144065.15478263478,-388625.193087534,3128.0,540.8,-84.0,-1.8999999999999773,0.0,0.0,-0.15224358974359226,1967.6040044219371
1721,0.86075,0.86075,11.003832,122.337463,-6.8,144682.0432370359,-389017.0445502771,3139.0,540.8,-84.0,-1.8000000000000682,0.0,0.0,-0.1384615384615415,1949.8582292814574
1722,0.86125,0.86125,11.0038915,122.3386575,-6.8,144835.05443169942,-389054.4060972356,3166.0,540.8,-84.0,-1.8000000000000682,0.0,0.0,-0.1384615384615437,1952.9850238017384
1723,0.86175,0.86175,11.003692,122.338356,-7.2,144777.74405338475,-389280.96607321146,3078.0,540.8,-91.0,-1.8999999999999773,0.0,0.0,-0.1461538461538531,1963.2453345905092
1724,0.86225,0.86225,10.9998285,122.339775,-6.8,145092.72400733214,-389370.31132017914,3067.0,537.1,-91.0,-1.8999999999999773,0.0,0.0,-0.1617866004962814,1952.1904252415366
1725,0.86275,0.86275,10.9987465,122.3454095,-6.8,145488.34795980272,-389955.1418446675,2998.5,538.9,-91.0,-1.8999999999999773,0.0,0.0,-0.1461538461538444,1964.13599511248
1726,0.86325,0.86325,10.996942,122.341858,-6.8,145183.7931521811,-390024.6387698133,3071.0,537.1,-84.0,-1.8999999999999773,0.0,0.0,-0.1461538461538444,1959.5125794455944
1727,0.86375,0.86375,10.9983215,122.342533,-6.8,145348.4925754374,-390016.68832157657,3090.0,538.9,-91.0,-3.699999999999932,0.0,0.0,-0.2642857142857094,1981.555137423723
1728,0.86425,0.86425,10.996802,122.347015,-6.8,145731.06323176736,-390068.6720215857,3048.0,537.1,-84.0,-1.7999999999999543,0.0,0.0,-0.1384615384615349,1968.171665581985
1729,0.86475,0.86475,10.991913,122.348083,-6.8,145815.01675601842,-390235.4646419361,3056.0,538.9,-84.0,-1.8000000000000682,0.0,0.0,-0.1384615384615349,1945.402477948256
1730,0.86525,0.86525,10.9904945,122.351868,-6.8,146331.37365095125,-390512.2847941774,3090.0,537.1,-84.0,-1.8999999999999773,0.0,0.0,-0.1461538461538531,1968.3376316625834
1731,0.86575,0.86575,10.9911525,122.3490755,-7.2,145948.1011767344,-390443.62183213315,3021.5,536.1500000000001,-91.0,-1.8999999999999773,0.0,0.0,-0.1964102564102595,1957.5546864380913
1732,0.86625,0.86625,10.985058500000001,122.3560375,-6.8,146596.19240779083,-391078.71253288706,2949.0,535.2,-91.0,-1.8999999999999773,0.0,0.0,-0.2744505494505485,1927.2428362968049
1733,0.86675,0.86675,10.9842505,122.3559765,-7.2,146639.2360417014,-391340.18776405614,2975.5,538.9,-91.0,-1.8000000000000114,0.0,0.0,-0.1461538461538444,1964.6857623992105
1734,0.86725,0.86725,10.985981500000001,122.3567465,-6.8,146615.67878441082,-391067.3150371631,2987.0,537.1,-84.0,-1.8999999999999773,0.0,0.0,-0.2466666666666697,1934.1622347737282
1735,0.86775,0.86775,10.98442,122.355652,-6.8,146731.35182435115,-391355.31029496767,2979.0,538.9,-84.0,-1.8999999999999773,0.0,0.0,-0.2642857142857094,1908.7902152309568
1736,0.86825,0.86825,10.9852655,122.36147299999999,-6.8,147249.31670563895,-391486.52048964344,3029.0,537.1,-84.0,-1.8000000000000682,0.0,0.0,-0.1461538461538444,1922.3029017018407
1737,0.86875,0.86875,10.977623,122.360809,-6.8,147291.3438699337,-391862.35986083274,2957.0,537.1,-84.0,-1.8999999999999773,0.0,0.0,-0.2466666666666697,1948.2425583944248
1738,0.86925,0.86925,10.97715,122.3629035,-6.8,147535.21341457055,-392135.23258772603,2987.0,535.2,-84.0,-1.8999999999999773,0.0,0.0,-0.14615384615384655,1909.4858436625418
1739,0.86975,0.86975,10.977856,122.36525,-6.8,147698.14345741094,-392055.5057151985,2903.0,533.4,-91.0,-1.8999999999999773,0.0,0.0,-0.2387096774193541,1929.578504368175
1740,0.87025,0.87025,10.972733,122.36953,-6.8,148006.79813711453,-392677.642189105,2858.0,531.5,-84.0,-1.8999999999999773,0.0,0.0,-0.1636363636363595,1908.9482116842048
1741,0.87075,0.87075,10.968778,122.370781,-7.2,148346.23585598945,-393089.9535466112,2918.0,535.2,-91.0,-1.8999999999999773,0.0,0.0,-0.1461538461538444,1907.2993644441249
1742,0.87125,0.87125,10.971059499999999,122.3710975,-7.2,148173.1637220143,-392852.9968306334,2930.0,535.25,-68.0,-1.8499999999999943,0.0,0.0,-0.1461538461538531,1877.6239023434844
1743,0.87175,0.87175,10.969942,122.375427,-7.2,148806.6408419042,-393105.0760775232,2934.0,537.1,-69.0,-1.8000000000000682,0.0,0.0,-0.1461538461538444,1888.8944036206944
1744,0.87225,0.87225,10.962524,122.379066,-7.2,149025.6252134916,-393563.4221982454,2873.0,538.9,-54.0,-1.7999999999999543,0.0,0.0,-0.1285714285714334,1760.5842730363725
1745,0.87275,0.87275,10.957581,122.382874,-7.2,149322.74487504837,-394735.1959537464,2850.0,533.4,-31.0,-1.7999999999999543,1.0,0.0666666666666666,-0.1233333333333329,1180.113458987181
1746,0.87325,0.87325,10.956628,122.383018,-7.2,149312.10719088116,-394767.6649171744,2819.0,531.5,-38.0,-1.7999999999999543,0.0,0.0,-0.1384615384615437,1529.7490386161016
1747,0.87375,0.87375,10.949203,122.384514,-7.2,149734.5275421735,-395471.08499473205,2774.0,535.2,-23.0,0.0,3.0,0.6666666666666666,0.0,497.80897957371457
1748,0.87425,0.87425,10.947045,122.385513,-7.2,149847.85747180032,-395739.23193071515,2758.0,533.4,-23.0,0.0,3.0,1.0,0.0,377.9940482428509
1749,0.87475,0.87475,10.947038,122.385376,-7.5,149915.49527796998,-395627.31408246025,2804.0,537.1,-23.0,0.0,3.0,1.0,0.0,374.63125151450936
1750,0.87525,0.87525,10.9448545,122.3865395,-7.5,150053.1454017823,-395638.87837080425,2789.0,537.1,-16.0,0.0,3.0,1.0,0.0,359.4335614342817
1751,0.87575,0.87575,10.943721499999999,122.387131,-7.5,150104.4112963169,-396295.9300999042,2758.0,537.1,-16.0,0.0,3.0,1.3333333333333333,0.0,347.3252700763968
1752,0.87625,0.87625,10.942795,122.38736,-7.5,150148.22471593082,-396310.6078504951,2774.0,537.1,-16.0,0.0,3.0,1.3333333333333333,0.0,346.9600591519539
1753,0.87675,0.87675,10.940895000000001,122.388126,-7.5,150277.52689468977,-396481.45909127383,2736.0,535.2,-15.0,0.0,3.0,1.5,0.0,334.95200845212463
1754,0.87725,0.87725,10.94021325,122.388275,-7.5,150269.11652786477,-396562.90948754497,2736.0,537.1,-15.0,0.0,3.0,1.5,0.0,327.8368304100153
1755,0.87775,0.87775,10.938693,122.388786,-7.8,150274.77622413248,-396746.43696747045,2728.0,537.1,-15.0,0.0,3.0,1.5,0.0,326.21922465755995
1756,0.87825,0.87825,10.937122,122.389191,-7.5,150359.14071158928,-396745.8253945292,2720.0,538.9,-15.0,0.0,3.0,1.5,0.0,329.89633975758164
1757,0.87875,0.87875,10.936203,122.389542,-7.65,150368.02195309667,-396866.4720565826,2713.0,538.9,-15.0,0.0,3.0,1.5,0.0,327.6522192090637
1758,0.87925,0.87925,10.935121,122.389519,-7.5,150355.40525203338,-396936.58055466984,2720.0,538.9,-15.0,0.0,3.0,1.5,0.0,326.8664618045596
1759,0.87975,0.87975,10.93382,122.389824,-7.5,150376.93820261618,-397114.8262682842,2697.0,537.1,-15.0,0.0,3.0,1.5,0.0,324.1496825984292
1760,0.88025,0.88025,10.931717,122.389961,-7.5,150382.17020655092,-397383.3067895081,2682.0,540.8,-15.0,0.0,3.0,1.5,0.0,328.69277447238676
1761,0.88075,0.88075,10.929089000000001,122.39016,-7.5,150412.99319842935,-397617.65042109997,2659.0,540.8,-15.0,0.0,3.0,1.5,0.0,323.83446802512856
1762,0.88125,0.88125,10.9283725,122.390198,-7.5,150375.14009604394,-397721.3398334178,2667.0,538.9,-15.0,0.0,3.0,1.5,0.0,318.9361819403877
1763,0.88175,0.88175,10.926157,122.389969,-7.5,150346.9608657367,-398016.6739665182,2675.0,540.8,-15.0,0.0,3.0,1.5,0.0,326.805798471771
1764,0.88225,0.88225,10.924095000000001,122.390053,-7.5,150342.8170937357,-398088.8395735897,2655.5,540.8,-15.0,0.0,3.0,1.5,0.0,320.45805512873653
1765,0.88275,0.88275,10.921829,122.389961,-7.5,150268.68681198527,-398407.1910882985,2629.0,540.8,-15.0,0.0,3.0,1.5,0.0,319.07670461396333
1766,0.88325,0.88325,10.920273,122.389923,-7.2,150310.51153527005,-398490.14261815255,2637.0,540.8,-15.0,0.0,3.0,1.5,0.0,322.67986659841455
1767,0.88375,0.88375,10.917572,122.389732,-7.5,150151.98645123094,-398869.76262206974,2621.0,542.6,-15.0,0.0,3.0,1.3333333333333333,0.0,324.9057811048427
1768,0.88425,0.88425,10.915429,122.389526,-7.35,150136.4315380556,-399055.95878392085,2606.0,540.8,-15.0,0.0,3.0,1.0,0.0,319.31084251017353
1769,0.88475,0.88475,10.913232,122.3893205,-7.2,150131.55936020077,-399211.0203233066,2591.0,540.8,-15.0,0.0,2.5,1.0,0.0,320.27937281329446
1770,0.88525,0.88525,10.910900999999999,122.38908,-7.5,150054.54342292718,-399513.0817587611,2583.0,540.8,-15.0,0.0,2.0,1.0,0.0,322.7862572405521
1771,0.88575,0.88575,10.908760000000001,122.388649,-7.5,149944.8849542822,-399842.7195741134,2576.0,540.8,-15.0,0.0,1.0,0.5,0.0,321.8928462985913
1772,0.88625,0.88625,10.907043,122.388321,-7.2,149954.11975345376,-399978.9335473993,2560.0,540.8,-15.0,0.0,1.0,0.5,0.0,317.62159302821783
1773,0.88675,0.88675,10.904961,122.387939,-7.2,149869.82940425997,-400150.89673898043,2553.0,542.6,-15.0,0.0,1.0,0.5,0.0,325.13605896662943
1774,0.88725,0.88725,10.9025915,122.38743199999999,-7.5,149827.2573038649,-400343.76460564556,2545.0,542.6,-15.0,0.0,1.0,0.23809523809523805,0.0,324.9648215230799
1775,0.88775,0.88775,10.900314,122.38678,-7.5,149775.6762056311,-400637.9867879432,2522.0,540.8,-15.0,0.0,0.0,0.0,0.0,321.74724470091087
1776,0.88825,0.88825,10.899765,122.386703,-7.5,149724.8432589591,-400763.0812532064,2522.0,542.6,-15.0,0.0,0.0,0.0,0.0,320.63470841641396
1777,0.88875,0.88875,10.898041500000001,122.3861425,-7.5,149693.03989084542,-400933.4321161241,2515.0,540.8,-15.0,0.0,0.0,0.0,0.0,318.5351596904836
1778,0.88925,0.88925,10.895458,122.385468,-7.8,149648.99976332518,-401156.6006421528,2507.0,542.6,-15.0,0.0,0.0,0.0,0.0,322.05264045427623
1779,0.88975,0.88975,10.893922,122.385139,-7.8,149578.08018255077,-401310.10545041494,2499.0,542.6,-15.0,0.0,0.0,0.0,0.0,325.1678740173677
1780,0.89025,0.89025,10.892688499999998,122.384735,-7.8,149400.39791578398,-401471.1715241334,2477.0,542.6,-15.0,0.0,0.0,0.0,0.0,321.74766345168223
1781,0.89075,0.89075,10.891259999999999,122.384285,-7.8,149384.75708583137,-401675.4368865224,2469.0,542.6,-15.0,0.0,0.0,0.0,0.0,332.46128677467215
1782,0.89125,0.89125,10.889923,122.383888,-7.8,149316.25527767153,-401804.86795991426,2477.0,542.6,-15.0,0.0,0.0,0.0,0.0,330.32010259130107
1783,0.89175,0.89175,10.888321,122.383385,-7.8,149186.69722909396,-402017.0281729997,2454.0,544.5,-15.0,0.0,0.0,0.0,0.0,335.56968928703986
1784,0.89225,0.89225,10.886948,122.383293,-7.8,149097.6582397226,-402211.61956340855,2454.0,542.6,-15.0,0.0,0.0,0.0,0.0,329.4797943310255
1785,0.89275,0.89275,10.885234,122.382702,-7.8,148909.63725623605,-402318.8672182936,2438.0,542.6,-16.0,0.0,0.0,0.0,0.0,335.89465255290645
1786,0.89325,0.89325,10.885496,122.382767,-7.8,148844.3695470763,-402393.3123245101,2469.0,542.6,-16.0,0.0,0.0,0.0,0.0,333.1557986573181
1787,0.89375,0.89375,10.884239,122.382393,-7.8,148625.22216386988,-402640.5545854094,2431.0,540.8,-16.0,0.0,0.0,0.0,0.0,344.79120518310503
1788,0.89425,0.89425,10.8821195,122.381874,-7.8,148550.25397161243,-402982.3682620473,2438.0,542.6,-22.0,0.0,0.0,0.0,0.0,361.94195768039975
1789,0.89475,0.89475,10.8813815,122.38167949999999,-7.8,148420.06260842216,-403114.96839522594,2415.5,542.6,-23.0,0.0,0.0,0.0,0.0,371.26259655214335
1790,0.89525,0.89525,10.879305,122.381241,-7.8,148627.90695402437,-403388.39709752024,2370.0,540.8,-23.0,0.0,0.0,0.0,0.0,373.03110239942026
1791,0.89575,0.89575,10.8778385,122.38092449999999,-7.8,148367.7525176237,-403686.8446928668,2400.0,540.8,-23.0,0.0,0.0,0.0,0.0,384.39389031767
1792,0.89625,0.89625,10.865982,122.3778,-7.5,148520.48713700668,-404299.52958495385,2377.0,535.2,-38.0,-1.8000000000000114,0.0,0.0,-0.1357142857142881,1625.178170750489
1793,0.89675,0.89675,10.865897,122.378647,-7.5,148353.63954470877,-404458.8721349283,2393.0,542.6,-38.0,-1.7999999999999543,0.0,0.0,-0.1285714285714334,1433.021794815976
1794,0.89725,0.89725,10.86073,122.376038,-7.5,148137.1892592687,-405112.6992067011,2355.0,535.2,-61.0,-1.8000000000000114,0.0,0.0,-0.1384615384615393,1729.0632556031694
1795,0.89775,0.89775,10.8604275,122.3760145,-7.35,148306.689658989,-405491.4296499768,2351.0,537.1,-79.5,-1.799999999999983,0.0,0.0,-0.1384615384615437,1832.5404172588055
1796,0.89825,0.89825,10.858775,122.375648,-7.5,148281.49659878394,-405697.02935332863,2324.0,535.2,-69.0,-1.8000000000000114,0.0,0.0,-0.1461538461538444,1767.050613163096
1797,0.89875,0.89875,10.850862,122.374344,-7.2,148410.22605474098,-406178.9488310607,2286.0,535.2,-84.0,-1.8000000000000114,0.0,0.0,-0.1384615384615437,1871.6014940815303
1798,0.89925,0.89925,10.84574,122.372612,-6.8,148340.8271861378,-406410.5681831872,2248.0,529.7,-84.0,-1.8999999999999773,0.0,0.0,-0.1461538461538444,1879.88714903392
1799,0.89975,0.89975,10.8448675,122.37199799999999,-7.2,148237.65100369335,-406947.5292256348,2244.0,530.6,-87.5,-1.8999999999999773,0.0,0.0,-0.1461538461538444,1895.7652939714262
1800,0.90025,0.90025,10.842682,122.371605,-7.2,147995.67832366005,-407191.04645134613,2233.0,529.7,-84.0,-1.900000000000034,0.0,0.0,-0.2714285714285763,1893.5359083546923
1801,0.90075,0.90075,10.840897,122.370972,-6.8,148067.62897198353,-407560.6033005024,2225.0,530.6,-84.0,-3.6999999999999886,0.0,0.0,-0.2846153846153881,1919.3490541211295
1802,0.90125,0.90125,10.839432,122.3705405,-7.2,147975.6354210548,-407762.86715144734,2240.0,526.0,-92.0,-1.8999999999999773,0.0,0.0,-0.1461538461538444,1904.438307837353
1803,0.90175,0.90175,10.836197,122.370689,-7.2,148026.70553125843,-408097.1751601691,2195.0,526.0,-91.0,-1.8000000000000682,0.0,0.0,-0.1384615384615393,1891.4984864836304
1804,0.90225,0.90225,10.8372805,122.3703,-7.2,147838.2142250444,-408040.46566925023,2244.0,529.7,-91.0,-1.9000000000000625,0.0,0.0,-0.2466666666666659,1919.27526281208
1805,0.90275,0.90275,10.827213,122.36742,-6.8,147938.38463606208,-408531.1695583208,2141.0,526.9,-91.5,-1.8999999999999773,0.0,0.0,-0.14230769230769405,1916.049830231364
1806,0.90325,0.90325,10.8274385,122.367489,-6.8,147809.10285731487,-409075.69186622463,2149.0,523.2,-84.0,-3.699999999999932,0.0,0.0,-0.2642857142857134,1882.4073684999219
1807,0.90375,0.90375,10.825525,122.366726,-7.0,147524.59082644613,-409417.83912810305,2130.0,522.3,-92.0,-1.900000000000034,0.0,0.0,-0.1461538461538531,1936.182565372184
1808,0.90425,0.90425,10.82515,122.366859,-7.2,147588.88919898382,-409210.9050837882,2164.0,524.1,-84.0,-3.699999999999932,0.0,0.0,-0.2846153846153794,1910.5249978404
1809,0.90475,0.90475,10.82135,122.365578,-7.5,147528.41509099823,-409533.48201154586,2088.0,527.8,-91.0,-1.8999999999999773,0.0,0.0,-0.1461538461538444,1920.3249164207864
1810,0.90525,0.90525,10.82158,122.36544,-6.8,147564.55315417043,-409861.5074982349,2141.0,514.9,-91.0,-1.900000000000091,0.0,0.0,-0.2642857142857094,1911.9175301783
1811,0.90575,0.90575,10.8167035,122.3645135,-7.35,147351.1429121089,-409992.27291258937,2152.5,529.7,-91.0,-1.8999999999999773,0.0,0.0,-0.1461538461538444,1921.8790217900068
1812,0.90625,0.90625,10.815016,122.364021,-6.5,147398.07403354035,-410137.38249229424,2080.0,511.2,-77.0,-3.699999999999932,0.0,0.0,-0.2846153846153794,1871.622508507258
1813,0.90675,0.90675,10.810479,122.3624265,-6.8,147213.7972133573,-410943.26883628673,2084.0,526.0,-91.0,-1.9000000000000625,0.0,0.0,-0.2642857142857114,1905.7299113964234
1814,0.90725,0.90725,10.810430499999999,122.3627855,-6.8,147235.4730297279,-410812.16983669123,2038.5,521.3499999999999,-91.0,-1.9000000000000625,0.0,0.0,-0.2642857142857175,1918.5278205989273
1815,0.90775,0.90775,10.8056765,122.361603,-7.0,147120.11089425866,-411809.1449260653,2031.0,518.6,-91.0,-1.9000000000000057,0.0,0.0,-0.2554761904761895,1899.1318336334498
1816,0.90825,0.90825,10.8078,122.362015,-6.8,147314.77026798428,-410911.6338359603,2035.0,520.4,-92.0,-1.900000000000034,0.0,0.0,-0.1583333333333314,1897.192840632942
1817,0.90875,0.90875,10.805146,122.361084,-6.8,146924.70520740724,-411610.27252506756,2050.0,515.8,-84.0,-1.8999999999999773,0.0,0.0,-0.1461538461538444,1897.7280911283242
1818,0.90925,0.90925,10.800026,122.35994,-6.5,147109.43392426512,-411904.8282926061,2035.0,511.2,-84.0,-1.8999999999999773,0.0,0.0,-0.1461538461538444,1883.877263991263
1819,0.90975,0.90975,10.800399,122.360229,-7.2,146724.48021203076,-411935.1845495102,1981.0,518.6,-92.0,-1.8999999999999773,0.0,0.0,-0.1461538461538444,1902.123294190501
1820,0.91025,0.91025,10.7933725,122.358173,-6.5,146789.48062500785,-412693.25700900203,2035.0,502.79999999999995,-84.0,-1.8999999999999773,0.0,0.0,-0.14615384615384874,1851.6963241598983
1821,0.91075,0.91075,10.792531,122.358063,-6.8,146603.02237187512,-413024.22916531743,1935.0,514.9,-84.0,-1.8999999999999773,0.0,0.0,-0.1461538461538444,1882.5025754167484
1822,0.91125,0.91125,10.792351,122.357914,-6.5,146815.27681240917,-413196.85952737974,1928.0,518.6,-84.0,-1.900000000000091,0.0,0.0,-0.2554761904761917,1900.374593588564
1823,0.91175,0.91175,10.791018000000001,122.3573875,-6.65,146694.48544666258,-413035.68225858116,1947.0,508.4,-84.0,-3.699999999999932,0.0,0.0,-0.2466666666666697,1890.966971312282
1824,0.91225,0.91225,10.788162,122.356964,-6.5,146710.35779353543,-413414.190311696,2004.0,500.0,-84.0,-1.8999999999999773,0.0,0.0,-0.1461538461538444,1848.865927234115
1825,0.91275,0.91275,10.784326,122.35611,-6.5,146513.6750628015,-413754.72524491115,1897.0,512.1,-84.0,-1.8999999999999773,0.0,0.0,-0.1461538461538444,1867.6578235706857
1826,0.91325,0.91325,10.782051,122.3550455,-6.2,146377.1639667834,-413954.487206551,1928.0,491.70000000000005,-84.0,-3.699999999999932,0.0,0.0,-0.2642857142857134,1836.4965121099476
1827,0.91375,0.91375,10.778472,122.354454,-6.8,146274.4274685286,-414212.57098777295,1935.0,520.4,-91.0,-3.699999999999932,0.0,0.0,-0.2642857142857134,1880.5907453654715
1828,0.91425,0.91425,10.777215,122.354156,-6.5,146323.5434263343,-414357.4581773172,1852.0,503.7,-84.0,-1.900000000000034,0.0,0.0,-0.2642857142857094,1879.8154674285113
1829,0.91475,0.91475,10.775959,122.353645,-6.2,146304.42302989302,-415066.21561872575,1852.0,498.2,-76.0,-1.900000000000034,0.0,0.0,-0.2642857142857094,1836.3899516562271
1830,0.91525,0.91525,10.774747999999999,122.353271,-6.2,146296.53032126988,-414934.06026586826,1875.0,504.65,-84.0,-1.8999999999999773,0.0,0.0,-0.1541666666666685,1874.6589363678613
1831,0.91575,0.91575,10.771633000000001,122.35225299999999,-6.2,146198.6309197569,-415126.1497669716,1863.0,492.6,-80.5,-3.699999999999932,0.0,0.0,-0.2846153846153794,1832.7114231832475
1832,0.91625,0.91625,10.769487,122.351845,-6.2,146096.5539836319,-415299.7252872164,1829.0,498.2,-77.0,-3.6999999999999886,0.0,0.0,-0.2846153846153881,1830.2804843778265
1833,0.91675,0.91675,10.765401,122.350883,-6.35,145939.5386957844,-415898.73318443424,1812.0,500.04999999999995,-83.0,-3.699999999999932,0.0,0.0,-0.26428571428571546,1838.4432380016783
1834,0.91725,0.91725,10.764016,122.350128,-6.2,145992.45567735142,-415736.8887451543,1867.0,490.8,-77.0,-3.69999999999996,0.0,0.0,-0.2846153846153837,1791.7902409680578
1835,0.91775,0.91775,10.762368,122.349907,-6.2,145817.04215864098,-416230.0945235301,1791.0,503.7,-84.0,-3.6999999999999886,0.0,0.0,-0.2846153846153881,1822.5445409226213
1836,0.91825,0.91825,10.760925,122.349388,-5.9,145856.44809760954,-416386.8795866593,1760.0,490.8,-76.0,-1.900000000000034,0.0,0.0,-0.1461538461538487,1809.6618130202592
1837,0.91875,0.91875,10.75502,122.347992,-5.9,145747.697535179,-417299.6800002965,1783.0,477.8,-72.5,-3.6999999999999886,0.0,0.0,-0.2846153846153794,1747.0235324644518
1838,0.91925,0.91925,10.756499999999999,122.34833549999999,-5.9,145719.864674835,-416926.12012825196,1771.5,500.0,-76.0,-3.69999999999996,0.0,0.0,-0.2846153846153837,1839.0337822564388
1839,0.91975,0.91975,10.752227999999999,122.34742750000001,-5.5,145673.5878431413,-417084.4619225046,1745.0,494.45000000000005,-72.5,-3.6999999999999886,0.0,0.0,-0.2846153846153837,1798.6421557914064
1840,0.92025,0.92025,10.750900000000001,122.346825,-6.2,145569.89006480173,-417707.37676197296,1726.0,493.55,-76.0,-1.900000000000034,0.0,0.0,-0.2642857142857134,1776.8235074392665
1841,0.92075,0.92075,10.749843,122.346642,-5.5,145405.45115609845,-417740.4572983422,1722.0,487.1,-69.0,-3.6999999999999886,0.0,0.0,-0.2642857142857175,1720.6852041822224
1842,0.92125,0.92125,10.745002,122.345192,-5.9,145527.6855427117,-417933.15837238694,1707.0,486.15,-76.0,-3.6999999999999886,0.0,0.0,-0.2846153846153881,1753.5194503339235
1843,0.92175,0.92175,10.7434995,122.3448865,-5.9,145379.22401066654,-418232.662320996,1684.0,482.45,-61.0,-3.6999999999999886,0.0,0.0,-0.2846153846153881,1722.6318271820849
1844,0.92225,0.92225,10.741536499999999,122.34441749999999,-5.5,145341.60960477995,-418671.7716928384,1695.5,487.04999999999995,-64.5,-3.6999999999999886,0.0,0.0,-0.2846153846153837,1773.4542777873176
1845,0.92275,0.92275,10.738632,122.343704,-5.2,145231.8182273136,-418905.1145687083,1646.0,494.5,-61.0,-1.900000000000091,0.0,0.0,-0.2846153846153881,1750.6726457724792
1846,0.92325,0.92325,10.7364125,122.342747,-5.7,145225.4250038049,-419144.01719858986,1672.5,481.5,-61.0,-2.8000000000000114,0.0,0.0,-0.27142857142857224,1707.296529494657
1847,0.92375,0.92375,10.735719499999998,122.342472,-5.2,145124.71728759108,-419013.8077596363,1631.0,483.4,-61.0,-3.699999999999932,0.0,0.0,-0.30833333333333235,1686.7733169652356
1848,0.92425,0.92425,10.7309855,122.341431,-5.5,144973.40266473044,-419871.6222060983,1615.0,483.4,-54.0,-3.6999999999999886,0.0,0.0,-0.4269230769230734,1662.0596819353043
1849,0.92475,0.92475,10.729912,122.341103,-5.2,144962.61975852668,-419728.90332061844,1608.0,477.8,-54.0,-2.3250000000000455,0.0,0.0,-0.35416666666666735,1605.3817536616625
1850,0.92525,0.92525,10.726535,122.34021,-5.5,144890.9490773117,-420253.07692883926,1570.0,481.5,-53.5,-3.699999999999932,0.0,0.0,-0.2846153846153837,1650.3428417645348
1851,0.92575,0.92575,10.725769,122.339752,-5.2,144750.46579104787,-420646.6519153255,1623.0,474.1,-53.0,-3.6999999999999886,0.0,0.0,-0.3166666666666629,1629.06560186294
1852,0.92625,0.92625,10.722841500000001,122.339222,-5.2,144776.33204185835,-420647.8194636684,1554.0,483.4,-53.0,-3.6999999999999886,0.0,0.0,-0.4307692307692325,1562.931769149443
1853,0.92675,0.92675,10.7207395,122.3386575,-5.5,144740.6942201057,-420743.4472326691,1550.5,477.8,-54.0,-1.900000000000034,0.0,0.0,-0.2846153846153837,1642.4360840472687
1854,0.92725,0.92725,10.717484,122.337547,-5.2,144635.24730839249,-421412.5636279745,1532.0,472.3,-46.0,-3.6999999999999886,0.0,0.0,-0.4230769230769231,1451.920263078187
1855,0.92775,0.92775,10.714743,122.337265,-4.9,144546.6909348967,-421506.9682510926,1532.0,474.1,-46.0,-3.6999999999999886,0.0,0.0,-0.5692307692307674,1521.549311484117
1856,0.92825,0.92825,10.711075,122.335793,-5.2,144411.03683948718,-421939.5171132012,1494.0,468.6,-46.0,-3.6999999999999886,0.0,0.0,-0.4230769230769231,1248.10757613363
1857,0.92875,0.92875,10.711945,122.336235,-5.2,144279.57855848628,-422061.7205063776,1516.0,468.6,-46.0,-3.6999999999999886,0.0,0.0,-0.5285714285714269,1354.6749431038309
1858,0.92925,0.92925,10.709129,122.335365,-5.2,144120.2986197251,-422274.82587764534,1505.0,470.4,-46.0,-3.699999999999932,0.0,0.0,-0.5846153846153856,1171.724883777567
1859,0.92975,0.92975,10.7037795,122.333782,-5.050000000000001,144127.20165931756,-423043.57306483993,1459.0,474.1,-38.0,-3.6999999999999886,0.0,0.0,-0.640476190476188,1062.61506612896
1860,0.93025,0.93025,10.6983035,122.332527,-4.9,144057.49770275626,-423447.21120608784,1486.0,467.65,-38.0,-3.6999999999999886,0.0,0.0,-0.6333333333333447,1024.3063361739562
1861,0.93075,0.93075,10.695877,122.332039,-4.9,144035.6032602562,-423609.1112429077,1448.0,461.1,-30.0,-3.6999999999999886,-1.0,-0.1111111111111111,-0.759090909090906,858.8829628928618
1862,0.93125,0.93125,10.692258,122.331367,-4.9,144053.2283125354,-423783.6875188744,1440.0,463.0,-23.0,-3.6999999999999886,-2.0,-0.5,-0.861538461538465,610.6672909881951
1863,0.93175,0.93175,10.68988,122.331108,-4.9,144056.26612011317,-424181.7103085702,1433.0,463.0,-16.0,-3.6999999999999886,-3.0,-0.788888888888889,-0.9000000000000199,389.96492325128935
1864,0.93225,0.93225,10.6874115,122.330933,-4.9,144056.01980996298,-424498.1159093749,1425.0,461.1,-15.0,-3.6999999999999886,-3.0,-1.0,-0.9000000000000199,325.00840129165834
1865,0.93275,0.93275,10.686905,122.330788,-4.9,144022.65082734628,-424694.7088112279,1410.0,459.3,-15.0,-3.6999999999999886,-3.0,-1.0,-0.9166666666666666,319.7984118897779
1866,0.93325,0.93325,10.684716,122.3307345,-4.9,144023.44070324814,-425054.36929824296,1413.5,455.6,-15.0,-3.6999999999999886,-3.0,-1.5,-0.950000000000017,302.20060930707064
1867,0.93375,0.93375,10.6837655,122.33078,-4.9,144111.59096376013,-425082.2792633815,1417.0,457.4,-15.0,-3.6999999999999886,-3.0,-1.5,-0.9961538461538453,300.0662447115789
1868,0.93425,0.93425,10.682528,122.330887,-4.9,144180.005254175,-425370.6637039674,1394.0,457.4,-15.0,-3.6999999999999886,-4.0,-1.5,-0.950000000000017,295.53217573114546
1869,0.93475,0.93475,10.681229,122.330826,-4.9,144148.02983620646,-425454.0600141424,1402.0,453.7,-15.0,-3.6999999999999886,-4.0,-1.5,-1.022222222222221,285.8045285256889
1870,0.93525,0.93525,10.679725999999999,122.33090200000001,-4.9,144152.44596370647,-425593.8878275361,1402.0,451.9,-15.0,-3.6999999999999886,-4.0,-1.5,-1.1192307692307697,284.1887670410478
1871,0.93575,0.93575,10.6786415,122.33113850000001,-4.9,144222.7313370802,-425725.6539976129,1387.0,451.9,-8.0,-3.6999999999999886,-4.0,-1.6666666666666667,-1.2333333333333296,281.9465261056842
1872,0.93625,0.93625,10.676541,122.331367,-4.9,144254.0461087586,-425929.7525673815,1379.0,448.2,-8.0,-3.6999999999999886,-4.0,-2.0,-1.2333333333333296,275.1585286869656
1873,0.93675,0.93675,10.674521,122.331673,-4.9,144294.75907938054,-426111.89010880416,1379.0,446.3,-8.0,-3.6999999999999886,-4.0,-2.0,-1.8499999999999943,274.4626876429845
1874,0.93725,0.93725,10.672623,122.332184,-4.6,144311.62520290786,-426314.0427646686,1364.0,442.6,-8.0,-3.6999999999999886,-4.0,-2.0,-1.2333333333333296,269.2308994931716
1875,0.93775,0.93775,10.670402,122.3330955,-4.6,144396.1891177423,-426545.8845069554,1356.0,440.8,-8.0,-3.6999999999999886,-4.0,-2.0,-1.8499999999999943,268.7743026575854
1876,0.93825,0.93825,10.6689015,122.333923,-4.6,144452.25834960426,-426684.5725707767,1364.0,438.45,-8.0,-3.6999999999999886,-4.0,-2.0,-1.2375000000000114,266.11413426483847
1877,0.93875,0.93875,10.666626,122.335121,-4.6,144565.99352157698,-426911.6051258437,1349.0,435.2,-8.0,-3.6999999999999886,-4.0,-2.0,-1.8333333333333333,265.0888361252162
1878,0.93925,0.93925,10.664795,122.336555,-4.6,144680.06733937495,-427082.40076908225,1334.0,431.5,-8.0,-3.6999999999999886,-4.0,-2.0,-1.4000000000000057,261.12890986001673
1879,0.93975,0.93975,10.663136999999999,122.337784,-4.6,144799.79760912195,-427238.0738814092,1326.0,429.7,-8.0,-3.6999999999999886,-4.0,-2.0,-1.2333333333333296,261.5619290265562
1880,0.94025,0.94025,10.661362,122.339485,-4.6,144934.7915380818,-427396.97165106307,1318.0,426.0,-8.0,-3.6999999999999886,-4.0,-2.0,-1.2333333333333296,258.97190675233196
1881,0.94075,0.94075,10.659718,122.3411485,-4.6,145090.0695799322,-427525.4575662726,1303.0,424.1,-8.0,-3.6999999999999886,-4.0,-2.0,-1.2333333333333296,254.50831281429302
1882,0.94125,0.94125,10.658478,122.342934,-4.6,145282.65678323462,-427651.8307749581,1295.0,420.4,-8.0,-1.900000000000034,-4.0,-1.6666666666666667,-0.950000000000017,254.31111486686436
1883,0.94175,0.94175,10.657104,122.344978,-4.6,145487.39654265347,-427803.167279156,1280.0,416.7,-8.0,-1.900000000000034,-4.0,-1.5,-0.950000000000017,251.1363077148401
1884,0.94225,0.94225,10.655823,122.347115,-4.6,145692.3886355721,-427951.9462965084,1273.0,414.8,-8.0,-1.900000000000034,-3.0,-1.5,-0.9499999999999886,251.87183716026288
1885,0.94275,0.94275,10.654876,122.349113,-4.6,145897.7479346538,-428069.813081556,1265.0,413.0,-8.0,-1.8999999999999773,-3.0,-1.3333333333333333,-0.9499999999999886,250.5881890890181
1886,0.94325,0.94325,10.65399175,122.351429,-4.6,146125.2674321108,-428184.1216240362,1250.0,409.3,-8.0,-1.8999999999999773,-2.5,-1.0,-0.9499999999999886,246.43186021464155
1887,0.94375,0.94375,10.6531605,122.353317,-4.6,146298.65712341148,-428335.04114668304,1242.0,407.4,-8.0,-1.8999999999999773,-2.0,-1.0,-0.9499999999999886,249.2624665715441
1888,0.94425,0.94425,10.652307,122.355726,-4.6,146580.9126854808,-428467.8914687921,1234.0,405.6,-8.0,-1.8999999999999773,-1.0,-0.5,-0.9000000000000057,246.75363935784407
1889,0.94475,0.94475,10.65152,122.357864,-4.6,146817.2056392106,-428580.754475229,1219.0,405.6,-8.0,-1.8499999999999943,-0.5,-0.25,-0.9000000000000057,245.87563048177307
1890,0.94525,0.94525,10.650879,122.359703,-4.6,146992.66882325473,-428702.7354782452,1212.0,403.7,-8.0,-1.8000000000000114,0.0,0.0,-0.9000000000000057,244.16030176186095
1891,0.94575,0.94575,10.650174,122.361771,-4.6,147241.78480368937,-428773.6779394344,1204.0,401.9,-8.0,-1.8000000000000114,0.0,0.0,-0.7749999999999961,245.9168011810617
1892,0.94625,0.94625,10.649551,122.36345650000001,-4.6,147432.44754397092,-428908.44637667737,1196.0,401.9,-8.0,-1.8000000000000114,0.0,0.0,-0.9000000000000057,243.3410493513396
1893,0.94675,0.94675,10.648773,122.36584500000001,-4.6,147699.71549061054,-428976.63675963064,1189.0,399.1,-8.0,-1.8000000000000114,0.0,0.0,-0.6333333333333353,245.79692916469415
1894,0.94725,0.94725,10.64820975,122.367378,-4.6,147845.43659725005,-429055.3906752061,1173.0,400.0,-8.0,-1.8000000000000114,0.0,0.0,-0.6000000000000038,243.76612086061795
1895,0.94775,0.94775,10.647370500000001,122.369415,-4.6,148107.860734135,-429172.31230207154,1158.0,398.2,-8.0,-1.8000000000000114,0.0,0.0,-0.6333333333333258,251.27604674792673
1896,0.94825,0.94825,10.6468485,122.371025,-4.6,148277.81218600838,-429223.93461807014,1151.0,398.2,-8.0,-1.8000000000000114,0.0,0.0,-0.5017857142857177,250.15219296717237
1897,0.94875,0.94875,10.646031,122.3732455,-4.6,148572.00431604314,-429350.3356255254,1135.0,396.775,-11.5,-1.8000000000000114,0.0,0.0,-0.5285714285714269,255.4047872049587
1898,0.94925,0.94925,10.645473,122.374817,-4.6,148763.40633751056,-429426.78224318614,1128.0,396.3,-8.0,-1.8000000000000114,0.0,0.0,-0.46250000000000213,254.46552656602836
1899,0.94975,0.94975,10.644598,122.377499,-4.6,149073.4995592432,-429441.79357901757,1113.0,396.3,-15.0,-1.8000000000000114,0.0,0.0,-0.6055555555555574,262.6254980558398
1900,0.95025,0.95025,10.643401,122.3806725,-4.6,149342.72183529852,-429572.1142130513,1097.0,393.55,-15.0,-1.8000000000000114,0.0,0.0,-0.6333333333333258,268.16807052357944
1901,0.95075,0.95075,10.642365,122.383408,-4.6,149613.71720242235,-429688.702254676,1097.0,388.9,-15.0,-1.8000000000000114,0.0,0.0,-0.6333333333333258,260.1482644284794
1902,0.95125,0.95125,10.6410665,122.387287,-4.2,149865.90750688507,-429752.80621843063,1074.0,388.9,-15.0,-1.8999999999999773,0.0,0.0,-0.8999999999999773,258.1978089821264
1903,0.95175,0.95175,10.63945975,122.39181500000001,-4.2,150389.35486849997,-429822.63672881736,1052.0,383.4,-15.0,-1.8999999999999773,-1.0,-0.11805555555555555,-0.9000000000000057,259.9104592694293
1904,0.95225,0.95225,10.639141,122.394684,-4.2,150589.3876450074,-430019.3408257505,1059.0,378.75,-15.0,-1.8999999999999773,-2.0,-0.6904761904761905,-0.9000000000000057,256.38497192464126
1905,0.95275,0.95275,10.638636,122.39820499999999,-4.2,150857.98899514572,-430213.9322161593,1036.0,377.8,-15.0,-1.900000000000034,-3.0,-1.25,-0.9000000000000057,256.88133086075186
1906,0.95325,0.95325,10.638336,122.400101,-4.2,151212.5972578728,-430385.0058470985,1029.0,372.3,-11.5,-1.900000000000034,-3.5,-1.5,-0.9333333333333276,245.75546509093593
1907,0.95375,0.95375,10.63835,122.4011,-4.2,151403.05985156467,-430378.7789226054,1029.0,370.4,-8.0,-1.900000000000034,-4.0,-1.5,-0.9250000000000114,244.3083832902125
1908,0.95425,0.95425,10.638118,122.402969,-4.2,151613.51271585515,-430437.21193726803,1015.0,370.4,-8.0,-1.900000000000034,-4.0,-1.6666666666666667,-0.9499999999999886,230.67782568425645
1909,0.95475,0.95475,10.638089,122.4048045,-3.9,151858.75865492434,-430439.3802413327,1006.0,366.7,-8.0,-1.900000000000034,-4.0,-1.75,-0.9499999999999886,231.83724575803151
1910,0.95525,0.95525,10.638229500000001,122.406685,-3.9,152069.80579292597,-430418.2531760882,991.0,363.0,-8.0,-1.900000000000034,-4.0,-2.0,-0.9499999999999886,225.2994460708349
1911,0.95575,0.95575,10.63835,122.408638,-3.9,152291.28776827033,-430411.3590811136,983.0,361.1,-8.0,-1.900000000000034,-4.0,-2.0,-0.9499999999999886,222.24996503869704
1912,0.95625,0.95625,10.638685500000001,122.4105225,-3.6,152527.78793824118,-430361.71047778946,975.0,357.4,-8.0,-1.8999999999999773,-4.0,-2.0,-0.9499999999999886,220.6826093037342
1913,0.95675,0.95675,10.63916,122.412697,-3.6,152765.53543436108,-430223.85637707013,962.25,355.6,-8.0,-1.8999999999999773,-4.0,-2.0,-0.9249999999999972,216.40518784035834
1914,0.95725,0.95725,10.6400075,122.414581,-3.6,152994.54238185755,-430096.12102865166,953.0,351.9,-8.0,-1.8999999999999773,-4.0,-2.0,-0.9249999999999972,214.75798845813955
1915,0.95775,0.95775,10.64109,122.416748,-3.3,153225.10366400325,-429905.97744145256,945.0,350.0,-8.0,-1.8999999999999773,-4.0,-2.0,-0.9000000000000057,215.92675317659416
1916,0.95825,0.95825,10.64241,122.418571,-3.3,153413.11649246622,-429747.5244521194,937.0,348.2,-8.0,-1.8000000000000114,-4.0,-2.0,-0.9000000000000057,210.38360089898816
1917,0.95875,0.95875,10.643967,122.420441,-3.0999999999999996,153645.65234982147,-429508.5940234678,922.0,346.3,-7.5,-1.8000000000000114,-4.0,-2.0,-0.9000000000000057,209.52551483788957
1918,0.95925,0.95925,10.645656500000001,122.42205974999999,-2.9,153851.13001758297,-429316.5045223642,914.0,344.5,-7.5,-1.8000000000000114,-4.0,-1.9166666666666665,-0.9000000000000057,211.4183265549052
1919,0.95975,0.95975,10.64755625,122.423546,-2.75,154017.47518928832,-429115.6862074625,901.25,342.6,-7.0,-1.8000000000000114,-4.0,-1.6666666666666667,-0.6333333333333258,206.972121827764
1920,0.96025,0.96025,10.649506,122.424606,-2.6,154175.31050842616,-428888.48685977556,892.0,342.6,-7.0,-1.8000000000000114,-3.5,-1.5,-0.6333333333333258,210.2122222781331
1921,0.96075,0.96075,10.651588499999999,122.425758,-2.6,154311.3499576419,-428715.8009001729,884.0,340.8,-7.0,-1.7999999999999543,-3.0,-1.3333333333333333,-0.6000000000000038,205.458188896406
1922,0.96125,0.96125,10.653717,122.426674,-2.6,154433.30730227218,-428461.72014183906,876.0,338.9,-7.0,-1.7999999999999543,-2.0,-1.0,-0.5999999999999849,206.6633877932996
1923,0.96175,0.96175,10.6557425,122.427517,-2.6,154527.01503911277,-428238.16243302985,863.0,338.9,-7.0,-1.7999999999999543,-1.0,-0.5,-0.5999999999999943,207.36481903026157
1924,0.96225,0.96225,10.657698,122.428276,-2.525,154630.1520797009,-427990.53098934947,861.0,338.9,-7.0,-1.7999999999999972,-1.0,-0.3333333333333333,-0.6000000000000038,205.12012643488828
1925,0.96275,0.96275,10.659680250000001,122.429037,-2.45,154704.18287668042,-427793.6045022561,853.0,337.55,-7.0,-1.8000000000000114,0.0,0.0,-0.6083333333333343,209.26907940130582
1926,0.96325,0.96325,10.661788999999999,122.42981,-2.3,154810.27267194164,-427562.54112553067,838.0,337.1,-7.0,-1.8000000000000114,0.0,0.0,-0.6000000000000038,205.35055429143577
1927,0.96375,0.96375,10.663284,122.4303855,-2.3,154873.2413576486,-427345.7107190753,838.0,337.1,-4.0,-1.8000000000000114,0.0,0.0,-0.6333333333333258,209.72771515449543
1928,0.96425,0.96425,10.665459,122.43114475,-2.0,154961.80178650998,-427090.46241239936,823.0,333.4,-4.0,-1.8000000000000114,0.0,0.0,-0.6333333333333329,207.2354951220417
1929,0.96475,0.96475,10.667542,122.431877,-1.95,155029.257607728,-426915.83053889254,823.0,333.4,-7.0,-1.8499999999999943,0.0,0.0,-0.8000000000000033,211.31559295326042
1930,0.96525,0.96525,10.668982,122.432457,-1.6,155104.252246874,-426670.5341918974,815.0,329.7,-3.5,-1.8000000000000114,0.0,0.0,-0.9000000000000057,211.4071637043619
1931,0.96575,0.96575,10.6714325,122.4332315,-1.3,155196.4905263434,-426411.81103896396,808.0,328.75,-4.0,-1.8500000000000227,0.0,0.0,-0.9000000000000057,213.93235442327892
1932,0.96625,0.96625,10.673263500000001,122.4339885,-1.3,155273.98966957087,-426153.25467865076,808.0,327.8,-4.0,-1.8999999999999773,0.0,0.0,-0.8111111111111116,217.9903218054871
1933,0.96675,0.96675,10.675179499999999,122.434624,-1.0,155351.51868840732,-425998.0541454148,808.0,322.2,-4.0,-1.900000000000034,0.0,0.0,-0.9000000000000057,222.91337671826196
1934,0.96725,0.96725,10.67764,122.435638,-1.0,155453.86016055092,-425704.1377495877,808.0,322.2,0.0,-1.9000000000000057,0.0,0.0,-0.9000000000000057,238.89357837961566
1935,0.96775,0.96775,10.68048,122.436615,-1.0,155532.09949143644,-425463.6227910424,800.0,318.5,-7.0,-2.8000000000000114,0.0,0.0,-0.9000000000000057,389.431309686411
1936,0.96825,0.96825,10.6819655,122.4372025,-0.7,155624.086046523,-425256.41075902735,800.0,311.1,0.0,-3.6999999999999886,0.0,0.0,-0.9000000000000057,497.86240608296396
1937,0.96875,0.96875,10.6854735,122.43853,-0.3,155749.59698981844,-424972.8077068918,800.0,305.6,0.0,-3.6999999999999886,0.0,0.0,-0.822222222222226,536.3625284926168
1938,0.96925,0.96925,10.6881975,122.439499,-0.3,155829.64578435285,-424520.0491389509,800.0,294.95,-3.75,-3.6999999999999886,0.0,0.0,-0.7999999999999992,565.1612155296259
1939,0.96975,0.96975,10.69048175,122.440498,-0.7,155922.0523706569,-424483.74394525465,798.0,288.0,0.0,-3.700000000000017,0.0,0.0,-0.9000000000000057,567.4286959011984
1940,0.97025,0.97025,10.693654,122.441666,-0.7,156083.1325959446,-424006.30006950186,792.0,288.9,0.0,-3.6999999999999886,0.0,0.0,-0.8000000000000033,574.2876027511577
1941,0.97075,0.97075,10.695350999999999,122.442322,-0.7,156093.1701572613,-423844.23324006144,792.0,279.7,-7.0,-3.700000000000017,0.0,0.0,-0.7857142857142857,588.8687346548243
1942,0.97125,0.97125,10.6976345,122.4431075,-0.7,156214.97321123185,-423595.99022344017,792.0,279.225,-7.0,-3.7000000000000313,0.0,0.0,-0.7857142857142857,593.4013158334149
1943,0.97175,0.97175,10.7000085,122.444046,-1.3,156320.7465940992,-423209.0869417676,792.0,275.9,-7.0,-3.6999999999999886,0.0,0.0,-0.6111111111111112,569.4747712777078
1944,0.97225,0.97225,10.7025755,122.444946,-1.0,156435.7942453261,-423073.37334634253,785.0,272.2,-7.0,-3.6999999999999886,0.0,0.0,-0.4750000000000085,565.520450946454
1945,0.97275,0.97275,10.704208,122.445618,-1.6,156479.91650399962,-422790.1038794477,777.0,274.1,-8.0,-3.6999999999999886,0.0,0.0,-0.528571428571431,572.3920161631836
1946,0.97325,0.97325,10.706777,122.4466135,-2.3,156572.46989574214,-422608.8003011267,777.0,268.5,-8.0,-3.6999999999999886,0.0,0.0,-0.5285714285714269,575.7550875479632
1947,0.97375,0.97375,10.708305,122.447159,-2.6,156719.98744712665,-422222.8421776363,777.0,270.4,-8.0,-3.6999999999999886,0.0,0.0,-0.4625000000000057,548.9382477420509
1948,0.97425,0.97425,10.711437,122.44833750000001,-3.6,156761.01822618724,-422096.4133714108,770.0,266.7,-16.0,-1.900000000000034,0.0,0.0,-0.4624999999999986,560.4042168339017
1949,0.97475,0.97475,10.712219,122.44867525000001,-3.6,156860.6683319043,-421777.8394665417,762.0,264.8,-22.0,-2.7749999999999986,0.0,0.0,-0.46875,562.7443768516941
1950,0.97525,0.97525,10.71558,122.449875,-3.6,156941.45115853276,-421657.5819872689,747.0,263.0,-23.0,-1.9000000000000057,0.0,0.0,-0.4111111111111099,548.345479752762
1951,0.97575,0.97575,10.717255,122.450485,-3.9,157071.01556886156,-421159.3724302829,732.0,263.0,-23.0,-2.75,0.0,0.0,-0.4624999999999986,549.3341476159912
1952,0.97625,0.97625,10.719566,122.451408,-3.9,157112.13933290535,-421227.70180708624,716.0,261.1,-23.0,-2.32500000000001,0.0,0.0,-0.45000000000000284,538.8850150227577
1953,0.97675,0.97675,10.721725,122.452263,-3.9,157240.49395833764,-420768.632918342,709.0,261.1,-30.0,-3.6999999999999886,0.0,0.0,-0.4624999999999986,539.6817427986209
1954,0.97725,0.97725,10.724425,122.453224,-3.9,157333.27890889868,-420575.7094541367,686.0,257.4,-30.0,-3.6999999999999886,0.0,0.0,-0.4624999999999986,551.4301228698719
1955,0.97775,0.97775,10.725634,122.4537085,-3.9,157405.1510671202,-420285.823879968,678.0,255.6,-30.0,-3.6999999999999886,0.0,0.0,-0.4624999999999986,538.4624493084351
1956,0.97825,0.97825,10.728662,122.4548305,-3.9,157489.08951233892,-420064.71246292366,657.0,253.7,-30.0,-3.6999999999999886,0.0,0.0,-0.4624999999999986,533.7713637790498
1957,0.97875,0.97875,10.730301,122.455444,-3.9,157553.48633065022,-419833.25990341767,648.0,251.9,-30.0,-1.900000000000034,0.0,0.0,-0.411111111111113,521.8188604623155
1958,0.97925,0.97925,10.733689,122.456692,-3.9,157661.46104373876,-419536.5914293547,628.5,251.9,-23.0,-1.9000000000000057,0.0,0.0,-0.4111111111111099,506.7891176085721
1959,0.97975,0.97975,10.734527,122.457031,-3.75,157731.8096047434,-419324.6536064296,617.0,251.9,-30.0,-1.8999999999999773,0.0,0.0,-0.2999999999999971,523.0323425241169
1960,0.98025,0.98025,10.737076,122.457878,-3.6,157846.07468709606,-419163.8655204117,610.0,251.9,-30.0,-1.8000000000000114,0.0,0.0,-0.2714285714285722,519.6188010028392
1961,0.98075,0.98075,10.739159,122.458721,-3.6,157913.71931625277,-418758.6706480407,592.25,250.0,-23.0,-1.8500000000000085,0.0,0.0,-0.2714285714285722,493.672550293934
1962,0.98125,0.98125,10.741556,122.45956050000001,-3.6,158021.88669925588,-418546.6216300355,579.0,250.0,-23.0,-1.799999999999983,0.0,0.0,-0.2000000000000012,508.57461291177214
1963,0.98175,0.98175,10.743622,122.4604185,-3.6,158104.4742053306,-418291.54011597973,564.0,248.2,-23.0,-1.799999999999983,0.0,0.0,-0.2111111111111117,491.6661315187178
1964,0.98225,0.98225,10.745499,122.461082,-3.6,158196.77381711255,-418080.1582684558,549.0,250.0,-30.0,-1.799999999999983,0.0,0.0,-0.2111111111111117,493.7013252708974
1965,0.98275,0.98275,10.748183000000001,122.462044,-3.6,158257.96398123182,-417781.82186818914,535.0,248.2,-23.0,0.0,0.0,0.0,0.0,495.59038648544663
1966,0.98325,0.98325,10.749847,122.462753,-3.6,158402.89394072333,-417498.1632185137,526.0,248.2,-30.0,-0.8999999999999915,0.0,0.0,-0.1999999999999981,496.5929924125329
1967,0.98375,0.98375,10.752822,122.463791,-3.6,158436.56038789492,-417260.261344354,511.0,248.2,-23.0,0.0,0.0,0.0,0.0,491.9812567597636
1968,0.98425,0.98425,10.754288,122.464317,-3.6,158569.42249480734,-417045.1544616419,495.0,248.2,-23.0,0.0,0.0,0.0,0.0,488.9478847318599
1969,0.98475,0.98475,10.757058,122.465355,-3.6,158643.19741637688,-416765.27644469426,480.0,246.3,-23.0,0.0,0.0,0.0,0.0,482.3525508304853
1970,0.98525,0.98525,10.7588695,122.466042,-3.6,158674.8281837047,-416621.39001087216,468.5,246.3,-23.0,0.0,0.0,0.0,0.0,486.9830269248486
1971,0.98575,0.98575,10.7618935,122.46711,-3.6,158871.48423480152,-416188.84114876343,450.0,246.3,-23.0,0.0,0.0,0.0,0.0,487.0995271069404
1972,0.98625,0.98625,10.7627105,122.467514,-3.6,158825.30753043492,-416154.0926861906,442.0,246.3,-23.0,0.0,0.0,0.0,0.0,468.05167629842964
1973,0.98675,0.98675,10.766098,122.468704,-3.6,159032.38569544186,-415737.0555377747,419.0,246.3,-23.0,0.0,0.0,0.0,0.0,482.4061169149317
1974,0.98725,0.98725,10.767812,122.469368,-3.6,159065.83724005736,-415466.4067124861,411.0,246.3,-23.0,0.0,0.0,0.0,0.0,475.78284840336136
1975,0.98775,0.98775,10.7702715,122.470213,-3.6,159211.84472900792,-415293.3037713326,396.0,244.5,-23.0,0.0,0.0,0.0,0.0,478.45860664306156
1976,0.98825,0.98825,10.772677,122.47112050000001,-3.6,159247.8375905261,-414980.65100448625,381.0,245.85000000000002,-23.0,0.0,0.0,0.0,0.0,475.4746222093503
1977,0.98875,0.98875,10.774143,122.471634,-3.6,159339.84114426762,-414762.986634929,373.0,244.5,-23.0,0.0,0.0,0.0,0.0,477.2049760282583
1978,0.98925,0.98925,10.777961,122.473076,-3.6,159469.4939209778,-414445.6358759427,351.0,244.5,-23.0,0.0,0.0,0.0,0.0,473.9648686494044
1979,0.98975,0.98975,10.77865225,122.473404,-3.6,159575.63515344117,-414254.8251182615,343.0,245.85000000000002,-23.0,0.0,0.0,0.0,0.0,466.237525586234
1980,0.99025,0.99025,10.781743,122.4744415,-3.6,159617.37693747116,-414019.70312110777,325.75,244.5,-23.0,0.0,0.0,0.0,0.0,467.0181045923679
1981,0.99075,0.99075,10.78364,122.475197,-3.6,159769.71973608108,-413693.4011581625,312.0,244.5,-23.0,0.0,0.0,0.0,0.0,464.12163168887946
1982,0.99125,0.99125,10.78542375,122.47584900000001,-3.6,159807.38211578235,-413530.91734717146,297.0,244.5,-23.0,0.0,0.0,0.0,0.0,468.1650769837978
1983,0.99175,0.99175,10.78815125,122.4768085,-3.6,159894.37561018602,-413268.02437872917,282.0,244.5,-23.0,0.0,0.0,0.0,0.0,460.95650010687746
1984,0.99225,0.99225,10.791772,122.47818975000001,-3.75,160004.28573544053,-413010.99695076933,266.75,244.5,-23.0,0.0,0.0,0.0,0.0,450.530445007
1985,0.99275,0.99275,10.792392,122.478424,-3.6,160088.60361546965,-412724.22483884706,255.0,244.5,-23.0,0.0,0.0,0.0,0.0,447.76174525400614
1986,0.99325,0.99325,10.794479,122.479294,-3.6,160153.37984473517,-412529.29986319743,236.0,244.5,-23.0,0.0,0.0,0.0,0.0,446.0751933585782
1987,0.99375,0.99375,10.796953,122.480087,-3.6,160208.2434293703,-412277.05382368807,221.0,244.5,-23.0,0.0,0.0,0.0,0.0,438.7812407413451
1988,0.99425,0.99425,10.798909,122.480797,-3.6,160310.91081120473,-412001.79040256987,213.0,244.5,-23.0,0.0,0.0,0.0,0.0,436.47447295224384
1989,0.99475,0.99475,10.800476,122.481369,-3.6,160440.7891481943,-411727.2497494733,198.0,244.5,-23.0,0.0,0.0,0.0,0.0,433.9348370105923
1990,0.99525,0.99525,10.803082,122.482313,-3.6,160494.02304063237,-411488.124729431,183.0,244.5,-23.0,0.0,0.0,0.0,0.0,434.95463131607823
1991,0.99575,0.99575,10.8050025,122.483009,-3.6,160615.3696913216,-411290.8090595565,175.0,244.5,-22.0,0.0,0.0,0.0,0.0,424.7296279384907
1992,0.99625,0.99625,10.807009,122.48378,-3.45,160689.10867856132,-411005.8160689179,160.0,244.5,-19.0,0.0,0.0,0.0,0.0,411.5644982070198
1993,0.99675,0.99675,10.808853,122.484444,-3.5999999999999996,160654.4735996772,-410825.2352586188,152.0,244.5,-19.0,0.0,0.0,0.0,0.0,404.73251518170315
1994,0.99725,0.99725,10.810605249999998,122.485077,-3.3499999999999996,160841.02040784742,-410672.9813950091,141.0,242.6,-16.0,0.0,0.0,0.0,0.0,412.11001656177297
1995,0.99775,0.99775,10.812821,122.48586875,-3.4000000000000004,160775.5980068247,-410467.38169165736,130.0,244.5,-15.0,0.0,0.0,0.0,0.0,391.5769236184312
1996,0.99825,0.99825,10.81427425,122.48644250000001,-3.3,160864.7135096761,-410479.1127726219,122.0,242.6,-16.0,0.0,0.0,0.0,0.0,413.27446247639654
1997,0.99875,0.99875,10.816878,122.487389,-3.3,160960.57806691315,-410414.59182731644,107.0,244.5,-16.0,0.0,0.0,0.0,0.0,435.9927622901384
1998,0.99925,0.99925,10.818604,122.48801800000001,-3.3,160994.02558698633,-410006.394687779,99.0,244.5,-22.0,0.0,0.0,0.0,0.0,448.25767556304834
1999,0.99975,0.99975,10.823442,122.48986400000001,-2.6,161324.18514679343,-409154.5013793399,61.0,235.2,-30.0,-1.9000000000000057,0.0,0.0,-0.27142857142857424,528.1040908790039
