bin_id,route_progress_center,route_progress_bin_center,latitude,longitude,verticalSpeed_ms,x_wrt0,y_wrt0,altitude_meters,speed_kmh,delta_altitude,delta_speed,delta_heading,turn_rate,acceleration,distance_per_timestep
0,0.00025,0.00025,14.510297999999999,121.017487,0.0,0.0,14.900140751323889,0.0,15.75,0.0,0.0,0.0,0.0,0.0,28.552372630735885
1,0.00075,0.00075,14.511543,121.015617,0.0,-99.35919027293436,135.65799788479703,0.0,108.35,0.0,63.000000000000014,0.0,0.0,9.785714285714286,137.14168518066725
2,0.00125,0.00125,14.512791,121.014015,0.0,-178.2088628543521,246.9642731983596,0.0,155.6,0.0,55.5,0.0,0.0,9.2625,221.3500863769575
3,0.00175,0.00175,14.51377575,121.007721,0.0,392.5923838908467,315.93302171350285,0.0,181.5,0.0,38.900000000000006,0.0,0.0,8.728571428571428,228.1941577065646
4,0.00225,0.00225,14.5145535,121.008957,0.0,554.7379868252121,407.75235921627416,23.0,209.3,0.0,24.0,0.0,0.0,8.300000000000011,159.03759404955596
5,0.00275,0.00275,14.515909,121.010162,0.3,676.7526496897672,493.15018083572033,23.0,229.6,0.0,25.899999999999977,0.0,0.0,8.022222222222222,176.10493818394212
6,0.00325,0.00325,14.516059,121.010033,0.3,808.9404017679362,575.8793205296196,23.0,244.5,0.0,20.40000000000001,0.0,0.0,7.400000000000006,186.27216823499745
7,0.00375,0.00375,14.5147865,121.0101315,0.7,946.0796847988374,683.5717557356265,23.0,261.1,0.0,18.600000000000023,0.0,0.0,6.614285714285716,198.8824216751383
8,0.00425,0.00425,14.514476,121.011719,3.9,1009.2687813305712,762.4646651615078,38.0,272.2,0.0,20.30000000000001,0.0,0.0,5.566666666666667,430.2779307424891
9,0.00475,0.00475,14.513358,121.013115,8.1,1140.7067717701934,852.5882776908209,53.0,281.5,23.0,14.800000000000011,0.0,0.0,4.228571428571423,222.25887706400303
10,0.00525,0.00525,14.512148,121.0142055,11.4,1249.966390661813,970.1214774973262,69.0,287.1,30.0,9.200000000000017,0.0,0.0,2.325000000000003,279.4916353784446
11,0.00575,0.00575,14.511785499999998,121.01497649999999,13.0,1291.8416112479279,1110.2828761320584,107.0,288.9,31.0,1.8000000000000114,0.0,0.0,0.30833333333333235,312.61462038762534
12,0.00625,0.00625,14.5105125,121.016678,13.7,1464.4002228144789,1163.3229294032756,130.0,288.9,31.0,0.0,0.0,0.0,0.0,215.84610331015503
13,0.00675,0.00675,14.510376,121.0180585,14.0,1573.5563328470926,1267.8463048228282,160.0,288.9,38.0,-1.8000000000000114,0.0,0.0,-0.4624999999999986,205.05880973484082
14,0.00725,0.00725,14.510914499999998,121.01911150000001,14.3,1689.8169250208573,1367.5326942521947,194.5,285.2,38.0,-1.8499999999999943,0.0,0.0,-0.5285714285714269,205.4713277059045
15,0.00775,0.00775,14.511292,121.020279,14.3,1797.7887139952988,1444.3128971532424,229.0,285.2,38.0,-1.8000000000000114,0.0,0.0,-0.4624999999999986,207.83967872483032
16,0.00825,0.00825,14.512334,121.021339,14.6,1898.7535815395297,1563.402828083514,259.0,283.4,38.0,-1.8000000000000114,0.0,0.0,-0.4111111111111099,196.90679839735543
17,0.00875,0.00875,14.513077,121.022644,14.3,2031.9323281338552,1655.8615372975923,297.0,281.5,38.0,-1.8000000000000114,0.0,0.0,-0.44999999999999574,202.47040180285933
18,0.00925,0.00925,14.513778,121.023781,14.0,2143.56380627026,1718.853550249981,335.0,281.5,38.0,-1.8000000000000114,0.0,0.0,-0.2714285714285682,207.3872246450165
19,0.00975,0.00975,14.514509,121.024872,13.7,2264.245910916772,1810.3115037422444,358.0,281.5,38.0,-0.95000000000001,0.0,0.0,-0.21805555555555461,198.0842862287572
20,0.01025,0.01025,14.515639,121.02597,13.0,2368.561735393593,1921.6733765961435,381.0,281.5,38.0,-1.799999999999983,0.0,0.0,-0.2250000000000014,199.75359265095415
21,0.01075,0.01075,14.516602,121.02655,12.0,2436.697206236164,2032.2012863481768,419.0,279.7,31.0,0.0,0.0,0.0,0.0,200.2418040934528
22,0.01125,0.01125,14.517025,121.02833925,11.4,2638.763309270073,2089.939331759181,434.0,279.7,31.0,0.0,0.0,0.0,0.0,194.52000859759482
23,0.01175,0.01175,14.518014,121.029053,10.4,2712.708475508186,2200.2170525808488,457.0,281.5,31.0,0.0,0.0,0.0,0.0,198.15844565244296
24,0.01225,0.01225,14.518982,121.029655,9.8,2771.830702462954,2301.960550994358,488.0,281.5,31.0,1.8000000000000114,0.0,0.0,0.45000000000000284,200.95543666326785
25,0.01275,0.01275,14.519852,121.030907,9.1,2905.3298860799096,2405.483170692273,518.0,285.2,31.0,1.900000000000034,0.0,0.0,0.9000000000000057,208.47818706881458
26,0.01325,0.01325,14.521086,121.031784,8.8,3000.165252815453,2541.141168576716,526.0,288.9,31.0,3.6999999999999886,0.0,0.0,0.9499999999999886,252.21068348548272
27,0.01375,0.01375,14.5242,121.031509,8.1,2957.4358625829404,2789.328587658237,549.0,290.8,31.0,3.6999999999999886,0.0,0.0,1.057142857142862,439.86978726714506
28,0.01425,0.01425,14.522964,121.033531,8.1,3188.250147222675,2724.501855882167,572.0,294.5,30.0,3.7000000000000455,0.0,0.0,1.4444444444444444,258.9244962176773
29,0.01475,0.01475,14.523996,121.0341795,7.8,3263.823667976848,2853.821734193702,594.0,298.2,38.0,5.599999999999966,0.0,0.0,1.8499999999999943,476.0062033537142
30,0.01525,0.01525,14.531796499999999,120.98693850000001,7.8,-3056.2335084849374,3489.468410348566,602.0,305.6,38.0,5.599999999999994,0.0,0.0,1.8499999999999943,527.6718834150959
31,0.01575,0.01575,14.527464,121.034813,7.5,3313.137111002621,3111.349540014637,617.0,311.1,45.0,5.600000000000023,0.0,0.0,1.8571428571428572,539.2065856923394
32,0.01625,0.01625,14.5459675,120.9811595,7.5,-3961.190922722976,3972.166253642561,636.0,314.8,45.0,7.400000000000034,0.0,0.0,1.8499999999999979,551.0030669027367
33,0.01675,0.01675,14.5276405,121.038048,7.5,3679.0591304603963,3277.586184963965,648.0,316.7,46.0,7.400000000000034,0.0,0.0,1.8527777777777885,573.5193191679869
34,0.01725,0.01725,14.5474685,120.979599,7.5,-4142.09944883454,4139.014471532585,671.0,324.1,46.0,7.400000000000034,0.0,0.0,1.86458333333333,583.2831653856434
35,0.01775,0.01775,14.548901,120.9778785,7.8,-4320.0241802929595,4309.643322151352,686.0,329.7,46.0,9.300000000000011,0.0,0.0,2.121428571428571,598.9832338753233
36,0.01825,0.01825,14.53212,121.04081,7.2,3940.707138860562,3691.1206883522577,701.0,335.2,46.0,11.100000000000025,0.0,0.0,2.266666666666664,613.9784824229855
37,0.01875,0.01875,14.550613,120.976097,7.5,-4515.1123486540855,4481.828903892647,709.0,338.9,45.0,11.100000000000025,0.0,0.0,2.1666666666666665,619.4581449322446
38,0.01925,0.01925,14.5499715,120.976093,7.5,-4541.685907411547,4467.929518863668,739.0,339.85,45.5,12.899999999999975,0.0,0.0,2.255555555555557,622.192184912929
39,0.01975,0.01975,14.540405,120.97451,7.5,-4682.468786616574,4568.116286153765,770.0,348.2,45.0,12.899999999999975,0.0,0.0,2.325000000000003,599.9696666583242
40,0.02025,0.02025,14.53724,121.043625,7.2,4145.13575171491,4187.94030683587,754.0,351.9,46.0,14.800000000000011,0.0,0.0,2.3714285714285745,644.8963479818663
41,0.02075,0.02075,14.538002,120.97412499999999,7.2,-4877.843030291612,4393.428815107225,770.0,355.6,38.0,14.800000000000011,0.0,0.0,2.385714285714284,639.2958300857307
42,0.02125,0.02125,14.534958,121.045235,7.2,4441.836109514142,4032.3783895887295,808.0,351.9,38.0,14.800000000000011,0.0,0.0,2.385714285714284,638.2181740811274
43,0.02175,0.02175,14.552322,120.970123,7.5,-5165.3863506420375,4802.070734965702,853.0,366.7,38.0,14.900000000000034,0.0,0.0,2.4666666666666655,655.3911033195787
44,0.02225,0.02225,14.538404,121.049019,7.2,4835.142639719563,4429.678411263455,838.0,366.7,38.0,14.800000000000011,0.0,0.0,2.642857142857143,647.2412866354877
45,0.02275,0.02275,14.53789,121.049389,7.5,4855.809842219108,4320.9296227949435,865.0,366.7,38.0,14.800000000000011,0.0,0.0,2.4666666666666655,658.6624770238816
46,0.02325,0.02325,14.537935000000001,121.0517805,7.5,5147.726066877847,4402.2688239857325,876.0,374.1,31.0,14.800000000000011,0.0,0.0,2.6666666666666665,645.6713517859764
47,0.02375,0.02375,14.555022,120.965927,7.5,-5639.163679718322,5228.726257821798,899.0,379.7,30.0,13.0,0.0,0.0,2.483333333333339,623.2135115792926
48,0.02425,0.02425,14.543082,121.049492,7.5,4968.243503181159,4748.530303833048,907.0,385.2,30.0,13.0,0.0,0.0,2.642857142857143,617.5306563597202
49,0.02475,0.02475,14.545852,121.045433,7.5,4463.255704667732,4918.380788889754,930.0,387.1,31.0,13.0,0.0,0.0,2.549999999999997,642.0112298172394
50,0.02525,0.02525,14.5420685,121.054123,8.1,5404.047510438722,4868.454197864831,937.0,390.8,30.0,9.25,0.0,0.0,2.6722222222222203,538.7106260368851
51,0.02575,0.02575,14.542966,121.054016,8.1,5388.866308345429,4904.703794021061,960.0,394.5,30.0,11.099999999999966,0.0,0.0,2.6666666666666665,543.6504913870372
52,0.02625,0.02625,14.550568,120.971214,8.1,-5036.453316867978,5263.085537613656,968.0,401.9,23.0,9.199999999999989,0.0,0.0,2.75,323.93444171432344
53,0.02675,0.02675,14.553955,120.960785,8.1,-6350.205299569758,5473.689019575821,991.0,403.7,23.0,9.199999999999989,0.0,0.0,2.75,295.20063087521925
54,0.02725,0.02725,14.54599,121.0568925,8.5,5721.198457679251,5291.773868313992,1021.0,409.3,23.0,9.199999999999989,0.0,0.0,2.75,347.2346177998424
55,0.02775,0.02775,14.546800000000001,121.05377200000001,8.5,5092.851819096111,5256.469430339772,998.0,411.1,23.0,7.399999999999977,0.0,0.0,2.75,272.9608837520083
56,0.02825,0.02825,14.556198,120.95447899999999,8.8,-6847.390043993121,5615.351551793452,1013.0,418.6,23.0,7.399999999999977,0.0,0.0,2.5964285714285698,281.5117607503818
57,0.02875,0.02875,14.5587105,120.9538765,8.8,-6877.3326684054955,5644.651455435015,1036.0,420.4,23.0,7.399999999999977,0.0,0.0,2.510416666666665,289.2875764127939
58,0.02925,0.02925,14.558762,120.952103,8.8,-7033.394969946504,5776.02844273087,1052.0,424.1,23.0,5.600000000000023,0.0,0.0,2.3857142857142923,274.9334739737127
59,0.02975,0.02975,14.554596,120.95173650000001,9.4,-7112.549135021489,5733.77431224216,1059.0,427.8,23.0,5.599999999999966,0.0,0.0,2.255555555555557,261.79588839485814
60,0.03025,0.03025,14.56559,120.948395,9.8,-7493.904008109592,6218.8072522209195,1074.0,427.8,23.0,5.5,0.0,0.0,1.8666666666666745,273.34522910601845
61,0.03075,0.03075,14.552444,120.950188,9.4,-7277.116532696739,5801.492116104592,1059.0,429.7,23.0,5.599999999999966,0.0,0.0,2.0555555555555554,274.03626344094044
62,0.03125,0.03125,14.563019,120.94664,9.8,-7649.917007093428,6244.826900995532,1097.0,433.4,23.0,5.5,0.0,0.0,1.859999999999991,267.6584304445717
63,0.03175,0.03175,14.557755,120.945831,9.8,-7745.14978482809,6087.597057545014,1120.0,433.4,23.0,5.5,0.0,0.0,1.8555555555555543,268.5037516955342
64,0.03225,0.03225,14.569404500000001,120.94330199999999,10.1,-8037.827947721737,6662.976000213726,1120.0,437.1,23.0,3.8000000000000114,0.0,0.0,1.8499999999999943,268.3771211973978
65,0.03275,0.03275,14.559631,120.943039,10.1,-8032.245091363025,6144.417743544089,1143.0,437.1,23.0,5.5,0.0,0.0,1.8500000000000227,271.3018112234145
66,0.03325,0.03325,14.566417000000001,120.9415245,11.1,-8212.941353165259,6450.70459204783,1143.0,438.9,30.0,3.6999999999999886,0.0,0.0,1.8499999999999943,276.0489593234828
67,0.03375,0.03375,14.568741,120.9396745,10.7,-8449.489152552233,6734.252046643378,1151.0,440.8,30.0,3.6999999999999886,0.0,0.0,1.8499999999999943,271.535246325803
68,0.03425,0.03425,14.5651945,120.93956,11.4,-8444.66209676038,6492.29155205533,1181.0,442.6,30.0,3.6999999999999886,0.0,0.0,1.8499999999999943,273.24267517316923
69,0.03475,0.03475,14.569748,120.937019,12.0,-8703.351537047389,6842.055676929881,1196.0,440.8,30.0,3.6999999999999886,0.0,0.0,1.2333333333333296,272.5498919965571
70,0.03525,0.03525,14.568787,120.93679,11.7,-8758.315892232215,6706.175288884445,1204.0,444.5,30.0,3.6999999999999886,0.0,0.0,1.8333333333333333,272.8258640667397
71,0.03575,0.03575,14.562149,120.937744,13.0,-8622.688792415069,6484.78588413942,1219.0,440.8,30.0,3.6999999999999886,0.0,0.0,1.2333333333333296,275.2888007785462
72,0.03625,0.03625,14.571075,120.933647,12.7,-9101.514318595222,6857.734183242911,1212.0,446.3,30.0,3.6999999999999886,0.0,0.0,0.950000000000017,277.1356435135081
73,0.03675,0.03675,14.572154,120.93248,13.3,-9231.78622397758,6958.143340693647,1257.0,451.9,30.0,1.900000000000034,0.0,0.0,0.950000000000017,280.191979011636
74,0.03725,0.03725,14.5621915,120.9360545,13.7,-8770.224474220087,6626.114831116269,1273.0,442.6,30.0,1.8999999999999773,0.0,0.0,0.9499999999999886,274.79324038443133
75,0.03775,0.03775,14.575321,120.930527,14.0,-9420.436869851685,7331.703212738011,1280.0,452.79999999999995,30.0,1.8999999999999773,0.0,0.0,0.9499999999999886,278.2923837817975
76,0.03825,0.03825,14.570152,120.929359,14.0,-9556.213132280533,6947.91339331203,1295.0,451.9,30.0,1.8999999999999773,0.0,0.0,0.9000000000000057,277.0011603973575
77,0.03875,0.03875,14.569977,120.928589,14.0,-9644.167645614883,6959.47768165642,1318.0,451.9,30.0,1.8999999999999773,0.0,0.0,0.9000000000000057,276.1329177545639
78,0.03925,0.03925,14.574738,120.927795,14.3,-9697.300557000784,7331.091639797138,1341.0,455.6,30.0,1.8999999999999773,0.0,0.0,0.9000000000000057,281.04032728152515
79,0.03975,0.03975,14.568290000000001,120.927086,14.0,-9783.711602759946,7145.67384350772,1356.0,453.7,30.0,1.8999999999999773,0.0,0.0,0.9000000000000057,283.08728723834133
80,0.04025,0.04025,14.572293,120.925377,14.6,-9983.915395631606,7071.451127451546,1379.0,455.6,31.0,1.8000000000000114,0.0,0.0,0.9000000000000057,282.6225311639359
81,0.04075,0.04075,14.572579000000001,120.925732,14.6,-9951.94969357405,7264.819371977798,1394.0,457.4,31.0,1.8000000000000114,0.0,0.0,0.9000000000000057,280.37170661488
82,0.04125,0.04125,14.569563,120.922997,14.6,-10252.640123183519,7053.826707234515,1406.0,459.3,31.0,1.8000000000000114,0.0,0.0,0.6604166666666724,282.5053690183805
83,0.04175,0.04175,14.574738,120.923332,14.6,-10248.401057669866,7471.08624581086,1440.0,461.1,31.0,1.8000000000000114,0.0,0.0,0.6333333333333258,279.8273436561491
84,0.04225,0.04225,14.5669515,120.92436599999999,14.45,-10091.741425736516,6901.545044854856,1459.0,459.3,31.0,1.8000000000000114,0.0,0.0,0.6604166666666724,280.04536344760857
85,0.04275,0.04275,14.570618,120.922226,15.0,-10314.604566811831,7144.7286853255355,1478.0,461.1,31.0,1.7999999999999543,0.0,0.0,0.6000000000000038,281.8853102958032
86,0.04325,0.04325,14.573038,120.920776,14.6,-10506.913444168082,7346.9925362701,1486.0,466.7,31.0,1.8000000000000114,0.0,0.0,0.6333333333333447,284.13601096167275
87,0.04375,0.04375,14.568558,120.920692,15.0,-10501.283902013742,6822.485342808496,1509.0,464.9,31.0,0.0,0.0,0.0,0.0,281.87760030541114
88,0.04425,0.04425,14.571033,120.9176825,14.6,-10822.33104082232,7225.178325874298,1532.0,468.6,31.0,1.7999999999999543,0.0,0.0,0.6333333333333258,284.1260235372297
89,0.04475,0.04475,14.56964,120.921875,14.6,-10368.556720660312,7056.550986700399,1539.0,466.7,31.0,1.7999999999999543,0.0,0.0,0.6000000000000038,280.285048133263
90,0.04525,0.04525,14.5689925,120.9241945,15.0,-10143.448140065848,6917.5015388679785,1566.0,468.6,31.0,0.0,0.0,0.0,0.0,281.58546093267415
91,0.04575,0.04575,14.568192,120.916199,15.0,-10978.597409799551,6951.805221120385,1577.0,472.3,31.0,1.7999999999999543,0.0,0.0,0.5285714285714188,287.7491143649091
92,0.04625,0.04625,14.571781,120.925613,14.6,-10050.518175612193,7245.471428016876,1623.0,466.7,31.0,0.0,0.0,0.0,0.0,284.6559085844759
93,0.04675,0.04675,14.566725,120.925888,15.0,-10032.824683826368,6875.414200999924,1623.0,472.3,31.0,0.0,0.0,0.0,0.0,284.73222048401266
94,0.04725,0.04725,14.568241,120.9193115,14.6,-10634.544134881906,6776.784164832709,1654.0,470.4,31.0,0.0,0.0,0.0,0.0,285.2381348690584
95,0.04775,0.04775,14.566661,120.923622,14.6,-10159.782501577867,6618.775955820484,1654.0,476.0,31.0,0.0,0.0,0.0,0.0,285.9231001420888
96,0.04825,0.04825,14.5676615,120.919754,15.0,-10588.911035791065,6861.29242581013,1684.0,475.05,31.0,0.0,0.0,0.0,0.0,287.33022100355413
97,0.04875,0.04875,14.566452,120.925789,14.6,-9934.359836581383,6567.515023833143,1707.0,474.1,31.0,0.0,0.0,0.0,0.0,284.2862521945528
98,0.04925,0.04925,14.568057,120.921257,14.6,-10411.651535011868,6796.799279274488,1730.0,476.0,31.0,0.0,0.0,0.0,0.0,287.58172477072884
99,0.04975,0.04975,14.5658695,120.92763500000001,14.6,-9735.942245855036,6502.52149943677,1753.0,474.1,31.0,0.0,0.0,0.0,0.0,282.823375419134
100,0.05025,0.05025,14.5653785,120.9229735,14.6,-10286.948182206177,6602.1522913257995,1753.0,474.1,31.0,0.0,0.0,0.0,0.0,284.8992033603548
101,0.05075,0.05075,14.564392,120.92704,14.3,-9788.33416508116,6301.647586994608,1791.0,477.8,31.0,0.0,0.0,0.0,0.0,288.2832678924837
102,0.05125,0.05125,14.565399,120.922302,14.3,-10325.322152512575,6597.31530533579,1798.0,474.1,30.0,0.0,0.0,0.0,0.0,288.3227821784562
103,0.05175,0.05175,14.5629095,120.928932,14.3,-9576.70172696826,6391.493211823476,1829.0,477.8,31.0,0.0,0.0,0.0,0.0,285.7425020504637
104,0.05225,0.05225,14.56233,120.923176,14.45,-10217.808545924687,6171.604940661704,1829.0,481.5,31.0,0.0,0.0,0.0,0.0,287.6693994531098
105,0.05275,0.05275,14.559561500000001,120.931671,14.3,-9281.891740940162,6092.489641075714,1875.0,474.1,31.0,0.0,0.0,0.0,0.0,289.2938270404282
106,0.05325,0.05325,14.561307,120.928444,14.3,-9652.75892063004,5974.845246188358,1882.0,479.7,30.0,0.0,0.0,0.0,0.0,286.58398278339797
107,0.05375,0.05375,14.5658785,120.92782199999999,14.6,-9724.585688254381,6515.253336123278,1897.0,479.7,30.0,1.7999999999999543,0.0,0.0,0.6000000000000038,290.7061858652527
108,0.05425,0.05425,14.5585605,120.929333,14.0,-9540.268073502935,5970.0638577383315,1920.0,479.7,30.0,0.8999999999999772,0.0,0.0,0.12333333333333105,288.85190434328115
109,0.05475,0.05475,14.561338,120.927032,14.3,-9781.8905084221,6000.753699882652,1935.0,479.7,31.0,0.0,0.0,0.0,0.0,291.84639048816086
110,0.05525,0.05525,14.560656,120.929733,14.3,-9501.533576394264,5914.243927461248,1981.0,479.7,30.0,0.0,0.0,0.0,0.0,289.8236972521194
111,0.05575,0.05575,14.5589875,120.925556,14.6,-9957.527792429402,5532.122034238644,1958.0,483.4,31.0,0.0,0.0,0.0,0.0,286.4324578673455
112,0.05625,0.05625,14.552588499999999,120.9356535,14.3,-8845.758541697145,5277.8188857445,2004.0,483.4,31.0,0.0,0.0,0.0,0.0,293.40155554572675
113,0.05675,0.05675,14.55614,120.926849,14.0,-9798.998294898953,5250.298103386812,1996.0,487.1,30.0,0.0,0.0,0.0,0.0,292.34033957568107
114,0.05725,0.05725,14.552765,120.93153000000001,14.3,-9344.423808593863,5262.640757292555,2012.0,485.2,30.0,0.0,0.0,0.0,0.0,292.1812144533496
115,0.05775,0.05775,14.556519,120.937881,14.3,-8642.021509955166,5454.45227069504,2050.0,485.2,31.0,0.0,0.0,0.0,0.0,291.5586333527227
116,0.05825,0.05825,14.551254,120.940338,14.3,-8374.424051696964,5019.679506982338,2065.0,485.2,30.0,0.0,0.0,0.0,0.0,292.22120210490954
117,0.05875,0.05875,14.548226,120.939766,14.3,-8430.214087462064,4728.070409070167,2080.0,484.29999999999995,31.0,0.0,0.0,0.0,0.0,294.57445746289625
118,0.05925,0.05925,14.550476,120.935143,14.3,-8928.510506075558,4976.869401092561,2103.0,490.8,30.0,0.0,0.0,0.0,0.0,291.6911339661778
119,0.05975,0.05975,14.552879,120.939041,13.85,-8509.532639453884,5465.5161811787,2096.0,488.9,30.0,0.0,0.0,0.0,0.0,295.54883967629723
120,0.06025,0.06025,14.549363,120.9392625,14.3,-8462.173812763644,4750.031437416123,2141.0,488.9,31.0,1.7999999999999543,0.0,0.0,0.2846153846153837,294.18674777387344
121,0.06075,0.06075,14.545014,120.946945,14.3,-7668.167404249033,4325.266230923692,2149.0,488.9,30.0,0.0,0.0,0.0,0.0,294.32708183696633
122,0.06125,0.06125,14.5561325,120.9423525,14.15,-8138.344462531959,5402.357375606185,2149.0,492.6,30.0,0.0,0.0,0.0,0.0,295.05387407650846
123,0.06175,0.06175,14.541756,120.946732,14.0,-7661.692148961908,4024.928319212979,2187.0,492.6,30.0,1.8000000000000114,0.0,0.0,0.4307692307692325,300.7942251421989
124,0.06225,0.06225,14.547714,120.94516,14.0,-7852.930349030832,4606.700978994937,2179.0,494.5,30.0,1.8000000000000114,0.0,0.0,0.5692307692307674,300.2657764918242
125,0.06275,0.06275,14.540219,120.948051,14.0,-7539.416041315193,3899.0554883888744,2217.0,492.6,30.0,1.7999999999999543,0.0,0.0,0.5692307692307674,297.20917592619446
126,0.06325,0.06325,14.5433585,120.9556505,13.7,-6712.51534120615,3870.311560148555,2236.5,491.70000000000005,30.0,1.8000000000000114,0.0,0.0,0.6000000000000038,294.2185404398286
127,0.06375,0.06375,14.5446185,120.95797,14.0,-6469.900488515897,3971.554680701157,2233.0,496.3,30.0,1.8000000000000114,0.0,0.0,0.6000000000000038,301.64503930567093
128,0.06425,0.06425,14.536972,120.958336,13.3,-6403.175295948689,3404.0149911893136,2278.0,494.5,30.0,1.8000000000000114,0.0,0.0,0.8538461538461556,295.16793058389567
129,0.06475,0.06475,14.545807,120.960419,13.7,-6189.884608787623,4092.979708316194,2286.0,494.5,30.0,1.7999999999999543,0.0,0.0,0.6000000000000038,295.9389651169226
130,0.06525,0.06525,14.536757,120.962864,13.3,-5953.880777690598,3224.2681439917715,2301.0,496.3,30.0,1.8000000000000114,0.0,0.0,0.4307692307692325,305.525910713347
131,0.06575,0.06575,14.544159,120.961937,13.7,-6053.126180694184,3877.038862502582,2332.0,496.3,30.0,1.8000000000000114,0.0,0.0,0.6333333333333447,297.5532427527558
132,0.06625,0.06625,14.535507,120.967979,13.7,-5385.71559788989,3096.671789424129,2316.0,498.2,31.0,1.8000000000000114,0.0,0.0,0.5692307692307674,302.43397951131396
133,0.06675,0.06675,14.5382325,120.9606665,13.3,-6167.548374941539,3187.462572434475,2370.0,500.0,30.0,1.8000000000000114,0.0,0.0,0.6333333333333353,304.16708886602316
134,0.06725,0.06725,14.542191,120.965866,13.3,-5603.769245037917,3709.1342913495223,2362.0,500.0,30.0,1.8000000000000114,0.0,0.0,0.5999999999999849,302.80858123590434
135,0.06775,0.06775,14.533813,120.967003,13.3,-5490.717830718178,2842.368640929631,2370.0,500.0,30.0,1.8000000000000682,0.0,0.0,0.8538461538461556,300.3478346124673
136,0.06825,0.06825,14.537147,120.947281,13.3,-7594.135269430008,3121.4682923155806,2431.0,500.0,30.0,1.8000000000000682,0.0,0.0,0.6333333333333258,305.2480533831032
137,0.06875,0.06875,14.537979,120.976532,13.3,-4441.505635321645,3193.8562895477203,2408.0,500.0,30.0,1.8000000000000682,0.0,0.0,0.8999999999999773,302.89430612118997
138,0.06925,0.06925,14.537224,120.977665,13.0,-4337.157034343953,3213.204233508466,2469.0,500.0,30.0,1.8000000000000398,0.0,0.0,0.8999999999999773,296.7606381176147
139,0.06975,0.06975,14.532166,120.976196,14.0,-4520.574185206985,2460.7471255679357,2477.0,503.7,30.0,1.8000000000000682,0.0,0.0,0.6333333333333258,302.28324690971095
140,0.07025,0.07025,14.53962,120.9805525,13.0,-4026.1502348586146,3430.201432584052,2461.0,500.0,30.0,1.8000000000000114,0.0,0.0,0.6166666666666647,305.0934768739887
141,0.07075,0.07075,14.529186,120.983276,13.3,-3739.725090980124,2175.976525089934,2537.0,503.7,30.0,1.8000000000000114,0.0,0.0,0.6000000000000038,305.0180433725662
142,0.07125,0.07125,14.531479,120.962029,13.7,-6041.604802906015,2389.137493897679,2484.0,501.9,30.0,1.8000000000000114,0.0,0.0,0.6000000000000038,310.86737029562875
143,0.07175,0.07175,14.533951,120.989441,13.3,-2978.9497780138063,2692.7000629351824,2545.0,505.6,30.0,1.8000000000000682,0.0,0.0,0.7400000000000015,305.4928585766298
144,0.07225,0.07225,14.531616,120.982117,13.7,-3883.45968106164,2697.815036625991,2553.0,507.4,30.0,1.8000000000000114,0.0,0.0,0.6166666666666648,307.8993279005918
145,0.07275,0.07275,14.526657499999999,120.981712,13.15,-3901.1533947637163,1882.5327083537281,2572.0,503.7,30.0,1.8999999999999773,0.0,0.0,0.7115384615384615,314.4430939299316
146,0.07325,0.07325,14.532944,120.99032199999999,13.3,-2953.748013813582,2791.2189040220774,2591.0,507.4,30.0,1.8000000000000398,0.0,0.0,0.6824175824175815,315.64485036109085
147,0.07375,0.07375,14.520574,120.982773,13.3,-3771.922616725815,1133.6338429805935,2598.0,511.2,31.0,1.8000000000000682,0.0,0.0,0.6333333333333258,310.6646361367885
148,0.07425,0.07425,14.533608,120.996094,12.4,-2342.3015224486917,2651.446688168464,2598.0,507.4,30.0,1.8999999999999773,0.0,0.0,0.8999999999999773,310.08802351318207
149,0.07475,0.07475,14.5223695,120.9935115,13.3,-2627.538422855163,1436.02886367598,2659.0,511.2,30.0,1.8000000000000114,0.0,0.0,0.6100000000000003,311.224841786585
150,0.07525,0.07525,14.521645,120.995033,13.0,-2487.009695406045,1408.619276398257,2659.0,507.4,30.0,1.8999999999999773,0.0,0.0,0.6333333333333636,318.11674460628717
151,0.07575,0.07575,14.528889,120.99657450000001,13.0,-2307.20694420353,2039.095381322506,2637.0,512.1,30.0,1.8000000000000114,0.0,0.0,0.6488095238095319,315.5155977425701
152,0.07625,0.07625,14.52524,120.996529,13.0,-2326.0404731446197,1913.6673308191491,2697.0,509.3,30.0,1.8000000000000114,0.0,0.0,0.6000000000000038,314.07909248149736
153,0.07675,0.07675,14.515686,121.007706,13.0,-1107.6765711222054,631.1432754056361,2690.0,514.9,30.0,1.8999999999999773,0.0,0.0,0.6000000000000227,316.28974333218645
154,0.07725,0.07725,14.517362,120.990967,13.3,-2925.4442767371193,856.5357030393351,2736.0,514.9,31.0,1.8000000000000682,0.0,0.0,0.6333333333333447,321.1277013716512
155,0.07775,0.07775,14.521007,121.00943,13.0,-900.7110291062035,1469.7765705266113,2751.0,513.0,31.0,1.8000000000000682,0.0,0.0,0.6200000000000008,327.3394373612111
156,0.07825,0.07825,14.5146975,120.993988,13.3,-2597.7498010734075,628.9749713408198,2766.0,516.7,31.0,1.8000000000000114,0.0,0.0,0.4115384615384623,314.31756661821953
157,0.07875,0.07875,14.513052,121.0096435,13.0,-886.004212595701,276.04178667981455,2774.0,514.9,30.0,1.8999999999999773,0.0,0.0,0.7115384615384615,323.03807563460566
158,0.07925,0.07925,14.5243445,120.999737,13.3,-1958.788017381305,1838.0546762603954,2777.5,518.6,30.0,1.8000000000000682,0.0,0.0,0.5999999999999849,318.41088738633323
159,0.07975,0.07975,14.503876,121.007416,13.0,-1129.7724609279662,-682.9601827945763,2781.0,518.6,31.0,1.8000000000000682,0.0,0.0,0.5692307692307674,321.87854238951985
160,0.08025,0.08025,14.501627,121.009811,13.3,-766.9772033765956,-689.6318876084437,2827.0,518.6,31.0,1.8000000000000682,0.0,0.0,0.7076923076923024,318.23016526347095
161,0.08075,0.08075,14.504855,121.0159455,13.3,-171.1624506367993,-253.0800026116902,2865.0,520.4,30.0,1.8000000000000114,0.0,0.0,0.5999999999999849,317.18772332581807
162,0.08125,0.08125,14.4984225,121.007679,12.7,-966.3973847181386,-1304.1514985190408,2846.0,518.6,31.0,1.8999999999999773,0.0,0.0,0.7533333333333341,322.22439332593774
163,0.08175,0.08175,14.504471,121.009827,13.7,-839.9803836301139,-627.3626426776011,2880.0,520.4,31.0,1.8999999999999773,0.0,0.0,0.5769230769230769,321.13261826357336
164,0.08225,0.08225,14.4966,121.0128785,13.3,-532.9536141907975,-1530.4334867942353,2888.0,525.05,31.0,1.8999999999999773,0.0,0.0,0.883333333333322,338.03840399832666
165,0.08275,0.08275,14.489567,121.006119,13.3,-1253.7847560327689,-1973.7126741453692,2858.0,520.4,31.0,1.8000000000000682,0.0,0.0,0.5999999999999849,338.29650360572606
166,0.08325,0.08325,14.491722,121.017128,13.0,-86.63836697212217,-1946.4142819477893,2972.0,526.9,31.0,1.8999999999999773,0.0,0.0,0.6333333333333542,337.78856878717323
167,0.08375,0.08375,14.482821,120.993202,13.0,-2671.0000407705093,-3025.506938074443,2926.0,524.1,31.0,1.8999999999999773,0.0,0.0,0.6333333333333258,331.2500790840251
168,0.08425,0.08425,14.497215,121.018242,13.3,31.18953446818891,-1439.3091185427536,2972.0,527.8,31.0,1.8000000000000682,0.0,0.0,0.6333333333333258,327.81126096498093
169,0.08475,0.08475,14.491526,121.01196300000001,12.7,-401.99201217835207,-1645.075614515085,2960.5,524.1,30.0,1.8999999999999773,0.0,0.0,0.7153846153846141,318.86431562523813
170,0.08525,0.08525,14.4796785,121.0237885,13.3,620.7081040976899,-2733.0082795200688,3002.0,524.1,31.0,1.8999999999999773,0.0,0.0,0.5730769230769222,335.87946855070936
171,0.08575,0.08575,14.4925915,121.022358,13.0,464.80330657842626,-1958.3677530731209,2995.0,527.8,31.0,1.8999999999999773,0.0,0.0,0.727692307692309,336.61797622080076
172,0.08625,0.08625,14.474373,121.011139,12.85,-408.47747860674446,-3590.433543200723,3033.0,529.7,31.0,1.8999999999999773,0.0,0.0,0.8269230769230751,335.01778495252654
173,0.08675,0.08675,14.486707500000001,121.0233075,12.7,572.2961722173111,-2485.9884087810187,3033.0,529.7,30.5,1.8000000000000682,0.0,0.0,0.5999999999999849,328.1410439656306
174,0.08725,0.08725,14.488104,121.02367749999999,13.5,622.4004739035672,-2191.3770437023422,3078.0,531.5,31.0,1.8000000000000682,0.0,0.0,0.6452380952380985,325.40273129274715
175,0.08775,0.08775,14.465973,121.020844,13.0,433.6618265335659,-4793.842299028069,3101.0,529.7,31.0,1.8999999999999773,0.0,0.0,0.6333333333333636,359.12510380720335
176,0.08825,0.08825,14.4633635,121.0313565,13.3,1440.6527194937448,-5100.407135231901,3044.0,533.4,31.0,1.8999999999999773,0.0,0.0,0.5999999999999943,346.51013845030275
177,0.08875,0.08875,14.460388,121.0097735,13.3,-887.4999008026784,-5537.459398089915,3143.0,532.45,31.0,1.8999999999999773,0.0,0.0,0.5769230769230769,328.2746529739534
178,0.08925,0.08925,14.465190499999999,121.0242805,13.3,672.9359090121598,-4676.5870869218315,3135.5,535.2,31.0,1.8000000000000682,0.0,0.0,0.6000000000000227,356.8886028748176
179,0.08975,0.08975,14.457077,121.017532,13.3,25.417865756619033,-5837.852907340788,3132.0,535.2,31.0,1.8000000000000682,0.0,0.0,0.7076923076923024,337.8827246270287
180,0.09025,0.09025,14.4676905,121.042877,13.3,2785.1004461121343,-4521.414352455987,3147.0,535.2,30.0,1.8000000000000682,0.0,0.0,0.6233333333333292,322.12635835994394
181,0.09075,0.09075,14.4665425,121.012287,12.7,-448.3210837451936,-4712.50309783728,3185.0,535.2,31.0,1.8999999999999773,0.0,0.0,0.6150000000000029,355.01441280465747
182,0.09125,0.09125,14.4551215,121.048168,13.3,3598.9035943698227,-5342.034044579344,3216.0,533.4,31.0,1.8500000000000227,0.0,0.0,0.6000000000000132,348.0152369036682
183,0.09175,0.09175,14.458636,121.03578949999999,13.0,1903.180896597822,-5367.44212041273,3185.0,537.1,31.0,1.8999999999999773,0.0,0.0,0.6000000000000132,338.4966858266
184,0.09225,0.09225,14.449023,121.044144,13.0,2813.926298581339,-6760.994463439537,3246.0,538.9,31.0,1.8999999999999773,0.0,0.0,0.7076923076923068,347.2256137160559
185,0.09275,0.09275,14.460983,121.047127,12.4,3131.5137508007806,-5279.32001932793,3216.0,538.9,31.0,1.8999999999999773,0.0,0.0,0.8000000000000033,354.487049173352
186,0.09325,0.09325,14.449951,121.023827,12.7,637.2488588015359,-6498.796464248718,3239.0,538.9,31.0,1.8999999999999773,0.0,0.0,0.7400000000000015,337.87514763579264
187,0.09375,0.09375,14.4443205,121.0549625,13.3,3990.367516809142,-6606.322106834776,3250.0,538.9,38.0,1.8999999999999773,0.0,0.0,0.5846153846153805,356.5462403447694
188,0.09425,0.09425,14.449593499999999,121.026409,12.7,1136.2632245284349,-6426.964442417822,3273.0,540.8,31.0,1.8999999999999773,0.0,0.0,0.7115384615384571,347.2856561974967
189,0.09475,0.09475,14.444973,121.053001,13.0,4459.30444331225,-6771.002020660515,3246.0,540.8,31.0,1.8999999999999773,0.0,0.0,0.6333333333333258,371.5817191802357
190,0.09525,0.09525,14.450226,121.050919,13.0,4062.939757496144,-6365.139977808258,3269.0,540.8,31.0,1.8999999999999773,0.0,0.0,0.664285714285711,351.85378860558257
191,0.09575,0.09575,14.452561,121.04789,12.7,3208.5924042416477,-6108.501732628818,3307.0,540.8,31.0,1.8999999999999773,0.0,0.0,0.5769230769230769,351.6120455616205
192,0.09625,0.09625,14.437271,121.046402,12.7,3327.531648125549,-7600.850904443673,3330.0,544.5,31.0,1.8999999999999773,0.0,0.0,0.7399999999999939,374.8039440187446
193,0.09675,0.09675,14.457104000000001,121.0232235,12.85,560.446566286561,-5115.7520563039725,3334.0,546.3,31.0,1.8999999999999773,0.0,0.0,0.625,351.97156129337736
194,0.09725,0.09725,14.425573,121.066967,12.55,5672.489493765452,-9265.274462918973,3368.0,545.4,31.0,1.8999999999999773,0.0,0.0,0.7410256410256434,362.7836309787605
195,0.09775,0.09775,14.455447,121.049095,12.0,3357.671173467669,-5859.6471430664415,3292.0,544.5,30.0,1.900000000000091,0.0,0.0,0.8538461538461556,356.3740150158464
196,0.09825,0.09825,14.427377,121.05175,12.7,3738.246532304569,-8930.076893554964,3368.0,551.9,31.0,1.8999999999999773,0.0,0.0,0.8538461538461468,360.6368776929027
197,0.09875,0.09875,14.437775,121.048691,12.0,3318.6159727057766,-7871.722119891989,3315.0,548.2,31.0,1.8999999999999773,0.0,0.0,0.6200000000000045,370.9603984997527
198,0.09925,0.09925,14.440292,121.058784,12.4,4687.887665730495,-7257.035716361266,3414.0,546.3,31.0,1.8000000000000682,0.0,0.0,0.5692307692307674,353.24442024802613
199,0.09975,0.09975,14.421387,121.06601,12.0,5574.612491924905,-9056.505699780311,3414.0,553.7,31.0,1.900000000000091,0.0,0.0,0.7153846153846206,382.5552099990255
200,0.10025,0.10025,14.434891,121.027809,12.7,1492.996814596105,-8062.755267733476,3376.0,548.2,31.0,1.8999999999999773,0.0,0.0,0.6333333333333258,370.6062845197887
201,0.10075,0.10075,14.422165,121.061577,12.0,4982.687549412342,-8903.834854619712,3429.0,555.6,30.0,1.8999999999999773,0.0,0.0,0.8666666666666667,356.5019806602797
202,0.10125,0.10125,14.423037,121.038605,12.4,2988.4704467065567,-9524.859377724406,3391.0,546.3,30.0,1.900000000000091,0.0,0.0,0.8538461538461468,368.5054571337651
203,0.10175,0.10175,14.4374085,121.048542,12.7,3302.997361540338,-7923.7058199015855,3417.5,553.7,31.0,1.8999999999999773,0.0,0.0,0.8191558441558429,376.91000842656865
204,0.10225,0.10225,14.415939,121.07502,12.4,6844.963317337216,-10243.401986193294,3437.0,550.0,31.0,1.8999999999999773,0.0,0.0,0.7076923076923024,388.1754301548056
205,0.10275,0.10275,14.431636,121.053669,12.0,3836.8056244871323,-8332.736922540473,3467.0,555.6,30.0,1.8500000000000227,0.0,0.0,0.7928571428571405,363.907327428603
206,0.10325,0.10325,14.408942,121.049301,12.7,3384.637011862139,-10527.505416189731,3467.0,551.9,31.0,1.8999999999999773,0.0,0.0,0.5692307692307719,391.41391031809167
207,0.10375,0.10375,14.423492,121.066925,12.4,5412.051241351307,-9551.546196980227,3482.0,559.3,31.0,1.900000000000091,0.0,0.0,0.7848484848484841,367.8404085630382
208,0.10425,0.10425,14.420969,121.06625,12.2,5182.641490975532,-9473.487250656211,3486.0,551.9,31.0,1.8999999999999773,0.0,0.0,0.5692307692307674,358.1857496635443
209,0.10475,0.10475,14.4024125,121.0780255,12.0,7201.21138932046,-11357.743482753478,3532.0,558.4,31.0,1.900000000000091,0.0,0.0,0.7541208791208804,387.5382992388012
210,0.10525,0.10525,14.418228,121.056808,12.7,4190.828943449201,-9894.027044099508,3482.0,555.6,31.0,1.900000000000091,0.0,0.0,0.6166666666666742,367.7857021549866
211,0.10575,0.10575,14.3999405,121.051579,11.7,3930.5703198972037,-11476.722218603432,3547.0,561.2,38.0,3.69999999999996,0.0,0.0,0.7447890818858542,406.6239979449956
212,0.10625,0.10625,14.408589500000001,121.04170250000001,12.4,2752.1213530753193,-11181.165695342745,3501.5,559.3,31.0,1.8999999999999773,0.0,0.0,0.7153846153846162,372.1378685731297
213,0.10675,0.10675,14.411985000000001,121.0920905,12.0,7979.564354061417,-10679.064310548198,3551.0,558.4,30.0,1.8999999999999773,0.0,0.0,0.6571428571428564,360.469690969504
214,0.10725,0.10725,14.389576,121.073456,12.4,7437.89227389827,-12950.001434157808,3581.0,555.6,31.0,1.8999999999999773,0.0,0.0,0.6333333333333258,373.24559967353906
215,0.10775,0.10775,14.406568,121.054985,11.7,4119.272542751699,-11380.260486501033,3559.0,557.5,31.0,1.900000000000091,0.0,0.0,0.7153846153846206,383.1038979652293
216,0.10825,0.10825,14.389017500000001,121.08941300000001,12.0,8116.134728928372,-12807.949719159413,3577.5,559.3,31.0,1.8999999999999773,0.0,0.0,0.7451923076923131,369.4290213380275
217,0.10875,0.10875,14.4111735,121.084892,12.55,7215.1764528233825,-10844.411394855502,3620.0,562.1,31.0,1.8999999999999773,0.0,0.0,0.6333333333333258,371.722069567862
218,0.10925,0.10925,14.393143,121.072037,11.7,6308.335077818974,-12304.736383562557,3635.0,563.0,31.0,1.900000000000091,0.0,0.0,0.7153846153846118,383.4705403353833
219,0.10975,0.10975,14.382614,121.071518,12.7,6429.96377542455,-13498.749155110329,3627.0,563.0,31.0,1.8999999999999773,0.0,0.0,0.4625000000000021,374.8220848995135
220,0.11025,0.11025,14.383435500000001,121.058517,12.2,4377.048750191171,-13817.879035380363,3657.5,564.9,31.0,1.8999999999999773,0.0,0.0,0.728064516129032,374.0979116394957
221,0.11075,0.11075,14.3995115,121.0904655,12.7,8843.015596931788,-12045.540651538064,3665.5,562.1,31.0,1.8999999999999773,0.0,0.0,0.5999999999999849,369.0016329496358
222,0.11125,0.11125,14.380005,121.062592,12.4,5026.637988831474,-14379.970165960794,3696.0,564.9,30.0,1.8999999999999773,0.0,0.0,0.7076923076923024,341.47300090583815
223,0.11175,0.11175,14.386826,121.070107,12.0,5627.066462205902,-12774.869182789991,3680.0,564.9,31.0,1.8999999999999773,0.0,0.0,0.8999999999999773,362.8143737647634
224,0.11225,0.11225,14.376705,121.0658075,12.7,5556.600874983515,-14651.786539591827,3707.0,569.5,31.0,1.8999999999999773,0.0,0.0,0.4716666666666744,406.8055121774878
225,0.11275,0.11275,14.390647999999999,121.0581205,12.0,4329.574197756778,-13102.005108837024,3661.5,567.6500000000001,31.0,1.8000000000000682,0.0,0.0,0.7276923076923072,385.58641597519795
226,0.11325,0.11325,14.380126,121.089371,12.4,7693.373192702923,-14324.817406165095,3764.0,566.7,30.0,1.8000000000000682,0.0,0.0,0.6000000000000227,361.75667511103006
227,0.11375,0.11375,14.367651500000001,121.089962,12.4,8284.73403149741,-15059.260911107656,3711.0,572.3,31.0,1.8999999999999773,0.0,0.0,0.6333333333333258,393.1509397244251
228,0.11425,0.11425,14.377706,121.062798,12.7,5227.135300515535,-14663.406425476023,3871.0,563.0,31.0,1.8999999999999773,0.0,0.0,0.578125,358.47044063777645
229,0.11475,0.11475,14.369931,121.084129,11.4,7583.818577246609,-14730.790644097671,3734.0,574.1,30.0,1.8999999999999773,0.0,0.0,0.8999999999999773,386.9719364125348
230,0.11525,0.11525,14.366277499999999,121.09012949999999,11.7,8531.84283004338,-15629.747270245845,3764.0,570.4,31.0,2.8000000000000114,0.0,0.0,0.8999999999999773,389.75037846343923
231,0.11575,0.11575,14.364441,121.112511,11.7,11599.13259700689,-15941.427080140662,3795.0,571.3499999999999,31.0,1.8999999999999773,0.0,0.0,0.564918414918414,403.2626194352132
232,0.11625,0.11625,14.376021,121.049801,12.0,3429.8793281869903,-14391.756844465646,3764.0,570.4,26.5,1.8000000000000682,0.0,0.0,0.856923076923077,359.97984711315996
233,0.11675,0.11675,14.3646155,121.096565,12.0,9220.88380526155,-15337.637794472234,3882.5,565.8,30.5,1.8999999999999773,0.0,0.0,0.6100000000000003,379.27422956360573
234,0.11725,0.11725,14.363251,121.08645250000001,11.4,7649.432260028052,-15875.59959264207,3844.0,570.4,30.0,1.8999999999999773,0.0,0.0,0.876923076923062,376.42616594508047
235,0.11775,0.11775,14.377986,121.089996,11.85,8504.533418486515,-14443.295764153787,3730.0,572.3,31.0,1.8999999999999773,0.0,0.0,0.7076923076923112,379.78122292761987
236,0.11825,0.11825,14.376798,121.091766,12.0,8192.487428640092,-14457.13955164296,3879.0,576.0,30.0,1.8000000000000682,0.0,0.0,0.6635416666666825,373.734165856606
237,0.11875,0.11875,14.364532,121.078491,11.7,6522.502511138421,-16198.009727779056,3795.0,576.0,31.0,3.699999999999932,0.0,0.0,0.5692307692307674,382.9887507438296
238,0.11925,0.11925,14.36618,121.062302,11.4,4964.930105545222,-15765.572060751298,3871.0,574.1,30.0,1.900000000000091,0.0,0.0,0.8999999999999773,381.4619816132345
239,0.11975,0.11975,14.343676,121.091499,11.7,8635.326895686156,-17739.062344735674,3978.0,574.1,38.0,3.699999999999932,0.0,0.0,0.7076923076923112,431.19384500610704
240,0.12025,0.12025,14.362506,121.0649525,11.4,5355.322967659839,-16175.270333871573,3958.5,574.1,31.0,1.8999999999999773,0.0,0.0,0.6333333333333258,397.9262052611582
241,0.12075,0.12075,14.3460835,121.11779,11.7,11538.516766298764,-18010.378340505446,3924.0,579.7,31.0,1.8999999999999773,0.0,0.0,0.6456989247311786,385.4341156716534
242,0.12125,0.12125,14.348465000000001,121.110634,11.7,10210.60356076161,-17556.480022992284,3947.0,577.8,30.5,1.8999999999999773,0.0,0.0,0.8999999999999773,380.4194100451034
243,0.12175,0.12175,14.357071,121.088417,11.1,8193.707017646033,-16603.09340507014,4061.0,576.0,31.0,3.7000000000000455,0.0,0.0,0.6166666666666667,401.03320696322066
244,0.12225,0.12225,14.343384,121.104515,11.4,9313.19764389677,-17826.239287638997,3932.0,579.7,31.0,1.8999999999999773,0.0,0.0,0.8538461538461556,397.3730197703635
245,0.12275,0.12275,14.3581605,121.081268,11.1,7137.197462701963,-15924.136245163882,4069.0,581.5,30.0,3.699999999999932,0.0,0.0,0.5999999999999849,395.08501811468807
246,0.12325,0.12325,14.339539,121.113518,11.7,10380.83493874237,-18553.45511236609,3993.0,581.5,31.0,3.699999999999932,0.0,0.0,0.7928571428571445,379.9262546300528
247,0.12375,0.12375,14.336197,121.084251,10.4,7555.936381808777,-19224.628616655635,4077.0,579.7,30.0,1.8999999999999773,0.0,0.0,0.8999999999999773,400.3354481040991
248,0.12425,0.12425,14.3402075,121.069603,12.0,5668.262909261614,-18239.773791027288,4016.0,582.45,31.0,1.900000000000091,0.0,0.0,0.598387096774186,395.4581751129329
249,0.12475,0.12475,14.3423745,121.101448,10.4,9546.851439856273,-17667.953090926327,4122.0,586.1500000000001,30.0,1.8999999999999773,0.0,0.0,0.6968750000000021,408.1419153902656
250,0.12525,0.12525,14.346096,121.078857,11.7,6562.221925254956,-17774.533575330373,4008.0,585.2,31.0,1.8999999999999773,0.0,0.0,0.6000000000000227,392.2440988804651
251,0.12575,0.12575,14.324799,121.022026,11.1,590.8243399094573,-20352.2579253041,4084.0,581.5,38.0,3.699999999999932,0.0,0.0,0.6181818181818175,430.1077288723943
252,0.12625,0.12625,14.3636255,121.0880625,12.0,8110.289882694583,-15617.571408960051,4175.5,579.7,30.5,1.8999999999999773,0.0,0.0,0.6166666666666742,400.7406997260264
253,0.12675,0.12675,14.337189500000001,121.074131,11.85,6054.989516927846,-18615.501967136646,4038.5,584.3,30.5,1.8999999999999773,0.0,0.0,0.6333333333333258,386.92661940199685
254,0.12725,0.12725,14.336646,121.081268,11.7,8327.919162494187,-18570.801544882495,4206.0,579.7,31.0,1.8999999999999773,0.0,0.0,0.5218749999999979,404.267994439329
255,0.12775,0.12775,14.325706,121.098503,12.0,9060.73353360397,-19863.110767356706,4122.0,588.9,30.0,1.8999999999999773,0.0,0.0,0.578125,398.3471864922656
256,0.12825,0.12825,14.331106,121.096321,11.7,8448.542591245632,-19426.22529711899,4161.0,592.6,31.0,1.8999999999999773,0.0,0.0,0.5692307692307674,402.3737748944685
257,0.12875,0.12875,14.321651500000002,121.0592955,11.4,5202.471352694882,-19784.718235791814,4187.0,583.4,30.0,1.900000000000091,0.0,0.0,0.6488095238095184,400.3057677815187
258,0.12925,0.12925,14.327615,121.095711,11.4,9193.988280528927,-19206.94859889862,4221.0,592.6,31.0,1.8999999999999773,0.0,0.0,0.6333333333333258,397.25483153220296
259,0.12975,0.12975,14.322739,121.070877,11.7,6486.97959996097,-19868.003350886695,4199.0,585.2,31.0,3.699999999999932,0.0,0.0,0.7749999999999962,407.9894421956628
260,0.13025,0.13025,14.306872,121.10088350000001,12.0,9571.854239416669,-22291.500124576676,4180.0,585.2,31.0,1.8999999999999773,0.0,0.0,0.4466346153846156,412.86487239314914
261,0.13075,0.13075,14.3180065,121.068493,11.25,6208.59484304071,-20513.76877934321,4206.0,585.2,31.0,1.8999999999999773,0.0,0.0,0.6550662878787883,403.5237521882793
262,0.13125,0.13125,14.325942999999999,121.0856475,11.1,8076.399587143432,-20075.88255338333,4202.0,590.8,38.0,1.900000000000034,0.0,0.0,0.6635416666666816,436.6983325527186
263,0.13175,0.13175,14.308456,121.08567,11.4,9075.839735951991,-22077.004814806245,4168.0,588.9,30.0,1.8999999999999773,0.0,0.0,0.6133333333333364,401.4547769098108
264,0.13225,0.13225,14.314673500000001,121.0915185,11.1,8051.002683491365,-20790.14415126354,4172.0,582.45,31.0,1.8999999999999773,0.0,0.0,0.5846153846153761,407.2540485818978
265,0.13275,0.13275,14.302104499999999,121.092979,11.1,9908.8862538222,-22737.11440861257,4229.0,588.0,31.0,1.8999999999999773,0.0,0.0,0.6333333333333258,433.1899276565898
266,0.13325,0.13325,14.309553,121.094673,11.7,8232.490571456878,-21142.96614084449,4298.0,585.2,30.0,1.8000000000000682,0.0,0.0,0.40625,395.0214016796552
267,0.13375,0.13375,14.3054725,121.07170099999999,11.25,6749.668076666576,-22294.00201388209,4305.0,596.3,30.0,2.8000000000000114,0.0,0.0,0.8521169354838717,394.50547218757947
268,0.13425,0.13425,14.306488,121.096657,10.7,9209.262476479773,-21872.405867176913,4214.0,587.1,31.0,1.8999999999999773,0.0,0.0,0.716129032258066,380.5344930676098
269,0.13475,0.13475,14.305595499999999,121.0713885,11.4,6705.823222438378,-22434.330205136775,4332.0,595.4,31.0,1.900000000000034,0.0,0.0,0.5846153846153761,394.21594910112515
270,0.13525,0.13525,14.302486,121.097313,12.0,9245.160428167957,-21917.217484510766,4343.0,587.1,31.0,3.699999999999932,0.0,0.0,0.4842803030303048,415.5844177758829
271,0.13575,0.13575,14.315826,121.077148,11.7,6420.002926635014,-20919.019249254237,4328.0,596.3,38.0,3.699999999999932,0.0,0.0,0.4333333333333333,462.9425090153269
272,0.13625,0.13625,14.298985,121.152252,11.1,15819.417176270526,-22255.806503821776,4290.0,590.8,30.0,3.699999999999932,0.0,0.0,0.7153846153846206,394.4312967018648
273,0.13675,0.13675,14.308614500000001,121.0802765,11.7,6740.55753097358,-22165.293708511697,4240.5,593.55,30.0,1.8000000000000682,0.0,0.0,0.32645833333333296,394.0280410946997
274,0.13725,0.13725,14.2981,121.112701,11.1,10219.418632403916,-22336.64532715166,4420.0,601.9,30.0,1.900000000000034,0.0,0.0,0.6727272727272706,424.719414654968
275,0.13775,0.13775,14.2983335,121.10203899999999,11.4,10170.237289755483,-22813.17184349234,4374.0,595.4,31.0,1.8999999999999773,0.0,0.0,0.3713068181818185,424.0885244967087
276,0.13825,0.13825,14.288841000000001,121.1057165,11.55,10237.783391488254,-23887.927891489628,4332.0,596.35,30.5,3.699999999999932,0.0,0.0,0.706129807692307,424.150685878594
277,0.13875,0.13875,14.298592,121.11293800000001,11.7,12100.35807883108,-22679.737747212166,4343.5,592.6,30.0,1.8999999999999773,0.0,0.0,0.46250000000000036,392.967002879592
278,0.13925,0.13925,14.306434,121.098633,10.7,10161.75848478334,-22148.94803171728,4465.0,616.7,31.0,3.699999999999932,0.0,0.0,0.5967741935483871,422.3418577321023
279,0.13975,0.13975,14.2832045,121.100029,11.1,9390.779635154082,-24879.788007172887,4446.0,596.3,38.0,3.699999999999932,0.0,0.0,0.4396270396270415,442.91774337737957
280,0.14025,0.14025,14.2876585,121.1478955,11.1,15153.08621227237,-23651.193565672264,4366.0,601.9,30.0,1.8999999999999773,0.0,0.0,0.876923076923062,408.35326103288764
281,0.14075,0.14075,14.288837000000001,121.07973100000001,11.1,6903.954269514982,-23845.451370840456,4408.5,596.3,23.0,1.8999999999999773,0.0,0.0,0.4625000000000021,402.83410731882975
282,0.14125,0.14125,14.288439,121.11376949999999,10.55,11925.396647939928,-23986.891512897622,4522.5,596.3,31.0,2.8000000000000114,0.0,0.0,0.6166666666666742,459.9456910460092
283,0.14175,0.14175,14.275662,121.088463,10.4,9007.60157239528,-25347.363319554745,4404.0,637.1,31.0,3.699999999999932,0.0,0.0,0.8687499999999986,470.3600388031988
284,0.14225,0.14225,14.2974245,121.09048849999999,10.7,8043.414505864882,-23159.433323339566,4469.5,600.05,31.0,1.8999999999999773,0.0,0.0,0.5736778846153837,413.5974195270718
285,0.14275,0.14275,14.277328,121.118439,10.4,12705.728852921611,-25076.82568934668,4382.0,611.2,30.0,1.8999999999999773,0.0,0.0,0.6571428571428604,423.9774712517053
286,0.14325,0.14325,14.286658,121.15282450000001,10.4,15639.117210652432,-24595.573382095863,4526.5,607.5,30.0,3.699999999999932,0.0,0.0,0.8521169354838699,424.5505086264998
287,0.14375,0.14375,14.284554,121.11714549999999,10.4,12505.476039919413,-24483.59993630074,4469.5,607.45,30.0,1.900000000000034,0.0,0.0,0.6374999999999993,407.03544044433056
288,0.14425,0.14425,14.275726,121.129715,11.1,14003.889805222476,-24731.56496522118,4366.0,607.5,31.0,1.8999999999999773,0.0,0.0,0.5285714285714297,437.759519843433
289,0.14475,0.14475,14.281243499999999,121.108124,10.4,10889.183790079565,-24733.12169634468,4492.0,613.95,30.5,3.699999999999932,0.0,0.0,0.6333333333333446,401.10022949246326
290,0.14525,0.14525,14.266953,121.137497,10.4,13778.507387211204,-25742.27264700419,4496.0,615.8,34.5,3.699999999999932,0.0,0.0,0.8999999999999773,485.8673204753694
291,0.14575,0.14575,14.2734495,121.0927545,9.95,8721.496483569856,-25999.411270044362,4549.5,613.0,31.0,3.699999999999932,0.0,0.0,0.5218750000000014,477.43323880266627
292,0.14625,0.14625,14.284414,121.138283,10.4,13467.919178428314,-24392.19758034873,4564.0,622.3,30.0,3.699999999999932,0.0,0.0,0.6333333333333258,432.71434619433063
293,0.14675,0.14675,14.2495425,121.1008035,10.4,10162.214809815392,-28391.829018808727,4522.5,611.2,133.5,3.7000000000000455,0.0,0.0,0.578125,2442.530572690547
294,0.14725,0.14725,14.263,121.13871,10.4,12996.675941890784,-27465.96318324418,4587.0,624.1,38.0,1.8999999999999773,0.0,0.0,0.4656249999999993,494.2525022566712
295,0.14775,0.14775,14.249771,121.137482,10.4,14671.007544639187,-28254.22510701984,4473.0,631.5,30.0,1.8999999999999773,0.0,0.0,0.8424242424242411,456.1381630830804
296,0.14825,0.14825,14.266754,121.123016,10.1,12842.060412898503,-26037.662377644578,4450.0,629.7,31.0,1.900000000000091,0.0,0.0,0.6727272727272706,464.8976381015811
297,0.14875,0.14875,14.248569499999999,121.12957,10.1,13890.81217631058,-28315.493596228425,4655.5,610.25,30.5,1.8999999999999773,0.0,0.0,0.6551136363636367,475.78178466575355
298,0.14925,0.14925,14.257089,121.113861,8.8,12204.496241765435,-28583.473739591,4557.0,631.5,38.0,3.699999999999932,0.0,0.0,0.6727272727272706,781.5586322735528
299,0.14975,0.14975,14.2523705,121.110367,10.55,10829.30555237323,-28422.90804373416,4655.5,628.75,31.0,3.7000000000000455,0.0,0.0,0.6166666666666742,468.99585722315993
300,0.15025,0.15025,14.2618365,121.0809595,10.25,7393.431996530688,-27592.725574710756,4652.0,625.05,144.5,3.750000000000057,0.0,0.0,0.9000000000000057,2533.064170728439
301,0.15075,0.15075,14.2498685,121.1556395,10.25,15760.244546931235,-28568.629196380185,4591.0,634.3,30.0,1.8999999999999773,0.0,0.0,0.6440860215053719,472.8902304458854
302,0.15125,0.15125,14.269645,121.0754665,10.4,6327.522555888279,-26248.37705468724,4583.5,626.9,125.5,5.599999999999966,0.0,0.0,0.640000000000011,3526.512858570871
303,0.15175,0.15175,14.245789,121.124989,10.1,12895.387763204522,-29114.096662465756,4671.0,624.15,42.0,3.7000000000000455,0.0,0.0,0.6166666666666742,498.6701725231394
304,0.15225,0.15225,14.245962,121.12133,10.1,13083.21650619173,-28088.766827632397,4587.0,655.6,30.0,3.7000000000000455,0.0,0.0,0.9000000000000341,449.3238662504696
305,0.15275,0.15275,14.256017499999999,121.130554,9.8,12517.796993011052,-27554.97484497127,4583.0,646.35,23.0,2.7999999999999545,0.0,0.0,0.8585897435897397,410.74116420145094
306,0.15325,0.15325,14.242332,121.111549,9.4,11143.13894586519,-29756.804226215427,4671.0,646.3,145.0,3.699999999999932,0.0,0.0,0.6580645161290315,2548.145223369552
307,0.15375,0.15375,14.227528,121.10923,9.4,11395.158724661993,-30438.430068047055,4778.0,626.0,160.0,3.699999999999932,0.0,0.0,0.5999999999999849,3766.810762097596
308,0.15425,0.15425,14.249542,121.102196,10.1,10646.532808444948,-28708.23461961332,4694.0,638.9,115.0,3.7000000000000455,0.0,0.0,0.7531250000000007,2367.8040384997053
309,0.15475,0.15475,14.241989,121.115082,9.8,10469.017261004516,-29556.65308179499,4823.0,644.5,31.0,3.7000000000000455,0.0,0.0,0.8999999999999773,469.8521230862104
310,0.15525,0.15525,14.2376675,121.1035275,10.1,9997.609639078899,-30258.294038068838,4667.5,651.0,30.5,2.8000000000000114,0.0,0.0,0.5803030303030228,471.2019760908231
311,0.15575,0.15575,14.2485805,121.08892449999999,9.95,9042.62823156041,-28491.070627917168,4690.0,610.25,129.0,3.7000000000000455,0.0,0.0,0.7758064516129036,1903.9043565449867
312,0.15625,0.15625,14.252403000000001,121.10819599999999,9.95,10764.221399304472,-28306.5423922696,4606.0,667.6500000000001,133.5,3.7000000000000455,0.0,0.0,0.85468749999999,4384.461204994572
313,0.15675,0.15675,14.23938,121.117668,8.5,12622.791902481002,-29067.950704169045,4778.0,635.2,30.0,3.7000000000000455,0.0,0.0,0.9499999999999886,472.4134707931196
314,0.15725,0.15725,14.2463405,121.1014975,9.600000000000001,9987.18765625832,-28825.823416960164,4743.5,656.55,34.0,3.7000000000000455,0.0,0.0,0.6057291666666629,485.1109705278261
315,0.15775,0.15775,14.225191500000001,121.1122555,10.1,11104.279016038996,-31760.317181863444,4694.0,632.45,30.5,4.649999999999977,0.0,0.0,0.7040322580645157,448.05870942156
316,0.15825,0.15825,14.2411205,121.121067,9.8,12069.226066698968,-29234.29854419825,4797.0,668.6,26.5,3.7000000000000455,0.0,0.0,0.6932291666666821,466.26941184948043
317,0.15875,0.15875,14.245468,121.111763,10.4,10957.795838140764,-29419.660742947417,4625.0,650.1,107.0,3.699999999999932,0.0,0.0,0.4624999999999986,2519.9605462554127
318,0.15925,0.15925,14.222965,121.094582,9.1,9834.55312891284,-30730.539543820665,4823.0,648.2,122.0,3.7000000000000455,0.0,0.0,0.8999999999999773,2509.067199853637
319,0.15975,0.15975,14.2279465,121.1449165,9.4,14282.800847643737,-30940.531452841515,4682.5,664.9,23.0,1.900000000000091,0.0,0.0,0.7113636363636371,447.52494823282126
320,0.16025,0.16025,14.242146,121.073189,9.8,5926.954467180644,-28993.4500004126,4770.0,642.6,137.0,7.399999999999977,0.0,0.0,0.6343750000000021,5119.945008865474
321,0.16075,0.16075,14.234696,121.141884,9.1,15085.749168899296,-30429.312071468103,4747.0,642.6,30.0,3.7000000000000455,0.0,0.0,0.9499999999999886,473.5724060755548
322,0.16125,0.16125,14.223396999999999,121.1003075,8.8,9460.047019050235,-31938.618493017628,4762.5,659.3,137.0,3.6999999999999886,0.0,0.0,0.7828125000000004,4515.465940700443
323,0.16175,0.16175,14.250012,121.131592,9.4,12810.51495433,-28916.836590131148,4915.0,651.9,30.0,3.7000000000000455,0.0,0.0,0.6333333333333258,480.0547769281603
324,0.16225,0.16225,14.216354,121.096375,10.1,9061.820827919548,-32278.708645911895,4763.0,664.9,152.0,3.7000000000000455,0.0,0.0,0.5999999999999849,5187.460793216302
325,0.16275,0.16275,14.243542,121.141182,9.4,14331.196555746066,-29592.680287790932,4892.0,657.5,31.0,5.5,0.0,0.0,0.9499999999999886,467.33597089332005
326,0.16325,0.16325,14.207975,121.079041,9.4,6887.2987650882715,-33207.74354126316,4763.0,670.4,137.0,5.5,0.0,0.0,0.8633333333333326,4985.389659211726
327,0.16375,0.16375,14.239334,121.135635,9.4,13416.955008890116,-30160.331172383096,4724.0,672.3,31.0,3.7000000000000455,0.0,0.0,0.9499999999999886,491.8825336391136
328,0.16425,0.16425,14.216812,121.08165,9.1,7129.55037133776,-31459.42329475149,4846.0,663.0,122.0,5.600000000000023,0.0,0.0,0.8999999999999773,4906.269512975783
329,0.16475,0.16475,14.2277205,121.1048965,9.8,10080.935978513291,-31414.722872497696,4873.0,642.6,84.0,4.600000000000023,0.0,0.0,0.6083333333333258,1531.4026176041048
330,0.16525,0.16525,14.215622,121.089622,9.4,9701.68077602506,-31655.46022120311,4869.0,663.0,160.0,7.5,0.0,0.0,0.6968749999999986,5427.26501059732
331,0.16575,0.16575,14.211746,121.121185,9.1,12436.622136244468,-32432.49144187463,4869.0,666.7,31.0,3.7000000000000455,0.0,0.0,0.9000000000000341,529.7714172211585
332,0.16625,0.16625,14.224685000000001,121.0786975,9.1,7435.499595960131,-31425.953575601212,4907.5,657.5,145.0,6.499999999999943,0.0,0.0,0.6742943548387097,5211.146868479129
333,0.16675,0.16675,14.222894,121.1093025,8.8,9847.132628179668,-31459.756879992092,4903.5,669.5,31.0,1.900000000000091,0.0,0.0,0.8999999999999773,494.87496190627076
334,0.16725,0.16725,14.22804,121.111595,9.1,11586.657150444396,-31239.257035888742,4930.0,653.8,130.0,7.399999999999977,0.0,0.0,0.6937500000000014,5144.4565713601905
335,0.16775,0.16775,14.1901995,121.110046,9.600000000000001,11136.01109302631,-34925.04036039008,4820.0,695.45,118.5,6.5,0.0,0.0,0.6551136363636367,2585.6902963179596
336,0.16825,0.16825,14.206054,121.1195675,9.600000000000001,12358.230696401033,-33805.806280299104,4945.0,672.25,76.5,5.599999999999966,0.0,0.0,0.9000000000000057,3722.6385895039984
337,0.16875,0.16875,14.194336,121.046127,9.8,3054.9073211255554,-34499.052008015016,4823.0,677.8,274.0,11.099999999999907,0.0,0.0,0.5967741935483871,5410.105423525628
338,0.16925,0.16925,14.206104,121.101231,8.8,10588.67241396981,-33782.56650853036,4861.5,662.1,31.0,3.7000000000000455,0.0,0.0,0.9000000000000341,493.78461910753936
339,0.16975,0.16975,14.178497,121.111404,9.4,11653.127470354944,-36590.07549180661,4915.0,666.7,244.0,7.400000000000091,0.0,0.0,0.5030303030303037,5396.781875487439
340,0.17025,0.17025,14.223999,121.118301,8.1,11922.511861034676,-31809.35421224617,4854.0,663.0,122.0,3.7000000000000455,0.0,0.0,0.5812500000000007,4997.500771240192
341,0.17075,0.17075,14.182884,121.112991,9.4,12118.517062055733,-35784.80072075567,4938.0,679.7,191.0,7.399999999999977,0.0,0.0,0.5030303030303003,5497.160201776692
342,0.17125,0.17125,14.1912235,121.105198,9.600000000000001,10357.630045290827,-34942.77597568717,4998.5,687.1,239.5,7.400000000000034,0.0,0.0,0.7306989247311828,5682.682283023401
343,0.17175,0.17175,14.184723,121.10083,9.4,10801.562661418227,-36433.957599158755,4961.0,672.3,144.0,3.7000000000000455,0.0,0.0,0.730303030303031,5402.38471221195
344,0.17225,0.17225,14.1971515,121.116978,8.95,12381.061936029379,-34121.82269832294,4762.5,667.65,26.5,3.7000000000000455,0.0,0.0,0.8999999999999773,482.01514482827145
345,0.17275,0.17275,14.2073135,121.08786,8.95,7526.1943879069695,-32858.0350139285,4964.5,675.05,148.5,3.7000000000000455,0.0,0.0,0.7399621212121201,5362.424202624192
346,0.17325,0.17325,14.2040655,121.0865095,9.4,8141.192296316979,-33370.477541184984,5117.0,677.8499999999999,141.0,4.600000000000023,0.0,0.0,0.7758064516129017,5323.252169186935
347,0.17375,0.17375,14.205252,121.06036750000001,7.8,4563.857019842797,-33643.29467053801,4854.0,680.6,137.5,12.950000000000045,0.0,0.0,0.9977318548387093,5450.197259497729
348,0.17425,0.17425,14.196617,121.106083,9.8,10878.956830066545,-34806.562002401035,5006.5,688.9,266.5,6.5,0.0,0.0,0.5271169354838716,5494.390331217643
349,0.17475,0.17475,14.194519,121.100876,8.1,8934.712402181347,-34720.44141276022,4983.0,685.2,206.0,7.400000000000091,0.0,0.0,0.719354838709676,5345.387114646977
350,0.17525,0.17525,14.189174,121.134483,7.800000000000001,13422.598327380312,-35700.34805731833,4941.5,678.75,126.0,10.150000000000034,0.0,0.0,0.5803030303030416,5484.964082059256
351,0.17575,0.17575,14.166880500000001,121.099392,10.1,9839.660407195828,-37723.70933478774,4987.0,680.6,179.0,3.7000000000000455,0.0,0.0,0.4162499999999997,5222.405782968239
352,0.17625,0.17625,14.16568,121.102623,9.1,10605.883653142577,-37297.72098241285,5060.0,679.7,152.0,18.5,0.0,0.0,1.0774193548387123,5580.989201719125
353,0.17675,0.17675,14.169617,121.075874,8.5,8006.1497358789875,-37856.14267534574,5006.0,692.6,137.0,9.299999999999956,0.0,0.0,0.6937500000000014,5566.478114664633
354,0.17725,0.17725,14.163565,121.091873,9.1,8860.855867068252,-37704.25019574667,5037.0,666.7,214.0,9.300000000000068,0.0,0.0,0.8999999999999773,5435.924905501499
355,0.17775,0.17775,14.171219,121.027573,8.1,1038.5872482903626,-37497.76093175279,5029.0,696.4,38.0,3.699999999999932,0.0,0.0,0.8967741935483856,543.5172761858024
356,0.17825,0.17825,14.1659255,121.1147465,8.65,11607.508763794625,-38048.398969069596,4964.5,686.1500000000001,213.5,8.350000000000023,0.0,0.0,0.618750000000011,5306.45178996498
357,0.17875,0.17875,14.170641,121.099701,7.2,10689.286331128136,-36933.72388726854,5063.5,681.55,141.0,15.750000000000057,0.0,0.0,0.8546874999999883,5474.773540683097
358,0.17925,0.17925,14.1633715,121.0903625,8.1,9172.141167973852,-39060.496589355185,4998.5,690.8,190.0,9.300000000000011,0.0,0.0,0.5767204301075257,5686.468475479007
359,0.17975,0.17975,14.167798999999999,121.064434,9.25,6368.714531472179,-37873.15552262154,5105.0,688.95,167.0,18.549999999999955,0.0,0.0,0.8983870967741833,5713.089841202732
360,0.18025,0.18025,14.16698,121.109116,7.5,10731.84630549347,-38089.42995367576,5037.0,688.9,129.0,12.899999999999975,0.0,0.0,0.9499999999999886,5560.511353054426
361,0.18075,0.18075,14.137253,121.074013,9.4,7723.875642959385,-40127.85816451688,5067.0,685.2,259.0,11.099999999999907,0.0,0.0,0.4624999999999986,5606.567212381728
362,0.18125,0.18125,14.1506235,121.078804,9.8,7327.244012606923,-39711.3213939619,5139.5,688.05,278.0,9.299999999999956,0.0,0.0,0.4554924242424263,5735.6490883623555
363,0.18175,0.18175,14.141024999999999,121.1108435,9.8,11208.706221625114,-40302.93481834454,5021.5,701.0,129.5,8.350000000000023,0.0,0.0,0.6461693548387086,5190.529924523291
364,0.18225,0.18225,14.119308,121.037872,7.8,2167.5128625402476,-43629.947216471985,5197.0,681.5,206.0,16.699999999999932,0.0,0.0,0.7531250000000007,5737.343599487486
365,0.18275,0.18275,14.137344,121.10585,9.1,11355.501127975163,-40095.05561584808,5174.0,664.9,168.0,14.899999999999975,0.0,0.0,0.8354838709677412,5566.958856646179
366,0.18325,0.18325,14.151946500000001,121.079117,9.4,7577.316077159245,-39831.30088553402,5166.5,690.8,251.5,8.349999999999966,0.0,0.0,0.49964717741935666,5781.282235008435
367,0.18375,0.18375,14.148743,121.038063,8.1,2170.3956188022344,-40183.789289874105,5098.0,685.2,243.0,9.299999999999956,0.0,0.0,0.5218750000000014,5457.733115028102
368,0.18425,0.18425,14.129837,121.061867,8.5,6556.496995155594,-40929.57469300059,5189.0,668.6,168.0,13.0,0.0,0.0,0.578125,5534.340560347581
369,0.18475,0.18475,14.1694,121.087261,9.25,8954.27204243987,-37893.83780754497,5159.0,686.1500000000001,125.0,10.19999999999999,0.0,0.0,0.4996471774193548,5511.968075397236
370,0.18525,0.18525,14.128166499999999,121.02300249999999,8.95,579.1291910015455,-41175.593808017205,5197.0,685.25,160.0,6.449999999999989,0.0,0.0,0.5803030303030228,5497.67768579744
371,0.18575,0.18575,14.139218,121.102394,9.8,10720.683454967508,-40580.86692138819,5121.0,688.9,138.0,3.7000000000000455,0.0,0.0,0.4484848484848471,5196.591846804741
372,0.18625,0.18625,14.111287,121.102386,9.1,9503.879417173992,-43350.5139798449,5159.0,685.2,282.0,12.900000000000093,0.0,0.0,0.4624999999999986,5820.617669904522
373,0.18675,0.18675,14.125534,121.098412,9.4,10354.996982151755,-41528.58259021846,5220.0,687.1,152.0,9.200000000000044,0.0,0.0,0.4484848484848471,5622.924294698852
374,0.18725,0.18725,14.131989,121.08979,8.5,7749.715853264545,-41972.473350511,5098.0,685.2,275.0,9.299999999999956,0.0,0.0,0.4031249999999993,5802.027757857808
375,0.18775,0.18775,14.140091,121.07666,8.8,8234.356476528288,-40060.02916557448,5204.0,685.2,137.0,13.0,0.0,0.0,0.7531250000000007,5658.728203529825
376,0.18825,0.18825,14.129163,121.10302,9.4,11045.53777478153,-41887.07552889173,5159.0,703.8,145.0,5.600000000000023,0.0,0.0,0.8393939393939374,5909.07554801605
377,0.18875,0.18875,14.1152725,121.075306,8.95,7891.35893289601,-42821.836970874676,5262.0,688.95,251.5,10.199999999999932,0.0,0.0,0.4136363636363636,5706.332347931106
378,0.18925,0.18925,14.128693,121.089233,9.4,7689.817847964309,-42157.83554926043,5166.0,700.1,251.0,12.899999999999975,0.0,0.0,0.5387096774193526,5888.139143589557
379,0.18975,0.18975,14.120317,121.075745,9.8,6184.0815816173235,-42741.609720486194,5334.0,700.1,282.0,7.399999999999977,0.0,0.0,0.4484848484848471,5891.718094898906
380,0.19025,0.19025,14.1132045,121.0998805,8.3,10205.057016145085,-43311.98488454442,5174.0,701.0,141.5,5.5,0.0,0.0,0.6057291666666629,5865.651990685856
381,0.19075,0.19075,14.1290815,121.056511,9.4,4583.020142012101,-42289.04574393572,5342.0,696.35,236.0,14.800000000000068,0.0,0.0,0.5874495967741935,5861.489755981526
382,0.19125,0.19125,14.11259,121.099785,10.1,10646.081782737709,-43038.61177979015,5258.0,696.4,266.0,13.0,0.0,0.0,0.5606060606060606,5823.890364188356
383,0.19175,0.19175,14.129418999999999,121.0789945,8.5,8247.911583582314,-41531.69605246528,5292.5,695.45,126.0,7.4499999999999895,0.0,0.0,0.4858585858585862,5340.236093670239
384,0.19225,0.19225,14.1275025,121.07601199999999,9.4,7268.385939455002,-42323.84980404894,5261.5,699.1500000000001,244.0,12.000000000000059,0.0,0.0,0.43391984359726393,5994.899206851558
385,0.19275,0.19275,14.128555,121.055794,8.8,4208.1809157092775,-42445.2748316638,5197.0,700.1,244.0,7.399999999999977,0.0,0.0,0.4624999999999986,6026.145098890758
386,0.19325,0.19325,14.099692000000001,121.09307849999999,8.95,9736.605058943134,-44735.28191153336,5277.0,694.5,152.5,8.350000000000023,0.0,0.0,0.530292338709677,5658.3532351579415
387,0.19375,0.19375,14.116128,121.100708,9.600000000000001,10622.61982367385,-43190.44866184915,5345.5,689.8499999999999,141.0,8.299999999999955,0.0,0.0,0.578125,5628.374588436131
388,0.19425,0.19425,14.0865135,121.106533,9.8,10484.133698187474,-45997.23487710385,5406.5,702.85,137.0,5.5499999999999545,0.0,0.0,0.5218749999999996,5580.121339630888
389,0.19475,0.19475,14.146912,121.061821,9.1,5790.67200681301,-40401.50925697159,5326.0,705.6,175.0,9.300000000000068,0.0,0.0,0.6000000000000227,5770.85501617024
390,0.19525,0.19525,14.113724,121.117783,9.8,11056.16987513452,-43723.23988878793,5380.0,707.5,183.0,7.399999999999977,0.0,0.0,0.4774193548387082,5869.046664569633
391,0.19575,0.19575,14.118256,121.070496,9.4,7575.747863032521,-43508.07740853585,5243.0,705.6,183.0,7.399999999999977,0.0,0.0,0.4774193548387119,6000.410239143002
392,0.19625,0.19625,14.09504,121.109306,10.1,11579.810215663532,-45496.80141851268,5418.0,690.8,275.0,11.100000000000025,0.0,0.0,0.4933333333333356,5736.875992096579
393,0.19675,0.19675,14.112963,121.083649,8.8,8914.842737735884,-43110.44380162087,5319.0,711.2,221.0,11.100000000000025,0.0,0.0,0.6727272727272741,6023.872050875632
394,0.19725,0.19725,14.0946875,121.0601995,9.25,5054.750576798944,-45535.05252611307,5296.0,703.8,164.0,7.449999999999933,0.0,0.0,0.4996471774193548,5905.093838672234
395,0.19775,0.19775,14.0978565,121.0821035,8.8,7654.457310979076,-45013.603197357865,5399.0,713.05,213.0,16.69999999999999,0.0,0.0,0.7449999999999989,6094.165086273416
396,0.19825,0.19825,14.073672,121.067215,9.1,7122.863873491732,-47566.03066657853,5334.0,704.7,237.0,11.150000000000034,0.0,0.0,0.5586363636363625,5877.148591673147
397,0.19875,0.19875,14.086801,121.084679,9.1,9075.496749960304,-46586.06842448044,5372.0,711.2,259.0,13.0,0.0,0.0,0.5606060606060606,6174.330176058801
398,0.19925,0.19925,14.070274,121.094337,9.1,9852.774318523212,-48068.41003907379,5540.0,707.5,213.0,3.7000000000000455,0.0,0.0,0.2818181818181839,5856.7095835318205
399,0.19975,0.19975,14.0828935,121.068844,9.8,7386.986294444604,-46834.20024602144,5356.5,708.4,209.5,12.949999999999989,0.0,0.0,0.5218749999999996,6107.35766294149
400,0.20025,0.20025,14.0808335,121.04476149999999,9.1,3644.4732020585607,-47444.32765126314,5627.5,703.8,266.5,12.950000000000045,0.0,0.0,0.46333333333333254,5988.3989521285885
401,0.20075,0.20075,14.0590865,121.0803225,8.65,8384.2743910578,-49220.89144815413,5307.5,710.25,213.0,8.349999999999966,0.0,0.0,0.4343749999999993,5852.8833484217375
402,0.20125,0.20125,14.10435,121.016632,9.8,-132.2860736637554,-45135.41740775376,5372.0,705.6,167.0,3.699999999999932,0.0,0.0,0.5218750000000014,5860.681982153673
403,0.20175,0.20175,14.058563,121.089767,8.8,8488.663813327272,-48959.860997305695,5296.0,700.1,198.0,14.799999999999956,0.0,0.0,0.5566666666666644,5728.390104535378
404,0.20225,0.20225,14.058632,121.0489735,9.95,4258.17856196368,-49416.0388139639,5334.0,710.25,118.0,4.649999999999977,0.0,0.0,0.3656989247311839,5641.104235698931
405,0.20275,0.20275,14.111481,121.0480195,9.45,4184.797979209428,-43658.579949632076,5410.0,703.8,274.0,7.400000000000034,0.0,0.0,0.2862215909090913,6111.430252377162
406,0.20325,0.20325,14.0585255,121.042217,9.8,2752.5522143232183,-49909.68937266088,5425.5,720.45,263.0,13.849999999999966,0.0,0.0,0.5550000000000012,6118.983169561478
407,0.20375,0.20375,14.067875,121.07714849999999,10.4,7574.1535028953585,-49074.22513732618,5528.5,706.55,270.5,9.200000000000044,0.0,0.0,0.3468750000000007,6065.974065707942
408,0.20425,0.20425,14.048534,121.055504,8.8,5828.461709262765,-50061.69304734001,5441.0,703.8,229.0,7.400000000000091,0.0,0.0,0.5606060606060606,5838.570336013186
409,0.20475,0.20475,14.056137,121.093391,10.1,9776.151863505387,-49939.15606892284,5433.0,714.9,252.0,11.100000000000025,0.0,0.0,0.40625,6201.26972723491
410,0.20525,0.20525,14.042832,121.055958,9.4,5925.637854663088,-50649.08105867377,5544.0,713.05,281.5,3.7000000000000455,0.0,0.0,0.34696969696969804,6036.456185033906
411,0.20575,0.20575,14.070484,121.1060525,9.1,11334.049160100196,-47993.79814023693,5441.0,706.55,267.0,7.399999999999977,0.0,0.0,0.4197916666666667,5950.088274840863
412,0.20625,0.20625,14.052979,121.081032,9.1,8686.102969763524,-50628.56556637047,5441.0,713.0,183.0,7.400000000000091,0.0,0.0,0.4625000000000021,5852.360991059369
413,0.20675,0.20675,14.114312,121.072227,8.5,5805.920434493305,-43117.4490916757,5448.0,716.7,221.0,9.300000000000068,0.0,0.0,0.6181818181818175,6146.965209233958
414,0.20725,0.20725,14.073184000000001,121.06517,9.8,6597.860998105658,-48090.53786004031,5410.0,707.5,297.5,7.449999999999989,0.0,0.0,0.3267708333333325,6232.951747727415
415,0.20775,0.20775,14.070250999999999,121.067539,8.95,6217.845850433924,-48534.484217872654,5516.5,706.55,251.5,6.499999999999943,0.0,0.0,0.46456500488758445,5927.233752605605
416,0.20825,0.20825,14.069275,121.055504,9.4,4064.106062353994,-49022.90860779842,5685.0,698.2,275.0,7.399999999999977,0.0,0.0,0.2466666666666659,6002.346494948838
417,0.20875,0.20875,14.06456,121.047127,9.1,4632.434774484125,-49330.918980045346,5525.0,718.6,274.0,11.100000000000025,0.0,0.0,0.3580645161290293,6319.724189337778
418,0.20925,0.20925,14.083518999999999,121.05398149999999,9.8,4665.276666420714,-46900.86169662173,5459.5,712.1,248.0,9.299999999999956,0.0,0.0,0.5983870967742049,6187.733904058543
419,0.20975,0.20975,14.05035,121.037369,9.4,2105.616903211673,-50632.90217449957,5349.0,718.6,274.0,7.400000000000091,0.0,0.0,0.3700000000000008,6336.5335149576995
420,0.21025,0.21025,14.061537999999999,121.0602265,8.8,5307.637260108695,-49599.78868404995,5509.0,710.25,247.5,5.550000000000011,0.0,0.0,0.43931451612903116,6305.658245794953
421,0.21075,0.21075,14.046239499999999,121.056179,9.1,5815.093739483167,-50933.24008621028,5494.0,712.1,270.5,9.199999999999989,0.0,0.0,0.34313446969696904,6195.936294634201
422,0.21125,0.21125,14.059067,121.065483,9.8,5125.343785332846,-49803.05329071694,5745.0,709.3,267.0,5.600000000000023,0.0,0.0,0.2999999999999985,5966.616174592071
423,0.21175,0.21175,14.0681565,121.0403175,8.8,2573.6446196619645,-48774.554396096864,5486.0,713.95,232.0,7.400000000000034,0.0,0.0,0.4902248289345078,6053.103572943341
424,0.21225,0.21225,14.058776,121.068665,9.1,5443.881379574708,-48928.392789600024,5502.0,713.0,244.0,5.5,0.0,0.0,0.4193548387096774,6045.985115165056
425,0.21275,0.21275,14.044345,121.045753,9.4,3026.189262880733,-50435.86449232578,5486.0,711.2,251.0,9.299999999999956,0.0,0.0,0.3468750000000007,6240.458327929513
426,0.21325,0.21325,14.037797999999999,121.0896455,9.8,9431.175879293569,-52520.883441784885,5467.5,706.55,267.0,5.550000000000011,0.0,0.0,0.3750000000000018,6102.11569246583
427,0.21375,0.21375,14.049957,121.08004,8.8,8579.649051179591,-50003.87160561859,5570.0,707.5,244.0,13.0,0.0,0.0,0.5967741935483871,6020.319916912396
428,0.21425,0.21425,14.0654755,121.067169,9.25,6238.191164057532,-49091.57156984233,5555.0,709.35,286.0,8.299999999999955,0.0,0.0,0.3580645161290311,6161.4011097892335
429,0.21475,0.21475,14.0583435,121.0020485,9.600000000000001,-1246.722988086551,-49637.483816249,5623.5,715.8,293.5,7.400000000000034,0.0,0.0,0.47791666666666693,6131.567970289549
430,0.21525,0.21525,14.015224499999999,121.08514,10.4,9178.095185213027,-53726.293709056394,5669.5,716.75,255.5,12.050000000000011,0.0,0.0,0.45549242424242453,6191.9826928072525
431,0.21575,0.21575,14.062065,120.9978065,8.95,-1209.5554261459483,-50098.22063119669,5532.0,720.4,305.5,8.350000000000023,0.0,0.0,0.3090909090909087,6320.612035985914
432,0.21625,0.21625,14.012878,121.076271,9.4,8059.43905619133,-53992.10554835459,5433.0,713.0,304.0,7.399999999999977,0.0,0.0,0.2875000000000014,6191.435516640739
433,0.21675,0.21675,14.027121,121.045326,9.4,4892.516310698951,-52820.331792853925,5547.0,724.1,251.0,11.100000000000025,0.0,0.0,0.430000000000003,6263.728916496306
434,0.21725,0.21725,14.006638,121.045868,9.8,4882.740432959575,-55761.99764043198,5631.0,722.3,282.0,11.100000000000025,0.0,0.0,0.3700000000000008,6169.106799864856
435,0.21775,0.21775,13.999770999999999,121.08430849999999,9.25,8899.598724192245,-56073.06587738513,5707.5,736.1500000000001,247.5,15.749999999999943,0.0,0.0,0.578125,6232.624697564724
436,0.21825,0.21825,14.0529255,121.06570049999999,9.4,6772.249359329371,-50151.64986724902,5532.5,718.6,282.0,13.0,0.0,0.0,0.4128024193548387,6283.705552018835
437,0.21875,0.21875,13.989832,121.0513535,9.8,5316.65886233385,-57182.68158303553,5665.5,713.95,251.0,5.550000000000011,0.0,0.0,0.37656250000000036,6117.218230889959
438,0.21925,0.21925,14.000519,121.061913,9.8,6321.977221115571,-56130.0533560046,5745.0,733.4,305.0,9.200000000000044,0.0,0.0,0.2787878787878801,6351.979356078752
439,0.21975,0.21975,14.032846,121.048218,9.8,4863.104263042016,-51866.05561428958,5624.0,716.7,266.0,5.600000000000023,0.0,0.0,0.2242424242424235,5941.896315604348
440,0.22025,0.22025,13.992485,121.087257,10.4,8745.29457264985,-56210.00261869245,5593.0,724.1,289.0,7.399999999999977,0.0,0.0,0.2818181818181839,6361.377478676585
441,0.22075,0.22075,14.020477,121.051987,9.4,3865.6616964357486,-54459.2360804157,5875.0,718.6,305.0,9.300000000000068,0.0,0.0,0.3500000000000014,6303.31752789866
442,0.22125,0.22125,13.984925,121.08156199999999,8.3,8556.92820268522,-58060.17755869866,5749.5,725.05,278.0,11.100000000000025,0.0,0.0,0.336363636363637,6340.614927769138
443,0.22175,0.22175,14.0150775,121.095146,8.5,10178.60420682278,-54360.10566638749,5669.5,720.4,252.0,6.499999999999943,0.0,0.0,0.3994318181818178,6034.3257401404135
444,0.22225,0.22225,14.055771,121.0438,9.1,2757.5489614617304,-50175.00083409791,5753.0,718.6,327.0,7.400000000000091,0.0,0.0,0.224242424242427,6463.156983341065
445,0.22275,0.22275,13.990677,121.073914,9.4,7934.944557633488,-56495.10680441159,5989.0,727.8,267.0,3.699999999999932,0.0,0.0,0.1806451612903233,6118.333738265052
446,0.22325,0.22325,14.002167,121.053993,9.8,3835.258721995568,-56688.69743909848,5700.0,727.8,298.0,9.299999999999956,0.0,0.0,0.2906249999999986,6374.897853494122
447,0.22375,0.22375,14.0068635,121.04909549999999,9.1,3333.2902883122324,-55296.479437034184,5669.5,730.6,282.0,7.400000000000034,0.0,0.0,0.2875366568914938,6347.2794086549
448,0.22425,0.22425,14.011459,121.053421,9.4,3886.222066224279,-55078.2590920757,5867.0,726.0,290.0,5.600000000000023,0.0,0.0,0.2242424242424235,6304.604230591528
449,0.22475,0.22475,14.018462,121.083351,8.95,8378.5749232508,-54687.63077521547,5985.5,722.3,282.0,9.25,0.0,0.0,0.28380681818181813,6352.387957058723
450,0.22525,0.22525,14.017856,121.060772,8.65,5820.297952074716,-54494.429323309596,5951.0,718.55,240.0,8.300000000000011,0.0,0.0,0.34687499999999893,6197.308075064678
451,0.22575,0.22575,13.99694,121.073334,9.95,7712.652599633024,-56420.439308034576,5635.0,726.9,282.5,11.100000000000025,0.0,0.0,0.34161931818181884,6367.469128747997
452,0.22625,0.22625,14.032091000000001,121.030617,9.600000000000001,1377.944567881873,-52655.98546426844,5741.5,726.9,266.5,9.25,0.0,0.0,0.3992424242424242,6348.133381156862
453,0.22675,0.22675,14.0122095,121.0378225,9.8,2138.754507837355,-54879.053105837535,5734.0,729.7,293.5,9.300000000000011,0.0,0.0,0.35843750000000074,6310.726006552871
454,0.22725,0.22725,14.0175685,121.04246900000001,8.1,4135.473109336676,-54781.25703277219,5871.0,734.3,274.5,13.899999999999977,0.0,0.0,0.4343749999999993,6445.10048207912
455,0.22775,0.22775,14.009407,121.04151150000001,9.4,3012.960544954066,-55598.87445772931,6050.5,727.8,297.5,11.099999999999907,0.0,0.0,0.3468749999999971,6408.141674771308
456,0.22825,0.22825,13.99891,121.065094,9.1,5084.400413512152,-55500.68920188319,5761.0,729.7,289.0,7.399999999999977,0.0,0.0,0.2466666666666697,6316.688056358544
457,0.22875,0.22875,13.980789,121.072937,10.1,7760.153029177952,-57514.7656901529,5624.0,727.8,281.0,11.100000000000025,0.0,0.0,0.3468750000000007,6359.870753404809
458,0.22925,0.22925,13.993975,121.042625,9.4,2650.7258470812058,-57156.8287268814,5784.0,733.4,282.0,7.399999999999977,0.0,0.0,0.2387096774193541,6237.861885411667
459,0.22975,0.22975,14.016739000000001,121.0200275,9.25,228.2290693506869,-54872.15901086303,5798.5,729.7,278.0,10.200000000000045,0.0,0.0,0.31874999999999964,6318.284419556603
460,0.23025,0.23025,13.9880165,121.080051,9.600000000000001,7664.3865731064325,-57014.27663402175,5745.5,716.75,289.5,8.349999999999966,0.0,0.0,0.2818181818181822,6354.112067755037
461,0.23075,0.23075,13.96204,121.078926,8.8,8028.153145293554,-59986.85471390494,5944.0,729.7,274.0,5.5,0.0,0.0,0.3468750000000007,6083.99576657972
462,0.23125,0.23125,13.9824825,121.06499099999999,8.8,6342.062025174015,-58000.41020307288,6062.0,724.15,293.5,12.949999999999989,0.0,0.0,0.40625,6291.392937306075
463,0.23175,0.23175,14.0050735,121.015186,8.95,-320.25495240076555,-55619.61234019289,5970.5,731.55,244.0,9.300000000000011,0.0,0.0,0.32499999999999996,6118.45120367238
464,0.23225,0.23225,13.997634999999999,121.0022315,9.95,-1708.716430132118,-56980.69571979124,5837.0,723.2,274.5,10.199999999999932,0.0,0.0,0.34161931818181884,6293.7186405963075
465,0.23275,0.23275,14.003984500000001,121.072231,9.25,7502.226941737159,-55773.67312385616,5898.0,729.7,278.5,10.199999999999989,0.0,0.0,0.3484374999999993,6236.852465837607
466,0.23325,0.23325,13.979279,121.08461,8.8,9037.540890702136,-57689.11957595901,5791.0,735.2,266.0,5.600000000000023,0.0,0.0,0.3500000000000014,6136.343697994358
467,0.23375,0.23375,13.99205,121.041397,8.8,3321.8043170277897,-57625.293599905286,5723.0,729.7,282.0,9.300000000000068,0.0,0.0,0.2846153846153881,6345.713735319317
468,0.23425,0.23425,13.9612885,121.097515,9.4,10314.113712685441,-60128.12806334172,5940.0,738.0,278.5,6.5,0.0,0.0,0.2312499999999993,6318.074978277115
469,0.23475,0.23475,13.978347,121.0684625,9.4,7150.08334093526,-58414.22269416207,5844.5,736.1500000000001,282.0,2.8000000000000114,0.0,0.0,0.11562499999999959,6381.876368436804
470,0.23525,0.23525,13.962455,121.03681950000001,9.75,2837.632955869891,-60059.46510129745,5890.5,725.05,305.0,7.399999999999977,0.0,0.0,0.2349798387096767,6403.736603498623
471,0.23575,0.23575,13.949843,121.102295,9.8,10970.56965350504,-61861.270181401705,5966.0,737.1,274.0,9.199999999999932,0.0,0.0,0.2874999999999978,6355.490537163272
472,0.23625,0.23625,13.959666,121.060173,9.95,6147.722272894634,-60261.84014732243,6058.0,732.45,282.0,7.399999999999977,0.0,0.0,0.2890624999999982,6412.3144646042465
473,0.23675,0.23675,13.9490245,121.10427849999999,8.95,10578.936076516038,-61305.07239007362,6008.5,731.5,259.0,10.149999999999977,0.0,0.0,0.3744868035190616,6245.542427330947
474,0.23725,0.23725,13.963204,121.062706,9.4,5308.891461170651,-60784.90180474093,5768.0,735.2,244.0,9.299999999999956,0.0,0.0,0.3468749999999971,6349.269906315778
475,0.23775,0.23775,13.9422315,121.077576,9.8,7775.384859407102,-62435.53717326749,6035.0,735.2,289.5,9.200000000000044,0.0,0.0,0.2846590909090909,6443.26407842835
476,0.23825,0.23825,13.9499675,121.068108,9.4,7364.4695282539615,-61802.78156919881,6020.0,738.0,285.5,4.599999999999966,0.0,0.0,0.2624999999999993,6332.115986268716
477,0.23875,0.23875,13.961151,121.073265,9.8,7569.441183613593,-60156.427211261376,5997.0,737.1,267.0,9.199999999999932,0.0,0.0,0.3939393939393939,6370.301616994198
478,0.23925,0.23925,13.967278499999999,121.05122,9.95,4552.175754934746,-59800.10257665266,6080.5,729.7,267.0,5.550000000000011,0.0,0.0,0.2349798387096767,6227.40479613704
479,0.23975,0.23975,13.940161,121.07859,8.8,8416.866066427065,-62113.57181845134,5936.0,731.5,297.0,5.5,0.0,0.0,0.1774193548387097,6424.789336199493
480,0.24025,0.24025,13.962204,121.075615,8.95,7680.738184696903,-59580.547890731585,6263.5,729.7,278.5,7.399999999999977,0.0,0.0,0.26424242424242317,6268.5938225974405
481,0.24075,0.24075,13.946445,121.03334,9.4,1996.6831503047547,-61915.42218547524,6035.0,737.1,266.0,5.600000000000023,0.0,0.0,0.2387096774193541,6273.688151326449
482,0.24125,0.24125,13.995558,121.027428,9.1,2540.677232795723,-57280.47765610089,6256.0,744.5,259.0,11.100000000000025,0.0,0.0,0.4193548387096774,6563.655169074116
483,0.24175,0.24175,13.95433,121.032715,8.8,3441.6540718425945,-60467.21746051381,6058.0,733.4,221.0,1.8999999999999773,0.0,0.0,0.0593749999999992,6219.471405982319
484,0.24225,0.24225,13.92694,121.042351,8.8,4177.918756890998,-63592.46638555761,6233.0,727.8,289.0,5.5,0.0,0.0,0.2312499999999993,6348.088103099627
485,0.24275,0.24275,13.9460725,121.040726,9.25,3193.932781442441,-63081.135809103704,6115.0,727.8,267.0,6.5,0.0,0.0,0.24268817204301,6250.466924566526
486,0.24325,0.24325,13.948746,121.043266,8.8,2738.0550834719324,-61204.10725722128,6226.0,733.4,259.0,5.5,0.0,0.0,0.2818181818181804,6132.1550928465895
487,0.24375,0.24375,13.975708,121.080231,8.5,7312.27705562799,-58469.709039198635,6058.0,727.8,274.0,9.300000000000068,0.0,0.0,0.3468750000000007,6311.190252407069
488,0.24425,0.24425,13.960807500000001,121.02754949999999,8.95,1284.238431281686,-61090.85506800354,6134.0,736.1500000000001,270.5,5.5,0.0,0.0,0.17760416666666665,6295.811435505591
489,0.24475,0.24475,13.958405,121.049118,10.1,3333.9575237714575,-60987.499240926285,6218.0,737.1,282.0,9.299999999999956,0.0,0.0,0.3099999999999985,6563.415135992932
490,0.24525,0.24525,13.962762,121.038624,8.8,3753.340721155101,-60567.404227804174,6138.0,737.05,266.5,10.199999999999932,0.0,0.0,0.3821572580645165,6298.267361802389
491,0.24575,0.24575,13.942978,121.04509,9.1,3946.365686544583,-62276.5838060737,6226.0,735.2,289.0,7.399999999999977,0.0,0.0,0.2387096774193541,6353.036375957587
492,0.24625,0.24625,13.916061,121.031166,8.8,3274.7511886719954,-66072.11667476519,6058.0,738.9,275.0,7.399999999999977,0.0,0.0,0.3499999999999978,6441.665490568851
493,0.24675,0.24675,13.943527,121.043221,8.8,4176.259358661382,-62529.4414185251,6119.0,740.8,236.0,9.300000000000068,0.0,0.0,0.4031249999999993,6448.777705450815
494,0.24725,0.24725,13.932164,121.008816,8.95,-980.0026853739644,-64271.36794792344,6050.0,737.05,271.0,5.5,0.0,0.0,0.18204301075268853,6389.517736680853
495,0.24775,0.24775,13.9466265,121.0754815,8.95,6856.20767863012,-62655.4810419696,6008.5,739.8499999999999,259.5,0.8999999999999772,0.0,0.0,0.0296874999999996,6403.9781393931235
496,0.24825,0.24825,13.944305499999999,121.03671299999999,9.1,3460.2613050258087,-62900.221413563515,6179.5,731.55,266.5,1.900000000000034,0.0,0.0,0.2008308895405666,6232.257485745131
497,0.24875,0.24875,13.958725,121.065239,8.5,7076.76928076462,-61012.62932905922,6302.0,737.1,252.0,9.300000000000068,0.0,0.0,0.40625,6463.7147405528585
498,0.24925,0.24925,13.936249,121.017677,9.1,-46.89122628168001,-63592.132800316824,6378.0,744.5,275.0,3.699999999999932,0.0,0.0,0.2466666666666659,6345.424648550948
499,0.24975,0.24975,13.9549025,121.0362815,8.5,2727.1337239205604,-61460.8566974806,6122.5,738.0,255.5,5.550000000000011,0.0,0.0,0.29531250000000214,6308.218574105709
500,0.25025,0.25025,13.919227,121.0614285,8.1,5024.866592276904,-65485.229041292696,6138.0,738.95,225.0,7.4500000000000455,0.0,0.0,0.4921874999999982,6316.802950195079
501,0.25075,0.25075,13.908183000000001,121.0573425,9.25,6118.229222920986,-65841.16449312029,6142.0,727.8,267.0,1.8999999999999773,0.0,0.0,0.2312499999999993,6021.144347077239
502,0.25125,0.25125,13.901367,121.039879,8.1,3837.1731572287913,-67639.85611097781,6126.0,740.8,251.0,12.899999999999975,0.0,0.0,0.4193548387096774,6268.081698322402
503,0.25175,0.25175,13.948334,121.046547,7.8,4583.128549856665,-62490.189555202545,6233.0,742.7,251.0,7.399999999999977,0.0,0.0,0.2387096774193541,6237.391375771646
504,0.25225,0.25225,13.933250000000001,121.05560299999999,9.4,5028.621688741815,-63470.48538254124,6183.5,735.25,270.0,8.300000000000068,0.0,0.0,0.3234375000000015,6413.676295380661
505,0.25275,0.25275,13.898543,121.041679,9.1,3883.780301457156,-68025.14706398686,6111.0,746.4,266.0,9.300000000000068,0.0,0.0,0.3363636363636336,6446.5193074450235
506,0.25325,0.25325,13.897452999999999,121.0541115,8.95,5410.481913616792,-66779.15059243029,6084.5,737.1,282.0,1.7999999999999543,0.0,0.0,0.05696022727272615,6372.40112210478
507,0.25375,0.25375,13.9123995,121.070534,8.65,7159.44771048591,-65800.6894839152,6313.0,743.6,266.5,2.8500000000000227,0.0,0.0,0.14879032258064478,6347.358199819137
508,0.25425,0.25425,13.889465,121.055504,7.8,5536.58035033691,-67886.48679893592,6378.0,735.2,274.0,9.300000000000068,0.0,0.0,0.3000000000000022,6463.3724181117395
509,0.25475,0.25475,13.907108,121.083115,8.5,7128.1352333227,-66182.75577959772,6180.0,751.9,221.0,5.5,0.0,0.0,0.2906250000000021,6583.405920804326
510,0.25525,0.25525,13.8984195,121.065384,9.1,6704.712851873666,-67817.76823935148,6187.5,740.8,262.5,5.600000000000023,0.0,0.0,0.2312499999999993,6431.310847493746
511,0.25575,0.25575,13.873963,121.047508,8.5,5107.951337021517,-69398.0727196305,6309.0,726.0,282.0,0.0,0.0,0.0,0.0,6213.245772147895
512,0.25625,0.25625,13.918095,121.080322,9.8,7944.249451112358,-65176.99627888539,6294.0,738.9,282.0,1.8999999999999773,0.0,0.0,0.1156250000000014,6538.948546867021
513,0.25675,0.25675,13.9039535,121.059067,7.949999999999999,6171.433046742144,-67054.52520862845,6229.5,738.9,267.0,7.399999999999977,0.0,0.0,0.23125000000000104,6445.498414359188
514,0.25725,0.25725,13.9388105,121.08049,8.95,7793.622719450956,-62188.96208284971,6183.5,742.7,270.5,4.650000000000034,0.0,0.0,0.26708333333333184,6552.22817878095
515,0.25775,0.25775,13.891001500000002,121.027218,9.1,1214.6113034540952,-68796.06255524603,6359.0,737.1,278.0,4.650000000000034,0.0,0.0,0.2096774193548387,6368.863032252995
516,0.25825,0.25825,13.882347,121.039551,8.5,3053.609371289259,-70072.35968616651,6431.5,748.2,255.5,7.399999999999977,0.0,0.0,0.2953125000000004,6439.5678995086255
517,0.25875,0.25875,13.8723115,121.0787205,8.95,7924.345129560257,-69619.96250223642,6153.5,744.5,275.0,7.399999999999977,0.0,0.0,0.22774621212121315,6528.001932410115
518,0.25925,0.25925,13.905922,121.0529745,8.1,3991.5415748767095,-66429.10847985512,6511.0,734.3,259.0,10.199999999999989,0.0,0.0,0.3819696969696954,6407.037968772856
519,0.25975,0.25975,13.930315,121.060253,7.65,6165.264810002925,-64242.568422142955,6385.5,730.6,255.0,9.299999999999956,0.0,0.0,0.2999999999999985,6231.374241609281
520,0.26025,0.26025,13.8582285,121.07150999999999,8.65,7398.157623478136,-72493.29897301109,6328.0,740.8,213.5,9.299999999999955,0.0,0.0,0.3765624999999986,6546.141973514051
521,0.26075,0.26075,13.856770000000001,121.0586625,7.949999999999999,6106.0976322292245,-71392.52327623908,6401.0,740.8,240.0,7.399999999999977,0.0,0.0,0.2862215909090895,6234.439257575868
522,0.26125,0.26125,13.897585,121.0459405,7.949999999999999,3717.7726179857227,-67296.65249583698,6301.5,735.25,262.5,3.6999999999999886,0.0,0.0,0.17078598484848345,6387.769466755741
523,0.26175,0.26175,13.903338,121.0484775,8.95,4396.917259694058,-67371.93156515513,6301.5,741.75,293.0,2.8000000000000114,0.0,0.0,0.141145833333334,6402.23707902063
524,0.26225,0.26225,13.914929,121.073959,8.1,7079.578141488532,-64954.82850857848,6332.0,751.9,259.0,7.399999999999977,0.0,0.0,0.2466666666666659,6551.181999004381
525,0.26275,0.26275,13.881812499999999,121.0226935,8.65,506.17970551991397,-68813.85376808353,6107.5,747.3,252.0,3.7000000000000455,0.0,0.0,0.32182459677419284,6494.437881099195
526,0.26325,0.26325,13.8582665,121.05431,8.5,4792.197669403991,-71809.56042465533,6469.5,727.8,266.5,4.650000000000034,0.0,0.0,0.3187500000000014,6192.209485872932
527,0.26375,0.26375,13.87603,121.042347,8.8,3294.5195939692276,-70346.56675402255,6465.5,741.7,266.5,1.900000000000034,0.0,0.0,0.23125000000000104,6282.028737088651
528,0.26425,0.26425,13.881592,121.062202,9.1,6047.037420554244,-68963.63354115786,6386.0,751.9,275.0,9.299999999999956,0.0,0.0,0.3468749999999971,6599.363955990509
529,0.26475,0.26475,13.911294999999999,121.06821049999999,7.65,6325.1112994971845,-65965.48059282142,6298.0,746.4,251.0,5.5499999999999545,0.0,0.0,0.26093750000000243,6479.874852547749
530,0.26525,0.26525,13.860371,121.023849,8.1,614.1834758209376,-72239.21821467749,6492.0,746.4,237.0,7.5,0.0,0.0,0.2906250000000021,6490.8351480509
531,0.26575,0.26575,13.87294,121.061241,8.1,6188.167617645318,-69513.04843259176,6401.0,748.2,244.0,9.300000000000068,0.0,0.0,0.4031249999999993,6477.763000424073
532,0.26625,0.26625,13.892585,121.058868,8.5,4735.8900365839845,-68591.79719285686,6477.0,750.1,229.0,5.600000000000023,0.0,0.0,0.1774193548387097,6410.573818421678
533,0.26675,0.26675,13.8852505,121.0541115,7.35,3895.8087940927726,-69116.97155680011,6641.0,746.35,232.0,10.19999999999999,0.0,0.0,0.4343749999999993,6417.518331550935
534,0.26725,0.26725,13.890862,121.044167,8.1,3919.3276980804176,-68839.87341685806,6325.0,748.2,259.0,7.399999999999977,0.0,0.0,0.2818181818181839,6420.299694259375
535,0.26775,0.26775,13.874336,121.048355,8.8,4750.0455617058815,-70275.40190267313,6713.0,720.4,251.0,5.5,0.0,0.0,0.171875,6275.837102637257
536,0.26825,0.26825,13.845657,121.045677,7.8,4842.529484015736,-72541.66883291285,6645.0,751.9,267.0,3.7000000000000455,0.0,0.0,0.2312499999999993,6502.658028607065
537,0.26875,0.26875,13.829681,121.061966,9.1,6245.378286790995,-74421.75524950115,6477.0,737.1,259.0,3.699999999999932,0.0,0.0,0.1156249999999978,6440.985577564872
538,0.26925,0.26925,13.84431,121.021652,8.1,373.3157750400909,-72691.89338630802,6454.0,746.4,259.0,5.600000000000023,0.0,0.0,0.2906249999999986,6344.022677634058
539,0.26975,0.26975,13.867538,121.045609,8.8,3001.4212077191337,-70677.37211771721,6386.0,750.1,267.0,7.399999999999977,0.0,0.0,0.2312499999999993,6628.184047323726
540,0.27025,0.27025,13.855774,121.047653,8.8,4982.451782057038,-71729.16638164611,6477.0,740.8,266.0,1.8999999999999773,0.0,0.0,0.0612903225806444,6397.81213438938
541,0.27075,0.27075,13.848267,121.062943,8.5,5575.636317864749,-73123.6638828551,6386.0,753.8,244.0,7.399999999999977,0.0,0.0,0.2387096774193541,6423.525957949791
542,0.27125,0.27125,13.859487000000001,121.0382465,9.25,2627.679444625606,-71696.19704035683,6743.5,752.8499999999999,243.5,2.7999999999999545,0.0,0.0,0.2049899193548369,6377.817636606723
543,0.27175,0.27175,13.853897,121.039368,8.1,3668.180806884396,-72966.87881972585,6454.0,746.4,251.0,7.399999999999977,0.0,0.0,0.2551724137931027,6526.692090230798
544,0.27225,0.27225,13.873044499999999,121.07557700000001,7.8,6969.079142133205,-70849.00172405771,6633.0,767.6500000000001,228.5,7.400000000000034,0.0,0.0,0.2587487781036154,6630.326281229378
545,0.27275,0.27275,13.8207645,121.0531005,8.95,4747.100362209574,-75708.39352288339,6633.0,744.5,243.5,1.7999999999999543,0.0,0.0,0.08508522727272545,6405.448104130258
546,0.27325,0.27325,13.855133,121.072983,8.1,6923.415970423567,-71751.07181245225,6538.0,738.9,243.0,5.600000000000023,0.0,0.0,0.2875000000000014,6451.246038534755
547,0.27375,0.27375,13.820382,121.051216,9.1,5074.906189460814,-75347.0095121242,6607.0,750.1,267.0,3.699999999999932,0.0,0.0,0.1749999999999971,6467.560550868516
548,0.27425,0.27425,13.849756,121.0642015,8.1,5717.940882340456,-72665.65134737286,6766.5,743.6,255.5,5.600000000000023,0.0,0.0,0.2312499999999993,6510.225568499785
549,0.27475,0.27475,13.830437,121.060806,9.1,6585.910520695639,-74428.76053955615,6431.0,742.7,236.0,5.5,0.0,0.0,0.1806451612903233,6516.534302360277
550,0.27525,0.27525,13.8674935,121.047283,8.8,4420.38390477489,-70905.65561743674,6503.5,753.75,270.5,2.749999999999943,0.0,0.0,0.1138731060606039,6591.617302682248
551,0.27575,0.27575,13.8434405,121.072926,7.949999999999999,7691.393805560272,-73608.86361545417,6553.5,746.35,240.0,12.050000000000011,0.0,0.0,0.46250000000000036,6449.905328977731
552,0.27625,0.27625,13.822384,121.071457,8.5,7188.9255912464905,-75394.48981138403,6546.0,731.5,251.0,1.8999999999999773,0.0,0.0,0.1696969696969703,6333.017665731589
553,0.27675,0.27675,13.863583,121.048027,8.8,3394.912891577884,-71597.28901648952,6774.0,750.1,267.0,3.7000000000000455,0.0,0.0,0.2312499999999993,6509.033226600869
554,0.27725,0.27725,13.846079,121.052574,8.5,4869.275612823542,-72956.98245758502,6462.0,755.6,236.0,1.8999999999999773,0.0,0.0,0.171875,6551.308271305935
555,0.27775,0.27775,13.837917000000001,121.05912000000001,7.8,5798.971643656125,-73472.70523970801,6313.0,746.35,259.0,5.550000000000011,0.0,0.0,0.35843750000000074,6487.699110735377
556,0.27825,0.27825,13.794479,121.063454,8.5,6214.116758117794,-80968.69918349109,6652.0,733.4,275.0,1.8999999999999773,0.0,0.0,0.1156249999999978,6415.895425637371
557,0.27875,0.27875,13.834877,121.0500375,7.8,4889.584268289327,-73769.70729901179,6610.5,768.6,228.5,8.299999999999955,0.0,0.0,0.28906249999999994,6664.494768162087
558,0.27925,0.27925,13.825978500000002,121.057827,8.1,5464.724659615907,-75401.71749159924,6545.5,761.2,255.0,5.600000000000023,0.0,0.0,0.17343750000000036,6585.396520822403
559,0.27975,0.27975,13.828807999999999,121.082081,7.5,8213.247423871248,-74987.73820788992,6488.0,743.6,213.5,1.7999999999999543,0.0,0.0,0.05606060606060495,6423.214240667687
560,0.28025,0.28025,13.850562,121.022079,8.8,461.4211862844696,-73462.25290216584,6530.0,733.4,282.0,7.399999999999977,0.0,0.0,0.2466666666666659,6527.227977487249
561,0.28075,0.28075,13.831042,121.032021,7.2,1498.364837277531,-74274.7553534326,6782.0,744.5,198.0,1.8999999999999773,0.0,0.0,0.1750000000000007,5861.665596441343
562,0.28125,0.28125,13.854551,121.0427095,8.8,2652.5381008510362,-72240.44136056003,6610.0,744.5,259.0,5.5,0.0,0.0,0.1790322580645165,6485.278332591062
563,0.28175,0.28175,13.818194,121.06914900000001,8.8,6885.27036622345,-75605.70486628769,6774.0,752.8499999999999,259.0,1.8999999999999773,0.0,0.0,0.0962158808933005,6298.292784603166
564,0.28225,0.28225,13.839294,121.043365,9.1,2893.112449802374,-74474.79530277272,6599.0,755.6,251.0,7.399999999999977,0.0,0.0,0.2312499999999993,6601.835276134971
565,0.28275,0.28275,13.868889,121.064461,7.8,5609.66920870343,-71299.39739654372,6523.0,751.9,274.0,0.0,0.0,0.0,0.0,6547.291095701909
566,0.28325,0.28325,13.822083,121.056786,8.1,6108.2502846051575,-75573.73628072084,6888.0,770.4,221.0,5.5,0.0,0.0,0.2967741935483849,6659.678177585061
567,0.28375,0.28375,13.822815,121.054657,7.2,5572.85944742497,-76003.50526582323,6728.0,753.8,229.0,7.400000000000091,0.0,0.0,0.25,6507.445871597142
568,0.28425,0.28425,13.825104,121.051102,8.5,4039.1371213671673,-75911.65812955039,6538.0,757.5,243.0,9.200000000000044,0.0,0.0,0.2818181818181804,6619.608701722408
569,0.28475,0.28475,13.833821499999999,121.01542699999999,8.3,-825.0821366163466,-74550.24116471116,6568.5,753.8,259.0,7.399999999999977,0.0,0.0,0.26864583333333225,6506.109970649265
570,0.28525,0.28525,13.771637,121.035568,6.8,3397.462722470309,-80772.32867179887,6919.0,776.0,236.0,12.900000000000093,0.0,0.0,0.4774193548387082,6741.190055361288
571,0.28575,0.28575,13.833252,121.012329,7.5,-615.3737449270308,-73918.8199016049,6957.0,755.6,228.0,5.600000000000023,0.0,0.0,0.2967741935483886,6399.621057515181
572,0.28625,0.28625,13.8367965,121.0399285,7.35,2715.7933765135463,-74828.45125545526,6702.0,766.7,244.0,3.7000000000000455,0.0,0.0,0.14452590420332456,6562.449976644137
573,0.28675,0.28675,13.815961,120.9952085,8.45,-2455.3511498088205,-76571.21174795539,6873.0,722.3,259.0,3.699999999999932,0.0,0.0,0.11905241935483685,6244.528332960674
574,0.28725,0.28725,13.81572,121.038208,8.1,2747.613537302146,-76438.38922461626,6584.0,746.4,244.0,1.8000000000000682,0.0,0.0,0.1666666666666666,6434.500308948566
575,0.28775,0.28775,13.8346035,121.03233700000001,7.65,2315.5835972116565,-74846.02007813248,6762.5,741.7,259.0,6.449999999999989,0.0,0.0,0.2349798387096767,6530.622085638963
576,0.28825,0.28825,13.805672,121.069046,7.2,6974.403501469414,-78313.36066751427,6759.0,750.1,236.0,-1.7999999999999543,0.0,0.0,-0.0575757575757568,6443.830248300374
577,0.28875,0.28875,13.8321315,121.03413,9.25,1771.4479228036978,-75228.92033691653,6827.5,758.4,267.0,1.8999999999999773,0.0,0.0,0.089364919354839,6570.829640311373
578,0.28925,0.28925,13.7919545,121.06711200000001,6.2,6293.317287861804,-78627.93154949509,6713.0,751.95,201.5,6.499999999999943,0.0,0.0,0.3985321969696966,6612.639890088806
579,0.28975,0.28975,13.8316245,121.027092,6.8,990.6206780376838,-75447.52986465569,6877.0,756.55,172.0,0.8999999999999772,0.0,0.0,0.02812499999999925,6549.093978221909
580,0.29025,0.29025,13.804047,121.036942,7.5,2085.967921809455,-78031.25874896199,6721.0,751.9,236.0,0.0,0.0,0.0,0.0,6450.960266547459
581,0.29075,0.29075,13.768383,121.054558,8.8,5857.393457959926,-81819.67513251852,6751.0,746.4,266.0,7.399999999999977,0.0,0.0,0.2242424242424235,6524.342244653032
582,0.29125,0.29125,13.782395,121.057678,7.5,5808.399642007809,-79568.6419282709,6767.0,750.1,236.0,1.8999999999999773,0.0,0.0,0.1121212121212135,6587.730809417106
583,0.29175,0.29175,13.78775,121.053612,8.5,5640.734320356594,-78977.19529650857,6797.0,746.4,244.0,7.399999999999977,0.0,0.0,0.2387096774193541,6528.641635947562
584,0.29225,0.29225,13.782531500000001,121.0778125,7.0,8287.13507293766,-80049.39385766044,6900.0,763.0,240.0,3.750000000000057,0.0,0.0,0.12301075268817385,6532.332121327428
585,0.29275,0.29275,13.809013499999999,121.0327185,6.5,1971.905051951116,-77170.60882795436,6930.0,762.1,232.0,0.9000000000000341,0.0,0.0,0.0596774193548376,6506.619732525427
586,0.29325,0.29325,13.743759,121.06708499999999,6.65,6971.830716733672,-84961.547722057,6869.5,758.4,244.5,5.550000000000011,0.0,0.0,0.22424242424242524,6599.776789818639
587,0.29375,0.29375,13.795212,121.011154,7.8,-739.4891483216604,-79269.6383575226,6721.0,746.4,274.0,1.8999999999999773,0.0,0.0,0.0612903225806444,6480.886509479252
588,0.29425,0.29425,13.805694500000001,121.08690250000001,8.8,8679.898276284152,-77258.73092903935,6819.5,745.45,236.5,5.5499999999999545,0.0,0.0,0.1762096774193534,6389.159934495921
589,0.29475,0.29475,13.7702215,121.0593985,7.65,5379.621430805179,-81027.74377109532,6686.5,743.5999999999999,244.0,3.7000000000000455,0.0,0.0,0.121344086021505,6486.47462653987
590,0.29525,0.29525,13.802307,121.037277,6.8,3598.963315392378,-78705.7681056583,6919.0,763.0,275.0,3.7000000000000455,0.0,0.0,0.1774193548387097,6626.60295626621
591,0.29575,0.29575,13.796064000000001,121.03998200000001,8.45,3933.202965856839,-78787.71887979057,6919.0,753.8,228.5,2.7999999999999545,0.0,0.0,0.0874999999999985,6543.047091149837
592,0.29625,0.29625,13.785281,121.039978,7.5,3834.1042876272086,-79347.47491368615,6774.0,763.0,221.0,11.100000000000025,0.0,0.0,0.3700000000000008,6487.524989492864
593,0.29675,0.29675,13.7921905,121.053215,6.8,5189.533659214924,-79676.00077823638,6991.5,748.2,232.0,5.600000000000023,0.0,0.0,0.20545454545454545,6472.9141944303
594,0.29725,0.29725,13.745782,121.04502099999999,7.8,4610.938033377248,-84030.01093740057,6793.5,747.3,236.0,3.7000000000000455,0.0,0.0,0.17343750000000036,6439.5896049638895
595,0.29775,0.29775,13.746511,121.03677350000001,4.2,2952.053927191614,-85039.66226592116,6847.0,738.0,202.0,1.900000000000034,0.0,0.0,0.260263929618769,6274.682500482495
596,0.29825,0.29825,13.7482955,121.05888,7.35,5478.9178262210135,-84103.34409281472,6797.0,742.6500000000001,259.0,1.7999999999999543,0.0,0.0,0.058475378787878,6507.135573623153
597,0.29875,0.29875,13.7572795,121.0381775,6.7,3245.3042240585664,-82358.19290608933,7010.0,768.55,217.0,6.449999999999989,0.0,0.0,0.3128314393939387,6511.50622502915
598,0.29925,0.29925,13.7708035,121.044235,6.050000000000001,4213.802334851738,-80872.68223170954,6812.0,745.45,229.0,0.0,0.0,0.0,0.0,6445.026514651428
599,0.29975,0.29975,13.779555,121.04409,7.5,3468.5413155208544,-80084.92068579503,7003.0,759.3,244.0,1.8000000000000682,0.0,0.0,0.1156250000000014,6523.755170329965
600,0.30025,0.30025,13.798735,121.051247,7.2,5031.361103937753,-79097.8419585619,6660.0,759.3,229.0,1.900000000000091,0.0,0.0,0.171875,6316.898139086499
601,0.30075,0.30075,13.7971985,121.057423,5.35,5916.764456287746,-78673.96631271175,7010.0,758.4000000000001,187.0,3.7000000000000455,0.0,0.0,0.17691532258064405,6685.741050776305
602,0.30125,0.30125,13.732259,121.051865,6.5,5192.782168737417,-86711.25790707178,6782.0,750.1,199.0,3.699999999999932,0.0,0.0,0.1806451612903233,6458.308740799345
603,0.30175,0.30175,13.78435,121.045708,7.2,4312.401410382649,-80702.38696633198,6949.0,751.9,229.0,3.800000000000068,0.0,0.0,0.1696969696969703,6374.417374403207
604,0.30225,0.30225,13.760911,121.056347,7.8,5271.660614480632,-82683.49411331277,6980.0,766.7,217.5,5.5,0.0,0.0,0.2890625000000018,6557.567663915264
605,0.30275,0.30275,13.772667,121.0429575,6.050000000000001,4280.353360655841,-81337.53326462585,6922.5,762.1,175.5,7.399999999999977,0.0,0.0,0.29151515151515145,6467.9985875215225
606,0.30325,0.30325,13.7571165,121.0243375,7.0,559.5593644019785,-83634.37884192992,6999.0,746.35,232.5,1.8999999999999773,0.0,0.0,0.22774621212121315,6360.290457307329
607,0.30375,0.30375,13.762284,121.046135,8.1,4091.977384293461,-83075.17878343507,6949.0,759.3,236.0,5.5,0.0,0.0,0.2242424242424235,6515.89113286072
608,0.30425,0.30425,13.786498,121.029274,6.2,1452.1058855764602,-80295.96894807795,7010.0,761.2,168.0,1.900000000000091,0.0,0.0,0.171875,6500.0241238228
609,0.30475,0.30475,13.768867499999999,121.05055999999999,7.5,4934.518765940626,-82131.02135717246,6961.0,758.4,259.0,1.7999999999999543,0.0,0.0,0.08670576735092894,6608.892540405644
610,0.30525,0.30525,13.757034,121.04277,6.2,2653.053441005485,-83850.6532729837,6972.0,763.0,198.0,1.8999999999999773,0.0,0.0,0.1666666666666666,6530.0710324600095
611,0.30575,0.30575,13.759212,121.05011,7.2,4411.659202109465,-83221.84509426336,6972.0,766.7,214.0,7.5,0.0,0.0,0.2787878787878801,6666.939736770867
612,0.30625,0.30625,13.762573,121.021599,7.5,412.85049768577454,-81794.87862962618,6797.0,763.0,228.0,3.7000000000000455,0.0,0.0,0.1666666666666666,6597.742504913139
613,0.30675,0.30675,13.7614935,121.03654449999999,7.65,3141.790584500486,-82559.9007816331,6964.5,764.9,232.5,1.8999999999999773,0.0,0.0,0.08606060606060785,6490.831180669295
614,0.30725,0.30725,13.7530355,121.0468445,5.85,4725.033511669577,-83490.38121302727,7109.5,767.6500000000001,186.5,2.8000000000000114,0.0,0.0,0.2943939393939393,6501.614146004744
615,0.30775,0.30775,13.767918,121.046745,6.5,4197.949687551495,-82535.99383938295,6949.0,753.8,190.0,0.0,0.0,0.0,0.0,6363.918743503437
616,0.30825,0.30825,13.77182,121.066879,6.8,5624.057556572022,-82130.13179653052,6995.0,763.0,221.0,3.699999999999932,0.0,0.0,0.1193548387096752,6571.779358084064
617,0.30875,0.30875,13.735709,121.05281450000001,8.1,5310.801636015507,-85388.92601293462,6941.5,763.0,217.5,0.0,0.0,0.0,0.0,6367.874290735284
618,0.30925,0.30925,13.7367505,121.04868350000001,7.65,4035.0703663653358,-84657.92955547941,7006.5,753.75,183.5,1.8500000000000227,0.0,0.0,0.087727272727273,6437.218483883541
619,0.30975,0.30975,13.7237775,121.041821,5.35,3344.5010467330144,-87446.25738741521,7010.0,749.1500000000001,103.0,-0.8999999999999772,0.0,0.0,-0.02903225806451535,6485.389695240674
620,0.31025,0.31025,13.746185,121.046349,6.5,3997.6259135800246,-84115.18636885911,7186.0,761.2,206.0,1.8999999999999773,0.0,0.0,0.2874999999999978,6499.519102415031
621,0.31075,0.31075,13.742477000000001,121.0396005,7.0,3797.714196169157,-85357.29101260813,7048.5,755.5999999999999,232.0,3.699999999999932,0.0,0.0,0.14717741935483797,6407.670606180291
622,0.31125,0.31125,13.7281495,121.06983199999999,6.8,7226.150630935703,-85651.90237768681,7010.0,761.2,217.5,2.8000000000000114,0.0,0.0,0.21100478468899636,6516.787099666702
623,0.31175,0.31175,13.702617,121.065025,6.5,5886.042669360415,-89756.77995958799,7010.0,746.4,175.0,-1.7999999999999543,0.0,0.0,-0.0575757575757568,6394.405614663521
624,0.31225,0.31225,13.728395,121.055077,5.5,5847.683358212852,-86693.24430407397,7003.0,759.3,175.0,1.7999999999999543,0.0,0.0,0.1696969696969703,6559.211676984636
625,0.31275,0.31275,13.7123805,121.045845,6.05,4280.151146568302,-88036.03609297407,7010.0,728.75,224.5,0.8999999999999772,0.0,0.0,0.0272727272727283,6324.067788111872
626,0.31325,0.31325,13.740312,121.043892,7.2,4145.65840546173,-85422.17334192435,7010.0,759.3,243.0,1.8999999999999773,0.0,0.0,0.0593749999999992,6457.412198786505
627,0.31375,0.31375,13.744036,121.050819,0.3,5403.573045418519,-85092.59112411224,7010.0,740.8,30.0,1.8999999999999773,0.0,0.0,0.1156250000000014,6290.174805454272
628,0.31425,0.31425,13.73291,121.039848,4.9,2887.7154088562365,-86386.67946786979,7140.0,759.3,84.0,1.8999999999999773,0.0,0.0,0.11212121212121,6477.388026569554
629,0.31475,0.31475,13.713981,121.0468215,6.65,4812.937969899694,-87410.28577895988,6949.5,746.35,220.5,1.7999999999999543,0.0,0.0,0.059375000000000996,6440.632142554406
630,0.31525,0.31525,13.6717495,121.041744,5.7,4023.4564270249903,-91950.60329505533,6999.0,756.55,198.0,0.9000000000000341,0.0,0.0,0.0296874999999996,6212.26344660844
631,0.31575,0.31575,13.709075,121.041916,5.5,3881.811688168147,-89081.60343240977,7323.0,750.1,213.0,1.8999999999999773,0.0,0.0,0.171875,6445.505863238165
632,0.31625,0.31625,13.689198,121.037819,5.5,3374.786894759184,-91162.50816390025,7049.0,750.1,205.0,3.699999999999932,0.0,0.0,0.1121212121212135,6478.123999752136
633,0.31675,0.31675,13.696667,121.04478449999999,5.050000000000001,4417.431582689278,-90453.58392987156,7353.0,768.6,179.0,5.5499999999999545,0.0,0.0,0.2072916666666663,6387.178432837776
634,0.31725,0.31725,13.727234,121.046547,4.6,4770.827797635653,-85758.3160694702,7018.0,748.2,191.0,1.8999999999999773,0.0,0.0,0.0593749999999992,6443.150739964247
635,0.31775,0.31775,13.718945,121.045425,5.2,4348.114781481872,-86952.99601149953,7010.0,729.7,152.0,1.8999999999999773,0.0,0.0,0.1193548387096788,6358.220131932496
636,0.31825,0.31825,13.653407999999999,121.0676115,5.2,6161.662675070001,-95279.78399724742,7132.5,760.25,114.5,1.8000000000000114,0.0,0.0,0.17083333333333367,6266.334316902951
637,0.31875,0.31875,13.729931,121.045242,5.5,4136.249220013362,-86747.0627229069,7018.0,766.7,198.0,1.8999999999999773,0.0,0.0,0.0826086956521729,6541.372820078084
638,0.31925,0.31925,13.701639499999999,121.042572,4.75,4127.556294365049,-88622.53454366591,7414.5,751.9,156.0,1.8999999999999773,0.0,0.0,0.17343750000000036,6323.596819367578
639,0.31975,0.31975,13.699533,121.039032,3.3,3888.723387561295,-89287.42552592227,7018.0,751.9,15.0,0.0,0.0,0.0,0.0,6373.36842597112
640,0.32025,0.32025,13.693574,121.05127,6.2,5374.892409550666,-89484.35201301592,7285.0,761.2,205.0,3.7000000000000455,0.0,0.0,0.2312500000000028,6322.184517666274
641,0.32075,0.32075,13.727138,121.038834,6.5,3557.366404924033,-87062.96794585067,7010.0,753.8,152.0,3.699999999999932,0.0,0.0,0.1233333333333348,6420.5385508474465
642,0.32125,0.32125,13.694595,121.050728,4.9,5515.1757149764735,-90444.07675051132,7010.0,744.5,182.0,3.7000000000000455,0.0,0.0,0.2466666666666659,6404.657804685153
643,0.32175,0.32175,13.706076,121.040634,4.4,3677.7703645131205,-88410.4299281204,7022.0,775.05,53.5,1.8999999999999773,0.0,0.0,0.1430107526881727,6492.3126706820885
644,0.32225,0.32225,13.681796,121.041481,4.6,3681.281507963179,-91328.1888334485,7102.0,763.0,198.0,3.699999999999932,0.0,0.0,0.1750000000000007,6436.212234049594
645,0.32275,0.32275,13.689081,121.039383,5.550000000000001,3713.5779664859924,-90622.48925674608,7014.0,751.0,15.0,0.0,0.0,0.0,0.0,6353.529317108766
646,0.32325,0.32325,13.680166,121.053238,5.2,4032.458226560541,-91439.93988908317,7170.0,737.1,76.0,0.0,0.0,0.0,0.0,6290.66826017781
647,0.32375,0.32375,13.682323499999999,121.034943,5.050000000000001,2835.040101216924,-91589.27488183648,7250.5,752.8499999999999,160.0,3.699999999999932,0.0,0.0,0.15901442307692654,6388.467693213461
648,0.32425,0.32425,13.678093,121.052502,4.4,4828.541114119673,-91170.2362219767,7082.5,747.3,41.5,1.7999999999999543,0.0,0.0,0.19696969696969696,5929.186474020216
649,0.32475,0.32475,13.697319,121.0386505,6.65,3528.240171320289,-89899.05406474695,7086.5,779.7,190.5,3.6999999999999886,0.0,0.0,0.1749999999999971,6730.481763137819
650,0.32525,0.32525,13.636641,121.041145,4.6,3963.931970545597,-96033.5198486103,7018.0,748.2,84.0,0.0,0.0,0.0,0.0,6403.412439521257
651,0.32575,0.32575,13.674179,121.03595,4.9,2028.175451493899,-91601.72873082272,7178.0,764.9,23.0,1.7999999999999543,0.0,0.0,0.0580645161290344,6541.147928593862
652,0.32625,0.32625,13.6036795,121.03694899999999,3.4,3567.273191739493,-102291.18978137293,7033.5,751.0,15.0,0.0,-1.0,-0.1255040322580645,0.0,4377.896563175803
653,0.32675,0.32675,13.665639500000001,121.0457725,2.1,4619.8872881157895,-95047.99785250082,7403.0,759.3,15.5,1.8999999999999773,0.0,0.0,0.08670576735092894,5951.982487686263
654,0.32725,0.32725,13.6419,121.037582,5.5,3559.5074252774557,-96546.12916848708,7010.0,746.4,145.0,1.8000000000000682,0.0,0.0,0.0599999999999984,6393.404039750176
655,0.32775,0.32775,13.5650895,121.042332,2.95,4317.2294407097825,-105262.60031291355,7200.5,763.95,15.0,0.0,0.0,0.0,0.0,6029.943092819182
656,0.32825,0.32825,13.645066,121.041634,0.3,3810.906455407433,-94845.17802615458,7018.0,748.2,15.0,0.0,0.0,0.0,0.0,6229.08994198084
657,0.32875,0.32875,13.602564000000001,121.038296,4.6,3748.7175472079075,-101418.08601137926,7322.5,732.45,15.0,1.8999999999999773,-1.0,-0.41666666666666663,0.2550189393939397,690.5338975654531
658,0.32925,0.32925,13.65028,121.041115,1.0,3877.6048842202895,-95601.52696190312,7338.0,759.3,46.0,0.0,0.0,0.0,0.0,6111.340119736076
659,0.32975,0.32975,13.586755499999999,121.04091249999999,2.9499999999999997,4070.7165578047725,-103634.20396043357,7060.0,738.0,19.5,0.0,0.0,0.0,0.0,3650.5982820771524
660,0.33025,0.33025,13.66759,121.0427585,0.85,3961.517232774299,-93677.12930584162,7136.0,734.3,8.0,1.8000000000000114,0.0,0.0,0.0553977272727276,6087.32010468495
661,0.33075,0.33075,13.639023,121.040878,5.2,3995.469349817775,-95513.57165343844,7087.0,751.9,15.0,0.0,0.0,0.0,0.0,4691.522780624525
662,0.33125,0.33125,13.588623,121.042679,0.7,4016.753739001016,-103606.57198299513,7468.0,763.0,23.0,1.7999999999999543,0.0,0.0,0.0575757575757568,6168.503589244413
663,0.33175,0.33175,13.597092,121.040688,0.3,4094.340080370957,-100166.97456613168,7117.0,733.4,0.0,1.8999999999999773,-1.0,-0.1935483870967742,0.1156250000000014,1259.961138233184
664,0.33225,0.33225,13.546026000000001,121.042351,4.9,4148.454962885344,-107786.11706127334,7323.0,760.25,8.0,0.0,-2.0,-0.5,0.0,476.8276073633284
665,0.33275,0.33275,13.58107,121.043804,0.7,4519.551563099002,-104788.90927111873,7219.5,753.75,7.5,0.0,-1.0,-0.1655913978494623,0.0,1181.2259838818527
666,0.33325,0.33325,13.633009,121.047882,5.5,4569.092857520571,-96196.531836233,7018.0,748.2,16.0,0.0,0.0,0.0,0.0,5754.52319154746
667,0.33375,0.33375,13.529068,121.043098,0.7,4224.929364817599,-109658.36422470555,7201.0,744.5,7.0,0.0,-1.0,-0.5,0.0,529.9148651095336
668,0.33425,0.33425,13.587621,121.045425,2.0,4419.341192743695,-102067.63207256317,7330.0,746.4,8.0,0.0,0.0,0.0,0.0,573.2456605076777
669,0.33475,0.33475,13.573772,121.04442599999999,0.5,4422.223413080981,-104834.22126631375,7128.5,740.8,8.0,0.8999999999999772,-1.0,-0.17741935483870963,0.02812499999999925,4065.081321638197
670,0.33525,0.33525,13.621375,121.04681400000001,1.3,4546.140851383359,-99150.87392295778,7132.0,763.0,8.0,0.8999999999999772,-1.0,-0.04838709677419349,0.02727272727272655,6181.7184833478295
671,0.33575,0.33575,13.54834,121.046844,0.3,4659.765972633768,-105627.3201760796,7483.0,726.0,15.0,0.0,0.0,0.0,0.0,561.569442925039
672,0.33625,0.33625,13.5441285,121.0443305,0.3,4332.180069104004,-108379.28721677937,7174.5,747.3,8.0,0.0,-1.0,-0.11088709677419355,0.0,2722.5742990989324
673,0.33675,0.33675,13.519855,121.0431175,0.3,4128.706134989023,-110898.9121373308,7277.0,761.1500000000001,4.0,0.0,-1.0,-0.2774621212121212,0.0,552.492335359676
674,0.33725,0.33725,13.620186,121.047123,2.5999999999999996,4692.361313615103,-97665.085260877,7197.0,751.0,11.5,0.0,0.0,0.0,0.0,3614.985437009088
675,0.33775,0.33775,13.5246025,121.04543699999999,0.3,4333.092359426564,-111032.84661147223,7399.0,751.95,0.0,0.0,-1.0,-0.03125,0.0,546.3946063443907
676,0.33825,0.33825,13.532549,121.045097,2.3,4579.23981365786,-109730.19624653627,7292.0,750.1,15.0,0.0,-1.0,-0.5,0.0,522.4467673091532
677,0.33875,0.33875,13.532549,121.045174,0.3,4302.501233277397,-109199.57332366188,7292.0,755.6,7.0,0.0,0.0,0.0,0.0,1843.8557947048123
678,0.33925,0.33925,13.588412,121.04924,0.3,4497.595752208347,-102853.55889965389,7186.0,764.9,7.0,0.0,0.0,0.0,0.0,5851.382860942797
679,0.33975,0.33975,13.525846,121.045044,0.3,4302.483886628184,-109647.57830192268,7361.0,757.5,8.0,0.0,0.0,0.0,0.0,563.933221507159
680,0.34025,0.34025,13.548191,121.048859,4.6,4718.680623260944,-106317.06325876784,7414.0,777.8,16.0,0.0,-1.0,-0.03125,0.0,3694.732052214438
681,0.34075,0.34075,13.579792999999999,121.0493965,0.3,4705.197998286592,-103975.01688134912,7220.0,743.5999999999999,11.5,0.0,-0.5,-0.01515151515151515,0.0,528.3222600619638
682,0.34125,0.34125,13.521097,121.045135,2.9,4621.2567276769805,-111314.28135954312,7468.0,777.8,15.0,0.0,-1.0,-0.3333333333333333,0.0,559.93340713473
683,0.34175,0.34175,13.5891295,121.05145999999999,0.3,4971.583434200693,-102333.72189956225,7281.0,745.45,0.0,0.0,0.0,0.0,0.0,543.4323778928929
684,0.34225,0.34225,13.5180025,121.045292,0.3,4442.821964222247,-111199.13885396146,7589.5,770.4,8.0,1.7999999999999543,-1.0,-0.5,0.0553977272727258,528.0965152743514
685,0.34275,0.34275,13.594528,121.042252,0.3,4079.3386225984696,-101813.55131422984,7353.0,735.2,0.0,0.0,0.0,0.0,0.0,5938.484505645359
686,0.34325,0.34325,13.515884,121.045135,0.3,4375.74252282183,-111675.66537030225,7529.0,751.9,0.0,0.0,-1.0,-0.1290322580645161,0.0,478.81555530213257
687,0.34375,0.34375,13.511536,121.049721,0.3,4765.4107893817845,-112341.27912058022,7384.0,768.6,0.0,0.0,-1.0,-0.5,0.0,549.7014081622712
688,0.34425,0.34425,13.521842,121.048233,0.3,4473.048168929843,-110547.591281333,7315.0,744.5,0.0,0.0,0.0,0.0,0.0,532.0042917781692
689,0.34475,0.34475,13.511719,121.04689,1.6,4588.976735748472,-111937.75217441254,7353.0,774.1,7.0,0.0,-1.0,-0.3333333333333333,0.0,540.6595417371525
690,0.34525,0.34525,13.522265,121.048073,0.0,4679.831165058546,-110328.25898557248,7334.5,755.6,0.0,1.7999999999999543,-1.0,-0.032258064516129,0.05781249999999885,535.5478893124927
691,0.34575,0.34575,13.513641,121.041252,0.0,3999.4591564913417,-110973.57963370772,7186.0,751.9,0.0,0.0,0.0,0.0,0.0,546.9467265731314
692,0.34625,0.34625,13.511128500000002,121.04620349999999,0.3,4561.45434713079,-111393.22986650889,7471.5,757.45,0.0,0.0,-1.0,-0.1818181818181818,0.0,525.9407971861276
693,0.34675,0.34675,13.513229,121.048859,0.3,4699.113160262054,-111479.73963893074,7193.0,740.8,7.0,0.0,0.0,0.0,0.0,519.0507636934066
694,0.34725,0.34725,13.5139305,121.0427705,0.3,4211.503880486223,-109959.86968475874,7498.0,753.8,0.0,0.0,-1.0,-0.17439516129032256,0.0,545.2547427018696
695,0.34775,0.34775,13.50943,121.047989,0.3,4356.216396353613,-112415.5574341762,7430.0,748.2,0.0,0.0,-1.0,-0.4074074074074074,0.0,502.2614379403221
696,0.34825,0.34825,13.536857000000001,121.04643250000001,1.0,4509.590543616781,-108607.79310665902,7456.0,764.9,15.0,0.0,0.0,0.0,0.0,575.7420065180478
697,0.34875,0.34875,13.505665,121.0519755,0.15,4733.815406890542,-112247.98644826427,7590.0,758.4,0.0,0.0,-1.0,-0.0317540322580645,0.0,500.4915292069584
698,0.34925,0.34925,13.5039195,121.0466615,0.3,4367.741331406507,-112625.10456287647,7361.0,762.1,0.0,0.0,-1.0,-0.5,0.0,486.72983332178353
699,0.34975,0.34975,13.512131,121.044281,0.3,4562.629274499276,-111587.932451998,7574.0,763.0,0.0,0.0,0.0,0.0,0.0,486.81469138028785
700,0.35025,0.35025,13.5096455,121.04599,0.3,4424.868630298721,-112049.78121774792,7345.5,762.0999999999999,0.0,0.0,0.0,0.0,0.0,481.2254875856364
701,0.35075,0.35075,13.506705499999999,121.04646299999999,0.3,4545.268911918703,-112103.71083166117,7586.0,759.35,0.0,0.0,-1.0,-0.1489583333333333,0.0,490.3498015976062
702,0.35125,0.35125,13.497071,121.0500375,0.0,4808.117020615586,-112396.54307545614,7487.0,759.3,0.0,0.0,-0.5,-0.0333333333333333,0.0,504.44466740038814
703,0.35175,0.35175,13.505356,121.051552,0.0,4742.879832804215,-113226.83673955996,7551.0,761.2,0.0,0.0,-1.0,-0.3333333333333333,0.0,522.9747501986081
704,0.35225,0.35225,13.495171,121.04894300000001,0.0,4807.617484716051,-113762.68583120513,7456.5,751.0,0.0,0.0,-1.0,-0.34523809523809523,0.0,499.1258270037688
705,0.35275,0.35275,13.492813,121.052856,0.3,5213.794861008598,-113040.2513949279,7292.0,766.7,0.0,0.0,0.0,0.0,0.0,538.3542923749129
706,0.35325,0.35325,13.509227,121.047798,0.3,4697.6704056170465,-110989.814115422,7483.0,742.7,0.0,0.0,0.0,0.0,0.0,506.525999537896
707,0.35375,0.35375,13.509972,121.045425,0.0,4540.990128033065,-112101.0977472757,7452.0,759.3,0.0,0.0,-1.0,-0.0909090909090909,0.0,531.5532174404324
708,0.35425,0.35425,13.502747,121.051071,0.3,4873.090439061511,-111974.78013613066,7323.0,753.8,0.0,0.0,-1.0,-0.2424242424242424,0.0,488.26652883079623
709,0.35475,0.35475,13.4958765,121.050201,0.3,4984.349833272385,-113551.24838614138,7437.0,753.8,0.0,0.0,-1.0,-0.2583333333333333,0.0,472.030565559657
710,0.35525,0.35525,13.5099095,121.0524485,0.3,4985.803817122936,-111514.54369904377,7357.0,751.9,0.0,0.0,-1.0,-0.41666666666666663,0.0,508.6370209901571
711,0.35575,0.35575,13.5111135,121.04676799999999,0.3,4676.666002595099,-111682.33707511626,7384.0,749.1500000000001,0.0,0.0,-1.0,-0.2833333333333333,0.0,529.6106126136316
712,0.35625,0.35625,13.510117,121.048805,0.3,4597.111767103031,-111712.58213694002,7612.0,766.7,0.0,0.0,-1.0,-0.1875,0.0,545.0226565734234
713,0.35675,0.35675,13.504315,121.046711,0.3,4376.098370544803,-112069.79633218987,7547.5,780.6,0.0,0.0,-1.0,-0.5,0.0,505.1205571467856
714,0.35725,0.35725,13.501556,121.048363,0.3,4840.124986051271,-112449.47193364748,7475.0,770.4,0.0,0.0,-1.0,-0.5,0.0,498.7315973332653
715,0.35775,0.35775,13.514770500000001,121.0487635,0.15,4283.157983751327,-110192.04501228634,7601.0,760.25,0.0,0.0,-1.0,-0.03128054740957965,0.0,524.496210719098
716,0.35825,0.35825,13.503966,121.053139,0.3,5144.720195959606,-112432.90386669245,7536.0,751.9,0.0,0.0,-1.0,-0.1333333333333333,0.0,505.5063609764561
717,0.35875,0.35875,13.502151,121.050438,0.3,4918.959048991697,-111842.45799065262,7430.0,755.6,0.0,0.0,-1.0,-0.4166666666666667,0.0,523.6721219419588
718,0.35925,0.35925,13.5053415,121.046341,0.0,4488.939346518919,-110667.0147975037,7620.0,751.9,0.0,0.0,0.0,0.0,0.0,493.6059392695089
719,0.35975,0.35975,13.5103,121.044945,0.3,4240.316452622399,-111066.09394046212,7460.0,753.8,0.0,0.0,-1.0,-0.21875,0.0,543.7731984183366
720,0.36025,0.36025,13.4988755,121.055515,0.0,4913.589462779149,-112300.58172121484,7559.0,749.15,0.0,0.0,-1.0,-0.18229166666666666,0.0,510.137085888645
721,0.36075,0.36075,13.505859,121.049774,0.3,5233.88690235779,-111361.76165880296,7612.0,766.7,0.0,0.0,-1.0,-0.2258064516129032,0.0,554.5982591752716
722,0.36125,0.36125,13.496429,121.049675,0.0,4981.088654237643,-111616.73197777833,7513.0,753.8,0.0,0.0,-1.0,-0.3225806451612903,0.0,503.267999042106
723,0.36175,0.36175,13.502663,121.048355,0.0,4384.849161286437,-111712.47094185988,7612.0,746.4,0.0,0.0,-1.0,-0.5,0.0,496.81225078430185
724,0.36225,0.36225,13.502619,121.0448535,0.3,4592.265442672252,-111546.95706493201,7620.0,755.65,0.0,0.0,-1.0,-0.3778947368421053,0.0,496.51919676137834
725,0.36275,0.36275,13.492886500000001,121.0484965,0.0,4988.452352152036,-112424.28624797438,7463.5,735.25,0.0,0.0,-1.0,-0.46739130434782605,0.0,484.81541382165847
726,0.36325,0.36325,13.5013635,121.0476495,0.3,4692.460335301205,-112046.16737764036,7521.0,761.2,0.0,0.0,0.0,0.0,0.0,512.8455178334056
727,0.36375,0.36375,13.497345,121.0492745,0.3,4689.496717874999,-112281.45616741438,7620.0,751.95,0.0,0.0,-1.0,-0.5,0.0,475.568508039014
728,0.36425,0.36425,13.51472,121.04187,0.0,4392.355726800994,-109912.0002027183,7460.0,753.8,0.0,0.0,-1.0,-0.4545454545454545,0.0,498.77672049449313
729,0.36475,0.36475,13.496371,121.047653,0.0,4666.540635146684,-112333.49546496384,7620.0,761.2,0.0,0.0,0.0,0.0,0.0,509.4843279853093
730,0.36525,0.36525,13.503139000000001,121.04523449999999,0.3,4447.311684883587,-111523.71729316308,7578.0,753.75,0.0,1.7999999999999543,-1.5,-0.5,0.1157380254154444,492.4338903883368
731,0.36575,0.36575,13.509459,121.04646299999999,0.0,4526.855217775921,-111507.76079914969,7612.0,761.2,0.0,0.0,-1.0,-0.2557603686635944,0.0,514.7637584184399
732,0.36625,0.36625,13.486509,121.053848,0.0,5313.360820091736,-113230.06139688675,7620.0,759.3,0.0,0.0,-1.0,-0.5,0.0,519.369995833727
733,0.36675,0.36675,13.504807,121.044037,0.0,4467.9952650145215,-110876.61752374406,7551.0,742.7,0.0,0.0,-1.0,-0.5,0.0,496.7701208693639
734,0.36725,0.36725,13.497763500000001,121.0478135,0.0,4795.793783183702,-112441.63268049089,7620.0,765.8,0.0,0.0,-1.0,-0.21875,0.0,489.40731105517494
735,0.36775,0.36775,13.496634499999999,121.0453795,0.3,4511.091669846051,-112305.52990228523,7604.5,751.0,0.0,0.0,-1.0,-0.5,0.0,474.85642583674166
736,0.36825,0.36825,13.503708,121.044289,0.3,4349.382999303467,-111119.46757897412,7605.0,755.6,0.0,0.0,-1.0,-0.5,0.0,472.46623346741166
737,0.36875,0.36875,13.496006,121.048378,0.3,4757.210128254766,-111902.50333397849,7620.0,761.2,0.0,0.0,-1.0,-0.5,0.0,501.14447778890786
738,0.36925,0.36925,13.496658,121.048973,0.0,4589.844091874836,-112168.48196589715,7620.0,757.5,0.0,0.0,-1.0,-0.5,0.0,479.68066360299406
739,0.36975,0.36975,13.500359,121.04521550000001,0.3,4372.993140878547,-111883.65576787907,7612.0,768.55,0.0,0.0,-2.0,-0.5,0.0,499.61102365018064
740,0.37025,0.37025,13.498306,121.045532,0.0,4571.768958865173,-111838.56616284444,7620.0,746.4,0.0,0.0,-2.0,-0.5,0.0,492.12780564406233
741,0.37075,0.37075,13.496521,121.048927,0.0,4636.982713465838,-111988.56832607948,7620.0,764.9,0.0,0.0,-1.0,-0.5,0.0,499.1189663039534
742,0.37125,0.37125,13.495193,121.048035,0.3,4773.708367466913,-112155.47214150986,7612.0,735.2,0.0,0.0,-1.0,-0.5,0.0,480.1845805857216
743,0.37175,0.37175,13.487841,121.05097549999999,0.0,4881.378910432222,-113342.14603776211,7616.0,746.4,0.0,0.0,-1.0,-0.5,0.0,490.0828042195492
744,0.37225,0.37225,13.493774,121.048424,0.0,4815.756525924402,-112433.57103717416,7612.0,766.7,0.0,0.0,-1.0,-0.5,0.0,475.800765297994
745,0.37275,0.37275,13.485352,121.051125,0.0,4779.041124485843,-113144.21879494656,7605.0,746.4,0.0,0.0,-1.0,-0.5,0.0,463.00264209407567
746,0.37325,0.37325,13.497665,121.044571,0.0,4458.820273436032,-112238.20128120376,7574.0,753.8,0.0,0.0,-1.0,-0.4761904761904761,0.0,497.4951443790948
747,0.37375,0.37375,13.4899075,121.0487635,0.0,4795.364137413919,-112792.89793894868,7616.0,752.85,0.0,0.0,-1.0,-0.45416666666666666,0.0,515.6386982351631
748,0.37425,0.37425,13.491211,121.048569,0.3,4791.652652534937,-112703.8862772216,7620.0,761.2,0.0,0.0,-1.0,-0.3333333333333333,0.0,497.72612023613823
749,0.37475,0.37475,13.493678,121.044571,0.0,4419.213208660141,-112640.28269132834,7620.0,761.2,0.0,0.0,-1.0,-0.5,0.0,485.1759995105717
750,0.37525,0.37525,13.485767,121.050686,0.0,4942.279978991134,-113081.89395247556,7620.0,764.9,0.0,0.0,-1.0,-0.3333333333333333,0.0,507.3223547033032
751,0.37575,0.37575,13.4908155,121.047508,0.0,4738.525001740974,-112645.78684779964,7620.0,754.7,0.0,0.0,-1.0,-0.5,0.0,467.74238867503686
752,0.37625,0.37625,13.4927455,121.048477,0.0,4482.171524487141,-112484.44278638091,7620.0,751.95,0.0,0.0,-1.0,-0.5,0.0,471.74330007440506
753,0.37675,0.37675,13.488138,121.048546,0.0,4809.170285603414,-113234.509200096,7391.0,748.2,0.0,0.0,-1.0,-0.5,0.0,512.7731887496269
754,0.37725,0.37725,13.491806,121.048233,0.0,4698.01819297994,-112611.92794586842,7620.0,763.0,0.0,0.0,-1.0,-0.3333333333333333,0.0,479.44965768349215
755,0.37775,0.37775,13.48474,121.049683,0.0,4960.41216336217,-113446.89180334238,7620.0,763.0,0.0,0.0,-1.0,-0.5,0.0,493.8162992595609
756,0.37825,0.37825,13.487859,121.048569,0.0,4640.9047803041,-113000.2211660438,7612.0,748.2,0.0,0.0,-1.0,-0.5,0.0,488.1905105703053
757,0.37875,0.37875,13.488129,121.051834,0.0,5109.498494384912,-113277.59729368659,7620.0,761.2,0.0,0.0,-1.0,-0.5,0.0,474.52208628488927
758,0.37925,0.37925,13.482147,121.049484,0.0,4776.107690723952,-113357.93573915536,7605.0,748.2,0.0,0.0,-1.0,-0.5,0.0,469.5421528427652
759,0.37975,0.37975,13.491071999999999,121.05100250000001,0.0,4921.738953827602,-113004.50217663319,7620.0,763.0,0.0,0.0,-1.0,-0.3333333333333333,0.0,537.0762477838842
760,0.38025,0.38025,13.4878465,121.051464,0.0,4937.4686152410595,-113494.87248046296,7620.0,747.3,0.0,0.0,-1.0,-0.5,0.0,455.78968847517723
761,0.38075,0.38075,13.488602,121.048737,0.0,4625.054512065188,-113356.71259327274,7620.0,772.3,0.0,0.0,-1.0,-0.5,0.0,488.80234261862057
762,0.38125,0.38125,13.4864505,121.0514105,0.0,4980.081495382114,-113420.31617916636,7620.0,763.95,0.0,0.0,-1.0,-0.5,0.0,488.4756820544695
763,0.38175,0.38175,13.483855,121.04953,0.3,4800.106720416462,-113999.30896194228,7620.0,753.8,0.0,0.0,-1.0,-0.34375,0.0,479.1442406892383
764,0.38225,0.38225,13.4869535,121.05011,0.0,4757.022013130169,-113283.71302309955,7620.0,762.1,0.0,0.0,-1.0,-0.5,0.0,491.7239550332859
765,0.38275,0.38275,13.48494,121.05352,0.0,4928.917675323864,-113983.6304556296,7620.0,748.2,0.0,0.0,-1.0,-0.3333333333333333,0.0,482.91782100941754
766,0.38325,0.38325,13.486739,121.049488,0.0,4800.208744636364,-112989.99121866237,7620.0,748.25,0.0,0.0,-1.0,-0.4018817204301075,0.0,495.2099733932522
767,0.38375,0.38375,13.479492,121.053192,0.0,4734.8368523324,-114319.9955733359,7620.0,757.5,0.0,0.0,-1.0,-0.5,0.0,496.3348406554296
768,0.38425,0.38425,13.4934965,121.045654,0.0,4209.447761820577,-112970.9212624027,7620.0,750.05,0.0,0.0,-1.0,-0.5,0.0,469.72712018165396
769,0.38475,0.38475,13.480453,121.052238,0.0,4900.85373696374,-114127.85047469228,7620.0,774.1,0.0,0.0,-1.0,-0.5,0.0,483.9144069098829
770,0.38525,0.38525,13.488373,121.050301,0.0,4455.111803987257,-113085.6189876636,7620.0,740.8,0.0,0.0,-1.0,-0.5,0.0,460.5929522063588
771,0.38575,0.38575,13.488321,121.0482485,0.0,4424.835882950631,-113474.35698815982,7620.0,751.0,0.0,0.0,-1.0,-0.5,0.0,480.95930648556464
772,0.38625,0.38625,13.479492,121.052612,0.0,4856.559485939509,-113991.41411124576,7612.0,744.5,0.0,0.0,-1.0,-0.5,0.0,470.9583902934155
773,0.38675,0.38675,13.495762,121.04893150000001,0.0,4292.263639400535,-112422.61832177089,7620.0,758.4,0.0,0.0,-1.0,-0.5,0.0,509.50893298815026
774,0.38725,0.38725,13.485809,121.047699,0.0,4397.266064601421,-113484.25335030058,7620.0,750.1,0.0,0.0,-1.0,-0.5,0.0,480.77706290128555
775,0.38775,0.38775,13.481528,121.0520935,0.0,4788.921172385488,-113942.71066610346,7620.0,756.55,0.0,0.0,-1.0,-0.3333333333333333,0.0,477.69627197501086
776,0.38825,0.38825,13.489256000000001,121.0466995,0.0,4340.42406709808,-113325.68916588771,7620.0,757.5,0.0,0.0,-1.0,-0.5,0.0,486.1253549899066
777,0.38875,0.38875,13.482193,121.052612,0.0,4583.280544090181,-113996.75147509688,7620.0,759.3,0.0,0.0,-1.0,-0.4583333333333333,0.0,472.5160076125548
778,0.38925,0.38925,13.4833435,121.0498735,0.0,4483.0026166644075,-113527.84182175205,7620.0,751.0,0.0,0.0,-2.0,-0.5,0.0,477.1021261701842
779,0.38975,0.38975,13.489442,121.049004,0.0,4490.191555273615,-113299.66951711304,7620.0,759.3,0.0,0.0,-1.0,-0.5,0.0,478.3026988675403
780,0.39025,0.39025,13.478735,121.050346,0.0,4678.037906827857,-113934.37103508587,7620.0,750.1,0.0,0.0,-1.0,-0.5,0.0,456.46594431346256
781,0.39075,0.39075,13.481432,121.0504685,0.0,4453.333228077466,-114276.79628466527,7620.0,760.25,0.0,0.0,-1.0,-0.5,0.0,480.1899730746656
782,0.39125,0.39125,13.487533500000001,121.048832,0.0,4292.6062437434975,-113475.63573158254,7620.0,744.55,0.0,0.0,-1.0,-0.5,0.0,469.4213020905533
783,0.39175,0.39175,13.481947,121.053993,0.0,4871.5035201459605,-114016.21061413792,7620.0,764.9,0.0,0.0,-1.0,-0.5,0.0,479.49216306316055
784,0.39225,0.39225,13.478897,121.050865,0.0,4336.4232608592865,-114296.97819172744,7620.0,759.3,0.0,0.0,-1.0,-0.5,0.0,480.6141977383024
785,0.39275,0.39275,13.488949,121.046169,0.0,4243.508415909337,-113251.74443753227,7620.0,748.2,0.0,0.0,-1.0,-0.5,0.0,457.0283713655731
786,0.39325,0.39325,13.477386,121.053665,0.0,4878.058595918714,-114353.02051216534,7620.0,759.3,0.0,0.0,-1.0,-0.5,0.0,498.50588345347205
787,0.39375,0.39375,13.482366,121.050209,0.0,4294.901879484379,-114017.21136985991,7620.0,751.9,0.0,0.0,-1.0,-0.5,0.0,479.8648383151675
788,0.39425,0.39425,13.485485,121.049385,0.0,4290.351025912842,-113632.69878241222,7620.0,755.6,0.0,0.0,-1.0,-0.5,0.0,473.0721949610514
789,0.39475,0.39475,13.476608,121.052292,0.0,4600.615408459234,-114750.2093387594,7620.0,766.7,0.0,0.0,-1.0,-0.5,0.0,474.5770952810195
790,0.39525,0.39525,13.479034,121.052383,0.0,4729.2082315119615,-114432.96977485302,7612.0,757.5,0.0,0.0,-1.0,-0.5,0.0,453.6660068485218
791,0.39575,0.39575,13.478897,121.05146,0.0,4636.061339910251,-114233.04102059356,7620.0,755.6,0.0,0.0,-1.0,-0.5,0.0,463.74385007740034
792,0.39625,0.39625,13.4802505,121.05331050000001,0.0,4660.775640400867,-114035.94774087943,7620.0,748.25,0.0,0.0,-1.0,-0.5,0.0,466.0282155371093
793,0.39675,0.39675,13.474313,121.053101,0.0,4663.116066227781,-114747.65185191415,7620.0,755.6,0.0,0.0,-1.0,-0.5,0.0,468.15363972891635
794,0.39725,0.39725,13.4802935,121.050617,0.0,4775.7611586463045,-114031.3887425898,7620.0,753.8,0.0,0.0,-1.0,-0.5,0.0,468.7360554483152
795,0.39775,0.39775,13.475104,121.053627,0.0,4770.429307944326,-114968.7076714184,7620.0,761.2,0.0,0.0,-1.0,-0.3333333333333333,0.0,490.4323092573096
796,0.39825,0.39825,13.4756395,121.053406,0.0,4542.676834501091,-114445.53481891958,7620.0,751.9,0.0,0.0,-1.0,-0.5,0.0,470.1737845604779
797,0.39875,0.39875,13.478861,121.0510945,0.0,4720.869165542246,-114078.31306644838,7620.0,763.0,0.0,0.0,-1.0,-0.5,0.0,460.6607638943054
798,0.39925,0.39925,13.469879,121.058495,0.0,5057.80945561567,-115205.55319231546,7620.0,755.6,0.0,0.0,-1.0,-0.3333333333333333,0.0,478.5360994269642
799,0.39975,0.39975,13.471193,121.056221,0.0,5107.696297703143,-115286.0584304051,7620.0,757.5,0.0,0.0,-1.0,-0.5,0.0,490.1270759876201
800,0.40025,0.40025,13.4745225,121.0558855,0.0,4841.266879915951,-114734.97561276745,7620.0,748.2,0.0,0.0,-1.0,-0.3563218390804598,0.0,462.57292525192173
801,0.40075,0.40075,13.467632,121.059864,0.0,5290.978152808237,-115698.87016577211,7620.0,751.0,0.0,0.0,-1.0,-0.16761363636363635,0.0,472.3823334379754
802,0.40125,0.40125,13.474871,121.056076,0.0,5222.291820630391,-114610.21473274547,7620.0,759.3,0.0,0.0,-1.0,-0.5,0.0,476.99794502436794
803,0.40175,0.40175,13.472763,121.055649,0.0,4807.546083783229,-115090.5774793542,7620.0,755.6,0.0,0.0,-1.0,-0.3333333333333333,0.0,503.2567296211713
804,0.40225,0.40225,13.4657705,121.05993649999999,0.0,5570.044107112817,-115783.60081690992,7620.0,750.1,0.0,0.0,-1.0,-0.2701612903225806,0.0,492.2324424391821
805,0.40275,0.40275,13.472305,121.055557,0.0,4715.953459223273,-115212.89206761109,7620.0,755.6,0.0,0.0,-1.0,-0.5,0.0,461.8153271936174
806,0.40325,0.40325,13.466119,121.061424,0.0,5449.655683410733,-115757.97035091605,7620.0,750.1,0.0,0.0,-1.0,-0.09375,0.0,489.52294147607125
807,0.40375,0.40375,13.467935,121.058594,0.0,5159.847482675334,-115476.75799300543,7620.0,759.3,0.0,0.0,-1.0,-0.3333333333333333,0.0,457.9872556826108
808,0.40425,0.40425,13.4690765,121.0583535,0.0,4927.3927073449795,-115536.13616585002,7620.0,754.7,0.0,0.0,-1.0,-0.21344086021505376,0.0,477.6379783571198
809,0.40475,0.40475,13.464351,121.059631,0.0,5163.989657418107,-115659.89629014971,7620.0,751.9,0.0,0.0,0.0,0.0,0.0,466.5146091761334
810,0.40525,0.40525,13.466446,121.061287,0.0,5028.234438068218,-115844.48012333763,7620.0,759.3,0.0,0.0,0.0,0.0,0.0,492.52693413143254
811,0.40575,0.40575,13.462887,121.061264,0.0,5164.773193407733,-115735.11976192781,7620.0,748.2,0.0,0.0,-1.0,-0.14479166666666665,0.0,485.41957659461804
812,0.40625,0.40625,13.463512,121.061523,0.0,5343.589232166102,-116106.56692744812,7620.0,753.8,0.0,0.0,-1.0,-0.0625,0.0,482.5190508738049
813,0.40675,0.40675,13.462627999999999,121.0612105,0.0,5328.965382505862,-115963.2920665672,7620.0,762.1,0.0,0.0,-1.0,-0.24926686217008795,0.0,487.0150891226358
814,0.40725,0.40725,13.460073999999999,121.064152,0.0,5567.409805440193,-116235.99800083999,7620.0,737.1,0.0,0.0,-1.0,-0.2424242424242424,0.0,478.6305928028291
815,0.40775,0.40775,13.465316999999999,121.0614855,0.0,5013.781342326014,-115627.98330212288,7620.0,758.4,0.0,0.0,-1.0,-0.30952380952380953,0.0,481.4850582232266
816,0.40825,0.40825,13.4608825,121.063675,0.0,5392.507285081991,-116002.93311267042,7620.0,750.1,0.0,0.0,-0.5,-0.01666666666666665,0.0,460.550775180694
817,0.40875,0.40875,13.45942,121.06414,0.0,5355.867935750232,-116432.3685125324,7620.0,746.4,0.0,0.0,-1.0,-0.2666666666666666,0.0,468.83053468437737
818,0.40925,0.40925,13.457926,121.0654945,0.0,5957.704031281613,-116180.51165580325,7620.0,759.3,0.0,0.0,0.0,0.0,0.0,490.95730197525336
819,0.40975,0.40975,13.4619505,121.0624005,0.0,5310.167565945339,-116091.94477439727,7620.0,758.4,0.0,0.0,0.0,0.0,0.0,485.0382226596149
820,0.41025,0.41025,13.459877,121.0666615,0.0,5928.431800921526,-116258.84858982779,7620.0,750.1,0.0,0.0,0.0,0.0,0.0,480.4295932709995
821,0.41075,0.41075,13.459717,121.065193,0.0,5504.046475038606,-116591.37747726626,7620.0,764.9,0.0,0.0,0.0,0.0,0.0,482.5841760632391
822,0.41125,0.41125,13.459076,121.066399,0.0,5864.706232324267,-116455.60828430096,7620.0,744.5,0.0,0.0,-1.0,-0.2121212121212121,0.0,462.7785866429471
823,0.41175,0.41175,13.45767,121.065556,0.0,5648.601514039083,-116422.19416269087,7620.0,759.3,0.0,0.0,0.0,0.0,0.0,466.1198737857279
824,0.41225,0.41225,13.456855999999998,121.06988899999999,0.0,5775.1884429357,-116664.76623022038,7620.0,751.0,0.0,0.0,-1.0,-0.2061491935483871,0.0,494.94990748354985
825,0.41275,0.41275,13.4612755,121.06412850000001,0.0,5404.551812875806,-116520.9353939383,7620.0,754.7,0.0,0.0,0.0,0.0,0.0,487.74552070047685
826,0.41325,0.41325,13.462488,121.063515,0.0,5765.857961222613,-116353.6423957268,7620.0,746.4,0.0,0.0,-1.0,-0.3214285714285714,0.0,473.46656930629655
827,0.41375,0.41375,13.455322500000001,121.0698165,0.0,6001.788917240454,-117221.35320432932,7620.0,758.4,0.0,0.0,0.0,0.0,0.0,476.5750209134337
828,0.41425,0.41425,13.4692845,121.06062700000001,0.0,4991.167437235282,-115540.69516413947,7620.0,759.3,0.0,0.0,-1.0,-0.3333333333333333,0.0,501.572711461838
829,0.41475,0.41475,13.450151,121.068947,0.0,6714.483566402903,-116954.09582898812,7620.0,748.2,0.0,0.0,-1.0,-0.3333333333333333,0.0,472.8589537635536
830,0.41525,0.41525,13.458252,121.065262,0.0,5440.651489403968,-116489.63397885274,7620.0,757.5,0.0,0.0,0.0,0.0,0.0,493.63628073252806
831,0.41575,0.41575,13.44666,121.076767,0.0,7016.358704612996,-117799.06724368254,7620.0,753.8,0.0,0.0,0.0,0.0,0.0,489.4500140542713
832,0.41625,0.41625,13.461044,121.063797,0.0,5270.67621118763,-116361.09246610291,7620.0,753.8,0.0,0.0,-1.0,-0.064516129032258,0.0,476.3626625798248
833,0.41675,0.41675,13.4521825,121.069023,0.0,5766.7610951191255,-116821.16211056887,7620.0,751.9,0.0,0.0,-1.0,-0.3333333333333333,0.0,502.7592258902383
834,0.41725,0.41725,13.4526895,121.0697095,0.0,6249.885063903988,-117196.22311619658,7620.0,760.25,0.0,0.0,-1.0,-0.17456140350877192,0.0,526.9361359094678
835,0.41775,0.41775,13.464752,121.064087,0.0,5234.033035651919,-116227.21358950128,7620.0,751.9,0.0,0.0,-1.0,-0.4166666666666667,0.0,486.6698913363726
836,0.41825,0.41825,13.4535825,121.0770415,0.0,7345.15817842762,-116811.3213459681,7620.0,763.0,0.0,0.0,-1.0,-0.030776515151515152,0.0,512.1472274130355
837,0.41875,0.41875,13.453125,121.06749,0.0,5670.348283362833,-116998.12908076037,7620.0,751.9,0.0,0.0,-1.0,-0.032258064516129,0.0,485.1348621448435
838,0.41925,0.41925,13.45369,121.06823,0.0,6092.87018971698,-116986.23120717535,7620.0,761.2,0.0,0.0,-1.0,-0.15625,0.0,484.4366948445018
839,0.41975,0.41975,13.457228,121.067184,0.0,6528.894401961735,-116569.80563170087,7620.0,763.0,0.0,0.0,-1.0,-0.3571428571428571,0.0,499.1611382998364
840,0.42025,0.42025,13.4481035,121.075256,0.0,7413.705027741488,-117643.83891167652,7620.0,755.6,0.0,0.0,0.0,0.0,0.0,519.2624865607802
841,0.42075,0.42075,13.445125,121.097084,0.0,8629.79421871315,-117850.55056583088,7620.0,748.2,0.0,0.0,-0.5,-0.032258064516129,0.0,504.9993374051858
842,0.42125,0.42125,13.453267499999999,121.067665,0.0,6541.62470485284,-117558.16310235682,7620.0,751.9,0.0,0.0,0.0,0.0,0.0,536.1401603414259
843,0.42175,0.42175,13.454338,121.07059849999999,0.0,6939.12863322378,-117208.84375780312,7620.0,757.5,0.0,0.0,0.0,0.0,0.0,474.4142717412136
844,0.42225,0.42225,13.431624,121.081978,0.0,8100.969293088096,-118728.43572427442,7620.0,751.9,0.0,0.0,-1.0,-0.09375,0.0,480.146215790364
845,0.42275,0.42275,13.458529,121.067604,0.0,5820.980446631163,-116905.94835924708,7620.0,744.5,0.0,0.0,0.0,0.0,0.0,475.30385534249046
846,0.42325,0.42325,13.441589,121.080414,0.0,8488.762595408949,-117932.16775472212,7620.0,757.5,0.0,0.0,-1.0,-0.1612903225806451,0.0,477.7258577160816
847,0.42375,0.42375,13.450745,121.074593,0.0,6764.198615880675,-117787.28056517804,7620.0,746.4,0.0,0.0,0.0,0.0,0.0,526.6503837630701
848,0.42425,0.42425,13.446581,121.073074,0.0,7582.892701006204,-117956.74186745365,7620.0,742.7,0.0,0.0,-1.0,-0.1333333333333333,0.0,488.85690654821855
849,0.42475,0.42475,13.448053,121.08245099999999,0.0,8720.081785535145,-118046.80988244305,7620.0,750.1,0.0,0.0,0.0,0.0,0.0,493.17730566880334
850,0.42525,0.42525,13.445755,121.079849,0.0,7801.988086905576,-118194.921729314,7620.0,740.8,0.0,0.0,0.0,0.0,0.0,470.41751749134625
851,0.42575,0.42575,13.441452,121.10109349999999,0.0,9001.57748611354,-118798.59981990192,7620.0,748.25,0.0,0.0,-1.0,-0.2921401515151515,0.0,495.82693820062536
852,0.42625,0.42625,13.449188,121.0745925,0.0,6465.347146174963,-117483.44000843985,7620.0,753.8,0.0,0.0,0.0,0.0,0.0,523.1680522490176
853,0.42675,0.42675,13.408447,121.108116,0.0,11135.807973701068,-122490.94365413664,7620.0,748.2,0.0,0.0,-1.0,-0.0333333333333333,0.0,497.48520062836064
854,0.42725,0.42725,13.436512,121.097237,0.0,9317.642893030068,-119358.2446587171,7620.0,753.8,0.0,0.0,0.0,0.0,0.0,492.4673039506108
855,0.42775,0.42775,13.441235500000001,121.0806085,0.0,7892.006022294764,-118861.6474303942,7620.0,749.1500000000001,0.0,0.0,-1.0,-0.0473790322580645,0.0,483.56068061015554
856,0.42825,0.42825,13.424675,121.111763,0.0,10287.551468291575,-119930.67693175939,7620.0,755.6,0.0,0.0,0.0,0.0,0.0,483.33820160227026
857,0.42875,0.42875,13.4419325,121.093487,0.0,8425.96115752807,-117873.40115481877,7620.0,761.15,0.0,0.0,0.0,0.0,0.0,468.3221542188161
858,0.42925,0.42925,13.442947,121.0968975,0.0,9257.74096022217,-118500.54140733591,7620.0,736.1500000000001,0.0,0.0,-1.0,-0.1270772238514174,0.0,505.26828142368754
859,0.42975,0.42975,13.396133,121.107208,0.0,11235.948833725824,-122713.88979000472,7620.0,751.9,0.0,0.0,0.0,0.0,0.0,517.4239892478641
860,0.43025,0.43025,13.429482499999999,121.0921285,0.0,7900.906006411862,-119945.52147497071,7620.0,751.0,0.0,0.0,0.0,0.0,0.0,515.8523229559859
861,0.43075,0.43075,13.401133,121.11039,0.0,10644.365156841191,-122427.00648300225,7620.0,755.6,0.0,0.0,0.0,0.0,0.0,491.4919531121817
862,0.43125,0.43125,13.427216,121.092255,0.0,8713.4851573531,-120428.16372072446,7620.0,744.5,0.0,0.0,0.0,0.0,0.0,488.7443917086912
863,0.43175,0.43175,13.3965,121.120598,0.0,11972.979714520308,-123022.51173519288,7620.0,754.7,0.0,0.0,-1.0,-0.06107954545454545,0.0,514.2131541601163
864,0.43225,0.43225,13.400894,121.104187,0.0,9398.914602716472,-122527.52683553348,7620.0,744.5,0.0,0.0,-1.0,-0.3333333333333333,0.0,502.2140964938555
865,0.43275,0.43275,13.404577,121.114326,0.0,10398.713764330583,-122958.40777143852,7620.0,753.8,0.0,0.0,0.0,0.0,0.0,530.7193711085358
866,0.43325,0.43325,13.393777,121.114532,0.0,10796.52210164329,-124138.85474319756,7620.0,759.3,0.0,0.0,0.0,0.0,0.0,504.01316883324984
867,0.43375,0.43375,13.373434,121.12822,0.0,11925.694260946044,-126195.18536195652,7620.0,751.9,0.0,0.0,0.0,0.0,0.0,530.766358219308
868,0.43425,0.43425,13.391342999999999,121.12111300000001,0.0,11797.069386539126,-123814.77668185695,7620.0,750.1,0.0,0.0,0.0,0.0,0.0,516.0502311823718
869,0.43475,0.43475,13.434723,121.110298,0.0,10046.78700652445,-120179.86510656262,7620.0,751.9,0.0,0.0,0.0,0.0,0.0,462.9183076813626
870,0.43525,0.43525,13.398376500000001,121.13387700000001,0.0,12757.816977332215,-123013.11575091304,7620.0,753.8,0.0,0.0,0.0,0.0,0.0,476.2017300683799
871,0.43575,0.43575,13.404391,121.1089705,0.0,9837.5174769363,-122964.24551315054,7620.0,764.9,0.0,0.0,-1.0,-0.1409090909090909,0.0,497.81566920754113
872,0.43625,0.43625,13.421289,121.122772,0.0,12272.886024374142,-120624.0894520956,7620.0,750.1,0.0,0.0,0.0,0.0,0.0,500.9411891932317
873,0.43675,0.43675,13.371462999999999,121.13351800000001,0.0,12868.284194753052,-125648.9951278494,7620.0,765.8,0.0,0.0,-1.0,-0.3205128205128205,0.0,492.588447323689
874,0.43725,0.43725,13.378475,121.133408,0.0,13034.888622053066,-125174.63691557274,7620.0,734.3,0.0,0.0,0.0,0.0,0.0,507.7195662428078
875,0.43775,0.43775,13.383911,121.122566,0.0,12629.940588748324,-123876.65674400692,7620.0,755.6,0.0,0.0,0.0,0.0,0.0,496.91702415618977
876,0.43825,0.43825,13.358494,121.1384125,0.0,13951.113215988382,-127258.5995117697,7620.0,750.1,0.0,0.0,0.0,0.0,0.0,520.7970745724397
877,0.43875,0.43875,13.356512500000001,121.13647449999999,0.0,14385.46790374145,-127374.90956569402,7620.0,737.05,0.0,0.0,0.0,0.0,0.0,548.9744248882085
878,0.43925,0.43925,13.376367,121.135109,0.0,13820.28144755152,-125228.12174916534,7620.0,764.9,0.0,0.0,0.0,0.0,0.0,501.0981612583182
879,0.43975,0.43975,13.36957,121.12957,0.0,12399.344488403529,-126697.11995413023,7620.0,755.6,0.0,0.0,0.0,0.0,0.0,513.4078818437415
880,0.44025,0.44025,13.370706,121.13480799999999,0.0,13555.332577805111,-126698.23190493282,7620.0,741.7,0.0,0.0,0.0,0.0,0.0,485.57202638067963
881,0.44075,0.44075,13.3942975,121.1132585,0.0,11149.154988279497,-123715.70186536887,7620.0,747.3,0.0,0.0,-1.0,-0.30952380952380953,0.0,501.97565787557596
882,0.44125,0.44125,13.363586,121.133553,0.0,12488.596587827891,-127467.36827490828,7620.0,742.7,0.0,0.0,0.0,0.0,0.0,529.975143661006
883,0.44175,0.44175,13.378578000000001,121.135666,0.0,13457.345893679418,-125569.49064548204,7620.0,753.8,0.0,0.0,-1.0,-0.2290322580645161,0.0,510.86725592820875
884,0.44225,0.44225,13.361481,121.136909,0.0,12995.38408187684,-127503.06189566328,7620.0,764.9,0.0,0.0,0.0,0.0,0.0,521.294337803209
885,0.44275,0.44275,13.360886,121.138435,0.0,14729.175924786969,-127397.6489596015,7620.0,737.1,0.0,0.0,0.0,0.0,0.0,668.4979563853833
886,0.44325,0.44325,13.349832,121.139977,0.0,14026.975174288767,-128285.09689494544,7620.0,746.4,0.0,0.0,-1.0,-0.03125,0.0,506.4042997659155
887,0.44375,0.44375,13.363146,121.13559,0.0,13314.77725519316,-126686.77881166885,7620.0,750.1,0.0,0.0,0.0,0.0,0.0,575.6906706332923
888,0.44425,0.44425,13.371061999999998,121.1195295,0.0,12034.171861776445,-126105.22854204744,7620.0,750.0999999999999,0.0,0.0,0.0,0.0,0.0,520.0885565830628
889,0.44475,0.44475,13.3578905,121.13716500000001,0.0,13698.452595494462,-128010.8342295496,7620.0,739.8499999999999,0.0,0.0,0.0,0.0,0.0,505.28557706252406
890,0.44525,0.44525,13.353745,121.138992,0.0,14806.02978608632,-128392.17775721024,7620.0,744.5,0.0,0.0,0.0,0.0,0.0,486.6029455100698
891,0.44575,0.44575,13.351692,121.14077,0.0,14283.35287854846,-127884.90580118488,7620.0,739.8499999999999,0.0,0.0,0.0,0.0,0.0,522.6627108642263
892,0.44625,0.44625,13.3769485,121.127445,0.0,12283.934018332084,-125605.51785147772,7620.0,739.9000000000001,0.0,0.0,-1.0,-0.3958333333333333,0.0,502.3391713654106
893,0.44675,0.44675,13.349991,121.140419,0.0,14753.428657527094,-128707.30461459213,7620.0,740.8,0.0,0.0,0.0,0.0,0.0,503.5238024682122
894,0.44725,0.44725,13.351168000000001,121.13879800000001,0.0,13271.188883911498,-128033.90720869787,7620.0,739.9000000000001,0.0,0.0,0.0,0.0,0.0,518.517139819538
895,0.44775,0.44775,13.367798,121.1306265,0.0,12746.995806001627,-127040.15677665103,7620.0,750.05,0.0,0.0,0.0,0.0,0.0,524.5561662629907
896,0.44825,0.44825,13.34662,121.144012,0.0,14619.518630347386,-128789.5889739651,7620.0,751.9,0.0,0.0,0.0,0.0,0.0,496.827632824522
897,0.44875,0.44875,13.356994499999999,121.13876350000001,0.0,13171.015324401844,-127877.51132834949,7620.0,750.05,0.0,0.0,0.0,0.0,0.0,473.696131682673
898,0.44925,0.44925,13.342078,121.1441265,0.0,14864.959712687767,-129348.23305705837,7620.0,740.8,0.0,0.0,0.0,0.0,0.0,536.9495872938944
899,0.44975,0.44975,13.3512725,121.1402015,0.0,13687.45501562898,-128390.00945314593,7620.0,719.5,0.0,0.0,0.0,0.0,0.0,548.0896946619711
900,0.45025,0.45025,13.3388685,121.1448135,0.0,14561.501568712634,-129684.32018706396,7620.0,764.85,0.0,0.0,0.0,0.0,0.0,528.9793012968512
901,0.45075,0.45075,13.3303795,121.1485365,0.0,15005.194966042913,-130390.96492194846,7620.0,734.3,0.0,0.0,0.0,0.0,0.0,508.4562026988975
902,0.45125,0.45125,13.355744,121.139107,0.0,13162.366682175823,-128298.77388981431,7620.0,763.0,0.0,0.0,0.0,0.0,0.0,503.46935207103826
903,0.45175,0.45175,13.333145,121.152161,0.0,15243.880521420391,-129755.76302611426,7620.0,733.4,0.0,0.0,0.0,0.0,0.0,480.7841311161644
904,0.45225,0.45225,13.342667,121.144157,0.0,13920.787393738952,-129188.11214152227,7620.0,763.0,0.0,0.0,0.0,0.0,0.0,618.4048572520893
905,0.45275,0.45275,13.34935,121.141418,0.0,13947.564912253025,-128524.49990268829,7620.0,763.0,0.0,0.0,0.0,0.0,0.0,555.6762136636455
906,0.45325,0.45325,13.333008,121.149033,0.0,14966.935056807126,-130481.08853447752,7620.0,742.7,0.0,0.0,0.0,0.0,0.0,495.92184003983914
907,0.45375,0.45375,13.3499525,121.1444435,0.0,14539.692854509132,-128353.6486619093,7620.0,744.5,0.0,0.0,0.0,0.0,0.0,623.6053666573259
908,0.45425,0.45425,13.332642,121.147423,0.0,14802.37095307931,-130103.13645676388,7620.0,733.4,0.0,0.0,0.0,0.0,0.0,534.332059007795
909,0.45475,0.45475,13.337173499999999,121.1447945,0.0,14694.289836905857,-129775.66694547597,7620.0,740.8,0.0,0.0,0.0,0.0,0.0,515.0324147020649
910,0.45525,0.45525,13.346329,121.144264,0.0,14678.35781918028,-128773.13210209036,7620.0,746.4,0.0,0.0,0.0,0.0,0.0,522.3540722060277
911,0.45575,0.45575,13.326233,121.156212,0.0,14986.681907905884,-131629.84490837008,7620.0,735.2,0.0,0.0,0.0,0.0,0.0,478.33704363874
912,0.45625,0.45625,13.332189,121.14711,0.0,15343.935246850766,-129963.14185074982,7620.0,748.2,0.0,0.0,0.0,0.0,0.0,540.4737887141315
913,0.45675,0.45675,13.330606,121.1489145,0.0,15047.41912953527,-130335.36738183157,7620.0,725.05,0.0,0.0,0.0,0.0,0.0,544.6660463230645
914,0.45725,0.45725,13.326691,121.150528,0.0,15139.932509390368,-130884.39309048472,7620.0,751.9,0.0,0.0,0.0,0.0,0.0,524.0134783237485
915,0.45775,0.45775,13.331583,121.151443,0.0,15811.873901709872,-130391.9100801304,7620.0,740.8,0.0,0.0,0.0,0.0,0.0,628.0151280493952
916,0.45825,0.45825,13.337588,121.150879,0.0,15385.476032994864,-130381.4577425883,7620.0,727.8,0.0,0.0,0.0,0.0,0.0,482.1134177185812
917,0.45875,0.45875,13.331956,121.149178,0.0,14877.181347393744,-130597.17619824146,7620.0,742.7,0.0,0.0,0.0,0.0,0.0,531.028994356855
918,0.45925,0.45925,13.322948,121.15927500000001,0.0,16295.241668885437,-131148.42580849904,7620.0,736.15,0.0,0.0,0.0,0.0,0.0,5661.094067416688
919,0.45975,0.45975,13.339417,121.146194,0.0,15125.707227127998,-130092.6841192218,7620.0,726.0,0.0,0.0,0.0,0.0,0.0,503.2611070439585
920,0.46025,0.46025,13.327881,121.151062,0.0,15011.40109619679,-131031.9489619545,7620.0,738.9,0.0,0.0,0.0,0.0,0.0,498.77777709059376
921,0.46075,0.46075,13.333119,121.145721,0.0,15278.966043980889,-130496.8782358705,7620.0,729.7,0.0,0.0,0.0,0.0,0.0,568.9249994432801
922,0.46125,0.46125,13.324414,121.157372,0.0,15866.85987662349,-131794.41362711583,7620.0,751.9,0.0,0.0,0.0,0.0,0.0,499.70121969516026
923,0.46175,0.46175,13.32518,121.152836,0.0,15537.068009119736,-131237.43747022602,7620.0,738.0,0.0,0.0,0.0,0.0,0.0,591.0335763942326
924,0.46225,0.46225,13.3095935,121.166359,0.0,17523.804181818265,-132839.8141739314,7620.0,734.3,0.0,0.0,0.0,0.0,0.0,6061.455961095611
925,0.46275,0.46275,13.322616,121.15464750000001,0.0,15891.812868231013,-131741.54036646464,7620.0,745.45,0.0,0.0,0.0,0.0,0.0,5533.879928273989
926,0.46325,0.46325,13.33163,121.147202,0.0,15416.419814526096,-130247.912451228,7620.0,738.9,0.0,0.0,0.0,0.0,0.0,557.7712711151321
927,0.46375,0.46375,13.3252755,121.1564175,0.0,15560.80304012727,-131229.65381460977,7612.0,726.9,0.0,0.0,0.0,0.0,0.0,5906.258906686472
928,0.46425,0.46425,13.328185,121.149841,0.0,14882.070175954512,-130573.71403631225,7620.0,738.9,0.0,0.0,0.0,0.0,0.0,554.2267589781507
929,0.46475,0.46475,13.313782,121.16494,0.0,16830.478525204937,-132040.37714459255,7620.0,733.4,0.0,0.0,0.0,0.0,0.0,618.9605276478266
930,0.46525,0.46525,13.3131915,121.1565745,0.0,16165.268605761052,-131902.71763526325,7620.0,724.1,0.0,0.0,0.0,0.0,0.0,570.4182676895582
931,0.46575,0.46575,13.307785,121.167252,0.0,17424.951950303148,-133689.06659921486,7612.0,738.9,0.0,0.0,0.0,0.0,0.0,5867.535378903025
932,0.46625,0.46625,13.322366,121.148796,0.0,15145.63474898035,-131950.8651050045,7620.0,733.4,0.0,0.0,0.0,0.0,0.0,569.6118130254258
933,0.46675,0.46675,13.3163145,121.1553345,0.0,15855.11770867218,-131872.6949636003,7620.0,723.2,0.0,0.0,0.0,0.0,0.0,852.740829697178
934,0.46725,0.46725,13.31044,121.167313,0.0,17826.792476087176,-133288.20833497308,7620.0,727.8,0.0,0.0,0.0,0.0,0.0,5845.517338016794
935,0.46775,0.46775,13.2998655,121.1658935,0.0,16994.93074319349,-134228.19594572735,7620.0,739.9,0.0,0.0,0.0,0.0,0.0,6272.442788596842
936,0.46825,0.46825,13.309843,121.16494,0.0,16996.041383411764,-132623.7065354976,7620.0,738.9,0.0,0.0,0.0,0.0,0.0,6046.848268099382
937,0.46875,0.46875,13.31124,121.155853,0.0,16366.036045436818,-132132.33547594573,7620.0,726.0,0.0,0.0,0.0,0.0,0.0,639.6448797496901
938,0.46925,0.46925,13.301742999999998,121.170826,0.0,16896.292296478347,-134120.67030314147,7620.0,751.9,0.0,0.0,0.0,0.0,0.0,5887.953196023245
939,0.46975,0.46975,13.2858515,121.1721615,0.0,18283.99034910735,-135478.58462295335,7616.0,738.9,0.0,0.0,0.0,0.0,0.0,5946.3884432204695
940,0.47025,0.47025,13.3109895,121.156071,0.0,16204.017780124512,-133341.0259980842,7620.0,728.75,0.0,0.0,0.0,0.0,0.0,538.7508161082399
941,0.47075,0.47075,13.305095,121.167686,0.0,16886.519259920176,-132869.7812480541,7620.0,738.9,0.0,0.0,0.0,0.0,0.0,5740.611178290119
942,0.47125,0.47125,13.2885115,121.180042,0.0,18079.531288713137,-135062.32584009916,7620.0,742.6500000000001,0.0,0.0,0.0,0.0,0.0,6093.677351882998
943,0.47175,0.47175,13.295105,121.166931,0.0,17308.611720861743,-133775.02039623554,7620.0,724.1,0.0,0.0,0.0,0.0,0.0,5864.223988201084
944,0.47225,0.47225,13.304186999999999,121.1665155,0.0,16792.619946373034,-133118.19105729598,7620.0,731.5,0.0,0.0,0.0,0.0,0.0,6085.064998589472
945,0.47275,0.47275,13.319572,121.160744,0.0,15894.563581789793,-132369.51458208342,7620.0,733.4,0.0,0.0,0.0,0.0,0.0,488.2384662933277
946,0.47325,0.47325,13.2809795,121.18135050000001,0.0,19068.76682941857,-136279.68957849583,7620.0,727.85,0.0,0.0,0.0,0.0,0.0,6204.597554270835
947,0.47375,0.47375,13.285311,121.183838,0.0,18070.45159662896,-136018.0475547065,7620.0,731.5,0.0,0.0,0.0,0.0,0.0,6111.547045329215
948,0.47425,0.47425,13.253128,121.188858,0.0,19176.27411653776,-139119.16714733938,7620.0,751.9,0.0,0.0,0.0,0.0,0.0,6188.485098451674
949,0.47475,0.47475,13.305188,121.172096,0.0,17108.195946313826,-133296.99274631162,7612.0,720.4,0.0,0.0,0.0,0.0,0.0,6204.724643156111
950,0.47525,0.47525,13.275721,121.193787,0.0,18980.996347555058,-137264.6555992046,7620.0,772.3,0.0,0.0,0.0,0.0,0.0,6526.823134924938
951,0.47575,0.47575,13.274918,121.178017,0.0,18099.645909569415,-136062.41439171953,7620.0,733.4,0.0,0.0,0.0,0.0,0.0,6095.829265094109
952,0.47625,0.47625,13.271805,121.203102,0.0,19991.176167929974,-136374.09420161418,7620.0,714.9,0.0,0.0,0.0,0.0,0.0,6068.462582632643
953,0.47675,0.47675,13.293846,121.16634400000001,0.0,16982.793872289956,-135175.85601701745,7620.0,757.45,0.0,0.0,0.0,0.0,0.0,6187.872006899812
954,0.47725,0.47725,13.304862,121.177124,0.0,17896.572160864078,-133436.9873523255,7620.0,729.7,0.0,0.0,0.0,0.0,0.0,6289.719688312194
955,0.47775,0.47775,13.317803,121.162476,0.0,16095.065240496337,-133688.06584349286,7620.0,718.6,0.0,0.0,0.0,0.0,0.0,6001.980916129498
956,0.47825,0.47825,13.2966595,121.18016449999999,0.0,18802.05785567761,-134856.33695396656,7620.0,721.35,0.0,0.0,0.0,0.0,0.0,6120.551118201662
957,0.47875,0.47875,13.263199,121.200562,0.0,20971.68201737962,-138512.37559450496,7612.0,724.1,0.0,0.0,0.0,0.0,0.0,6294.555840157705
958,0.47925,0.47925,13.273253,121.180695,0.0,19417.897598493742,-136174.9438129159,7620.0,722.3,0.0,0.0,0.0,0.0,0.0,6021.260223523413
959,0.47975,0.47975,13.245798,121.2185175,0.0,23345.25237321925,-139909.20819239866,7620.0,718.6,0.0,0.0,0.0,0.0,0.0,5883.939740314727
960,0.48025,0.48025,13.2595435,121.197315,0.0,19721.39867021144,-139044.77763866307,7612.0,718.6,0.0,0.0,0.0,0.0,0.0,6159.3437558546975
961,0.48075,0.48075,13.271298,121.199043,0.0,19767.758233734858,-137114.7646310495,7620.0,738.9,0.0,0.0,0.0,0.0,0.0,6305.397606885969
962,0.48125,0.48125,13.286041,121.182137,0.0,18129.01106311602,-136120.90300392217,7620.0,726.0,0.0,0.0,0.0,0.0,0.0,6167.287468052775
963,0.48175,0.48175,13.282325499999999,121.1718025,0.0,17542.903148381843,-136054.575138563,7620.0,749.1500000000001,0.0,0.0,0.0,0.0,0.0,6460.97388100796
964,0.48225,0.48225,13.253628500000001,121.2129135,0.0,21372.000444274738,-139049.3922344928,7620.0,725.05,0.0,0.0,0.0,0.0,0.0,6043.730505370655
965,0.48275,0.48275,13.257248,121.192978,0.0,20356.412515171327,-139308.53236897694,7620.0,738.9,0.0,0.0,0.0,0.0,0.0,6135.252938215154
966,0.48325,0.48325,13.232846,121.216705,0.0,21519.995663407823,-141371.64588762991,7620.0,729.7,0.0,0.0,0.0,0.0,0.0,6079.939704196423
967,0.48375,0.48375,13.2413885,121.2140845,0.0,21935.423825158825,-140844.6924024033,7620.0,729.7,0.0,0.0,0.0,0.0,0.0,6048.738201625706
968,0.48425,0.48425,13.240108,121.179626,0.0,18089.014409654497,-141206.52119348323,7620.0,748.2,0.0,0.0,0.0,0.0,0.0,6120.191257249904
969,0.48475,0.48475,13.252444,121.224976,0.0,23197.76279907655,-139075.13389556677,7620.0,722.3,0.0,-1.8000000000000682,0.0,0.0,-0.0580645161290307,6158.563097580756
970,0.48525,0.48525,13.275441,121.181564,0.0,18214.836225776675,-137290.56405289887,7620.0,722.3,0.0,0.0,0.0,0.0,0.0,5944.599028780495
971,0.48575,0.48575,13.257984,121.205811,0.0,21605.68259595901,-139226.58159484476,7620.0,738.9,0.0,0.0,0.0,0.0,0.0,6214.119338219671
972,0.48625,0.48625,13.2351965,121.197292,0.0,20730.310815094614,-141101.2194525021,7620.0,741.7,0.0,0.0,0.0,0.0,0.0,6204.472354935715
973,0.48675,0.48675,13.220032,121.210785,0.0,20839.88597638425,-142238.96751345138,7620.0,766.7,0.0,0.0,0.0,0.0,0.0,5156.796176931199
974,0.48725,0.48725,13.252241,121.20064550000001,0.0,20063.59254102876,-139249.87696415384,7620.0,732.45,0.0,0.0,0.0,0.0,0.0,5992.354454526979
975,0.48775,0.48775,13.243768,121.210857,0.0,21193.046781612728,-140236.1217282851,7620.0,761.1500000000001,0.0,0.0,0.0,0.0,0.0,6148.193503638946
976,0.48825,0.48825,13.237931499999998,121.217072,0.0,21886.421902827882,-141291.2518446212,7620.0,751.95,0.0,0.0,0.0,0.0,0.0,6169.173461538241
977,0.48875,0.48875,13.24173,121.194862,0.0,20398.386032757153,-141047.28983858874,7612.0,748.2,0.0,0.0,0.0,0.0,0.0,5708.268449454646
978,0.48925,0.48925,13.224886,121.225266,0.0,22574.80237590096,-142922.37247656673,7620.0,746.4,0.0,0.0,0.0,0.0,0.0,6284.034252350249
979,0.48975,0.48975,13.236244,121.2131235,0.0,22702.494898508783,-140611.79430685405,7612.0,733.4,0.0,0.0,0.0,0.0,0.0,5982.019220638078
980,0.49025,0.49025,13.221534,121.21566,0.0,22329.16577369777,-142552.31524954978,7612.0,729.7,0.0,-1.7999999999999543,0.0,0.0,-0.0562499999999985,6239.622573823426
981,0.49075,0.49075,13.231132500000001,121.2215805,0.0,22762.599991226416,-142227.6812128078,7620.0,732.45,0.0,0.0,0.0,0.0,0.0,6179.976250039581
982,0.49125,0.49125,13.249181,121.202717,0.0,20228.468634179502,-139550.5484611054,7620.0,725.05,0.0,0.0,0.0,0.0,0.0,6101.851293413569
983,0.49175,0.49175,13.226655,121.214806,0.0,22890.49571301666,-142208.16647622694,7612.0,740.8,0.0,0.0,0.0,0.0,0.0,6320.857017440527
984,0.49225,0.49225,13.2114705,121.225628,0.0,22886.75189834258,-144089.36484361772,7616.0,715.8,0.0,0.0,0.0,0.0,0.0,5827.038570728995
985,0.49275,0.49275,13.220277,121.223724,0.0,22484.04733091067,-142766.14338883854,7620.0,729.7,0.0,0.0,0.0,0.0,0.0,6237.689370891764
986,0.49325,0.49325,13.25555,121.1870845,0.0,18880.27672396016,-139461.09201905748,7616.0,741.75,0.0,0.0,0.0,0.0,0.0,1161.9943094783384
987,0.49375,0.49375,13.219299,121.242088,0.0,24380.48727396603,-142212.5030843562,7612.0,740.8,0.0,0.0,0.0,0.0,0.0,6294.13222801943
988,0.49425,0.49425,13.2129595,121.233742,0.0,23744.993857604386,-144128.33871923975,7616.0,744.55,0.0,0.0,0.0,0.0,0.0,6398.420733601754
989,0.49475,0.49475,13.230698,121.221794,0.0,22113.937181452075,-142283.89032586617,7620.0,729.7,0.0,0.0,0.0,0.0,0.0,6160.0429146853585
990,0.49525,0.49525,13.236099,121.21093,0.0,21528.04327489458,-141597.2607054239,7612.0,738.9,0.0,0.0,0.0,0.0,0.0,6144.323389611896
991,0.49575,0.49575,13.218926,121.23259,0.0,23785.46805048699,-142360.8373213879,7612.0,720.4,0.0,0.0,0.0,0.0,0.0,5776.510152252787
992,0.49625,0.49625,13.2088715,121.23326850000001,0.0,23549.428402466314,-143691.8980293232,7620.0,743.5999999999999,0.0,0.0,0.0,0.0,0.0,6417.820586316329
993,0.49675,0.49675,13.217923,121.217743,0.0,22470.254147524684,-143549.95750940495,7612.0,727.8,0.0,0.0,0.0,0.0,0.0,6273.747793021505
994,0.49725,0.49725,13.188354,121.242935,0.0,25372.047771155892,-146991.00046231167,7612.0,729.7,0.0,0.0,0.0,0.0,0.0,6276.600680867581
995,0.49775,0.49775,13.191228500000001,121.2479855,0.0,24841.211645521274,-146256.33456720883,7608.5,724.15,0.0,0.0,0.0,0.0,0.0,6275.62857194688
996,0.49825,0.49825,13.2181005,121.2282445,0.0,23879.496432999615,-142598.07202506572,7620.0,738.0,0.0,0.0,0.0,0.0,0.0,6261.407113815632
997,0.49875,0.49875,13.20932,121.214378,0.0,21830.0902727609,-143502.1436249045,7620.0,722.3,0.0,0.0,0.0,0.0,0.0,6154.979690502396
998,0.49925,0.49925,13.2031305,121.240421,0.0,24008.714024426787,-145333.19301111007,7612.0,726.0,0.0,0.0,0.0,0.0,0.0,6274.053697107949
999,0.49975,0.49975,13.2053265,121.23855950000001,0.0,24953.514106864815,-144628.77217783057,7616.0,731.55,0.0,0.0,0.0,0.0,0.0,6249.617567365367
1000,0.50025,0.50025,13.16629,121.242752,0.0,25885.15862593054,-149443.0743716216,7612.0,718.6,0.0,0.0,0.0,0.0,0.0,6250.557134154908
1001,0.50075,0.50075,13.183703000000001,121.252636,0.0,26203.092992794736,-146636.5661440675,7612.0,743.6,0.0,-0.8999999999999772,0.0,0.0,-0.02812500000000105,6637.915063336564
1002,0.50125,0.50125,13.201309,121.213028,0.0,21382.75955117296,-145174.1840463762,7620.0,753.8,0.0,0.0,0.0,0.0,0.0,6461.924243204617
1003,0.50175,0.50175,13.18513,121.252052,0.0,25593.87865387936,-146803.5255570383,7620.0,746.4,0.0,0.0,0.0,0.0,0.0,6455.241726957636
1004,0.50225,0.50225,13.173203,121.260178,0.0,26900.31877733013,-149190.99512473206,7620.0,744.5,0.0,0.0,0.0,0.0,0.0,6770.9503645057375
1005,0.50275,0.50275,13.21637,121.220116,0.0,21850.24775148956,-142991.64701155238,7620.0,714.9,0.0,0.0,0.0,0.0,0.0,6137.607938685255
1006,0.50325,0.50325,13.1758345,121.2430495,0.0,25328.44401697671,-147892.18099006446,7616.0,727.85,0.0,0.0,0.0,0.0,0.0,6419.980328571555
1007,0.50375,0.50375,13.156826,121.27523,0.0,27757.63520915373,-150492.8671241065,7620.0,744.5,0.0,0.0,0.0,0.0,0.0,6601.351476702128
1008,0.50425,0.50425,13.1754605,121.27507,0.0,28127.632171096924,-147721.27415174537,7616.0,738.95,0.0,-0.8999999999999772,0.0,0.0,-0.02727272727272655,6406.065080428245
1009,0.50475,0.50475,13.181685,121.254585,0.0,25149.25957191773,-147575.7753892598,7620.0,729.7,0.0,0.0,0.0,0.0,0.0,6106.158707927506
1010,0.50525,0.50525,13.165151,121.263752,0.0,27782.148021503534,-148681.8328523428,7612.0,732.45,0.0,0.0,0.0,0.0,0.0,6243.580088840182
1011,0.50575,0.50575,13.149471,121.251171,0.0,26150.51464549889,-151998.72649816895,7502.0,724.0999999999999,0.0,0.0,0.0,0.0,0.0,6275.403278004463
1012,0.50625,0.50625,13.197647,121.24131,0.0,24094.53017463741,-145942.9868311108,7612.0,740.8,0.0,0.0,0.0,0.0,0.0,6544.906882542608
1013,0.50675,0.50675,13.173767000000002,121.25116349999999,0.0,25196.059325195205,-148357.47680330172,7532.0,741.7,0.0,0.0,0.0,0.0,0.0,6323.204554635541
1014,0.50725,0.50725,13.173259,121.254318,0.0,26173.345180516502,-148666.8215165114,7620.0,738.9,0.0,0.0,0.0,0.0,0.0,6222.969783565822
1015,0.50775,0.50775,13.150497,121.2668,-0.3,27349.60431968639,-151529.20527188317,7559.0,726.0,0.0,-1.7999999999999543,0.0,0.0,-0.0593749999999992,6182.932083783805
1016,0.50825,0.50825,13.181490499999999,121.23916249999999,0.0,24486.221098406982,-147132.3294092887,7620.0,741.7,0.0,-0.8999999999999772,0.0,0.0,-0.0287878787878784,6293.362157219348
1017,0.50875,0.50875,13.173352,121.260651,0.0,26922.281291294803,-147638.37821943176,7612.0,755.6,0.0,0.0,0.0,0.0,0.0,6486.784107895623
1018,0.50925,0.50925,13.192182500000001,121.23707200000001,0.0,24806.391297771777,-146197.62356484536,7585.5,736.1500000000001,0.0,0.0,0.0,0.0,0.0,6275.220557182906
1019,0.50975,0.50975,13.162445,121.266045,0.0,26793.66967665694,-149059.89612513664,7498.0,764.9,0.0,0.0,0.0,0.0,0.0,6382.961932992562
1020,0.51025,0.51025,13.1581785,121.26325650000001,0.0,26895.813193613343,-150335.52608557598,7605.0,719.5,0.0,0.0,0.0,0.0,0.0,6368.65527523621
1021,0.51075,0.51075,13.164413,121.252731,0.0,26254.767714970127,-148755.66638561795,7620.0,735.2,0.0,0.0,0.0,0.0,0.0,6141.356172074116
1022,0.51125,0.51125,13.166336,121.263634,0.0,28401.19601987513,-150943.31839413257,7620.0,748.2,0.0,0.0,0.0,0.0,0.0,6376.532357752407
1023,0.51175,0.51175,13.159400999999999,121.26725400000001,0.0,27348.057924134544,-149190.8839296521,7494.5,733.35,0.0,0.0,0.0,0.0,0.0,6315.708241787626
1024,0.51225,0.51225,13.166532499999999,121.2528685,0.0,26542.315059501074,-149464.92420488765,7612.0,743.6,0.0,0.0,0.0,0.0,0.0,6385.039992637436
1025,0.51275,0.51275,13.150223,121.270119,0.0,27325.88369460227,-151563.2309664346,7612.0,744.5,0.0,0.0,0.0,0.0,0.0,6387.8254053454
1026,0.51325,0.51325,13.180756,121.249756,0.0,25580.56720109723,-147254.19921722467,7010.0,711.2,0.0,-1.7999999999999543,0.0,0.0,-0.0562500000000021,6105.500558501702
1027,0.51375,0.51375,13.164869,121.26588050000001,0.0,27860.45852532347,-149581.5678440525,7620.0,749.1500000000001,0.0,0.0,0.0,0.0,0.0,6452.466653268144
1028,0.51425,0.51425,13.161484,121.258186,0.0,26674.570911617175,-148865.3047347283,7498.0,753.8,0.0,0.0,0.0,0.0,0.0,6214.200364276135
1029,0.51475,0.51475,13.126963,121.29451,0.0,30604.961682961974,-153312.38517604806,7483.0,716.75,0.0,0.0,0.0,0.0,0.0,6184.866233881712
1030,0.51525,0.51525,13.149307,121.262756,0.0,26822.850159727335,-151307.25989173673,7620.0,757.5,0.0,0.0,0.0,0.0,0.0,6516.274224958132
1031,0.51575,0.51575,13.129919,121.262268,0.0,26833.82232799153,-152148.11708846287,7567.0,729.7,0.0,0.0,0.0,0.0,0.0,6182.959357711305
1032,0.51625,0.51625,13.158192,121.270798,0.0,27294.40350942219,-150337.1384142394,7620.0,728.75,0.0,0.0,0.0,0.0,0.0,5968.73816331296
1033,0.51675,0.51675,13.167082,121.263588,0.0,26740.051201712748,-149321.42695384627,7620.0,734.3,0.0,0.0,0.0,0.0,0.0,6344.300253628515
1034,0.51725,0.51725,13.125124,121.274849,0.0,28137.98449674305,-153697.1757511963,7605.0,733.4,0.0,0.0,0.0,0.0,0.0,6295.3224368664305
1035,0.51775,0.51775,13.137553,121.278221,0.0,29405.63641112451,-151940.9606539876,7620.0,713.0,0.0,0.0,0.0,0.0,0.0,6176.98759529924
1036,0.51825,0.51825,13.143652,121.263092,0.0,27331.67289758947,-152705.76041583388,7605.0,751.9,0.0,0.0,0.0,0.0,0.0,6442.904769927326
1037,0.51875,0.51875,13.128159,121.28011699999999,0.0,28464.303615967365,-153268.24072919524,7544.0,729.6500000000001,0.0,-1.8000000000000114,0.0,0.0,-0.05539772727272755,6286.079733980056
1038,0.51925,0.51925,13.118092,121.267975,0.0,27972.16366408146,-153475.78634645144,7612.0,722.3,0.0,-1.8500000000000227,0.0,0.0,-0.0587197580645168,6485.488933947223
1039,0.51975,0.51975,13.1518935,121.2559395,0.0,26247.703968079273,-151029.716971474,7620.0,749.1500000000001,0.0,0.0,0.0,0.0,0.0,6298.863536137371
1040,0.52025,0.52025,13.114882,121.301041,0.0,30557.5858453623,-155608.7303754908,7612.0,722.3,0.0,0.0,0.0,0.0,0.0,6281.882768015853
1041,0.52075,0.52075,13.132828499999999,121.2644885,0.0,26896.217344260913,-152879.94750902004,7532.0,733.4,0.0,0.0,0.0,0.0,0.0,6326.829216506545
1042,0.52125,0.52125,13.137085,121.276085,0.0,28380.734058825285,-151589.25061520905,7620.0,742.7,0.0,0.0,0.0,0.0,0.0,6378.306896142646
1043,0.52175,0.52175,13.128433,121.282173,-0.3,28535.96447624797,-152290.89157148282,7582.0,722.3,0.0,0.0,0.0,0.0,0.0,6297.1466089941305
1044,0.52225,0.52225,13.120655,121.2782555,0.0,28429.103803405982,-154777.10237042437,7612.0,726.0,0.0,0.0,0.0,0.0,0.0,6309.798745201554
1045,0.52275,0.52275,13.132264,121.2787625,0.0,29138.975717764537,-153904.55457583175,7616.0,744.5,0.0,0.0,0.0,0.0,0.0,6473.050755375527
1046,0.52325,0.52325,13.112,121.304871,0.0,31561.790261975417,-155482.5239594261,7612.0,727.8,0.0,0.0,0.0,0.0,0.0,6423.023784959423
1047,0.52375,0.52375,13.11223,121.300461,0.0,31187.8874284766,-154564.4417794778,7608.5,736.15,0.0,0.0,0.0,0.0,0.0,6393.750125227208
1048,0.52425,0.52425,13.101974,121.320717,0.0,32932.39651968189,-156592.13966507622,7521.0,744.5,0.0,-1.7999999999999543,0.0,0.0,-0.0562499999999985,6475.037562662738
1049,0.52475,0.52475,13.107193,121.288353,0.0,31105.058773229117,-155832.3436818406,7620.0,713.0,0.0,0.0,0.0,0.0,0.0,6338.380749653008
1050,0.52525,0.52525,13.129715,121.26931,0.0,28072.612232599175,-153049.57560391593,7612.0,720.4,0.0,0.0,0.0,0.0,0.0,6318.230644642546
1051,0.52575,0.52575,13.1279135,121.28120799999999,0.0,28851.694043697433,-153319.22367348257,7010.0,737.05,0.0,-1.8000000000000682,0.0,0.0,-0.0560606060606067,6427.397257583051
1052,0.52625,0.52625,13.143605,121.27803,0.0,28624.98611493689,-151983.77075987757,7590.0,720.4,0.0,-1.7999999999999543,0.0,0.0,-0.0562499999999985,6318.541804837448
1053,0.52675,0.52675,13.11644,121.269928,0.0,28835.782534633603,-155283.9295461287,7620.0,729.7,-7.0,0.0,0.0,0.0,0.0,6101.71122269974
1054,0.52725,0.52725,13.145002,121.251938,0.0,26150.173151413208,-151780.8397384514,7376.0,748.2,0.0,0.0,0.0,0.0,0.0,6589.51402966046
1055,0.52775,0.52775,13.121678,121.299412,0.0,31015.963988116117,-154958.0723635042,7532.5,730.6,0.0,0.0,0.0,0.0,0.0,6319.903803122039
1056,0.52825,0.52825,13.0807365,121.32625949999999,0.0,33653.17151055146,-158509.08725076233,7083.0,738.0,0.0,-0.8999999999999772,0.0,0.0,-0.0272727272727283,6499.890276231377
1057,0.52875,0.52875,13.143539,121.278946,0.0,28164.35762544023,-151708.229351059,7612.0,718.6,0.0,-1.7999999999999543,0.0,0.0,-0.0545454545454531,6253.164988589639
1058,0.52925,0.52925,13.096436,121.310417,0.0,32001.440592891395,-157193.9274393003,7155.0,707.5,0.0,-1.7999999999999543,0.0,0.0,-0.0575757575757568,6079.86651112802
1059,0.52975,0.52975,13.118729,121.27372,0.0,28814.56818872108,-154704.49198303185,7620.0,714.9,0.0,-1.7999999999999543,0.0,0.0,-0.0545454545454531,6287.893856298961
1060,0.53025,0.53025,13.117769,121.289062,0.0,29609.467422665613,-153474.11842024754,7612.0,729.7,0.0,0.0,0.0,0.0,0.0,6432.856495663571
1061,0.53075,0.53075,13.083206,121.327042,0.0,34626.16839410615,-158657.36589025348,7612.0,733.4,0.0,0.0,0.0,0.0,0.0,6392.461036025733
1062,0.53125,0.53125,13.097397,121.286705,-0.3,29898.54957595908,-157084.51148035022,7490.0,751.9,-8.0,-1.8000000000000682,0.0,0.0,-0.0580645161290344,6420.271864336333
1063,0.53175,0.53175,13.102066,121.300827,-2.4499999999999997,31056.36963256332,-156534.3182233548,7010.0,726.9,-4.0,-1.8500000000000227,0.0,0.0,-0.0603326612903236,6278.421202479622
1064,0.53225,0.53225,13.109622,121.308388,-1.0,32386.48814312321,-155739.16220460465,7574.0,716.7,-8.0,-1.7999999999999543,0.0,0.0,-0.0545454545454531,6346.141768237868
1065,0.53275,0.53275,13.134109,121.281151,0.0,28797.267503771494,-152159.68137680707,7620.0,733.4,0.0,0.0,0.0,0.0,0.0,6390.567817873975
1066,0.53325,0.53325,13.076523,121.331444,0.0,35200.07400708307,-159419.60816525435,7353.0,716.7,0.0,0.0,0.0,0.0,0.0,6320.853106091553
1067,0.53375,0.53375,13.09584,121.301201,-0.3,30730.468451429897,-157604.1260902815,7323.0,753.8,0.0,0.0,0.0,0.0,0.0,6690.586099835077
1068,0.53425,0.53425,13.084949,121.285789,0.0,29016.641675056573,-157464.1314842676,7292.0,737.1,0.0,0.0,0.0,0.0,0.0,6468.028898704539
1069,0.53475,0.53475,13.065397,121.313782,-3.9,32642.14418447659,-159299.29508844164,7148.0,731.5,-8.0,0.0,0.0,0.0,0.0,6363.245771184144
1070,0.53525,0.53525,13.1291975,121.28508,-0.3,28940.33557582664,-152834.02394088352,7303.5,725.05,-8.0,-1.849999999999966,0.0,0.0,-0.0850928641251221,6299.085766112565
1071,0.53575,0.53575,13.069702,121.3029595,-0.3,31333.741847178884,-160133.03580003287,7525.0,733.4,0.0,0.0,0.0,0.0,0.0,6244.499975001279
1072,0.53625,0.53625,13.098541,121.292625,0.0,29723.406286578207,-156941.0698268491,7612.0,744.5,0.0,0.0,0.0,0.0,0.0,6439.4540638896015
1073,0.53675,0.53675,13.0982025,121.3132895,-3.4,32326.328424167972,-156309.0369908015,7445.0,715.8,-8.0,0.0,0.0,0.0,0.0,6043.040614973614
1074,0.53725,0.53725,13.065811,121.310265,-4.2,33075.7013976436,-160592.7162617183,7148.0,726.0,-8.0,-1.8000000000000682,0.0,0.0,-0.1193548387096788,6293.654047379185
1075,0.53775,0.53775,13.0534195,121.3183135,-4.6,33387.54808187378,-160809.49107063335,7197.5,733.35,-27.0,0.0,0.0,0.0,0.0,6294.927134027492
1076,0.53825,0.53825,13.065211,121.325493,-0.3,33447.69328681757,-160207.64769886938,7544.0,729.7,0.0,-1.8999999999999773,0.0,0.0,-0.0575757575757603,6297.651182082834
1077,0.53875,0.53875,13.114301,121.274895,-1.5,27899.013282828444,-155086.94746149518,7551.5,743.55,-8.0,0.0,0.0,0.0,0.0,6184.553399612079
1078,0.53925,0.53925,13.082108,121.323486,0.0,34894.1326620815,-157567.65410396495,7155.0,722.3,0.0,0.0,0.0,0.0,0.0,6140.095775334882
1079,0.53975,0.53975,13.0822885,121.296711,-2.1,31385.624595162226,-158100.83451368468,7315.5,720.4,-8.0,0.0,0.0,0.0,0.0,6297.937657907271
1080,0.54025,0.54025,13.068322,121.326866,0.0,33334.02655633966,-159831.30794981922,7292.0,714.9000000000001,0.0,0.0,0.0,0.0,0.0,6250.669063058915
1081,0.54075,0.54075,13.091034,121.314941,-0.7,32456.26441945356,-158469.44620465866,7315.0,729.7,-8.0,0.0,0.0,0.0,0.0,6422.056967499896
1082,0.54125,0.54125,13.0614095,121.3433915,-3.5999999999999996,36024.07333053372,-161296.08074173544,7391.5,724.15,-19.0,-1.8999999999999773,0.0,0.0,-0.062311827956988454,6321.531067768944
1083,0.54175,0.54175,13.072495,121.312286,-4.9,32477.111698152876,-159640.99756999937,7315.0,724.1,-31.0,0.0,0.0,0.0,0.0,6357.19288834405
1084,0.54225,0.54225,13.086319,121.2992895,-1.95,31178.93548685774,-157651.99557232228,7559.0,762.1,-4.0,0.0,0.0,0.0,0.0,6153.7396867444095
1085,0.54275,0.54275,13.092581,121.3165245,-0.3,31780.753925721805,-157605.62722386484,7540.0,741.75,0.0,-1.849999999999966,0.0,0.0,-0.05691287878787765,6664.639807565838
1086,0.54325,0.54325,13.065537,121.327995,-2.3,33493.1566510279,-159375.46371840144,7460.0,761.2,-7.0,0.0,0.0,0.0,0.0,6127.006703100104
1087,0.54375,0.54375,13.078849000000002,121.2988205,-0.5,31748.699014426686,-159052.1640226228,7387.5,720.45,-4.0,0.0,0.0,0.0,0.0,6136.58947266308
1088,0.54425,0.54425,13.069244,121.330688,-2.3,34402.747438931714,-160206.09096774613,7231.0,720.4,-7.0,0.0,0.0,0.0,0.0,6301.743459123206
1089,0.54475,0.54475,13.0625575,121.3149875,-0.65,32940.29766260771,-160237.6703705324,7403.0,733.4,0.0,0.0,0.0,0.0,0.0,6087.36345702381
1090,0.54525,0.54525,13.043379,121.349724,-0.3,36516.43357502351,-162369.16886352908,7109.0,718.6,0.0,0.0,0.0,0.0,0.0,6080.267269228322
1091,0.54575,0.54575,13.088767,121.31855,0.0,32755.837526291383,-158044.1250227657,7010.0,729.7,0.0,0.0,0.0,0.0,0.0,6219.2381662615835
1092,0.54625,0.54625,13.073364,121.320915,-0.7,33359.35957169183,-159601.63451159702,7376.0,733.4,0.0,0.0,0.0,0.0,0.0,6256.476731248512
1093,0.54675,0.54675,13.096495,121.300003,-0.3,31816.427787725515,-157183.47510175806,7346.0,696.4,-8.0,0.0,0.0,0.0,0.0,6042.907423313787
1094,0.54725,0.54725,13.06382,121.32416549999999,-0.3,33770.11206191701,-161484.72319535172,7525.0,725.05,0.0,0.0,0.0,0.0,0.0,6045.268439110476
1095,0.54775,0.54775,13.046515,121.350258,-0.3,36749.16588385833,-162137.0491335417,7227.5,743.55,0.0,0.0,0.0,0.0,0.0,6511.321765853843
1096,0.54825,0.54825,13.075034,121.313828,-0.3,31977.3949829116,-159563.1610138362,7490.0,738.9,-8.0,0.0,0.0,0.0,0.0,6287.853363242093
1097,0.54875,0.54875,13.08062,121.326233,-2.3,34321.03519090367,-158600.32281409393,7300.0,748.2,-8.0,0.0,0.0,0.0,0.0,6555.624853885207
1098,0.54925,0.54925,13.059532,121.343285,-4.6,35645.44585803512,-161287.68551317768,7094.0,735.2,-31.0,0.0,0.0,0.0,0.0,6416.499009607483
1099,0.54975,0.54975,13.042234,121.33317550000001,-4.4,34029.937893793714,-163165.5480281616,7563.0,730.5999999999999,-38.5,0.0,0.0,0.0,0.0,6310.340897063836
1100,0.55025,0.55025,13.033859,121.337982,-3.6,36181.697567289746,-163331.11750262964,7163.0,718.6,-15.0,-1.8000000000000682,0.0,0.0,-0.0575757575757568,6246.6593520402985
1101,0.55075,0.55075,13.043565,121.340256,-1.0,36532.006322062254,-164563.04779653702,7529.0,722.3,0.0,0.0,0.0,0.0,0.0,6186.974462978854
1102,0.55125,0.55125,13.0505195,121.347969,-3.9000000000000004,35612.71345783739,-163024.16348364486,7407.0,741.7,-12.0,0.0,0.0,0.0,0.0,6292.111151761332
1103,0.55175,0.55175,13.038979000000001,121.355728,-1.45,36321.97473492529,-163043.78941530618,7383.5,743.55,-46.0,-2.750000000000057,0.0,0.0,-0.0868447580645179,6440.484173435652
1104,0.55225,0.55225,13.0396035,121.36372,-4.4,38147.82384938611,-162911.63406244852,7010.0,732.45,-18.5,0.0,0.0,0.0,0.0,6330.685295626571
1105,0.55275,0.55275,13.044159,121.280754,-2.9000000000000004,28910.704812281372,-162325.91397731839,7010.0,717.6500000000001,-19.0,0.0,0.0,0.0,0.0,6321.1951968123285
1106,0.55325,0.55325,13.0388835,121.345058,-0.15,37241.29216442695,-163147.08964484307,7361.0,730.6,0.0,0.0,0.0,0.0,0.0,6254.419300521447
1107,0.55375,0.55375,13.023125,121.29948,-4.25,31348.582115843838,-164002.56899461965,7117.0,709.3,-22.5,0.0,0.0,0.0,0.0,6243.630583662538
1108,0.55425,0.55425,13.016693,121.305969,-4.2,31906.19672435923,-165329.62667966663,7254.0,738.9,-53.0,-1.7999999999999543,0.0,0.0,-0.0545454545454531,6466.689968780467
1109,0.55475,0.55475,13.021592,121.333008,-2.6,34014.36854407505,-165588.71121661062,7422.0,748.2,-8.0,0.0,0.0,0.0,0.0,6449.9171863008805
1110,0.55525,0.55525,13.033356,121.361465,-0.3,37210.123377828335,-163803.69659362198,7010.0,718.6,0.0,-3.699999999999932,0.0,0.0,-0.1187499999999985,6328.298216464106
1111,0.55575,0.55575,13.042075,121.3140145,-2.65,33187.47099729649,-162564.09383917847,7086.5,739.85,-7.5,-0.8999999999999772,0.0,0.0,-0.0272727272727283,6395.375554986904
1112,0.55625,0.55625,13.01413,121.321709,0.0,32906.56393596,-165211.42630937856,7521.0,729.7,-8.0,-1.900000000000091,0.0,0.0,-0.11212121212121,6505.731598176705
1113,0.55675,0.55675,13.0201905,121.32887299999999,-4.75,34338.5942705974,-165670.161612882,7124.5,726.9000000000001,-76.5,-1.8500000000000227,0.0,0.0,-0.05847537878787975,6251.036208282896
1114,0.55725,0.55725,13.001448,121.3701095,-4.9,38251.82938383007,-167583.82894370117,7300.0,726.0,-91.5,0.0,0.0,0.0,0.0,6363.466717980465
1115,0.55775,0.55775,13.029861,121.32149100000001,-4.75,33682.20709143454,-163720.2446859067,7220.0,724.0999999999999,-65.0,-1.7999999999999543,0.0,0.0,-0.0553977272727258,6335.01651582042
1116,0.55825,0.55825,13.014563,121.358498,-3.6,38298.87226961092,-167151.89165453368,7338.0,705.6,-15.0,0.0,0.0,0.0,0.0,6324.132609674559
1117,0.55875,0.55875,13.056976,121.336845,-4.6,34468.71518834792,-161584.24279216072,7010.0,733.4,-16.0,-3.699999999999932,0.0,0.0,-0.1156249999999978,6346.805208673505
1118,0.55925,0.55925,13.0034365,121.3790245,-5.050000000000001,40266.16586053402,-167174.63104844152,7029.5,711.15,-152.0,-3.7000000000000455,0.0,0.0,-0.1194791666666681,6308.862847935758
1119,0.55975,0.55975,13.020195000000001,121.3512725,-0.3,36805.5832824921,-165118.52281984332,7471.0,730.6,0.0,-1.8999999999999773,0.0,0.0,-0.0593749999999992,6451.452172595211
1120,0.56025,0.56025,13.034546,121.329697,-4.9,33651.469236230594,-162917.80538940144,7148.0,713.0,-92.0,-3.7000000000000455,0.0,0.0,-0.1156250000000014,6195.058537122368
1121,0.56075,0.56075,13.011443,121.363319,-4.6,38297.45566146854,-166644.73089358903,7010.0,731.5,-61.0,0.0,0.0,0.0,0.0,6277.584240053674
1122,0.56125,0.56125,13.034801000000002,121.3459585,-4.4,35420.019527509336,-163354.96884733962,7380.0,744.5,-91.0,-0.9000000000000057,0.0,0.0,-0.02812500000000015,6745.810828765869
1123,0.56175,0.56175,13.009003,121.36274,-4.6,38053.015788476005,-166440.9103115205,7094.0,733.4,-16.0,0.0,0.0,0.0,0.0,6097.023342271445
1124,0.56225,0.56225,13.0216845,121.34677500000001,-4.75,36240.09864831066,-165354.64557271946,7044.5,692.65,-76.5,0.0,0.0,0.0,0.0,6134.02042183063
1125,0.56275,0.56275,13.018222000000002,121.348522,-5.050000000000001,35856.556288670596,-165891.55101762686,7509.5,726.9,-26.5,0.0,0.0,0.0,0.0,6285.7338681341425
1126,0.56325,0.56325,13.018844999999999,121.3667835,-2.0,38286.69765298338,-165894.49768725302,7182.0,726.0,-8.0,0.0,0.0,0.0,0.0,6491.28399880838
1127,0.56375,0.56375,13.026038,121.3411295,-4.05,35085.89751475879,-165155.71757418144,7216.5,734.3,-23.0,-1.7999999999999543,0.0,0.0,-0.057157258064514604,6488.634567832683
1128,0.56425,0.56425,13.008768,121.3714405,-4.25,39020.88199181561,-165758.50610412753,7010.0,721.35,-15.0,-0.8999999999999772,0.0,0.0,-0.0287878787878784,6208.124582246728
1129,0.56475,0.56475,12.999939,121.369896,-4.9,39319.00088651107,-167711.31410318875,7010.0,733.4,-122.0,-1.8999999999999773,0.0,0.0,-0.0593749999999992,6410.259149981075
1130,0.56525,0.56525,13.020958,121.370182,-4.2,39336.50776849498,-166244.0394219672,7345.5,721.3499999999999,-49.5,-1.7999999999999543,0.0,0.0,-0.0560606060606067,6334.414813410406
1131,0.56575,0.56575,13.012977,121.37199,-4.6,38934.11143011166,-166822.4206318017,7387.5,740.8,-19.0,-1.8000000000000682,0.0,0.0,-0.05715725806451825,6346.496192103744
1132,0.56625,0.56625,12.980843,121.3568765,-7.15,36616.84431211917,-169380.63024519465,7010.0,719.5,-148.5,-4.599999999999966,0.0,0.0,-0.1430107526881709,6318.422903457316
1133,0.56675,0.56675,12.961912,121.414669,-5.2,44562.02009561457,-171494.17073273353,6949.5,719.5,-140.5,-1.8999999999999773,0.0,0.0,-0.0593749999999992,6180.4432609807245
1134,0.56725,0.56725,13.030334,121.358017,-4.9,36706.32171636799,-164541.5871460518,7056.0,724.1,-130.0,-3.699999999999932,0.0,0.0,-0.1156250000000014,6265.338469408916
1135,0.56775,0.56775,12.989425,121.381973,-4.6,41257.73793974731,-168922.89569741322,7010.0,716.7,-53.0,0.0,0.0,0.0,0.0,6355.943924867726
1136,0.56825,0.56825,12.985611,121.358063,-4.9,38625.45125037692,-168208.9120872337,7376.0,722.3,-31.0,0.0,0.0,0.0,0.0,6421.341038063639
1137,0.56875,0.56875,13.0088425,121.358673,-4.75,36773.95328689934,-166145.96536120132,7482.5,724.1,-42.0,-1.8000000000000682,0.0,0.0,-0.0562500000000021,6361.629057319844
1138,0.56925,0.56925,12.990635,121.359146,-4.6,37015.63203900447,-168476.8922305967,7277.0,748.2,-107.0,-1.8000000000000682,0.0,0.0,-0.0575757575757603,6470.004196879338
1139,0.56975,0.56975,12.95073,121.4196665,-4.25,43870.30916214388,-173412.84184216318,7330.5,723.2,-65.0,-0.8999999999999772,0.0,0.0,-0.02812499999999925,6317.20972474028
1140,0.57025,0.57025,13.00058,121.36216,-4.9,37491.96378583758,-167586.33083300613,7071.0,718.6,-137.0,0.0,0.0,0.0,0.0,6351.493751268998
1141,0.57075,0.57075,12.990463,121.365532,-4.2,37977.23864954617,-168781.56675043653,7010.0,718.6,-92.0,-1.7999999999999543,0.0,0.0,-0.0545454545454531,6177.204570552668
1142,0.57125,0.57125,12.973224,121.4033355,-5.050000000000001,42558.57979278933,-170902.0569304899,7041.0,724.0999999999999,-60.5,0.0,0.0,0.0,0.0,6411.740892277046
1143,0.57175,0.57175,13.004608,121.360855,-4.9,37840.92998915605,-167325.80076001905,7315.0,748.2,-84.0,-3.7000000000000455,0.0,0.0,-0.1156250000000014,6462.418635354016
1144,0.57225,0.57225,12.9691975,121.377739,-3.3,38841.27933712987,-170479.57122314262,7037.0,742.7,-54.0,-3.6999999999999886,0.0,0.0,-0.11387310606060565,6534.137780670964
1145,0.57275,0.57275,12.963122,121.404129,-1.3,43261.87056030935,-171652.73491714682,7216.0,726.0,-7.0,0.0,0.0,0.0,0.0,6387.96723043687
1146,0.57325,0.57325,12.990798000000002,121.378933,-5.85,39459.20091833142,-170273.80472717062,7189.5,731.5,-99.0,0.0,0.0,0.0,0.0,6431.1773831666615
1147,0.57375,0.57375,12.962145,121.356873,-5.2,36596.68825054172,-171348.28278746712,7010.0,709.3,-144.0,0.0,0.0,0.0,0.0,6261.127803591263
1148,0.57425,0.57425,12.97132,121.400208,-4.9,41907.405128891325,-171098.87222250333,7010.0,727.8,-145.0,0.0,0.0,0.0,0.0,6439.472676129355
1149,0.57475,0.57475,12.955209,121.412094,-4.9,42558.4819592236,-172214.4924624865,7018.0,718.6,-152.0,-1.8999999999999773,0.0,0.0,-0.0612903225806444,6124.727020502169
1150,0.57525,0.57525,12.952606,121.396965,-5.5,41339.101318188965,-172407.63831685192,7010.0,724.1,-145.0,-3.699999999999932,0.0,0.0,-0.1187499999999985,6153.389194222503
1151,0.57575,0.57575,12.984956,121.359848,-4.9,37116.99255806794,-171118.10897138357,7010.0,724.1,-53.0,-1.7999999999999543,0.0,0.0,-0.0599999999999984,6207.541060333955
1152,0.57625,0.57625,12.98703,121.382202,-4.9,39613.86504326727,-169058.7760854588,7010.0,707.5,-69.0,-1.7999999999999543,0.0,0.0,-0.0545454545454566,5931.903886190159
1153,0.57675,0.57675,12.967754500000002,121.4021455,-5.2,42049.57723048623,-171069.5167213215,7029.5,713.95,-152.5,-3.699999999999932,0.0,0.0,-0.1193548387096752,6237.655536618842
1154,0.57725,0.57725,12.968941999999998,121.339733,-5.2,35090.848688384984,-170456.66503661464,6903.5,713.05,-91.5,-1.7999999999999543,0.0,0.0,-0.0563049853372419,6243.971245455901
1155,0.57775,0.57775,12.9736825,121.379509,-4.9,39073.48946925445,-170779.79793977327,7037.0,767.65,-30.0,-1.8500000000000227,0.0,0.0,-0.08846529814271781,6388.236131379733
1156,0.57825,0.57825,12.985792,121.3752095,-4.9,39453.19567220862,-168823.7096858451,7208.5,716.75,-141.0,0.0,0.0,0.0,0.0,6213.857652751523
1157,0.57875,0.57875,12.97728,121.378738,-5.5,39855.42017230027,-170438.15105575568,6957.0,698.2,-53.0,-1.7999999999999543,0.0,0.0,-0.0562499999999985,5936.875206640266
1158,0.57925,0.57925,12.981308,121.398361,-5.2,41530.5280223029,-170710.8013924882,7209.0,738.9,-61.0,-1.7999999999999543,0.0,0.0,-0.0580645161290307,6209.295236796121
1159,0.57975,0.57975,12.9820405,121.3789065,-5.050000000000001,39577.1334998691,-170292.42990310973,7307.5,722.3,-45.5,-1.8500000000000227,0.0,0.0,-0.057917888563050496,6245.706466704516
1160,0.58025,0.58025,12.991264000000001,121.36049299999999,-4.9,37333.640787539,-168708.455985183,7242.5,732.45,-106.5,-2.7999999999999545,0.0,0.0,-0.1138731060606039,6454.820678707284
1161,0.58075,0.58075,12.961586,121.390251,-5.2,40986.06976836342,-171778.16296764984,7010.0,724.1,-30.0,-1.8999999999999773,0.0,0.0,-0.1666666666666666,6113.223035177284
1162,0.58125,0.58125,12.970291,121.384201,-4.9,38881.521423324375,-171226.96895493258,7010.0,733.4,-130.0,0.0,0.0,0.0,0.0,6530.048935188655
1163,0.58175,0.58175,12.979111,121.3731,-5.2,38328.733353403826,-170236.99915561324,7010.0,722.3,-31.0,-1.8000000000000682,0.0,0.0,-0.0593749999999992,6162.254613576888
1164,0.58225,0.58225,12.945554000000001,121.4150085,-5.5,44148.861440433095,-173338.45233348678,6823.5,729.7,-110.5,-1.900000000000091,0.0,0.0,-0.08772727272727315,5994.341084560916
1165,0.58275,0.58275,12.950856,121.38354100000001,-6.35,39764.06532056995,-173400.3879931771,6965.0,698.2,-152.5,-2.749999999999943,0.0,0.0,-0.08593749999999815,6099.800384332821
1166,0.58325,0.58325,12.9722635,121.40579600000001,-6.85,42988.1932378747,-170876.7044521967,7174.0,732.45,-144.5,-1.7999999999999543,0.0,0.0,-0.0596875000000006,6248.989197865778
1167,0.58375,0.58375,12.945572,121.377388,-6.5,39965.88908133397,-172839.85359371992,6988.0,726.0,-114.0,0.0,0.0,0.0,0.0,6429.477806819922
1168,0.58425,0.58425,12.956745,121.394897,-4.9,41355.3946812231,-172251.74281436452,7201.0,720.4,-145.0,-1.8999999999999773,0.0,0.0,-0.1156250000000014,6284.45683843517
1169,0.58475,0.58475,12.981262,121.38781,-4.9,39943.986796012345,-169450.84993836208,7300.0,733.4,-129.0,-7.399999999999977,0.0,0.0,-0.2387096774193541,6107.476301566242
1170,0.58525,0.58525,12.93425,121.428368,-4.9,45569.461414005586,-175511.98256681173,7010.0,701.9,-144.0,-3.699999999999932,0.0,0.0,-0.123333333333331,6226.547806251907
1171,0.58575,0.58575,12.959817,121.390022,-5.2,40207.11823625591,-172379.9507418739,7071.0,724.1,-23.0,0.0,0.0,0.0,0.0,6056.534574253194
1172,0.58625,0.58625,12.960135999999999,121.40001699999999,-6.2,41538.748988637344,-172435.04790412972,7010.0,725.95,-133.5,0.0,0.0,0.0,0.0,6176.528667212677
1173,0.58675,0.58675,12.953555999999999,121.4011155,-7.949999999999999,41546.13592069624,-172895.06195105577,7178.0,718.55,-167.5,-1.8999999999999773,0.0,0.0,-0.1193548387096788,6273.850337321568
1174,0.58725,0.58725,12.93869,121.391068,-8.5,41798.81250533519,-174507.0014316611,7003.0,716.7,-160.0,0.0,0.0,0.0,0.0,6133.573551809241
1175,0.58775,0.58775,12.953123000000001,121.3713725,-7.8,38432.06993884346,-172479.30354606267,7010.0,711.2,-168.0,-3.7000000000000455,0.0,0.0,-0.1866666666666674,6129.503654552971
1176,0.58825,0.58825,12.919363,121.434303,-5.2,44969.11520699135,-176706.88489900134,7010.0,718.6,-152.0,-1.900000000000091,0.0,0.0,-0.1749999999999971,6257.646446637765
1177,0.58875,0.58875,12.9499745,121.419785,-4.9,43409.22559367352,-173477.77976901946,7079.0,742.65,-91.5,-1.8999999999999773,0.0,0.0,-0.0612903225806444,6449.637552441151
1178,0.58925,0.58925,12.934753,121.392914,-8.5,40492.28148143142,-175172.28159669848,7049.0,742.7,-153.0,-1.8999999999999773,0.0,0.0,-0.0633333333333325,6397.239712816212
1179,0.58975,0.58975,12.9703445,121.376789,-4.9,38733.33612985685,-170164.66675592153,7311.5,722.3,-99.0,-1.8000000000000114,0.0,0.0,-0.08418560606060604,6107.629811290361
1180,0.59025,0.59025,12.9616475,121.391705,-6.7,41134.347733647905,-171525.6945379798,7010.0,724.15,-163.5,-1.849999999999966,0.0,0.0,-0.0606989247311816,6357.751627356132
1181,0.59075,0.59075,12.925026500000001,121.40368649999999,-6.2,42490.8618488627,-176226.46655485232,7025.5,727.8,-156.5,-5.5,0.0,0.0,-0.18204301075268853,6198.9233132396275
1182,0.59125,0.59125,12.914289,121.433281,-10.1,45047.826392842166,-176479.15737468307,6957.0,727.8,-206.0,0.0,0.0,0.0,0.0,6291.830615453737
1183,0.59175,0.59175,12.941712500000001,121.390854,-7.449999999999999,40272.71104814764,-174061.77633040614,6995.0,721.3499999999999,-64.5,-3.6999999999999886,0.0,0.0,-0.17343749999999855,6303.246903930085
1184,0.59225,0.59225,12.914016499999999,121.4362905,-5.2,46385.28914706568,-176177.54071954964,7010.0,717.65,-118.0,-0.8999999999999772,0.0,0.0,-0.02903225806451535,6106.008724482315
1185,0.59275,0.59275,12.9408875,121.403145,-5.5,41803.689065724044,-174883.2855831714,7186.0,746.4,-141.0,-1.8999999999999773,0.0,0.0,-0.058719758064514946,6399.469557682987
1186,0.59325,0.59325,12.912241,121.397224,-9.1,40958.91834039772,-177129.20381372815,6736.0,720.4,-267.0,-3.7000000000000455,0.0,0.0,-0.1156250000000014,6382.404606879437
1187,0.59375,0.59375,12.8963735,121.439144,-8.3,45481.845098742655,-179132.93915953662,7029.5,726.0,-239.5,-7.400000000000034,0.0,0.0,-0.23125000000000104,6469.604486648118
1188,0.59425,0.59425,12.9238625,121.417671,-8.8,43168.9668921557,-175882.8737569308,6972.5,711.2,-160.0,-1.8500000000000796,0.0,0.0,-0.08979166666666655,6022.276370487023
1189,0.59475,0.59475,12.937426,121.418488,-5.5,44374.60973693397,-174892.95955515173,7079.0,720.4,-144.0,-3.699999999999932,0.0,0.0,-0.1156250000000014,6391.977684863489
1190,0.59525,0.59525,12.912101,121.399399,-10.1,42068.36519278999,-177710.3093030291,6927.0,707.5,-175.0,-3.7000000000000455,0.0,0.0,-0.1193548387096788,6116.924699745325
1191,0.59575,0.59575,12.952508,121.39994,-8.1,41843.72335535598,-172838.40805767683,7010.0,711.2,-176.0,-1.8000000000000682,0.0,0.0,-0.0562500000000021,6225.060198771682
1192,0.59625,0.59625,12.90152,121.438087,-8.1,45860.1450008177,-177604.00680632566,6965.0,738.9,-138.0,-5.5,0.0,0.0,-0.2312499999999993,6355.332103421294
1193,0.59675,0.59675,12.922845,121.429863,-6.8,45323.824576893894,-175142.37012011537,6873.0,726.0,-160.0,-3.699999999999932,0.0,0.0,-0.1193548387096752,6106.258182642335
1194,0.59725,0.59725,12.918571,121.4190675,-6.65,43318.362532988904,-177798.1534164131,7010.0,736.1500000000001,-160.0,-4.600000000000023,0.0,0.0,-0.1666666666666666,6424.325893675744
1195,0.59775,0.59775,12.929558,121.410057,-5.2,42361.242233933925,-175561.46437751554,7178.0,738.9,-153.0,-3.699999999999932,0.0,0.0,-0.1156249999999978,6412.850120095971
1196,0.59825,0.59825,12.940549,121.41299799999999,-7.35,43339.41631221425,-174618.86368237625,6949.5,700.05,-167.5,-1.8000000000000114,0.0,0.0,-0.058064516129032545,5960.638450945227
1197,0.59875,0.59875,12.917827,121.419983,-6.8,43396.72553015812,-176377.1914861089,6957.0,722.3,-160.0,-5.5,0.0,0.0,-0.171875,6307.603124679396
1198,0.59925,0.59925,12.888382,121.4241255,-7.949999999999999,44953.6340628549,-179700.53444658854,6808.5,720.45,-191.0,-2.7999999999999545,0.0,0.0,-0.09134408602150385,6365.00976007044
1199,0.59975,0.59975,12.894077,121.41716,-8.1,43152.4752190756,-179865.2699579547,6972.0,726.0,-191.0,0.0,0.0,0.0,0.0,6335.82366149343
1200,0.60025,0.60025,12.9297915,121.4226795,-7.5,44258.29841617472,-174799.55568775555,7010.0,721.35,-156.0,-5.5,0.0,0.0,-0.2037878787878784,6295.308522519292
1201,0.60075,0.60075,12.8756105,121.478985,-5.7,51079.9335240252,-181453.1913012297,6835.5,710.25,-168.0,-9.25,0.0,0.0,-0.2890625,6329.392738172681
1202,0.60125,0.60125,12.8796005,121.4410435,-8.8,46457.88676215343,-181821.8029922037,6618.0,720.4,-217.0,-8.300000000000011,0.0,0.0,-0.2642424242424249,6358.441600058818
1203,0.60175,0.60175,12.947113,121.410828,-7.8,43852.99835937813,-173819.70464073776,7010.0,713.0,-160.0,-3.699999999999932,0.0,0.0,-0.1156249999999978,6108.207317740459
1204,0.60225,0.60225,12.899025,121.4407995,-8.8,46299.37526519946,-178838.99496493937,6934.5,714.9000000000001,-213.5,-5.600000000000023,0.0,0.0,-0.1723484848484855,6393.231165091049
1205,0.60275,0.60275,12.943771,121.393005,-5.5,40688.75422024413,-173164.09844768076,6988.0,703.8,-152.0,-3.699999999999932,0.0,0.0,-0.1121212121212135,6007.961778323475
1206,0.60325,0.60325,12.880539,121.439636,-8.5,46057.234038385905,-179936.9907847053,6744.0,727.8,-99.0,-1.7999999999999543,0.0,0.0,-0.0562500000000021,6047.4111910448655
1207,0.60375,0.60375,12.877862,121.43289949999999,-8.5,44827.98259692958,-182275.1453343159,6713.5,721.35,-259.0,-3.7000000000000455,0.0,0.0,-0.14838709677419426,6276.026198820458
1208,0.60425,0.60425,12.900284,121.4394,-9.1,45567.03868077189,-177858.64354006006,6873.0,720.4,-205.0,-1.8999999999999773,0.0,0.0,-0.1121212121212135,6243.568499503164
1209,0.60475,0.60475,12.9160465,121.4313925,-9.3,44654.541827551846,-177264.3614337523,6854.5,693.5999999999999,-202.5,-0.9500000000000455,0.0,0.0,-0.0578125000000007,6138.7304003264235
1210,0.60525,0.60525,12.86824,121.411522,-8.5,42445.97032112637,-182575.76123372724,6652.0,722.3,-153.0,-1.7999999999999543,0.0,0.0,-0.0562499999999985,6056.276052733397
1211,0.60575,0.60575,12.86364,121.448318,-8.1,47746.14512247536,-182672.7233436909,6721.0,707.5,-168.0,-3.7000000000000455,0.0,0.0,-0.1156250000000014,6304.310931786658
1212,0.60625,0.60625,12.8824085,121.4622195,-7.0,48977.35058536928,-180648.9728834408,6648.5,706.55,-217.0,-5.550000000000011,0.0,0.0,-0.21430107526881753,6296.295691865425
1213,0.60675,0.60675,12.887763499999998,121.44119649999999,-7.0,45717.56772758714,-180337.1262809257,6831.5,718.55,-160.0,-4.599999999999966,0.0,0.0,-0.17626008064516163,6025.099206976465
1214,0.60725,0.60725,12.901859,121.441605,-7.5,47668.16158235709,-177484.80568031507,7003.0,724.1,-107.0,-3.7000000000000455,0.0,0.0,-0.1193548387096788,6311.2593603544865
1215,0.60775,0.60775,12.9043505,121.42853199999999,-8.15,44351.08662255788,-178566.8450060678,6930.5,708.4000000000001,-156.5,-3.6999999999999886,0.0,0.0,-0.23497983870967842,6108.011343091212
1216,0.60825,0.60825,12.897377,121.445587,-7.2,47135.717707117685,-178891.81262804993,6637.0,698.2,-152.0,-3.750000000000057,0.0,0.0,-0.20113636363636395,5822.4787328415505
1217,0.60875,0.60875,12.928488000000002,121.4290355,-8.65,44913.388124518286,-175870.14192024394,6812.0,725.05,-194.5,-5.599999999999966,0.0,0.0,-0.1749999999999989,6239.561793922128
1218,0.60925,0.60925,12.8709185,121.42844,-8.5,45107.59601558061,-182242.34278564702,6511.5,711.2,-259.0,-6.449999999999989,0.0,0.0,-0.2312499999999993,6307.56301596986
1219,0.60975,0.60975,12.913765,121.42781099999999,-8.15,44957.463356065055,-176868.22896042033,6640.5,716.7,-171.5,-1.900000000000034,0.0,0.0,-0.16818181818181843,6229.806740997106
1220,0.61025,0.61025,12.863892,121.456604,-9.4,48841.225722078656,-182216.82351473375,6728.0,724.1,-251.0,-5.5,0.0,0.0,-0.1774193548387097,6225.5596182898
1221,0.61075,0.61075,12.878588,121.4526065,-8.95,47545.06171397862,-180258.51135920058,6690.5,705.65,-167.5,-1.8000000000000114,0.0,0.0,-0.14999999999999925,6048.694460583352
1222,0.61125,0.61125,12.910766500000001,121.4552765,-5.7,47238.08361243049,-177168.34448197047,6747.5,720.4000000000001,-171.5,-6.449999999999989,0.0,0.0,-0.22774621212121138,6287.137612058699
1223,0.61175,0.61175,12.881104,121.444763,-9.8,46624.39789699389,-181130.11399561103,6721.0,737.1,-304.0,-7.400000000000091,0.0,0.0,-0.2312500000000028,6525.295954049177
1224,0.61225,0.61225,12.865036,121.4280855,-8.95,45331.35714286053,-182965.44439240562,6584.0,713.0,-252.0,-4.600000000000023,0.0,0.0,-0.1723484848484855,6215.691017837993
1225,0.61275,0.61275,12.896805,121.4400215,-8.5,46203.62699408722,-179386.18595476827,6934.5,705.65,-213.0,-2.799999999999983,0.0,0.0,-0.11387310606060655,6170.372592258744
1226,0.61325,0.61325,12.8655255,121.431671,-8.5,45811.351555650486,-181900.25112130848,6503.5,702.8499999999999,-201.5,-4.600000000000023,0.0,0.0,-0.2136559139784946,6088.673903263992
1227,0.61375,0.61375,12.885165,121.444511,-10.4,46064.568415100126,-179936.54600438455,6797.0,716.7,-290.0,-5.600000000000023,0.0,0.0,-0.1833333333333333,6186.127931834097
1228,0.61425,0.61425,12.895668,121.4443165,-7.0,46107.61539896562,-178729.52340844946,6641.0,708.4000000000001,-156.0,-4.650000000000034,0.0,0.0,-0.1530107526881731,6213.987803706971
1229,0.61475,0.61475,12.9080045,121.4493255,-9.1,47517.20754279106,-178156.20157476532,6922.5,725.05,-160.5,-1.8500000000000227,0.0,0.0,-0.1239784946236559,6184.39313136963
1230,0.61525,0.61525,12.861313,121.48243,-9.4,50547.00567191454,-183804.91165062855,6728.0,709.3,-160.0,-5.600000000000023,0.0,0.0,-0.1696969696969703,5903.375297387774
1231,0.61575,0.61575,12.823929,121.466549,-8.1,49148.195666882886,-187495.92114390078,6359.0,702.8499999999999,-197.5,-5.600000000000023,0.0,0.0,-0.1996212121212121,5997.663093369465
1232,0.61625,0.61625,12.835151,121.449089,-9.1,47358.35618764436,-184932.9857395978,6614.0,705.6,-275.0,-7.399999999999977,0.0,0.0,-0.2387096774193541,6151.659125843541
1233,0.61675,0.61675,12.878174,121.438004,-5.2,45544.291896285875,-181331.26589575343,6614.0,714.9,-152.0,-5.599999999999909,0.0,0.0,-0.1866666666666636,6232.748697917062
1234,0.61725,0.61725,12.839272000000001,121.4821665,-9.1,51663.89112876478,-184954.05720730225,6781.5,719.5,-179.0,-5.599999999999966,0.0,0.0,-0.23281249999999964,6233.346687849662
1235,0.61775,0.61775,12.861639499999999,121.479973,-8.95,49910.59500739802,-184197.48588139314,6595.0,702.8499999999999,-201.5,-4.650000000000034,0.0,0.0,-0.1751710654936468,6157.028199920118
1236,0.61825,0.61825,12.8328095,121.5028,-9.25,53534.15001687758,-185814.20675044862,6534.0,714.9000000000001,-266.5,-7.399999999999977,0.0,0.0,-0.2312499999999993,6160.13683297607
1237,0.61875,0.61875,12.838715,121.497322,-8.8,52384.211400277665,-185990.22856245845,6713.0,703.8,-213.0,-7.399999999999977,0.0,0.0,-0.2387096774193577,6169.357225013901
1238,0.61925,0.61925,12.8419975,121.483856,-7.65,50873.10958390896,-184926.8144126451,6332.0,702.8499999999999,-168.0,-1.8999999999999773,0.0,0.0,-0.17078598484848515,5920.432624803066
1239,0.61975,0.61975,12.838828,121.470383,-9.4,49259.899348857376,-185829.7740616815,6546.0,705.6,-206.0,-7.399999999999977,0.0,0.0,-0.3066666666666682,6121.866990279492
1240,0.62025,0.62025,12.8832325,121.4360045,-8.3,46035.17561219863,-181597.1333325921,6621.5,714.9,-160.0,-7.399999999999977,0.0,0.0,-0.2349798387096767,6288.132451834025
1241,0.62075,0.62075,12.821594000000001,121.4801635,-8.65,49933.73864845632,-187280.9254562689,6500.0,706.55,-229.0,-5.5,0.0,0.0,-0.17204301075268813,6177.738258668929
1242,0.62125,0.62125,12.840683,121.443016,-8.8,46948.24430963997,-185064.8631047549,6797.0,705.6,-259.0,0.0,0.0,0.0,0.0,6204.806236823223
1243,0.62175,0.62175,12.818893,121.491875,-8.5,51019.352767935954,-186946.9510327877,6439.0,694.5,-152.0,-1.8999999999999773,0.0,0.0,-0.171875,5808.701180293017
1244,0.62225,0.62225,12.818733,121.475521,-8.6,50264.15979853888,-187115.8563596624,6347.5,703.8,-179.5,-7.399999999999976,0.0,0.0,-0.23123167155425,6061.440657301505
1245,0.62275,0.62275,12.838083,121.456558,-8.8,48050.99769818035,-185936.74372886613,6462.0,718.6,-152.0,-9.200000000000044,0.0,0.0,-0.2906250000000021,6019.450063176467
1246,0.62325,0.62325,12.857728,121.431595,-10.1,45714.92326005335,-183730.7445321129,6393.0,718.6,-259.0,-7.399999999999977,0.0,0.0,-0.2466666666666659,6259.4934650067125
1247,0.62375,0.62375,12.837035499999999,121.4707985,-9.25,49686.011192867605,-185374.819390906,6591.0,705.6,-228.5,-2.8000000000000114,0.0,0.0,-0.12295698924731174,6039.316890141441
1248,0.62425,0.62425,12.841467999999999,121.483242,-9.8,50906.9659629875,-185550.22962997417,6267.5,717.65,-259.0,-7.399999999999977,0.0,0.0,-0.26310483870967594,6157.945503152734
1249,0.62475,0.62475,12.830987499999999,121.4911995,-7.0,51807.57647422012,-186440.73543002442,6595.0,705.5999999999999,-156.0,-5.5499999999999545,0.0,0.0,-0.17078598484848515,6098.575414338746
1250,0.62525,0.62525,12.810059,121.500984,-8.5,52160.85581022041,-187885.7710951993,6454.0,705.6,-153.0,-3.7000000000000455,0.0,0.0,-0.1750000000000007,5841.141826990596
1251,0.62575,0.62575,12.832581,121.485825,-8.5,51501.98020273295,-186050.6074910251,6279.0,709.3,-160.0,-1.900000000000091,0.0,0.0,-0.2312499999999993,6016.055877348158
1252,0.62625,0.62625,12.856983,121.452057,-8.5,47204.34238738782,-182827.3957002957,6393.0,718.6,-259.0,-3.7000000000000455,0.0,0.0,-0.1193548387096788,6238.952847854215
1253,0.62675,0.62675,12.823419,121.495682,-8.1,52770.80286884072,-186198.27455757535,6241.0,703.8,-183.0,-5.5,0.0,0.0,-0.2906250000000021,5962.831890692853
1254,0.62725,0.62725,12.8122785,121.4806595,-9.600000000000001,50015.22762136026,-188082.36399705225,6382.0,713.95,-251.5,-7.399999999999977,0.0,0.0,-0.23497983870967842,6224.437083371602
1255,0.62775,0.62775,12.808365,121.495491,-9.4,53415.64365416139,-189231.0091758648,6256.0,718.6,-206.0,-3.7000000000000455,0.0,0.0,-0.1806451612903196,6121.337182429847
1256,0.62825,0.62825,12.845142,121.475643,-8.65,49855.66010016474,-184186.4219709101,6549.5,712.1,-240.0,-6.449999999999989,0.0,0.0,-0.2387096774193541,6270.934161277175
1257,0.62875,0.62875,12.844414,121.4689025,-10.1,49534.331567951944,-184555.14485696435,6366.5,713.95,-232.0,-3.7000000000000455,0.0,0.0,-0.15000000000000105,6189.634231531395
1258,0.62925,0.62925,12.795069,121.511345,-7.8,54825.12183869414,-189765.63512162748,6401.0,700.1,-160.0,-5.599999999999909,0.0,0.0,-0.1749999999999971,5508.087164552564
1259,0.62975,0.62975,12.799208,121.477058,-10.1,50149.95024879686,-190188.06523143497,6325.0,722.3,-259.0,-7.5,0.0,0.0,-0.2906249999999986,6117.820899650966
1260,0.63025,0.63025,12.801819,121.499321,-8.5,52523.29399210452,-189789.7644540381,6172.0,707.5,-183.0,-7.399999999999977,0.0,0.0,-0.2875000000000014,6027.55913067364
1261,0.63075,0.63075,12.8174515,121.4554175,-9.25,48537.247104028225,-187543.9574185615,6279.0,714.9000000000001,-248.0,-3.699999999999932,0.0,0.0,-0.1456149193548394,6069.626637518498
1262,0.63125,0.63125,12.848008499999999,121.4778135,-9.600000000000001,49907.64342130492,-183848.4445245401,6435.0,712.1,-277.5,-1.849999999999966,0.0,0.0,-0.1193548387096752,6092.46039076755
1263,0.63175,0.63175,12.839543500000001,121.462643,-9.75,48033.24706914436,-185192.29266670253,6332.0,715.8,-259.0,-5.600000000000023,0.0,0.0,-0.2387096774193577,6120.285929917306
1264,0.63225,0.63225,12.832855,121.500504,-10.1,52116.302296006346,-186492.2743497128,6386.0,711.2,-252.0,-5.600000000000023,0.0,0.0,-0.1866666666666636,6181.682943920756
1265,0.63275,0.63275,12.843948,121.480232,-8.5,49953.379196885646,-184694.472292497,6332.0,709.3,-198.0,-7.399999999999977,0.0,0.0,-0.234375,6192.816518078615
1266,0.63325,0.63325,12.827311000000002,121.4842795,-8.65,51443.112385189896,-187698.96336040695,6298.0,701.95,-156.5,-4.600000000000023,0.0,0.0,-0.2312499999999993,5831.346311732726
1267,0.63375,0.63375,12.800143,121.4832495,-10.55,50267.07719635407,-189489.31534724712,6294.0,711.2,-267.0,-5.600000000000023,0.0,0.0,-0.22774621212121138,6123.856262127778
1268,0.63425,0.63425,12.833542,121.479156,-9.4,51185.09348143149,-187172.78824074197,6462.0,722.3,-228.0,-5.5,0.0,0.0,-0.2312499999999993,6089.533584837484
1269,0.63475,0.63475,12.791199,121.516548,-10.7,55393.50897641589,-189797.3257194938,6210.0,698.2,-266.0,-7.399999999999977,0.0,0.0,-0.2312499999999993,5895.669526491337
1270,0.63525,0.63525,12.8107455,121.50988050000001,-8.5,54447.97261184979,-189320.96599577367,6397.0,714.9,-171.5,-6.449999999999989,0.0,0.0,-0.32999999999999996,5887.776982469599
1271,0.63575,0.63575,12.78506,121.534264,-7.5,55923.8077537142,-190780.6238139993,6309.0,698.2,-168.0,-1.8999999999999773,0.0,0.0,-0.1193548387096752,5961.428687758784
1272,0.63625,0.63625,12.8125025,121.5020145,-9.45,52559.77959045621,-188755.3166226257,6343.5,714.85,-209.0,-7.399999999999977,0.0,0.0,-0.3378787878787871,6003.89689997586
1273,0.63675,0.63675,12.8004575,121.4859045,-8.1,51731.12271364471,-190113.5645276783,6366.5,691.7,-183.0,-3.6999999999999886,0.0,0.0,-0.16993371212121064,6033.103963020919
1274,0.63725,0.63725,12.794174,121.509514,-10.1,53501.501856481096,-190376.0961121096,6043.0,714.9,-160.0,-3.7000000000000455,0.0,0.0,-0.1774193548387097,5487.6918230114
1275,0.63775,0.63775,12.828552,121.482033,-8.8,49914.28282063301,-186767.48217329095,6370.0,687.1,-251.0,-3.7000000000000455,0.0,0.0,-0.1750000000000007,5780.656618051148
1276,0.63825,0.63825,12.8041535,121.50135449999999,-9.6,52328.008518097326,-190441.25642912643,6111.0,719.5,-240.0,-2.750000000000057,0.0,0.0,-0.2349798387096767,6058.186120950433
1277,0.63875,0.63875,12.790739,121.500648,-8.8,52522.46616512386,-190728.91810169048,5852.0,696.4,-168.0,-3.699999999999932,0.0,0.0,-0.2312499999999993,5810.129881384014
1278,0.63925,0.63925,12.825073,121.486336,-9.4,51994.099205302606,-187321.78964825487,6370.0,711.2,-244.0,-5.5,0.0,0.0,-0.2387096774193541,5996.442020668298
1279,0.63975,0.63975,12.785889,121.494812,-10.1,52037.57640955279,-191220.7339415634,6187.0,709.3,-221.0,-3.6999999999999886,0.0,0.0,-0.2874999999999978,5804.726467405639
1280,0.64025,0.64025,12.802734,121.491028,-7.8,52816.32441316516,-189393.35399300556,6157.0,692.6,-236.0,0.0,0.0,0.0,0.0,5909.595570603139
1281,0.64075,0.64075,12.75103,121.524796,-9.1,54844.05547635489,-194246.12968455735,5974.0,709.3,-190.0,-5.600000000000023,0.0,0.0,-0.1866666666666674,5831.5225080889195
1282,0.64125,0.64125,12.810757,121.50145,-8.8,53134.82473040666,-188852.3899276694,6302.0,692.6,-53.0,-1.8999999999999773,0.0,0.0,-0.1750000000000007,5685.253614238306
1283,0.64175,0.64175,12.785945,121.52758,-8.8,55334.3068378104,-191646.38870869752,6187.0,707.5,-236.0,-7.399999999999977,0.0,0.0,-0.2466666666666659,6181.6089524874515
1284,0.64225,0.64225,12.780867,121.524044,-8.8,54846.83190922659,-192955.59958336712,5871.0,697.3,-156.0,-2.7999999999999545,0.0,0.0,-0.14452590420332273,5917.583713914133
1285,0.64275,0.64275,12.7821615,121.503998,-9.45,53043.78357943791,-191122.15950293659,6084.5,704.7,-206.5,-5.599999999999966,0.0,0.0,-0.23497983870968026,5971.210610709879
1286,0.64325,0.64325,12.743535,121.527824,-9.8,56985.94636163093,-195079.53681090777,5959.0,687.1,-236.0,-1.8999999999999773,0.0,0.0,-0.1193548387096788,5868.864838193816
1287,0.64375,0.64375,12.745605,121.544403,-7.8,58343.26976762519,-196494.04942655851,5753.0,687.1,-175.0,-9.200000000000044,0.0,0.0,-0.2906249999999986,6023.765912142711
1288,0.64425,0.64425,12.798303,121.496151,-10.1,52722.1859220933,-190362.8083000215,6187.5,706.55,-198.5,-4.600000000000023,0.0,0.0,-0.2387096774193559,5550.549697956773
1289,0.64475,0.64475,12.7562025,121.5417445,-8.3,57489.78397210728,-194096.40550902294,5814.0,670.4000000000001,-228.5,-1.8500000000000227,0.0,0.0,-0.057917888563050496,5672.940185917427
1290,0.64525,0.64525,12.781082,121.517609,-8.1,55072.37270498051,-191637.49310227885,6149.0,711.2,-182.0,-3.699999999999932,0.0,0.0,-0.2387096774193541,6041.213627930097
1291,0.64575,0.64575,12.784195,121.526787,-10.1,56868.59233175771,-191321.03190393417,5890.0,701.9,-206.0,-3.7000000000000455,0.0,0.0,-0.1156250000000014,5935.241063612257
1292,0.64625,0.64625,12.7704095,121.541046,-8.8,57193.0482513265,-193605.75721749244,5947.5,699.1500000000001,-183.0,-5.600000000000023,0.0,0.0,-0.2921370967741932,6045.828672595472
1293,0.64675,0.64675,12.780055999999998,121.5049595,-10.1,52951.86806417103,-191708.49116100796,6195.0,704.7,-225.0,-3.699999999999932,0.0,0.0,-0.17378787878787916,5879.022728834088
1294,0.64725,0.64725,12.787167,121.52292249999999,-9.1,54970.72949762715,-191525.24166878313,6023.5,688.95,-259.0,-5.5,0.0,0.0,-0.20545454545454545,5967.564633336486
1295,0.64775,0.64775,12.730734,121.542564,-9.1,57215.41545520598,-197817.7156616584,5898.0,698.2,-183.0,-7.5,0.0,0.0,-0.2967741935483886,6003.418607202735
1296,0.64825,0.64825,12.753635500000001,121.52418499999999,-9.25,56588.12011936713,-194383.9559865067,6096.0,688.0,-229.0,-5.550000000000011,0.0,0.0,-0.24833333333333296,5713.004234352786
1297,0.64875,0.64875,12.7700615,121.496609,-9.4,51723.73311372096,-192818.27365927887,6138.0,694.5,-270.5,-3.6999999999999886,0.0,0.0,-0.20468750000000036,6008.0852623493465
1298,0.64925,0.64925,12.756666,121.525124,-9.4,56724.863190203134,-194987.35608939445,5936.0,687.1,-221.0,-3.699999999999932,0.0,0.0,-0.1833333333333333,5857.882549157548
1299,0.64975,0.64975,12.756981,121.532772,-9.1,55843.91807698841,-194446.1140363575,5860.0,701.9,-255.0,-7.399999999999977,0.0,0.0,-0.2999999999999985,5879.378419483701
1300,0.65025,0.65025,12.788737000000001,121.51030750000001,-8.95,53363.986211613934,-191081.35090849077,5921.0,687.1,-228.5,-4.600000000000023,0.0,0.0,-0.17083333333333367,5708.824721745648
1301,0.65075,0.65075,12.758331,121.55739600000001,-10.100000000000001,58411.88096528155,-194402.4143698255,5863.5,698.25,-190.5,-1.8999999999999773,0.0,0.0,-0.20967741935483863,5738.974551191381
1302,0.65125,0.65125,12.767349,121.518089,-9.1,55792.82173009493,-193579.73756871765,6149.0,696.4,-259.0,-5.600000000000023,0.0,0.0,-0.2387096774193541,6090.689038870598
1303,0.65175,0.65175,12.766987499999999,121.5275035,-10.1,56308.34527809874,-193534.87035384384,5917.0,701.0,-179.0,-3.6999999999999886,0.0,0.0,-0.2054545454545472,4882.972073824392
1304,0.65225,0.65225,12.739904,121.496147,-9.4,53429.65354260086,-195498.96465354873,6203.0,707.5,-259.0,-5.5,0.0,0.0,-0.2312499999999993,6065.019511617354
1305,0.65275,0.65275,12.781778,121.52637899999999,-9.4,55635.80468618827,-192051.24999582788,6004.5,697.3,-266.5,-4.600000000000023,0.0,0.0,-0.2387096774193541,5849.301867007622
1306,0.65325,0.65325,12.7505035,121.5403365,-9.95,57630.50948008252,-194872.38037643285,5939.5,701.95,-259.0,-4.650000000000034,0.0,0.0,-0.22926136363636324,5965.9501855087865
1307,0.65375,0.65375,12.725845,121.563194,-8.8,59506.61733281164,-198411.94217042645,5624.0,681.5,-168.0,-5.600000000000023,0.0,0.0,-0.358064516129033,5339.079619735819
1308,0.65425,0.65425,12.74442,121.526451,-9.1,56334.035807689186,-195957.53316443175,5898.0,703.8,-252.0,-5.599999999999909,0.0,0.0,-0.2818181818181839,6060.808670795348
1309,0.65475,0.65475,12.784492499999999,121.5156785,-9.95,53777.660406362345,-192620.62440416362,6096.0,693.55,-255.0,-4.649999999999977,0.0,0.0,-0.25653409090909335,6179.710404832235
1310,0.65525,0.65525,12.751077,121.527397,-9.4,56385.692912021375,-195737.47810064987,5806.0,696.4,-252.0,-3.7000000000000455,0.0,0.0,-0.1806451612903233,5868.59882709005
1311,0.65575,0.65575,12.735513,121.550579,-9.4,57900.59743940916,-196585.0070021897,5852.0,703.8,-243.5,-5.5,0.0,0.0,-0.2967741935483886,6126.598177652875
1312,0.65625,0.65625,12.7547545,121.5278965,-9.95,55306.88831480344,-195888.64781222714,5802.5,699.1500000000001,-236.5,-7.449999999999989,0.0,0.0,-0.3640322580645169,6103.018628674807
1313,0.65675,0.65675,12.7320305,121.52557,-9.1,55621.071710344884,-196823.4648517504,5776.0,691.7,-221.0,-5.599999999999966,0.0,0.0,-0.21268817204301074,5834.229336658926
1314,0.65725,0.65725,12.765518,121.529388,-9.4,55810.1384992676,-193271.28241615015,5883.0,694.5,-153.0,-1.900000000000034,0.0,0.0,-0.1696969696969703,5826.69981593536
1315,0.65775,0.65775,12.746384,121.550514,-9.4,58296.28965998192,-196128.10641750984,5677.0,687.1,-275.0,-5.5,0.0,0.0,-0.2312500000000028,5908.813325316417
1316,0.65825,0.65825,12.754211,121.548141,-9.1,57790.04975406664,-195650.63474298717,5791.0,696.4,-206.0,-3.7000000000000455,0.0,0.0,-0.2818181818181839,5902.255735257667
1317,0.65875,0.65875,12.758285,121.53804,-9.8,57806.4913316684,-194697.69290538575,5890.0,692.6,-221.0,-3.7000000000000455,0.0,0.0,-0.1774193548387097,5774.532012728019
1318,0.65925,0.65925,12.737437,121.554855,-10.1,59355.053901750965,-197194.57843202996,5730.0,696.4,-252.0,-5.600000000000023,0.0,0.0,-0.2875000000000014,5910.0093056852975
1319,0.65975,0.65975,12.727941,121.549652,-9.8,58862.000994555674,-197630.1295613044,5753.0,685.2,-175.0,-3.699999999999932,0.0,0.0,-0.1156250000000014,5385.430560128218
1320,0.66025,0.66025,12.697128500000002,121.55995200000001,-9.4,59096.72598127034,-201101.69556373556,5357.0,687.1,-175.0,-1.8000000000000114,0.0,0.0,-0.11562499999999959,5806.6016731115105
1321,0.66075,0.66075,12.707072499999999,121.556999,-9.600000000000001,59561.26774990802,-199192.92081644665,5661.5,685.2,-236.0,-3.6999999999999886,0.0,0.0,-0.265641025641027,5857.258090425612
1322,0.66125,0.66125,12.723038,121.532402,-9.4,56869.64858200303,-198837.37454739973,5753.0,681.5,-168.0,-3.7000000000000455,0.0,0.0,-0.2242424242424235,5653.725231380392
1323,0.66175,0.66175,12.720165999999999,121.57367300000001,-9.25,60370.68187233672,-198175.8194175504,5658.0,682.45,-248.0,-5.600000000000023,0.0,0.0,-0.2349798387096767,5686.94734283256
1324,0.66225,0.66225,12.7146605,121.5627325,-9.25,60215.492512966055,-198629.0505645824,5681.0,694.5,-236.0,-6.5,0.0,0.0,-0.2387096774193559,5998.6392018383995
1325,0.66275,0.66275,12.728965,121.544495,-10.1,57317.9158750764,-198066.34786106052,5745.0,703.8,-259.0,-5.600000000000023,0.0,0.0,-0.2387096774193541,6019.296291098796
1326,0.66325,0.66325,12.713622,121.56443,-9.25,59593.9507694107,-199632.47496860998,5864.0,685.2,-179.5,-1.8999999999999773,0.0,0.0,-0.2031249999999982,5478.01410285143
1327,0.66375,0.66375,12.710018,121.566223,-10.4,59725.32622922881,-200169.26921843743,5608.0,687.1,-228.0,-7.400000000000091,0.0,0.0,-0.3000000000000022,5807.693823367247
1328,0.66425,0.66425,12.726196,121.52858,-9.8,56716.34644085661,-198957.13164881157,5624.0,694.5,-229.0,-3.699999999999932,0.0,0.0,-0.2242424242424235,5735.584587702697
1329,0.66475,0.66475,12.725281,121.538422,-9.8,56841.254036779574,-198665.5781484392,5761.0,696.4,-267.0,-3.7000000000000455,0.0,0.0,-0.1833333333333333,5909.2104621499275
1330,0.66525,0.66525,12.735443,121.528305,-9.1,55397.15023431337,-197866.7526920417,5570.0,677.8,-267.0,-7.399999999999977,0.0,0.0,-0.2906249999999986,6000.257746048089
1331,0.66575,0.66575,12.6831435,121.5825465,-8.65,62005.23280132608,-202554.23689682604,5585.0,661.15,-152.5,-5.5,0.0,0.0,-0.32343749999999966,5268.8622976197075
1332,0.66625,0.66625,12.742558,121.546532,-10.1,57242.37928685216,-196313.5798113396,5761.0,688.9,-251.0,-1.8000000000000682,0.0,0.0,-0.0612903225806444,5787.51188584148
1333,0.66675,0.66675,12.6830415,121.5799145,-9.25,60724.82266223303,-202114.5159520426,5562.5,683.35,-232.5,-5.599999999999966,0.0,0.0,-0.2387096774193559,5615.873839530492
1334,0.66725,0.66725,12.7193285,121.5528525,-9.4,59216.699917965176,-199244.45973613506,5646.5,680.6,-236.5,-5.600000000000023,0.0,0.0,-0.34687499999999893,5909.422824044855
1335,0.66775,0.66775,12.729579000000001,121.5529975,-9.600000000000001,59599.71195660101,-197331.4595757975,5669.0,682.45,-213.0,-2.7999999999999545,0.0,0.0,-0.2037878787878784,5659.353829439524
1336,0.66825,0.66825,12.670681,121.58078,-8.8,60953.77410089951,-203469.2056145276,5364.0,679.7,-153.0,-3.7000000000000455,0.0,0.0,-0.224242424242427,4887.920073577057
1337,0.66875,0.66875,12.7373335,121.5611875,-10.1,59384.44645679852,-197283.42330113647,5882.5,700.1,-201.5,-2.80000000000004,0.0,0.0,-0.20545454545454545,5681.801624675059
1338,0.66925,0.66925,12.6946555,121.5789985,-9.1,62176.24981300821,-200980.5485238211,5422.0,675.95,-164.0,-1.8999999999999773,0.0,0.0,-0.2890625,5528.530341055459
1339,0.66975,0.66975,12.704666,121.553627,-10.899999999999999,59372.71657797441,-200343.78989686377,5604.5,712.1,-248.0,-3.699999999999932,0.0,0.0,-0.26310483870967594,5907.897841656797
1340,0.67025,0.67025,12.71863,121.577019,-8.5,60775.39749751292,-199197.53541227672,5464.0,674.1,-206.0,-5.5,0.0,0.0,-0.2906249999999986,5642.701531545739
1341,0.67075,0.67075,12.698792000000001,121.56919500000001,-8.8,60152.88339981594,-201416.2664457163,5532.0,688.0,-205.5,-1.799999999999983,0.0,0.0,-0.1723484848484855,4584.311515913738
1342,0.67125,0.67125,12.706008,121.5693895,-9.25,60419.773193002664,-200472.16461699348,5505.5,687.05,-210.0,-6.449999999999989,0.0,0.0,-0.2312499999999993,5731.599623298063
1343,0.67175,0.67175,12.695397499999999,121.5137215,-8.8,53838.840859340504,-201125.76929860626,5502.0,679.65,-194.0,-7.399999999999977,0.0,0.0,-0.2862215909090913,5393.512295408638
1344,0.67225,0.67225,12.6916805,121.564419,-9.15,60683.08906134422,-201621.0877835066,5520.5,669.5,-198.5,-4.600000000000023,0.0,0.0,-0.16818181818181843,5563.603130386815
1345,0.67275,0.67275,12.700023,121.5743065,-9.4,60108.68641738722,-201289.67084687034,5577.5,688.0,-160.0,-3.69999999999996,0.0,0.0,-0.25874877810361707,4999.404824336115
1346,0.67325,0.67325,12.690327,121.564529,-9.4,59420.22865566625,-201980.85946560217,5677.0,694.5,-251.0,-5.5,0.0,0.0,-0.2387096774193541,6036.055672839467
1347,0.67375,0.67375,12.7125455,121.5661125,-8.65,60157.46993892899,-200071.86232815275,5593.0,689.8499999999999,-144.0,-3.7000000000000455,0.0,0.0,-0.22774621212121138,5865.942040859132
1348,0.67425,0.67425,12.713222,121.550415,-8.3,58379.295181386304,-199809.66432896222,5688.5,692.6,-232.0,-7.399999999999977,0.0,0.0,-0.2387096774193541,5558.080940767368
1349,0.67475,0.67475,12.692747,121.582474,-9.8,61395.75834313113,-202028.00617962083,5517.0,681.5,-251.0,-5.599999999999909,0.0,0.0,-0.2312499999999993,5322.837121401656
1350,0.67525,0.67525,12.687774999999998,121.59442899999999,-7.35,63297.73539371405,-202599.99367234236,5307.5,678.75,-114.0,-3.69999999999996,0.0,0.0,-0.25149769585253373,4738.405595701485
1351,0.67575,0.67575,12.699445,121.559166,-8.8,59000.29875047837,-200682.9904891162,5399.0,681.5,-160.0,-2.7999999999999545,0.0,0.0,-0.3438416422287411,5678.733988504699
1352,0.67625,0.67625,12.692607,121.571579,-9.8,61074.12025584911,-202652.58894529275,5502.0,681.5,-182.0,-1.8999999999999773,0.0,0.0,-0.1156250000000014,5129.086533089768
1353,0.67675,0.67675,12.6671895,121.584652,-8.95,61234.95652122439,-203801.1785265649,5581.5,672.3,-252.0,-3.699999999999932,0.0,0.0,-0.17343750000000036,5739.58455016215
1354,0.67725,0.67725,12.668334999999999,121.59876650000001,-9.1,63134.813995952776,-204474.90951770003,5479.0,670.45,-240.5,-5.600000000000023,0.0,0.0,-0.27272727272727393,5643.414616872824
1355,0.67775,0.67775,12.677124,121.586899,-8.8,62178.99112497014,-202960.37692737885,5334.0,670.4,-190.0,-5.600000000000023,0.0,0.0,-0.2959999999999991,5325.772894046331
1356,0.67825,0.67825,12.6696855,121.5506245,-9.25,59091.59097505668,-204817.7239500601,5509.5,684.3,-171.5,-2.8000000000000114,0.0,0.0,-0.2983870967741954,5522.30792008808
1357,0.67875,0.67875,12.696762,121.585075,-9.8,61444.353610362174,-201660.06165912817,5403.0,681.5,-53.0,-1.900000000000034,0.0,0.0,-0.1806451612903233,5216.51940277437
1358,0.67925,0.67925,12.693649,121.558983,-8.8,59305.32172728782,-202003.4320668893,5585.0,683.4,-190.0,-1.8000000000000682,0.0,0.0,-0.1833333333333333,4817.163330168675
1359,0.67975,0.67975,12.689026,121.575577,-9.1,60403.78471395575,-202864.0819878971,5525.0,688.9,-244.0,-7.399999999999977,0.0,0.0,-0.2387096774193577,5784.717585632154
1360,0.68025,0.68025,12.638214,121.580727,-8.8,61327.178454784254,-207529.7163594158,5258.0,661.2,-114.0,-3.7000000000000455,0.0,0.0,-0.1774193548387097,4239.625882025746
1361,0.68075,0.68075,12.658166999999999,121.59322,-9.95,62146.33624449087,-205938.06998095303,5505.5,697.3,-232.0,-8.349999999999966,0.0,0.0,-0.29531249999999853,5882.025816181522
1362,0.68125,0.68125,12.636818,121.58826049999999,-8.8,62005.048785441475,-208541.9251747817,5170.0,640.8,-152.0,-3.699999999999932,0.0,0.0,-0.2640120967741939,4822.693465030758
1363,0.68175,0.68175,12.6817835,121.5772705,-8.5,60891.44623994391,-202822.66182050994,5559.0,689.8499999999999,-190.5,-5.599999999999966,0.0,0.0,-0.286221590909093,5727.0658168860755
1364,0.68225,0.68225,12.642838,121.578781,-8.5,61576.50921591367,-206393.63622466993,5319.0,679.7,-190.0,-3.7000000000000455,0.0,0.0,-0.1750000000000007,5487.287293869306
1365,0.68275,0.68275,12.680364,121.561401,-8.5,58837.244018614976,-203493.89092233963,5464.0,672.3,-243.0,-5.599999999999909,0.0,0.0,-0.2333333333333342,5379.133802256679
1366,0.68325,0.68325,12.653348000000001,121.58061599999999,-8.5,61748.24051541276,-206319.85828893486,5421.5,668.55,-156.0,-4.649999999999977,0.0,0.0,-0.2642424242424249,4735.6506708661045
1367,0.68375,0.68375,12.6387,121.600563,-8.8,62957.50836895994,-208105.929265186,5029.0,685.2,-114.0,-1.900000000000034,0.0,0.0,-0.2312499999999993,5138.789864421928
1368,0.68425,0.68425,12.688511,121.582047,-8.8,61513.12627945359,-202294.65198202108,5471.0,677.8,-152.0,-3.7000000000000455,0.0,0.0,-0.2818181818181839,4714.156062541067
1369,0.68475,0.68475,12.669983,121.591515,-8.8,62073.93389848268,-205933.06620234257,5410.0,677.8,-153.0,-1.8999999999999773,0.0,0.0,-0.171875,5123.956894974902
1370,0.68525,0.68525,12.654854,121.589256,-9.4,61711.436883951144,-205891.3680472547,5441.0,674.1,-229.0,-5.600000000000023,0.0,0.0,-0.336363636363637,5297.679883539401
1371,0.68575,0.68575,12.631601,121.59785500000001,-8.3,62678.02242301859,-208869.67267377005,5136.0,675.05,-190.0,-1.9000000000000057,0.0,0.0,-0.23281249999999964,4958.754478972069
1372,0.68625,0.68625,12.661184,121.597153,-9.1,63378.60739064348,-205574.12848334888,5258.0,687.1,-267.0,-7.399999999999977,0.0,0.0,-0.234375,5980.121484395653
1373,0.68675,0.68675,12.643775999999999,121.5801315,-8.65,61383.029222277575,-207222.92913305148,5364.5,675.05,-244.0,-5.599999999999909,0.0,0.0,-0.26310483870967594,5392.720449264325
1374,0.68725,0.68725,12.659912,121.593689,-9.1,62919.77115290629,-205742.14424958156,5227.0,677.8,-213.0,-3.699999999999932,0.0,0.0,-0.123333333333331,5445.647919954536
1375,0.68775,0.68775,12.6614815,121.5727655,-8.8,60427.01419903751,-205567.62357115507,5334.0,664.8499999999999,-122.0,-1.900000000000091,0.0,0.0,-0.26466733870967635,5091.519631231704
1376,0.68825,0.68825,12.675455,121.587467,-9.1,62881.74702560842,-204005.5550840344,5277.0,685.2,-152.0,-1.8999999999999773,0.0,0.0,-0.26026392961876904,5172.8272030836615
1377,0.68875,0.68875,12.6432735,121.593277,-9.600000000000001,62815.09733757408,-206589.89554128202,5284.5,675.95,-171.5,-5.5,0.0,0.0,-0.18204301075268853,5592.918285205102
1378,0.68925,0.68925,12.6419035,121.58888999999999,-9.1,61812.57994490731,-207041.40316457025,5300.0,682.45,-122.0,-1.849999999999966,0.0,0.0,-0.1177272727272724,4768.377767622096
1379,0.68975,0.68975,12.63836,121.593597,-8.8,62186.13073669585,-208117.9383338513,5227.0,677.8,-152.0,-3.7000000000000455,0.0,0.0,-0.2387096774193541,5675.865044638096
1380,0.69025,0.69025,12.670448,121.577263,-9.1,60887.74192314444,-203972.58574274497,5425.0,679.7,-244.0,-5.5,0.0,0.0,-0.2312500000000028,5654.16936961503
1381,0.69075,0.69075,12.668769999999999,121.59554299999999,-9.25,62915.054151987206,-205516.80741948826,5300.0,688.95,-148.5,-0.8999999999999772,0.0,0.0,-0.0616666666666655,4300.749855961889
1382,0.69125,0.69125,12.6525245,121.5845945,-9.95,61992.734191164214,-205890.03370629213,5250.0,678.75,-183.0,-3.750000000000057,0.0,0.0,-0.2024437927663734,4844.623961131594
1383,0.69175,0.69175,12.660093,121.584389,-9.600000000000001,61417.87537193851,-205508.13420322997,5326.5,681.5,-45.5,-3.699999999999932,0.0,0.0,-0.1696969696969703,1857.1887476189754
1384,0.69225,0.69225,12.635422,121.614365,-10.4,65037.59938944765,-207629.23595622485,5349.0,664.9,-229.0,-3.699999999999932,0.0,0.0,-0.2818181818181839,5585.590149884268
1385,0.69275,0.69275,12.672611,121.5966605,-9.8,62548.05551662146,-204054.81450457757,5330.5,688.0,-232.0,-1.9000000000000625,0.0,0.0,-0.14717741935483797,5721.80043841358
1386,0.69325,0.69325,12.628555,121.593117,-9.1,62587.668634064226,-208474.31856599957,5227.0,674.1,-229.0,-3.7000000000000455,0.0,0.0,-0.2387096774193577,5469.741977651544
1387,0.69375,0.69375,12.62986,121.6069715,-9.25,65354.84101898447,-207947.8098610939,5132.5,664.9,-202.0,-3.7000000000000455,0.0,0.0,-0.1174899193548401,5264.744674888561
1388,0.69425,0.69425,12.653503,121.590614,-9.4,62665.68165658587,-206454.7935187981,5281.0,672.3,-137.0,-1.7999999999999543,0.0,0.0,-0.1774193548387097,4093.7288715240634
1389,0.69475,0.69475,12.64032,121.624058,-9.8,65797.00244995092,-207978.27731307776,5315.0,671.35,-148.5,-5.550000000000011,0.0,0.0,-0.23497983870967842,5165.527540185651
1390,0.69525,0.69525,12.649779,121.59938,-9.1,63843.98674351382,-206868.8839975878,5197.0,687.1,-107.0,-3.7000000000000455,0.0,0.0,-0.2242424242424235,4586.508046994653
1391,0.69575,0.69575,12.643387,121.596588,-10.4,62744.57908997469,-206954.17062412697,5288.0,687.1,-46.0,-1.8999999999999773,0.0,0.0,-0.059375000000001,526.9885962399575
1392,0.69625,0.69625,12.59941,121.587044,-8.8,62094.12720029103,-212832.3873455926,4961.0,674.1,-168.0,-7.399999999999977,0.0,0.0,-0.2906249999999986,5492.604156305434
1393,0.69675,0.69675,12.643707,121.609306,-8.8,63907.85610956389,-207257.06602268323,5281.0,664.9,-175.0,-5.599999999999909,0.0,0.0,-0.1806451612903233,5303.378363174555
1394,0.69725,0.69725,12.641098,121.5918275,-9.95,62073.50812818607,-208754.36337556783,5315.0,686.1500000000001,-205.5,-3.699999999999932,0.0,0.0,-0.19696969696969518,5124.79227902677
1395,0.69775,0.69775,12.626068,121.5972595,-9.100000000000001,63123.34354096172,-208960.51905432064,5189.0,688.9000000000001,-148.0,-3.7000000000000455,0.0,0.0,-0.2024437927663734,4401.568341435997
1396,0.69825,0.69825,12.645933500000002,121.62641550000001,-9.1,66788.28588231967,-208329.54257153557,5273.0,663.95,-99.5,-1.799999999999983,0.0,0.0,-0.16818181818181677,4276.07953805443
1397,0.69875,0.69875,12.647704999999998,121.57831949999999,-8.3,61056.612616764396,-207034.620264676,5235.0,671.35,-197.5,-3.7000000000000455,0.0,0.0,-0.24268817204301,5471.212935340005
1398,0.69925,0.69925,12.640152,121.617897,-8.95,64847.76627909293,-208331.7664731404,5120.5,669.5,-76.5,-2.80000000000004,0.0,0.0,-0.2037878787878784,1364.7647982326498
1399,0.69975,0.69975,12.627045,121.598999,-8.5,63053.22357974246,-209382.7823715073,5243.0,670.4,-84.0,-1.8999999999999773,0.0,0.0,-0.0593749999999992,3964.41999213212
1400,0.70025,0.70025,12.624022499999999,121.5947535,-9.600000000000001,63571.28814886692,-209646.92628460246,5216.0,690.75,-240.0,-5.599999999999966,0.0,0.0,-0.22774621212121315,5590.838891228252
1401,0.70075,0.70075,12.6187535,121.627163,-8.3,66501.57227703926,-209652.26364845363,5082.5,661.15,-61.0,-2.8000000000000114,0.0,0.0,-0.2387096774193541,2270.063503946437
1402,0.70125,0.70125,12.627341,121.600967,-10.1,64551.879664325024,-209367.771035676,5189.0,677.8,-122.0,-1.8999999999999773,0.0,0.0,-0.2242424242424235,4773.278579185314
1403,0.70175,0.70175,12.631717,121.60453,-8.8,63422.64178353137,-208936.77890469116,5151.0,674.1,-244.0,-5.600000000000023,0.0,0.0,-0.224242424242427,5769.820559539445
1404,0.70225,0.70225,12.626503,121.609306,-8.5,64438.36469081383,-208306.5251899272,5121.0,670.4,-206.0,-5.5,0.0,0.0,-0.2312499999999993,5606.460142009606
1405,0.70275,0.70275,12.6272525,121.6061705,-7.8,64646.8461759777,-209404.0762293723,5044.5,665.8,-175.0,-5.5,0.0,0.0,-0.3468750000000007,5090.46493527821
1406,0.70325,0.70325,12.615373,121.597607,-9.25,63590.683592175745,-210584.68999375182,5002.5,668.55,-122.5,-2.800000000000068,0.0,0.0,-0.1409090909090919,3378.4042509543565
1407,0.70375,0.70375,12.632034,121.615471,-8.5,66166.88760069625,-210363.96775948844,5022.0,666.7,-168.0,-1.900000000000034,0.0,0.0,-0.234375,4330.432482388303
1408,0.70425,0.70425,12.608906000000001,121.61092,-8.8,64933.09880056047,-211413.76051197312,4938.0,675.95,-164.0,-3.6999999999999886,0.0,0.0,-0.2909090909090881,5108.95623418422
1409,0.70475,0.70475,12.580811,121.640915,-8.1,67747.86816311609,-214082.7760228187,4983.0,666.7,-76.0,-1.8999999999999773,0.0,0.0,-0.1806451612903233,3730.1052205215087
1410,0.70525,0.70525,12.588272,121.628361,-8.3,66932.9226906651,-213698.1522402906,4896.0,654.7,-46.0,-1.8500000000000227,0.0,0.0,-0.2037878787878784,501.8660979222377
1411,0.70575,0.70575,12.5902865,121.6374435,-9.4,67977.21323091227,-213420.10894216667,5025.5,683.3499999999999,-46.0,-1.8999999999999773,0.0,0.0,-0.1774193548387097,489.0897159025185
1412,0.70625,0.70625,12.589118500000001,121.605537,-8.45,64459.743937727726,-213310.2482028961,5014.0,670.45,-68.5,-3.699999999999932,0.0,0.0,-0.1723484848484855,4137.082106647673
1413,0.70675,0.70675,12.598297,121.618744,-9.1,66831.90766254898,-211978.4091293992,5067.0,659.3,-214.0,-7.399999999999977,0.0,0.0,-0.2967741935483886,5413.078459246315
1414,0.70725,0.70725,12.5607375,121.666786,-7.5,71396.15656750338,-216397.69080066046,4980.0,629.7,-49.5,-1.8999999999999773,0.0,0.0,-0.12890818858560504,1854.9229174506154
1415,0.70775,0.70775,12.593719,121.66127,-7.8,70074.33030967224,-212219.70245350583,4808.0,644.5,-76.0,0.0,0.0,0.0,0.0,2188.2880905482702
1416,0.70825,0.70825,12.597487000000001,121.6417045,-8.65,68296.15788101706,-212678.88253733006,5094.0,678.75,-137.5,-2.8000000000000114,0.0,0.0,-0.2387096774193541,3354.0363079766394
1417,0.70875,0.70875,12.595499,121.60424850000001,-9.4,63625.288349611605,-212399.56049578334,5075.0,681.55,-49.5,-1.849999999999966,0.0,0.0,-0.1172531769305953,547.7694255540079
1418,0.70925,0.70925,12.5697555,121.6230085,-8.95,65390.616340326626,-215222.4699976721,4907.5,666.7,-149.0,-1.8999999999999773,0.0,0.0,-0.119354838709677,3351.137967105403
1419,0.70975,0.70975,12.567172,121.667488,-7.65,71702.9654905925,-215337.6681007943,4869.0,656.55,-107.0,-1.8000000000000114,0.0,0.0,-0.11387310606060744,4320.564579602949
1420,0.71025,0.71025,12.565956499999999,121.6215895,-9.8,65410.42828650465,-214937.3658119535,5006.5,680.6,-145.0,-1.8999999999999773,0.0,0.0,-0.1996212121212121,4473.779683924879
1421,0.71075,0.71075,12.560669,121.659897,-8.8,69985.98587867148,-216300.22831283585,5060.0,663.0,-183.0,-5.5,0.0,0.0,-0.2312499999999993,5145.172402717089
1422,0.71125,0.71125,12.601914,121.64152899999999,-8.5,68263.15751428212,-211704.48004924387,5010.0,656.55,-198.5,-5.599999999999966,0.0,0.0,-0.29062500000000036,5320.291949176233
1423,0.71175,0.71175,12.5816865,121.6505245,-8.8,68837.73361971852,-214081.88646217677,4987.0,651.9000000000001,-53.5,-1.8500000000000227,0.0,0.0,-0.1213440860215068,1120.4900170932353
1424,0.71225,0.71225,12.5470165,121.62376,-9.1,66899.64750029874,-218017.74752212293,4862.0,659.35,-144.5,-1.8999999999999773,0.0,0.0,-0.1194791666666681,4662.60209887824
1425,0.71275,0.71275,12.6068115,121.6281165,-10.55,66109.2412801538,-210963.3648394871,5101.5,684.3,-50.0,-1.8999999999999773,0.0,0.0,-0.121344086021505,501.45515631039666
1426,0.71325,0.71325,12.5861985,121.6448215,-9.600000000000001,68706.83298481579,-213778.2682955991,5059.5,682.45,-110.5,-2.7999999999999545,0.0,0.0,-0.2387096774193541,4378.934437711865
1427,0.71375,0.71375,12.545746,121.67392,-9.4,71664.55961330989,-218233.24358761552,5006.0,676.0,-152.0,-5.600000000000023,0.0,0.0,-0.2999999999999985,5152.603453141803
1428,0.71425,0.71425,12.552979,121.67131,-8.1,72052.35980813944,-217087.15589564815,4823.0,642.6,-69.0,-1.8999999999999773,0.0,0.0,-0.1750000000000007,3620.8414630941866
1429,0.71475,0.71475,12.594181500000001,121.65368699999999,-7.8,69347.06390790545,-213240.9736679105,5002.5,645.4,-95.5,-1.900000000000034,0.0,0.0,-0.2609374999999998,2880.2181302482604
1430,0.71525,0.71525,12.542872,121.673519,-8.45,72819.45569478226,-218672.3529594577,4858.0,658.4000000000001,-53.5,-1.8000000000000398,0.0,0.0,-0.1138731060606039,522.2816480710513
1431,0.71575,0.71575,12.53009,121.655228,-7.8,68866.4339951585,-219506.31606120913,4869.0,651.9,-168.0,-5.5,0.0,0.0,-0.2312499999999993,4919.254189277701
1432,0.71625,0.71625,12.5424895,121.6758915,-8.5,72869.04935755779,-218023.140483514,4785.5,654.7,-99.5,-1.8000000000000682,0.0,0.0,-0.119354838709677,2540.438358517891
1433,0.71675,0.71675,12.554394,121.684044,-7.8,72988.26264230453,-216911.35647379933,4732.0,631.5,-168.0,-3.699999999999932,0.0,0.0,-0.1225806451612925,5145.815465330655
1434,0.71725,0.71725,12.534347499999999,121.6734165,-8.1,70837.17108951342,-218791.7764756285,4759.0,654.7,-171.5,-3.7000000000000455,0.0,0.0,-0.3540322580645172,4975.918400101524
1435,0.71775,0.71775,12.546478,121.66626,-8.1,71903.03301314072,-218287.95156709012,4686.0,657.5,-153.0,-3.7000000000000455,0.0,0.0,-0.1806451612903233,4398.652376614682
1436,0.71825,0.71825,12.571289,121.63916,-8.1,67577.38316725116,-216348.15339241625,4900.0,663.0,-221.0,-5.600000000000023,0.0,0.0,-0.3000000000000022,5486.028853511692
1437,0.71875,0.71875,12.535765000000001,121.67192449999999,-9.8,72375.53665112748,-219610.0054735269,4777.5,667.65,-130.0,-5.5,0.0,0.0,-0.2312499999999993,4718.847193824859
1438,0.71925,0.71925,12.55806,121.669342,-7.5,70397.56442187102,-217076.59236302617,4877.0,648.2,-137.0,-3.7000000000000455,0.0,0.0,-0.2846153846153881,3998.135285644595
1439,0.71975,0.71975,12.531601,121.631325,-8.5,67633.55070183011,-220423.23069281512,4702.0,655.6,-122.0,-5.5,0.0,0.0,-0.2906249999999986,5029.144237763613
1440,0.72025,0.72025,12.529628500000001,121.645363,-8.95,68866.96702766474,-219692.62341814028,4850.5,679.7,-137.5,-3.6999999999999886,0.0,0.0,-0.3180840664711646,4385.214451679854
1441,0.72075,0.72075,12.522914,121.692196,-8.15,73697.80467691517,-220276.28639428638,4857.5,659.35,-194.0,-3.700000000000017,0.0,0.0,-0.22930871212121173,4785.250896628429
1442,0.72125,0.72125,12.533661,121.684124,-8.8,73131.63701353519,-219260.46373881274,4617.5,673.2,-156.5,-3.6999999999999886,0.0,0.0,-0.2387096774193541,4635.998526563164
1443,0.72175,0.72175,12.518968,121.686981,-6.2,73818.37353331807,-221388.95996464335,4671.0,600.0,-38.0,-1.8999999999999773,0.0,0.0,-0.2787878787878801,1714.8251715632457
1444,0.72225,0.72225,12.5200135,121.69779199999999,-8.65,73679.09755507119,-221668.50439635024,4766.5,658.4,-99.0,-2.8000000000000114,0.0,0.0,-0.2387096774193541,3350.2179906560286
1445,0.72275,0.72275,12.533707,121.690346,-8.5,72732.83790510683,-219966.44130321543,4801.0,648.2,-137.0,-5.5,0.0,0.0,-0.2312500000000028,4442.620412637435
1446,0.72325,0.72325,12.539427,121.674858,-7.65,71315.64109324609,-219309.66756181602,4652.0,638.9,-95.0,-2.799999999999983,0.0,0.0,-0.2616625310173711,3142.353530188561
1447,0.72375,0.72375,12.5351015,121.67449149999999,-8.5,71385.854960146,-218812.06957777112,4713.0,670.4,-87.5,-1.799999999999983,0.0,0.0,-0.1174899193548383,2468.3542747376077
1448,0.72425,0.72425,12.541033,121.690933,-8.5,73897.95009247435,-219794.64490425453,4595.0,666.7,-69.0,-1.900000000000091,0.0,0.0,-0.171875,2231.976753229853
1449,0.72475,0.72475,12.512993999999999,121.70039750000001,-8.45,74821.921481472,-222752.26724584642,4598.5,628.75,-45.5,-1.8499999999999943,0.0,0.0,-0.1437500000000007,607.7613581586118
1450,0.72525,0.72525,12.541809,121.643181,-8.1,68898.6484525231,-217506.58373828937,4816.0,659.3,-168.0,-3.7000000000000455,0.0,0.0,-0.234375,4973.179460606934
1451,0.72575,0.72575,12.534027,121.668564,-9.1,72302.62907573646,-219448.49461948773,4801.0,655.6,-175.0,-7.399999999999977,0.0,0.0,-0.2906250000000021,5340.943196032107
1452,0.72625,0.72625,12.544453,121.680519,-8.1,72305.5325506991,-217889.48399707343,4815.5,668.55,-95.5,-4.600000000000023,0.0,0.0,-0.23497983870967842,4588.995639631269
1453,0.72675,0.72675,12.509024,121.6837195,-8.3,73308.13960295772,-222855.73426800384,4572.0,632.45,-198.0,-4.650000000000034,0.0,0.0,-0.25874877810361707,4831.49976529649
1454,0.72725,0.72725,12.534851,121.644127,-7.8,68964.49521583285,-218280.27910655428,4717.0,648.2,-160.0,-3.7000000000000455,0.0,0.0,-0.2967741935483849,5062.350430691108
1455,0.72775,0.72775,12.5163345,121.678387,-8.65,71766.92997001205,-221447.05939406497,4614.0,668.55,-243.5,-3.7000000000000455,0.0,0.0,-0.21268817204301074,5410.047629891735
1456,0.72825,0.72825,12.504619,121.68816749999999,-7.8,73086.68994954097,-222627.28397566383,4580.0,659.3,-182.5,-3.7000000000000455,0.0,0.0,-0.2426881720430119,4331.427117872678
1457,0.72875,0.72875,12.532002,121.691505,-8.1,73046.7703840787,-219736.1562920519,4717.0,637.1,-190.0,-3.6999999999999886,0.0,0.0,-0.1357142857142841,4757.231521198299
1458,0.72925,0.72925,12.53627,121.644127,-9.1,68850.26055897259,-218871.61454323592,4717.0,653.8,-191.0,-3.6999999999999886,0.0,0.0,-0.2387096774193541,4726.992639853081
1459,0.72975,0.72975,12.521341,121.689583,-7.2,72587.02579998612,-221157.00702727612,4747.0,633.4,-160.0,-7.399999999999977,0.0,0.0,-0.3909090909090936,4616.980265731129
1460,0.73025,0.73025,12.486328,121.65889,-8.1,70794.2431241445,-225013.25240977487,4435.0,637.1,-221.0,-7.399999999999977,0.0,0.0,-0.336363636363637,5066.087576342346
1461,0.73075,0.73075,12.52121,121.700813,-7.8,75022.20833644406,-221462.9046929984,4481.0,651.9,-69.0,-5.5,0.0,0.0,-0.3099999999999985,1962.4788888374796
1462,0.73125,0.73125,12.503792,121.660942,-8.5,69552.96102889217,-223152.40274206665,4557.0,651.9,-244.0,-7.399999999999977,0.0,0.0,-0.2312499999999993,5451.625638657555
1463,0.73175,0.73175,12.515808,121.704506,-8.1,75710.2007746067,-221740.33641818113,4587.0,633.4,-228.0,-3.7000000000000455,0.0,0.0,-0.1806451612903233,5080.114184280847
1464,0.73225,0.73225,12.552111,121.641716,-8.5,68180.49354944687,-217087.32268826867,4629.0,659.3,-247.5,-3.7000000000000455,0.0,0.0,-0.17464717741935484,5303.55244993654
1465,0.73275,0.73275,12.519424,121.687607,-8.1,73153.64029334174,-220568.0066872789,4625.0,651.9,-214.0,-7.399999999999977,0.0,0.0,-0.2967741935483849,5497.29269260094
1466,0.73325,0.73325,12.510177500000001,121.65699,-7.949999999999999,70022.91670793577,-222617.77679630392,4606.0,654.7,-195.0,-4.649999999999977,0.0,0.0,-0.35318181818181715,4804.215491496192
1467,0.73375,0.73375,12.492572,121.69025049999999,-8.1,72851.46145554003,-223828.63562250702,4377.5,641.7,-198.0,-3.75,0.0,0.0,-0.229261363636365,5053.073391139785
1468,0.73425,0.73425,12.49736,121.662315,-7.8,70238.84112567303,-222855.1782926022,4572.0,651.9,-213.0,-5.600000000000023,0.0,0.0,-0.2906250000000021,5142.474714982699
1469,0.73475,0.73475,12.508455999999999,121.688118,-6.8,73802.55644598232,-223283.6129367422,4526.5,618.6,-153.0,-5.5499999999999545,0.0,0.0,-0.34161931818181884,4455.443611473628
1470,0.73525,0.73525,12.482008,121.670223,-7.8,71276.66350035823,-225173.706910552,4549.0,636.15,-103.0,-5.550000000000011,0.0,0.0,-0.28753665689149555,3203.0868868039106
1471,0.73575,0.73575,12.506119,121.658691,-7.5,70739.58314549565,-223247.25214550568,4496.0,626.0,-145.0,-5.5,0.0,0.0,-0.2846153846153837,5344.331467228041
1472,0.73625,0.73625,12.524963,121.64389,-8.5,69639.36303548035,-220733.57616174663,4610.0,653.8,-236.0,-7.399999999999977,0.0,0.0,-0.336363636363637,5337.4720495388365
1473,0.73675,0.73675,12.518875,121.645538,-9.1,68555.70186846363,-221413.31168721424,4717.0,670.4,-190.0,-3.7000000000000455,0.0,0.0,-0.336363636363637,5331.607219121154
1474,0.73725,0.73725,12.511007,121.699821,-8.5,75000.04833285513,-222302.2051586011,4420.0,651.9,-229.0,-5.5,0.0,0.0,-0.2967741935483886,5516.768312526014
1475,0.73775,0.73775,12.4795675,121.72019549999999,-8.3,76976.98671058792,-225991.04634780833,4473.0,651.95,-160.0,-3.6999999999999886,0.0,0.0,-0.32677083333333445,3896.580062175665
1476,0.73825,0.73825,12.498811,121.703232,-8.1,75114.90540304739,-223053.99509606007,4397.0,642.6,-190.0,-5.600000000000023,0.0,0.0,-0.2818181818181822,4379.751622203085
1477,0.73875,0.73875,12.513235000000002,121.7000655,-8.5,74779.99776950432,-222049.29194860996,4568.0,631.55,-186.5,-5.600000000000023,0.0,0.0,-0.2874999999999978,5200.067168625469
1478,0.73925,0.73925,12.477908,121.738983,-7.2,78903.47025343143,-225873.90233078247,4526.0,590.8,-114.0,-1.8999999999999773,0.0,0.0,-0.119354838709677,3775.3305353529654
1479,0.73975,0.73975,12.498276,121.642746,-8.8,67524.2749753192,-223719.0528709368,4496.0,640.8,-167.0,-5.5,0.0,0.0,-0.2387096774193541,5270.021530713448
1480,0.74025,0.74025,12.490733500000001,121.6983295,-7.8,74624.01277847157,-224215.48330663942,4385.0,638.95,-107.0,-3.700000000000017,0.0,0.0,-0.29230769230769515,1939.7094433633406
1481,0.74075,0.74075,12.479416,121.696716,-7.8,73681.81217377752,-224497.8632128924,4336.0,629.7,-107.0,-3.6999999999999886,0.0,0.0,-0.2387096774193541,4464.220256663418
1482,0.74125,0.74125,12.502625,121.683701,-8.8,71957.87539361429,-222532.9349500857,4534.0,644.5,-221.0,-3.7000000000000455,0.0,0.0,-0.1749999999999989,4777.16651571487
1483,0.74175,0.74175,12.432907,121.675339,-7.8,71123.25083367895,-230758.70220544172,4359.0,607.5,-160.0,-3.7000000000000455,0.0,0.0,-0.2312499999999993,4550.493737061636
1484,0.74225,0.74225,12.528557,121.6408845,-8.5,67334.27813956563,-220766.99028335683,4492.0,646.35,-122.0,-4.599999999999966,0.0,0.0,-0.2242424242424235,3443.8259851966486
1485,0.74275,0.74275,12.481054499999999,121.701218,-8.1,75477.35037438845,-224992.62572239168,4457.5,629.7,-186.5,-3.6999999999999886,0.0,0.0,-0.1792708333333337,4777.545044707054
1486,0.74325,0.74325,12.536636,121.679077,-8.1,71871.80795457253,-219150.7141946224,4686.0,613.0,-175.0,-3.7000000000000455,0.0,0.0,-0.2242424242424235,4424.2964908226195
1487,0.74375,0.74375,12.481228999999999,121.659874,-8.1,69838.64964004763,-225251.376674095,4374.0,638.0,-167.5,-3.699999999999932,0.0,0.0,-0.1806451612903233,4857.2903804086145
1488,0.74425,0.74425,12.484726,121.700615,-8.1,74276.12608106532,-224934.30390280933,4511.0,644.5,-206.0,-3.699999999999932,0.0,0.0,-0.2312499999999993,5166.44391146904
1489,0.74475,0.74475,12.484131,121.67527,-9.4,72614.43938828017,-225688.87371727364,4412.0,650.1,-114.0,-3.699999999999932,0.0,0.0,-0.2818181818181804,4186.100601629437
1490,0.74525,0.74525,12.486603,121.685242,-7.8,72122.32482850537,-225190.16378242636,4465.0,650.1,-168.0,-1.8999999999999773,0.0,0.0,-0.1806451612903233,4652.989917912607
1491,0.74575,0.74575,12.4824275,121.725796,-8.8,78436.48206827814,-226035.46878236166,4515.0,640.8,-46.0,-1.8500000000000227,0.0,0.0,-0.1138731060606048,1306.7240478079993
1492,0.74625,0.74625,12.460637,121.726669,-7.5,77167.20434152576,-226545.2982252325,4343.0,598.2,-144.0,-1.900000000000091,0.0,0.0,-0.2387096774193541,4429.5159937285825
1493,0.74675,0.74675,12.464172,121.721237,-8.5,76755.82146963265,-226645.8185777635,4328.0,622.3,-160.0,-5.600000000000023,0.0,0.0,-0.2874999999999978,4840.7075527664
1494,0.74725,0.74725,12.418579,121.72747,-8.1,78621.00643670396,-231477.68959423137,4016.0,622.3,-106.0,-3.699999999999932,0.0,0.0,-0.1774193548387097,4142.547628372807
1495,0.74775,0.74775,12.456982,121.68153749999999,-8.95,72053.93918784465,-228271.32385815762,4286.5,651.0,-214.0,-3.7000000000000455,0.0,0.0,-0.2387096774193559,4930.7342901426455
1496,0.74825,0.74825,12.462732,121.709244,-8.1,74742.13102012505,-227665.03268318428,4237.0,633.4,-137.0,-5.600000000000023,0.0,0.0,-0.2387096774193541,4808.230382887158
1497,0.74875,0.74875,12.4596845,121.70975899999999,-7.15,76525.06935589443,-228122.93402358593,4355.0,619.5,-99.0,-1.8999999999999773,0.0,0.0,-0.1762096774193552,4213.773826696766
1498,0.74925,0.74925,12.474836,121.669792,-7.5,71556.27760706103,-225729.68231171963,4351.0,644.5,-175.0,-3.699999999999932,0.0,0.0,-0.171875,3748.2075313943897
1499,0.74975,0.74975,12.435471,121.739891,-7.2,78039.47719287705,-229369.09728776308,4161.0,598.2,-99.0,-3.7000000000000455,0.0,0.0,-0.2967741935483886,2182.1402727408868
1500,0.75025,0.75025,12.468864499999999,121.6736105,-7.8,71852.88265430406,-226296.38803812995,4332.0,640.8,-91.5,-1.8999999999999773,0.0,0.0,-0.24052083333333296,2112.473335913869
1501,0.75075,0.75075,12.444112,121.726639,-7.8,76984.75620784306,-229744.38068355116,4260.0,620.4,-122.0,-3.6999999999999886,0.0,0.0,-0.2242424242424235,3982.566926374466
1502,0.75125,0.75125,12.432194,121.695412,-7.2,73199.96523669738,-231051.81243693695,4298.0,640.8,-68.0,-1.8999999999999773,0.0,0.0,-0.1696969696969669,1930.5356674518157
1503,0.75175,0.75175,12.43121,121.7466165,-7.949999999999999,79917.67689615514,-231183.52300947378,4259.5,610.25,-122.5,-2.8000000000000114,0.0,0.0,-0.2150000000000015,2357.648736444093
1504,0.75225,0.75225,12.4517995,121.6912465,-7.0,73321.06860284583,-228883.84195762384,4393.0,627.8,-41.5,-1.8999999999999773,0.0,0.0,-0.1590144230769222,1048.8851794189798
1505,0.75275,0.75275,12.4340565,121.7145425,-7.5,76255.43504061004,-229948.47925331976,4187.5,635.25,-126.0,-4.650000000000034,0.0,0.0,-0.3468750000000007,3179.938480268236
1506,0.75325,0.75325,12.4165315,121.712208,-7.35,75061.75268266589,-231919.24525783904,4130.0,616.7,-87.5,-3.699999999999932,0.0,0.0,-0.28762019230769076,2020.9982930249312
1507,0.75375,0.75375,12.450908,121.701775,-7.8,74162.90029722909,-228794.66350327656,4260.0,629.7,-84.0,-1.8999999999999773,0.0,0.0,-0.1696969696969703,2287.985644196267
1508,0.75425,0.75425,12.419700500000001,121.755623,-7.949999999999999,81006.72218317751,-232709.5086930586,4210.0,635.25,-129.5,-1.8000000000000114,0.0,0.0,-0.1327543424317616,4192.574622345604
1509,0.75475,0.75475,12.40979,121.718781,-8.1,76224.68266406388,-233913.19543658657,4237.0,609.3,-68.0,-1.8999999999999773,0.0,0.0,-0.1225806451612906,2076.0109735270144
1510,0.75525,0.75525,12.400589,121.753189,-6.2,80791.11526911729,-233605.18506433963,4321.0,563.0,-91.0,-3.699999999999932,0.0,0.0,-0.2312499999999993,2286.1161556173324
1511,0.75575,0.75575,12.402695,121.700722,-7.8,73829.49840299676,-234409.5702747489,4183.0,613.0,-91.0,-1.900000000000034,0.0,0.0,-0.2387096774193541,2000.209985946568
1512,0.75625,0.75625,12.426109499999999,121.727142,-7.8,77068.60981585633,-230977.4785258008,4126.0,609.35,-38.0,-1.8999999999999773,0.0,0.0,-0.1806451612903233,506.8359493231593
1513,0.75675,0.75675,12.420593,121.6956065,-8.5,73489.12602983046,-231812.33118819422,4084.5,626.0,-163.5,-3.7000000000000455,0.0,0.0,-0.2312499999999993,4946.03279794743
1514,0.75725,0.75725,12.411049,121.7274515,-7.8,77768.95038585854,-232782.06348291077,4168.0,605.65,-91.5,-3.7000000000000455,0.0,0.0,-0.1803763440860215,2253.1707824078176
1515,0.75775,0.75775,12.3784095,121.77707649999999,-7.2,83605.18601867379,-237376.92218586116,4183.5,607.45,-95.5,-3.699999999999932,0.0,0.0,-0.2953125000000003,2364.579166518227
1516,0.75825,0.75825,12.417908,121.730347,-7.8,78051.28208683984,-232427.7959572868,4176.0,607.45,-141.0,-1.8999999999999773,0.0,0.0,-0.2312499999999993,4114.691356273337
1517,0.75875,0.75875,12.4047145,121.746418,-8.1,79877.80853168627,-233697.08779815282,4137.5,619.5,-64.5,-1.8749999999999858,0.0,0.0,-0.2277462121212131,2035.5168116963155
1518,0.75925,0.75925,12.399733999999999,121.75276550000001,-7.0,80446.1197506053,-235762.8144011912,4160.5,609.3,-92.0,-3.7000000000000455,0.0,0.0,-0.2983870967741935,3325.6921753989145
1519,0.75975,0.75975,12.393602,121.769333,-7.8,81322.10517515082,-235029.4828470513,4039.0,611.2,-99.0,-1.900000000000091,0.0,0.0,-0.2312499999999993,2112.9482060493415
1520,0.76025,0.76025,12.3752375,121.818581,-6.85,86660.32320461962,-237779.22598614602,4080.5,584.3,-38.0,-1.8999999999999773,0.0,0.0,-0.2832167832167799,505.917143575914
1521,0.76075,0.76075,12.3701465,121.81000900000001,-5.9,85513.43692030475,-239055.8011047671,4004.0,582.45,-31.0,-0.8999999999999772,0.0,0.0,-0.030645161290324,457.9985937885221
1522,0.76125,0.76125,12.402377,121.757153,-7.5,80574.74443402882,-234370.485204047,4050.0,614.9,-79.5,-3.6999999999999886,0.0,0.0,-0.22575757575757535,2262.9265653138273
1523,0.76175,0.76175,12.3713735,121.8078345,-7.2,86626.87336213706,-238099.0230368977,4076.5,561.2,-31.0,-1.9000000000000625,0.0,0.0,-0.2312499999999993,917.9692131789462
1524,0.76225,0.76225,12.368883,121.788498,-7.2,83959.44950203456,-238098.9118418173,4084.0,594.5,-31.0,-1.8999999999999773,0.0,0.0,-0.2846153846153794,474.2620845888986
1525,0.76275,0.76275,12.369713,121.8066715,-7.5,86446.68300701864,-238038.14373046998,3848.0,611.2,-34.5,-1.8999999999999773,0.0,0.0,-0.18198924731182645,611.4955534681144
1526,0.76325,0.76325,12.368431000000001,121.803974,-7.2,86429.90924814992,-238662.05932566023,4008.0,593.55,-30.5,-1.8000000000000114,0.0,0.0,-0.15792540792540735,462.757057372881
1527,0.76375,0.76375,12.365252,121.817223,-7.2,87795.8774949921,-238725.49611893372,3985.0,596.3,-38.0,-1.8999999999999773,0.0,0.0,-0.2242424242424235,657.3833348653121
1528,0.76425,0.76425,12.360077,121.781593,-7.2,84091.39952303388,-239534.16233993185,4069.0,561.15,-83.5,-3.6999999999999886,0.0,0.0,-0.3000000000000004,2047.3624686694795
1529,0.76475,0.76475,12.373718,121.811478,-7.5,87172.90890874775,-236841.85145977733,3962.0,607.5,-23.0,-1.900000000000034,0.0,0.0,-0.2642857142857175,467.5358022844792
1530,0.76525,0.76525,12.359017,121.821537,-7.2,87864.43225611452,-240149.23792624375,3776.0,600.05,-23.0,-1.8000000000000114,0.0,0.0,-0.1996212121212121,393.41286417986623
1531,0.76575,0.76575,12.366043,121.73941,-7.5,79531.86786770991,-237723.51725094888,3924.0,605.6,-38.0,-1.8999999999999773,0.0,0.0,-0.2387096774193541,1113.523564384511
1532,0.76625,0.76625,12.3571525,121.821758,-7.35,88054.18314727381,-240405.8205738825,3783.5,596.35,-26.5,-1.8500000000000227,0.0,0.0,-0.20244379276637514,466.516586780011
1533,0.76675,0.76675,12.362549,121.803062,-7.5,85196.58551556764,-238114.47915305,3932.0,579.7,-31.0,-1.8000000000000682,0.0,0.0,-0.1696969696969686,529.348103736519
1534,0.76725,0.76725,12.354499,121.82296,-6.5,88435.79268113326,-240358.7294574036,3764.0,563.0,-15.0,0.0,0.0,0.0,0.0,376.0509583474767
1535,0.76775,0.76775,12.3542635,121.8212355,-7.0,88059.23052282838,-239850.8459284369,3848.0,581.5,-30.5,-1.799999999999983,0.0,0.0,-0.1384615384615349,550.2251638828388
1536,0.76825,0.76825,12.357559,121.82103000000001,-7.5,88325.28639584137,-239504.80683875002,3757.0,607.45,-23.0,-1.8000000000000114,0.0,0.0,-0.1647435897435932,444.7519196981335
1537,0.76875,0.76875,12.355605,121.821949,-7.5,88067.89430743913,-239632.01401053742,3829.0,586.1500000000001,-22.0,-1.7999999999999543,0.0,0.0,-0.1156249999999978,387.97714311058655
1538,0.76925,0.76925,12.352869,121.816315,-7.5,86347.11395955052,-239882.48092876337,3787.0,603.8,-53.0,-1.8000000000000682,0.0,0.0,-0.171875,1973.5145200086292
1539,0.76975,0.76975,12.350765500000001,121.820587,-6.8,88361.69534429414,-240254.6508623049,3688.0,569.5,-23.0,-1.8999999999999773,0.0,0.0,-0.2037878787878784,552.6367571888675
1540,0.77025,0.77025,12.351938,121.821335,-6.5,88158.43088762653,-239732.92354584925,3749.0,607.5,-23.0,0.0,0.0,0.0,0.0,400.1380897909492
1541,0.77075,0.77075,12.351509499999999,121.820633,-6.8,88215.4167723257,-239641.91037267796,3547.0,595.4,-23.0,-1.8999999999999773,0.0,0.0,-0.24776785714286015,478.82747628227787
1542,0.77125,0.77125,12.358749,121.816406,-7.5,86454.50729618661,-239143.36723045097,3688.0,577.8,-31.0,-1.8000000000000682,0.0,0.0,-0.2312499999999993,485.2273999982541
1543,0.77175,0.77175,12.350876,121.820595,-6.5,88301.61597825348,-240614.9229222616,3658.0,601.9,-23.0,-1.7999999999999543,1.0,0.03125,-0.1156250000000014,425.8804348953063
1544,0.77225,0.77225,12.363327,121.811127,-7.5,85918.90229977654,-238337.5920815388,3623.5,603.75,-53.5,-2.8000000000000114,0.0,0.0,-0.20594758064516216,1825.2170209504313
1545,0.77275,0.77275,12.354813,121.820023,-6.5,88203.87875443009,-240057.39078997073,3574.0,592.6,-23.0,-1.7999999999999543,0.0,0.0,-0.1199999999999969,425.9851289374448
1546,0.77325,0.77325,12.359985,121.819344,-7.8,86760.26554914986,-238778.31378204445,3673.0,601.9,-31.0,-1.7999999999999543,0.0,0.0,-0.1193548387096788,441.60822571626875
1547,0.77375,0.77375,12.352636,121.821808,-6.5,88304.85329520637,-240983.9793935567,3566.0,572.3,-23.0,-1.8000000000000682,1.0,0.3225806451612903,-0.2642857142857175,404.7131794907526
1548,0.77425,0.77425,12.365433,121.818626,-6.8,86825.5923278926,-238220.8928448336,3620.0,601.9,-23.0,-1.8000000000000682,0.0,0.0,-0.2434782608695662,426.2696281297661
1549,0.77475,0.77475,12.355202,121.819656,-6.8,88125.7312586646,-239269.12886619533,3650.0,597.25,-23.0,-1.7999999999999543,0.0,0.0,-0.05781250000000065,403.1881197567658
1550,0.77525,0.77525,12.363556,121.818108,-7.5,86913.60832945317,-238051.20915239735,3566.0,592.6,-23.0,-1.8999999999999773,0.0,0.0,-0.2387096774193541,416.63392833468623
1551,0.77575,0.77575,12.346207,121.818344,-7.5,87172.32180807745,-240825.8599894649,3467.0,600.0,-30.0,-1.8000000000000114,0.0,0.0,-0.1749999999999971,436.4127614031305
1552,0.77625,0.77625,12.360672,121.818535,-7.2,86970.70306569462,-238187.31193060303,3673.0,583.4,-23.0,-1.8999999999999773,0.0,0.0,-0.1806451612903233,471.5907959996971
1553,0.77675,0.77675,12.351379,121.818634,-7.5,87129.82367457714,-239872.25098138192,3482.0,594.5,-23.0,-1.7999999999999543,0.0,0.0,-0.1461538461538531,430.7316164706908
1554,0.77725,0.77725,12.356757,121.8205875,-6.8,87126.13119658009,-238955.5587399366,3597.0,594.45,-23.0,-1.8000000000000398,0.0,0.0,-0.22246543778801636,380.0488660028084
1555,0.77775,0.77775,12.3603745,121.8168335,-7.8,86689.09083304781,-238778.0913918839,3577.5,613.95,-23.0,-1.8999999999999773,1.0,0.0317540322580645,-0.29375000000000184,430.51034004213653
1556,0.77825,0.77825,12.344955,121.821465,-6.8,87907.18034812815,-240570.11130492747,3505.0,577.8,-23.0,0.0,0.0,0.0,0.0,393.67168182724953
1557,0.77875,0.77875,12.343695,121.8185765,-6.5,86981.13091738752,-240362.45449259132,3498.0,596.35,-26.5,-1.8999999999999773,0.0,0.0,-0.2953125000000012,461.7869999367059
1558,0.77925,0.77925,12.349045,121.817924,-7.5,87018.97624561739,-239812.87280853692,3520.0,609.3,-23.0,-1.7999999999999543,0.0,0.0,-0.1121212121212135,405.56920813680654
1559,0.77975,0.77975,12.347488,121.821228,-7.2,87714.94421394003,-240058.50274077285,3528.0,601.9,-23.0,-1.7999999999999543,0.0,0.0,-0.171875,414.1012873013405
1560,0.78025,0.78025,12.346298,121.820335,-7.2,87214.96973138541,-240394.97905355948,3566.0,594.5,-23.0,-1.7999999999999543,1.0,0.5,-0.1384615384615437,383.0153218838245
1561,0.78075,0.78075,12.343186,121.819061,-6.5,87375.9411583138,-240118.21449885867,3467.0,590.8,-23.0,-1.900000000000091,0.0,0.0,-0.3099999999999985,427.4475320886007
1562,0.78125,0.78125,12.352124,121.819244,-7.5,87059.6154420329,-239921.39920684497,3528.0,603.8,-23.0,-1.8999999999999773,1.0,0.0714285714285714,-0.2242424242424235,438.1464243525557
1563,0.78175,0.78175,12.3392525,121.8207285,-6.8,87400.06242854311,-240459.24980993464,3440.5,577.8,-23.0,-1.8000000000000114,0.0,0.0,-0.14230769230769186,437.1849645155312
1564,0.78225,0.78225,12.347888,121.820671,-7.8,87521.54202304015,-240107.31738099564,3520.0,609.3,-23.0,-1.7999999999999543,1.0,0.2,-0.1666666666666666,381.2023398858679
1565,0.78275,0.78275,12.3510785,121.819466,-7.0,86995.77844865654,-239913.33756352798,3490.0,590.75,-30.0,-1.8999999999999773,0.5,0.03846153846153845,-0.322348484848483,471.9868864166671
1566,0.78325,0.78325,12.3402435,121.82125099999999,-7.0,88154.85106364702,-240634.38206130246,3486.0,590.75,-16.0,0.0,1.0,0.5,0.0,360.11696036939554
1567,0.78375,0.78375,12.345154,121.820618,-7.2,87062.9765276946,-240572.44640161243,3467.0,592.6,-22.0,-1.8999999999999773,1.0,0.3333333333333333,-0.2967741935483867,404.6182635834268
1568,0.78425,0.78425,12.3484005,121.8196945,-7.65,87084.0144544745,-240317.97646049797,3532.0,604.7,-23.0,-1.7999999999999543,1.0,0.5,-0.119354838709677,389.27792748444915
1569,0.78475,0.78475,12.348083,121.819878,-7.2,86977.5397612641,-240303.1319172868,3528.0,588.9,-23.0,-1.8000000000000114,1.0,0.1875,-0.1774193548387097,397.9107856603152
1570,0.78525,0.78525,12.349192,121.819633,-7.5,86976.73385529552,-240393.6447125969,3490.0,605.6,-23.0,-1.8000000000000682,0.0,0.0,-0.2387096774193541,417.29634201925074
1571,0.78575,0.78575,12.342682,121.819489,-7.2,86937.21160062641,-241012.7789193372,3505.0,605.6,-23.0,-1.8999999999999773,0.0,0.0,-0.3823529411764705,420.0501025864112
1572,0.78625,0.78625,12.336044,121.819481,-6.8,86927.18951041905,-241546.292914298,3406.0,588.9,-23.0,-1.8999999999999773,0.0,0.0,-0.5692307692307674,416.6502225389351
1573,0.78675,0.78675,12.348213999999999,121.8213005,-7.2,87074.25733478327,-240554.59959123493,3497.5,590.75,-23.0,-1.7999999999999543,1.0,0.15967365967365965,-0.1418181818181782,401.012119594844
1574,0.78725,0.78725,12.337509,121.819817,-6.5,86940.02973116255,-241488.47147257655,3414.0,583.4,-23.0,-1.8999999999999773,0.0,0.0,-0.2312499999999993,419.8290303343632
1575,0.78775,0.78775,12.343643,121.818573,-6.8,86940.22497439495,-240935.9431188958,3444.0,592.6,-23.0,-1.8999999999999773,0.0,0.0,-0.234375,420.3898679827494
1576,0.78825,0.78825,12.335608,121.820446,-6.2,87179.60450659762,-241723.37107956974,3417.5,573.2,-16.0,-1.8999999999999773,0.0,0.0,-0.5846153846153951,389.1547651111273
1577,0.78875,0.78875,12.3398435,121.81984299999999,-7.2,87022.75092221028,-241366.935249881,3410.0,603.8,-16.0,-1.7999999999999543,0.0,0.0,-0.1461538461538444,398.35885389799466
1578,0.78925,0.78925,12.334991,121.819817,-6.2,86996.04073461659,-241983.95675009687,3490.0,587.1,-15.0,-1.8000000000000114,0.0,0.0,-0.2846153846153794,378.2996978365878
1579,0.78975,0.78975,12.338599,121.8197215,-6.8,87001.67077508912,-241594.0512012581,3471.0,598.2,-16.0,-1.8500000000000227,1.0,0.0769230769230769,-0.22774621212121138,401.8335584642423
1580,0.79025,0.79025,12.334039,121.819153,-6.8,87017.3107990952,-242349.0101985035,3421.0,588.0,-23.0,-1.8000000000000682,0.0,0.0,-0.24052083333333296,430.10309276262376
1581,0.79075,0.79075,12.335815499999999,121.8191985,-6.35,86792.63037678707,-241576.871561362,3372.0,588.0,-16.0,-1.8999999999999773,0.0,0.0,-0.2349798387096767,383.0841882369094
1582,0.79125,0.79125,12.337602,121.8192255,-6.8,86949.83117961585,-241854.85926194605,3520.0,589.8499999999999,-23.0,-1.8999999999999773,0.0,0.0,-0.2519047619047683,412.39848284751633
1583,0.79175,0.79175,12.330323,121.820839,-6.8,86942.81135376016,-242438.07745777085,3376.0,576.0,-22.0,-1.8000000000000114,0.0,0.0,-0.2466666666666697,415.2869090250701
1584,0.79225,0.79225,12.328445,121.819008,-6.5,86954.33472301753,-242677.1468802727,3368.0,588.9,-22.0,-1.8000000000000114,0.0,0.0,-0.2642857142857175,393.9574530084141
1585,0.79275,0.79275,12.329957499999999,121.8187485,-6.5,86759.7310386239,-242761.59954371012,3463.0,597.25,-23.0,-1.8999999999999773,0.0,0.0,-0.2906947890818865,430.97819403152977
1586,0.79325,0.79325,12.328709,121.819199,-6.8,86896.59146207036,-242677.25807535285,3360.0,570.4,-16.0,-1.8999999999999773,0.0,0.0,-0.4230769230769231,399.6829532061405
1587,0.79375,0.79375,12.320242,121.8180045,-6.5,86778.22362938439,-243493.54115934728,3379.5,576.9000000000001,-26.5,-1.8999999999999773,0.0,0.0,-0.3770737327188929,446.41323815870265
1588,0.79425,0.79425,12.330155999999999,121.8203465,-6.35,87080.67407806574,-242625.5523630444,3334.0,578.75,-23.0,-1.8000000000000682,0.0,0.0,-0.21699134199134185,389.901465360856
1589,0.79475,0.79475,12.3214,121.819534,-6.2,87007.34920490351,-243630.3111080344,3421.0,581.5,-16.0,-1.7999999999999543,0.0,0.0,-0.2846153846153794,368.23792773559165
1590,0.79525,0.79525,12.323227,121.819794,-5.9,87054.88586768696,-243125.59663885453,3318.5,586.1500000000001,-16.0,-1.8999999999999773,0.0,0.0,-0.4990185950413214,368.0728045885236
1591,0.79575,0.79575,12.324829000000001,121.8170055,-6.5,86630.51417198713,-243310.73644744352,3421.0,588.9,-23.0,-1.8999999999999773,0.0,0.0,-0.4629521016617812,399.4726060531645
1592,0.79625,0.79625,12.324234,121.820335,-6.2,86987.48184772671,-243039.0868664329,3452.0,587.1,-23.0,-1.8999999999999773,0.0,0.0,-0.4307692307692238,441.6822246305596
1593,0.79675,0.79675,12.3196775,121.8182755,-6.5,86938.74339920733,-244058.3009718535,3337.5,584.3,-23.0,-1.8500000000000227,0.0,0.0,-0.2096774193548387,421.5137710769934
1594,0.79725,0.79725,12.313787999999999,121.819767,-5.9,87010.28705532872,-244004.4269554802,3299.0,565.8,-23.0,-1.8999999999999773,0.0,0.0,-0.4250620347394506,397.8720546665352
1595,0.79775,0.79775,12.318466,121.8197555,-6.5,87766.42729502471,-244306.43279339472,3315.0,576.0,-16.0,-1.8000000000000114,0.0,0.0,-0.4115384615384623,362.27263516133536
1596,0.79825,0.79825,12.312467999999999,121.81888950000001,-5.9,86840.68183606915,-244114.9548652324,3322.5,568.6,-23.0,-1.8999999999999773,0.0,0.0,-0.29230769230769515,428.5721289848226
1597,0.79875,0.79875,12.312628,121.81669249999999,-6.8,86725.10244093835,-244616.05549430486,3371.5,579.7,-23.0,-1.8000000000000398,0.0,0.0,-0.28461538461538594,442.70487871530804
1598,0.79925,0.79925,12.317728500000001,121.81977499999999,-6.5,87275.2616143858,-244075.36941666924,3307.0,553.75,-16.0,-1.7999999999999543,0.0,0.0,-0.20594758064516216,379.0615499546866
1599,0.79975,0.79975,12.3141175,121.817913,-6.8,86983.82413035507,-244226.53912824666,3338.0,570.4,-23.0,-1.8000000000000398,0.0,0.0,-0.2096774193548405,410.45110858592284
1600,0.80025,0.80025,12.317734,121.818489,-6.5,86849.12100419999,-244161.04522598928,3414.0,566.7,-23.0,-1.8999999999999773,0.0,0.0,-0.2846153846153881,473.1125398699348
1601,0.80075,0.80075,12.305134500000001,121.819107,-5.9,87434.12121811963,-245754.74871343636,3307.0,565.8,-23.0,-1.8999999999999773,0.0,0.0,-0.2426881720430118,381.39778120635395
1602,0.80125,0.80125,12.310972,121.818062,-6.5,87033.45752358297,-244959.20351190545,3322.0,570.4,-23.0,-1.8999999999999773,0.0,0.0,-0.2906249999999986,384.9156556191182
1603,0.80175,0.80175,12.3087615,121.8176385,-6.050000000000001,86761.23252382997,-244896.3782915736,3307.0,569.5,-23.0,-1.8999999999999773,0.0,0.0,-0.2466666666666678,521.9628780290809
1604,0.80225,0.80225,12.305283,121.817825,-6.5,86937.2790722263,-246032.12484107897,3322.0,544.5,-31.0,-1.8999999999999773,0.0,0.0,-0.2818181818181839,1552.6173888935168
1605,0.80275,0.80275,12.302373,121.816261,-6.2,86753.54642472211,-245422.33102107825,3307.0,574.1,-30.0,-1.8999999999999773,0.0,0.0,-0.3468750000000007,462.4718083846347
1606,0.80325,0.80325,12.3083545,121.8187025,-5.9,87084.90349946769,-245319.03079154127,3269.0,561.2,-23.0,-1.8999999999999773,0.0,0.0,-0.4307692307692325,439.89945274980323
1607,0.80375,0.80375,12.303772,121.820595,-6.5,87776.9359719763,-245796.8360513046,3353.0,526.0,-30.0,-1.8999999999999773,0.0,0.0,-0.2642857142857175,483.4472635978499
1608,0.80425,0.80425,12.308481,121.8167645,-6.8,86718.34425561607,-244885.31438109028,3334.0,562.1,-30.0,-1.8500000000000227,0.0,0.0,-0.2793447293447263,978.6269770672171
1609,0.80475,0.80475,12.285461,121.818539,-6.5,87033.40711279683,-247301.47227948476,3269.0,544.5,-30.5,-1.8000000000000682,0.0,0.0,-0.2846153846153881,436.1631602219597
1610,0.80525,0.80525,12.3079715,121.818916,-6.5,87444.21662513487,-244596.26277002337,3341.5,562.1,-23.0,-1.8999999999999773,0.0,0.0,-0.2846153846153794,420.35513644003015
1611,0.80575,0.80575,12.2814815,121.817825,-5.9,87193.53767693642,-247660.52119355884,3227.0,546.3,-30.5,-1.900000000000034,0.0,0.0,-0.32760416666666714,460.4199716159517
1612,0.80625,0.80625,12.290863,121.817734,-6.2,86787.80492903001,-246711.08200098484,3261.0,563.0,-23.0,-1.8999999999999773,0.0,0.0,-0.1461538461538444,435.41607653529167
1613,0.80675,0.80675,12.289398,121.818527,-5.5,86880.47048764896,-247443.96877480383,3246.0,542.6,-38.0,-1.900000000000034,0.0,0.0,-0.4230769230769231,1651.063893775629
1614,0.80725,0.80725,12.286486,121.818916,-6.5,87093.24520878839,-247532.70244883036,3254.0,559.3,-38.0,-1.8999999999999773,0.0,0.0,-0.2846153846153881,1627.421162877195
1615,0.80775,0.80775,12.2594605,121.819008,-5.5,87503.5447493699,-249493.5164936683,3219.5,550.95,-34.5,-1.8999999999999773,0.0,0.0,-0.2964743589743626,1483.6624063214108
1616,0.80825,0.80825,12.301755,121.816597,-6.2,86646.7841234951,-245755.47148145773,3246.0,559.3,-38.0,-1.8999999999999773,0.0,0.0,-0.3699999999999969,1316.0580667654588
1617,0.80875,0.80875,12.277131,121.816509,-6.5,86736.76468547939,-247922.60799766914,3276.5,554.6500000000001,-54.0,-2.8000000000000114,0.0,0.0,-0.2953125000000003,1835.6150886198398
1618,0.80925,0.80925,12.2685395,121.8193895,-6.2,86962.23619832119,-249269.73639469856,3215.5,538.95,-34.0,-1.8999999999999773,0.0,0.0,-0.4177419354838724,1307.1969358104338
1619,0.80975,0.80975,12.306503,121.821228,-6.2,87616.14578279346,-245030.5907534152,3322.0,551.9,-23.0,-1.8000000000000682,0.0,0.0,-0.2312499999999993,411.6737613044045
1620,0.81025,0.81025,12.279372,121.8189165,-5.5,87824.25088860365,-247678.14561377585,3193.0,547.25,-19.5,-1.8999999999999773,0.0,0.0,-0.36223118279570043,410.36200575321226
1621,0.81075,0.81075,12.277361,121.821335,-6.8,87188.93451928835,-247797.791520107,3254.0,550.0,-23.0,-1.7999999999999543,0.0,0.0,-0.1774193548387097,427.8349501824793
1622,0.81125,0.81125,12.277679,121.82048,-5.9,88013.4605507811,-248184.75039931963,3269.0,537.1,-30.0,-1.8000000000000114,0.0,0.0,-0.2642857142857094,1187.6068618024087
1623,0.81175,0.81175,12.26388,121.82027450000001,-6.2,87697.46196751052,-249782.51250719553,3242.5,542.6,-38.0,-1.8999999999999773,0.0,0.0,-0.28461538461538594,1657.2711453466845
1624,0.81225,0.81225,12.2533785,121.8204915,-5.9,88037.35858599788,-250687.08448489528,3162.0,555.6,-23.0,-1.8999999999999773,0.0,0.0,-0.4212158808933002,465.16050228261383
1625,0.81275,0.81275,12.258182,121.821617,-6.5,87883.81413466868,-250405.76093190463,3185.0,542.6,-23.0,-1.8999999999999773,0.0,0.0,-0.2787878787878767,423.9079125399038
1626,0.81325,0.81325,12.247192,121.82103,-5.9,87962.6520081122,-251417.30257678867,3155.0,538.9,-23.0,-1.8000000000000682,0.0,0.0,-0.1461538461538444,456.24493825746407
1627,0.81375,0.81375,12.2520615,121.8198735,-6.2,87048.83795173197,-251107.1794980177,3250.0,548.2,-53.0,-1.9000000000000625,0.0,0.0,-0.2846153846153794,1672.5914979006864
1628,0.81425,0.81425,12.252409,121.8188475,-5.9,86992.66202395412,-250375.79385778145,3170.0,544.5,-46.0,-1.9000000000000057,0.0,0.0,-0.4061059907834101,1788.8284444845244
1629,0.81475,0.81475,12.2680125,121.821522,-6.8,87346.94787964172,-249129.07461820325,3257.5,549.1,-30.0,-1.8000000000000114,0.0,0.0,-0.14230769230769405,809.9845620058495
1630,0.81525,0.81525,12.2493835,121.82156,-6.050000000000001,88268.4746657293,-251505.31348279375,3170.0,547.25,-45.5,-1.8999999999999773,0.0,0.0,-0.2846153846153881,1490.2478986666351
1631,0.81575,0.81575,12.255808,121.821991,-6.5,88142.1151842667,-250440.89857725825,3246.0,533.4,-23.0,-1.7999999999999543,1.0,0.032258064516129,-0.1193548387096752,416.5739170983148
1632,0.81625,0.81625,12.253738,121.820618,-6.2,88122.68240167842,-250949.94965456708,3155.0,546.3,-45.0,-1.8999999999999773,0.0,0.0,-0.2846153846153881,1726.2003010615974
1633,0.81675,0.81675,12.2598025,121.8217125,-5.9,87045.54989452008,-249958.4787216651,3162.5,544.5,-30.0,-1.8749999999999858,0.0,0.0,-0.28461538461538594,962.8178294148317
1634,0.81725,0.81725,12.268231499999999,121.820908,-6.5,87681.21789248133,-249662.92219840435,3154.5,549.1,-23.0,-1.8999999999999773,0.0,0.0,-0.2554761904761915,448.56588132126046
1635,0.81775,0.81775,12.25064,121.82103,-6.5,88179.55243156827,-251877.4278187955,3170.0,550.0,-23.0,-1.7999999999999543,1.0,0.0333333333333333,-0.1384615384615349,447.9216518263063
1636,0.81825,0.81825,12.253327500000001,121.819344,-5.9,86925.86015621695,-250907.25074375776,3193.0,543.55,-31.0,-1.8999999999999773,0.0,0.0,-0.2846153846153881,681.8373435870858
1637,0.81875,0.81875,12.278412,121.819908,-6.8,86925.8468691485,-247722.06767046812,3155.0,548.2,-30.0,-1.8999999999999773,0.0,0.0,-0.2642857142857175,495.2246811876963
1638,0.81925,0.81925,12.2443905,121.81961100000001,-6.5,86879.32359199808,-251962.65884779417,3139.0,547.25,-23.0,-1.8000000000000114,0.0,0.0,-0.259729064039408,419.14332851696577
1639,0.81975,0.81975,12.260147,121.820763,-6.5,88154.37993902991,-250227.18163304945,3185.0,551.9,-23.0,-1.8999999999999773,1.0,0.0666666666666666,-0.2466666666666697,466.5255865183223
1640,0.82025,0.82025,12.2373955,121.8192025,-6.8,86821.16430582487,-252246.65108271065,3120.5,548.2,-23.0,-1.8000000000000114,0.0,0.0,-0.26428571428571546,451.07106981013226
1641,0.82075,0.82075,12.2446745,121.8204155,-6.2,87230.25940714715,-251910.5083551646,3223.0,552.8,-31.0,-1.8999999999999773,0.0,0.0,-0.2554761904761917,943.0112080388645
1642,0.82125,0.82125,12.266464,121.820404,-6.8,86914.24882286087,-249483.8425216884,3193.0,551.9,-23.0,-1.7999999999999543,0.0,0.0,-0.1461538461538444,389.652241103601
1643,0.82175,0.82175,12.249619,121.819588,-6.5,86886.77181787335,-250211.94790705733,3132.0,548.2,-23.0,-1.8999999999999773,0.0,0.0,-0.3083333333333324,445.19413992891
1644,0.82225,0.82225,12.287247,121.820984,-6.2,86974.32942985413,-246983.17636231633,3269.0,551.9,-23.0,-1.8000000000000682,0.0,0.0,-0.3083333333333371,450.2136019891494
1645,0.82275,0.82275,12.256016500000001,121.81834,-6.2,86586.43768372363,-250763.2531148552,3120.5,551.9,-38.5,-1.8999999999999773,0.0,0.0,-0.2846153846153881,1598.7623981037714
1646,0.82325,0.82325,12.27816,121.8194885,-6.8,86902.89728118316,-247501.2898386645,3196.5,559.3,-23.0,-1.8000000000000398,1.0,0.0769230769230769,-0.2642857142857175,439.16275952302976
1647,0.82375,0.82375,12.267128,121.8206555,-6.35,87043.89875912457,-249296.97918935577,3139.5,545.4,-23.0,-1.8999999999999773,1.0,0.069047619047619,-0.2846153846153881,394.07511148979256
1648,0.82425,0.82425,12.235558,121.821144,-6.8,86989.00966304116,-252683.1473701675,3132.0,550.0,-23.0,-1.8000000000000682,1.0,0.032258064516129,-0.1806451612903196,437.63511690311
1649,0.82475,0.82475,12.284484,121.820549,-6.2,87057.32527082818,-246881.6552540631,3208.0,546.3,-23.0,-1.8000000000000682,0.0,0.0,-0.2846153846153837,405.2490422291764
1650,0.82525,0.82525,12.2497325,121.8209115,-5.9,87054.15182290619,-251352.031064692,3147.0,553.75,-23.0,-1.8999999999999773,0.0,0.0,-0.3964285714285722,446.4876449046599
1651,0.82575,0.82575,12.29702,121.8196795,-7.0,86906.48678023109,-246635.69173658645,3253.5,555.6,-23.0,-1.8999999999999773,0.0,0.0,-0.34161931818181357,436.3582540259222
1652,0.82625,0.82625,12.232498,121.820938,-5.9,87073.17794460204,-253274.92758717044,3101.0,540.8,-23.0,-1.8000000000000682,1.0,0.0333333333333333,-0.2846153846153794,370.8325657520852
1653,0.82675,0.82675,12.22648,121.821854,-6.8,87010.46219304255,-253800.7691215945,3155.0,548.2,-23.0,-1.8000000000000114,1.0,0.0666666666666666,-0.2466666666666697,422.6722441446277
1654,0.82725,0.82725,12.286858,121.819298,-6.2,87070.36542847136,-247374.0270693371,3162.0,555.6,-23.0,-1.8999999999999773,0.0,0.0,-0.4000000000000016,440.3918620722066
1655,0.82775,0.82775,12.250809,121.821754,-6.5,87007.01626045787,-250584.8962061608,3109.0,550.95,-22.5,-1.8000000000000398,1.0,0.1051282051282051,-0.26428571428571546,430.2955967565262
1656,0.82825,0.82825,12.256571000000001,121.8193665,-6.2,87009.8273531966,-250282.44558792535,3135.5,554.6500000000001,-23.0,-1.9000000000000625,0.0,0.0,-0.347214076246335,422.4844480123526
1657,0.82875,0.82875,12.226455999999999,121.820324,-6.5,87031.36387329927,-253823.2305278018,3086.0,547.25,-23.0,-1.8000000000000682,0.0,0.0,-0.2846153846153837,447.3131957501486
1658,0.82925,0.82925,12.220139,121.819633,-6.5,87024.80416099688,-254422.01603485944,3132.0,548.2,-23.0,-1.8999999999999773,0.0,0.0,-0.2846153846153881,445.274942627165
1659,0.82975,0.82975,12.245499,121.817924,-6.2,86952.99631952842,-251877.98379419657,3078.0,542.6,-23.0,-1.8999999999999773,0.0,0.0,-0.2846153846153881,433.672616467123
1660,0.83025,0.83025,12.2209065,121.8216095,-6.2,87039.56424525459,-254592.36689777698,3090.0,546.3,-16.0,-1.8999999999999773,1.0,0.07417582417582415,-0.3213399503722105,377.01706356150953
1661,0.83075,0.83075,12.210606,121.820335,-5.9,86960.93279426852,-255478.92527247895,3086.0,546.3,-23.0,-1.8000000000000114,0.0,0.0,-0.2846153846153794,400.94912457450147
1662,0.83125,0.83125,12.238678,121.819962,-5.9,87008.67797420437,-252587.6307962468,3132.0,550.0,-23.0,-1.8999999999999773,0.0,0.0,-0.3733333333333348,446.3385850759999
1663,0.83175,0.83175,12.217182000000001,121.817875,-6.2,86787.07487513518,-254693.38762816938,3033.0,545.4,-30.5,-1.8999999999999773,0.0,0.0,-0.4230769230769231,494.0764273211886
1664,0.83225,0.83225,12.224105999999999,121.8204155,-5.9,86954.60695169907,-253771.969595814,3033.0,545.4,-22.5,-1.8000000000000114,0.0,0.0,-0.1461538461538509,419.0708003756849
1665,0.83275,0.83275,12.197937,121.82033150000001,-6.35,87015.96599842241,-256396.61826964642,3128.0,536.1500000000001,-16.0,-1.8000000000000682,0.0,0.0,-0.2846153846153794,413.4212504056054
1666,0.83325,0.83325,12.197803,121.820023,-5.9,86816.61667799606,-256660.92897536175,3056.0,538.9,-30.0,-1.900000000000034,0.0,0.0,-0.4307692307692325,465.26745844059377
1667,0.83375,0.83375,12.210892,121.819054,-6.2,86845.68512200908,-255932.04522443065,3086.0,551.9,-23.0,-1.8999999999999773,0.0,0.0,-0.4193548387096774,424.4155190765253
1668,0.83425,0.83425,12.185654,121.818871,-5.9,86754.75924806904,-257911.76243290864,2865.0,537.1,-23.0,-1.8000000000000682,0.0,0.0,-0.1461538461538487,458.0618905733205
1669,0.83475,0.83475,12.225815,121.818344,-5.5,86791.09048195764,-253996.36126772535,3033.0,548.2,-23.0,-1.8999999999999773,0.0,0.0,-0.5285714285714269,435.7117490810646
1670,0.83525,0.83525,12.198696,121.8165205,-6.2,86498.64711634495,-257031.09739745897,2960.5,541.7,-49.5,-1.8999999999999773,0.0,0.0,-0.28461538461538155,1696.8997066260208
1671,0.83575,0.83575,12.218124,121.818726,-6.2,86834.29420525311,-254098.10476613935,2949.0,540.8,-23.0,-1.8000000000000682,0.0,0.0,-0.2642857142857175,458.47184675234456
1672,0.83625,0.83625,12.2044575,121.81872200000001,-5.9,86689.53598998353,-256696.34460841588,3051.5,539.85,-23.0,-1.8999999999999773,0.0,0.0,-0.5038461538461547,417.22848174228346
1673,0.83675,0.83675,12.187981,121.817688,-6.2,86552.32827774265,-257805.23754604493,2972.0,540.8,-31.0,-1.8999999999999773,0.0,0.0,-0.2846153846153794,600.3157652787618
1674,0.83725,0.83725,12.176427499999999,121.8168105,-6.2,86495.53881141254,-258609.84514661483,3006.0,537.1,-41.5,-1.900000000000034,0.0,0.0,-0.2846153846153881,1573.5765240355365
1675,0.83775,0.83775,12.199402,121.816933,-6.2,86477.11271354195,-256804.70421410355,2903.0,551.9,-38.0,-1.900000000000034,0.0,0.0,-0.2846153846153881,1556.2314126944962
1676,0.83825,0.83825,12.202842,121.816929,-6.2,86485.88872328836,-256997.57208076864,2995.0,541.7,-34.5,-1.8000000000000398,0.0,0.0,-0.1384615384615415,1611.8065315962947
1677,0.83875,0.83875,12.183472,121.817276,-5.9,86721.30385535068,-258707.9192073808,3063.0,537.1,-23.0,-1.8000000000000682,0.0,0.0,-0.2846153846153881,418.5727796837088
1678,0.83925,0.83925,12.171616,121.816216,-5.9,86389.98791240543,-260036.922806332,2804.0,544.5,-30.0,-1.8999999999999773,0.0,0.0,-0.2846153846153837,510.73046710995624
1679,0.83975,0.83975,12.1611325,121.81549799999999,-6.5,86337.61236996486,-261211.08725605792,2819.0,530.6,-57.5,-1.8500000000000227,0.0,0.0,-0.14615384615384655,1685.2202437322721
1680,0.84025,0.84025,12.175278,121.815979,-5.5,86485.32494650818,-259744.36855023744,2995.0,542.6,-38.0,-1.8999999999999773,0.0,0.0,-0.3928571428571428,1569.2830466649298
1681,0.84075,0.84075,12.171547,121.81571149999999,-6.2,86388.68304751156,-259855.78602063144,2861.5,533.4,-38.0,-1.8000000000000682,0.0,0.0,-0.15224358974359226,1478.870391444033
1682,0.84125,0.84125,12.183494,121.8155175,-5.9,86298.1240950917,-258556.52710564266,2838.5,540.8,-38.0,-1.8000000000000682,0.0,0.0,-0.1461538461538444,1489.4499638338184
1683,0.84175,0.84175,12.152573,121.817711,-5.9,86907.83667269691,-261833.94649798595,2827.0,522.3,-30.0,-1.8999999999999773,0.0,0.0,-0.2642857142857134,525.1807790906774
1684,0.84225,0.84225,12.172623,121.815125,-4.9,86396.8214918663,-259926.28370149963,2812.0,540.8,-23.0,-1.8999999999999773,0.0,0.0,-0.2846153846153794,429.1862316522965
1685,0.84275,0.84275,12.162540499999999,121.814449,-5.7,86253.17128817383,-260162.46205191576,2754.5,536.1500000000001,-45.0,-1.8999999999999773,0.0,0.0,-0.3125,1634.2628674733985
1686,0.84325,0.84325,12.1363705,121.81714249999999,-6.050000000000001,86816.14708458137,-263303.77866605297,2690.0,515.8,-26.5,-1.8000000000000114,0.0,0.0,-0.1384615384615393,472.4766896844676
1687,0.84375,0.84375,12.138428,121.815269,-5.9,86719.66811095228,-262526.1358724398,2720.0,527.8,-45.0,-1.8000000000000114,0.0,0.0,-0.1461538461538444,1598.7748029033926
1688,0.84425,0.84425,12.139709499999999,121.8188135,-5.2,86918.24461790183,-262774.0453038203,2732.0,518.6,-23.0,-1.8000000000000114,0.0,0.0,-0.1461538461538444,428.70250164309107
1689,0.84475,0.84475,12.146164,121.807785,-6.2,86175.96955146473,-262678.6955225202,2774.0,529.7,-61.0,-1.8000000000000682,0.0,0.0,-0.1461538461538444,1862.7981982871645
1690,0.84525,0.84525,12.137844,121.814987,-6.2,86312.35698058308,-263304.39023899444,2720.0,529.7,-46.0,-1.8000000000000682,0.0,0.0,-0.1461538461538444,1728.2649878312927
1691,0.84575,0.84575,12.133942,121.810669,-6.2,86080.21401298916,-263204.5370569446,2697.0,520.4,-54.0,-1.8000000000000114,0.0,0.0,-0.1384615384615349,1732.8124817757005
1692,0.84625,0.84625,12.1338885,121.8202175,-5.9,86935.6512641868,-264034.3859407273,2644.0,514.9,-26.5,-1.8000000000000114,0.0,0.0,-0.1384615384615393,469.0482533837327
1693,0.84675,0.84675,12.136099000000002,121.8080635,-5.9,86206.40609366269,-263362.8232536571,2659.0,524.1,-53.5,-1.8999999999999773,0.0,0.0,-0.22424242424242524,1781.4356625296173
1694,0.84725,0.84725,12.134585,121.817131,-5.5,86919.76225155285,-263570.924846314,2705.0,501.9,-38.0,-1.8000000000000114,0.0,0.0,-0.1384615384615437,1414.895703928119
1695,0.84775,0.84775,12.1334525,121.8181195,-6.2,86874.22184028244,-263763.29233511805,2682.0,507.4,-38.0,-1.7999999999999543,0.0,0.0,-0.1233333333333329,1502.1259764280505
1696,0.84825,0.84825,12.131401,121.812855,-5.5,86583.0534416388,-264168.93198780983,2629.0,513.05,-46.0,-1.8999999999999773,0.0,0.0,-0.2846153846153881,1677.4389245259338
1697,0.84875,0.84875,12.116867,121.821274,-5.9,86971.81838207798,-265858.8748171991,2568.0,496.3,-38.0,-1.7999999999999543,0.0,0.0,-0.1357142857142841,1447.6948014931895
1698,0.84925,0.84925,12.121811,121.81806900000001,-6.050000000000001,86585.61767940865,-265224.1177016861,2621.0,513.05,-46.0,-1.8000000000000114,0.0,0.0,-0.13846153846153708,1636.3216371878111
1699,0.84975,0.84975,12.125061,121.841362,-5.9,89273.2537253719,-264962.9760557578,2690.0,488.9,-30.0,-1.8999999999999773,0.0,0.0,-0.1461538461538487,679.1673335951236
1700,0.85025,0.85025,12.114899,121.820435,-5.5,88079.37388561992,-266518.9288134657,2560.0,485.2,-23.0,-1.8000000000000682,0.0,0.0,-0.1461538461538444,446.39942666399133
1701,0.85075,0.85075,12.117416,121.817352,-6.8,87065.74178474887,-265608.4634965133,2583.0,511.2,-45.0,-1.8000000000000114,0.0,0.0,-0.1384615384615349,1583.9879220386952
1702,0.85125,0.85125,12.1233665,121.80582799999999,-5.5,85387.79823868147,-265099.5236142844,2587.0,513.0,-61.0,-1.8999999999999773,0.0,0.0,-0.26071428571428,1803.8022988623409
1703,0.85175,0.85175,12.1156165,121.819153,-6.2,86730.17359339322,-266039.9004078193,2560.0,506.5,-42.0,-1.8000000000000114,0.0,0.0,-0.1461538461538444,1468.2139173976107
1704,0.85225,0.85225,12.114349,121.816452,-5.9,88102.62663110146,-265698.4203164225,2545.0,490.8,-46.0,-1.8000000000000114,0.0,0.0,-0.1384615384615437,1643.3319426939927
1705,0.85275,0.85275,12.121644,121.818398,-5.9,86673.52003859455,-265582.1102624979,2583.0,500.0,-23.0,-1.8000000000000114,0.0,0.0,-0.1461538461538444,424.5347683494558
1706,0.85325,0.85325,12.121582,121.815887,-6.2,88031.47166402458,-265561.98395297566,2545.0,505.6,-38.0,-1.8000000000000114,0.0,0.0,-0.1461538461538444,1602.2322878688954
1707,0.85375,0.85375,12.118851,121.852737,-5.5,90797.31938641032,-265356.8290299447,2560.0,488.9,-23.0,-1.8999999999999773,0.0,0.0,-0.2466666666666697,397.4311463393187
1708,0.85425,0.85425,12.1055055,121.80491649999999,-6.5,85710.2732802488,-266689.33527392335,2553.0,519.5,-46.0,-1.8500000000000227,0.0,0.0,-0.1461538461538444,1694.260657470888
1709,0.85475,0.85475,12.102228,121.836506,-6.2,89241.68536043979,-267752.4714360362,2495.5,484.29999999999995,-30.0,-1.8000000000000114,0.0,0.0,-0.1461538461538444,1450.757690845222
1710,0.85525,0.85525,12.098831,121.855286,-5.5,90761.51121853793,-268129.03357524716,2461.0,481.5,-16.0,-1.7999999999999543,0.0,0.0,-0.1384615384615349,325.7586526600747
1711,0.85575,0.85575,12.10405,121.852737,-5.9,90640.07568907336,-267163.30430341896,2568.0,470.4,-16.0,-1.8000000000000114,1.0,0.0769230769230769,-0.1461538461538444,382.2979865769556
1712,0.85625,0.85625,12.1075505,121.81245799999999,-5.9,86635.74779937645,-266989.2284053132,2499.5,485.2,-46.0,-1.8500000000000227,0.0,0.0,-0.20521978021978105,1727.5127600323185
1713,0.85675,0.85675,12.10762,121.80349,-6.2,85333.5432213283,-267085.4677472554,2492.0,513.0,-53.0,-1.8999999999999773,0.0,0.0,-0.2466666666666621,1831.6903855277217
1714,0.85725,0.85725,12.102448,121.804893,-6.2,85683.78114573627,-267768.8727103707,2477.0,496.3,-45.0,-1.8000000000000682,0.0,0.0,-0.1461538461538444,1793.983485351851
1715,0.85775,0.85775,12.0991745,121.8065605,-6.050000000000001,86225.75950426834,-267757.1972269461,2491.5,500.95,-53.0,-1.8500000000000227,0.0,0.0,-0.26428571428571346,1629.0129858879263
1716,0.85825,0.85825,12.117736,121.83473950000001,-6.2,89117.2740249643,-265565.8201832436,2511.0,488.9,-46.0,-1.8000000000000114,0.0,0.0,-0.14230769230769405,1712.066893742904
1717,0.85875,0.85875,12.0994115,121.8522305,-5.9,91193.04895979055,-268009.16527875524,2488.0,485.2,-38.0,0.0,0.0,0.0,0.0,1369.05560704438
1718,0.85925,0.85925,12.093887,121.814766,-5.9,86892.16144090725,-268193.86030702305,2492.0,488.9,-53.0,-1.8000000000000114,0.0,0.0,-0.1384615384615393,1669.412752889613
1719,0.85975,0.85975,12.09343,121.836594,-6.2,89600.16392806785,-268713.5861120348,2408.0,507.4,-46.0,-1.7999999999999543,0.0,0.0,-0.1384615384615437,1465.3304735720174
1720,0.86025,0.86025,12.09213,121.800735,-6.5,84846.71716748386,-268475.07266493386,2446.0,494.5,-54.0,-1.8000000000000114,0.0,0.0,-0.1384615384615349,1723.0888585549687
1721,0.86075,0.86075,12.086288,121.847973,-5.9,90593.10737746184,-269482.9448721703,2431.0,474.1,-23.0,-1.7999999999999543,0.0,0.0,-0.1384615384615393,1497.21161532331
1722,0.86125,0.86125,12.089011,121.832115,-6.2,89626.70964191937,-268617.9583430339,2477.0,479.7,-39.0,-1.7999999999999543,0.0,0.0,-0.1285714285714334,1620.913824770369
1723,0.86175,0.86175,12.074859,121.861534,-6.2,91839.93219994837,-270558.0901029488,2355.0,474.1,-23.0,-1.7999999999999543,0.0,0.0,-0.1384615384615349,792.9143462912497
1724,0.86225,0.86225,12.07877,121.80452,-5.9,87038.1126232783,-269797.18216891016,2377.0,481.5,-45.0,-1.8000000000000114,0.0,0.0,-0.1384615384615437,1627.651999782354
1725,0.86275,0.86275,12.095581,121.801346,-6.5,85232.50160396355,-268258.79823387944,2400.0,514.9,-61.0,-1.7999999999999543,0.0,0.0,-0.1384615384615349,1862.8902752486135
1726,0.86325,0.86325,12.082878000000001,121.84716800000001,-6.2,90465.29117445243,-270009.1755893758,2400.5,485.2,-23.0,-1.7999999999999543,0.0,0.0,-0.1370879120879095,530.7360023077426
1727,0.86375,0.86375,12.107442500000001,121.796909,-6.5,84539.22769431793,-267181.65149165737,2442.0,508.35,-69.0,-1.8499999999999943,0.0,0.0,-0.1461538461538444,1835.6874923614823
1728,0.86425,0.86425,12.091016,121.804867,-6.2,86416.5876696733,-268864.4222383714,2412.0,491.70000000000005,-46.0,0.0,0.0,0.0,0.0,1591.6438263580808
1729,0.86475,0.86475,12.090035,121.796989,-6.2,85595.92895238353,-268646.53547865397,2377.0,505.6,-54.0,-1.8000000000000114,0.0,0.0,-0.1583333333333314,1813.2316332480025
1730,0.86525,0.86525,12.082489,121.795898,-6.5,84534.69006061694,-269779.3909560732,2355.0,505.6,-53.0,0.0,0.0,0.0,0.0,1698.3725645577083
1731,0.86575,0.86575,12.079514,121.79879,-6.2,84594.37322824144,-269225.86184667045,2385.0,481.5,-54.0,-1.900000000000034,0.0,0.0,-0.2642857142857134,1730.5650501328062
1732,0.86625,0.86625,12.073059,121.841408,-6.2,89110.7959159866,-270520.83975107025,2362.0,474.1,-46.0,-1.8000000000000114,0.0,0.0,-0.1384615384615437,1629.343277781085
1733,0.86675,0.86675,12.0783375,121.799171,-5.9,85975.3014313064,-269399.2149767547,2370.0,482.45,-42.0,-1.8000000000000114,0.0,0.0,-0.1384615384615393,1629.0550425135343
1734,0.86725,0.86725,12.083809500000001,121.8379975,-6.2,89745.44474455973,-269250.32476432185,2355.0,478.75,-46.0,-1.7999999999999543,0.0,0.0,-0.11937500000000151,1589.7538178899147
1735,0.86775,0.86775,12.070622,121.802673,-5.9,85431.21053755387,-271184.11840466346,2195.0,488.9,-53.0,-1.8000000000000114,0.0,0.0,-0.1384615384615349,1721.977151303529
1736,0.86825,0.86825,12.07174,121.794289,-5.5,85368.03180535581,-271084.48761277425,2309.0,477.8,-61.0,-1.8000000000000114,0.0,0.0,-0.1384615384615349,1758.7161656106657
1737,0.86875,0.86875,12.09064,121.824944,-6.5,88331.05315596134,-268837.79101665574,2316.0,505.6,-61.0,-1.8000000000000114,0.0,0.0,-0.1461538461538444,1776.8737411803756
1738,0.86925,0.86925,12.068939,121.797508,-5.5,84550.96837305743,-270793.2676976423,2301.0,483.4,-45.0,0.0,0.0,0.0,0.0,1603.3543504699278
1739,0.86975,0.86975,12.078072,121.793816,-6.2,84942.50408455664,-270457.68094549753,2324.0,490.8,-61.0,-1.8999999999999773,0.0,0.0,-0.1583333333333314,1742.910869758509
1740,0.87025,0.87025,12.067932,121.783157,-6.8,83905.38341202743,-271365.2551903634,2263.0,500.0,-61.0,-1.8999999999999773,0.0,0.0,-0.1461538461538444,1738.5010587268257
1741,0.87075,0.87075,12.083947,121.78773849999999,-6.5,83783.3493832178,-269871.2380923461,2355.0,510.25,-69.0,-1.799999999999983,0.0,0.0,-0.1370879120879115,1840.475667141495
1742,0.87125,0.87125,12.072784,121.852638,-5.5,91534.42783504186,-270156.45347314497,2278.0,476.0,-38.0,0.0,0.0,0.0,0.0,1429.1834762471208
1743,0.87175,0.87175,12.070622,121.788605,-6.8,84076.1149078353,-270961.6170491161,2156.0,503.7,-60.0,-1.8000000000000682,0.0,0.0,-0.1461538461538444,1690.18698281834
1744,0.87225,0.87225,12.0744635,121.7837715,-6.2,83331.18522116009,-270649.93723922153,2259.5,488.95000000000005,-57.5,-1.8000000000000114,0.0,0.0,-0.1461538461538444,1756.5101543991793
1745,0.87275,0.87275,12.055664,121.851303,-6.2,90972.81474804226,-272673.4653093111,2195.0,477.8,-31.0,0.0,0.0,0.0,0.0,1105.250957421057
1746,0.87325,0.87325,12.065294999999999,121.77706549999999,-6.050000000000001,83604.16751636796,-271540.8878195927,2183.0,483.35,-61.0,-1.8000000000000398,0.0,0.0,-0.14615384615384655,1688.6768626043547
1747,0.87375,0.87375,12.060976,121.789131,-5.5,83920.92861040203,-272318.7530033661,2129.5,493.55,-46.0,-1.8000000000000398,0.0,0.0,-0.14230769230769186,1609.1191943724084
1748,0.87425,0.87425,12.052281,121.794525,-5.5,84938.52600815026,-272839.3683690195,2164.0,479.7,-46.0,-1.7999999999999543,0.0,0.0,-0.1285714285714253,1547.86818633282
1749,0.87475,0.87475,12.0827965,121.78886800000001,-5.5,83900.6547018043,-269914.60417363717,2213.5,482.45,-46.0,-1.8000000000000682,0.0,0.0,-0.1384615384615437,1696.2275615147187
1750,0.87525,0.87525,12.060923500000001,121.773174,-5.9,82438.63597471619,-271814.6501071275,2168.0,496.3,-69.0,-1.8000000000000114,0.0,0.0,-0.1384615384615349,1731.4898860909252
1751,0.87575,0.87575,12.0766515,121.791832,-5.9,83859.71540567372,-270815.11753090844,2134.0,494.45000000000005,-61.0,-1.8500000000000227,0.0,0.0,-0.1461538461538444,1788.3998395917065
1752,0.87625,0.87625,12.058194,121.7903515,-5.9,84729.76091388706,-272780.76856173686,2175.5,483.4,-57.5,-1.7999999999999543,0.0,0.0,-0.1370879120879095,1716.672062520944
1753,0.87675,0.87675,12.065751500000001,121.776699,-6.2,82793.4803674233,-271740.53858615214,2187.0,499.1,-61.0,-1.8999999999999773,0.0,0.0,-0.2744505494505528,1854.8460447269217
1754,0.87725,0.87725,12.059823,121.765526,-5.9,81898.49459935713,-272351.33316187473,2149.0,481.5,-60.0,-1.8000000000000682,0.0,0.0,-0.1499999999999962,1745.5931519108162
1755,0.87775,0.87775,12.058914,121.82692,-6.2,89180.93936976537,-272567.6075929291,2126.0,468.6,-31.0,-1.7999999999999543,0.0,0.0,-0.1384615384615349,1402.7987170837227
1756,0.87825,0.87825,12.052734,121.781181,-6.2,83467.89785348075,-273400.5699389584,2118.0,490.8,-69.0,-1.8999999999999773,0.0,0.0,-0.1461538461538444,1784.5567268752695
1757,0.87875,0.87875,12.061033,121.789223,-5.9,83649.99196273748,-272267.1584861379,2096.0,481.5,-38.0,-1.8000000000000682,0.0,0.0,-0.1461538461538487,1287.3617821777611
1758,0.87925,0.87925,12.0374595,121.7596665,-6.5,81668.21917917751,-274373.3600983813,1992.5,481.5,-61.0,-1.8000000000000114,0.0,0.0,-0.1887019230769227,1699.4369973163919
1759,0.87975,0.87975,12.055447,121.785423,-5.2,83498.07108243727,-273772.7398725,2096.0,474.1,-46.0,-1.8999999999999773,0.0,0.0,-0.2846153846153794,1687.5611779307967
1760,0.88025,0.88025,12.070995,121.776848,-6.2,82362.33954008453,-270842.4159231059,2096.0,496.3,-68.0,-1.8999999999999773,0.0,0.0,-0.1461538461538444,1709.5457465071872
1761,0.88075,0.88075,12.059189,121.761475,-5.9,81431.85183058387,-272651.5598785051,2118.0,501.9,-69.0,-1.8999999999999773,0.0,0.0,-0.2466666666666659,1780.8105716804648
1762,0.88125,0.88125,12.0580435,121.7602005,-6.5,82082.22371420753,-272805.28707692807,2111.0,493.55,-69.0,-1.8000000000000114,0.0,0.0,-0.1461538461538444,1728.8981048736446
1763,0.88175,0.88175,12.053444500000001,121.792881,-5.5,85115.14991762585,-273507.8731913838,2076.5,480.6,-53.0,-1.8000000000000114,0.0,0.0,-0.14230769230768964,1600.476292051832
1764,0.88225,0.88225,12.063446,121.7765695,-6.2,82126.81751424164,-272414.8811502281,2191.0,478.75,-53.0,-1.8999999999999773,0.0,0.0,-0.14615384615384655,1696.817111278151
1765,0.88275,0.88275,12.039368,121.759865,-5.9,81379.09681020371,-274591.69163842,1996.0,481.5,-61.0,-1.8999999999999773,0.0,0.0,-0.1500000000000056,1690.6867983465625
1766,0.88325,0.88325,12.057632,121.750732,-6.2,80399.24912237085,-272409.7105789974,2035.0,483.4,-61.0,-1.8000000000000114,0.0,0.0,-0.1384615384615437,1684.2714580234858
1767,0.88375,0.88375,12.053422000000001,121.78265400000001,-5.5,83185.40619996341,-272762.9217513592,1992.5,477.8,-53.0,-1.8000000000000114,0.0,0.0,-0.14230769230769405,1644.912896716263
1768,0.88425,0.88425,12.0475845,121.75707249999999,-5.7,81100.04984733937,-273584.8757844452,2004.0,486.15,-61.0,-1.8999999999999773,0.0,0.0,-0.2642857142857114,1721.5311817755014
1769,0.88475,0.88475,12.042459,121.769669,-5.5,81835.77230776224,-274487.0570679201,1981.0,474.1,-53.0,-1.8000000000000682,0.0,0.0,-0.1461538461538444,1600.238740074015
1770,0.88525,0.88525,12.040643,121.774399,-5.2,83068.04771069536,-274794.511464766,1958.0,472.3,-46.0,-1.8999999999999773,0.0,0.0,-0.1384615384615437,1627.9253259530294
1771,0.88575,0.88575,12.050861000000001,121.7693485,-5.5,82021.21193487913,-273121.5258851121,1989.0,483.4,-49.5,-1.8999999999999773,0.0,0.0,-0.1461538461538444,1580.3378368949611
1772,0.88625,0.88625,12.04446,121.757668,-5.9,81051.79579051881,-273365.4322936048,2065.0,487.1,-61.0,-1.8999999999999773,0.0,0.0,-0.2249999999999943,1707.4869534507463
1773,0.88675,0.88675,12.036506500000002,121.76221050000001,-5.9,81300.8813587066,-275004.6701664073,2050.0,487.04999999999995,-65.0,-1.8500000000000227,0.0,0.0,-0.14615384615384655,1697.9213739986978
1774,0.88725,0.88725,12.03273,121.752617,-5.5,80379.00963884377,-275417.9822796352,1890.0,472.3,-46.0,-1.8999999999999773,0.0,0.0,-0.2642857142857094,1543.8212764779978
1775,0.88775,0.88775,12.050092,121.77251050000001,-5.5,82010.58227719064,-273489.9151859259,2034.5,472.3,-46.0,-1.8000000000000398,0.0,0.0,-0.14230769230769405,1543.9597902601117
1776,0.88825,0.88825,12.053864,121.771301,-5.9,82608.46969539332,-273834.7867272704,2065.0,474.1,-60.0,-1.8999999999999773,0.0,0.0,-0.2642857142857094,1517.85466189181
1777,0.88875,0.88875,12.029709,121.74334,-5.5,80108.85805600612,-275486.9232293803,1897.0,483.4,-53.0,-1.8000000000000682,0.0,0.0,-0.1370370370370387,1703.7353367653516
1778,0.88925,0.88925,12.033279,121.780411,-4.9,83612.68382784908,-274760.1521849736,1958.0,464.9,-39.0,-1.8999999999999773,0.0,0.0,-0.2642857142857134,1535.716383550067
1779,0.88975,0.88975,12.0346395,121.75295249999999,-5.2,80260.4495146839,-274812.08028744266,1871.0,466.7,-46.0,-1.8999999999999773,0.0,0.0,-0.2554761904761895,1664.8816377825783
1780,0.89025,0.89025,12.03891,121.767693,-5.2,82525.72670750185,-274790.61963695794,1966.0,488.9,-46.0,-1.7999999999999543,0.0,0.0,-0.1055555555555542,1693.301156478925
1781,0.89075,0.89075,12.034836,121.756737,-5.2,80899.2399158546,-275525.5079222209,1920.0,464.9,-46.0,-1.8999999999999773,0.0,0.0,-0.1461538461538444,1511.0819402716015
1782,0.89125,0.89125,12.035196,121.767693,-5.2,81553.4573923505,-275217.71994013444,1897.0,468.6,-46.0,-1.8000000000000682,0.0,0.0,-0.1999999999999949,1578.6768351826288
1783,0.89175,0.89175,12.034058,121.748833,-5.5,79188.09541939908,-274986.21178308886,1844.0,474.1,-53.0,-1.8000000000000114,0.0,0.0,-0.1384615384615393,1725.806561918674
1784,0.89225,0.89225,12.043121,121.777054,-5.5,82507.85969162584,-274316.0390345209,1981.0,477.8,-46.0,-1.8000000000000114,0.0,0.0,-0.1384615384615349,1467.0399993760193
1785,0.89275,0.89275,12.035383,121.773979,-5.2,82572.60772658639,-274755.8155768447,1951.0,476.0,-46.0,-1.8000000000000114,0.0,0.0,-0.1384615384615437,1501.7312172465
1786,0.89325,0.89325,12.0203615,121.778454,-4.9,82829.36344638273,-276703.397407135,1832.5,449.1,-38.0,-1.8000000000000114,0.0,0.0,-0.21805555555555461,1214.8764184338645
1787,0.89375,0.89375,12.0499175,121.746048,-5.7,80567.87131151522,-273488.24725972244,1985.0,485.2,-53.5,-1.8000000000000114,0.0,0.0,-0.1384615384615393,1679.1104777421265
1788,0.89425,0.89425,12.030309,121.744469,-4.9,80328.39683979598,-275251.30085436534,1859.0,463.0,-45.0,-1.8999999999999773,0.0,0.0,-0.2466666666666659,1598.7249045786127
1789,0.89475,0.89475,12.035019,121.772369,-4.9,82302.0207052456,-275055.9310983951,1928.0,464.9,-45.0,-1.7999999999999543,0.0,0.0,-0.1357142857142881,1233.1339104350843
1790,0.89525,0.89525,12.030309,121.753281,-5.2,80537.03522174922,-275743.1166942381,1897.0,472.3,-46.0,-1.8999999999999773,0.0,0.0,-0.1461538461538487,1594.0011180050449
1791,0.89575,0.89575,12.0387465,121.76219549999999,-5.050000000000001,82025.74371119525,-274700.9408047495,1924.0,466.7,-45.0,-1.9000000000000057,0.0,0.0,-0.2846153846153794,1592.719525705651
1792,0.89625,0.89625,12.035614,121.767738,-4.9,82317.61534853427,-274722.12346753385,1844.0,459.3,-46.0,-1.8000000000000682,0.0,0.0,-0.1461538461538444,1383.7866511077773
1793,0.89675,0.89675,12.0207365,121.77685149999999,-5.2,82241.47499570317,-276505.7481520198,1836.5,463.95,-30.0,-1.8000000000000114,0.0,0.0,-0.1384615384615393,1122.0132032574052
1794,0.89725,0.89725,12.0296405,121.745262,-5.5,79482.24011079615,-276100.16409686813,1893.5,491.70000000000005,-57.5,-1.8000000000000114,0.0,0.0,-0.13708791208791354,1519.4461050013629
1795,0.89775,0.89775,12.019322,121.757683,-4.6,80546.66561400582,-277149.8456542725,1791.0,464.9,-38.0,-1.8999999999999773,0.0,0.0,-0.2466666666666697,1109.647587438531
1796,0.89825,0.89825,12.043157,121.751297,-5.2,80128.48962896476,-274437.13047689555,1974.0,459.3,-46.0,-1.8999999999999773,0.0,0.0,-0.2000000000000076,1497.0928025801495
1797,0.89875,0.89875,12.028564,121.764946,-5.2,81797.0093588325,-276125.18298992055,1859.0,463.0,-45.0,-1.8000000000000682,0.0,0.0,-0.2466666666666697,1384.1932968870728
1798,0.89925,0.89925,12.022022,121.757164,-4.6,80999.60424785815,-276360.69416985515,1829.0,466.7,-38.0,-1.8999999999999773,0.0,0.0,-0.2374999999999971,1540.9093371628592
1799,0.89975,0.89975,12.01909,121.74102,-4.9,79027.04524506383,-277016.63394815277,1867.0,463.0,-45.0,-1.8999999999999773,0.0,0.0,-0.2846153846153837,1161.716146075911
1800,0.90025,0.90025,12.023757,121.7608225,-4.9,80878.50760678257,-276132.7442553764,1783.0,463.0,-38.0,-1.8000000000000682,0.0,0.0,-0.2111111111111117,1183.7371346783134
1801,0.90075,0.90075,12.0224305,121.746143,-5.050000000000001,79970.2762442975,-276581.0272213379,1909.0,465.79999999999995,-45.5,-1.8000000000000114,0.0,0.0,-0.1357142857142841,1445.1681000314297
1802,0.90125,0.90125,12.033142,121.743149,-4.9,79875.72287304452,-275582.9957787019,1791.0,463.0,-38.0,-1.8999999999999773,0.0,0.0,-0.2642857142857175,1365.4535445553984
1803,0.90175,0.90175,12.018631,121.7688175,-5.2,81681.33009795815,-276997.8419795932,1821.0,463.95,-38.0,-1.8999999999999773,0.0,0.0,-0.1461538461538444,1106.690038556813
1804,0.90225,0.90225,12.0055675,121.74672699999999,-4.9,79574.11071933211,-278495.02813739795,1730.0,464.9,-31.0,-1.8999999999999773,0.0,0.0,-0.20555555555555172,1215.6982420760803
1805,0.90275,0.90275,12.019821,121.75428,-5.5,80127.17867987913,-276725.19164286077,1798.0,459.3,-46.0,-1.8000000000000682,0.0,0.0,-0.2642857142857094,1495.6685121092512
1806,0.90325,0.90325,12.011306,121.761829,-4.75,81141.78583417833,-277718.0525142658,1768.0,455.6,-38.0,-1.8000000000000114,0.0,0.0,-0.19182692307692512,1109.777167373428
1807,0.90375,0.90375,12.027512,121.738983,-5.5,79791.67787564517,-275890.22778538713,1890.0,466.7,-45.0,-1.8000000000000114,0.0,0.0,-0.2000000000000076,1410.2640028054548
1808,0.90425,0.90425,12.001443,121.7455405,-5.5,79608.465480577,-278835.17388783203,1661.0,463.95,-45.0,-1.8000000000000114,0.0,0.0,-0.21249999999999458,1142.5084862171639
1809,0.90475,0.90475,12.00943,121.743103,-4.6,79659.41126796266,-277945.780038584,1707.0,459.3,-38.0,-1.8999999999999773,0.0,0.0,-0.2846153846153794,1137.5415062674751
1810,0.90525,0.90525,11.9999085,121.751087,-4.2,80574.69377920311,-279122.27958499524,1687.5,454.65,-23.0,-1.8999999999999773,0.0,0.0,-0.2642857142857114,1074.283624537568
1811,0.90575,0.90575,12.019252,121.73759100000001,-4.9,78940.00715290442,-276906.49522118154,1840.0,463.95,-38.0,-1.8000000000000114,0.0,0.0,-0.2607142857142861,1026.9812024499797
1812,0.90625,0.90625,12.00019,121.734924,-4.9,78906.76387358304,-279383.64362108405,1600.0,453.7,-30.0,-1.8999999999999773,0.0,0.0,-0.1583333333333361,967.9874725538272
1813,0.90675,0.90675,12.005967,121.73622499999999,-4.9,78831.17341030929,-278448.04821599915,1676.0,452.79999999999995,-23.0,-1.8999999999999773,0.0,0.0,-0.2714285714285682,932.0567618871091
1814,0.90725,0.90725,12.016669,121.741585,-4.9,79605.67719133748,-277477.42636064044,1722.0,459.3,-45.0,-1.8999999999999773,0.0,0.0,-0.2571428571428506,1319.805290901738
1815,0.90775,0.90775,11.993408,121.737038,-4.6,79084.74285141195,-280119.8662473105,1631.0,453.7,-30.0,-1.8999999999999773,0.0,0.0,-0.2846153846153837,1001.1340135477102
1816,0.90825,0.90825,12.00843,121.735649,-5.2,78984.25189971742,-278644.75231293205,1638.0,451.9,-23.0,-1.8999999999999773,0.0,0.0,-0.2714285714285682,927.7722513239014
1817,0.90875,0.90875,11.9742015,121.7333105,-4.05,79003.78087110317,-282101.36257707176,1562.0,451.9,-23.0,-1.8999999999999773,0.0,0.0,-0.40796703296703296,782.1577349399549
1818,0.90925,0.90925,12.00119,121.735901,-4.2,79035.55176697212,-279159.80792457395,1631.0,444.5,-23.0,-1.8999999999999773,0.0,0.0,-0.2846153846153881,906.4818529911536
1819,0.90975,0.90975,11.992043,121.732903,-4.6,79004.39457950927,-280588.331120334,1600.0,448.2,-23.0,-1.8000000000000114,0.0,0.0,-0.2714285714285682,816.9901705250478
1820,0.91025,0.91025,11.988968,121.735291,-4.9,79211.82235875426,-280186.1385151296,1600.0,442.6,-23.0,-1.8999999999999773,0.0,0.0,-0.2571428571428669,828.3423204908039
1821,0.91075,0.91075,11.972045999999999,121.73482150000001,-4.6,79222.97462253334,-282471.9201819501,1577.0,445.4,-22.5,-1.8500000000000227,0.0,0.0,-0.2846153846153837,813.842593371558
1822,0.91125,0.91125,11.950378,121.734482,-4.2,79119.71772696119,-284282.1204906118,1554.0,437.1,-22.0,-1.8999999999999773,0.0,0.0,-0.4181818181818176,736.9336394894757
1823,0.91175,0.91175,11.9643245,121.735527,-4.4,79259.1789735079,-283096.058167301,1570.0,437.1,-15.0,-1.8999999999999773,0.0,0.0,-0.4055555555555557,450.67881691743355
1824,0.91225,0.91225,11.952347,121.736755,-4.2,79302.95596913678,-284279.89658900717,1494.0,431.5,-16.0,-1.8999999999999773,0.0,0.0,-0.4111111111111099,739.6539158397868
1825,0.91275,0.91275,11.9413005,121.7352525,-4.2,79269.23081428208,-285526.9494138262,1547.0,441.70000000000005,-16.0,-1.8999999999999773,0.0,0.0,-0.30416666666666947,430.24652113551133
1826,0.91325,0.91325,11.963333500000001,121.7372055,-4.2,79444.3223394054,-283095.0574115787,1573.5,438.9,-15.0,-1.8999999999999773,0.0,0.0,-0.2846153846153881,420.645031739653
1827,0.91375,0.91375,11.931338499999999,121.7358325,-4.2,79271.39072850597,-286758.93530527374,1494.0,429.7,-15.0,-1.8999999999999773,0.0,0.0,-0.3083333333333418,359.79473434212537
1828,0.91425,0.91425,11.9580915,121.7380105,-4.2,79391.9587007195,-283720.02936003136,1547.0,437.1,-15.0,-1.8999999999999773,0.0,0.0,-0.3633333333333363,504.56745784097245
1829,0.91475,0.91475,11.940536,121.73761,-4.6,79290.19835894548,-285231.7264758061,1532.0,435.2,-16.0,-1.8999999999999773,0.0,0.0,-0.3928571428571428,614.4011892469853
1830,0.91525,0.91525,11.921982,121.73748,-3.9,79119.24493825145,-287658.4479068228,1524.0,429.7,-15.0,-1.8999999999999773,0.0,0.0,-0.6000000000000038,339.32064140026
1831,0.91575,0.91575,11.916727000000002,121.735359,-3.9,78974.99726263658,-288083.82468625635,1455.0,423.20000000000005,-15.0,-1.8999999999999773,0.0,0.0,-0.6277777777777753,349.22250441869545
1832,0.91625,0.91625,11.921818,121.73852149999999,-3.9,79202.97889841703,-287712.7111059766,1459.0,426.0,-15.0,-1.8000000000000114,0.0,0.0,-0.3433333333333356,322.9278369242657
1833,0.91675,0.91675,11.915176,121.738365,-3.6,79460.71069350217,-288237.6630797595,1463.0,427.8,-15.0,-1.8999999999999773,0.0,0.0,-0.6200000000000008,361.0093404192564
1834,0.91725,0.91725,11.9244235,121.738659,-4.2,79021.1957784801,-287300.12176077033,1520.0,430.6,-15.0,-1.8999999999999773,0.0,0.0,-0.613888888888888,383.27729600283385
1835,0.91775,0.91775,11.916489,121.738174,-3.9,78810.51326211826,-288246.3362960177,1478.0,426.0,-15.0,-1.900000000000034,0.0,0.0,-0.6000000000000038,392.215823059518
1836,0.91825,0.91825,11.9215625,121.7389105,-4.2,78759.81450473543,-287716.3805436244,1494.0,422.3,-15.0,-1.8000000000000398,0.0,0.0,-0.3363636363636353,454.73474655158583
1837,0.91875,0.91875,11.914489499999998,121.739067,-3.6,78925.71463903744,-288570.41435735824,1455.0,422.3,-15.0,-1.8999999999999773,0.0,0.0,-0.6000000000000038,497.1068027502022
1838,0.91925,0.91925,11.910204,121.739548,-3.6,78413.29615429744,-288950.0899588156,1455.0,416.7,-15.0,-1.8999999999999773,0.0,0.0,-0.6166666666666742,365.4477993682506
1839,0.91975,0.91975,11.915803499999999,121.7408295,-3.6,79335.38515855384,-287765.97354940884,1448.0,426.0,-15.0,-1.900000000000034,0.0,0.0,-0.5285714285714289,478.57951344829
1840,0.92025,0.92025,11.910622,121.74025,-4.05,79060.31803194032,-288988.6746516566,1425.0,420.4,-15.0,-1.8999999999999773,0.0,0.0,-0.27802197802197814,410.75120006504085
1841,0.92075,0.92075,11.913602,121.739975,-3.9,78404.70996487631,-288572.13788110163,1455.0,418.6,-15.0,-3.699999999999932,0.0,0.0,-0.6000000000000038,399.7912916805962
1842,0.92125,0.92125,11.903592,121.740467,-3.45,78515.27292884546,-289722.67337627814,1417.0,409.3,-15.0,-1.900000000000034,0.0,0.0,-0.5692307692307719,408.7289255211406
1843,0.92175,0.92175,11.90918,121.74126050000001,-3.3,78857.16119985475,-288951.8690800993,1410.0,413.0,-15.0,-1.900000000000034,0.0,0.0,-0.5285714285714269,410.9735687836264
1844,0.92225,0.92225,11.910965,121.742294,-3.6,78878.5732905916,-288457.3845583008,1432.5,416.7,-15.0,-1.900000000000034,0.0,0.0,-0.5285714285714269,696.4575545446824
1845,0.92275,0.92275,11.9052525,121.741791,-3.6,79250.98859479123,-288959.76393079606,1410.0,413.0,-15.0,-1.900000000000034,0.0,0.0,-0.58461538461539,475.44680682678245
1846,0.92325,0.92325,11.901537000000001,121.7419395,-3.3,79080.26880379545,-289938.83661225205,1387.0,414.8,-8.0,-1.8999999999999773,0.0,0.0,-0.3104895104895117,467.7610853620749
1847,0.92375,0.92375,11.905083,121.742157,-3.6,78734.0345998827,-289074.85083883756,1402.0,416.7,-15.0,-3.6999999999999886,0.0,0.0,-0.5999999999999849,450.29279552502425
1848,0.92425,0.92425,11.910949,121.742775,-3.3,78866.30389699785,-288381.6607086619,1402.0,418.6,-15.0,-1.8999999999999773,0.0,0.0,-0.5692307692307674,682.1835365319098
1849,0.92475,0.92475,11.9036915,121.74399199999999,-3.45,79107.26778698768,-289376.5230915112,1387.0,412.05,-15.0,-3.6999999999999886,0.0,0.0,-0.5285714285714289,787.7924256578356
1850,0.92525,0.92525,11.907817000000001,121.744873,-3.3,79109.88623504541,-288810.373340502,1394.0,415.75,-15.0,-1.900000000000034,0.0,0.0,-0.4750000000000085,677.3078653727125
1851,0.92575,0.92575,11.914032,121.743858,-3.3,79006.15768394864,-288863.02421099273,1372.0,420.4,-15.0,-1.900000000000034,0.0,0.0,-0.5285714285714269,804.1038897129201
1852,0.92625,0.92625,11.899315,121.745758,-3.3,78966.75207125407,-289682.1427695331,1398.0,409.3,-15.0,-2.350000000000037,0.0,0.0,-0.5109523809523832,712.0168411141431
1853,0.92675,0.92675,11.90657,121.745323,-3.3,79096.73883903246,-289236.86207073776,1356.0,413.0,-15.0,-1.900000000000034,0.0,0.0,-0.5357142857142857,735.3544277325709
1854,0.92725,0.92725,11.918359,121.7471965,-3.3,79301.25871746852,-288435.2011397941,1410.0,424.1,-15.0,-3.6999999999999886,0.0,0.0,-0.6111111111111112,676.6987662361025
1855,0.92775,0.92775,11.915405,121.746536,-3.3,79349.2083876272,-288443.3739781915,1402.0,409.3,-23.0,-3.6999999999999886,0.0,0.0,-0.528571428571435,719.3646884233044
1856,0.92825,0.92825,11.892838,121.746056,-2.9,79245.47847868067,-290617.34899183706,1318.0,403.7,-8.0,-1.900000000000034,0.0,0.0,-0.6111111111111112,675.0352526157172
1857,0.92875,0.92875,11.910809,121.7469595,-3.3,79456.60024895615,-289117.77213980793,1375.5,413.0,-15.0,-2.799999999999983,0.0,0.0,-0.6333333333333258,662.4981641359268
1858,0.92925,0.92925,11.902611,121.7478145,-3.45,79775.23192489381,-289621.3190606453,1356.0,400.0,-15.0,-2.80000000000004,0.0,0.0,-0.6000000000000038,673.6854068978282
1859,0.92975,0.92975,11.9136325,121.74653599999999,-2.9,79404.81912384558,-288724.47514102154,1330.0,413.9,-15.0,-3.6999999999999886,0.0,0.0,-0.5285714285714289,794.4718888283508
1860,0.93025,0.93025,11.90527,121.747643,-3.3,79658.27211876777,-289609.47678460047,1379.0,405.6,-16.0,-3.6999999999999886,0.0,0.0,-0.6999999999999957,832.88686764982
1861,0.93075,0.93075,11.892444000000001,121.752445,-3.0999999999999996,79853.7848606515,-290559.9723304367,1310.5,394.5,-8.0,-3.6999999999999886,0.0,0.0,-0.6937500000000014,574.2374130679491
1862,0.93125,0.93125,11.9038465,121.7455175,-3.3,79665.71437006212,-289868.1165412235,1322.0,409.25,-15.0,-3.6999999999999886,0.0,0.0,-0.6166666666666696,777.8333460099973
1863,0.93175,0.93175,11.89782,121.750969,-3.3,79800.72763914918,-290777.3587122933,1318.0,392.6,-15.0,-3.6999999999999886,0.0,0.0,-0.6875,729.2821260163926
1864,0.93225,0.93225,11.900381,121.752953,-2.9,79907.0026964076,-290255.29781059676,1295.0,396.3,-15.0,-3.6999999999999886,0.0,0.0,-0.9000000000000057,663.8476362731517
1865,0.93275,0.93275,11.8844375,121.7553825,-2.9,80330.5727002777,-291684.76616453886,1265.0,388.9,-8.0,-3.6999999999999886,0.0,0.0,-0.7999999999999952,430.1068252663547
1866,0.93325,0.93325,11.87636,121.756737,-2.6,80519.88931559099,-291912.1045060764,1242.0,376.0,-8.0,-3.6999999999999886,0.0,0.0,-0.6333333333333258,625.5662277012826
1867,0.93375,0.93375,11.879379,121.7584,-2.6,80447.85396311278,-291968.4804117547,1242.0,374.1,-8.0,-3.8000000000000114,-1.0,-0.2222222222222222,-0.9000000000000057,572.8896238645019
1868,0.93425,0.93425,11.888672,121.759399,-2.6,80557.97143602824,-292149.1724171343,1257.0,377.8,-8.0,-3.6999999999999886,-1.0,-0.0769230769230769,-0.9499999999999886,563.3128605360057
1869,0.93475,0.93475,11.88943,121.759438,-2.9,80683.08403424369,-291347.3446935704,1265.0,385.2,-8.0,-3.6999999999999886,-1.0,-0.3333333333333333,-0.9214285714285698,551.9577548971773
1870,0.93525,0.93525,11.866241,121.760857,-2.6,80681.80672523846,-294015.13705853326,1219.0,372.3,-8.0,-3.6999999999999886,-2.0,-0.4166666666666667,-0.9499999999999886,405.10519283175574
1871,0.93575,0.93575,11.8677065,121.763218,-2.6,80900.73122258102,-293494.1881076392,1219.0,371.35,-8.0,-3.6999999999999886,-2.0,-0.7083333333333333,-0.8444444444444463,353.39850426205777
1872,0.93625,0.93625,11.857995500000001,121.7641255,-2.6,81062.73252033484,-294758.253779734,1204.0,368.5,-8.0,-3.6999999999999886,-3.0,-0.6666666666666666,-0.9250000000000007,348.49208829139695
1873,0.93675,0.93675,11.869171,121.76252,-2.9,80983.02132443892,-293225.3184036344,1234.0,368.5,-8.0,-3.6999999999999886,-2.0,-0.5,-0.8999999999999773,366.04073619380176
1874,0.93725,0.93725,11.849802,121.76560549999999,-2.6,81226.18199380754,-295322.51321437897,1196.0,361.1,-8.0,-3.6999999999999886,-3.25,-1.0,-0.9232142857142835,337.4374090369405
1875,0.93775,0.93775,11.848057,121.766006,-2.6,81266.59604759356,-295435.4318183563,1196.0,355.6,-8.0,-3.700000000000017,-4.0,-1.0,-0.9285714285714286,364.59266689603675
1876,0.93825,0.93825,11.844705,121.76863900000001,-2.6,81493.55032573818,-295602.11324362626,1189.0,351.9,-8.0,-3.2249999999999943,-4.0,-1.4166666666666665,-0.9249999999999972,279.08252412967556
1877,0.93875,0.93875,11.8468615,121.76813849999999,-2.9,81332.95729820698,-295548.96199527464,1196.0,355.6,-8.0,-1.900000000000034,-3.0,-1.0,-0.6666666666666703,309.44760695774755
1878,0.93925,0.93925,11.848429,121.768669,-2.9,81480.52647865267,-295479.46507012885,1204.0,355.6,-8.0,-3.6999999999999886,-3.0,-1.0,-0.6875,306.95879005101716
1879,0.93975,0.93975,11.849121,121.769478,-3.3,81498.15359635821,-295493.9204305591,1196.0,359.3,-8.0,-2.75,-3.0,-1.0,-0.7749999999999962,360.67784246837255
1880,0.94025,0.94025,11.84436,121.771706,-3.3,81775.54945257916,-295553.29860340373,1189.0,346.3,-8.0,-1.900000000000034,-2.0,-0.6666666666666666,-0.6333333333333258,320.30052470174576
1881,0.94075,0.94075,11.847754,121.7716025,-3.3,81768.83259730732,-295394.9012116109,1204.0,357.4,-8.0,-1.900000000000034,-3.0,-0.825,-0.6333333333333258,369.99007048679925
1882,0.94125,0.94125,11.849686,121.768387,-3.3,81573.3558879964,-295357.03928679164,1196.0,357.4,-11.5,-1.900000000000034,-2.0,-0.5,-0.6111111111111112,362.0863005190675
1883,0.94175,0.94175,11.848522,121.770485,-3.9,81768.80893291759,-295330.5748576959,1204.0,359.3,-15.0,-3.6999999999999886,-2.0,-0.6666666666666666,-0.6333333333333258,372.5083421022194
1884,0.94225,0.94225,11.864136,121.766006,-3.3,81685.21258724101,-294305.57860810315,1196.0,361.1,-15.0,-2.75,-1.0,-0.1818181818181818,-0.6333333333333258,421.6316343138358
1885,0.94275,0.94275,11.8489835,121.77016449999999,-3.45,81872.1478198548,-295006.2744061949,1204.0,359.3,-15.0,-1.8999999999999773,-1.0,-0.41919191919191917,-0.4365384615384594,365.87703283470216
1886,0.94325,0.94325,11.876431499999999,121.76469800000001,-3.6,81406.65515748596,-293489.7403044299,1204.0,367.6,-15.0,-1.900000000000034,-2.0,-0.5,-0.6100000000000023,342.6841674082998
1887,0.94375,0.94375,11.87606,121.7624475,-3.0999999999999996,81088.82410077147,-293515.0371851831,1204.0,362.05,-11.5,-1.900000000000034,-1.0,-0.07417582417582415,-0.7928571428571425,349.4075227282383
1888,0.94425,0.94425,11.879791,121.75499,-3.3,80697.25015203052,-292491.5420691734,1204.0,372.3,-15.0,-1.900000000000034,-1.0,-0.0714285714285714,-0.5599999999999994,508.1799030276373
1889,0.94475,0.94475,11.881947,121.756561,-3.9,81007.1277651129,-292186.6451591731,1227.0,376.0,-15.0,-1.900000000000034,0.0,0.0,-0.6333333333333258,536.5670379008036
1890,0.94525,0.94525,11.884134,121.765121,-3.6,81541.2647588156,-292315.9650374848,1204.0,370.4,-15.0,-1.900000000000034,-1.0,-0.1,-0.6333333333333258,355.75868501941704
1891,0.94575,0.94575,11.890045,121.748924,-3.6,79950.56501909516,-291368.1381735739,1265.0,388.9,-15.0,-2.799999999999997,0.0,0.0,-0.6000000000000038,550.0459729611051
1892,0.94625,0.94625,11.887527,121.751953,-3.3,79995.43910621542,-291631.44812356686,1227.0,398.2,-15.0,-3.6999999999999886,0.0,0.0,-0.6000000000000038,542.9235556988575
1893,0.94675,0.94675,11.891909,121.748032,-3.3,80263.08855766126,-290970.72695681953,1219.0,390.8,-15.0,-3.6999999999999886,0.0,0.0,-0.7399999999999978,579.7740123608999
1894,0.94725,0.94725,11.907074,121.746391,-3.75,79637.75555045479,-288895.3819793408,1326.0,411.1,-15.5,-2.75,0.0,0.0,-0.6000000000000038,663.160995487505
1895,0.94775,0.94775,11.897495,121.744091,-3.3,79633.26451485581,-290226.6094798966,1299.0,400.95,-15.0,-3.6999999999999886,0.0,0.0,-0.9249999999999972,613.7675448422708
1896,0.94825,0.94825,11.901731,121.747032,-3.3,79789.43752365852,-289807.2928323358,1280.0,401.9,-15.0,-3.6999999999999886,0.0,0.0,-0.6333333333333447,724.2019842016124
1897,0.94875,0.94875,11.904571,121.742439,-3.6,79377.85716760601,-289048.0528245014,1234.0,411.1,-15.0,-1.900000000000091,0.0,0.0,-0.45000000000000284,768.4099255357344
1898,0.94925,0.94925,11.8946685,121.7461665,-3.3,79481.70532261103,-290535.45381524524,1261.0,407.4,-15.0,-3.6999999999999886,0.0,0.0,-0.8233516483516479,630.3313456488517
1899,0.94975,0.94975,11.907921,121.7450445,-3.0999999999999996,79632.04806322358,-289368.0722654135,1234.0,406.5,-15.0,-3.700000000000017,0.0,0.0,-0.8538461538461535,659.433657935252
1900,0.95025,0.95025,11.9084605,121.74374,-3.3,79094.35868205974,-289421.2791113051,1288.0,405.6,-15.0,-3.6999999999999886,0.0,0.0,-0.6666666666666738,674.2875182177347
1901,0.95075,0.95075,11.9158985,121.7419165,-3.3,79276.92103002885,-287906.0237529628,1265.0,419.5,-15.0,-3.6999999999999886,0.0,0.0,-0.6452380952380931,824.3178770980485
1902,0.95125,0.95125,11.919891,121.741348,-2.9,79683.16721665072,-287898.9628653677,1288.0,411.1,-15.0,-3.6999999999999886,0.0,0.0,-0.7400000000000091,721.1507187295188
1903,0.95175,0.95175,11.915324,121.741333,-3.6,78630.35916007661,-288526.21431296534,1326.0,411.1,-23.0,-3.6999999999999886,0.0,0.0,-0.6333333333333258,860.7154274504217
1904,0.95225,0.95225,11.91465,121.7413675,-3.3,79336.79046847911,-288760.5023470174,1288.0,411.1,-15.0,-3.6999999999999886,0.0,0.0,-0.6937500000000014,766.1015975491991
1905,0.95275,0.95275,11.913048,121.7405315,-3.3,79065.92866970165,-288794.1388587881,1280.0,412.05,-15.0,-3.7000000000000455,0.0,0.0,-0.6488095238095299,908.5665757384756
1906,0.95325,0.95325,11.9096405,121.74144,-3.6,79167.20338710753,-288998.404221177,1287.5,416.7,-15.0,-3.6999999999999886,0.0,0.0,-0.8435897435897424,650.8170315550016
1907,0.95375,0.95375,11.9056885,121.74244300000001,-3.3,79587.74786627117,-289551.1549650177,1269.0,401.9,-15.0,-3.6999999999999886,0.0,0.0,-0.6333333333333353,732.114804064862
1908,0.95425,0.95425,11.915319499999999,121.74538000000001,-3.6,79172.25582232521,-288500.19466419064,1250.0,404.65,-15.0,-3.75,0.0,0.0,-0.8611111111111138,797.8168809831391
1909,0.95475,0.95475,11.9095,121.739067,-2.9,78633.88427817103,-289502.28472725535,1257.0,409.3,-15.0,-3.6999999999999886,-0.5,-0.0714285714285714,-0.950000000000017,798.9537678851185
1910,0.95525,0.95525,11.9303645,121.738903,-3.75,78639.17820489017,-287275.4364529585,1333.5,419.5,-16.0,-3.7000000000000455,0.0,0.0,-0.6333333333333258,867.7162511861235
1911,0.95575,0.95575,11.89856,121.747116,-3.3,80023.57307371192,-290276.09129060025,1257.0,398.2,-15.0,-5.5,0.0,0.0,-0.9249999999999972,639.5351257174581
1912,0.95625,0.95625,11.9120405,121.7393835,-3.3,78825.77859261139,-289143.4582033417,1291.5,407.4,-15.0,-3.700000000000024,0.0,0.0,-0.923214285714286,770.7462001282868
1913,0.95675,0.95675,11.910736,121.7421495,-3.3,79215.50541787769,-288423.24766866904,1253.5,403.7,-16.0,-3.6999999999999886,0.0,0.0,-0.6333333333333258,766.2015465798704
1914,0.95725,0.95725,11.902954,121.741768,-3.6,79100.18314445151,-289894.35858015897,1242.0,401.9,-8.0,-3.6999999999999886,-1.0,-0.1666666666666666,-0.7857142857142857,579.9980724917292
1915,0.95775,0.95775,11.903778,121.743599,-3.3,79663.36232307399,-289824.41687469155,1234.0,388.9,-15.0,-3.7000000000000455,0.0,0.0,-0.9000000000000057,689.8091240256431
1916,0.95825,0.95825,11.90062,121.742874,-3.9,79044.44170534353,-290125.64434704446,1250.0,409.3,-15.0,-3.6999999999999886,0.0,0.0,-0.9199999999999988,683.9533126091555
1917,0.95875,0.95875,11.908994,121.746178,-3.3,79419.2015546252,-289162.58375714195,1257.0,400.0,-15.0,-3.6999999999999886,0.0,0.0,-0.6333333333333258,737.1159670885037
1918,0.95925,0.95925,11.927856,121.73642,-3.6,78943.37797233036,-287628.09164991905,1311.0,414.8,-15.0,-3.6999999999999886,0.0,0.0,-0.8500000000000004,870.6598575704897
1919,0.95975,0.95975,11.912159,121.738083,-3.6,79259.29645243575,-288928.4069181703,1311.0,414.8,-16.0,-1.900000000000034,0.0,0.0,-0.7928571428571404,811.6167421208952
1920,0.96025,0.96025,11.9144635,121.741825,-2.9,79264.21535074197,-289043.49382621184,1261.0,400.04999999999995,-15.0,-3.7000000000000455,0.0,0.0,-0.7399999999999978,803.3122116956233
1921,0.96075,0.96075,11.920817,121.737,-3.6,79059.22084913323,-288209.97550478135,1356.0,409.3,-15.0,-2.8000000000000114,0.0,0.0,-0.6642857142857151,714.9181448106866
1922,0.96125,0.96125,11.9078065,121.74263,-3.3,79779.89394907493,-289521.6882687558,1276.5,408.35,-15.0,-3.700000000000017,0.0,0.0,-0.8039682539682527,733.9448789937728
1923,0.96175,0.96175,11.911537500000001,121.738937,-3.6,79040.40164090945,-289708.0512232274,1299.0,396.3,-15.5,-1.8999999999999915,0.0,0.0,-0.6333333333333258,631.8549755027161
1924,0.96225,0.96225,11.902451,121.743576,-3.6,79406.53909074116,-289604.13942074904,1273.0,400.0,-15.0,-1.900000000000034,0.0,0.0,-0.6000000000000038,714.5229326025254
1925,0.96275,0.96275,11.9079895,121.74175650000001,-2.9,79245.17205479884,-289792.1147038838,1269.0,404.65,-15.0,-4.650000000000006,-1.0,-0.1339285714285714,-0.8999999999999915,711.2979572896766
1926,0.96325,0.96325,11.9153885,121.737896,-3.6,79005.09424219545,-288861.02269954863,1287.5,409.3,-15.0,-3.6999999999999886,-1.0,-0.1339285714285714,-0.9000000000000057,673.1481015572831
1927,0.96375,0.96375,11.914393,121.739265,-3.6,79210.05559451046,-288653.53267983306,1326.0,409.3,-15.0,-3.6999999999999886,-1.0,-0.1428571428571428,-0.9000000000000057,647.4310885264902
1928,0.96425,0.96425,11.914766,121.740082,-3.3,79033.13748710703,-289093.19802707597,1295.0,401.9,-15.0,-3.6999999999999886,-2.0,-0.3333333333333333,-0.9000000000000057,468.572254715311
1929,0.96475,0.96475,11.908676,121.741867,-3.6,79223.3949419558,-289516.8512827661,1318.0,405.6,-15.0,-3.6999999999999886,-1.0,-0.2,-0.6999999999999957,463.66482538767826
1930,0.96525,0.96525,11.9147185,121.7335815,-3.9,78924.41767743963,-288790.80300638115,1307.0,410.20000000000005,-15.0,-3.6999999999999886,-3.0,-0.375,-0.7611111111111144,555.8991951733858
1931,0.96575,0.96575,11.912247,121.7342,-3.9,78839.78808703391,-289029.705636263,1273.0,414.8,-15.0,-3.6999999999999886,-2.0,-0.4,-0.9000000000000057,451.11444613629544
1932,0.96625,0.96625,11.909729,121.735649,-3.6,79004.12464170485,-289198.27737789694,1334.0,398.2,-15.0,-3.6999999999999886,-3.0,-0.6666666666666666,-0.9285714285714286,391.3157720219044
1933,0.96675,0.96675,11.90918,121.7388575,-3.3,78973.37156715672,-289550.8769773174,1257.0,406.5,-8.0,-3.6999999999999886,-3.0,-1.0,-0.9133333333333364,392.66199740880796
1934,0.96725,0.96725,11.910204,121.7342,-3.6,79061.94496300066,-288937.19132950844,1318.0,411.1,-15.0,-3.6999999999999886,-3.0,-0.6666666666666666,-0.8000000000000033,383.5368405963135
1935,0.96775,0.96775,11.9077605,121.7344665,-3.3,78876.45623813973,-289165.1968415274,1303.0,396.3,-15.0,-1.900000000000034,-3.0,-0.6666666666666666,-0.7628571428571418,457.9545600313798
1936,0.96825,0.96825,11.9067765,121.7345775,-3.6,78974.30429659845,-289368.18346049363,1291.5,404.65,-8.0,-3.6999999999999886,-3.0,-0.8717105263157895,-0.9249999999999972,382.4543286207547
1937,0.96875,0.96875,11.906713,121.734108,-3.3,78845.88026613668,-289335.7144970656,1288.0,396.3,-8.0,-5.5,-3.0,-1.0,-1.022222222222221,321.8736317931866
1938,0.96925,0.96925,11.903545999999999,121.7351645,-3.3,78997.07078435521,-289533.5861423411,1274.75,404.65,-8.0,-3.6999999999999886,-3.0,-0.8611111111111112,-0.9499999999999886,334.1637780145402
1939,0.96975,0.96975,11.9031515,121.735905,-3.6,79185.34315339102,-289803.4010045278,1307.0,389.85,-8.0,-3.6999999999999886,-3.0,-1.0,-0.9000000000000057,302.0854650686407
1940,0.97025,0.97025,11.9020385,121.7355995,-3.6,79063.53702924447,-289817.8563649581,1284.0,390.8,-8.0,-3.6999999999999886,-3.0,-0.7823529411764706,-0.9208333333333318,290.0009687051043
1941,0.97075,0.97075,11.9016725,121.735466,-3.3,79087.62897749798,-289975.6421838095,1295.0,397.25,-8.0,-3.6999999999999886,-3.0,-0.5,-0.9499999999999886,326.59152330801
1942,0.97125,0.97125,11.901171,121.736301,-3.3,79182.4215736693,-290066.8777471412,1273.0,395.4,-8.0,-3.6999999999999886,-3.0,-0.6125,-0.9000000000000057,320.45211030168235
1943,0.97175,0.97175,11.899635499999999,121.737419,-3.3,79165.83025204104,-290230.58470401494,1280.0,393.55,-8.0,-3.6999999999999886,-2.0,-0.4807692307692307,-0.9125000000000014,295.9191081412796
1944,0.97225,0.97225,11.8978465,121.738022,-3.3,79382.03474130481,-290316.39950718504,1274.75,394.5,-8.0,-3.249999999999986,-1.25,-0.5,-0.9499999999999886,286.77051703586517
1945,0.97275,0.97275,11.895773,121.738693,-3.3,79295.92880268022,-290422.4240161878,1242.0,387.1,-8.0,-3.6999999999999886,-1.0,-0.3888888888888889,-0.9000000000000057,301.81933163281394
1946,0.97325,0.97325,11.893678,121.739067,-3.3,79114.87710079637,-290665.6076566586,1295.0,387.1,-8.0,-3.6999999999999886,-1.0,-0.3333333333333333,-0.950000000000017,292.00481241454236
1947,0.97375,0.97375,11.894749,121.738983,-3.3,79079.52054711884,-290600.4473396418,1280.0,392.6,-8.0,-3.6999999999999886,-1.0,-0.3333333333333333,-0.9499999999999886,305.13746706233877
1948,0.97425,0.97425,11.892561,121.73983,-3.3,79506.47658516339,-290899.5621054699,1250.0,383.4,-8.0,-1.900000000000034,-1.0,-0.1428571428571428,-0.9000000000000057,311.91084095352244
1949,0.97475,0.97475,11.892141,121.739883,-3.3,79090.8411538507,-290944.1513326437,1234.0,390.8,-8.0,-1.8999999999999773,0.0,0.0,-0.8000000000000033,317.9972663456093
1950,0.97525,0.97525,11.891281,121.74014650000001,-3.3,78648.79928031286,-291100.9919933132,1265.0,382.45,-8.0,-1.900000000000034,0.0,0.0,-0.9000000000000057,313.5506027727005
1951,0.97575,0.97575,11.889633,121.741203,-2.9,78914.12311148315,-291265.83869975933,1234.0,383.4,-8.0,-3.6999999999999886,0.0,0.0,-0.9249999999999972,353.99074904356297
1952,0.97625,0.97625,11.888763,121.741631,-2.9,79513.31682530187,-291342.3409149599,1242.0,379.7,-8.0,-1.900000000000034,0.0,0.0,-0.7857142857142857,311.17172757698853
1953,0.97675,0.97675,11.888154,121.7425575,-2.6,78817.95117450057,-291429.57345540304,1250.0,382.45,-8.0,-2.8000000000000114,0.0,0.0,-0.8999999999999915,334.5137682301191
1954,0.97725,0.97725,11.886841,121.742439,-3.3,79333.64556630945,-291529.8158202335,1257.0,381.5,-8.0,-1.900000000000034,0.0,0.0,-0.9249999999999972,294.7983462606382
1955,0.97775,0.97775,11.883902,121.743835,-2.6,79522.23558844053,-291699.38831758994,1204.0,383.4,-8.0,-1.900000000000034,0.0,0.0,-0.9000000000000057,325.0271675063793
1956,0.97825,0.97825,11.883133,121.74437,-2.6,79783.50156111694,-292188.3130853765,1212.0,385.2,-8.0,-3.6999999999999886,0.0,0.0,-0.9166666666666666,334.45963045944774
1957,0.97875,0.97875,11.882675,121.744568,-2.9,79390.77446597205,-291936.6786188081,1250.0,376.9,-8.0,-3.6999999999999886,0.0,0.0,-0.6333333333333258,422.23544878683987
1958,0.97925,0.97925,11.8811085,121.745598,-2.3,80054.57438259106,-292286.88752400375,1208.0,377.8,-8.0,-3.6999999999999886,0.0,0.0,-0.9000000000000057,402.13442899961694
1959,0.97975,0.97975,11.8807455,121.7457125,-2.6,79856.51681758359,-292113.0340160583,1223.0,370.4,-8.0,-1.900000000000034,0.0,0.0,-0.6333333333333258,374.59695859168414
1960,0.98025,0.98025,11.877594,121.747261,-2.3,79988.96245009391,-292722.93903113925,1204.0,370.4,-8.0,-3.7000000000000455,0.0,0.0,-0.9249999999999972,525.157086601257
1961,0.98075,0.98075,11.87733,121.7476695,-2.3,80055.79670117646,-292715.43336322356,1200.0,377.35,-7.0,-3.7000000000000455,0.0,0.0,-0.9499999999999886,478.9119177580001
1962,0.98125,0.98125,11.874595500000002,121.749092,-2.3,80473.01474620783,-292786.98739735386,1196.0,369.45,-8.0,-3.6999999999999886,0.0,0.0,-0.9250000000000007,467.2124734689154
1963,0.98175,0.98175,11.87487,121.748901,-2.9,79804.22050753608,-292800.6643922225,1242.0,366.7,-15.0,-3.6999999999999886,0.0,0.0,-0.9000000000000057,622.622632170979
1964,0.98225,0.98225,11.873611,121.749237,-2.3,80298.5567790225,-292943.1052900018,1204.0,366.7,-8.0,-3.7000000000000455,0.0,0.0,-0.9499999999999886,545.4585343105782
1965,0.98275,0.98275,11.870401,121.75116,-2.3,80745.88973162648,-293583.2553669064,1196.0,363.0,-7.0,-3.6999999999999886,0.0,0.0,-0.6333333333333258,501.7708706858759
1966,0.98325,0.98325,11.869171,121.75145,-2.9,80486.46229800076,-293587.1471947146,1212.0,364.8,-8.0,-3.6999999999999886,0.0,0.0,-0.8000000000000033,543.9755943345339
1967,0.98375,0.98375,11.868167,121.752419,-2.9,80907.95770157712,-293471.2819211113,1227.0,363.0,-8.0,-3.6999999999999886,0.0,0.0,-0.7000000000000028,563.5763477792627
1968,0.98425,0.98425,11.8664245,121.753994,-2.9,80620.23166222422,-293846.9544996801,1196.0,362.05,-8.0,-5.5,0.0,0.0,-0.8769230769230665,614.1254744825817
1969,0.98475,0.98475,11.8649065,121.7538605,-2.6,80935.46086498303,-293929.40565167303,1196.0,359.3,-8.0,-3.6999999999999886,0.0,0.0,-0.8999999999999773,602.5486388527297
1970,0.98525,0.98525,11.8644715,121.75428,-2.6,80756.9680195977,-294160.02424807753,1208.0,363.0,-8.0,-3.700000000000017,0.0,0.0,-0.7928571428571405,600.0405774407586
1971,0.98575,0.98575,11.862579499999999,121.755257,-2.6,80402.14870080976,-294006.5750373552,1196.0,359.3,-8.0,-5.550000000000011,0.0,0.0,-0.9274999999999991,656.3871617424887
1972,0.98625,0.98625,11.857773,121.757591,-2.3,81107.06345369984,-295031.6824820279,1196.0,361.1,-8.0,-5.5,0.0,0.0,-1.0571428571428538,641.3950036928355
1973,0.98675,0.98675,11.857864,121.758247,-2.6,81035.66037227091,-295009.99944138277,1204.0,355.6,-8.0,-3.6999999999999886,0.0,0.0,-0.8000000000000033,452.7037762815826
1974,0.98725,0.98725,11.856537,121.758339,-2.6,81139.9934612903,-294807.5132002776,1204.0,355.6,-8.0,-3.6999999999999886,-1.0,-0.0476190476190476,-0.8000000000000033,609.2838184394207
1975,0.98775,0.98775,11.855598,121.75870499999999,-2.0,81484.20946130915,-294983.0902319662,1196.0,356.5,-8.0,-3.7000000000000313,0.0,0.0,-0.9000000000000057,641.9743175609563
1976,0.98825,0.98825,11.850617,121.761429,-2.6,80688.69253057978,-295337.0241723493,1196.0,353.7,-11.5,-3.7000000000000455,-1.0,-0.1666666666666666,-0.9249999999999972,545.3667859995631
1977,0.98875,0.98875,11.849593,121.762939,-2.6,81299.06586220888,-295290.544628812,1196.0,350.0,-8.0,-5.5,-2.0,-0.5,-1.0090909090909113,420.8957297928266
1978,0.98925,0.98925,11.849487499999999,121.7626115,-1.5,81163.78226466887,-295610.063691863,1189.0,348.2,-7.0,-3.7000000000000455,-3.0,-0.5982142857142857,-0.8816666666666692,430.0644970043155
1979,0.98975,0.98975,11.847498,121.763748,-1.6,81716.35084212884,-295758.8983067554,1196.0,348.2,-7.0,-3.6999999999999886,-3.0,-0.875,-0.9499999999999886,418.4186437557167
1980,0.99025,0.99025,11.846354999999999,121.76654049999999,-1.8,81952.85817521885,-295918.85242967145,1189.0,343.55,-7.0,-4.600000000000023,-4.0,-1.3333333333333333,-1.057142857142862,371.84055841317047
1981,0.99075,0.99075,11.846497,121.763912,-0.7,81606.19174073651,-296049.0062710849,1189.0,346.3,-7.0,-3.7000000000000455,-4.0,-1.3333333333333333,-1.1979166666666656,355.10843611192473
1982,0.99125,0.99125,11.844798,121.765381,-1.6,81549.97764435824,-296241.3737598889,1196.0,340.8,-7.0,-5.5,-5.0,-1.6666666666666667,-1.375,267.674385801553
1983,0.99175,0.99175,11.844575500000001,121.765465,-0.7,81976.00015128189,-296218.9679512216,1189.0,342.6,-7.0,-3.6999999999999886,-5.0,-1.375,-1.0833333333333333,301.91676814346647
1984,0.99225,0.99225,11.843355,121.766487,-0.7,81705.30792123495,-296230.031861705,1189.0,340.8,0.0,-5.5,-6.0,-2.0,-1.3875000000000028,254.91123833671435
1985,0.99275,0.99275,11.842423,121.767212,-0.7,81991.73558887151,-296563.72829748574,1189.0,337.1,0.0,-3.6999999999999886,-5.0,-1.8,-1.2333333333333296,277.98559211088565
1986,0.99325,0.99325,11.842052,121.768105,-0.3,82184.74018665905,-296493.8977870992,1189.0,327.8,0.0,-3.8000000000000114,-5.0,-2.0,-1.4800000000000069,234.21792254985905
1987,0.99375,0.99375,11.841705,121.769325,-0.7,82291.04929796576,-296609.2070853014,1189.0,331.5,0.0,-3.7000000000000455,-6.0,-2.0,-1.2666666666666704,267.61315325705505
1988,0.99425,0.99425,11.8409575,121.7707405,-0.3,82548.76400449083,-296642.0096339701,1181.0,324.1,0.0,-3.7000000000000455,-7.0,-2.0,-1.2333333333333296,246.62643254310998
1989,0.99475,0.99475,11.8405615,121.7723655,-1.15,82521.94533823238,-296747.08898479096,1181.0,322.2,-2.0,-3.6999999999999886,-6.0,-2.5,-1.2333333333333296,241.17122076830788
1990,0.99525,0.99525,11.8405615,121.7733155,-1.0,82755.82917861766,-296775.24913886003,1181.0,324.55,0.0,-3.6999999999999886,-6.0,-2.0,-1.2333333333333296,227.4251755077854
1991,0.99575,0.99575,11.840378,121.77511200000001,-1.6,83021.97895249797,-296735.4135013665,1177.0,318.5,-7.0,-3.6999999999999886,-6.0,-2.0,-0.9375,240.45476488634012
1992,0.99625,0.99625,11.840468,121.775642,-2.6,82928.147256027,-296765.9921484305,1173.0,318.5,-7.0,-3.6999999999999886,-6.0,-2.25,-0.950000000000017,246.07733510788483
1993,0.99675,0.99675,11.840189,121.777618,-3.6,83294.11054467902,-296807.46791335783,1173.0,313.0,-8.0,-1.900000000000034,-6.0,-2.0,-0.9000000000000057,232.1695354856037
1994,0.99725,0.99725,11.840149,121.77962500000001,-3.6,83414.07913774397,-296817.3086779583,1164.0,313.0,-8.0,-1.8999999999999773,-6.0,-2.0,-0.6333333333333258,255.51833945984268
1995,0.99775,0.99775,11.840003,121.7804735,-4.2,83215.65418611048,-296866.5125009617,1158.0,303.7,-9.75,-1.8000000000000114,-6.0,-2.0,-0.6000000000000038,233.82721059722638
1996,0.99825,0.99825,11.840012,121.781883,-4.6,83555.92954508944,-296839.60329154524,1143.0,309.3,-15.0,-1.8000000000000114,-5.0,-1.5,-0.4499999999999886,263.33708169689976
1997,0.99875,0.99875,11.840286,121.78458,-4.6,83908.20604453287,-296672.1435007136,1131.5,298.2,-15.0,-1.8000000000000114,-4.5,-1.3333333333333333,-0.3799999999999954,280.57327948435443
1998,0.99925,0.99925,11.840841,121.785339,-5.2,84024.05243247059,-296768.4384401956,1135.0,307.4,-15.0,-1.8000000000000114,-4.0,-1.3333333333333333,-0.4499999999999886,294.2468759775799
1999,0.99975,0.99975,11.882319,121.864944,-3.3,92485.39140995857,-292180.97421008104,594.0,240.8,-449.0,-40.79999999999998,-2.0,-0.0470588235294117,-0.4735465116279069,8553.907435353793
