bin_id,var_x,var_y,cov_xy
0,4161.70411912462,2655.638011998799,316.36864603970537
1,105036.74052910681,46042.76754899079,-9583.89866167514
2,267356.7671921609,109278.29667927815,2477.212044569344
3,557537.9605062511,190509.11879104047,3400.6827124286215
4,881627.7448438049,385251.31773836294,6174.3211794795
5,1405815.8041745075,477194.1375311257,44071.098847080655
6,1957995.709593858,815155.7639452615,-33549.91442798872
7,2669973.52440002,1080961.877250993,-54927.52356529759
8,3442419.5387258534,1576553.4231389405,-223906.42404759975
9,4279046.149027986,2003002.2533046426,-169449.1096236393
10,5162068.430580695,2395342.632025833,-328480.6709341151
11,5983399.0010761125,3083323.7547107306,-258833.3888123308
12,7327821.778490923,3431231.205871596,-230039.20270486712
13,8643109.473641414,4117839.698480265,-253116.3337583788
14,9541076.338235013,4596650.002465185,-106032.30530813277
15,11275685.234894328,5378730.8449137835,-479226.7345223081
16,12396196.435394282,5665977.691579833,-402916.1839141078
17,15031833.419727495,6304702.362687551,391239.2956998882
18,16221728.687777065,7382113.489702651,-234579.8471968655
19,19077103.978432607,7335481.538017175,-523452.17944685655
20,20318529.69399685,9068894.536341602,-83504.44520628454
21,22943430.12533095,9900417.540292071,-946959.7446412627
22,24831798.24906774,11892261.56823128,235441.38298788306
23,28057008.006034944,11163843.99902489,-1953490.847175588
24,28314225.93678335,13629216.3839593,66910.06858647858
25,30854661.400262807,15330552.019110745,-1435323.1725029894
26,33963391.334709466,15001235.39459108,-1639458.7413942304
27,35002703.98763997,17791740.098328453,-692332.3071631828
28,38213991.926816896,16706461.402807172,-1692731.8417918615
29,42301575.983758524,19036200.00258723,-829749.1621705152
30,42476165.08149604,20403252.629648224,-2600082.465817088
31,47363812.461391374,21523335.50653245,-2624811.3481818317
32,51237492.069337755,22874309.929192644,-1936454.1199116318
33,53185707.99052394,22313567.20900579,-3187707.2495537526
34,55549426.58568412,23035036.32209757,-3046446.5026320526
35,63215374.99423497,23556057.319781657,-1993371.1733833575
36,64954160.6845833,26035830.19312491,-4403578.286469792
37,67578022.44410959,24140649.262602624,-2213307.3833080716
38,75216363.00849567,26877763.37035895,-4532555.380280539
39,77110250.92602406,29091152.23236745,-4797898.031673062
40,83945165.29554674,26679195.454584688,-4708579.043342183
41,90502621.3878244,29800580.566210523,-5906544.225280703
42,91989590.70480068,29839219.946146496,-4306360.251676135
43,96391421.61779815,31393405.2445658,-6776513.528867804
44,105221098.84717919,31533484.273898203,-3485583.1479272204
45,108139630.00641444,33729651.06800738,-6457558.165144988
46,115613717.5265401,33409158.815603826,-7362104.214837114
47,120121542.10265347,34612235.18726127,-7350602.28095519
48,125356508.31881745,36907061.79931507,-7987991.862467972
49,132015981.95462722,33986845.40645378,-10106976.986109406
50,135986155.10548684,36317336.25982853,-9590459.265253467
51,138290821.41102698,38393205.17164165,-12742268.883649021
52,146124915.83217514,38705452.972141236,-12365750.596260061
53,150736516.5585625,39579114.46192933,-10275663.514556779
54,156809689.33881897,41917019.35349729,-12701954.030251626
55,159135219.81177235,38513849.65214556,-12500079.697399873
56,168335457.29055792,40874973.08926404,-12204327.661086876
57,166868342.1056115,43489824.14936374,-13150833.407899544
58,171324402.65011373,43881462.89919154,-14577626.644488389
59,176261408.849999,44403878.81799748,-14855338.752377918
60,183503799.64620942,44721763.80508404,-15656060.563169807
61,185121006.08862928,45852877.88924616,-13858515.909115562
62,194325481.84626028,46786519.21881881,-14776067.223742045
63,199576670.37889862,47601186.15437463,-16055066.327678058
64,200274624.64178836,51625141.91934184,-14304272.76590764
65,208737216.96617654,46962081.078195,-18588749.054558646
66,209696782.42438057,48114476.39358764,-15710231.403846776
67,212629608.8999899,54813254.47679285,-17354892.2635033
68,214566562.60511574,52888253.96557817,-16774344.41729516
69,220296041.7132153,56313118.567917116,-20565639.44735769
70,227822211.44725713,54408604.0327748,-16534325.11609803
71,226994827.50453863,53453854.71590786,-18077142.216935586
72,242175843.2081024,54451052.17009754,-18156448.691835176
73,227693631.7007752,61368951.52441658,-20294639.58710001
74,238808439.5677465,64795630.788787104,-20337528.519497134
75,240588873.60933793,65356823.23171171,-22993464.49400419
76,251887137.42862514,63898632.12597144,-20554072.991017357
77,242869364.71413282,63258220.04797445,-21854252.871707994
78,254316800.51629123,65363915.34707729,-23765079.72610098
79,252009486.85660443,69615954.73238169,-24196639.314061243
80,247936558.2688772,71701596.51006876,-23730097.001253497
81,250059929.04552555,68369471.31574741,-25470424.344451126
82,273594939.3528057,70963279.77685916,-27050069.79580455
83,249656114.6860323,73702172.12577187,-25963831.29506974
84,257213422.02509093,70289535.82246575,-29198849.51786759
85,255540500.20512447,83573570.41244103,-23093130.935795754
86,245191847.32676405,82589253.6500738,-27070795.213674128
87,271464508.6718531,73947506.22117178,-26558472.86994922
88,273231919.39735687,77120994.44601797,-34091257.55448775
89,277799478.46741736,75537997.13757335,-39807545.21490818
90,281387439.3663676,81791612.24300739,-28437026.474029396
91,282064439.31651676,82870911.0206633,-30828476.344318315
92,270070401.2405228,84924519.9944537,-28690736.46836755
93,287651731.73613894,92691447.20782733,-33321552.249663465
94,306710356.9187391,82560086.56229104,-38684278.255668834
95,306633122.9339149,85056935.81933054,-40504585.98189172
96,313162899.3581923,93714086.59153192,-27379664.463195838
97,326790660.5220433,86715220.05661003,-40258603.3881034
98,300773678.0470846,87684092.61994308,-39203702.23099802
99,307610674.85635215,93866659.7332778,-37893056.41860057
100,345360102.9890513,87769643.31548499,-47804576.09217622
101,321205149.7363421,87700029.67324808,-41544788.72449191
102,344845901.6806601,91348891.65342012,-32131769.511534512
103,344188943.1899374,91486864.4002618,-46678623.777244635
104,323497022.2076087,89759329.65403874,-35498296.74053837
105,337653696.55832326,89008781.52560304,-42030475.52102358
106,346669257.8761722,93902875.79134405,-36830697.28215977
107,322560758.0947266,93149760.38754484,-34313701.72739217
108,350244267.1884561,89269161.59583028,-32131007.41455145
109,327356952.7621442,88408521.3233319,-40244783.81760182
110,302717111.88349557,83325864.35482115,-34987824.61878751
111,328576714.1952738,93240976.93040772,-33885474.61196069
112,315101080.3011216,89716684.760962,-31019294.06641456
113,316007853.62543714,89190325.15498297,-31306123.55614187
114,357851702.4049252,88858387.22596118,-26067964.198347494
115,343347225.37008834,91280156.53132309,-36442741.592844434
116,330747855.7595714,86719076.41682395,-24479720.31617003
117,349009857.519271,81288052.50368017,-36898374.80050962
118,313878882.0994461,88407287.9275845,-23691333.295228798
119,307934319.03039414,92965655.60249123,-10221004.065657735
120,331560299.67706513,80846382.4458723,-30869209.484987073
121,295145606.77588576,90876725.34406836,-15102290.552881163
122,334223063.99927795,87357430.84367499,-28394439.120498836
123,312288656.1112646,90488457.10613643,-27589939.673028134
124,319474726.34241277,81993432.0632238,-40833649.365979515
125,312788883.3276951,100771686.70228852,-31897558.304573197
126,351768584.3068764,90485882.5206726,-27676194.103180274
127,292976345.4137259,101000763.50769348,-26177041.42845003
128,331409517.9658194,86121336.69888462,-35302169.83252823
129,327762899.843729,100483604.68041056,-35782977.38096224
130,291946118.1821507,87845426.38518196,-22174760.550043616
131,329708884.51525706,94109570.10947575,-28301549.449321087
132,306648312.58669466,83372377.5199277,-12354148.0159364
133,269930230.8496334,82132236.59578803,-17507950.450124163
134,294624806.4909489,83817689.897132,-19598859.301471785
135,314281716.67489874,83015034.89038062,-37477564.60444041
136,314149834.3661583,97315871.61219767,-27547565.718200393
137,333504046.2112667,83245694.3634406,-28599365.463461198
138,295252634.26641077,97072031.54068613,-30938752.18438545
139,320561558.85172457,92406859.48519276,-27402817.61135632
140,314385037.7018294,76652916.01345572,-14654580.938532062
141,322777160.4051468,97356545.14596245,-15951283.628060557
142,325172824.62434334,91423136.27778858,-35510974.22491262
143,349432062.8674764,93546906.88597748,-41463757.608918935
144,349497822.48487025,88184317.32819617,-25617591.86847824
145,329440019.4070014,76844518.72974855,-5962482.225397273
146,327646996.10015446,81221338.21675003,-39144084.9921427
147,317248301.6662515,80951505.39931068,-40498433.127261735
148,321658682.256798,93749771.07598051,-18047956.921188883
149,347544099.5634517,88629652.40999356,-42821027.54949896
150,353770987.2210655,90072848.20303464,-47739972.82753795
151,312915183.54060477,93611437.46930048,-28286537.975170504
152,347662616.23926234,98851197.13957544,-46137314.126856394
153,330167202.122245,91687443.59411249,-61811182.8655468
154,335281764.0878567,104191144.32573327,-36328443.4650459
155,320188585.32846785,77398656.18875875,-27727768.384019505
156,320400705.247222,92196812.20267312,-18954877.83196441
157,372588773.9567924,84325370.06748192,-20168016.678117808
158,278380708.4284829,122960024.42756684,-18687274.18211823
159,292339109.90424997,89921799.06851876,-27328538.10944928
160,327124684.1303328,84725011.57007882,-18911263.574928667
161,329166165.8586797,86940474.55203886,-27551025.530855354
162,369599731.81970906,100893748.67138898,-35341093.43206851
163,323133168.2766276,84985122.79895492,-22205350.791636337
164,303002576.21866447,88099924.37225915,-15576782.723717546
165,347034756.596848,108556497.72803748,-26109762.7494319
166,344569400.7068625,94911905.11309175,-46083270.96089805
167,351070079.0266491,95981597.40685278,-52355538.5393964
168,374570766.3518629,104137616.8528559,-60468591.379225045
169,340450110.4770469,114129748.11401981,-53575564.77443314
170,382656832.9998853,101187682.41009013,-57099777.78950122
171,379290206.43096507,103187879.6482198,-29124753.26315596
172,393234996.6470156,94635307.46400481,-9702265.000749798
173,377666539.4509538,98786128.15563412,-25987505.449604977
174,292430025.83740413,101350601.06418587,-15184188.348704329
175,329724813.1398985,94252735.40150261,-45275409.768155895
176,351332715.0367057,94241837.72243515,-11263543.369451964
177,392112831.24217594,86360803.47790839,-36531334.99546317
178,364982861.895525,93895977.59032571,-38152718.55783256
179,372701989.56696224,101504153.03546932,-30241147.40172753
180,369964450.8604467,77402506.41001567,-30575399.8671443
181,387894616.1144379,90947555.56106694,-31400383.747896567
182,384324257.8720693,99893638.52736238,-46531393.44701486
183,380311446.2726,88361930.30509025,-45469873.37647578
184,383586903.7071099,78606534.3959207,-53196241.408453554
185,379284506.1133937,86367083.84386747,-57987882.19433486
186,357692590.1861047,80678101.75617583,-50689145.54182555
187,318777267.0431587,96656482.02213463,-39317833.632730074
188,368468530.1885787,78365145.62979205,-26839517.40331678
189,398551725.8582422,69850010.87401913,-33124277.208336096
190,376072332.1533834,85674537.3659619,-15291492.171060575
191,334511164.74049705,86351068.40368348,-28372054.58088277
192,353281492.77973765,83424810.9878638,-11380030.553837365
193,291828183.90976644,63738736.75345559,6183975.70977597
194,307822705.62039006,83871159.2125335,-10124479.295288319
195,306290933.2844364,74449204.97691716,-37261035.54528746
196,364970712.5333628,72084410.51366568,-21990515.52053188
197,402897665.5173164,82065919.86902644,-44068330.6441457
198,342403854.4390479,88642927.11515696,-32904162.44207261
199,343527882.6231568,66102655.651613206,-22898157.5105339
200,374960212.9967315,80866271.99793422,-44079242.544461936
201,333310744.76737076,85228592.69012359,-40123190.6949049
202,424009607.4572006,101957282.77906264,-34777294.41595378
203,362320921.20993936,96953853.10293391,-31677873.498347186
204,371274369.06865954,77327689.36502662,-5656231.811925749
205,388842979.36861825,68970882.40338358,-9990036.718510365
206,426792580.0158002,79223957.33289729,-24662532.441059314
207,429545581.22720087,83000394.4844071,-28680358.950130895
208,328424514.611104,89912952.53630061,-6103742.250219784
209,406398026.7815443,80793863.17713091,573887.320948157
210,421547863.2123415,96980139.96048671,18765420.176936463
211,413984421.3089036,69281018.67053157,-6179158.564044967
212,376995426.77384454,74399557.18969032,-9744318.692307752
213,275512629.6205533,96227819.54072075,6303584.990735772
214,378683117.45917845,72195172.39628069,-13403877.668482447
215,366038951.309934,74448411.1691152,-26113605.902812082
216,312973213.0075624,82621608.70502461,1560134.2880964857
217,384894143.5515958,84972769.19532435,-10467971.135745274
218,405812269.14298487,83518495.14752707,-34589283.71009994
219,318098535.51263136,117909297.22591896,14797956.095400652
220,379191815.8981875,113301858.23829827,-38443306.985501304
221,345673593.93149775,84581019.234886,-36498652.55346588
222,354241371.25907445,124076150.27113146,-34250175.871203445
223,307894301.0630555,57950244.51074771,-17551074.68989577
224,354626856.83787924,98402194.80433474,11234316.494369103
225,394249011.95152795,82057300.68648386,-16436672.525017228
226,355721941.7376938,92368734.01189795,7919370.032715755
227,381910643.2860791,91339747.92346418,-1449677.9702411746
228,244384700.99260232,79578931.25819807,12387910.652546175
229,260833544.90578583,75178568.676567,21364069.571751866
230,248266422.68191186,93502188.51693459,14826093.78487385
231,307454996.39836824,77363623.15462658,-18801773.089667585
232,234065063.7745336,85075767.96995458,13583626.361202892
233,290358061.05523586,69944038.22476757,-22736019.928025756
234,239076166.3051288,85893524.27555451,-4131780.9897778872
235,289474732.6125236,64622384.264558785,-26798447.22084818
236,269089832.72692335,78833422.40424645,18693006.14493184
237,255916189.2280938,94753645.15165202,8850368.47980419
238,219253600.81809813,100602705.92091835,-12074508.768516937
239,188400858.69343534,74375625.07331142,12992619.376472905
240,245071059.63427263,62892546.59574617,-4024357.275974202
241,246791276.35688725,80478036.9756891,520774.7761788814
242,217753837.50652808,51383200.36621058,14915292.52768618
243,295811233.29914665,70595989.01332146,15209882.219103947
244,267397171.31099045,66629852.654444605,7330196.518231521
245,199223451.7951748,63822318.404488094,-26334583.9085364
246,291524979.811325,72336823.94849566,43215852.92315175
247,163907539.74098948,54587947.551578514,12479728.860810911
248,200024575.60264367,85997619.75406574,39790582.43619371
249,145055554.22778696,58687622.903369635,28188173.006806467
250,179750531.7098229,99971254.2813513,65925866.93595127
251,180199597.19391176,101851455.98793058,43898743.09278421
252,219481034.18746918,56737352.40819414,-7432604.933099174
253,181969746.33508557,55836491.21326046,20554825.958913907
254,217917758.6037186,75128449.56145214,-12017840.198455578
255,170828932.6524771,74515262.34358247,22089168.05279965
256,146052442.78997892,57391116.66694897,-1192061.0250973203
257,163475037.3185646,86413474.88604598,39140661.05009813
258,213680854.02200645,93339571.9788587,46385375.27739204
259,144773986.23731723,101928843.32199372,16553285.73561997
260,172326623.1271811,77828754.22401232,10045684.854847651
261,185119264.45369574,98597344.3886039,21581695.991658937
262,170671342.5985615,95057968.82498984,36165454.078555085
263,198030551.13419202,89341309.8985524,5637523.553803675
264,159188799.0564622,95107563.75384095,19517377.487732723
265,189925904.26195475,85943677.56849761,23138929.825490754
266,170525716.0644885,120240939.17318697,55886784.57720219
267,130888557.96683916,83442743.26592204,29488539.92019775
268,138902907.26503304,65264074.53153101,44725656.79513085
269,137493222.32292098,101225497.23219897,45327279.65716941
270,167633596.84026286,87796284.06164053,44387638.81230317
271,139495392.3301969,104319185.2497595,29755528.261862796
272,123715104.67635919,53589404.2948808,2059881.7976787165
273,164788689.7218853,72786984.52313133,37006373.528040454
274,129227635.86522873,54572266.26647537,3465273.947107042
275,185731414.7569888,59390256.71465473,1982115.8567982074
276,134757057.63995498,58122210.836987205,9355737.404531982
277,176434844.1533301,59520549.90889932,25478218.578093894
278,167810543.24622798,94076207.45284615,44145440.91532355
279,153889204.73515016,66823218.944123976,26702418.903303828
280,129530092.09589408,61528158.1061825,18023653.634077225
281,198763448.9018299,71167450.19611372,10048093.864848983
282,178813868.48038352,105137579.86381288,44795446.508023374
283,220135432.27280638,93785082.61075892,29742065.87265094
284,130482317.83497678,56692682.59138192,4794777.310005991
285,180108179.4198308,82474891.96442106,-2604612.656676879
286,203795078.46726486,84248495.12502868,51031463.28615572
287,175221820.11070827,90766102.10602686,33847434.98972755
288,113928964.5510947,42215073.32288691,32453284.66463478
289,182698339.21966478,52435416.2886958,-2524474.3350542933
290,184184840.1546365,77465882.63218094,16216728.34569318
291,138918968.19185793,79059621.27473308,12223561.560752809
292,146965040.898396,57502434.20733214,31941657.56138523
293,149747423.0240761,57827185.06407147,1934517.2362453272
294,150953213.20718437,52011638.886315316,15619708.017901894
295,141183286.85092363,47020333.21418149,17799943.93003769
296,188850459.24800545,58956322.30525809,8409753.855979742
297,159014848.50594783,65279243.8547145,4132881.9268570887
298,146548114.5098138,75196299.62693341,27483585.333997823
299,144763142.58428273,98173420.75550751,42612357.167431615
300,109879323.21144825,52696925.80473512,8984501.026403664
301,135317252.12660813,50103776.103554845,31122484.822806586
302,207864133.36556718,114687625.03573206,29371732.837622255
303,153126038.4752482,79776084.90788114,24637900.002205983
304,136791152.401906,73526193.91611491,40010452.68313842
305,152637231.6404098,71550621.74966227,4592069.202144705
306,161452368.5173412,104141615.01239876,50462945.75075471
307,121599097.85344774,85031466.40826876,50244173.84048247
308,165289815.89146125,73944295.78714412,25284266.659566294
309,141813867.8343094,57441767.07298357,17922841.08270609
310,118491020.59676212,53203838.45690561,16094743.761794351
311,120112613.30419177,64561895.74311207,35494185.715388946
312,123224643.07423812,49427239.248943135,7434647.20769094
313,124106367.81660189,77172826.18596609,37111460.90021453
314,134588200.12272584,68804603.05046858,33591944.815298945
315,77710360.43501489,66476471.374503076,14067092.527351948
316,111900998.95836958,49411388.643000364,8524867.235978307
317,170471812.98909488,67052489.84466517,29873160.086385414
318,139319506.96710935,59676459.44511111,16721771.319945952
319,141335923.86717147,83321871.64549704,9318537.651958823
320,119439934.51619595,53908132.87614017,12599405.78922663
321,141912546.5077144,72044048.6986553,28399644.91063643
322,136941377.6621871,91012904.48642413,35049855.20224875
323,160135470.6030702,66826819.89918802,20139861.759669635
324,106425293.60702793,83451228.5955003,37758975.572976895
325,129362874.2927866,95617461.03141087,37626395.382983714
326,162384280.6656623,73561537.67427497,18230163.405532863
327,107145320.9546352,49764807.51788688,32500925.47746584
328,146912060.78638655,65784976.59859161,49581542.78041356
329,80528326.38079314,61456724.98507131,26586937.15092101
330,84350099.6393321,53560052.344666205,27640847.74269437
331,110632143.56446005,51096801.65198873,39082371.44675642
332,115149479.43299179,49041352.29373029,30363645.94076704
333,101201604.75323705,76711502.07946019,44140756.37231295
334,101538379.32043654,69141887.14591181,50244440.34668656
335,98591338.12113094,56336072.74741351,1469503.6166988485
336,142800844.31125194,54019635.78377738,29169651.97041964
337,72625102.99734616,60812141.9927191,31099002.511895142
338,107100183.72502442,76364066.88424493,39679844.78639511
339,129179766.02974622,68136684.60332103,26226381.96421704
340,111387652.86030109,85316324.18577804,26072369.481995497
341,92503132.23858012,32055514.560071994,16645539.364636622
342,130632337.86036554,81271910.40299125,54737114.18305059
343,115537073.93878093,106221296.60418636,15132662.794797791
344,94048714.1978933,58658358.887558796,20870708.54621226
345,137328109.72795552,92367425.3160781,62849456.64542142
346,146497654.67387688,93158627.86418346,42378511.70563144
347,112055909.015341,80641273.23821452,36775082.90761854
348,72203813.38006516,41644772.27988513,31329779.04991371
349,99077068.89934659,66022761.85687297,50170063.68544869
350,69999167.40796061,58455991.59164655,43165591.38771977
351,94887745.11707447,42655840.692577325,32194368.462780945
352,78654934.45349897,71883570.82662436,43529567.104319
353,68964278.32408287,74370063.53920227,40734266.17439245
354,87808669.79366621,52380157.3327736,41675911.33220006
355,100695526.04103604,61536518.1994599,34114029.05996101
356,77178729.41002388,73112582.90259193,43468039.43222729
357,84676235.54930544,50311482.29436006,41555714.801586114
358,85944825.53662889,81825628.4274987,40926820.66618998
359,85125039.61828573,67524859.16610439,27681785.062288273
360,45438955.32585828,53883224.15261033,26015869.85050806
361,131783538.98807347,68566825.88339269,43656012.446659006
362,91250060.3933148,128369608.94008219,63753672.556141295
363,85732367.13845089,68982297.16507782,26716641.51564099
364,98042449.47444555,111262635.47981799,61809371.405925035
365,146662798.29137456,83458385.9067063,39031963.796401694
366,112451692.2852138,97175924.51994997,50823719.60282132
367,80136077.62364972,83986801.59611146,44814045.9389197
368,83797549.43596396,68537324.38459288,37394579.417097114
369,82116545.50178827,87945507.60103509,48889778.57532247
370,78373938.2231589,85352001.8560219,48735930.19914636
371,75975031.29156011,89015222.37631764,52932169.06560371
372,66737197.403763354,62617918.26083277,26206633.12064857
373,81889551.937674,79785344.45710938,50461343.142220564
374,69439703.24705762,80481760.66463506,43900191.6839716
375,69651536.65622751,71030370.19313537,40000094.2032903
376,106634555.67296742,82408740.55184019,32796198.28228161
377,90207177.8244519,112708167.8621309,61409591.03537562
378,71298333.11199057,108572187.09382065,74586976.82681882
379,102626552.77696022,76160753.53462285,53849059.95328896
380,78103224.53873707,64718783.83733548,31081224.725026306
381,48728108.58819448,73056734.9099252,27251149.01430585
382,113671329.98169225,85110317.65413892,62542625.23739445
383,83056082.90367912,117578826.32200237,40914901.61146095
384,50533887.22015651,92563268.0316596,42430987.34562105
385,107498283.42987853,150285948.71849155,85342835.8274134
386,91074762.73879358,72805562.64432792,56073782.847775854
387,92747040.9581225,64982517.777350605,41240667.693080306
388,97295446.88188936,75825867.00393316,49859841.92711011
389,73519246.3209402,84100837.87404574,56840038.38235045
390,67735517.26813771,59929319.92931114,34170896.43813437
391,48726073.321359135,71342958.17466699,38525942.22044205
392,89195394.31847471,97744967.23823291,69711335.76286405
393,50382059.30495801,56005867.99517893,37307586.866626486
394,72493638.5328305,89317852.77727403,69097706.8947318
395,70335960.31964904,79077304.4616594,54437504.045395255
396,59322787.488248095,45490479.61379725,28341544.708525814
397,88434075.06100623,95954881.32436469,48806301.335871704
398,92800441.31377888,85219157.37613274,46772172.36114209
399,45189384.942876466,57881485.36655585,27853276.666356564
400,78840821.41383718,90061333.91372333,54808736.68670192
401,61302536.195576794,66783241.99241237,44917638.138161965
402,75460052.26238483,76859780.59594387,46516236.61703565
403,92861220.51217885,74269629.10185136,50159769.09583454
404,85161835.52730522,103150609.15894723,44456996.85755169
405,66908695.440726705,99440042.75295842,34230289.64204357
406,80836859.2102189,109449616.06980698,52100385.85233407
407,87841769.88165724,93257007.17741798,50263270.67753372
408,46102891.11388526,63769131.48675161,39566151.369001836
409,70229567.58509421,53170212.27074743,21393785.66824636
410,88120093.6068115,82009154.6107304,44882256.7229714
411,55444092.10342776,71355077.3521583,29573597.756780133
412,43372083.313846804,66235516.92492505,23586548.258885596
413,58438538.41177721,80480445.66320965,43520903.0086687
414,29574560.484450895,66026123.1306404,33602308.231108
415,62253902.57582158,70856224.85979186,40682741.73687898
416,41137036.61970221,41817493.25813126,28100410.248442877
417,41849829.72422188,60222867.39273402,28936150.101974998
418,68994830.3242258,53983438.82613061,20176652.330399357
419,43237723.43780468,81402968.51558569,43384999.59943008
420,56937831.39791468,73345568.78741209,32945614.310314838
421,36191279.773742355,58396432.60578706,20986205.320345324
422,80747398.0425368,76080919.98098637,56219541.230914325
423,54628616.42911977,72100042.27778617,48719184.88194521
424,42475423.931373484,76422140.12538292,37699428.779064275
425,68286268.32809731,85832583.74802767,41214005.7962678
426,49331976.24865475,64695969.72031742,34818277.49106023
427,43650967.43444248,71041741.53080092,38347691.88068207
428,62382072.39288306,103325738.57727152,55657112.128291994
429,44324258.3009358,69264530.05615763,26081541.426990595
430,40874119.75007877,58336534.12630892,35316663.85799503
431,23027155.69558306,40133296.45364238,20709784.950528428
432,56712592.65150061,36637779.36289281,14419489.023860335
433,36210582.194680676,42180946.605883405,16701904.12127327
434,31525304.72608771,74618581.76501237,38071645.071135595
435,25099850.378390055,56848301.7292468,29488463.574677248
436,34916761.79193647,42026571.56581584,21353869.281929076
437,37155913.78029357,56052622.96231228,25797486.499151107
438,33471327.148303602,28414544.679011267,15661453.409568423
439,22712080.20366117,37670247.9669585,20235996.32164637
440,27742460.310851566,39181405.77224481,16364532.26611023
441,27202425.19533879,43569313.70887987,16940564.725051377
442,33359148.13364201,74262699.50212553,32860562.08793306
443,40469326.66812648,61300898.76034833,29768520.57285203
444,30683744.857796825,68628522.75045979,34792118.793013126
445,49921087.963314034,67657093.55493896,38688723.12341504
446,31485068.534903478,29047836.67243295,19884622.48139261
447,62302765.01464924,103251252.03420277,39313714.029060274
448,33766713.22757786,70512614.68295369,33033827.881179918
449,34132406.1383193,48151137.26979498,31955420.32204251
450,23949284.79447,59462464.51026584,25829289.250327833
451,35361203.82441257,64343854.28180646,14730260.272557778
452,31644516.49013232,55674671.36601332,26039183.760211747
453,16480292.53405372,39235418.545100875,14271413.553182531
454,29987270.075122602,62292425.8516864,28869912.122291826
455,58872722.39344066,69376954.85553667,31267495.43760135
456,40143499.94420215,49813924.671549805,26394680.596672744
457,24882435.397079118,57502737.31977968,30814118.969733052
458,13615574.66358386,39912387.9694474,12163227.852396775
459,41547469.47058047,44035308.39012869,28182756.690156866
460,35744981.81075445,59997484.78818462,28848876.196052913
461,38378646.62293873,38773485.76844438,14851786.870016763
462,41716095.08644952,92841268.6449976,46701703.032915086
463,38540134.43872915,53196723.24188611,26470341.987067427
464,34069579.058387145,103374611.07748961,46900133.29591818
465,41894596.91497095,57089360.17016713,27412066.875135556
466,38160308.58633982,99421528.54279616,47001282.409365356
467,42775048.78447848,83149302.11620824,46119115.80603155
468,30968374.954092935,91946730.71066746,29769037.270100392
469,22620050.25200163,67036663.89024288,33194878.62846176
470,68379655.87229197,110494291.61603147,57845329.23805079
471,32460951.222922623,79682875.75556976,39122678.42242555
472,22492318.69655612,85137477.63245173,36198859.69775041
473,28173305.888776146,89076773.13376456,30353477.046026316
474,39574552.232357815,84227498.36993302,29224217.94948441
475,19649482.366629627,70225976.62655675,28008156.21917515
476,58180706.65996995,119388702.05026497,59925786.48471942
477,38117709.473056495,65522012.352026366,24693248.646770623
478,71637156.68370657,92826326.77687994,44396178.97822819
479,24222453.721173793,73388321.10570262,38891036.038746096
480,52701875.873692684,115340500.7604219,61523930.97867597
481,17614774.623797566,55154751.6074978,21905408.86784599
482,44933851.1236005,74111553.53002688,30534330.308115102
483,44380860.309415355,113066252.522425,53187749.87211207
484,43957914.51982529,112220725.39141227,53417001.57091608
485,48793813.06607389,61270285.140481524,33208681.238881856
486,34319091.10792984,107378114.66283289,46499310.22507575
487,47954751.3960138,83115278.20310937,42096079.22382937
488,55644944.31190896,98321737.46290101,32974071.799478285
489,71146973.34380597,135662514.3711126,77152641.45520225
490,72167208.12689404,121735486.29188575,69341089.3497279
491,55595436.69042806,88390493.05601202,27879893.46823817
492,24218674.127682243,83361570.78845157,41354348.29429302
493,47729174.099518135,136779640.30650407,63753323.7755661
494,41983399.49766714,65534755.88889616,27512725.8048143
495,36503299.67332465,109169336.97025833,45063380.19018675
496,50854058.984013446,115645660.56332693,43512660.7711269
497,38334427.245406434,104810385.75166515,44740646.27046981
498,52608762.35131733,145533900.97018522,75838639.584599
499,63107629.667977005,119033355.18224034,46089494.00163893
500,66010232.04266524,95857974.23723315,47925423.6086437
501,65249806.93964209,80303156.95445807,38871622.646397375
502,71545995.57563096,91665298.12079847,46514897.8089332
503,50809378.64658341,101986772.90910514,50271729.56955781
504,66441686.50122922,106621717.78480682,62575036.71150663
505,58709242.48998424,117960746.70700675,54829620.30646905
506,53793105.26368963,119373571.21151106,57557713.63630976
507,38580149.168377034,110484598.09759967,48985477.06393789
508,57854567.69271843,111811255.24185577,56591346.55068559
509,62215374.11495209,72486335.03585938,35060288.65391755
510,76860430.19681305,118730512.44320183,46726368.05440513
511,54761823.9403768,100963573.78122844,44163644.46861695
512,79681734.5641372,105113505.53691679,55949152.18533496
513,45488127.34811886,102740608.46611133,24973453.985932406
514,50786503.91021537,117960776.29767914,57572970.56750782
515,46333862.241066925,96096588.78300719,40603477.49340371
516,52453929.985383384,77143795.09835792,43421481.19342313
517,31480940.486138716,106132440.03379862,39796141.68961191
518,42058622.18851406,132061485.81267545,57562234.97864113
519,22046985.038675543,83467877.08235635,28418084.011885073
520,45533835.97959792,63153021.86540959,30913682.139611512
521,40308580.09348307,85375837.77941637,36392809.07127824
522,40990992.651131496,83593813.93407086,35704288.941536635
523,44087054.86008343,81260468.72996609,35148003.31155378
524,76999712.4939153,114646297.30823316,53870125.47610225
525,54349694.27369696,104340771.47823536,53376964.423139274
526,26598912.393895358,91483726.54909433,43834147.216716565
527,29852983.15449127,92730594.2853279,46319112.89851956
528,36755119.19640568,98516492.01198506,41383304.08124249
529,34421374.32485128,110858499.51439202,50234172.23910426
530,31078999.602762774,92214805.65733641,40490169.16003708
531,56993365.79595608,110384424.60229203,63574053.83940524
532,26672269.71295787,78696376.99737523,37557202.21966553
533,76187562.71458083,105092514.75356422,54193832.888587296
534,55693157.79447197,95782672.49063082,49649695.12286464
535,24434588.119058102,138120100.87876353,44451339.7458264
536,33021865.871744733,62871367.04345333,26141440.572989278
537,54277006.57048481,120575580.99046502,60005891.53110806
538,28680975.910091996,115087229.1040085,55359869.08519152
539,20286193.581052545,65126074.792041905,33165207.34101252
540,31226087.008199707,97905692.21134312,42080591.58055508
541,50422562.075138696,131598412.48288146,54201348.78987532
542,39738271.63196364,104455830.7223282,52390844.969864786
543,63014003.50271381,127243226.63610914,59135422.41174639
544,39562596.68175346,95746319.30547516,43007535.34444006
545,26014640.77863765,87972797.30658163,31998786.493817013
546,25855543.060118873,78346268.49241994,28646855.069260508
547,39295816.4130597,65521736.60228382,31157600.17833599
548,51813993.62016712,91735507.55055769,35884026.01378534
549,36333106.24800622,49807074.734202616,27535839.49497728
550,18522299.80499701,52772941.32718846,22437836.6091296
551,33435730.332136735,136431118.45580992,64955682.34802476
552,53078712.96463657,130649150.80884778,65067497.06765434
553,29313662.5503868,64205173.770768985,29764623.077088624
554,34818670.71032955,34663536.45493148,20226545.169065833
555,51124650.24931126,62593294.16279222,25620124.561580043
556,56129793.33002611,127871328.18706585,68258540.58049254
557,26615453.540079083,140080368.12676746,42012542.414551795
558,15258706.824138548,59276720.67447368,27671173.397706185
559,45197945.76482311,113330484.49129894,51262288.37954329
560,41580082.64631504,84687772.79072931,41867963.848876886
561,17742721.483204756,68803173.0177576,34062894.74566891
562,23554770.541152958,93290615.16278633,43690529.64269707
563,44295227.60617069,94540507.93755496,44664225.44749774
564,39596484.30356143,112830286.86546297,32640518.614053726
565,39680522.8705224,71248481.02802646,34378572.6754153
566,35103802.149641015,71135527.21849646,29597443.634748597
567,17128023.514134943,56870899.46925027,28040097.79387148
568,27052997.847893964,105456966.85077515,39284910.16582061
569,15811703.810827812,58622945.91910125,20178775.414144304
570,52305391.02141722,104344038.75390068,44273617.481419586
571,26814729.639566228,65381469.82619392,32294873.941124108
572,55037763.28844987,65371788.65387958,33339080.36983625
573,44169410.03935195,121000301.24055244,65777145.028188415
574,40969548.43968054,124706315.41552624,60695754.644530565
575,64502765.01850299,130582406.36080402,63952348.18496346
576,27909509.125037972,87949729.03491189,36597344.399637945
577,46635582.14605858,93334276.83883218,38270693.94042195
578,39138097.57695955,78941196.46662831,34862457.135102406
579,38437590.94136005,78174563.34886576,42850065.73697807
580,35092622.46946722,124038825.37634009,43952181.274986304
581,26380915.719958827,89431039.99478503,37560225.1450119
582,11433631.677295577,50810392.69399074,23619193.006965373
583,69140699.01652001,135362840.44926405,70999687.52111802
584,19669722.15420349,62365669.99840001,30934615.79380204
585,33114980.32808428,75176526.19085404,39317998.16338312
586,24830976.770071343,105066591.08655633,36766555.108084425
587,41931976.79813303,96666475.41022281,31067045.684387352
588,46703454.75208248,92125625.84133552,45210325.55227249
589,22057732.384956323,71862901.37372774,35173875.91104025
590,38948540.18456789,97389443.29707305,45167040.18381933
591,47306114.76647743,113248864.55938941,43533609.64714199
592,22924794.125055257,84148972.34797654,40987278.718588635
593,107485064.71997222,135537197.78993645,67746311.77353756
594,42568186.916786596,140052952.47437772,62349782.799567334
595,67662156.06555994,110731403.7550589,63407853.64701779
596,48884344.54194251,70502996.38147748,30381145.014216322
597,35619860.238128796,113957182.92913201,53837064.81903895
598,41815997.34470238,75406904.79664838,38996741.03967089
599,43287003.80389603,89441358.80503313,34869650.260386646
600,59213457.38864485,92327888.38618019,47974237.41733262
601,43421469.82718951,67738284.86694266,34938013.02038
602,26790048.675961796,145683994.4914592,43052738.30379844
603,21681332.82170753,85701678.58416046,35560309.34876828
604,35498212.539717846,111621185.75845723,56671701.599798545
605,21787675.098042022,86461431.27484289,41522904.85286461
606,40594520.20004828,64011727.06238424,33613355.59444416
607,46831139.37946763,102547147.44798563,46969264.432861604
608,26867952.90321304,80729407.15681437,40743863.500576474
609,34420997.87998608,73644189.00913328,25590618.243742384
610,35299518.125659175,145450908.3693803,59523731.895840935
611,25923897.605758548,50289522.609657206,16558932.022700628
612,51363965.33725392,158674882.3298194,71864168.69714631
613,42718251.78798564,167369965.74337205,76185826.88141105
614,21547535.623975396,77944728.64881101,37768398.800608724
615,38804302.27990275,67440599.99949324,35026726.47921269
616,24336747.044163663,87810480.19902927,38381897.10844559
617,80124653.4594067,97249445.39217322,52345243.10556055
618,46943439.26843492,87230995.52359809,38797239.73704806
619,27138374.567738485,76880867.38444062,27810961.25595188
620,55193163.62933435,136526808.1367343,67575225.10602492
621,27115970.18525658,97839299.4113766,45735047.54183366
622,33153285.623660997,82216243.3455638,33578357.06163543
623,39240349.38859232,78590218.35586281,30898241.51855385
624,52523337.66980198,86303490.47189577,45097835.76941617
625,22914085.23344244,80250022.72834593,39975774.99790885
626,43200216.85578248,148842365.392574,43675143.89733747
627,30704062.49942362,132081866.70866743,58571368.31529484
628,52747286.83728176,96678238.32085475,49232509.89245987
629,31655276.822978646,48633792.0886204,22752583.28149418
630,37960497.615088105,73018332.13127242,27096204.88061482
631,34879274.37832844,64803608.93092086,30395091.21643854
632,55737591.356090315,177533495.11561975,77910268.69167018
633,39947614.535050996,69055463.08767805,21463116.55320539
634,25419229.85829909,106618229.63485485,44785158.721978225
635,47033824.03733421,59092653.38452176,31349246.94876294
636,36784785.144874685,56951243.22860387,17032567.344202533
637,53222518.42552757,152612703.21927065,60647982.063752964
638,22721074.06545005,63062694.73621797,34667350.1401017
639,29011351.24785772,59246813.882000126,22018689.06392914
640,68184636.735545,57631147.996121466,22667354.6726887
641,61156075.280592225,87717996.45263094,50572419.786586985
642,48655366.33302343,103037105.65207928,38301425.418831766
643,64266570.035988964,114545946.89404513,53338806.652717456
644,32069912.16757483,97799115.77991296,44757580.51119239
645,49101201.76579125,135699852.8243256,62164616.96709992
646,41842133.570569985,101717411.29420011,45366689.30546344
647,70984109.6144946,88978930.50401998,38058881.10093968
648,25026668.964975256,63824139.30226298,26825370.843506638
649,41241684.96974353,140335060.2422818,39240551.73142679
650,53728399.41893792,151812813.86554983,65484860.97329446
651,20999741.45002995,58484456.43786213,29278411.2790969
652,39919512.99648057,64929066.70553883,26211108.819277357
653,29955388.60828076,112988155.2882204,55166153.11361724
654,23283535.83107017,91094243.08493024,44795836.61118484
655,39012809.058629915,94889165.24897838,35851315.97527857
656,49774026.304051146,54311640.12979046,34388074.13723571
657,21706248.45223367,89665281.24272487,40147361.61584556
658,40429842.57793501,119188457.91001412,59484721.15704614
659,24520612.019436616,87380725.10336773,33323420.300035864
660,16012517.602290168,50221078.359706625,24568307.824876457
661,31698769.49902287,70742978.97982915,26520984.146881465
662,26421521.75937466,123316403.56629208,52692375.74781194
663,60667116.14680498,130262252.01567557,60312961.3122279
664,62009875.43491672,92109078.49221769,36039510.295628764
665,32224546.742167655,71967548.41490172,31018439.74358188
666,60636712.577558525,161795086.9672906,70947506.05170278
667,57483290.03514566,73304295.2598471,26854908.609067574
668,34771259.0126643,98592416.85361224,47808606.956525944
669,73206410.34855302,164928565.71615317,63825009.226469845
670,37559200.035434626,92132052.89330089,47404131.11419039
671,39183057.1923968,51490908.37655871,25417852.348584075
672,36898909.61155475,162351176.17406338,45872549.57403635
673,39085206.32083825,86675124.48632418,26168108.770903364
674,23950390.74476616,102844195.52517933,45817884.736493655
675,41990844.328646645,57399685.29778855,28652420.770345267
676,60727113.38311068,121016422.63583949,47108629.2067634
677,51948763.523446865,108887808.52695468,58117309.24184964
678,47193874.596929535,51838895.31816652,12493427.026703475
679,60076574.84252711,146983284.6196985,66445296.40250244
680,48211089.51545253,133518809.83506233,62157890.51420181
681,37823164.217215866,106868512.49874407,45127743.257703446
682,29514360.724597905,58310125.94542011,15427854.946328215
683,21260910.746951725,78664757.96357062,30772904.915405143
684,58275261.574549675,126048592.8641513,48410010.82003294
685,93293186.90654783,57878634.36183858,15574678.082750032
686,22517649.78378584,90282771.59389165,42721448.19858643
687,69418670.87712535,175999274.4681988,71542278.88981034
688,85925557.33403748,160014803.40183735,58440324.97923669
689,41234244.99234676,91408622.05472708,46721650.61753604
690,60508517.55854572,82008490.12125467,34087789.11738084
691,43221062.620622166,96484032.92936455,45467595.22845494
692,50194237.97514327,81049502.38158682,29652166.32250096
693,69061232.19518393,108382204.43965688,40737524.38509141
694,70114470.82554485,95106826.2144863,34110775.677285984
695,9510622.338777194,110439527.87206256,15477772.299806813
696,33655100.27599738,153592755.5940446,59464917.91173609
697,60051823.26553704,74131912.22497046,21111560.354524743
698,54894531.04500163,157378882.55263618,81313294.55199796
699,65551119.9711155,71443780.80106992,23668263.210386634
700,73410321.69974783,94153598.38316776,43978590.6275621
701,55095832.01322223,161594873.6637861,75493335.6985728
702,59662023.51658633,47592019.12959007,10575194.40710709
703,23034076.26357236,84263804.62332165,34378637.98038354
704,26591588.177986108,86392976.98415942,40802736.845128894
705,23190008.639918175,82253521.73761694,37705631.58342144
706,53841206.23893451,65728668.45618364,28055421.737638537
707,36799645.549087085,153940743.4812885,65865433.64093447
708,49391189.91524854,139353236.736572,61178775.1945323
709,25305861.139520787,107430168.94334719,47555380.6677655
710,35783762.93895758,99368908.08565214,33281684.91074069
711,42053394.23337405,130692099.96852463,65666077.441475175
712,33606216.35495973,66005811.25091122,38596076.338201426
713,37193415.75512175,170425859.57343975,57070664.14481564
714,37352740.4192473,140732813.78545913,65295678.44111897
715,23776710.921143133,152712073.13681254,44851829.05589512
716,41577287.25887994,115050139.30962256,29436915.43286516
717,21724289.82521796,126485775.49117886,35474476.87198098
718,20815234.645995677,80195685.44675294,39962112.5553705
719,39287696.476933435,138761574.50581416,45132463.29314045
720,13378412.63696834,120189291.78807624,15511592.119272893
721,35767812.20382417,82307488.4838575,30046710.558531806
722,44091432.43586197,171116068.28481916,42324736.93447632
723,58544286.98963796,136256295.56185722,64675473.478783384
724,55921205.690495096,245237383.94788027,88308950.003684
725,11154079.779284066,104540798.12684406,20105921.251737315
726,56802034.67416631,130649102.93714839,28974994.796522662
727,21103750.08527444,55225413.100690104,22810373.820052493
728,61502708.083754666,154563968.10100463,45704690.681922615
729,34205891.50211626,123400425.8625885,62291706.36791892
730,68200233.61721474,148391656.5465882,67353501.08049002
731,91499715.50649898,118769765.03807352,50245508.64765997
732,64087633.08986679,119447594.17228872,44303559.39768902
733,32079969.40059175,75299598.75640005,30894796.506617878
734,82917645.5609003,107325482.88945581,43428252.473410584
735,14402295.207849018,49580656.55251916,25167125.728938933
736,80189326.85627845,127122296.76119277,60227162.33972218
737,55277502.59219531,75754553.01573625,34830222.71934505
738,24273021.564165987,92272585.14934433,44624420.865800425
739,21199411.93360105,42172214.937584706,23082959.565096166
740,58321718.66842286,98482279.50407574,59578474.309014216
741,19986907.809481632,73092825.4280977,23548893.694102366
742,26645103.23470726,108847167.89232804,43156592.930504695
743,29592813.142332185,76924279.35837576,40457625.48995901
744,71135947.720092,221863096.04828772,90885854.64358231
745,43605489.625789285,145587039.3542451,62369528.38659668
746,45066917.06166034,143744994.06522205,68736288.08346942
747,41957167.09486856,26173030.0844581,9838287.550030412
748,59613774.67893932,203838322.4303085,97983313.26162474
749,38690480.66538212,152060451.8670494,46176903.84354431
750,24651581.209155437,76608500.44326319,26785689.408796046
751,69223757.0244395,122114144.56205028,53700728.68786306
752,40670029.5374418,123793518.06615353,50312823.71767988
753,27350379.97933219,85678407.22744855,28050404.76266852
754,24652162.39786484,80283248.04760759,34054533.97229262
755,49700891.11912257,96799014.9918005,36225231.04771559
756,14608618.049012301,60589976.09932327,14593605.810073912
757,43326216.274430454,128775854.9692693,53431758.202574275
758,65042417.509433396,85292529.41512315,27200769.36113491
759,15983619.759366596,79028918.9044439,26407243.50107908
760,47003818.297157675,89330884.46160239,50000324.58893638
761,21439450.399511322,82762547.92558141,24447206.95388888
762,59473534.58675028,160669514.41876245,75137803.85256961
763,40685900.5984237,106599442.13605481,44677365.27649231
764,47347441.01716061,202117853.07084692,85995680.7376108
765,87929190.53170542,213428206.65534106,106800208.9448424
766,35714032.3017478,113970847.21711811,44650578.598545514
767,15584338.762317182,71024488.81849302,18431180.496302303
768,37856675.78337095,100389466.9620436,46726296.98406338
769,20610637.81699791,154392882.88063332,28102609.019882906
770,48284765.70254638,101349795.35636884,58141994.076560944
771,23663031.385022182,120148272.18073487,45710999.221615404
772,36208918.72883256,100312597.61774385,37166909.70468496
773,23289452.597339865,108979346.6770312,41099492.93850349
774,36904750.09425157,104731540.87767275,48973920.768676564
775,21549087.380709894,81811534.00465396,30519225.71477054
776,51717238.57439321,73405283.06395185,34331258.39389745
777,18530195.34493205,93349975.11099972,28910846.46320799
778,19698202.805583388,62236217.11004828,31514306.759275157
779,24244446.274287727,37423379.88165685,14916958.571424114
780,71171702.99967909,116116445.71380992,47753267.9276759
781,62826981.33455793,216014339.2580269,102885960.5256768
782,52074116.67449099,212241666.7977434,96484491.55550008
783,36844662.52051307,117075093.4434009,43489297.44320942
784,17975194.750660226,66834891.43378003,32872741.14061414
785,53624534.69131122,149198032.97040838,85075292.86947165
786,36591500.20108753,109119766.69795229,53165096.08741635
787,35852835.82984404,139180415.70355374,64393177.99185314
788,30484013.73813475,124928494.52187301,38577589.31429725
789,15678571.590987768,67981031.73858172,31062115.137584656
790,45414625.30590535,127452287.96580224,56721741.71686778
791,38922704.5411526,133952432.32233824,63802290.12751466
792,29385932.79085008,122035423.42877105,56386259.12877719
793,30602742.568700027,69445373.0209291,35856546.80460016
794,14608477.809461074,63142867.139502294,27908411.960142646
795,21253331.06623526,64342661.251135856,29660733.24502985
796,30213415.109788667,77086751.22705705,36285958.79743087
797,33860786.96551721,97090304.1704494,47269940.84156982
798,21771342.916035227,61556199.328722104,24549003.940752514
799,48493497.711883515,206548939.45754674,91832908.74653651
800,76156066.67567618,276882175.4230568,122222750.90960933
801,94466826.68043606,104228859.95051377,38956967.36219773
802,26500272.661246177,102174636.53441803,51518478.88539732
803,25609532.432962846,50245585.28185749,20717867.93010285
804,21220639.987112164,77955069.93133076,38235720.66168111
805,46559304.343073934,113642637.31749243,42198193.51464247
806,31603172.84403495,124349740.75972755,60583081.26976683
807,37934806.20549409,71955526.22501111,35751123.93793416
808,41206649.51724233,156055567.05574775,73018431.93825439
809,16387619.370676633,118519441.91041693,35460589.44291669
810,51158216.06756098,141599708.50927663,70300403.46095343
811,42763712.35324667,129807202.3198174,63405657.41909586
812,24866968.24476589,66760155.95470285,31913239.61803641
813,35764413.97411592,91582854.97071847,40517467.74959727
814,23298590.051215958,59482446.413781784,27587144.162042346
815,38093131.37130398,90677748.2469311,40044842.342819534
816,42848694.487285964,137288449.59677842,68214859.56937855
817,36575512.527174585,114240479.7659196,56908537.45152313
818,16250624.854283907,39914649.85852965,17912135.251180876
819,40603605.121300265,127632149.58770202,61303589.75502217
820,53810422.66452018,234352396.51022694,101620062.18682775
821,48628281.265088595,96108489.24886805,45671224.039302744
822,26150509.660077672,63602620.11214994,20591230.603186052
823,27073726.48968996,73443398.80282317,36613517.90288296
824,103535321.07682572,105722932.74026175,42729549.239253774
825,54786675.719239816,79365315.1027813,27674555.998260047
826,33754971.65530231,85611094.20342596,45787069.9972838
827,27668198.11050438,111688294.34420015,52850079.71035962
828,30478910.2380492,89131590.9680065,46704524.041060075
829,40281487.61830157,198608441.06613672,79209185.50685205
830,24081443.808485784,117152998.08943494,48719595.56194941
831,28523499.374535143,118186034.14288414,55301686.00094167
832,36133053.50394334,116284731.81115875,54119288.889795065
833,27287350.75052442,81504173.85737062,42381977.06034512
834,51844056.604752995,212803776.9157077,98488070.71152605
835,21870801.255730875,88410434.877148,42146842.650828876
836,24738652.362899695,78068643.5675546,34435636.47078856
837,36911604.955949746,62099489.30073736,36289238.23702422
838,60589763.36071721,226447958.10936967,104570878.89806092
839,12671747.904283488,63292395.70852133,24992697.70085172
840,25498489.11621223,95943296.9405971,44692342.9147849
841,20450309.473186754,67377585.99978559,34628155.0443711
842,37383141.190981925,93129705.06327553,40189906.07533692
843,22148835.06675204,84086184.09194899,40921257.96153737
844,36447153.69471214,138145953.44597578,52429784.51273701
845,62776487.719919614,77912122.29843059,28107734.013801515
846,23799971.736008093,45713866.99350954,20736083.378417805
847,79184849.19026226,121345552.76563196,42844275.47557835
848,33288409.718718015,124247180.84005348,61176239.38545035
849,39648801.17120333,85030205.5500767,46128244.9579815
850,58115551.79777528,244722642.46316227,114353465.91018717
851,43634838.60892488,235110401.44536787,92573176.84257717
852,17852401.661854405,83383473.77226982,35424691.24490105
853,41201531.08895823,155704512.88110894,76079218.58211075
854,29132759.442382563,108265025.1272895,44697041.214763544
855,24932058.458488185,104973229.49351613,45123984.8049179
856,27614691.9267959,73186248.03107402,35929956.29110154
857,60829710.8814763,238482455.08807954,109223259.33669437
858,33617593.30009036,96401902.0738298,50845091.30992612
859,13348532.901629515,61199942.30348062,18357519.021046456
860,15361130.96772723,77505086.05856745,30003981.246173408
861,19514872.888887715,74791900.45741266,34341169.307161614
862,26223987.45007512,48032306.82539634,25699582.84104687
863,40161991.35834379,114356489.28780137,60112088.61224802
864,24198359.33106227,100049076.11650631,33547384.5126127
865,40771315.00808723,164237912.7607601,77761019.19397517
866,70233061.65522908,108998756.8957363,37947254.49301905
867,28422775.647609755,123681089.51824424,57281917.9566537
868,100375117.70174462,210685047.1608094,86824319.4862886
869,25235523.63722751,54166411.707315445,30320457.70431309
870,64204029.613405354,209068295.75379604,96518732.30197339
871,19771985.808293004,105722320.43450801,35469046.07980811
872,37893419.35712305,86665139.6859402,42684268.94312506
873,34844794.842209764,137002860.06426415,67384227.25210954
874,19655847.245102458,63780656.636821106,32118884.770867385
875,30793363.137904756,138287986.89828816,61270926.722802944
876,57648989.090260305,267575459.2788793,122539613.92697112
877,24028262.530513808,95351779.96121389,45402846.734456435
878,27643717.94257818,94468021.3203903,39733107.41729332
879,21418994.739023212,75113546.63899103,36822884.348146476
880,38428261.62051083,110792690.35982691,47814025.07146783
881,26117850.470888212,102967333.98966661,37715693.64087623
882,25998751.292515952,70855110.83754283,39070640.33054776
883,38789576.20314168,127261686.28887646,61654105.89280817
884,37287984.45315425,137851294.69054788,62754185.358569846
885,52241838.480839185,190164793.67388415,81961894.76304357
886,71374277.46121393,161511873.21090555,56441654.981407695
887,63300186.534481294,50969623.14124927,13470095.83338021
888,80630910.75734724,122670393.0081486,42907431.28117878
889,66358547.92696885,80894414.83957808,10351801.12905932
890,86401128.30066445,84958096.07427341,15873533.53370589
891,35325998.73394782,148943328.82253298,67007595.52106958
892,93325266.91283444,203070969.76915076,68847752.36531174
893,36047773.60126428,77880961.59245779,38854172.37702441
894,63378697.04478693,92166332.1304119,20976838.17191618
895,83819280.0489491,126706076.77432092,40036933.62796862
896,76497619.34266967,276008818.1960076,128059245.82118809
897,72581094.5074386,131696054.60552219,43568809.465016425
898,86705575.44289039,136875207.58540437,36672814.593507744
899,21564470.106883302,84250683.65722306,38481804.238943666
900,80149915.57801177,73422754.70546594,9921353.46401471
901,85533671.40720052,189092991.2775583,79215619.01190771
902,50443289.176191635,221063574.75315788,104242433.49362078
903,53090696.3951222,68836147.69480377,3971863.0598968565
904,92889522.23401329,176733367.9681089,61962605.9696362
905,34852922.72381199,86464005.75202146,49631589.555069804
906,53324309.01361832,69732731.3794688,11305544.213164436
907,23475096.883011587,96246152.70155717,32112466.46526412
908,115535983.51189674,84664560.49847145,8310624.785451111
909,96981730.99900214,150197690.72068444,52849230.52837723
910,23491045.584466264,102486698.22496548,46480986.55520811
911,86096657.5094482,145829365.45689902,55928504.4868781
912,84847023.0494542,152688235.0183124,21729296.437860686
913,37679536.987636454,182268324.40450168,77388002.52333005
914,77394865.27819766,125578095.58401492,41998888.58014588
915,63141822.30701657,59197595.86218815,1149279.3850133496
916,61535919.84115875,251986135.88274336,119891310.25352804
917,117049309.49154347,210111912.85263765,72370193.66565903
918,59862652.66762348,82205503.43492332,14412876.7138954
919,38816363.038554125,172703065.96525794,80986488.48720194
920,115475767.65462075,257642086.85020676,91499658.985968
921,32445353.214136235,150785268.2065456,66343275.50930812
922,33996257.22158871,138175886.3356924,63272160.026145786
923,43868905.36044014,150736427.4230862,73427574.3842872
924,27345930.973691035,125924510.00767967,50448314.367737845
925,14289169.578986924,56999654.07058164,26894981.835788053
926,33739177.29283961,89119956.86318465,47522608.135806
927,22527446.404947437,88645272.74178542,35143187.342619136
928,14316229.429267088,55965220.65279837,24730445.17605545
929,82671383.99860355,167739905.38117194,65494033.152235985
930,30856382.509149224,109643160.99008696,42627102.96639489
931,33110482.84145796,137452390.32997334,58252797.11459136
932,38387351.31038572,79837398.9913266,41696531.12612714
933,20785526.63978085,83627763.80714163,29715064.874981254
934,31691114.50277784,136796649.0045985,56655846.88974882
935,78939380.07843235,347339240.4692857,162255675.87456918
936,45273034.83192958,163205951.31628564,80144379.78712189
937,80240378.47644377,339638675.2355203,161335499.37302026
938,19058704.79688777,40891273.12747873,19823935.533104718
939,30261747.70108552,108668265.13139845,54477637.34672794
940,22654878.12213086,85542572.86480401,40005444.32485222
941,93018832.86159568,53909481.29907708,-2930858.5723969103
942,33188839.734997682,118317682.72065397,50082234.6262486
943,54494873.708562344,224103746.05052337,106358553.87419662
944,24625517.6298148,96760204.49473037,37311592.198071584
945,21790425.619661316,74106634.75480035,32793956.165619034
946,19610170.750316646,64911756.28668499,30253084.111966792
947,24606088.13542046,63548381.07125637,31112388.98130879
948,37805999.61740916,140489913.71535873,68459901.27965024
949,28965367.022177164,120179496.92973673,55372167.60609517
950,29851847.98874138,133297448.5500675,59795522.34496754
951,81992766.7386511,131870933.94478208,27890867.73355451
952,38627567.81545356,142810074.50620902,70340667.02583788
953,30250708.349980153,148899598.31630984,64397488.56538378
954,61651157.7165206,279869940.38619304,118903884.79395942
955,51703504.927851744,190563814.04590744,92002983.98569837
956,27632029.422111876,107067768.14790706,51072808.887487605
957,63413799.757652946,207724195.62267867,96976312.89857031
958,17443633.056276128,75828292.08144917,34588396.70310448
959,21272424.39942181,77711894.30170049,37291077.78393464
960,36322378.419379085,126677784.08912793,66382830.18114677
961,94274971.93684165,136065899.75188693,43371920.90543283
962,24139501.775040604,83679430.10952862,42115466.26213624
963,18581942.53206987,85265633.76039067,34401599.03328431
964,34706031.1918954,98970097.35382922,43685584.82102947
965,38397237.15192259,123633409.05933817,59325495.105733156
966,31782415.621984147,135255191.96256799,50020187.17714438
967,24427795.088691846,93116156.3194451,44999540.17051602
968,31761636.929776512,158358830.22350246,67870124.31644846
969,46953102.99576542,164842452.10604018,81574092.30352448
970,23485336.151787665,110397772.60216069,45516432.62916016
971,27612381.19553796,113115048.68411556,49994512.20058623
972,91283462.7739894,175724752.3426612,79179680.20895068
973,66290732.93860521,297376331.40996087,138563661.45423976
974,49799779.611370414,185196899.59776664,73254707.27989832
975,17196898.201018795,50771083.829246216,23392134.700976703
976,23301590.918111492,101889390.04861978,47405577.46749777
977,35138640.719778135,145190067.647343,56068184.577412605
978,27431739.200754136,120631968.56673758,55527062.201948255
979,37711674.017255984,143647504.3046286,68965991.18510719
980,25920575.059558503,46699700.92627435,25584699.649385337
981,41247878.79715891,102799215.17773242,43409024.47272621
982,51328947.83199143,190199270.46794808,95314340.21152093
983,79805062.29106688,51934838.75284263,-1913982.749310474
984,29549336.26567259,151889022.16438195,62610188.76728595
985,67751575.8388983,203605757.95182547,101928120.14567862
986,29166704.67593704,62762933.32222508,32626306.388335995
987,26591796.316873923,125120294.9736067,43510068.052679434
988,24851678.6019686,49452146.302842945,19913524.381986957
989,52232076.15269061,167937186.45102584,80501460.55119906
990,69021208.9182441,278566300.1140129,122187128.31734797
991,28120808.059455328,68661152.4559421,32847185.098409105
992,71068718.87030762,284150992.32780176,131936504.6614944
993,32417901.43393366,151580200.4949076,68554387.2579996
994,82337940.25797018,120076840.31922291,50549623.889797986
995,29263093.357114386,68733333.39604896,35325481.155061886
996,22770976.32417451,70265549.48586532,15704654.284694912
997,27447908.342765156,67203402.17198966,31195304.27632557
998,39315078.678314835,161533960.58993465,68585576.97146401
999,33479773.362462,116861772.05414078,44840910.161195576
1000,46536798.390592754,163435690.72469184,77664217.20874287
1001,32718724.7693257,104895458.02429333,48974950.98438666
1002,24527886.0493519,103161862.83883499,48586637.922089174
1003,71382055.36442147,250588577.31780064,112751450.7462856
1004,91185210.7618615,177302743.10731107,60813640.41657108
1005,27766232.371371668,115237508.25205791,55412209.42526515
1006,30921668.83319269,119419153.5056772,58045963.59639545
1007,44944266.50845597,201735422.78188014,92219082.37282686
1008,29599152.274379853,102903167.66666913,35117940.42531106
1009,30924997.710713398,124589300.32516968,59686913.29499617
1010,70029771.67183721,358113867.1244095,145545478.15195826
1011,18613327.811832234,74130247.87757626,35553727.80614405
1012,27148312.358971544,98485401.82716241,40973895.9192804
1013,24572610.60870842,69552912.96707726,28378950.25812225
1014,24489176.187339205,94669056.63874297,46181796.62805046
1015,90259640.6416441,205521893.16701132,88518317.92849715
1016,14609651.36829055,75381754.0269569,29719780.258483097
1017,24024132.42535301,89835156.36166805,42403864.60476862
1018,34862103.0928748,139690872.57047763,46378856.743665546
1019,61497579.76102806,279005749.48903304,129267590.3117423
1020,33821559.27308306,126721498.24093184,63765903.855389655
1021,26921666.24291983,87990278.53879184,36978447.64836134
1022,41545735.64985818,203578266.57553163,79208719.11758262
1023,36146324.27358555,117448562.69987194,58922962.84902921
1024,24142566.200282507,109289648.30260563,50351705.84913202
1025,53871924.61888381,217752419.71349698,92416527.738939
1026,84883475.33717296,123694183.87365857,35839148.09190529
1027,43645421.243973926,112881189.19662626,47101769.99290357
1028,17206753.334896833,71970570.94599877,34327708.381725125
1029,87134819.08397391,358671658.6132894,156266456.28107667
1030,22887193.866186485,94166629.02074,27922265.800890375
1031,20925353.12055633,93573375.85633032,43419996.829671554
1032,28435342.966247544,64092210.76320995,32842435.985781673
1033,15486283.269940047,63407258.97711908,30042053.518078756
1034,25016251.575737532,74964479.72811654,27450339.40545365
1035,53110966.586100005,107187865.51147695,46681749.48224722
1036,97748296.77593943,243005466.7255772,109113273.54369754
1037,26279422.78027887,88342445.40530534,37819849.582052976
1038,24042144.77281378,77078971.63899653,37267864.51075392
1039,40793672.909928866,175256672.99339047,66948528.50853153
1040,67846491.46489269,324504341.9507377,116016589.94751754
1041,46934659.55769225,165434745.8071781,79610357.26447953
1042,64461426.43854829,258238854.46899468,109498682.24986151
1043,29048361.654700942,154695310.06878483,59933678.5098471
1044,25322446.83722805,72606606.80960387,20802176.379925173
1045,45512143.72377739,182798392.00706095,63640215.934850976
1046,68019304.63116775,80499039.22702377,-7293488.846169317
1047,43738112.98145827,160332487.4941974,68102574.91960123
1048,87071754.98188695,382338289.33439136,180933675.38310874
1049,53048682.841428764,197350235.80252448,67019229.475659005
1050,28952064.991848283,82337648.53277573,6793249.0391647015
1051,35282667.33287294,121707211.69662611,40609313.554959506
1052,55780346.460165225,191148836.21446842,90739414.40911661
1053,21101731.21637686,122209899.54808675,41666438.54729924
1054,29990498.09262646,96898606.74172266,37075753.975849845
1055,18397526.33138857,78462918.83249027,12300865.716105316
1056,26242512.343388803,111587081.13619143,46649773.77324004
1057,93616018.71167114,245483202.90815973,102248895.83540952
1058,73045727.99581784,269527447.4154873,126010837.89459048
1059,36651648.90440315,76092929.18649964,38592846.53002804
1060,58538923.126666605,196057456.94215322,94129542.38884212
1061,51220053.77709127,222136376.0414042,77506913.18569393
1062,38884175.308744416,120673470.07684433,58537690.94129602
1063,29295526.05523079,86055581.80290134,17971481.97309841
1064,25470512.691588834,109123603.86771351,52024868.96894993
1065,39698010.11598219,95177848.77355354,48540326.393740214
1066,65731201.46475149,317828506.86828214,111177839.45826669
1067,44040116.186184876,140055520.197638,65685629.87286771
1068,117474326.36481334,204529014.60054994,43899637.49533253
1069,31168819.70304314,132805434.71389396,45946951.779525794
1070,58148976.70131078,208920526.43735304,100124338.97725274
1071,43175728.36662866,172427594.59523866,49963472.35986107
1072,16034026.356618224,51691816.24299783,9663030.146690415
1073,34959430.576935805,86901098.8736866,35260562.504819036
1074,48256918.537594244,134128556.21090518,43824127.25291705
1075,64587432.04254918,255279027.099051,99392109.515961
1076,23358019.968458895,135275559.08445802,29154299.022751857
1077,46509667.81956805,153310254.9862598,56440636.83351308
1078,57572139.79764417,223518722.8493053,91100042.78884424
1079,29972693.48520542,145423764.3633806,55834982.27847622
1080,70850238.24477924,74794525.57768947,16027271.711661793
1081,39155725.94048887,145952842.6740006,57463912.086969055
1082,41309169.91502608,205829300.78448224,74248099.01187731
1083,95709415.61588311,366060363.5393753,113075731.43902624
1084,43916070.89596507,100337306.34638615,35007570.863094345
1085,21090794.239151992,92674809.68547091,28632191.036630873
1086,34113704.79954642,113695386.92777514,42625473.947063394
1087,62043054.4090559,273107258.27448577,120796759.26404567
1088,74937141.66069327,82118769.80054101,-17412529.32948535
1089,50107381.27081739,145332483.23186666,37026585.02810788
1090,35297775.413800836,163715073.12955454,67407094.67159663
1091,58757825.154132016,219815132.86499396,64196388.111944795
1092,50849249.16437009,158440767.22846523,21775897.42481421
1093,29447432.02065064,68920614.6862109,26016459.375514396
1094,60543433.72440559,234571010.8576617,81071016.48035973
1095,20525282.404899675,123719928.96760355,24157232.25160537
1096,38194063.295740865,126516261.40216564,55744411.378314234
1097,52723047.04444163,186516604.72003603,71391861.71140851
1098,62415732.863018736,140872714.6286623,43156274.54511846
1099,40533305.49105395,145994123.71606827,54904270.736424156
1100,75032375.58106342,367453343.1680385,147142188.8221032
1101,54266241.60823208,69394294.80323096,12079032.12054937
1102,19603117.518702667,86729146.36318867,40093732.524321154
1103,65092756.937029764,254010392.53055465,68066666.60510708
1104,55581690.53501313,232853612.74384156,99573211.24157853
1105,41060355.860644534,94302458.31919526,24842382.415643442
1106,34093639.56597129,125327382.55031091,37918610.87493763
1107,67948981.8513849,238504771.86550874,95980369.57883647
1108,14443708.164274652,58160482.0986445,14237291.56997901
1109,81399018.96548901,89441320.1799743,3190861.3612869172
1110,32956552.18368536,133691124.49465752,49108394.89003417
1111,82897745.84238638,385303838.1981447,149849126.62427595
1112,19347490.460507978,78891025.35234283,36863924.217331864
1113,28157008.28760558,97451969.52327901,-5401114.41162161
1114,64299664.989578605,251166250.03744173,99766956.67218073
1115,106479519.48373581,451413863.6379044,210544523.58288488
1116,34670132.226611495,162495289.21239534,27010785.479443297
1117,34404690.04456277,101838848.5440208,34420607.36595026
1118,40501247.67380602,164587265.95077968,63599016.14732131
1119,16359804.465135893,45458424.821447976,21317807.77962263
1120,34253772.66724277,99593783.8471457,31321626.840408996
1121,83958864.37514494,264085030.87766036,88586211.97747375
1122,61718652.84706562,98624280.26835153,40521873.88513992
1123,61197767.349419,199712235.73571417,56806777.381095864
1124,57884639.69594325,257887496.92795905,101030909.8222114
1125,25020887.29101566,81461824.45064189,32938183.17190085
1126,40287799.17270705,98599826.0449456,27112677.37272716
1127,56697433.98142398,225012598.13994324,93161837.60230859
1128,52252451.9529405,240212070.93842605,104914878.49306037
1129,79498546.64330277,326563434.4162864,142359754.67804813
1130,129995395.62248486,100299544.17528158,-7614302.345164466
1131,31075313.710887022,130195111.32019766,58097226.46585504
1132,61759062.7598527,220252261.496395,95824240.99369207
1133,39058527.95068343,123018462.81734443,17210768.37793456
1134,24718238.790381894,78904181.6026225,38756066.668605424
1135,33647507.17854681,138171890.8198228,53772662.06531354
1136,41872989.933170624,180207841.63212484,56916513.65513372
1137,66361959.616668485,211576061.51863363,70624132.61751303
1138,23093531.417605136,107415277.82102793,48727334.80027802
1139,61816601.59969399,259926616.78315273,107541130.5618757
1140,27661351.658791993,103966440.2225696,38693186.912473895
1141,43355976.57969027,176131465.38928235,45400897.64685744
1142,54940658.98352612,220524812.1127801,47991161.75355495
1143,85012264.36514916,414078403.0358666,187020923.6260519
1144,92713367.82979456,175616020.50475106,18539751.890456364
1145,90799545.01170231,401425655.6553722,150302054.08926928
1146,20838359.301426526,85681905.84171762,35671516.45150825
1147,40096044.74596374,163974004.4638686,35324329.89123906
1148,67331746.93440537,164983214.11704767,68303325.82177712
1149,27376112.57490255,130954371.63361266,59326547.27765443
1150,49333249.54922387,189672453.58805245,94245555.61832336
1151,134189447.14570415,169136688.51143268,31289861.491565797
1152,27754523.309558883,110265881.55456251,53649287.831975825
1153,29101641.82693955,136921257.24746946,62253953.46517885
1154,37392082.88312662,82825891.48027283,38218116.93514805
1155,41259269.31283013,195243138.9387607,77896918.65699458
1156,48759041.84375601,231401710.8996721,103297602.68137637
1157,79764400.22921936,372317845.332671,167408285.02830315
1158,38724346.760884784,173155599.1010569,81166436.08270071
1159,48927336.50987502,204312120.68414992,75099326.46889849
1160,32163497.076128438,116592850.07099462,31347805.91330488
1161,68494310.72412768,290897887.023491,132757046.9728719
1162,41403923.999422304,144666235.62795955,40286697.136325605
1163,27277378.387642454,88307397.72418527,7664289.478547283
1164,64810296.07172759,308483607.461627,114855024.49245715
1165,61198592.5571237,124999166.54988796,27793644.979351755
1166,50349291.80633867,229938662.5966729,106805445.4338893
1167,22847370.9293602,63383391.236454375,9526495.409700181
1168,108339506.07324953,237732032.35755152,48283849.014814556
1169,48210338.13681366,94544743.88513857,31253744.671647076
1170,33649819.35802948,129337332.33357054,40936799.71067551
1171,101298800.42412359,476192519.62792164,192124532.34219378
1172,50938668.97784187,229600899.0329284,94827290.9788042
1173,142928969.77294603,213821887.55326998,32301894.035230815
1174,10734001.011681015,50745156.76770627,22640565.23377485
1175,29022029.75991403,116721518.72848813,29299167.51013189
1176,61493017.074796334,278771258.46834844,100126614.30273002
1177,66326807.40645409,316102190.8057831,144152742.7844165
1178,53316107.58729773,101920955.76585095,45016414.77143957
1179,16325907.267063119,60863063.94954923,30626861.750909127
1180,36456007.69963119,155401895.53672925,70835234.64763178
1181,39265947.03424237,175856454.4863921,77347041.0303231
1182,33123066.4304343,148763175.58996356,66153465.50075954
1183,60483598.868039586,167958404.03471816,66144048.9402796
1184,44884815.759138554,182194623.2835567,65671959.41790152
1185,36420405.35359974,80209314.213732,27132763.505581405
1186,126743815.46308103,510503139.77116805,213950938.74885023
1187,75458620.52369788,165743938.51182112,83219085.93977696
1188,21292350.654179618,84582333.26188993,30901928.818309825
1189,156655159.11279234,379111178.78361636,114043604.21102767
1190,23128214.885808546,92060026.6844925,41882774.96178833
1191,42874491.08096693,199443073.79831555,91666814.0324175
1192,21333735.098291643,82775290.75585948,39375292.762148075
1193,68429222.4328898,274803988.1731558,119758504.23867695
1194,160451253.18664953,271257378.0921738,76827286.49475195
1195,33220153.02291105,119343538.59065926,43917290.088680916
1196,19424034.693842277,85330480.74321058,36888663.71799324
1197,14970636.244653586,62864220.59590877,29792683.34299228
1198,45496716.98629862,165357593.3631845,75539426.74692851
1199,20449305.547702793,82320740.72669046,17971448.881663244
1200,20340756.31310131,98739540.66959849,44240227.60770796
1201,109633751.19276774,423460464.5470614,193121732.12412655
1202,38881099.672703296,178498884.671047,45607999.80579381
1203,113128485.37509358,260136740.27531117,88696600.26081581
1204,70024178.76200862,300165783.5063783,107852547.17067266
1205,123026132.51747763,283219118.03929806,69925200.17367953
1206,93002512.18764512,144267961.0636355,52641003.547190785
1207,101975343.22726133,102869567.89770801,-29972787.89339559
1208,35771842.39335511,142047232.1347146,28549065.23077478
1209,115092583.87783824,178644284.38856927,29207395.41090542
1210,167220060.13436118,483441393.5673478,204488474.73823428
1211,44480849.8861186,130497753.56151001,28386546.30976454
1212,131374494.68925455,181763720.2833391,-11105484.566995189
1213,27645145.309438676,87907402.53007501,30436173.09453842
1214,69078242.84224539,117768153.96051276,7602630.972824342
1215,253977605.92640877,506899737.03511745,160997188.859373
1216,83644179.13931769,78644674.91755351,3015566.66296907
1217,27121600.637232378,125098766.44148721,56218022.483320355
1218,70985414.89317092,62063826.223921195,1145058.8143069476
1219,62603317.56816158,114620059.37270609,31799919.344734814
1220,63359575.09041019,301852218.08154804,133236167.14721704
1221,201047473.08072796,204187872.44605958,1216935.395461869
1222,195981970.54813793,280826039.7229627,83363295.70938037
1223,31663864.724671997,95310882.61621171,42132155.292844355
1224,182743288.98182127,235124051.52977556,1448703.3944348185
1225,216830585.97027057,223031599.33493435,31679467.7133358
1226,86675109.80944704,215143570.7177022,79745485.87744685
1227,152609426.27036244,306127026.2710021,86205587.60062368
1228,295034996.7761868,496767819.9667121,164420345.56052557
1229,92439836.20698825,324554977.1650213,168687966.66476876
1230,208180180.48946592,170863930.71954077,16247241.556143725
1231,30708137.42394948,126981347.68696065,59509944.84960415
1232,202002237.89539617,165647532.86517826,20058060.68779817
1233,206777116.2231191,203999280.97710082,37190621.05373566
1234,113314422.39692649,204684205.10661283,51653547.56691509
1235,88769305.63459975,377568270.476176,176869869.1325766
1236,111349217.12947583,227047110.5477441,78086466.08373874
1237,115328790.57419012,185658263.9887426,69562390.7283433
1238,42094255.418568596,123874221.23652011,71249777.12161791
1239,76469823.88855577,254750848.73064157,128759088.80909325
1240,128318236.31686835,552615909.3798554,262561316.2984477
1241,68337755.82606356,265146302.2744563,132342666.80268249
1242,15858243.966330063,50195494.16621692,5280358.036203429
1243,90803084.00013112,401147275.028385,179114740.62248486
1244,50526302.19691537,187083129.85217395,60869982.60582457
1245,32848949.521056052,145503926.03742185,54483634.386785015
1246,45086833.60778304,202108214.4336036,94273818.34765668
1247,29607222.663044304,118408333.16362621,49014631.88623967
1248,69010340.96740654,203179439.2992627,74817070.10920665
1249,57323747.77845209,150114818.79545495,48747290.774030596
1250,29764388.6968203,101575460.5302086,37605179.390061304
1251,58645319.0376131,175726360.96174654,65644790.46385515
1252,77951908.45853378,324783501.4002846,137968559.30431148
1253,95813896.68357877,447853824.4364417,199208373.9961451
1254,39455624.67527552,119221490.2369642,19927760.105569154
1255,38073878.82286153,136769071.6129739,42239408.848777376
1256,157818989.94637915,234165897.8227096,61142615.54904558
1257,82162313.05834119,275512995.26921886,133692451.36257784
1258,28731761.517160963,114645915.31927045,42275936.62877475
1259,96542620.9591284,189083514.347574,49611527.04977634
1260,87603720.665484,426594070.4994223,191498734.9873343
1261,47908040.556632854,218916032.92663744,86306290.2295338
1262,48783120.62014458,217943202.55306214,86657181.82779965
1263,25576846.603063695,59729543.3356894,2152495.907894196
1264,30762372.18876424,142997928.72637948,52991981.667688146
1265,40454452.103374586,164266151.3241021,65237315.01682235
1266,157045923.06270692,620816302.5278533,250472573.72575593
1267,46956435.77721951,233473153.68999663,103961029.63494734
1268,63509934.19255614,180136404.67506942,66777329.08665568
1269,63576504.25269918,189250287.67572954,60014832.899360955
1270,23831385.0625525,66718311.27854755,8102039.456481572
1271,40847470.6949046,107794833.58597179,41374779.41180336
1272,69490133.03574899,63826029.95846983,6137401.804721176
1273,59123067.12395392,182492082.93191722,82137683.84365308
1274,91101596.36008514,267565750.6158858,93803177.26460348
1275,90140975.04011466,275388558.63506323,111195877.01829384
1276,89753690.59664355,450876652.6909533,198761174.11319336
1277,66556824.95161088,137603406.2274205,29638602.36764227
1278,90335142.35965976,120475571.23917559,11309642.838978048
1279,130416811.29421872,559979279.5195612,238905366.67490306
1280,204024630.45426986,603176972.2510089,239135196.95263186
1281,95550321.3829517,461729901.3898545,209118317.73971203
1282,125199815.49056438,539580040.1893468,226316479.73305428
1283,83162663.43390371,398052408.0277548,165621365.90692228
1284,128547310.89899363,525530888.92403156,224114432.9786924
1285,109280811.49585192,412001418.27493274,171652802.97045785
1286,128230276.09607811,633735686.9481739,273490062.84884346
1287,133043485.5243515,513999324.089261,214829279.2921302
1288,47802999.17467262,111161524.82753333,44150296.26830035
1289,64878835.20757129,268868529.4551727,109980448.7466513
1290,62234665.79957528,165521023.77600366,67089460.34725222
1291,61658015.18164243,299765135.8237858,135044347.64125207
1292,51072745.54633273,124169699.2161733,37472473.176583394
1293,63233432.51481229,187803202.1690283,56168038.251340635
1294,96892419.14982356,233926820.94553953,51925928.85700598
1295,36261384.02097356,69268664.90468438,25982001.35969172
1296,86739979.09649442,210307530.09780014,71351121.01361309
1297,63290694.383540995,180676038.48760164,60319197.16493704
1298,115086527.20833401,496477764.5626526,192073287.0328483
1299,131252564.65994294,485624504.44393975,209906756.93895152
1300,128165652.29683197,97043268.81516893,-34664541.51725953
1301,92502854.74950677,138519521.84786427,34845829.158756346
1302,15546953.176195338,71290401.91618283,32408394.694893587
1303,32272573.897595905,59933821.960351184,917207.2899653417
1304,71959153.22291464,317912888.1550401,123492618.37414537
1305,77105299.43417263,371888730.57344645,159531090.95509502
1306,76304196.56214695,289679242.7884233,139028316.44453734
1307,35965302.402643606,98475436.32675025,31101037.143319316
1308,53574871.13901053,174898770.14522165,76531979.68107222
1309,56025441.05064276,212686528.66295424,76861296.02691253
1310,21528685.630931,101260893.43271662,32599045.540506307
1311,126870539.47550586,541458503.7468619,230236754.3421262
1312,23032199.844194323,96722051.05435762,40381689.90003291
1313,58430134.767502226,263173065.79644656,120178547.86883357
1314,54465715.84777219,201198972.62012568,78215596.77772608
1315,31039609.37578132,161474681.14459813,48650005.62614927
1316,83561409.43823706,354100963.44769996,151315218.9956061
1317,46511203.51305778,107238922.85819626,28279498.13888405
1318,60862281.990703665,283805073.414474,130793041.11590837
1319,88435996.94093828,185117162.95508447,96025327.48544545
1320,74748416.07873626,279673742.5290208,115486216.28945251
1321,128734472.70333639,94941025.1936412,-24816008.601106517
1322,75729896.00729953,284683416.3821608,133840714.46734479
1323,191405746.90508237,552320049.3720033,214925988.81817618
1324,32765958.18539976,155166970.3754124,70525088.39354987
1325,56487061.77434882,185178663.1457031,59328851.203415625
1326,11861364.22958512,52370062.57794681,19772361.61498996
1327,94867065.85682067,365003128.5843313,141545456.2767518
1328,69192199.38680314,204060026.5829828,67990197.54718196
1329,57608007.66004342,266544239.31336832,122992020.45814878
1330,40615615.729557656,159268674.6527347,68001208.89884096
1331,49046900.75865562,251003927.84010473,95546970.33993584
1332,28536547.196741045,102580867.85133478,42458987.064379245
1333,43709820.82737846,148059781.56215608,52029543.284324735
1334,173515413.35587585,785325553.7198163,345610317.64619297
1335,89146513.39357106,407115557.52460426,157995246.7777478
1336,86219536.8113034,387323026.2679698,163749498.8167056
1337,84113301.1201176,374305529.8213784,160438983.68578362
1338,109672517.63665757,391968604.2062376,185372268.50089943
1339,69377788.21367243,313720248.4972736,137669278.846071
1340,107245651.8527278,530476339.45139515,223219308.38558966
1341,98999202.21601754,355579538.67756575,140897471.91304198
1342,149079805.73276824,292044755.89473885,72441699.42767465
1343,89644155.2314891,401682595.4783485,178566062.12271512
1344,183019633.90270513,511859167.19950116,239459429.03307202
1345,202764272.87049446,891039025.4689947,410956629.6672975
1346,148132813.76918092,598489654.7923336,274516038.92382383
1347,204658979.16641802,898305004.283671,427602124.55613506
1348,119012483.11081207,470801548.16199046,217930955.27646896
1349,211849236.32275257,866709911.8907754,358710305.11896366
1350,194510242.4917567,833154508.1271666,389208776.4793895
1351,128349669.96209165,553411232.1928184,255575062.50834537
1352,166124929.995873,730302924.3778887,334909770.52830225
1353,198287724.1118092,968994601.956545,420997802.3042678
1354,177964575.61698666,785616257.0129452,354993701.3672843
1355,137826040.74999425,603498039.2722703,235031111.1260452
1356,183810434.51159853,850823564.65321,360931336.57874644
1357,190405058.55793285,871918083.484472,406535053.9967419
1358,118129886.81654748,468408469.9905769,208847903.10039297
1359,121855381.90244901,530619221.2219621,241465952.90351278
1360,22689033.588454507,78505777.87610628,29330228.36816789
1361,51066481.02175322,124403159.01932605,51289517.72946388
1362,32804498.567633413,111337389.82135068,32800442.29596126
1363,167049593.35563645,173528902.6506962,-2423030.476802422
1364,72506306.77755071,326014349.41377157,138988673.1295537
1365,139814880.33460295,471562607.00568867,185009388.6831373
1366,140246089.4173516,510529840.47861904,246373827.2789906
1367,107471736.91500469,468115531.34045446,210714167.20541745
1368,96738777.61257607,430060872.1394051,188066331.2934971
1369,164773744.22374213,744378183.200477,305737529.7435373
1370,143765199.95800433,707953818.9356169,316613566.8617607
1371,133409969.96435173,621115353.9720576,284470990.5589677
1372,107940734.74384579,488143603.79678595,228713926.38117632
1373,64217927.343831785,281739786.93658704,133798025.11369699
1374,59876309.04643668,266623279.64738396,103409157.58378738
1375,70345569.33883412,285735151.42661756,108224307.6474685
1376,54456131.94158267,171757172.78419554,68635124.10705751
1377,75723737.45318411,340904839.97144413,137854404.96965176
1378,117490267.06080902,577225906.935472,249477300.26563707
1379,60638060.24320547,229301599.35178387,104185667.83752692
1380,48642636.58243863,228813139.60147732,93032378.87200679
1381,46600895.71499326,208288404.45691156,95666436.94272299
1382,128632349.74850862,599729926.943437,256419866.76789355
1383,54733606.860312186,266916584.77177992,119931173.34577936
1384,169192459.17080382,302155721.8401773,88880015.46188231
1385,193440457.1311791,591126216.6506864,239239525.5802317
1386,56615874.691289105,252523052.14268988,118521602.6635003
1387,127709416.26235768,377082996.77131754,149584864.90172395
1388,161151063.4360187,631649837.7226325,258186579.8622979
1389,54316647.40406221,252501575.37289807,116237157.22166903
1390,120611329.15297885,265856262.06370112,82795092.92630751
1391,122234915.92665948,335255645.6517234,140253735.35823992
1392,90708208.50119342,221182937.53019553,85470564.22411136
1393,98575984.5901712,468089995.6284093,209681595.08133373
1394,124733700.21743509,486342804.3654816,172543132.77358824
1395,112632797.31008278,321925051.5986299,130015915.47911158
1396,55268902.03590565,137445110.95493114,23223534.494074367
1397,118073819.48349433,355103052.71987754,142045946.03637177
1398,130417373.18786865,483098153.72761214,154000963.60224363
1399,29150795.932028636,92027362.54491922,19210616.041813307
1400,97380096.74551862,218605035.2790887,77095840.37186123
1401,38671040.20594193,179173378.1756502,82138113.39565533
1402,113877033.84294692,435685223.60563827,147318195.59726802
1403,164779305.60561267,555937979.8561393,241863619.7425746
1404,159455127.3977978,551218219.6927323,214542875.59044164
1405,178409960.9200431,258490525.60075504,43895346.42039392
1406,104214620.46809238,603183126.1554635,229057590.74348566
1407,45688612.85921685,199465000.10723147,88579195.5530368
1408,131277867.68338557,533129215.4487392,251148368.94290772
1409,36896834.11863657,104940376.36035791,46306534.67043676
1410,71203781.48296961,482910963.6184868,168493087.61056134
1411,64655364.87375825,185908257.16458476,64550476.710903026
1412,51112435.4045109,184110419.41841012,82058591.38833663
1413,47456036.517184004,226824764.49330163,93851375.9523254
1414,185530956.58200952,940579740.9803486,373849975.49482435
1415,24887783.130311932,91420241.53485283,42216077.35058514
1416,72377886.33112338,160206760.82400697,48143882.05163148
1417,31351849.60519814,80222060.33594187,28192507.434698485
1418,93711769.64252569,626336994.3228936,210082346.2692169
1419,151836264.09523755,802087822.8362817,321304660.40982246
1420,64437237.30413252,198232537.1516956,80940620.3737987
1421,47108322.42065157,191604492.62954342,70488360.17845596
1422,112332945.70116512,744588380.8113054,280659980.0700644
1423,121360500.86479622,565561118.7956468,230456429.00550884
1424,118946492.0056378,470164067.02630967,215985586.75787273
1425,80220528.51487297,219878962.3871468,83342488.85409318
1426,228616896.1700983,998638721.8393153,357489042.8665698
1427,141906883.45885038,321406223.44068587,96497691.96789491
1428,99925348.41691977,600856314.3526583,240398909.1703553
1429,82677976.61110392,415814719.3663715,180808196.16590092
1430,124485469.30071157,729418553.1083281,272947741.1860924
1431,136031239.88738117,614095188.0482675,282166368.1537049
1432,159656158.69222298,784589138.6611049,307507052.9129358
1433,126178022.25251158,565512403.2708552,261547558.7790108
1434,170955061.54952544,906662076.970012,358515600.87566787
1435,156932827.0894708,726982384.0506915,331517236.76420283
1436,122884583.59668203,650582810.4622099,276009289.2045227
1437,153572409.00831053,635722994.5224409,270189486.733493
1438,157144226.32026574,784770182.0852468,284571763.42912424
1439,153754797.79050973,601558141.033229,273202995.4936204
1440,150309467.2611087,557323851.5134786,259271225.92499292
1441,144987627.03688815,721432154.8452883,269473311.7262463
1442,127978291.23194039,812757468.8389829,310297924.03873783
1443,124889783.9653899,480447718.2292226,208200671.5106423
1444,99419026.07544984,380420817.1577239,151062426.68339503
1445,126615924.37205257,635865893.0956382,261223192.36316743
1446,219131614.29602554,721422633.0057575,207845230.5622658
1447,129989811.5147004,536994772.6749444,253026501.54794636
1448,140369101.3258169,451941860.2803362,181115344.7342863
1449,213156920.53035942,1313356820.2512305,432362227.1716457
1450,52529198.6587625,235074494.46638077,80451235.6360645
1451,71657771.79491551,283418192.55937254,115146244.90583274
1452,74335760.13494334,259320591.56099132,99400514.68199053
1453,59440237.86826704,483471882.280248,135192990.5279186
1454,186499735.41583398,884947038.2355981,339927026.8713268
1455,62691683.02491404,235110913.81495368,97410424.00926635
1456,90917119.27290422,352949644.50015414,134637886.97416008
1457,99048187.08840615,639552748.7637609,195774084.57111856
1458,108879491.8507149,625522236.8773634,245450883.06108764
1459,76058688.7284919,275981615.53920615,92326863.37603141
1460,69765783.13565625,154227072.42469466,38958537.43259516
1461,60031809.03549534,592505754.4701377,178412456.0607316
1462,151050874.525654,698444336.4038067,272746653.508379
1463,74404907.1825267,375770762.47588575,158432044.25368857
1464,84887117.9442082,419151239.14534634,170206449.27430385
1465,135856962.8671851,841477492.4043683,301786164.935361
1466,143797681.45035627,390919678.79458576,135971112.57828042
1467,120593847.89165646,579120530.4688684,198631927.05077508
1468,72464481.15759979,362679824.23176515,150273525.8059076
1469,163414630.33747777,930156358.2011619,311363719.4539543
1470,108499725.53670792,689556661.6502475,191866555.4109547
1471,80688656.55323525,922141538.4410264,240222951.73756573
1472,84872285.41735734,590456777.394217,199145468.1377167
1473,93503752.66667582,687087352.3958887,213757382.43754998
1474,112092275.96370994,981983856.6445646,308530787.58864206
1475,70297777.66468504,756317501.5959833,200960998.06900978
1476,84802360.10749564,523275642.2647799,151290338.20648646
1477,77039749.45936036,709558663.8278431,207129306.47229695
1478,157553578.16738418,949314403.1908815,357517984.75617754
1479,98432542.53498353,821724125.5601097,227251305.15044564
1480,106952956.04633301,622306199.4468234,172747307.75568625
1481,83059032.19932246,609081262.4653559,193604614.81958702
1482,126693025.28737088,837890984.3512896,276401174.16805327
1483,93229470.84235469,767735687.505999,246917345.42932916
1484,123921458.33749348,1083784699.2840455,332033520.4765943
1485,84212270.9608271,322088904.8988424,144331106.29270816
1486,140232651.43044367,665498067.299249,150877235.671928
1487,116732140.97379912,881214842.6084249,232695254.60312927
1488,129232374.914129,1194478348.365789,349642281.3196662
1489,122770905.3771996,768404528.8967572,268785293.0619719
1490,141866014.2578358,789841983.3694474,255152817.42129356
1491,102977082.34277536,824895638.7558771,258125584.22026476
1492,108546555.13410275,939346557.6264466,284630853.41895014
1493,133729678.78579202,939278697.726366,282587773.9477069
1494,98344931.48000765,638314218.494613,213295001.37478045
1495,106105855.48840462,732163471.3205439,239953937.04370883
1496,139176859.32947606,873011247.9656492,305713672.52882427
1497,129950899.99280335,1053223376.4572934,338265156.3595208
1498,47669656.93953194,409730901.4735611,118589597.01787983
1499,154610318.05301908,847934925.6000776,261382121.2800749
1500,96902826.27864525,816778329.9342428,250482079.21589237
1501,146696365.4851988,1053322223.9459473,326425313.9909926
1502,205245983.71331868,906772062.8141506,342566424.7305454
1503,151463522.89409444,861329720.6281092,326022138.4341718
1504,151197155.92701298,837811374.9498496,317383343.08070695
1505,174959403.70406318,1264141480.6953769,428716804.4674653
1506,240073052.84884185,816830827.0779281,276923831.42167693
1507,171817944.10595337,1057446900.9124694,375687329.87627554
1508,198020296.15295938,869626992.5805998,355417141.681486
1509,185431956.53943494,1126174901.0542455,407717881.24797344
1510,183801186.2217828,1012849296.4855937,356803680.0627154
1511,178321597.40913147,927792447.7023073,374192089.6125952
1512,161658189.38271526,1090985780.5593987,380683354.7595889
1513,184359628.6690419,1117389348.7454865,406447877.07353395
1514,201145348.2263141,1164719193.8048027,399070527.53675085
1515,164575856.73570874,985807475.933575,362246413.6640263
1516,167337994.0167898,934775255.8524153,356466248.9940907
1517,175956137.5417797,1174259833.167846,401362497.1686051
1518,185239853.46487153,1033561424.7092348,377729544.496928
1519,176772543.59784433,1124691225.638488,400902099.95868534
1520,190695563.43937382,1104556154.8512924,407529624.8447492
1521,149944019.99325526,672063025.8460625,244487498.41724318
1522,198149197.12572604,1206512839.4899101,348595404.8278195
1523,155428264.45587924,795585507.5500057,324988117.2970005
1524,140195961.05186597,661014202.7740855,274442198.0477187
1525,215921981.33846885,1301338614.280395,456433554.2292756
1526,245633786.24093536,799966344.7148557,290218020.45392275
1527,167483808.67406625,1014357607.0782396,363148586.81232893
1528,207188721.6869066,1003546646.9983388,382469219.1760952
1529,193692119.52097932,1132239124.7429345,362754716.1813007
1530,159615880.5939582,1008529977.4717488,350487043.72250205
1531,173563608.00690055,747656249.4588742,305932889.92096865
1532,178302554.3250496,1074837894.0398571,357298500.827677
1533,163276872.4950446,996469795.4726079,346206316.093505
1534,192956223.21806753,996138762.8420914,311502465.7746466
1535,155487438.2676247,1106507822.3705287,342435685.7027868
1536,135219846.13043982,902130747.2109492,267945097.99776042
1537,103098826.00933439,786835060.0733092,245235122.69850898
1538,145356976.35658497,957362175.1144083,301458191.8460638
1539,189666738.0153514,1043202691.6530539,367313380.710899
1540,107210575.64327145,869950902.9739364,257203948.51822197
1541,144804995.80102554,967683513.1360455,286344835.5624855
1542,130902473.71218574,763925177.5331945,216743134.22099474
1543,128728871.2719328,1058678967.7961138,238493012.12370083
1544,140222628.00761002,886608843.1228836,266831910.86204422
1545,206884777.29593033,967975481.7510356,275232625.65717536
1546,162562371.0184486,958406639.3705703,262499318.1432263
1547,141619603.59371728,887173262.5073012,263392363.28944582
1548,140021214.83963478,946615905.5248659,284213339.08988726
1549,130219362.70734634,1028053411.2995028,284836296.2654735
1550,183153505.67159152,1039399434.9395858,365732195.86952263
1551,148277842.45183283,963201528.3927008,313859234.4374317
1552,150937805.96731618,1025444899.3344088,326090345.9036176
1553,173039913.29576102,995657287.1558336,325291706.40835464
1554,177170506.38939217,936068237.1482656,337744337.5967698
1555,138812149.2742736,879136202.4134078,287104977.242009
1556,185749480.7795671,978139476.7873279,314441996.75935376
1557,160824250.54985386,879504784.2926732,273373793.2994668
1558,154430826.20726568,930081529.8772959,315614728.77119535
1559,142894566.63891974,918536473.2526337,306887859.7457009
1560,194712134.68666387,1009248530.5059366,316569645.25736904
1561,145420752.15863296,852057045.458924,262484000.28420293
1562,153497237.3562941,785565720.3994055,260799164.63207984
1563,190115056.92833894,908235330.9440506,244958525.9415837
1564,216695629.7768561,631978288.8422629,230461974.319518
1565,183347534.53284872,942555737.5771066,287141386.545571
1566,182529442.4767673,670475163.8161366,243457544.40472704
1567,201232745.50708997,778504156.6785743,298494179.93265057
1568,181714958.75255594,721835174.1818111,249634385.00583732
1569,191659834.36262763,821815285.3438201,327172979.11838406
1570,162440390.53701448,681421624.4054796,250398405.39944726
1571,197813691.03678015,899709767.6866316,277534435.8581051
1572,141648394.636441,798568182.385614,275497745.91812205
1573,191202965.05502173,785132265.4794569,245408908.67263162
1574,216832788.2794871,691382251.8863442,250349967.91368142
1575,165815626.78746027,854300002.6051213,268145439.91158524
1576,162833243.3496046,658508752.9365228,240819934.292053
1577,182288585.54417914,754234152.1127805,238872785.64738885
1578,161800426.0044158,736083638.1597996,234699739.81288263
1579,180014627.12110808,811430911.1624949,252001987.66447803
1580,190302973.18123364,774067541.6201321,256357242.49545366
1581,201671267.99698722,849872574.6280972,224798135.2995333
1582,165339671.86204958,703473070.5700024,275798653.25756913
1583,216071531.71453914,656694900.4315236,157107278.92678854
1584,170760399.02873334,502855576.92514634,149084491.631186
1585,192927664.08471307,905435784.317699,272195904.20272714
1586,165257668.09716386,774239806.9354202,250018272.47483805
1587,198415841.13746628,803250170.2061657,240830297.15464377
1588,187460173.210913,625572112.4211365,201304413.66795686
1589,140717611.91374677,753429705.8320183,226599874.42737025
1590,188082087.7132563,943348528.623161,304999304.6409639
1591,208659004.79772842,788931389.0091263,269498727.21154517
1592,177488219.65076768,828963294.1066748,257569678.36412674
1593,180480260.99123454,748042455.0143797,219745716.08823073
1594,163883087.2507525,896325727.6498996,264346034.16028786
1595,146288458.61878222,613363400.0562023,193040268.2821681
1596,165731604.24635753,568392893.7694668,232248056.8635535
1597,156689794.32842946,696350102.5198568,214923014.0733857
1598,180736404.02184775,795492271.8178954,255839926.9995513
1599,158709333.79049066,723531423.800068,225961860.55497232
1600,171136042.33964023,807712286.1571251,232424619.79420897
1601,175684935.34998307,765419352.692669,281597485.6638088
1602,159800363.36294433,474661201.96519375,122414082.4594554
1603,149815576.95452368,840738885.5911558,278331537.9242725
1604,187363798.1635575,757759681.7194533,236166354.2724417
1605,152935315.77002653,600838366.3249083,216709174.6263483
1606,166480634.795571,824520622.6957539,308126153.2454956
1607,177613452.24083534,719105733.3011475,249753223.2855012
1608,160200676.09406778,764745397.4562881,252642911.52062154
1609,178149135.83230102,838076237.4223127,291202033.7735354
1610,119367494.34959437,635555075.2581588,224080539.38180414
1611,185245212.04478118,797525326.2326247,293923138.64812535
1612,171081203.18242273,805662579.9236163,272904341.1006557
1613,156624196.52565143,594775537.2182701,220205281.6459928
1614,127550662.53843394,689877680.5957675,250792432.1447442
1615,156244490.32750434,593710518.9987953,240945686.36707142
1616,163894137.10403806,739292331.6700356,238790726.0050315
1617,159588050.54806262,749785521.4301864,244541914.1504865
1618,158566388.58250326,627977782.4956433,270348168.28238225
1619,158192917.10386372,723228259.3718058,227215168.4825083
1620,167696869.78709984,568717206.3052797,227870867.22302857
1621,190399766.68339163,674997742.7153882,204001624.3910523
1622,156587361.68646324,649787985.974597,210604197.2601819
1623,161007220.67592183,439508011.37949777,208096347.18789285
1624,169969565.50074244,582513964.2919248,244978665.62018737
1625,143500934.53074417,659982184.8196594,230294319.37413028
1626,152742498.54789993,523437200.14226604,217819508.96227545
1627,147978578.65569493,565344526.1293498,207799992.5007531
1628,165780663.68283254,512794709.2730111,225469774.1542684
1629,148095736.5219016,729107743.9324036,251539055.6447445
1630,161614644.08750382,703926761.5301824,254142257.96139207
1631,160743491.0709976,582537979.7510477,226556431.70088652
1632,143428667.09142828,622767139.2484736,236295045.13108873
1633,141126320.9122246,615058802.493812,236311108.87281197
1634,156651402.36826894,797185060.4753735,282417452.45931184
1635,153916940.85338187,708980111.7820865,261730486.7207629
1636,149191319.3297888,629952316.3542249,246015763.44159767
1637,135259039.50889727,674168289.0470064,240240427.91460526
1638,167382910.2707052,747229732.696857,261071830.17825603
1639,177884219.47061735,697364133.6328355,211192480.78326103
1640,133829699.02931498,660953761.2769144,216576790.45319235
1641,137822713.9252709,622908253.5632992,205940934.3223998
1642,104085100.07112469,527448550.8663763,175162707.95038724
1643,119001648.10720374,569912046.5887301,198964779.55456522
1644,118425715.44757023,617044817.8990976,198367328.16390237
1645,84526529.89888307,412931152.5276504,121628852.224918
1646,109594945.99829586,486100248.5023787,163486897.91257095
1647,95080449.9049154,445330916.33061635,142626769.48087212
1648,80862300.39490213,401701516.97634643,142708717.39431676
1649,90008557.67184795,377719977.27544945,116498800.8504875
1650,82263899.16940208,371589940.0225429,127922204.85434072
1651,64885121.8883745,322639768.00771904,99507254.57539664
1652,61387822.74270669,255660160.70600143,93157857.26331435
1653,67312218.78756769,289859178.63171947,94775809.19999392
1654,69102491.33165844,314378679.7302244,103420420.9311385
1655,57911655.38607794,244604073.87119952,74684094.88750193
1656,80413544.26767269,274656659.12117195,82722375.27843206
1657,57859027.1697388,253265763.74813825,90001590.65582445
1658,62432624.027373195,287813971.7523947,85245861.7385105
1659,67303948.07730795,297632020.64373755,76860085.7530039
1660,76460493.43334915,269103353.87795585,96690921.03997256
1661,59685291.84056596,257727431.2131746,96062197.22487573
1662,69699628.21511482,261327794.95603633,91094955.11770639
1663,71603168.13203,329546564.831186,102687563.90895306
1664,81790490.16677602,381049972.8395354,110724377.34480678
1665,76302822.84290533,302950827.70437753,103737673.09711514
1666,84949364.27005927,339561539.3315079,130929029.93149216
1667,91485448.33122623,408703270.7891518,126559542.63591455
1668,83739435.17722948,357212697.643383,103923857.81823494
1669,86367113.94415802,426982087.52410746,114554290.36128213
1670,95055697.67275374,398114927.859948,120648320.46505295
1671,83701632.12047909,380784252.4569191,146534097.45293894
1672,82233383.3946767,363490632.817029,111529445.45513886
1673,75893494.21715192,452884610.1929716,106363086.74676712
1674,105572188.18192129,322479627.71116465,93483807.54040448
1675,74472692.6300993,427756256.3312663,117892402.29570572
1676,71539672.26183142,400291722.06774706,117101281.09813374
1677,64424011.58876946,332484670.03773355,75085928.83753966
1678,84285319.47229059,531741629.3869117,115059864.28041324
1679,70946689.51572712,415948968.61730886,110791470.66546205
1680,74503148.3597774,398230545.2687611,112587913.4562609
1681,73522588.9668439,428819800.0342532,93346554.78085119
1682,66860250.40824793,407864735.40563285,88519037.81295025
1683,68323347.9396821,464652710.7900632,98603623.78707619
1684,70799275.86278161,494096602.8184218,118100273.38579293
1685,59625197.16577978,436569114.20322096,102569665.91308706
1686,72410445.59406269,457063214.5544282,110804250.15778002
1687,78564562.57172258,436980242.9404402,98542990.66162667
1688,62785048.549969986,460362058.3506208,110374907.71408619
1689,55964766.03527588,397562180.4079775,86572381.4125484
1690,59385377.30712392,440964114.1729135,109676641.21106248
1691,75395141.98514687,398937231.0397214,89957076.30790868
1692,54220029.30296092,376816771.95533,93116187.29225856
1693,59931082.70998505,399232445.6869132,102344698.12940189
1694,47836021.43013784,322148173.3014008,81332519.42041929
1695,54722757.22006971,341324537.001037,88337056.7552173
1696,51490739.4323711,367980918.21332073,84710751.12908667
1697,48439990.058399305,362848307.60477895,81951297.63611436
1698,52107037.94702008,319503696.00357133,81506378.60749727
1699,51194540.58565382,346465085.1947611,84314177.68799482
1700,50675920.84810654,325140751.4758794,83680820.49675083
1701,47647070.98411507,340540110.3115602,80517216.21759766
1702,52391944.60870563,331925474.3577404,82356797.3915982
1703,48487793.94233038,377417008.8505599,73746233.80873892
1704,56842971.6176315,377063719.0849638,96843393.8320116
1705,53338488.448870644,369489041.5737977,82606149.36972666
1706,61599013.66898222,411727107.2613503,100783960.9023191
1707,62431690.74588234,365638960.1470619,70757825.74749649
1708,61265618.950439826,430697357.4550446,94216436.62139753
1709,55133879.78313458,363747230.2725844,82290768.09214373
1710,60189187.2916804,407390452.6415844,97692473.78841086
1711,60093429.62803637,414844297.1796153,96965242.75710522
1712,55672505.27238325,408778811.89279246,89090299.45165315
1713,58607640.23743017,374675592.6154391,84601616.00073363
1714,66787635.79615676,422736586.5974434,82560559.25526752
1715,59785806.78565799,378498415.78092843,86179472.4116774
1716,59493919.480658375,366172466.5410526,84068568.32212257
1717,57136450.938327104,363497058.7913184,87262165.00254945
1718,68040956.48282889,374098262.2728123,103758294.25446887
1719,59186717.383862786,389895392.1596012,82064143.32163113
1720,66970389.90014963,391074486.47547257,80217412.78445481
1721,72423341.54322541,315248696.04741126,70010940.50438738
1722,72692119.73392184,354414484.76279795,85883099.17940979
1723,70641075.3678501,319406434.8545389,78616199.59535131
1724,79126026.13129818,344497858.9908261,70675601.61287288
1725,77756093.28818317,362765193.090811,71667046.26583488
1726,80826684.86432911,336888654.32558084,75340649.26902519
1727,75294260.57813817,338699482.5826157,63663864.01952329
1728,66837239.34894514,306839108.59823734,71131218.84036414
1729,71203124.7856725,313391992.4760309,46026131.31098666
1730,72378305.94307774,262906044.72593322,46354143.6890698
1731,55211124.054545194,263889082.14700407,49438725.08664523
1732,65364671.328102,241314092.0286341,33048617.918067534
1733,66120601.27181909,264125631.6539181,35513810.51737561
1734,59661968.31240802,216495962.6614129,21238048.710480705
1735,56646336.678955615,233203299.5730484,21785416.855146203
1736,49787271.6886173,233391780.60266423,8945515.024354236
1737,56643834.87541974,205335292.9139188,25557836.664991535
1738,49105716.19913152,208238460.4556787,19185066.966846973
1739,38754032.57739192,169837802.72198638,14628382.974788295
1740,50676915.47285404,187826056.01763746,21008851.730041467
1741,36907868.69331291,184138135.91578224,10071466.25937214
1742,39774653.05381741,186252337.79143348,19340841.444779854
1743,38868256.87613119,189548985.09569818,14223570.821784982
1744,52732145.27716326,188194194.61905342,15151451.809249427
1745,39289214.04661917,183041925.1254045,11610609.893831896
1746,37509556.89306471,226015051.12327364,12853029.007784927
1747,42929476.9112353,163160462.52363074,3093998.791227452
1748,40528966.09289395,210957569.8050023,14576486.424744757
1749,38261914.77937125,185610772.81119615,8267187.464578627
1750,43075175.52934664,216662135.62704775,3094923.825558516
1751,44556954.311285235,211439069.71584973,1928749.8755115548
1752,45267197.68070553,206471317.64878988,6849109.39066092
1753,42923859.35042891,201483301.50813505,9016330.899657179
1754,46711647.230935216,224825514.9346189,-1423490.691007978
1755,50333183.49671986,230798997.2297773,7128504.701298522
1756,48516952.537607014,267377269.4757319,2548124.525087831
1757,48757085.46270043,266468831.5718032,6990667.8651677715
1758,48161885.14661533,271366315.68752134,5584046.801299422
1759,54518316.790963754,289356250.9330405,-1172314.94880933
1760,58134766.895767204,312551216.4214504,3692842.6623265515
1761,64762108.9764709,375156917.1931642,10951154.07671078
1762,66366819.25602351,370548177.586001,-13432749.200321535
1763,50576109.06683226,320213488.12151074,-10525366.484211162
1764,53694605.24407066,356304193.24730736,32412.603445946486
1765,54068125.02965121,353843162.9798982,-12877240.454652162
1766,55645978.39205909,349592493.44534683,-9611166.748083154
1767,62466514.00402442,381523019.4636299,-4385040.955613683
1768,79787034.23289856,389127767.0669925,-6437328.172154514
1769,62306158.44916853,358733580.084969,-5560708.254130405
1770,52942650.55095873,303788830.8934805,-1981296.0751429982
1771,62522241.672343545,351911399.0760034,-11842566.581479926
1772,59770712.67798227,329552870.25381905,-10863320.985994566
1773,61561421.445739746,324681137.11245584,-29120546.489471674
1774,68288725.88789618,308929967.733635,-18280382.43389804
1775,61464587.40266858,312598776.95950145,-22525119.56821351
1776,53777527.378220014,285488203.12414396,-30533216.407498688
1777,53241244.294174835,288985568.258191,-32211376.752783448
1778,49591418.47809485,269679359.52067673,-32761267.512933362
1779,52242438.4648055,274470834.9064034,-35273229.473780975
1780,53581753.853975564,261901051.04241025,-41091003.5032527
1781,55671345.3020989,252571651.79696128,-36495312.02599872
1782,53156228.620131455,255265825.8901337,-33348640.98960783
1783,49011712.581071556,249111440.43401483,-36234907.78162772
1784,52946263.67538643,242743722.14505836,-35956344.23252832
1785,49651885.774167724,229503310.1943759,-33099328.625332016
1786,50184645.22357669,244637720.1583989,-42920583.65761853
1787,47922173.41745094,244289200.55515864,-39063047.36539239
1788,48995436.05709939,230888387.76465243,-36823999.07530933
1789,47062257.61540536,243507594.26038334,-41313982.60654185
1790,52077726.307328,224487218.04521477,-33156587.284950584
1791,46252263.72406267,237210961.40612137,-40234877.01178435
1792,51260181.98889026,254224999.29426318,-49422866.070114024
1793,48145254.45486265,239761001.31028754,-41521710.63267991
1794,49640722.62692746,238151799.8500481,-42671245.038551025
1795,45134745.843565084,231074485.4208041,-40849072.396658376
1796,45609904.66903217,239942442.1357807,-49758699.729305245
1797,51562079.198351756,256239986.18417245,-42563489.89509306
1798,45152249.1331122,229823867.6586592,-47407930.67507788
1799,50177141.79102672,252341112.60931095,-47900378.394603096
1800,47435296.73595081,258976051.03661233,-49394387.69507298
1801,46973175.355850555,260254817.95397323,-40408901.66644185
1802,51774369.0005844,286805344.6175778,-55151909.5247941
1803,49966431.03873751,263896111.16776046,-43488211.147147655
1804,53441579.63639213,258738793.57752943,-35175900.53222905
1805,50772832.18097077,274286198.0079075,-58598145.40770133
1806,53727891.412568904,260078166.35020566,-31966326.26958839
1807,48609812.12034112,264209001.34601253,-45887768.00282289
1808,55762046.26844278,261214275.8541273,-32279884.479806602
1809,46154471.28066979,252906669.5665237,-41470684.00840426
1810,48284909.64777738,217724227.9766435,-27877531.835173912
1811,52878042.73240681,238677549.31935298,-35817266.050295316
1812,49362959.2912241,221750109.24868387,-39704510.68293143
1813,49907333.980074964,243533784.6376578,-31430608.051734496
1814,50373879.129059434,230041918.1351029,-41478672.68139697
1815,44903430.19499285,220513570.52709827,-36304569.2368734
1816,48205255.25927543,204702985.87201056,-31727018.54264052
1817,48570674.586850226,207513080.54640046,-38134209.044814244
1818,45513789.14958083,212213056.1869949,-36502269.79783214
1819,46177159.76224695,213164728.01921213,-41375124.457019
1820,48098824.39460165,207222298.71367502,-32780276.928886008
1821,42918275.550752744,201736131.7441959,-32818376.47283173
1822,43308699.93240764,187230522.66210532,-30244524.13857702
1823,42667097.69087027,196354958.88893887,-31414961.444597762
1824,44911852.35405667,191601276.88701046,-37281699.46121907
1825,42127654.06873923,193028564.80164775,-35896695.82696127
1826,45256368.640085764,180912193.503584,-22866893.568987545
1827,39872546.24178652,175421979.72880518,-32436113.681794144
1828,38030004.86258499,172649769.6761675,-25567690.936262954
1829,39378297.486851834,168506392.6851741,-21335694.302739788
1830,49514426.14803735,172049957.42430905,-28050139.96984752
1831,37355571.35516564,170866722.323558,-26784080.057238188
1832,39203678.12381573,168735223.55772546,-26011364.38073996
1833,39734403.36295391,159165022.8370885,-26344443.02928969
1834,38027766.19352425,164542268.70809633,-23872224.67596034
1835,37915965.05647366,155997365.90149876,-20536266.26217189
1836,34413669.65366141,145911541.5313122,-23099425.695205696
1837,35211556.51749711,137927807.81278262,-24668605.892079204
1838,41419272.39294494,146704016.9263976,-29249491.10894635
1839,41362445.22023789,134475266.54939425,-27573349.654389303
1840,36661066.02588022,133109137.69971773,-23911131.963166766
1841,44091822.52333679,134630053.94536206,-25430728.936192606
1842,45098191.10658996,134550830.47152558,-27762292.935666043
1843,42641360.403034545,123884765.48728487,-30641230.59125519
1844,42403926.46390808,118745738.48679562,-30603979.66110091
1845,42280541.089898035,118590100.83578221,-31914353.052515022
1846,37656452.83607244,113069862.813003,-25222614.61514323
1847,36303508.748219825,107609323.4441734,-26766409.16594945
1848,34968831.73954468,93637432.32660247,-23144764.098092757
1849,32198278.246436443,91721940.48418523,-25353509.12628347
1850,29837989.304100376,85739043.4158915,-21260103.04336561
1851,30020835.016363043,84574307.14069892,-23557930.116163462
1852,27162765.18814444,86408916.97080177,-20662904.551760748
1853,27315158.030340865,76472476.16011113,-20507902.162691616
1854,26766578.274606988,75546786.2807503,-20023691.61532387
1855,24864052.19163523,75299093.24141917,-18201337.219561286
1856,25911206.60206948,72392143.11024906,-19966385.044284526
1857,23464996.760573033,75612126.50056319,-19627406.975989178
1858,24300242.11504531,73535549.8587305,-20027739.58818584
1859,23349250.07913235,75047359.59998587,-17425751.590834644
1860,22634179.96427423,74193053.3188043,-18443713.91502821
1861,24326442.878505297,76244857.45069371,-18996544.324615378
1862,22536500.721984766,76031558.2449547,-19639222.122728366
1863,23123012.081693634,80190257.07363872,-19662069.27329853
1864,23259869.498141304,79178218.76745322,-19300019.46959169
1865,22092203.4687553,78205494.38997097,-17030107.428823553
1866,21276353.519706868,76864700.62706204,-17227983.63236036
1867,20132905.539602783,78262760.68592967,-16381817.945469672
1868,19027530.145268284,69106102.44246171,-15868335.145077098
1869,17668983.810308114,67585558.47103107,-14040538.954818267
1870,17396214.01343936,62945420.64383833,-12865175.030963462
1871,16542111.340308217,59928261.034252346,-12013526.533136677
1872,15978853.661954625,59826760.4440671,-10427030.355347756
1873,16391969.569309402,62349805.81235281,-10828389.417821899
1874,14847322.670279603,55549043.869868256,-8764291.356066646
1875,14794625.24718286,56902802.393490724,-8238777.538495715
1876,15887665.393925568,52753045.480260685,-8159530.746486793
1877,14980496.07598311,54588450.689883284,-7538889.69110226
1878,13806992.336938465,54011131.8845923,-5725341.378932665
1879,15422728.032664148,51102734.89321901,-4880999.043498733
1880,14892828.15489509,49579725.52507108,-4549622.4573576525
1881,15823230.635355381,47274210.54596421,-4634090.309432644
1882,15903816.141159136,47769593.79376021,-2541670.56213121
1883,16116688.809156237,45080713.991220154,-1840665.7730724749
1884,16443275.826578848,43725449.44017621,-1137149.5553118556
1885,17297999.27583372,43148040.67703591,-1126516.1266177702
1886,16528268.21730634,39275015.24100679,-99895.07076842603
1887,18120186.21547478,41126071.223260716,321231.69135159923
1888,16918646.643218767,38037164.050653644,1434629.47390453
1889,19518276.293621834,34703053.73057142,1972519.347750916
1890,19274584.632836174,35340312.51222035,2736571.442777826
1891,19901442.726968892,33259896.61745982,3812608.496794014
1892,22133533.53064665,33561057.63329234,2568351.893186129
1893,23078220.274343792,31036005.604460273,3874074.9580313554
1894,21563669.880616695,29907860.999163594,5178358.905056283
1895,23582681.726413157,29821238.237221815,4531870.107184324
1896,22889185.2566328,27890106.9399228,5641975.376284623
1897,23707984.716547895,26238343.93914529,6806001.015329252
1898,22520560.899002466,25338874.64882653,5704550.732173921
1899,25046019.473671854,23300381.54615305,6969881.158772409
1900,24756460.95352797,21126888.19423382,6687194.750502556
1901,24690739.72592607,19365005.65212858,7188834.760437047
1902,26151233.482842065,18823465.964498516,6829454.856998104
1903,26412020.11668195,16613798.347111655,7580351.1534763705
1904,27205799.085352875,15745102.854991248,6884603.3940865835
1905,29568967.90086034,14753125.360923108,6445162.221670938
1906,30444197.007096525,12744441.102282222,8302118.0539169805
1907,31217376.49590812,13233053.231435226,7878756.428169718
1908,33836430.61208564,11531055.542597365,6233997.176550844
1909,35738044.3988496,11588509.379307747,7427547.9890724765
1910,37711129.32520014,11100519.898110509,6709194.9613596015
1911,39552863.88980553,9467305.654452413,5891434.261678837
1912,41691489.00860629,8781770.679256994,6806313.773946754
1913,42106106.649427794,7769435.463644133,5346661.81047402
1914,44064374.65420334,7611648.807750613,5441396.957705407
1915,43333887.541709624,5746413.33325643,3984165.963030357
1916,43919706.429337084,6406320.858718489,3706944.3949045013
1917,43106948.57367086,4432753.341286701,2815457.7540239175
1918,43779595.822349906,4453678.717648326,2601521.9387287227
1919,44660504.11666083,4102419.513704874,1292382.0021566588
1920,44024207.74900857,2987171.2987533393,2408590.640099617
1921,45712729.89615336,3567516.373641142,319175.7770880932
1922,43980881.31914998,3162157.930927341,221562.10933073043
1923,48277258.231954895,2738245.568269053,-589531.593878892
1924,48561641.83654037,2894324.818914661,-740753.047087663
1925,45884224.75217801,2777937.0066875694,-2171877.0370618002
1926,47220297.34709842,2553651.370957491,-1911101.6314240121
1927,48477879.5927211,2711039.248738189,-2866296.62650843
1928,47631767.40301939,2385453.0923979986,-2902938.8328048387
1929,47000208.457556516,2347066.317534413,-3075484.2478179084
1930,50737691.4395734,2527897.4590508053,-4049126.2226554467
1931,47764089.66461647,2282425.413964402,-3661712.4491747217
1932,50124671.498565935,2395428.0837198906,-4326196.390496788
1933,48857449.33591032,2262164.5913275667,-4082686.0157560674
1934,49674311.21246082,2050824.7731370186,-3976102.495581852
1935,50563713.04691516,2611235.359754541,-4807696.018824984
1936,51344020.7366836,2261425.689692096,-4477428.442970755
1937,54504279.50254469,2344489.2667936706,-4670027.905995195
1938,56615401.47203317,2598387.785207021,-5073982.749535087
1939,59350098.46096321,2145568.919696044,-4436480.128802733
1940,60573614.68420271,2697200.5184221147,-5818170.618554502
1941,60840979.35708664,2329043.4635679,-5488655.957333467
1942,61383202.79650827,2483758.972683889,-6143194.366467331
1943,61207888.27372646,2908771.4775708136,-7350441.9423744725
1944,61007142.09400354,2617259.3397699865,-7204339.943200583
1945,60200554.42721303,3278783.925799374,-8678764.32670053
1946,59414062.99334242,3250512.551047076,-9026365.20230425
1947,58282017.157560445,3671219.000476954,-9953331.750089182
1948,57174744.52905949,3701339.8036685023,-10393876.58601269
1949,56506682.16191248,3896440.6201086193,-10911602.927385569
1950,55190866.96347527,4250114.466022897,-11901760.73258593
1951,54991815.6349499,4461124.137990542,-12389694.57042301
1952,55038247.969188794,5057457.46614185,-13770037.757028103
1953,53993372.11546963,5057432.321226739,-13731452.56541942
1954,55060760.87575581,5615521.266767872,-14903869.3610658
1955,53441234.05848478,5637605.310451803,-14940088.787334973
1956,53696901.7868285,6244683.435311486,-15810552.07658165
1957,51851455.14246716,6264611.900447075,-15783027.24032828
1958,51755899.43301582,6369530.856781288,-15976689.488908567
1959,51499420.802170485,6848442.125387623,-16541123.76093171
1960,51971266.23666669,6741624.606821605,-16511020.279409789
1961,51799884.19078794,6947145.25635978,-16767829.313586054
1962,51519304.103398964,7099406.179371907,-16963612.647742093
1963,51760042.82177534,7043647.853509465,-16863797.930226784
1964,52289319.50335608,7053980.886043305,-17051409.069490366
1965,51721842.13803566,7109868.218300723,-16916502.929913644
1966,52489262.04867263,7119572.187448684,-17093177.4933719
1967,51414558.20205183,6699547.206872515,-16247924.117401972
1968,51904913.36300936,6920172.158673987,-16598284.911269078
1969,51804980.537644714,6360540.438418631,-15749790.917695493
1970,51600663.11013246,6425581.116871304,-15683827.81365062
1971,51091388.011458084,5469320.05280134,-14128993.735719463
1972,50211115.98321961,5499790.9713417925,-13947971.870241493
1973,49027644.30477517,4740006.796980825,-12417091.222113824
1974,48139869.21604506,4341548.432744541,-11574196.966493083
1975,46734647.264344096,3771085.792443985,-10180713.371851917
1976,44835950.26083538,3274582.476122008,-9027641.673704138
1977,42989851.8364194,2939182.9436088204,-7978675.807381433
1978,40697898.062089734,2402521.0187468175,-6515599.2974967295
1979,38651327.17253655,2091309.4375625206,-5491375.140738282
1980,35343685.457165726,1881709.5588068503,-4589141.911813425
1981,33183633.16308532,1476612.669751388,-3264682.9698032564
1982,30336147.439218003,1385065.1379790928,-2722094.854934543
1983,27273098.523501318,1236878.4150259048,-2011501.7614245163
1984,24437340.84872072,1125262.6673696649,-1395279.9997701482
1985,21498021.935674883,1047507.1259542161,-986093.2134084266
1986,18738137.054522477,1075671.9865310073,-863180.288543742
1987,16501346.972500034,971913.9224771792,-447735.49723311595
1988,13768788.819758678,1035127.5091538839,-493060.4131491883
1989,11843631.675190713,956417.7026483257,-164827.49516187128
1990,9752561.720473478,995681.951854575,-191369.73594286718
1991,8075372.829200106,933349.0861582359,88648.18872968812
1992,6376219.595320502,959467.9100226075,66738.39202386717
1993,5095031.634549845,927693.6461007453,182882.22731721474
1994,3932181.904359728,949094.9379526271,202493.0752344165
1995,2886960.2696799743,941237.270417816,331144.59439531766
1996,2116866.614742382,969047.8688289361,365843.3310640099
1997,1461919.1561214055,969924.8444645313,393900.89963093074
1998,1132596.7813360516,959511.0833561663,454099.732309952
1999,981549.6960406089,928662.0356941981,504308.74061880924
