csv_path,status,rows,window_count,true_label,true_label_name,predicted_label,predicted_label_name,score,decision_scope,decision_reason,decision_window_count,attack_window_count,attack_window_fraction,correct_if_labeled,authentic_score_mean,authentic_score_max,modified_altitude_score_max,modified_speed_score_max,modified_position_score_max,all_authentic_score_max,all_modified_altitude_score_max,all_modified_speed_score_max,all_modified_position_score_max,error
poison/poismph/datapoismphseq/poisalt_mph_3e39f7cd.csv,ok,272,10,1,modified_altitude,1,modified_altitude,0.9999828934669495,all_windows,qualified_attack_window,10,7,0.7,True,0.27609848976135254,0.9883274435997009,0.9999828934669495,0.021659070625901222,0.08128057420253754,0.9883274435997009,0.9999828934669495,0.021659070625901222,0.08128057420253754,
poison/poismph/datapoismphseq/poisalt_mph_3e3a3689.csv,ok,411,18,1,modified_altitude,1,modified_altitude,0.9999958276748657,all_windows,qualified_attack_window,18,9,0.5,True,0.5066006183624268,0.9991124272346497,0.9999958276748657,0.07096163928508759,0.32230183482170105,0.9991124272346497,0.9999958276748657,0.07096163928508759,0.32230183482170105,
poison/poismph/datapoismphseq/poisalt_mph_3e3a8fd0.csv,ok,246,8,1,modified_altitude,1,modified_altitude,0.9999819397926331,all_windows,qualified_attack_window,8,8,1.0,True,4.778673974215053e-05,0.0001012653301586397,0.9999819397926331,1.2407841865069713e-08,2.4913873741816417e-10,0.0001012653301586397,0.9999819397926331,1.2407841865069713e-08,2.4913873741816417e-10,
poison/poismph/datapoismphseq/poisalt_mph_3e3d86b8.csv,ok,253,8,1,modified_altitude,1,modified_altitude,0.999998927116394,all_windows,qualified_attack_window,8,7,0.875,True,0.08016939461231232,0.6413373351097107,0.999998927116394,0.1138307973742485,0.024002423509955406,0.6413373351097107,0.999998927116394,0.1138307973742485,0.024002423509955406,
poison/poismph/datapoismphseq/poisalt_mph_3e44d6af.csv,ok,221,6,1,modified_altitude,1,modified_altitude,0.9997146725654602,all_windows,qualified_attack_window,6,5,0.8333333333333334,True,0.167241632938385,0.9997279047966003,0.9997146725654602,2.3957898065418703e-06,0.0002542771690059453,0.9997279047966003,0.9997146725654602,2.3957898065418703e-06,0.0002542771690059453,
poison/poismph/datapoismphseq/poisalt_mph_3e44f206.csv,ok,186,4,1,modified_altitude,1,modified_altitude,0.999911367893219,all_windows,qualified_attack_window,4,4,1.0,True,0.00020598045375663787,0.00030485764727927744,0.999911367893219,5.9272032615353965e-08,2.2259966561536705e-14,0.00030485764727927744,0.999911367893219,5.9272032615353965e-08,2.2259966561536705e-14,
poison/poismph/datapoismphseq/poisalt_mph_3e47f111.csv,ok,218,6,1,modified_altitude,1,modified_altitude,0.9999972581863403,all_windows,qualified_attack_window,6,5,0.8333333333333334,True,0.1648702472448349,0.9891842603683472,0.9999972581863403,0.0006984108476899564,0.004685770720243454,0.9891842603683472,0.9999972581863403,0.0006984108476899564,0.004685770720243454,
poison/poismph/datapoismphseq/poisalt_mph_3e4c8398.csv,ok,265,9,1,modified_altitude,1,modified_altitude,0.9999858140945435,all_windows,qualified_attack_window,9,8,0.8888888888888888,True,0.09781978279352188,0.8800083994865417,0.9999858140945435,0.003803601488471031,0.10633131861686707,0.8800083994865417,0.9999858140945435,0.003803601488471031,0.10633131861686707,
poison/poismph/datapoismphseq/poisalt_mph_3e503efe.csv,ok,238,7,1,modified_altitude,1,modified_altitude,0.9999167919158936,all_windows,qualified_attack_window,7,7,1.0,True,0.00026511173928156495,0.0004268064221832901,0.9999167919158936,1.0010372974988968e-08,1.1551671832421562e-06,0.0004268064221832901,0.9999167919158936,1.0010372974988968e-08,1.1551671832421562e-06,
poison/poismph/datapoismphseq/poisalt_mph_3e543f08.csv,ok,192,5,1,modified_altitude,1,modified_altitude,0.9999905824661255,all_windows,qualified_attack_window,5,5,1.0,True,8.921396511141211e-05,0.00015030705253593624,0.9999905824661255,3.300071993450615e-09,3.090757833587414e-14,0.00015030705253593624,0.9999905824661255,3.300071993450615e-09,3.090757833587414e-14,
poison/poismph/datapoismphseq/poisalt_mph_3e57a9b1.csv,ok,211,6,1,modified_altitude,1,modified_altitude,0.9999731183052063,all_windows,qualified_attack_window,6,6,1.0,True,0.0001624119031475857,0.0007555977790616453,0.9999731183052063,2.566144807758519e-08,4.030096434348707e-08,0.0007555977790616453,0.9999731183052063,2.566144807758519e-08,4.030096434348707e-08,
poison/poismph/datapoismphseq/poisalt_mph_3e5e15b4.csv,ok,242,8,1,modified_altitude,1,modified_altitude,0.9956564903259277,all_windows,qualified_attack_window,8,3,0.375,True,0.637981116771698,0.9981069564819336,0.9956564903259277,0.032860010862350464,0.0608917661011219,0.9981069564819336,0.9956564903259277,0.032860010862350464,0.0608917661011219,
poison/poismph/datapoismphseq/poisalt_mph_3e5ea18c.csv,ok,216,6,1,modified_altitude,1,modified_altitude,0.9999850988388062,all_windows,qualified_attack_window,6,5,0.8333333333333334,True,0.1843513399362564,0.8231089115142822,0.9999850988388062,0.48005837202072144,0.09232334047555923,0.8231089115142822,0.9999850988388062,0.48005837202072144,0.09232334047555923,
poison/poismph/datapoismphseq/poisalt_mph_3e61b514.csv,ok,269,9,1,modified_altitude,1,modified_altitude,0.9999942779541016,all_windows,qualified_attack_window,9,5,0.5555555555555556,True,0.47590363025665283,0.9994485378265381,0.9999942779541016,0.06569450348615646,0.003744120243936777,0.9994485378265381,0.9999942779541016,0.06569450348615646,0.003744120243936777,
poison/poismph/datapoismphseq/poisalt_mph_3e61de69.csv,ok,217,6,1,modified_altitude,1,modified_altitude,0.9999588131904602,all_windows,qualified_attack_window,6,6,1.0,True,0.0003129989781882614,0.0007311723311431706,0.9999588131904602,8.981645649441816e-09,1.4803890058256997e-10,0.0007311723311431706,0.9999588131904602,8.981645649441816e-09,1.4803890058256997e-10,
poison/poismph/datapoismphseq/poisalt_mph_3e622608.csv,ok,181,4,1,modified_altitude,1,modified_altitude,0.9999972581863403,all_windows,qualified_attack_window,4,2,0.5,True,0.4717344641685486,0.9536283612251282,0.9999972581863403,0.02525440789759159,0.006475282832980156,0.9536283612251282,0.9999972581863403,0.02525440789759159,0.006475282832980156,
poison/poismph/datapoismphseq/poisalt_mph_3e656a7d.csv,ok,204,5,1,modified_altitude,1,modified_altitude,0.9998093843460083,all_windows,qualified_attack_window,5,5,1.0,True,0.000517264474183321,0.0010318239219486713,0.9998093843460083,2.7433636660134653e-06,6.29201792889944e-08,0.0010318239219486713,0.9998093843460083,2.7433636660134653e-06,6.29201792889944e-08,
poison/poismph/datapoismphseq/poisalt_mph_3e696d81.csv,ok,205,5,1,modified_altitude,1,modified_altitude,0.9999415874481201,all_windows,qualified_attack_window,5,5,1.0,True,8.78952196217142e-05,0.00013693446817342192,0.9999415874481201,8.553445451919828e-11,9.320468702389562e-11,0.00013693446817342192,0.9999415874481201,8.553445451919828e-11,9.320468702389562e-11,
poison/poismph/datapoismphseq/poisalt_mph_3e73fb1c.csv,ok,234,7,1,modified_altitude,1,modified_altitude,0.9999686479568481,all_windows,qualified_attack_window,7,3,0.42857142857142855,True,0.5336623787879944,0.9986453056335449,0.9999686479568481,0.0827164500951767,0.004931892268359661,0.9986453056335449,0.9999686479568481,0.0827164500951767,0.004931892268359661,
poison/poismph/datapoismphseq/poisalt_mph_3e743eea.csv,ok,187,4,1,modified_altitude,1,modified_altitude,0.9999601244926453,all_windows,qualified_attack_window,4,3,0.75,True,0.2442687302827835,0.9768502116203308,0.9999601244926453,0.0029234213288873434,0.014266517013311386,0.9768502116203308,0.9999601244926453,0.0029234213288873434,0.014266517013311386,
poison/poismph/datapoismphseq/poisalt_mph_3e77a028.csv,ok,191,4,1,modified_altitude,1,modified_altitude,0.9997649192810059,all_windows,qualified_attack_window,4,4,1.0,True,0.00026973127387464046,0.0003329198807477951,0.9997649192810059,1.135456351164521e-08,2.1721864758295073e-12,0.0003329198807477951,0.9997649192810059,1.135456351164521e-08,2.1721864758295073e-12,
poison/poismph/datapoismphseq/poisalt_mph_3e77f289.csv,ok,201,5,1,modified_altitude,1,modified_altitude,0.9999709725379944,all_windows,qualified_attack_window,5,5,1.0,True,0.11118589341640472,0.3261810839176178,0.9999709725379944,0.007096311077475548,0.33544525504112244,0.3261810839176178,0.9999709725379944,0.007096311077475548,0.33544525504112244,
poison/poismph/datapoismphseq/poisalt_mph_3e7b8676.csv,ok,205,5,1,modified_altitude,1,modified_altitude,0.99958336353302,all_windows,qualified_attack_window,5,2,0.4,True,0.5320866107940674,0.9274802803993225,0.99958336353302,0.05370662361383438,0.02634556032717228,0.9274802803993225,0.99958336353302,0.05370662361383438,0.02634556032717228,
poison/poismph/datapoismphseq/poisalt_mph_3e7b9bb4.csv,ok,196,5,1,modified_altitude,1,modified_altitude,0.9999004602432251,all_windows,qualified_attack_window,5,3,0.6,True,0.394957572221756,0.9999017119407654,0.9999004602432251,0.009522353298962116,0.0017426757840439677,0.9999017119407654,0.9999004602432251,0.009522353298962116,0.0017426757840439677,
poison/poismph/datapoismphseq/poisalt_mph_3e7f3fd9.csv,ok,195,5,1,modified_altitude,1,modified_altitude,0.9998601078987122,all_windows,qualified_attack_window,5,5,1.0,True,0.0002595140540506691,0.0003034781548194587,0.9998601078987122,1.876136357381597e-09,2.7420947457112987e-11,0.0003034781548194587,0.9998601078987122,1.876136357381597e-09,2.7420947457112987e-11,
poison/poismph/datapoismphseq/poisalt_mph_3e881f6e.csv,ok,193,5,1,modified_altitude,1,modified_altitude,0.9999977350234985,all_windows,qualified_attack_window,5,5,1.0,True,7.186764378275257e-06,1.3802761714032385e-05,0.9999977350234985,4.626803828955417e-08,1.8161618888244903e-18,1.3802761714032385e-05,0.9999977350234985,4.626803828955417e-08,1.8161618888244903e-18,
poison/poismph/datapoismphseq/poisalt_mph_3e9de1d5.csv,ok,250,8,1,modified_altitude,1,modified_altitude,0.999953031539917,all_windows,qualified_attack_window,8,5,0.625,True,0.37328216433525085,0.9995744228363037,0.999953031539917,0.002305837580934167,0.005468327086418867,0.9995744228363037,0.999953031539917,0.002305837580934167,0.005468327086418867,
poison/poismph/datapoismphseq/poisalt_mph_3e9e281c.csv,ok,241,8,1,modified_altitude,1,modified_altitude,0.9983633756637573,all_windows,qualified_attack_window,8,7,0.875,True,0.12774914503097534,0.998353123664856,0.9983633756637573,5.29915741935838e-05,0.0015057906275615096,0.998353123664856,0.9983633756637573,5.29915741935838e-05,0.0015057906275615096,
poison/poismph/datapoismphseq/poisalt_mph_3e9e7954.csv,ok,197,5,1,modified_altitude,1,modified_altitude,0.9999828934669495,all_windows,qualified_attack_window,5,2,0.4,True,0.47924095392227173,0.9995213747024536,0.9999828934669495,0.34054380655288696,0.0029814578592777252,0.9995213747024536,0.9999828934669495,0.34054380655288696,0.0029814578592777252,
poison/poismph/datapoismphseq/poisalt_mph_3e9e8545.csv,ok,196,5,1,modified_altitude,1,modified_altitude,0.9999743700027466,all_windows,qualified_attack_window,5,2,0.4,True,0.5905271172523499,0.9979389309883118,0.9999743700027466,0.005200790241360664,0.008567876182496548,0.9979389309883118,0.9999743700027466,0.005200790241360664,0.008567876182496548,
poison/poismph/datapoismphseq/poisalt_mph_3ea21b8b.csv,ok,231,7,1,modified_altitude,1,modified_altitude,0.9980027079582214,all_windows,qualified_attack_window,7,7,1.0,True,0.0067728240974247456,0.02250254899263382,0.9980027079582214,0.005032611545175314,2.1495383407454938e-05,0.02250254899263382,0.9980027079582214,0.005032611545175314,2.1495383407454938e-05,
poison/poismph/datapoismphseq/poisalt_mph_3ea262ed.csv,ok,194,5,1,modified_altitude,1,modified_altitude,0.9960471987724304,all_windows,qualified_attack_window,5,2,0.4,True,0.5998507738113403,0.9983283877372742,0.9960471987724304,0.00043339148396626115,0.002552681602537632,0.9983283877372742,0.9960471987724304,0.00043339148396626115,0.002552681602537632,
poison/poismph/datapoismphseq/poisalt_mph_3ea5338f.csv,ok,213,6,1,modified_altitude,1,modified_altitude,0.9999159574508667,all_windows,qualified_attack_window,6,5,0.8333333333333334,True,0.14869442582130432,0.8914972543716431,0.9999159574508667,0.02051178552210331,0.03481096401810646,0.8914972543716431,0.9999159574508667,0.02051178552210331,0.03481096401810646,
poison/poismph/datapoismphseq/poisalt_mph_3ea57789.csv,ok,206,5,1,modified_altitude,1,modified_altitude,0.9999884366989136,all_windows,qualified_attack_window,5,4,0.8,True,0.19630080461502075,0.9814176559448242,0.9999884366989136,0.0023468725848942995,0.009015270508825779,0.9814176559448242,0.9999884366989136,0.0023468725848942995,0.009015270508825779,
poison/poismph/datapoismphseq/poisalt_mph_3ea59d67.csv,ok,193,5,1,modified_altitude,1,modified_altitude,0.9999499320983887,all_windows,qualified_attack_window,5,2,0.4,True,0.4550303816795349,0.9232354164123535,0.9999499320983887,0.1085856705904007,0.040129099041223526,0.9232354164123535,0.9999499320983887,0.1085856705904007,0.040129099041223526,
poison/poismph/datapoismphseq/poisalt_mph_3ea867d9.csv,ok,361,15,1,modified_altitude,1,modified_altitude,0.9999759793281555,all_windows,qualified_attack_window,15,9,0.6,True,0.3545462191104889,0.994199275970459,0.9999759793281555,0.38000261783599854,0.008570864796638489,0.994199275970459,0.9999759793281555,0.38000261783599854,0.008570864796638489,
poison/poismph/datapoismphseq/poisalt_mph_3eac32b0.csv,ok,293,11,1,modified_altitude,1,modified_altitude,0.9999904632568359,all_windows,qualified_attack_window,11,7,0.6363636363636364,True,0.3691909909248352,0.9991536140441895,0.9999904632568359,0.0598321370780468,0.47878772020339966,0.9991536140441895,0.9999904632568359,0.0598321370780468,0.47878772020339966,
poison/poismph/datapoismphseq/poisalt_mph_3eac72f8.csv,ok,194,5,1,modified_altitude,1,modified_altitude,0.9999951124191284,all_windows,qualified_attack_window,5,2,0.4,True,0.599159836769104,0.9991960525512695,0.9999951124191284,0.00013155690976418555,0.0011467903386801481,0.9991960525512695,0.9999951124191284,0.00013155690976418555,0.0011467903386801481,
poison/poismph/datapoismphseq/poisalt_mph_3eaca993.csv,ok,229,7,1,modified_altitude,1,modified_altitude,0.9999933242797852,all_windows,qualified_attack_window,7,3,0.42857142857142855,True,0.5443635582923889,0.9924665689468384,0.9999933242797852,0.03276315703988075,0.01116928830742836,0.9924665689468384,0.9999933242797852,0.03276315703988075,0.01116928830742836,
poison/poismph/datapoismphseq/poisalt_mph_3eb0a8e3.csv,ok,207,5,1,modified_altitude,1,modified_altitude,0.9999924898147583,all_windows,qualified_attack_window,5,1,0.2,True,0.6252170205116272,0.9836753606796265,0.9999924898147583,0.10560384392738342,0.038520731031894684,0.9836753606796265,0.9999924898147583,0.10560384392738342,0.038520731031894684,
poison/poismph/datapoismphseq/poisalt_mph_3eb0e146.csv,ok,287,10,1,modified_altitude,1,modified_altitude,0.9999645352363586,all_windows,qualified_attack_window,10,7,0.7,True,0.33652275800704956,0.9990800619125366,0.9999645352363586,0.9992567300796509,0.43869727849960327,0.9990800619125366,0.9999645352363586,0.9992567300796509,0.43869727849960327,
poison/poismph/datapoismphseq/poisalt_mph_3eb3f86a.csv,ok,204,5,1,modified_altitude,1,modified_altitude,0.9999561905860901,all_windows,qualified_attack_window,5,4,0.8,True,0.2512715458869934,0.9519286751747131,0.9999561905860901,0.042394135147333145,0.2670108377933502,0.9519286751747131,0.9999561905860901,0.042394135147333145,0.2670108377933502,
poison/poismph/datapoismphseq/poisalt_mph_3eb85606.csv,ok,214,6,1,modified_altitude,1,modified_altitude,0.9999114871025085,all_windows,qualified_attack_window,6,6,1.0,True,0.00023881508968770504,0.0006033821846358478,0.9999114871025085,3.976743755629286e-05,1.14079546590512e-12,0.0006033821846358478,0.9999114871025085,3.976743755629286e-05,1.14079546590512e-12,
poison/poismph/datapoismphseq/poisalt_mph_3ebc2471.csv,ok,257,9,1,modified_altitude,1,modified_altitude,0.9999846816062927,all_windows,qualified_attack_window,9,6,0.6666666666666666,True,0.32194527983665466,0.9957808256149292,0.9999846816062927,0.012564069591462612,0.05397818610072136,0.9957808256149292,0.9999846816062927,0.012564069591462612,0.05397818610072136,
poison/poismph/datapoismphseq/poisalt_mph_3ebf64ae.csv,ok,187,4,1,modified_altitude,1,modified_altitude,0.9999789595603943,all_windows,qualified_attack_window,4,4,1.0,True,4.666779932449572e-05,6.968152592889965e-05,0.9999789595603943,6.472856278749717e-11,1.096503964015394e-11,6.968152592889965e-05,0.9999789595603943,6.472856278749717e-11,1.096503964015394e-11,
poison/poismph/datapoismphseq/poisalt_mph_3ebfcb91.csv,ok,167,3,1,modified_altitude,1,modified_altitude,0.9999892711639404,all_windows,qualified_attack_window,3,3,1.0,True,1.518066619610181e-05,1.9110248103970662e-05,0.9999892711639404,4.0077156870932384e-11,5.0661545406916267e-14,1.9110248103970662e-05,0.9999892711639404,4.0077156870932384e-11,5.0661545406916267e-14,
poison/poismph/datapoismphseq/poisalt_mph_3ebff749.csv,ok,268,9,1,modified_altitude,1,modified_altitude,0.9999909400939941,all_windows,qualified_attack_window,9,5,0.5555555555555556,True,0.42656537890434265,0.997604489326477,0.9999909400939941,0.038238950073719025,0.010891961865127087,0.997604489326477,0.9999909400939941,0.038238950073719025,0.010891961865127087,
poison/poismph/datapoismphseq/poisalt_mph_3eca8b3b.csv,ok,214,6,1,modified_altitude,1,modified_altitude,0.9999833703041077,all_windows,qualified_attack_window,6,5,0.8333333333333334,True,0.16649504005908966,0.99870765209198,0.9999833703041077,7.648233440704644e-05,0.0007817750447429717,0.99870765209198,0.9999833703041077,7.648233440704644e-05,0.0007817750447429717,
poison/poismph/datapoismphseq/poisalt_mph_3ece97cb.csv,ok,225,7,1,modified_altitude,1,modified_altitude,0.9999997615814209,all_windows,qualified_attack_window,7,4,0.5714285714285714,True,0.4242018759250641,0.9980002045631409,0.9999997615814209,0.0024595963768661022,0.008405483327805996,0.9980002045631409,0.9999997615814209,0.0024595963768661022,0.008405483327805996,
poison/poismph/datapoismphseq/poisalt_mph_3ed74cd0.csv,ok,219,6,1,modified_altitude,1,modified_altitude,0.9999967813491821,all_windows,qualified_attack_window,6,6,1.0,True,1.3629848581331316e-05,2.5714080038596876e-05,0.9999967813491821,7.572238842901147e-12,2.7775102096755377e-13,2.5714080038596876e-05,0.9999967813491821,7.572238842901147e-12,2.7775102096755377e-13,
poison/poismph/datapoismphseq/poisalt_mph_3edaa4e3.csv,ok,230,7,1,modified_altitude,1,modified_altitude,0.9999710321426392,all_windows,qualified_attack_window,7,6,0.8571428571428571,True,0.13346149027347565,0.9333829283714294,0.9999710321426392,0.013504434376955032,0.03218008950352669,0.9333829283714294,0.9999710321426392,0.013504434376955032,0.03218008950352669,
poison/poismph/datapoismphseq/poisalt_mph_3edb145f.csv,ok,199,5,1,modified_altitude,1,modified_altitude,0.9999824166297913,all_windows,qualified_attack_window,5,5,1.0,True,3.796973032876849e-05,8.81277010194026e-05,0.9999824166297913,5.125910251813082e-10,7.492621634241914e-09,8.81277010194026e-05,0.9999824166297913,5.125910251813082e-10,7.492621634241914e-09,
poison/poismph/datapoismphseq/poisalt_mph_3edebc1c.csv,ok,195,5,1,modified_altitude,1,modified_altitude,0.9999843239784241,all_windows,qualified_attack_window,5,5,1.0,True,2.7470716304378584e-05,4.735113907372579e-05,0.9999843239784241,1.507989288995759e-10,1.7786050342488528e-14,4.735113907372579e-05,0.9999843239784241,1.507989288995759e-10,1.7786050342488528e-14,
poison/poismph/datapoismphseq/poisalt_mph_3eeab179.csv,ok,229,7,1,modified_altitude,1,modified_altitude,0.999983012676239,all_windows,qualified_attack_window,7,7,1.0,True,0.0001216085729538463,0.00017110249609686434,0.999983012676239,9.063319539315273e-10,2.740793147992804e-10,0.00017110249609686434,0.999983012676239,9.063319539315273e-10,2.740793147992804e-10,
poison/poismph/datapoismphseq/poisalt_mph_3eeb5bac.csv,ok,191,4,1,modified_altitude,1,modified_altitude,0.9999764561653137,all_windows,qualified_attack_window,4,4,1.0,True,4.582515612128191e-05,6.253045285120606e-05,0.9999764561653137,1.3597427350742208e-10,6.595332258303201e-15,6.253045285120606e-05,0.9999764561653137,1.3597427350742208e-10,6.595332258303201e-15,
poison/poismph/datapoismphseq/poisalt_mph_3eeeaa2c.csv,ok,225,7,1,modified_altitude,1,modified_altitude,0.9998048543930054,all_windows,qualified_attack_window,7,7,1.0,True,0.002216845750808716,0.009382164105772972,0.9998048543930054,5.1865234127035365e-05,0.0006764621357433498,0.009382164105772972,0.9998048543930054,5.1865234127035365e-05,0.0006764621357433498,
poison/poismph/datapoismphseq/poisalt_mph_3eef2fac.csv,ok,222,6,1,modified_altitude,1,modified_altitude,0.9999070167541504,all_windows,qualified_attack_window,6,3,0.5,True,0.47642531991004944,0.9995826482772827,0.9999070167541504,0.036703482270240784,0.006856183987110853,0.9995826482772827,0.9999070167541504,0.036703482270240784,0.006856183987110853,
poison/poismph/datapoismphseq/poisalt_mph_3eef42f2.csv,ok,204,5,1,modified_altitude,1,modified_altitude,0.9999966621398926,all_windows,qualified_attack_window,5,3,0.6,True,0.39505302906036377,0.9989064931869507,0.9999966621398926,0.004675732459872961,0.011875875294208527,0.9989064931869507,0.9999966621398926,0.004675732459872961,0.011875875294208527,
poison/poismph/datapoismphseq/poisalt_mph_3ef36878.csv,ok,237,7,1,modified_altitude,1,modified_altitude,0.9999991655349731,all_windows,qualified_attack_window,7,6,0.8571428571428571,True,0.14186032116413116,0.9928861856460571,0.9999991655349731,0.0004212019848637283,0.005498803686350584,0.9928861856460571,0.9999991655349731,0.0004212019848637283,0.005498803686350584,
poison/poismph/datapoismphseq/poisalt_mph_3ef68363.csv,ok,202,5,1,modified_altitude,1,modified_altitude,0.8964138627052307,all_windows,qualified_attack_window,5,5,1.0,True,0.11435925960540771,0.17726539075374603,0.8964138627052307,0.02524854801595211,0.017435763031244278,0.17726539075374603,0.8964138627052307,0.02524854801595211,0.017435763031244278,
poison/poismph/datapoismphseq/poisalt_mph_3ef6d1cd.csv,ok,233,7,1,modified_altitude,1,modified_altitude,0.999979555606842,all_windows,qualified_attack_window,7,7,1.0,True,5.888351006433368e-05,0.0001323658216279,0.999979555606842,1.1879535133374475e-09,1.5899398117524832e-11,0.0001323658216279,0.999979555606842,1.1879535133374475e-09,1.5899398117524832e-11,
poison/poismph/datapoismphseq/poisalt_mph_3ef6f483.csv,ok,226,7,1,modified_altitude,2,modified_speed,0.9361697435379028,all_windows,qualified_attack_window,7,6,0.8571428571428571,False,0.14513184130191803,0.997620165348053,0.07722467184066772,0.9361697435379028,0.00026939003146253526,0.997620165348053,0.07722467184066772,0.9361697435379028,0.00026939003146253526,
poison/poismph/datapoismphseq/poisalt_mph_3efabce5.csv,ok,217,6,1,modified_altitude,1,modified_altitude,0.9999707341194153,all_windows,qualified_attack_window,6,6,1.0,True,7.656288653379306e-05,0.00012201450590509921,0.9999707341194153,2.1296115912394775e-11,2.7009167472002993e-11,0.00012201450590509921,0.9999707341194153,2.1296115912394775e-11,2.7009167472002993e-11,
poison/poismph/datapoismphseq/poisalt_mph_3efe4dcd.csv,ok,204,5,1,modified_altitude,1,modified_altitude,0.9999997615814209,all_windows,qualified_attack_window,5,4,0.8,True,0.19968216121196747,0.9983429908752441,0.9999997615814209,0.0001524295803392306,0.0008450404857285321,0.9983429908752441,0.9999997615814209,0.0001524295803392306,0.0008450404857285321,
poison/poismph/datapoismphseq/poisalt_mph_3efe5fe4.csv,ok,225,7,1,modified_altitude,1,modified_altitude,0.9999696016311646,all_windows,qualified_attack_window,7,4,0.5714285714285714,True,0.4255797266960144,0.9988487958908081,0.9999696016311646,0.002306085079908371,0.00822236854583025,0.9988487958908081,0.9999696016311646,0.002306085079908371,0.00822236854583025,
poison/poismph/datapoismphseq/poisalt_mph_3efe7d81.csv,ok,215,6,1,modified_altitude,1,modified_altitude,0.9999991655349731,all_windows,qualified_attack_window,6,4,0.6666666666666666,True,0.32356277108192444,0.9974064826965332,0.9999991655349731,0.003973294049501419,0.046244408935308456,0.9974064826965332,0.9999991655349731,0.003973294049501419,0.046244408935308456,
poison/poismph/datapoismphseq/poisalt_mph_3efea136.csv,ok,230,7,1,modified_altitude,1,modified_altitude,0.999995231628418,all_windows,qualified_attack_window,7,7,1.0,True,1.0711354661907535e-05,3.5148757888237014e-05,0.999995231628418,4.415798629531231e-11,3.144905600586771e-14,3.5148757888237014e-05,0.999995231628418,4.415798629531231e-11,3.144905600586771e-14,
poison/poismph/datapoismphseq/poisalt_mph_3f02444d.csv,ok,214,6,1,modified_altitude,1,modified_altitude,0.9999825358390808,all_windows,qualified_attack_window,6,4,0.6666666666666666,True,0.32641303539276123,0.9849315285682678,0.9999825358390808,0.0014269256498664618,0.023195402696728706,0.9849315285682678,0.9999825358390808,0.0014269256498664618,0.023195402696728706,
poison/poismph/datapoismphseq/poisalt_mph_3f061c0f.csv,ok,197,5,1,modified_altitude,1,modified_altitude,0.9999443292617798,all_windows,qualified_attack_window,5,3,0.6,True,0.37835925817489624,0.9988932609558105,0.9999443292617798,0.007263194303959608,0.06006636843085289,0.9988932609558105,0.9999443292617798,0.007263194303959608,0.06006636843085289,
poison/poismph/datapoismphseq/poisalt_mph_3f06490c.csv,ok,203,5,1,modified_altitude,1,modified_altitude,0.9999966621398926,all_windows,qualified_attack_window,5,5,1.0,True,2.061221130134072e-05,3.337861198815517e-05,0.9999966621398926,2.273617578929521e-11,1.8462714470863888e-14,3.337861198815517e-05,0.9999966621398926,2.273617578929521e-11,1.8462714470863888e-14,
poison/poismph/datapoismphseq/poisalt_mph_3f067464.csv,ok,218,6,1,modified_altitude,1,modified_altitude,0.9999934434890747,all_windows,qualified_attack_window,6,5,0.8333333333333334,True,0.14552651345729828,0.8730349540710449,0.9999934434890747,0.035928938537836075,0.050631213933229446,0.8730349540710449,0.9999934434890747,0.035928938537836075,0.050631213933229446,
poison/poismph/datapoismphseq/poisalt_mph_3f09cfd8.csv,ok,233,7,1,modified_altitude,1,modified_altitude,0.9999714493751526,all_windows,qualified_attack_window,7,7,1.0,True,0.00011671851825667545,0.00017416795890312642,0.9999714493751526,2.389001219071929e-10,1.0217245799415409e-10,0.00017416795890312642,0.9999714493751526,2.389001219071929e-10,1.0217245799415409e-10,
poison/poismph/datapoismphseq/poisalt_mph_3f0a1418.csv,ok,230,7,1,modified_altitude,1,modified_altitude,0.9999184012413025,all_windows,qualified_attack_window,7,5,0.7142857142857143,True,0.290984570980072,0.9896414875984192,0.9999184012413025,0.14237862825393677,0.020352639257907867,0.9896414875984192,0.9999184012413025,0.14237862825393677,0.020352639257907867,
poison/poismph/datapoismphseq/poisalt_mph_3f11b99b.csv,ok,255,8,1,modified_altitude,1,modified_altitude,0.9999425411224365,all_windows,qualified_attack_window,8,6,0.75,True,0.2528894543647766,0.9974379539489746,0.9999425411224365,0.0009449178469367325,0.02339945361018181,0.9974379539489746,0.9999425411224365,0.0009449178469367325,0.02339945361018181,
poison/poismph/datapoismphseq/poisalt_mph_3f147d2b.csv,ok,206,5,1,modified_altitude,1,modified_altitude,0.9999774098396301,all_windows,qualified_attack_window,5,5,1.0,True,6.760381802450866e-05,9.956754365703091e-05,0.9999774098396301,2.0207110984493681e-10,3.474792328872489e-11,9.956754365703091e-05,0.9999774098396301,2.0207110984493681e-10,3.474792328872489e-11,
poison/poismph/datapoismphseq/poisalt_mph_3f14d941.csv,ok,200,5,1,modified_altitude,1,modified_altitude,0.9999361038208008,all_windows,qualified_attack_window,5,3,0.6,True,0.39657387137413025,0.9989251494407654,0.9999361038208008,0.0006845195312052965,0.014340033754706383,0.9989251494407654,0.9999361038208008,0.0006845195312052965,0.014340033754706383,
poison/poismph/datapoismphseq/poisalt_mph_3f18df2b.csv,ok,196,5,1,modified_altitude,1,modified_altitude,0.9999590516090393,all_windows,qualified_attack_window,5,5,1.0,True,5.744890222558752e-05,7.035517774056643e-05,0.9999590516090393,2.6442645295610134e-10,7.317985193516785e-14,7.035517774056643e-05,0.9999590516090393,2.6442645295610134e-10,7.317985193516785e-14,
poison/poismph/datapoismphseq/poisalt_mph_3f1908f0.csv,ok,216,6,1,modified_altitude,1,modified_altitude,0.9999984502792358,all_windows,qualified_attack_window,6,5,0.8333333333333334,True,0.16668754816055298,0.9999947547912598,0.9999984502792358,5.0814312757552216e-09,5.1682964112842456e-06,0.9999947547912598,0.9999984502792358,5.0814312757552216e-09,5.1682964112842456e-06,
poison/poismph/datapoismphseq/poisalt_mph_3f192ee1.csv,ok,186,4,1,modified_altitude,1,modified_altitude,0.9997673034667969,all_windows,qualified_attack_window,4,4,1.0,True,0.0003598795738071203,0.00046916428254917264,0.9997673034667969,4.905966193291533e-07,1.4547137799914012e-11,0.00046916428254917264,0.9997673034667969,4.905966193291533e-07,1.4547137799914012e-11,
poison/poismph/datapoismphseq/poisalt_mph_3f1d4c27.csv,ok,188,4,1,modified_altitude,1,modified_altitude,0.9999961853027344,all_windows,qualified_attack_window,4,4,1.0,True,6.508835940621793e-05,0.00012487870117183775,0.9999961853027344,1.322946197035435e-10,7.939442506210703e-12,0.00012487870117183775,0.9999961853027344,1.322946197035435e-10,7.939442506210703e-12,
poison/poismph/datapoismphseq/poisalt_mph_3f1d787f.csv,ok,200,5,1,modified_altitude,1,modified_altitude,0.999975860118866,all_windows,qualified_attack_window,5,2,0.4,True,0.591945469379425,0.9978681802749634,0.999975860118866,0.0034052173141390085,0.00813661515712738,0.9978681802749634,0.999975860118866,0.0034052173141390085,0.00813661515712738,
poison/poismph/datapoismphseq/poisalt_mph_3f1dc2f5.csv,ok,364,15,1,modified_altitude,1,modified_altitude,0.999998927116394,all_windows,qualified_attack_window,15,9,0.6,True,0.38675957918167114,0.9996829032897949,0.999998927116394,0.020229501649737358,0.026983294636011124,0.9996829032897949,0.999998927116394,0.020229501649737358,0.026983294636011124,
poison/poismph/datapoismphseq/poisalt_mph_3f1dcdbf.csv,ok,245,8,1,modified_altitude,1,modified_altitude,0.9999988079071045,all_windows,qualified_attack_window,8,6,0.75,True,0.22568371891975403,0.9952923059463501,0.9999988079071045,0.15559540688991547,0.002975977025926113,0.9952923059463501,0.9999988079071045,0.15559540688991547,0.002975977025926113,
poison/poismph/datapoismphseq/poisalt_mph_3f21e566.csv,ok,231,7,1,modified_altitude,1,modified_altitude,0.9999892711639404,all_windows,qualified_attack_window,7,7,1.0,True,0.0028007414657622576,0.019392801448702812,0.9999892711639404,0.0009465517359785736,0.0017503144918009639,0.019392801448702812,0.9999892711639404,0.0009465517359785736,0.0017503144918009639,
poison/poismph/datapoismphseq/poisalt_mph_3f2601d9.csv,ok,235,7,1,modified_altitude,1,modified_altitude,0.9999790191650391,all_windows,qualified_attack_window,7,3,0.42857142857142855,True,0.5180522203445435,0.995071291923523,0.9999790191650391,0.02629740536212921,0.13132569193840027,0.995071291923523,0.9999790191650391,0.02629740536212921,0.13132569193840027,
poison/poismph/datapoismphseq/poisalt_mph_3f26b37b.csv,ok,194,5,1,modified_altitude,1,modified_altitude,0.9999814629554749,all_windows,qualified_attack_window,5,5,1.0,True,0.00014327262761071324,0.00021864112932235003,0.9999814629554749,1.7770937499328454e-10,2.383143959949763e-10,0.00021864112932235003,0.9999814629554749,1.7770937499328454e-10,2.383143959949763e-10,
poison/poismph/datapoismphseq/poisalt_mph_3f26dfa5.csv,ok,224,7,1,modified_altitude,1,modified_altitude,0.9999997615814209,all_windows,qualified_attack_window,7,6,0.8571428571428571,True,0.1426417976617813,0.9983985424041748,0.9999997615814209,6.988680979702622e-05,0.001379027497023344,0.9983985424041748,0.9999997615814209,6.988680979702622e-05,0.001379027497023344,
poison/poismph/datapoismphseq/poisalt_mph_3f2ac3b2.csv,ok,176,4,1,modified_altitude,1,modified_altitude,0.9999998807907104,all_windows,qualified_attack_window,4,4,1.0,True,1.7303783295119501e-07,2.661925577740476e-07,0.9999998807907104,1.6629526802900557e-14,1.746726513429664e-10,2.661925577740476e-07,0.9999998807907104,1.6629526802900557e-14,1.746726513429664e-10,
poison/poismph/datapoismphseq/poisalt_mph_3f2b37cf.csv,ok,218,6,1,modified_altitude,1,modified_altitude,0.9999807476997375,all_windows,qualified_attack_window,6,5,0.8333333333333334,True,0.19266200065612793,0.9951281547546387,0.9999807476997375,0.03506118804216385,0.032106753438711166,0.9951281547546387,0.9999807476997375,0.03506118804216385,0.032106753438711166,
poison/poismph/datapoismphseq/poisalt_mph_3f2e7614.csv,ok,208,6,1,modified_altitude,1,modified_altitude,0.9999977350234985,all_windows,qualified_attack_window,6,6,1.0,True,7.3727037488424685e-06,1.5572977645206265e-05,0.9999977350234985,9.916514224356243e-13,1.2297341096811909e-11,1.5572977645206265e-05,0.9999977350234985,9.916514224356243e-13,1.2297341096811909e-11,
poison/poismph/datapoismphseq/poisalt_mph_3f325ccc.csv,ok,205,5,1,modified_altitude,1,modified_altitude,0.9999998807907104,all_windows,qualified_attack_window,5,4,0.8,True,0.1837620586156845,0.910706102848053,0.9999998807907104,0.030986279249191284,0.0042721484787762165,0.910706102848053,0.9999998807907104,0.030986279249191284,0.0042721484787762165,
poison/poismph/datapoismphseq/poisalt_mph_3f35c134.csv,ok,215,6,1,modified_altitude,1,modified_altitude,0.9998334646224976,all_windows,qualified_attack_window,6,3,0.5,True,0.5054434537887573,0.998774528503418,0.9998334646224976,0.005380508955568075,0.009981010109186172,0.998774528503418,0.9998334646224976,0.005380508955568075,0.009981010109186172,
poison/poismph/datapoismphseq/poisalt_mph_3f360050.csv,ok,227,7,1,modified_altitude,1,modified_altitude,0.9998374581336975,all_windows,qualified_attack_window,7,7,1.0,True,0.009244958870112896,0.0617278516292572,0.9998374581336975,0.5277485847473145,9.540591463519377e-07,0.0617278516292572,0.9998374581336975,0.5277485847473145,9.540591463519377e-07,
poison/poismph/datapoismphseq/poisalt_mph_3f3a49a0.csv,ok,223,6,1,modified_altitude,1,modified_altitude,0.9998049139976501,all_windows,qualified_attack_window,6,2,0.3333333333333333,True,0.6545475125312805,0.9989944100379944,0.9998049139976501,0.015060573816299438,0.002389216097071767,0.9989944100379944,0.9998049139976501,0.015060573816299438,0.002389216097071767,
poison/poismph/datapoismphseq/poisalt_mph_3f3e624f.csv,ok,219,6,1,modified_altitude,1,modified_altitude,0.9999487400054932,all_windows,qualified_attack_window,6,5,0.8333333333333334,True,0.167871356010437,0.9404231905937195,0.9999487400054932,0.048154786229133606,0.04267876595258713,0.9404231905937195,0.9999487400054932,0.048154786229133606,0.04267876595258713,
poison/poismph/datapoismphseq/poisalt_mph_3f421169.csv,ok,253,8,1,modified_altitude,1,modified_altitude,0.9998701810836792,all_windows,qualified_attack_window,8,6,0.75,True,0.24588395655155182,0.9942626357078552,0.9998701810836792,0.0012196911266073585,0.025209994986653328,0.9942626357078552,0.9998701810836792,0.0012196911266073585,0.025209994986653328,
poison/poismph/datapoismphseq/poisalt_mph_3f42884e.csv,ok,195,5,1,modified_altitude,1,modified_altitude,0.9999887943267822,all_windows,qualified_attack_window,5,5,1.0,True,2.274451071571093e-05,4.612634074874222e-05,0.9999887943267822,3.848737301082039e-12,2.6084972723494637e-11,4.612634074874222e-05,0.9999887943267822,3.848737301082039e-12,2.6084972723494637e-11,
poison/poismph/datapoismphseq/poisalt_mph_3f42c0c7.csv,ok,207,5,1,modified_altitude,1,modified_altitude,0.9999885559082031,all_windows,qualified_attack_window,5,5,1.0,True,0.0013331999070942402,0.006595158018171787,0.9999885559082031,4.025745511171408e-05,0.00023689723457209766,0.006595158018171787,0.9999885559082031,4.025745511171408e-05,0.00023689723457209766,
poison/poismph/datapoismphseq/poisalt_mph_3f46c72a.csv,ok,233,7,1,modified_altitude,0,authentic,0.9993381500244141,all_windows,no_qualified_attack_window,7,0,0.0,False,0.9577063918113708,0.9993381500244141,0.19945330917835236,0.007879935204982758,0.028576144948601723,0.9993381500244141,0.19945330917835236,0.007879935204982758,0.028576144948601723,
poison/poismph/datapoismphseq/poisalt_mph_3f46ee35.csv,ok,199,5,1,modified_altitude,1,modified_altitude,0.9999985694885254,all_windows,qualified_attack_window,5,5,1.0,True,3.505586209939793e-05,8.505019650328904e-05,0.9999985694885254,3.3969724255733524e-10,2.03506330710701e-12,8.505019650328904e-05,0.9999985694885254,3.3969724255733524e-10,2.03506330710701e-12,
poison/poismph/datapoismphseq/poisalt_mph_3f4dc55d.csv,ok,225,7,1,modified_altitude,1,modified_altitude,0.9999891519546509,all_windows,qualified_attack_window,7,7,1.0,True,0.00028258468955755234,0.0004487898258958012,0.9999891519546509,1.9002028839310015e-09,6.146342115820325e-12,0.0004487898258958012,0.9999891519546509,1.9002028839310015e-09,6.146342115820325e-12,
poison/poismph/datapoismphseq/poisalt_mph_3f5229d9.csv,ok,295,11,1,modified_altitude,1,modified_altitude,0.9999745488166809,all_windows,qualified_attack_window,11,9,0.8181818181818182,True,0.1734299212694168,0.998111367225647,0.9999745488166809,0.009302702732384205,0.03610605373978615,0.998111367225647,0.9999745488166809,0.009302702732384205,0.03610605373978615,
poison/poismph/datapoismphseq/poisalt_mph_3f5af0e7.csv,ok,200,5,1,modified_altitude,1,modified_altitude,0.9999982118606567,all_windows,qualified_attack_window,5,5,1.0,True,1.1508735042298213e-05,1.855797745520249e-05,0.9999982118606567,6.16792901475538e-12,1.9296903010506024e-14,1.855797745520249e-05,0.9999982118606567,6.16792901475538e-12,1.9296903010506024e-14,
poison/poismph/datapoismphseq/poisalt_mph_3f5f1cea.csv,ok,219,6,1,modified_altitude,1,modified_altitude,0.9999995231628418,all_windows,qualified_attack_window,6,6,1.0,True,3.140887201880105e-06,7.71389932197053e-06,0.9999995231628418,3.627625950282029e-14,8.728086309250926e-11,7.71389932197053e-06,0.9999995231628418,3.627625950282029e-14,8.728086309250926e-11,
poison/poismph/datapoismphseq/poisalt_mph_3f5f4746.csv,ok,193,5,1,modified_altitude,1,modified_altitude,0.9999475479125977,all_windows,qualified_attack_window,5,5,1.0,True,0.0003898749710060656,0.0014979897532612085,0.9999475479125977,1.566349737913697e-06,9.70297037383716e-07,0.0014979897532612085,0.9999475479125977,1.566349737913697e-06,9.70297037383716e-07,
poison/poismph/datapoismphseq/poisalt_mph_3f5f559d.csv,ok,168,3,1,modified_altitude,1,modified_altitude,0.9999749660491943,all_windows,qualified_attack_window,3,3,1.0,True,3.180996282026172e-05,3.678097345982678e-05,0.9999749660491943,4.684907843610642e-12,2.473587524046139e-12,3.678097345982678e-05,0.9999749660491943,4.684907843610642e-12,2.473587524046139e-12,
poison/poismph/datapoismphseq/poisalt_mph_3f66d87a.csv,ok,211,6,1,modified_altitude,1,modified_altitude,0.9997546672821045,all_windows,qualified_attack_window,6,6,1.0,True,0.0004408942477311939,0.0006451535155065358,0.9997546672821045,8.434952292191156e-07,5.841323258426456e-11,0.0006451535155065358,0.9997546672821045,8.434952292191156e-07,5.841323258426456e-11,
poison/poismph/datapoismphseq/poisalt_mph_3f67096a.csv,ok,427,19,1,modified_altitude,1,modified_altitude,0.9999855756759644,all_windows,qualified_attack_window,19,9,0.47368421052631576,True,0.5208708643913269,0.9996424913406372,0.9999855756759644,0.002485110657289624,0.04623152315616608,0.9996424913406372,0.9999855756759644,0.002485110657289624,0.04623152315616608,
poison/poismph/datapoismphseq/poisalt_mph_3f6a9c9b.csv,ok,194,5,1,modified_altitude,1,modified_altitude,0.9999911785125732,all_windows,qualified_attack_window,5,3,0.6,True,0.3700065016746521,0.9815323352813721,0.9999911785125732,0.017642714083194733,0.0937734916806221,0.9815323352813721,0.9999911785125732,0.017642714083194733,0.0937734916806221,
poison/poismph/datapoismphseq/poisalt_mph_3f6b0792.csv,ok,240,8,1,modified_altitude,1,modified_altitude,0.9996053576469421,all_windows,qualified_attack_window,8,6,0.75,True,0.24590754508972168,0.9976703524589539,0.9996053576469421,0.012174651026725769,0.001818202086724341,0.9976703524589539,0.9996053576469421,0.012174651026725769,0.001818202086724341,
poison/poismph/datapoismphseq/poisalt_mph_3f6e8fbb.csv,ok,238,7,1,modified_altitude,1,modified_altitude,0.9999849796295166,all_windows,qualified_attack_window,7,5,0.7142857142857143,True,0.28421851992607117,0.9983709454536438,0.9999849796295166,0.002484465716406703,0.002341489540413022,0.9983709454536438,0.9999849796295166,0.002484465716406703,0.002341489540413022,
poison/poismph/datapoismphseq/poisalt_mph_3f6ed9ff.csv,ok,331,13,1,modified_altitude,1,modified_altitude,0.9999615550041199,all_windows,qualified_attack_window,13,9,0.6923076923076923,True,0.2353971004486084,0.8779484629631042,0.9999615550041199,0.6362777352333069,0.21628229320049286,0.8779484629631042,0.9999615550041199,0.6362777352333069,0.21628229320049286,
poison/poismph/datapoismphseq/poisalt_mph_3f72dde5.csv,ok,180,4,1,modified_altitude,1,modified_altitude,0.9999807476997375,all_windows,qualified_attack_window,4,3,0.75,True,0.22236338257789612,0.8893890976905823,0.9999807476997375,0.045202821493148804,0.008967605419456959,0.8893890976905823,0.9999807476997375,0.045202821493148804,0.008967605419456959,
poison/poismph/datapoismphseq/poisalt_mph_3f7ba01a.csv,ok,182,4,1,modified_altitude,1,modified_altitude,0.9999996423721313,all_windows,qualified_attack_window,4,4,1.0,True,6.399667995538039e-07,1.0246360488963546e-06,0.9999996423721313,7.890122491585648e-16,6.89522982981472e-13,1.0246360488963546e-06,0.9999996423721313,7.890122491585648e-16,6.89522982981472e-13,
poison/poismph/datapoismphseq/poisalt_mph_3f7f9dd0.csv,ok,215,6,1,modified_altitude,1,modified_altitude,0.9994401931762695,all_windows,qualified_attack_window,6,6,1.0,True,0.0009418975678272545,0.0012893490493297577,0.9994401931762695,8.167451142071513e-07,4.6979280909908994e-08,0.0012893490493297577,0.9994401931762695,8.167451142071513e-07,4.6979280909908994e-08,
poison/poismph/datapoismphseq/poisalt_mph_3f86beca.csv,ok,215,6,1,modified_altitude,1,modified_altitude,0.9999914169311523,all_windows,qualified_attack_window,6,6,1.0,True,5.384691758081317e-05,0.00013463283539749682,0.9999914169311523,3.785500524156049e-10,3.267432852060992e-11,0.00013463283539749682,0.9999914169311523,3.785500524156049e-10,3.267432852060992e-11,
poison/poismph/datapoismphseq/poisalt_mph_3f871473.csv,ok,210,6,1,modified_altitude,1,modified_altitude,0.9999908208847046,all_windows,qualified_attack_window,6,6,1.0,True,5.337642505764961e-05,8.97335703484714e-05,0.9999908208847046,4.471886749790599e-11,5.759754825862551e-11,8.97335703484714e-05,0.9999908208847046,4.471886749790599e-11,5.759754825862551e-11,
poison/poismph/datapoismphseq/poisalt_mph_3f873f36.csv,ok,174,3,1,modified_altitude,1,modified_altitude,0.9999983310699463,all_windows,qualified_attack_window,3,2,0.6666666666666666,True,0.24856364727020264,0.7456353306770325,0.9999983310699463,0.12059811502695084,0.030184322968125343,0.7456353306770325,0.9999983310699463,0.12059811502695084,0.030184322968125343,
poison/poismph/datapoismphseq/poisalt_mph_3f8b1603.csv,ok,231,7,1,modified_altitude,1,modified_altitude,0.9999728798866272,all_windows,qualified_attack_window,7,6,0.8571428571428571,True,0.09003286808729172,0.6287220120429993,0.9999728798866272,0.16501423716545105,0.025732675567269325,0.6287220120429993,0.9999728798866272,0.16501423716545105,0.025732675567269325,
poison/poismph/datapoismphseq/poisalt_mph_3f8b7bb1.csv,ok,195,5,1,modified_altitude,1,modified_altitude,0.9999979734420776,all_windows,qualified_attack_window,5,5,1.0,True,7.165655460994458e-06,1.6235213479376398e-05,0.9999979734420776,4.872798345378904e-12,5.50180213887419e-12,1.6235213479376398e-05,0.9999979734420776,4.872798345378904e-12,5.50180213887419e-12,
poison/poismph/datapoismphseq/poisauth_mph_3e39f7cd.csv,ok,272,10,0,authentic,0,authentic,0.9902060627937317,all_windows,no_qualified_attack_window,10,0,0.0,True,0.8317402005195618,0.9902060627937317,0.3001589775085449,0.1779714971780777,0.09381216764450073,0.9902060627937317,0.3001589775085449,0.1779714971780777,0.09381216764450073,
poison/poismph/datapoismphseq/poisauth_mph_3e3a3689.csv,ok,411,18,0,authentic,3,modified_position,0.32230183482170105,all_windows,qualified_attack_window,18,1,0.05555555555555555,False,0.9351807832717896,0.9991629719734192,0.315865159034729,0.07368685305118561,0.32230183482170105,0.9991629719734192,0.315865159034729,0.07368685305118561,0.32230183482170105,
poison/poismph/datapoismphseq/poisauth_mph_3e3a8fd0.csv,ok,246,8,0,authentic,0,authentic,0.9994247555732727,all_windows,no_qualified_attack_window,8,0,0.0,True,0.9595057368278503,0.9994247555732727,0.11580374836921692,0.062397558242082596,0.02142408676445484,0.9994247555732727,0.11580374836921692,0.062397558242082596,0.02142408676445484,
poison/poismph/datapoismphseq/poisauth_mph_3e3d86b8.csv,ok,253,8,0,authentic,0,authentic,0.9996020197868347,all_windows,no_qualified_attack_window,8,0,0.0,True,0.8484811782836914,0.9996020197868347,0.22082950174808502,0.1138307973742485,0.10397427529096603,0.9996020197868347,0.22082950174808502,0.1138307973742485,0.10397427529096603,
poison/poismph/datapoismphseq/poisauth_mph_3e4459f6.csv,ok,240,8,0,authentic,0,authentic,0.9992950558662415,all_windows,no_qualified_attack_window,8,0,0.0,True,0.9892657995223999,0.9992950558662415,0.015269159339368343,0.010287557728588581,0.010047518648207188,0.9992950558662415,0.015269159339368343,0.010287557728588581,0.010047518648207188,
poison/poismph/datapoismphseq/poisauth_mph_3e44d6af.csv,ok,221,6,0,authentic,0,authentic,0.9997279047966003,all_windows,no_qualified_attack_window,6,0,0.0,True,0.9870010018348694,0.9997279047966003,0.019085541367530823,0.008177394047379494,0.0029166473541408777,0.9997279047966003,0.019085541367530823,0.008177394047379494,0.0029166473541408777,
poison/poismph/datapoismphseq/poisauth_mph_3e44f206.csv,ok,186,4,0,authentic,0,authentic,0.9996916055679321,all_windows,no_qualified_attack_window,4,0,0.0,True,0.9372599124908447,0.9996916055679321,0.10716428607702255,0.0668259784579277,0.004075260832905769,0.9996916055679321,0.10716428607702255,0.0668259784579277,0.004075260832905769,
poison/poismph/datapoismphseq/poisauth_mph_3e47f111.csv,ok,218,6,0,authentic,0,authentic,0.9960204362869263,all_windows,no_qualified_attack_window,6,0,0.0,True,0.8839833736419678,0.9960204362869263,0.3331066071987152,0.03904008865356445,0.10778025537729263,0.9960204362869263,0.3331066071987152,0.03904008865356445,0.10778025537729263,
poison/poismph/datapoismphseq/poisauth_mph_3e488bea.csv,ok,201,5,0,authentic,0,authentic,0.9602983593940735,all_windows,no_qualified_attack_window,5,0,0.0,True,0.9042732119560242,0.9602983593940735,0.09843625873327255,0.09362396597862244,0.026077676564455032,0.9602983593940735,0.09843625873327255,0.09362396597862244,0.026077676564455032,
poison/poismph/datapoismphseq/poisauth_mph_3e4c00ce.csv,ok,199,5,0,authentic,0,authentic,0.9999218583106995,all_windows,no_qualified_attack_window,5,0,0.0,True,0.9525550007820129,0.9999218583106995,0.048196930438280106,0.031760625541210175,0.06083817034959793,0.9999218583106995,0.048196930438280106,0.031760625541210175,0.06083817034959793,
poison/poismph/datapoismphseq/poisauth_mph_3e4c8398.csv,ok,265,9,0,authentic,0,authentic,0.981996476650238,all_windows,no_qualified_attack_window,9,0,0.0,True,0.8155806064605713,0.981996476650238,0.21656940877437592,0.2164841741323471,0.2086714506149292,0.981996476650238,0.21656940877437592,0.2164841741323471,0.2086714506149292,
poison/poismph/datapoismphseq/poisauth_mph_3e500481.csv,ok,251,8,0,authentic,2,modified_speed,0.38796642422676086,all_windows,qualified_attack_window,8,1,0.125,False,0.8154439330101013,0.9973199367523193,0.2945212721824646,0.38796642422676086,0.019083665683865547,0.9973199367523193,0.2945212721824646,0.38796642422676086,0.019083665683865547,
poison/poismph/datapoismphseq/poisauth_mph_3e503efe.csv,ok,238,7,0,authentic,0,authentic,0.998909592628479,all_windows,no_qualified_attack_window,7,0,0.0,True,0.9658599495887756,0.998909592628479,0.05065871775150299,0.043055806308984756,0.02386547066271305,0.998909592628479,0.05065871775150299,0.043055806308984756,0.02386547066271305,
poison/poismph/datapoismphseq/poisauth_mph_3e543f08.csv,ok,192,5,0,authentic,0,authentic,0.9999608993530273,all_windows,no_qualified_attack_window,5,0,0.0,True,0.9601656198501587,0.9999608993530273,0.09422465413808823,0.01894609071314335,0.013281970284879208,0.9999608993530273,0.09422465413808823,0.01894609071314335,0.013281970284879208,
poison/poismph/datapoismphseq/poisauth_mph_3e57a9b1.csv,ok,211,6,0,authentic,0,authentic,0.9986729025840759,all_windows,no_qualified_attack_window,6,0,0.0,True,0.9958877563476562,0.9986729025840759,0.008413502015173435,0.0032776447478681803,0.001545795239508152,0.9986729025840759,0.008413502015173435,0.0032776447478681803,0.001545795239508152,
poison/poismph/datapoismphseq/poisauth_mph_3e5e15b4.csv,ok,242,8,0,authentic,1,modified_altitude,0.45636701583862305,all_windows,qualified_attack_window,8,1,0.125,False,0.840888261795044,0.9981069564819336,0.45636701583862305,0.37685105204582214,0.018288714811205864,0.9981069564819336,0.45636701583862305,0.37685105204582214,0.018288714811205864,
poison/poismph/datapoismphseq/poisauth_mph_3e5ea18c.csv,ok,216,6,0,authentic,2,modified_speed,0.3759481906890869,all_windows,qualified_attack_window,6,1,0.16666666666666666,False,0.8357501029968262,0.9891987442970276,0.2351706176996231,0.3759481906890869,0.09232334047555923,0.9891987442970276,0.2351706176996231,0.3759481906890869,0.09232334047555923,
poison/poismph/datapoismphseq/poisauth_mph_3e61b514.csv,ok,269,9,0,authentic,0,authentic,0.9994485378265381,all_windows,no_qualified_attack_window,9,0,0.0,True,0.9728183746337891,0.9994485378265381,0.09428542852401733,0.04844680801033974,0.01168313343077898,0.9994485378265381,0.09428542852401733,0.04844680801033974,0.01168313343077898,
poison/poismph/datapoismphseq/poisauth_mph_3e61de69.csv,ok,217,6,0,authentic,0,authentic,0.99921715259552,all_windows,no_qualified_attack_window,6,0,0.0,True,0.9728569984436035,0.99921715259552,0.04543444514274597,0.03816034272313118,0.02372558042407036,0.99921715259552,0.04543444514274597,0.03816034272313118,0.02372558042407036,
poison/poismph/datapoismphseq/poisauth_mph_3e622608.csv,ok,181,4,0,authentic,0,authentic,0.9773511290550232,all_windows,no_qualified_attack_window,4,0,0.0,True,0.9557231068611145,0.9773511290550232,0.03497913479804993,0.02525440789759159,0.026448357850313187,0.9773511290550232,0.03497913479804993,0.02525440789759159,0.026448357850313187,
poison/poismph/datapoismphseq/poisauth_mph_3e656a7d.csv,ok,204,5,0,authentic,0,authentic,0.9891209602355957,all_windows,no_qualified_attack_window,5,0,0.0,True,0.9398567080497742,0.9891209602355957,0.07130927592515945,0.06256173551082611,0.02816108427941799,0.9891209602355957,0.07130927592515945,0.06256173551082611,0.02816108427941799,
poison/poismph/datapoismphseq/poisauth_mph_3e696d81.csv,ok,205,5,0,authentic,0,authentic,0.9726109504699707,all_windows,no_qualified_attack_window,5,0,0.0,True,0.8197395205497742,0.9726109504699707,0.26979219913482666,0.05109767988324165,0.06500229984521866,0.9726109504699707,0.26979219913482666,0.05109767988324165,0.06500229984521866,
poison/poismph/datapoismphseq/poisauth_mph_3e6caa8e.csv,ok,247,8,0,authentic,0,authentic,0.9950144290924072,all_windows,no_qualified_attack_window,8,0,0.0,True,0.9296061992645264,0.9950144290924072,0.052128102630376816,0.0045042457059025764,0.19659651815891266,0.9950144290924072,0.052128102630376816,0.0045042457059025764,0.19659651815891266,
poison/poismph/datapoismphseq/poisauth_mph_3e73fb1c.csv,ok,234,7,0,authentic,0,authentic,0.9986453056335449,all_windows,no_qualified_attack_window,7,0,0.0,True,0.9521979689598083,0.9986453056335449,0.1669776439666748,0.0827164500951767,0.034424036741256714,0.9986453056335449,0.1669776439666748,0.0827164500951767,0.034424036741256714,
poison/poismph/datapoismphseq/poisauth_mph_3e743eea.csv,ok,187,4,0,authentic,0,authentic,0.9963904023170471,all_windows,no_qualified_attack_window,4,0,0.0,True,0.9840173721313477,0.9963904023170471,0.012668143957853317,0.007020823657512665,0.014266517013311386,0.9963904023170471,0.012668143957853317,0.007020823657512665,0.014266517013311386,
poison/poismph/datapoismphseq/poisauth_mph_3e77a028.csv,ok,191,4,0,authentic,0,authentic,0.999199390411377,all_windows,no_qualified_attack_window,4,0,0.0,True,0.950844407081604,0.999199390411377,0.0410032719373703,0.0404389351606369,0.02276262268424034,0.999199390411377,0.0410032719373703,0.0404389351606369,0.02276262268424034,
poison/poismph/datapoismphseq/poisauth_mph_3e77f289.csv,ok,201,5,0,authentic,1,modified_altitude,0.9685665369033813,all_windows,qualified_attack_window,5,2,0.4,False,0.47723388671875,0.836276650428772,0.9685665369033813,0.02508733794093132,0.33544525504112244,0.836276650428772,0.9685665369033813,0.02508733794093132,0.33544525504112244,
poison/poismph/datapoismphseq/poisauth_mph_3e7b8676.csv,ok,205,5,0,authentic,1,modified_altitude,0.5776047706604004,all_windows,qualified_attack_window,5,1,0.2,False,0.7854993939399719,0.9274802803993225,0.5776047706604004,0.05753043293952942,0.04180409386754036,0.9274802803993225,0.5776047706604004,0.05753043293952942,0.04180409386754036,
poison/poismph/datapoismphseq/poisauth_mph_3e7b8fcb.csv,ok,211,6,0,authentic,0,authentic,0.9977076053619385,all_windows,no_qualified_attack_window,6,0,0.0,True,0.9837131500244141,0.9977076053619385,0.03262975066900253,0.019102811813354492,0.0036155045963823795,0.9977076053619385,0.03262975066900253,0.019102811813354492,0.0036155045963823795,
poison/poismph/datapoismphseq/poisauth_mph_3e7b9bb4.csv,ok,196,5,0,authentic,0,authentic,0.9999017119407654,all_windows,no_qualified_attack_window,5,0,0.0,True,0.9641584157943726,0.9999017119407654,0.10839346796274185,0.04243558272719383,0.001195308635942638,0.9999017119407654,0.10839346796274185,0.04243558272719383,0.001195308635942638,
poison/poismph/datapoismphseq/poisauth_mph_3e7f3fd9.csv,ok,195,5,0,authentic,0,authentic,0.9939735531806946,all_windows,no_qualified_attack_window,5,0,0.0,True,0.9726192355155945,0.9939735531806946,0.020181873813271523,0.007003669161349535,0.0358983650803566,0.9939735531806946,0.020181873813271523,0.007003669161349535,0.0358983650803566,
poison/poismph/datapoismphseq/poisauth_mph_3e83ff63.csv,ok,176,4,0,authentic,0,authentic,0.9859812259674072,all_windows,no_qualified_attack_window,4,0,0.0,True,0.8059379458427429,0.9859812259674072,0.3413982391357422,0.08270338922739029,0.07456088811159134,0.9859812259674072,0.3413982391357422,0.08270338922739029,0.07456088811159134,
poison/poismph/datapoismphseq/poisauth_mph_3e881f6e.csv,ok,193,5,0,authentic,1,modified_altitude,0.4841104745864868,all_windows,qualified_attack_window,5,1,0.2,False,0.8232511281967163,0.999996542930603,0.4841104745864868,0.02752622589468956,0.03438813239336014,0.999996542930603,0.4841104745864868,0.02752622589468956,0.03438813239336014,
poison/poismph/datapoismphseq/poisauth_mph_3e9de1d5.csv,ok,250,8,0,authentic,0,authentic,0.9995744228363037,all_windows,no_qualified_attack_window,8,0,0.0,True,0.954940676689148,0.9995744228363037,0.04996336251497269,0.03793860226869583,0.044058024883270264,0.9995744228363037,0.04996336251497269,0.03793860226869583,0.044058024883270264,
poison/poismph/datapoismphseq/poisauth_mph_3e9e281c.csv,ok,241,8,0,authentic,0,authentic,0.9983620643615723,all_windows,no_qualified_attack_window,8,0,0.0,True,0.8754907846450806,0.9983620643615723,0.4047236740589142,0.1266658902168274,0.08137817680835724,0.9983620643615723,0.4047236740589142,0.1266658902168274,0.08137817680835724,
poison/poismph/datapoismphseq/poisauth_mph_3e9e7954.csv,ok,197,5,0,authentic,0,authentic,0.9995213747024536,all_windows,no_qualified_attack_window,5,0,0.0,True,0.8477985262870789,0.9995213747024536,0.24689704179763794,0.34054380655288696,0.01133719366043806,0.9995213747024536,0.24689704179763794,0.34054380655288696,0.01133719366043806,
poison/poismph/datapoismphseq/poisauth_mph_3e9e8545.csv,ok,196,5,0,authentic,0,authentic,0.9980304837226868,all_windows,no_qualified_attack_window,5,0,0.0,True,0.9841293096542358,0.9980304837226868,0.02347923442721367,0.006494070868939161,0.008567876182496548,0.9980304837226868,0.02347923442721367,0.006494070868939161,0.008567876182496548,
poison/poismph/datapoismphseq/poisauth_mph_3ea21b8b.csv,ok,231,7,0,authentic,0,authentic,0.9990137815475464,all_windows,no_qualified_attack_window,7,0,0.0,True,0.9079585671424866,0.9990137815475464,0.15780994296073914,0.15928763151168823,0.030914753675460815,0.9990137815475464,0.15780994296073914,0.15928763151168823,0.030914753675460815,
poison/poismph/datapoismphseq/poisauth_mph_3ea230f5.csv,ok,367,15,0,authentic,0,authentic,0.9998726844787598,all_windows,no_qualified_attack_window,15,0,0.0,True,0.8945353627204895,0.9998726844787598,0.11338832229375839,0.18275107443332672,0.10464387387037277,0.9998726844787598,0.11338832229375839,0.18275107443332672,0.10464387387037277,
poison/poismph/datapoismphseq/poisauth_mph_3ea262ed.csv,ok,194,5,0,authentic,0,authentic,0.9983283877372742,all_windows,no_qualified_attack_window,5,0,0.0,True,0.9512518644332886,0.9983283877372742,0.09446179121732712,0.1066114753484726,0.031978387385606766,0.9983283877372742,0.09446179121732712,0.1066114753484726,0.031978387385606766,
poison/poismph/datapoismphseq/poisauth_mph_3ea5338f.csv,ok,213,6,0,authentic,0,authentic,0.9881724715232849,all_windows,no_qualified_attack_window,6,0,0.0,True,0.9523980617523193,0.9881724715232849,0.07267967611551285,0.026729455217719078,0.03481096401810646,0.9881724715232849,0.07267967611551285,0.026729455217719078,0.03481096401810646,
poison/poismph/datapoismphseq/poisauth_mph_3ea57789.csv,ok,206,5,0,authentic,0,authentic,0.9993817806243896,all_windows,no_qualified_attack_window,5,0,0.0,True,0.9901416897773743,0.9993817806243896,0.008250130340456963,0.003210265887901187,0.008574064821004868,0.9993817806243896,0.008250130340456963,0.003210265887901187,0.008574064821004868,
poison/poismph/datapoismphseq/poisauth_mph_3ea59d67.csv,ok,193,5,0,authentic,0,authentic,0.9232354164123535,all_windows,no_qualified_attack_window,5,0,0.0,True,0.6953431367874146,0.9232354164123535,0.4192739427089691,0.1085856705904007,0.17797720432281494,0.9232354164123535,0.4192739427089691,0.1085856705904007,0.17797720432281494,
poison/poismph/datapoismphseq/poisauth_mph_3ea867d9.csv,ok,361,15,0,authentic,2,modified_speed,0.38000261783599854,all_windows,qualified_attack_window,15,1,0.06666666666666667,False,0.8821491599082947,0.9999575018882751,0.2592323124408722,0.38000261783599854,0.008686770685017109,0.9999575018882751,0.2592323124408722,0.38000261783599854,0.008686770685017109,
poison/poismph/datapoismphseq/poisauth_mph_3eac32b0.csv,ok,293,11,0,authentic,3,modified_position,0.47878772020339966,all_windows,qualified_attack_window,11,1,0.09090909090909091,False,0.7380468845367432,0.9991536140441895,0.16969820857048035,0.14891864359378815,0.47878772020339966,0.9991536140441895,0.16969820857048035,0.14891864359378815,0.47878772020339966,
poison/poismph/datapoismphseq/poisauth_mph_3eac72f8.csv,ok,194,5,0,authentic,0,authentic,0.9991960525512695,all_windows,no_qualified_attack_window,5,0,0.0,True,0.9955762624740601,0.9991960525512695,0.00977451354265213,0.0011359539348632097,0.005792779382318258,0.9991960525512695,0.00977451354265213,0.0011359539348632097,0.005792779382318258,
poison/poismph/datapoismphseq/poisauth_mph_3eaca993.csv,ok,229,7,0,authentic,0,authentic,0.9924665689468384,all_windows,no_qualified_attack_window,7,0,0.0,True,0.8812835812568665,0.9924665689468384,0.18797695636749268,0.07163449376821518,0.01116928830742836,0.9924665689468384,0.18797695636749268,0.07163449376821518,0.01116928830742836,
poison/poismph/datapoismphseq/poisauth_mph_3eb0a8e3.csv,ok,207,5,0,authentic,0,authentic,0.9836753606796265,all_windows,no_qualified_attack_window,5,0,0.0,True,0.7997282147407532,0.9836753606796265,0.2431396096944809,0.10560384392738342,0.038520731031894684,0.9836753606796265,0.2431396096944809,0.10560384392738342,0.038520731031894684,
poison/poismph/datapoismphseq/poisauth_mph_3eb0e146.csv,ok,287,10,0,authentic,0,authentic,0.9990800619125366,all_windows,no_qualified_attack_window,10,0,0.0,True,0.9088957905769348,0.9990800619125366,0.12337952107191086,0.03553425893187523,0.3552229702472687,0.9990800619125366,0.12337952107191086,0.03553425893187523,0.3552229702472687,
poison/poismph/datapoismphseq/poisauth_mph_3eb3f86a.csv,ok,204,5,0,authentic,1,modified_altitude,0.9533848762512207,all_windows,qualified_attack_window,5,4,0.8,False,0.3261515498161316,0.9519286751747131,0.9533848762512207,0.1852409839630127,0.2670108377933502,0.9519286751747131,0.9533848762512207,0.1852409839630127,0.2670108377933502,
poison/poismph/datapoismphseq/poisauth_mph_3eb46d81.csv,ok,173,3,0,authentic,0,authentic,0.9738816022872925,all_windows,no_qualified_attack_window,3,0,0.0,True,0.9640752673149109,0.9738816022872925,0.028633955866098404,0.0072553097270429134,0.026128439232707024,0.9738816022872925,0.028633955866098404,0.0072553097270429134,0.026128439232707024,
poison/poismph/datapoismphseq/poisauth_mph_3eb85606.csv,ok,214,6,0,authentic,2,modified_speed,0.6846579313278198,all_windows,qualified_attack_window,6,2,0.3333333333333333,False,0.6670424342155457,0.9970227479934692,0.34218570590019226,0.6846579313278198,0.015196610242128372,0.9970227479934692,0.34218570590019226,0.6846579313278198,0.015196610242128372,
poison/poismph/datapoismphseq/poisauth_mph_3ebc2471.csv,ok,257,9,0,authentic,2,modified_speed,0.5211294889450073,all_windows,qualified_attack_window,9,1,0.1111111111111111,False,0.8892902731895447,0.9957808256149292,0.21923179924488068,0.5211294889450073,0.05397818610072136,0.9957808256149292,0.21923179924488068,0.5211294889450073,0.05397818610072136,
poison/poismph/datapoismphseq/poisauth_mph_3ebf64ae.csv,ok,187,4,0,authentic,0,authentic,0.9853983521461487,all_windows,no_qualified_attack_window,4,0,0.0,True,0.963347315788269,0.9853983521461487,0.05802411213517189,0.007768222596496344,0.023314543068408966,0.9853983521461487,0.05802411213517189,0.007768222596496344,0.023314543068408966,
poison/poismph/datapoismphseq/poisauth_mph_3ebfcb91.csv,ok,167,3,0,authentic,0,authentic,0.9896962642669678,all_windows,no_qualified_attack_window,3,0,0.0,True,0.8573310375213623,0.9896962642669678,0.13419286906719208,0.03498771786689758,0.10489693284034729,0.9896962642669678,0.13419286906719208,0.03498771786689758,0.10489693284034729,
poison/poismph/datapoismphseq/poisauth_mph_3ebff749.csv,ok,268,9,0,authentic,0,authentic,0.997604489326477,all_windows,no_qualified_attack_window,9,0,0.0,True,0.9242894053459167,0.997604489326477,0.12285791337490082,0.11107753217220306,0.05154219642281532,0.997604489326477,0.12285791337490082,0.11107753217220306,0.05154219642281532,
poison/poismph/datapoismphseq/poisauth_mph_3ec33d32.csv,ok,188,4,0,authentic,0,authentic,0.9995378851890564,all_windows,no_qualified_attack_window,4,0,0.0,True,0.9422771334648132,0.9995378851890564,0.06861843913793564,0.035692185163497925,0.013736273162066936,0.9995378851890564,0.06861843913793564,0.035692185163497925,0.013736273162066936,
poison/poismph/datapoismphseq/poisauth_mph_3eca8b3b.csv,ok,214,6,0,authentic,0,authentic,0.9986110329627991,all_windows,no_qualified_attack_window,6,0,0.0,True,0.8579270839691162,0.9986110329627991,0.15887027978897095,0.057614874094724655,0.15797799825668335,0.9986110329627991,0.15887027978897095,0.057614874094724655,0.15797799825668335,
poison/poismph/datapoismphseq/poisauth_mph_3ece97cb.csv,ok,225,7,0,authentic,0,authentic,0.9997410178184509,all_windows,no_qualified_attack_window,7,0,0.0,True,0.9365072846412659,0.9997410178184509,0.129004567861557,0.041501596570014954,0.01639123074710369,0.9997410178184509,0.129004567861557,0.041501596570014954,0.01639123074710369,
poison/poismph/datapoismphseq/poisauth_mph_3ed74cd0.csv,ok,219,6,0,authentic,0,authentic,0.9978305101394653,all_windows,no_qualified_attack_window,6,0,0.0,True,0.9834744930267334,0.9978305101394653,0.009370178915560246,0.005761794745922089,0.03682276979088783,0.9978305101394653,0.009370178915560246,0.005761794745922089,0.03682276979088783,
poison/poismph/datapoismphseq/poisauth_mph_3edaa4e3.csv,ok,230,7,0,authentic,0,authentic,0.9947308301925659,all_windows,no_qualified_attack_window,7,0,0.0,True,0.8990465998649597,0.9947308301925659,0.23270516097545624,0.07836809009313583,0.03218008950352669,0.9947308301925659,0.23270516097545624,0.07836809009313583,0.03218008950352669,
poison/poismph/datapoismphseq/poisauth_mph_3edb145f.csv,ok,199,5,0,authentic,1,modified_altitude,0.816817045211792,all_windows,qualified_attack_window,5,2,0.4,False,0.5323210954666138,0.8331026434898376,0.816817045211792,0.016912154853343964,0.11600175499916077,0.8331026434898376,0.816817045211792,0.016912154853343964,0.11600175499916077,
poison/poismph/datapoismphseq/poisauth_mph_3edebc1c.csv,ok,195,5,0,authentic,0,authentic,0.9886484146118164,all_windows,no_qualified_attack_window,5,0,0.0,True,0.9619424939155579,0.9886484146118164,0.06117147207260132,0.015963559970259666,0.010688970796763897,0.9886484146118164,0.06117147207260132,0.015963559970259666,0.010688970796763897,
poison/poismph/datapoismphseq/poisauth_mph_3eeab179.csv,ok,229,7,0,authentic,0,authentic,0.9992152452468872,all_windows,no_qualified_attack_window,7,0,0.0,True,0.9743097424507141,0.9992152452468872,0.035833653062582016,0.01589689962565899,0.017101040109992027,0.9992152452468872,0.035833653062582016,0.01589689962565899,0.017101040109992027,
poison/poismph/datapoismphseq/poisauth_mph_3eeb5bac.csv,ok,191,4,0,authentic,0,authentic,0.9940620064735413,all_windows,no_qualified_attack_window,4,0,0.0,True,0.9291763305664062,0.9940620064735413,0.09568525105714798,0.030722135677933693,0.012553841806948185,0.9940620064735413,0.09568525105714798,0.030722135677933693,0.012553841806948185,
poison/poismph/datapoismphseq/poisauth_mph_3eeeaa2c.csv,ok,225,7,0,authentic,2,modified_speed,0.47378724813461304,all_windows,qualified_attack_window,7,1,0.14285714285714285,False,0.5554677248001099,0.9437146782875061,0.3541586995124817,0.47378724813461304,0.09417719393968582,0.9437146782875061,0.3541586995124817,0.47378724813461304,0.09417719393968582,
poison/poismph/datapoismphseq/poisauth_mph_3eef2fac.csv,ok,222,6,0,authentic,0,authentic,0.9995826482772827,all_windows,no_qualified_attack_window,6,0,0.0,True,0.9709984660148621,0.9995826482772827,0.07563936710357666,0.036703482270240784,0.00978374108672142,0.9995826482772827,0.07563936710357666,0.036703482270240784,0.00978374108672142,
poison/poismph/datapoismphseq/poisauth_mph_3eef42f2.csv,ok,204,5,0,authentic,0,authentic,0.9989064931869507,all_windows,no_qualified_attack_window,5,0,0.0,True,0.9828070402145386,0.9989064931869507,0.032515961676836014,0.012601541355252266,0.011875875294208527,0.9989064931869507,0.032515961676836014,0.012601541355252266,0.011875875294208527,
poison/poismph/datapoismphseq/poisauth_mph_3ef36878.csv,ok,237,7,0,authentic,0,authentic,0.9928861856460571,all_windows,no_qualified_attack_window,7,0,0.0,True,0.8565055131912231,0.9928861856460571,0.1208183541893959,0.05221237987279892,0.32599690556526184,0.9928861856460571,0.1208183541893959,0.05221237987279892,0.32599690556526184,
poison/poismph/datapoismphseq/poisauth_mph_3ef68363.csv,ok,202,5,0,authentic,0,authentic,0.9835010766983032,all_windows,no_qualified_attack_window,5,0,0.0,True,0.9026174545288086,0.9835010766983032,0.20331403613090515,0.015146386809647083,0.10063135623931885,0.9835010766983032,0.20331403613090515,0.015146386809647083,0.10063135623931885,
poison/poismph/datapoismphseq/poisauth_mph_3ef6adc6.csv,ok,163,3,0,authentic,0,authentic,0.9985779523849487,all_windows,no_qualified_attack_window,3,0,0.0,True,0.9770352244377136,0.9985779523849487,0.04189663752913475,0.002205729018896818,0.01901780068874359,0.9985779523849487,0.04189663752913475,0.002205729018896818,0.01901780068874359,
poison/poismph/datapoismphseq/poisauth_mph_3ef6d1cd.csv,ok,233,7,0,authentic,0,authentic,0.9990513920783997,all_windows,no_qualified_attack_window,7,0,0.0,True,0.9703229069709778,0.9990513920783997,0.06611864268779755,0.10093056410551071,0.015514587983489037,0.9990513920783997,0.06611864268779755,0.10093056410551071,0.015514587983489037,
poison/poismph/datapoismphseq/poisauth_mph_3ef6f483.csv,ok,226,7,0,authentic,0,authentic,0.9999232888221741,all_windows,no_qualified_attack_window,7,0,0.0,True,0.9986882209777832,0.9999232888221741,0.002915736986324191,0.000648674787953496,0.001939722802489996,0.9999232888221741,0.002915736986324191,0.000648674787953496,0.001939722802489996,
poison/poismph/datapoismphseq/poisauth_mph_3efabce5.csv,ok,217,6,0,authentic,0,authentic,0.9993434548377991,all_windows,no_qualified_attack_window,6,0,0.0,True,0.9852668642997742,0.9993434548377991,0.01570107601583004,0.007917433977127075,0.009075664915144444,0.9993434548377991,0.01570107601583004,0.007917433977127075,0.009075664915144444,
poison/poismph/datapoismphseq/poisauth_mph_3efe4dcd.csv,ok,204,5,0,authentic,0,authentic,0.9983429908752441,all_windows,no_qualified_attack_window,5,0,0.0,True,0.9082413911819458,0.9983429908752441,0.1323491632938385,0.1490960270166397,0.04925213009119034,0.9983429908752441,0.1323491632938385,0.1490960270166397,0.04925213009119034,
poison/poismph/datapoismphseq/poisauth_mph_3efe5fe4.csv,ok,225,7,0,authentic,0,authentic,0.9988487958908081,all_windows,no_qualified_attack_window,7,0,0.0,True,0.9809306263923645,0.9988487958908081,0.04098176583647728,0.01904492825269699,0.023899614810943604,0.9988487958908081,0.04098176583647728,0.01904492825269699,0.023899614810943604,
poison/poismph/datapoismphseq/poisauth_mph_3efe7d81.csv,ok,215,6,0,authentic,0,authentic,0.9974064826965332,all_windows,no_qualified_attack_window,6,0,0.0,True,0.9630187153816223,0.9974064826965332,0.020874330773949623,0.011548053473234177,0.046244408935308456,0.9974064826965332,0.020874330773949623,0.011548053473234177,0.046244408935308456,
poison/poismph/datapoismphseq/poisauth_mph_3efea136.csv,ok,230,7,0,authentic,0,authentic,0.9991142153739929,all_windows,no_qualified_attack_window,7,0,0.0,True,0.9289996027946472,0.9991142153739929,0.1334032118320465,0.04700899124145508,0.09066973626613617,0.9991142153739929,0.1334032118320465,0.04700899124145508,0.09066973626613617,
poison/poismph/datapoismphseq/poisauth_mph_3f0239cf.csv,ok,222,6,0,authentic,1,modified_altitude,0.4723886549472809,all_windows,qualified_attack_window,6,1,0.16666666666666666,False,0.8579499125480652,0.9938549399375916,0.4723886549472809,0.040057260543107986,0.09171509742736816,0.9938549399375916,0.4723886549472809,0.040057260543107986,0.09171509742736816,
poison/poismph/datapoismphseq/poisauth_mph_3f02444d.csv,ok,214,6,0,authentic,0,authentic,0.9953855872154236,all_windows,no_qualified_attack_window,6,0,0.0,True,0.9288824200630188,0.9953855872154236,0.11210890859365463,0.08518251031637192,0.03928745910525322,0.9953855872154236,0.11210890859365463,0.08518251031637192,0.03928745910525322,
poison/poismph/datapoismphseq/poisauth_mph_3f061c0f.csv,ok,197,5,0,authentic,0,authentic,0.9988932609558105,all_windows,no_qualified_attack_window,5,0,0.0,True,0.8315617442131042,0.9988932609558105,0.23235127329826355,0.09817998856306076,0.059910088777542114,0.9988932609558105,0.23235127329826355,0.09817998856306076,0.059910088777542114,
poison/poismph/datapoismphseq/poisauth_mph_3f06490c.csv,ok,203,5,0,authentic,0,authentic,0.9916750192642212,all_windows,no_qualified_attack_window,5,0,0.0,True,0.8174542188644409,0.9916750192642212,0.19485291838645935,0.16375420987606049,0.021522101014852524,0.9916750192642212,0.19485291838645935,0.16375420987606049,0.021522101014852524,
poison/poismph/datapoismphseq/poisauth_mph_3f067464.csv,ok,218,6,0,authentic,0,authentic,0.9294389486312866,all_windows,no_qualified_attack_window,6,0,0.0,True,0.7967994809150696,0.9294389486312866,0.19582988321781158,0.345370352268219,0.052806556224823,0.9294389486312866,0.19582988321781158,0.345370352268219,0.052806556224823,
poison/poismph/datapoismphseq/poisauth_mph_3f09cfd8.csv,ok,233,7,0,authentic,0,authentic,0.9981576204299927,all_windows,no_qualified_attack_window,7,0,0.0,True,0.9820128083229065,0.9981576204299927,0.015883874148130417,0.008643372915685177,0.029393594712018967,0.9981576204299927,0.015883874148130417,0.008643372915685177,0.029393594712018967,
poison/poismph/datapoismphseq/poisauth_mph_3f0a1418.csv,ok,230,7,0,authentic,0,authentic,0.9896414875984192,all_windows,no_qualified_attack_window,7,0,0.0,True,0.9297571778297424,0.9896414875984192,0.15708014369010925,0.07716166973114014,0.04811735451221466,0.9896414875984192,0.15708014369010925,0.07716166973114014,0.04811735451221466,
poison/poismph/datapoismphseq/poisauth_mph_3f11b99b.csv,ok,255,8,0,authentic,0,authentic,0.9974379539489746,all_windows,no_qualified_attack_window,8,0,0.0,True,0.9699090719223022,0.9974379539489746,0.019649645313620567,0.0009449178469367325,0.1077473908662796,0.9974379539489746,0.019649645313620567,0.0009449178469367325,0.1077473908662796,
poison/poismph/datapoismphseq/poisauth_mph_3f147d2b.csv,ok,206,5,0,authentic,1,modified_altitude,0.3694697916507721,all_windows,qualified_attack_window,5,1,0.2,False,0.6171432137489319,0.8394778370857239,0.3694697916507721,0.2757682800292969,0.11516423523426056,0.8394778370857239,0.3694697916507721,0.2757682800292969,0.11516423523426056,
poison/poismph/datapoismphseq/poisauth_mph_3f14d941.csv,ok,200,5,0,authentic,0,authentic,0.9989251494407654,all_windows,no_qualified_attack_window,5,0,0.0,True,0.9708606004714966,0.9989251494407654,0.029612138867378235,0.0066709741950035095,0.04626140743494034,0.9989251494407654,0.029612138867378235,0.0066709741950035095,0.04626140743494034,
poison/poismph/datapoismphseq/poisauth_mph_3f18df2b.csv,ok,196,5,0,authentic,0,authentic,0.9991782307624817,all_windows,no_qualified_attack_window,5,0,0.0,True,0.991338849067688,0.9991782307624817,0.014545561745762825,0.007935883477330208,0.010337564162909985,0.9991782307624817,0.014545561745762825,0.007935883477330208,0.010337564162909985,
poison/poismph/datapoismphseq/poisauth_mph_3f1908f0.csv,ok,216,6,0,authentic,0,authentic,0.9999947547912598,all_windows,no_qualified_attack_window,6,0,0.0,True,0.9469061493873596,0.9999947547912598,0.08991585671901703,0.07252354919910431,0.025276103988289833,0.9999947547912598,0.08991585671901703,0.07252354919910431,0.025276103988289833,
poison/poismph/datapoismphseq/poisauth_mph_3f192ee1.csv,ok,186,4,0,authentic,0,authentic,0.9959888458251953,all_windows,no_qualified_attack_window,4,0,0.0,True,0.962883710861206,0.9959888458251953,0.041981376707553864,0.03919181227684021,0.022197166457772255,0.9959888458251953,0.041981376707553864,0.03919181227684021,0.022197166457772255,
poison/poismph/datapoismphseq/poisauth_mph_3f1d4c27.csv,ok,188,4,0,authentic,0,authentic,0.9991418123245239,all_windows,no_qualified_attack_window,4,0,0.0,True,0.9168733358383179,0.9991418123245239,0.10718556493520737,0.1457609236240387,0.005740408785641193,0.9991418123245239,0.10718556493520737,0.1457609236240387,0.005740408785641193,
poison/poismph/datapoismphseq/poisauth_mph_3f1d787f.csv,ok,200,5,0,authentic,0,authentic,0.9978916049003601,all_windows,no_qualified_attack_window,5,0,0.0,True,0.9886282086372375,0.9978916049003601,0.011444784700870514,0.0034052173141390085,0.00813661515712738,0.9978916049003601,0.011444784700870514,0.0034052173141390085,0.00813661515712738,
poison/poismph/datapoismphseq/poisauth_mph_3f1dc2f5.csv,ok,364,15,0,authentic,0,authentic,0.9996829032897949,all_windows,no_qualified_attack_window,15,0,0.0,True,0.9327448606491089,0.9996829032897949,0.18572434782981873,0.09828176349401474,0.028856666758656502,0.9996829032897949,0.18572434782981873,0.09828176349401474,0.028856666758656502,
poison/poismph/datapoismphseq/poisauth_mph_3f1dcdbf.csv,ok,245,8,0,authentic,2,modified_speed,0.6015300154685974,all_windows,qualified_attack_window,8,1,0.125,False,0.6548060774803162,0.9952923059463501,0.3532242476940155,0.6015300154685974,0.007893179543316364,0.9952923059463501,0.3532242476940155,0.6015300154685974,0.007893179543316364,
poison/poismph/datapoismphseq/poisauth_mph_3f21e566.csv,ok,231,7,0,authentic,0,authentic,0.9910720586776733,all_windows,no_qualified_attack_window,7,0,0.0,True,0.8938112258911133,0.9910720586776733,0.10710983723402023,0.18537652492523193,0.012833315879106522,0.9910720586776733,0.10710983723402023,0.18537652492523193,0.012833315879106522,
poison/poismph/datapoismphseq/poisauth_mph_3f221fe2.csv,ok,173,3,0,authentic,0,authentic,0.9705064296722412,all_windows,no_qualified_attack_window,3,0,0.0,True,0.8360329270362854,0.9705064296722412,0.1882248967885971,0.19466200470924377,0.06461378931999207,0.9705064296722412,0.1882248967885971,0.19466200470924377,0.06461378931999207,
poison/poismph/datapoismphseq/poisauth_mph_3f2601d9.csv,ok,235,7,0,authentic,0,authentic,0.995071291923523,all_windows,no_qualified_attack_window,7,0,0.0,True,0.9247474074363708,0.995071291923523,0.05186740309000015,0.027608487755060196,0.13132569193840027,0.995071291923523,0.05186740309000015,0.027608487755060196,0.13132569193840027,
poison/poismph/datapoismphseq/poisauth_mph_3f26b37b.csv,ok,194,5,0,authentic,0,authentic,0.9968423843383789,all_windows,no_qualified_attack_window,5,0,0.0,True,0.9895190000534058,0.9968423843383789,0.004341254476457834,0.0031430076342076063,0.011415963992476463,0.9968423843383789,0.004341254476457834,0.0031430076342076063,0.011415963992476463,
poison/poismph/datapoismphseq/poisauth_mph_3f26dfa5.csv,ok,224,7,0,authentic,0,authentic,0.9983985424041748,all_windows,no_qualified_attack_window,7,0,0.0,True,0.8842183947563171,0.9983985424041748,0.05493568256497383,0.030731789767742157,0.3863216042518616,0.9983985424041748,0.05493568256497383,0.030731789767742157,0.3863216042518616,
poison/poismph/datapoismphseq/poisauth_mph_3f2ac3b2.csv,ok,176,4,0,authentic,0,authentic,0.9906508326530457,all_windows,no_qualified_attack_window,4,0,0.0,True,0.8590059280395508,0.9906508326530457,0.19964846968650818,0.07714022696018219,0.05522366613149643,0.9906508326530457,0.19964846968650818,0.07714022696018219,0.05522366613149643,
poison/poismph/datapoismphseq/poisauth_mph_3f2b37cf.csv,ok,218,6,0,authentic,0,authentic,0.9951281547546387,all_windows,no_qualified_attack_window,6,0,0.0,True,0.8368806838989258,0.9951281547546387,0.2472941130399704,0.12700927257537842,0.10304500162601471,0.9951281547546387,0.2472941130399704,0.12700927257537842,0.10304500162601471,
poison/poismph/datapoismphseq/poisauth_mph_3f2e7614.csv,ok,208,6,0,authentic,0,authentic,0.9973278045654297,all_windows,no_qualified_attack_window,6,0,0.0,True,0.832646369934082,0.9973278045654297,0.2820223867893219,0.1471685767173767,0.1135675460100174,0.9973278045654297,0.2820223867893219,0.1471685767173767,0.1135675460100174,
poison/poismph/datapoismphseq/poisauth_mph_3f2e8f41.csv,ok,205,5,0,authentic,2,modified_speed,0.7426947355270386,all_windows,qualified_attack_window,5,1,0.2,False,0.7468985915184021,0.9919884204864502,0.1841908097267151,0.7426947355270386,0.05759270489215851,0.9919884204864502,0.1841908097267151,0.7426947355270386,0.05759270489215851,
poison/poismph/datapoismphseq/poisauth_mph_3f325ccc.csv,ok,205,5,0,authentic,0,authentic,0.9981942772865295,all_windows,no_qualified_attack_window,5,0,0.0,True,0.9392078518867493,0.9981942772865295,0.06112475320696831,0.030986279249191284,0.11670669168233871,0.9981942772865295,0.06112475320696831,0.030986279249191284,0.11670669168233871,
poison/poismph/datapoismphseq/poisauth_mph_3f35c134.csv,ok,215,6,0,authentic,0,authentic,0.998774528503418,all_windows,no_qualified_attack_window,6,0,0.0,True,0.9661436080932617,0.998774528503418,0.07661740481853485,0.031533464789390564,0.025275876745581627,0.998774528503418,0.07661740481853485,0.031533464789390564,0.025275876745581627,
poison/poismph/datapoismphseq/poisauth_mph_3f360050.csv,ok,227,7,0,authentic,0,authentic,0.9916921257972717,all_windows,no_qualified_attack_window,7,0,0.0,True,0.9614633321762085,0.9916921257972717,0.03758903965353966,0.020481690764427185,0.032787151634693146,0.9916921257972717,0.03758903965353966,0.020481690764427185,0.032787151634693146,
poison/poismph/datapoismphseq/poisauth_mph_3f3a3ec1.csv,ok,289,11,0,authentic,0,authentic,0.9999716877937317,all_windows,no_qualified_attack_window,11,0,0.0,True,0.9228140115737915,0.9999716877937317,0.04894508793950081,0.04308383911848068,0.3166303038597107,0.9999716877937317,0.04894508793950081,0.04308383911848068,0.3166303038597107,
poison/poismph/datapoismphseq/poisauth_mph_3f3a49a0.csv,ok,223,6,0,authentic,0,authentic,0.9989944100379944,all_windows,no_qualified_attack_window,6,0,0.0,True,0.9861817359924316,0.9989944100379944,0.045018505305051804,0.015060573816299438,0.002389216097071767,0.9989944100379944,0.045018505305051804,0.015060573816299438,0.002389216097071767,
poison/poismph/datapoismphseq/poisauth_mph_3f3e624f.csv,ok,219,6,0,authentic,0,authentic,0.9999594688415527,all_windows,no_qualified_attack_window,6,0,0.0,True,0.9771430492401123,0.9999594688415527,0.027603618800640106,0.01255468837916851,0.04267876595258713,0.9999594688415527,0.027603618800640106,0.01255468837916851,0.04267876595258713,
poison/poismph/datapoismphseq/poisauth_mph_3f421169.csv,ok,253,8,0,authentic,0,authentic,0.9942626357078552,all_windows,no_qualified_attack_window,8,0,0.0,True,0.8964982032775879,0.9942626357078552,0.21519094705581665,0.330964058637619,0.05686493217945099,0.9942626357078552,0.21519094705581665,0.330964058637619,0.05686493217945099,
poison/poismph/datapoismphseq/poisauth_mph_3f42884e.csv,ok,195,5,0,authentic,0,authentic,0.9999924898147583,all_windows,no_qualified_attack_window,5,0,0.0,True,0.7496422529220581,0.9999924898147583,0.36799782514572144,0.3174525797367096,0.00930500216782093,0.9999924898147583,0.36799782514572144,0.3174525797367096,0.00930500216782093,
poison/poismph/datapoismphseq/poisauth_mph_3f42c0c7.csv,ok,207,5,0,authentic,0,authentic,0.9990565180778503,all_windows,no_qualified_attack_window,5,0,0.0,True,0.9144089818000793,0.9990565180778503,0.1578243523836136,0.05298558622598648,0.03938150033354759,0.9990565180778503,0.1578243523836136,0.05298558622598648,0.03938150033354759,
poison/poismph/datapoismphseq/poisauth_mph_3f46c72a.csv,ok,233,7,0,authentic,0,authentic,0.9996005892753601,all_windows,no_qualified_attack_window,7,0,0.0,True,0.9949505925178528,0.9996005892753601,0.004864619579166174,0.004488720092922449,0.01425966713577509,0.9996005892753601,0.004864619579166174,0.004488720092922449,0.01425966713577509,
poison/poismph/datapoismphseq/poisauth_mph_3f46ee35.csv,ok,199,5,0,authentic,0,authentic,0.9999949932098389,all_windows,no_qualified_attack_window,5,0,0.0,True,0.907934844493866,0.9999949932098389,0.09040749073028564,0.05246345326304436,0.0899687111377716,0.9999949932098389,0.09040749073028564,0.05246345326304436,0.0899687111377716,
poison/poismph/datapoismphseq/poisauth_mph_3f4ac1e4.csv,ok,192,5,0,authentic,0,authentic,0.9987441897392273,all_windows,no_qualified_attack_window,5,0,0.0,True,0.7827072739601135,0.9987441897392273,0.33242833614349365,0.31411075592041016,0.05390515178442001,0.9987441897392273,0.33242833614349365,0.31411075592041016,0.05390515178442001,
poison/poismph/datapoismphseq/poisauth_mph_3f4dc55d.csv,ok,225,7,0,authentic,0,authentic,0.9997352957725525,all_windows,no_qualified_attack_window,7,0,0.0,True,0.8175173997879028,0.9997352957725525,0.22960035502910614,0.18768827617168427,0.05394547060132027,0.9997352957725525,0.22960035502910614,0.18768827617168427,0.05394547060132027,
poison/poismph/datapoismphseq/poisauth_mph_3f4ddd02.csv,ok,212,6,0,authentic,0,authentic,0.9997997879981995,all_windows,no_qualified_attack_window,6,0,0.0,True,0.8157413601875305,0.9997997879981995,0.14620059728622437,0.01673024706542492,0.27264904975891113,0.9997997879981995,0.14620059728622437,0.01673024706542492,0.27264904975891113,
poison/poismph/datapoismphseq/poisauth_mph_3f5229d9.csv,ok,295,11,0,authentic,0,authentic,0.9993050694465637,all_windows,no_qualified_attack_window,11,0,0.0,True,0.9499586224555969,0.9993050694465637,0.08895310014486313,0.10186786204576492,0.03610605373978615,0.9993050694465637,0.08895310014486313,0.10186786204576492,0.03610605373978615,
poison/poismph/datapoismphseq/poisauth_mph_3f52687e.csv,ok,231,7,0,authentic,0,authentic,0.9994755387306213,all_windows,no_qualified_attack_window,7,0,0.0,True,0.9333683252334595,0.9994755387306213,0.08377087116241455,0.19589002430438995,0.004105647560209036,0.9994755387306213,0.08377087116241455,0.19589002430438995,0.004105647560209036,
poison/poismph/datapoismphseq/poisauth_mph_3f5af0e7.csv,ok,200,5,0,authentic,0,authentic,0.9936943054199219,all_windows,no_qualified_attack_window,5,0,0.0,True,0.8670462369918823,0.9936943054199219,0.13631585240364075,0.1402805596590042,0.09954611212015152,0.9936943054199219,0.13631585240364075,0.1402805596590042,0.09954611212015152,
poison/poismph/datapoismphseq/poisauth_mph_3f5f1cea.csv,ok,219,6,0,authentic,2,modified_speed,0.45332643389701843,all_windows,qualified_attack_window,6,3,0.5,False,0.4941030740737915,0.9999224543571472,0.44341617822647095,0.45332643389701843,0.05516265705227852,0.9999224543571472,0.44341617822647095,0.45332643389701843,0.05516265705227852,
poison/poismph/datapoismphseq/poisauth_mph_3f5f4746.csv,ok,193,5,0,authentic,0,authentic,0.9944376945495605,all_windows,no_qualified_attack_window,5,0,0.0,True,0.9785887002944946,0.9944376945495605,0.01930835098028183,0.006430775858461857,0.03851970657706261,0.9944376945495605,0.01930835098028183,0.006430775858461857,0.03851970657706261,
poison/poismph/datapoismphseq/poisauth_mph_3f5f559d.csv,ok,168,3,0,authentic,1,modified_altitude,0.5203726887702942,all_windows,qualified_attack_window,3,1,0.3333333333333333,False,0.7541319727897644,0.997826874256134,0.5203726887702942,0.001502583036199212,0.21120555698871613,0.997826874256134,0.5203726887702942,0.001502583036199212,0.21120555698871613,
poison/poismph/datapoismphseq/poisauth_mph_3f66d87a.csv,ok,211,6,0,authentic,0,authentic,0.9985864162445068,all_windows,no_qualified_attack_window,6,0,0.0,True,0.9802746772766113,0.9985864162445068,0.03087787888944149,0.006074802950024605,0.03684501349925995,0.9985864162445068,0.03087787888944149,0.006074802950024605,0.03684501349925995,
poison/poismph/datapoismphseq/poisauth_mph_3f67096a.csv,ok,427,19,0,authentic,0,authentic,0.9996424913406372,all_windows,no_qualified_attack_window,19,0,0.0,True,0.9498708844184875,0.9996424913406372,0.1542886346578598,0.044922951608896255,0.09851603209972382,0.9996424913406372,0.1542886346578598,0.044922951608896255,0.09851603209972382,
poison/poismph/datapoismphseq/poisauth_mph_3f6a9c9b.csv,ok,194,5,0,authentic,0,authentic,0.9815323352813721,all_windows,no_qualified_attack_window,5,0,0.0,True,0.8859373927116394,0.9815323352813721,0.15683655440807343,0.12097978591918945,0.0937734916806221,0.9815323352813721,0.15683655440807343,0.12097978591918945,0.0937734916806221,
poison/poismph/datapoismphseq/poisauth_mph_3f6b0792.csv,ok,240,8,0,authentic,3,modified_position,0.48038411140441895,all_windows,qualified_attack_window,8,1,0.125,False,0.9053957462310791,0.9995638132095337,0.17255555093288422,0.0031823404133319855,0.48038411140441895,0.9995638132095337,0.17255555093288422,0.0031823404133319855,0.48038411140441895,
poison/poismph/datapoismphseq/poisauth_mph_3f6e8fbb.csv,ok,238,7,0,authentic,0,authentic,0.9983709454536438,all_windows,no_qualified_attack_window,7,0,0.0,True,0.9604059457778931,0.9983709454536438,0.029654989019036293,0.024990009143948555,0.07642678916454315,0.9983709454536438,0.029654989019036293,0.024990009143948555,0.07642678916454315,
poison/poismph/datapoismphseq/poisauth_mph_3f6ed9ff.csv,ok,331,13,0,authentic,0,authentic,0.9947616457939148,all_windows,no_qualified_attack_window,13,0,0.0,True,0.8723658919334412,0.9947616457939148,0.12132127583026886,0.20236629247665405,0.21628229320049286,0.9947616457939148,0.12132127583026886,0.20236629247665405,0.21628229320049286,
poison/poismph/datapoismphseq/poisauth_mph_3f72dde5.csv,ok,180,4,0,authentic,0,authentic,0.9989137649536133,all_windows,no_qualified_attack_window,4,0,0.0,True,0.9645811915397644,0.9989137649536133,0.05644039437174797,0.045202821493148804,0.008967605419456959,0.9989137649536133,0.05644039437174797,0.045202821493148804,0.008967605419456959,
poison/poismph/datapoismphseq/poisauth_mph_3f7ba01a.csv,ok,182,4,0,authentic,0,authentic,0.9999998807907104,all_windows,no_qualified_attack_window,4,0,0.0,True,0.9261032342910767,0.9999998807907104,0.14620976150035858,0.10331986099481583,0.0169268436729908,0.9999998807907104,0.14620976150035858,0.10331986099481583,0.0169268436729908,
poison/poismph/datapoismphseq/poisauth_mph_3f7f9dd0.csv,ok,215,6,0,authentic,0,authentic,0.9999991655349731,all_windows,no_qualified_attack_window,6,0,0.0,True,0.9971802234649658,0.9999991655349731,0.005967458710074425,0.00368275074288249,0.006722299847751856,0.9999991655349731,0.005967458710074425,0.00368275074288249,0.006722299847751856,
poison/poismph/datapoismphseq/poisauth_mph_3f836cd3.csv,ok,212,6,0,authentic,1,modified_altitude,0.6254249215126038,all_windows,qualified_attack_window,6,1,0.16666666666666666,False,0.641941249370575,0.9752233028411865,0.6254249215126038,0.3683166205883026,0.016585219651460648,0.9752233028411865,0.6254249215126038,0.3683166205883026,0.016585219651460648,
poison/poismph/datapoismphseq/poisauth_mph_3f86beca.csv,ok,215,6,0,authentic,0,authentic,0.9976388812065125,all_windows,no_qualified_attack_window,6,0,0.0,True,0.95815110206604,0.9976388812065125,0.12907592952251434,0.03558456152677536,0.015864649787545204,0.9976388812065125,0.12907592952251434,0.03558456152677536,0.015864649787545204,
poison/poismph/datapoismphseq/poisauth_mph_3f871473.csv,ok,210,6,0,authentic,0,authentic,0.9923903346061707,all_windows,no_qualified_attack_window,6,0,0.0,True,0.923369824886322,0.9923903346061707,0.1621495485305786,0.027618369087576866,0.1046980693936348,0.9923903346061707,0.1621495485305786,0.027618369087576866,0.1046980693936348,
poison/poismph/datapoismphseq/poisauth_mph_3f873ddb.csv,ok,283,10,0,authentic,0,authentic,0.9991936683654785,all_windows,no_qualified_attack_window,10,0,0.0,True,0.9685342907905579,0.9991936683654785,0.09241995960474014,0.06812133640050888,0.03406329080462456,0.9991936683654785,0.09241995960474014,0.06812133640050888,0.03406329080462456,
poison/poismph/datapoismphseq/poisauth_mph_3f873f36.csv,ok,174,3,0,authentic,1,modified_altitude,0.6610424518585205,all_windows,qualified_attack_window,3,1,0.3333333333333333,False,0.5724263191223145,0.7456353306770325,0.6610424518585205,0.12059811502695084,0.14419741928577423,0.7456353306770325,0.6610424518585205,0.12059811502695084,0.14419741928577423,
poison/poismph/datapoismphseq/poisauth_mph_3f8aa6b7.csv,ok,238,7,0,authentic,0,authentic,0.9998859167098999,all_windows,no_qualified_attack_window,7,0,0.0,True,0.9155449867248535,0.9998859167098999,0.17990216612815857,0.15256203711032867,0.032234013080596924,0.9998859167098999,0.17990216612815857,0.15256203711032867,0.032234013080596924,
poison/poismph/datapoismphseq/poisauth_mph_3f8b1603.csv,ok,231,7,0,authentic,2,modified_speed,0.717609703540802,all_windows,qualified_attack_window,7,1,0.14285714285714285,False,0.7781439423561096,0.9999772906303406,0.20064899325370789,0.717609703540802,0.036417338997125626,0.9999772906303406,0.20064899325370789,0.717609703540802,0.036417338997125626,
poison/poismph/datapoismphseq/poisauth_mph_3f8b7bb1.csv,ok,195,5,0,authentic,0,authentic,0.9998340010643005,all_windows,no_qualified_attack_window,5,0,0.0,True,0.8910844922065735,0.9998340010643005,0.2384033501148224,0.21149612963199615,0.016390344128012657,0.9998340010643005,0.2384033501148224,0.21149612963199615,0.016390344128012657,
poison/poismph/datapoismphseq/poisauth_mph_3f8f1c63.csv,ok,153,2,0,authentic,0,authentic,0.7301868796348572,all_windows,no_qualified_attack_window,2,0,0.0,True,0.6531118750572205,0.7301868796348572,0.23602770268917084,0.14532428979873657,0.04261121526360512,0.7301868796348572,0.23602770268917084,0.14532428979873657,0.04261121526360512,
poison/poismph/datapoismphseq/poispos_mph_3e39f7cd.csv,ok,272,10,3,modified_position,3,modified_position,0.99935382604599,all_windows,qualified_attack_window,10,6,0.6,True,0.35719072818756104,0.9883274435997009,0.07892919331789017,0.03698492422699928,0.99935382604599,0.9883274435997009,0.07892919331789017,0.03698492422699928,0.99935382604599,
poison/poismph/datapoismphseq/poispos_mph_3e3a3689.csv,ok,411,18,3,modified_position,3,modified_position,0.9992825388908386,all_windows,qualified_attack_window,18,9,0.5,True,0.5047072172164917,0.9991124272346497,0.315865159034729,0.07096163928508759,0.9992825388908386,0.9991124272346497,0.315865159034729,0.07096163928508759,0.9992825388908386,
poison/poismph/datapoismphseq/poispos_mph_3e3a8fd0.csv,ok,246,8,3,modified_position,3,modified_position,0.9994617700576782,all_windows,qualified_attack_window,8,7,0.875,True,0.12492809444665909,0.9994247555732727,0.0011084197321906686,7.058023129502544e-06,0.9994617700576782,0.9994247555732727,0.0011084197321906686,7.058023129502544e-06,0.9994617700576782,
poison/poismph/datapoismphseq/poispos_mph_3e3d86b8.csv,ok,253,8,3,modified_position,3,modified_position,0.9992568492889404,all_windows,qualified_attack_window,8,4,0.5,True,0.4283435344696045,0.9996020197868347,0.23455731570720673,0.019350610673427582,0.9992568492889404,0.9996020197868347,0.23455731570720673,0.019350610673427582,0.9992568492889404,
poison/poismph/datapoismphseq/poispos_mph_3e4459f6.csv,ok,240,8,3,modified_position,3,modified_position,0.9992060661315918,all_windows,qualified_attack_window,8,5,0.625,True,0.37039074301719666,0.9992950558662415,0.015269159339368343,0.010287557728588581,0.9992060661315918,0.9992950558662415,0.015269159339368343,0.010287557728588581,0.9992060661315918,
poison/poismph/datapoismphseq/poispos_mph_3e44d6af.csv,ok,221,6,3,modified_position,3,modified_position,0.9993422031402588,all_windows,qualified_attack_window,6,5,0.8333333333333334,True,0.16664710640907288,0.9997279047966003,0.10635699331760406,2.3957898065418703e-06,0.9993422031402588,0.9997279047966003,0.10635699331760406,2.3957898065418703e-06,0.9993422031402588,
poison/poismph/datapoismphseq/poispos_mph_3e44f206.csv,ok,186,4,3,modified_position,3,modified_position,0.982648491859436,all_windows,qualified_attack_window,4,1,0.25,True,0.730927050113678,0.9996916055679321,0.028297780081629753,0.016158096492290497,0.982648491859436,0.9996916055679321,0.028297780081629753,0.016158096492290497,0.982648491859436,
poison/poismph/datapoismphseq/poispos_mph_3e47f111.csv,ok,218,6,3,modified_position,3,modified_position,0.9988480806350708,all_windows,qualified_attack_window,6,3,0.5,True,0.42638978362083435,0.9960204362869263,0.3331066071987152,0.03904008865356445,0.9988480806350708,0.9960204362869263,0.3331066071987152,0.03904008865356445,0.9988480806350708,
poison/poismph/datapoismphseq/poispos_mph_3e488bea.csv,ok,201,5,3,modified_position,3,modified_position,0.9990503191947937,all_windows,qualified_attack_window,5,2,0.4,True,0.5367282629013062,0.9602983593940735,0.09843625873327255,0.09362396597862244,0.9990503191947937,0.9602983593940735,0.09843625873327255,0.09362396597862244,0.9990503191947937,
poison/poismph/datapoismphseq/poispos_mph_3e4c00ce.csv,ok,199,5,3,modified_position,3,modified_position,0.9978366494178772,all_windows,qualified_attack_window,5,1,0.2,True,0.7691322565078735,0.9999218583106995,0.02490566298365593,0.031760625541210175,0.9978366494178772,0.9999218583106995,0.02490566298365593,0.031760625541210175,0.9978366494178772,
poison/poismph/datapoismphseq/poispos_mph_3e4c8398.csv,ok,265,9,3,modified_position,3,modified_position,0.9991945624351501,all_windows,qualified_attack_window,9,5,0.5555555555555556,True,0.3964492082595825,0.981996476650238,0.03638030216097832,0.004694349132478237,0.9991945624351501,0.981996476650238,0.03638030216097832,0.004694349132478237,0.9991945624351501,
poison/poismph/datapoismphseq/poispos_mph_3e500481.csv,ok,251,8,3,modified_position,3,modified_position,0.9993928670883179,all_windows,qualified_attack_window,8,8,1.0,True,0.038727402687072754,0.30981922149658203,0.29640457034111023,0.35637569427490234,0.9993928670883179,0.30981922149658203,0.29640457034111023,0.35637569427490234,0.9993928670883179,
poison/poismph/datapoismphseq/poispos_mph_3e503efe.csv,ok,238,7,3,modified_position,3,modified_position,0.9993715882301331,all_windows,qualified_attack_window,7,6,0.8571428571428571,True,0.14202263951301575,0.9941585063934326,0.006583263631910086,0.0006732707261107862,0.9993715882301331,0.9941585063934326,0.006583263631910086,0.0006732707261107862,0.9993715882301331,
poison/poismph/datapoismphseq/poispos_mph_3e57a9b1.csv,ok,211,6,3,modified_position,3,modified_position,0.9995025396347046,all_windows,qualified_attack_window,6,5,0.8333333333333334,True,0.10486885905265808,0.6292131543159485,0.3071015477180481,0.0013302154839038849,0.9995025396347046,0.6292131543159485,0.3071015477180481,0.0013302154839038849,0.9995025396347046,
poison/poismph/datapoismphseq/poispos_mph_3e5e15b4.csv,ok,242,8,3,modified_position,3,modified_position,0.9994617700576782,all_windows,qualified_attack_window,8,8,1.0,True,6.930261949482224e-22,5.221290042231154e-21,0.0011480690445750952,0.0,0.9994617700576782,5.221290042231154e-21,0.0011480690445750952,0.0,0.9994617700576782,
poison/poismph/datapoismphseq/poispos_mph_3e5ea18c.csv,ok,216,6,3,modified_position,3,modified_position,0.9993849992752075,all_windows,qualified_attack_window,6,6,1.0,True,7.372459886278907e-23,1.419775070256714e-22,0.0007398757734335959,0.0,0.9993849992752075,1.419775070256714e-22,0.0007398757734335959,0.0,0.9993849992752075,
poison/poismph/datapoismphseq/poispos_mph_3e61b514.csv,ok,269,9,3,modified_position,3,modified_position,0.9915346503257751,all_windows,qualified_attack_window,9,8,0.8888888888888888,True,0.10654498636722565,0.9588635563850403,0.07215381413698196,0.0012531019747257233,0.9915346503257751,0.9588635563850403,0.07215381413698196,0.0012531019747257233,0.9915346503257751,
poison/poismph/datapoismphseq/poispos_mph_3e61de69.csv,ok,217,6,3,modified_position,3,modified_position,0.9989091157913208,all_windows,qualified_attack_window,6,3,0.5,True,0.4837550222873688,0.99921715259552,0.09489704668521881,0.03816034272313118,0.9989091157913208,0.99921715259552,0.09489704668521881,0.03816034272313118,0.9989091157913208,
poison/poismph/datapoismphseq/poispos_mph_3e622608.csv,ok,181,4,3,modified_position,3,modified_position,0.9992212653160095,all_windows,qualified_attack_window,4,3,0.75,True,0.23393283784389496,0.9332912564277649,0.14321111142635345,0.02525440789759159,0.9992212653160095,0.9332912564277649,0.14321111142635345,0.02525440789759159,0.9992212653160095,
poison/poismph/datapoismphseq/poispos_mph_3e656a7d.csv,ok,204,5,3,modified_position,3,modified_position,0.999470055103302,all_windows,qualified_attack_window,5,5,1.0,True,1.75214510970145e-23,3.583432216402655e-23,0.0006254429463297129,0.0,0.999470055103302,3.583432216402655e-23,0.0006254429463297129,0.0,0.999470055103302,
poison/poismph/datapoismphseq/poispos_mph_3e696d81.csv,ok,205,5,3,modified_position,3,modified_position,0.998845100402832,all_windows,qualified_attack_window,5,2,0.4,True,0.5261054635047913,0.9726109504699707,0.2254902720451355,0.020936686545610428,0.998845100402832,0.9726109504699707,0.2254902720451355,0.020936686545610428,0.998845100402832,
poison/poismph/datapoismphseq/poispos_mph_3e6caa8e.csv,ok,247,8,3,modified_position,3,modified_position,0.9992183446884155,all_windows,qualified_attack_window,8,5,0.625,True,0.3712019920349121,0.9944124817848206,0.02872590906918049,0.002246083924546838,0.9992183446884155,0.9944124817848206,0.02872590906918049,0.002246083924546838,0.9992183446884155,
poison/poismph/datapoismphseq/poispos_mph_3e73fb1c.csv,ok,234,7,3,modified_position,3,modified_position,0.999175488948822,all_windows,qualified_attack_window,7,2,0.2857142857142857,True,0.6756739616394043,0.9986453056335449,0.1669776439666748,0.0827164500951767,0.999175488948822,0.9986453056335449,0.1669776439666748,0.0827164500951767,0.999175488948822,
poison/poismph/datapoismphseq/poispos_mph_3e743eea.csv,ok,187,4,3,modified_position,3,modified_position,0.9989699125289917,all_windows,qualified_attack_window,4,1,0.25,True,0.6790732741355896,0.9963904023170471,0.20124304294586182,0.014848087914288044,0.9989699125289917,0.9963904023170471,0.20124304294586182,0.014848087914288044,0.9989699125289917,
poison/poismph/datapoismphseq/poispos_mph_3e77a028.csv,ok,191,4,3,modified_position,3,modified_position,0.9994267821311951,all_windows,qualified_attack_window,4,3,0.75,True,0.24979984760284424,0.999199390411377,0.0020684986375272274,9.123456948145758e-06,0.9994267821311951,0.999199390411377,0.0020684986375272274,9.123456948145758e-06,0.9994267821311951,
poison/poismph/datapoismphseq/poispos_mph_3e77f289.csv,ok,201,5,3,modified_position,3,modified_position,0.9854449033737183,all_windows,qualified_attack_window,5,5,1.0,True,1.8746020014059894e-10,7.586867245557016e-10,0.025841103866696358,7.810714326343052e-21,0.9854449033737183,7.586867245557016e-10,0.025841103866696358,7.810714326343052e-21,0.9854449033737183,
poison/poismph/datapoismphseq/poispos_mph_3e7b8676.csv,ok,205,5,3,modified_position,3,modified_position,0.999515175819397,all_windows,qualified_attack_window,5,5,1.0,True,7.732431159055367e-24,1.1710235452361542e-23,0.0005458621890284121,0.0,0.999515175819397,1.1710235452361542e-23,0.0005458621890284121,0.0,0.999515175819397,
poison/poismph/datapoismphseq/poispos_mph_3e7b8fcb.csv,ok,211,6,3,modified_position,3,modified_position,0.9993888139724731,all_windows,qualified_attack_window,6,6,1.0,True,4.6923885800464726e-23,1.1664839504937512e-22,0.0007224486907944083,0.0,0.9993888139724731,1.1664839504937512e-22,0.0007224486907944083,0.0,0.9993888139724731,
poison/poismph/datapoismphseq/poispos_mph_3e7b9bb4.csv,ok,196,5,3,modified_position,3,modified_position,0.9994426965713501,all_windows,qualified_attack_window,5,5,1.0,True,5.810861761650876e-23,1.6994602137309233e-22,0.0007561300881206989,0.0,0.9994426965713501,1.6994602137309233e-22,0.0007561300881206989,0.0,0.9994426965713501,
poison/poismph/datapoismphseq/poispos_mph_3e7f3fd9.csv,ok,195,5,3,modified_position,3,modified_position,0.9994892477989197,all_windows,qualified_attack_window,5,5,1.0,True,1.081925650295967e-23,1.5998873819291046e-23,0.0005672342958860099,0.0,0.9994892477989197,1.5998873819291046e-23,0.0005672342958860099,0.0,0.9994892477989197,
poison/poismph/datapoismphseq/poispos_mph_3e83ff63.csv,ok,176,4,3,modified_position,3,modified_position,0.9993748664855957,all_windows,qualified_attack_window,4,4,1.0,True,1.276494327150294e-22,2.4074388947952627e-22,0.000788995239418,0.0,0.9993748664855957,2.4074388947952627e-22,0.000788995239418,0.0,0.9993748664855957,
poison/poismph/datapoismphseq/poispos_mph_3e881f6e.csv,ok,193,5,3,modified_position,3,modified_position,0.9991235136985779,all_windows,qualified_attack_window,5,5,1.0,True,1.581847858423272e-20,4.7703903360368044e-20,0.0015025581233203411,0.0,0.9991235136985779,4.7703903360368044e-20,0.0015025581233203411,0.0,0.9991235136985779,
poison/poismph/datapoismphseq/poispos_mph_3e9de1d5.csv,ok,250,8,3,modified_position,3,modified_position,0.9993937015533447,all_windows,qualified_attack_window,8,8,1.0,True,0.00025916341110132635,0.0020733072888106108,0.12147672474384308,1.4422200820263242e-06,0.9993937015533447,0.0020733072888106108,0.12147672474384308,1.4422200820263242e-06,0.9993937015533447,
poison/poismph/datapoismphseq/poispos_mph_3e9e281c.csv,ok,241,8,3,modified_position,3,modified_position,0.9993233680725098,all_windows,qualified_attack_window,8,6,0.75,True,0.24888810515403748,0.9983620643615723,0.0014194280374795198,0.0005010981112718582,0.9993233680725098,0.9983620643615723,0.0014194280374795198,0.0005010981112718582,0.9993233680725098,
poison/poismph/datapoismphseq/poispos_mph_3e9e7954.csv,ok,197,5,3,modified_position,3,modified_position,0.9993175268173218,all_windows,qualified_attack_window,5,4,0.8,True,0.19990427792072296,0.9995213747024536,0.002331701572984457,2.865180249500554e-06,0.9993175268173218,0.9995213747024536,0.002331701572984457,2.865180249500554e-06,0.9993175268173218,
poison/poismph/datapoismphseq/poispos_mph_3e9e8545.csv,ok,196,5,3,modified_position,3,modified_position,0.9994215965270996,all_windows,qualified_attack_window,5,5,1.0,True,1.857583065145718e-08,9.287915503364275e-08,0.04559820517897606,4.060941176328725e-16,0.9994215965270996,9.287915503364275e-08,0.04559820517897606,4.060941176328725e-16,0.9994215965270996,
poison/poismph/datapoismphseq/poispos_mph_3ea21b8b.csv,ok,231,7,3,modified_position,3,modified_position,0.9993771910667419,all_windows,qualified_attack_window,7,5,0.7142857142857143,True,0.24703696370124817,0.9990137815475464,0.07500368356704712,0.1636977195739746,0.9993771910667419,0.9990137815475464,0.07500368356704712,0.1636977195739746,0.9993771910667419,
poison/poismph/datapoismphseq/poispos_mph_3ea230f5.csv,ok,367,15,3,modified_position,3,modified_position,0.9991987943649292,all_windows,qualified_attack_window,15,8,0.5333333333333333,True,0.430798202753067,0.9998726844787598,0.069383405148983,0.16314944624900818,0.9991987943649292,0.9998726844787598,0.069383405148983,0.16314944624900818,0.9991987943649292,
poison/poismph/datapoismphseq/poispos_mph_3ea262ed.csv,ok,194,5,3,modified_position,3,modified_position,0.9992783069610596,all_windows,qualified_attack_window,5,4,0.8,True,0.19714006781578064,0.9857003688812256,0.005992611404508352,0.0027570019010454416,0.9992783069610596,0.9857003688812256,0.005992611404508352,0.0027570019010454416,0.9992783069610596,
poison/poismph/datapoismphseq/poispos_mph_3ea5338f.csv,ok,213,6,3,modified_position,3,modified_position,0.9992266893386841,all_windows,qualified_attack_window,6,3,0.5,True,0.4768131673336029,0.9848611950874329,0.05318000540137291,0.02051178552210331,0.9992266893386841,0.9848611950874329,0.05318000540137291,0.02051178552210331,0.9992266893386841,
poison/poismph/datapoismphseq/poispos_mph_3ea57789.csv,ok,206,5,3,modified_position,3,modified_position,0.9993698000907898,all_windows,qualified_attack_window,5,5,1.0,True,4.648574298737411e-22,1.5382010150501544e-21,0.0009891291847452521,0.0,0.9993698000907898,1.5382010150501544e-21,0.0009891291847452521,0.0,0.9993698000907898,
poison/poismph/datapoismphseq/poispos_mph_3ea59d67.csv,ok,193,5,3,modified_position,3,modified_position,0.9993866682052612,all_windows,qualified_attack_window,5,5,1.0,True,2.486464329707662e-21,1.2245025218467396e-20,0.0012737269280478358,0.0,0.9993866682052612,1.2245025218467396e-20,0.0012737269280478358,0.0,0.9993866682052612,
poison/poismph/datapoismphseq/poispos_mph_3eac32b0.csv,ok,293,11,3,modified_position,3,modified_position,0.9994166493415833,all_windows,qualified_attack_window,11,7,0.6363636363636364,True,0.36916831135749817,0.9991536140441895,0.14356477558612823,0.0598321370780468,0.9994166493415833,0.9991536140441895,0.14356477558612823,0.0598321370780468,0.9994166493415833,
poison/poismph/datapoismphseq/poispos_mph_3eac72f8.csv,ok,194,5,3,modified_position,3,modified_position,0.9992908835411072,all_windows,qualified_attack_window,5,5,1.0,True,5.1696004722541315e-15,2.5848003208303605e-14,0.007488809991627932,5.968619115876457e-31,0.9992908835411072,2.5848003208303605e-14,0.007488809991627932,5.968619115876457e-31,0.9992908835411072,
poison/poismph/datapoismphseq/poispos_mph_3eaca993.csv,ok,229,7,3,modified_position,3,modified_position,0.9994438290596008,all_windows,qualified_attack_window,7,5,0.7142857142857143,True,0.19663047790527344,0.9924665689468384,0.24263520538806915,0.006225832737982273,0.9994438290596008,0.9924665689468384,0.24263520538806915,0.006225832737982273,0.9994438290596008,
poison/poismph/datapoismphseq/poispos_mph_3eb0a8e3.csv,ok,207,5,3,modified_position,3,modified_position,0.9954907298088074,all_windows,qualified_attack_window,5,1,0.2,True,0.6252155303955078,0.9836753606796265,0.2431396096944809,0.10560384392738342,0.9954907298088074,0.9836753606796265,0.2431396096944809,0.10560384392738342,0.9954907298088074,
poison/poismph/datapoismphseq/poispos_mph_3eb0e146.csv,ok,287,10,3,modified_position,3,modified_position,0.9994688630104065,all_windows,qualified_attack_window,10,8,0.8,True,0.199760302901268,0.9990800619125366,0.0013356386916711926,3.065652708755806e-05,0.9994688630104065,0.9990800619125366,0.0013356386916711926,3.065652708755806e-05,0.9994688630104065,
poison/poismph/datapoismphseq/poispos_mph_3eb3f86a.csv,ok,204,5,3,modified_position,3,modified_position,0.9992125034332275,all_windows,qualified_attack_window,5,5,1.0,True,5.361665984914384e-21,2.0932824836135852e-20,0.0013602284016087651,0.0,0.9992125034332275,2.0932824836135852e-20,0.0013602284016087651,0.0,0.9992125034332275,
poison/poismph/datapoismphseq/poispos_mph_3eb46d81.csv,ok,173,3,3,modified_position,3,modified_position,0.9994534850120544,all_windows,qualified_attack_window,3,3,1.0,True,1.8104147937821432e-23,2.3182086605496157e-23,0.0005934914806857705,0.0,0.9994534850120544,2.3182086605496157e-23,0.0005934914806857705,0.0,0.9994534850120544,
poison/poismph/datapoismphseq/poispos_mph_3eb85606.csv,ok,214,6,3,modified_position,3,modified_position,0.9992274045944214,all_windows,qualified_attack_window,6,3,0.5,True,0.4921096861362457,0.9970227479934692,0.01498211920261383,0.004456102382391691,0.9992274045944214,0.9970227479934692,0.01498211920261383,0.004456102382391691,0.9992274045944214,
poison/poismph/datapoismphseq/poispos_mph_3ebc2471.csv,ok,257,9,3,modified_position,3,modified_position,0.9992339015007019,all_windows,qualified_attack_window,9,5,0.5555555555555556,True,0.43092527985572815,0.9957808256149292,0.12103305757045746,0.012564069591462612,0.9992339015007019,0.9957808256149292,0.12103305757045746,0.012564069591462612,0.9992339015007019,
poison/poismph/datapoismphseq/poispos_mph_3ebf64ae.csv,ok,187,4,3,modified_position,3,modified_position,0.9993591904640198,all_windows,qualified_attack_window,4,3,0.75,True,0.24228191375732422,0.9691276550292969,0.012718445621430874,0.007768222596496344,0.9993591904640198,0.9691276550292969,0.012718445621430874,0.007768222596496344,0.9993591904640198,
poison/poismph/datapoismphseq/poispos_mph_3ebfcb91.csv,ok,167,3,3,modified_position,3,modified_position,0.9994603991508484,all_windows,qualified_attack_window,3,3,1.0,True,1.8292915626716422e-07,5.487874545906379e-07,0.05608595907688141,2.2922468299033973e-14,0.9994603991508484,5.487874545906379e-07,0.05608595907688141,2.2922468299033973e-14,0.9994603991508484,
poison/poismph/datapoismphseq/poispos_mph_3ebff749.csv,ok,268,9,3,modified_position,3,modified_position,0.9994004964828491,all_windows,qualified_attack_window,9,8,0.8888888888888888,True,0.11044283211231232,0.9939854741096497,0.0027526230551302433,0.0004223746946081519,0.9994004964828491,0.9939854741096497,0.0027526230551302433,0.0004223746946081519,0.9994004964828491,
poison/poismph/datapoismphseq/poispos_mph_3ec33d32.csv,ok,188,4,3,modified_position,3,modified_position,0.9993100762367249,all_windows,qualified_attack_window,4,4,1.0,True,1.0076963224487994e-21,3.2417995804680927e-21,0.0010832857806235552,0.0,0.9993100762367249,3.2417995804680927e-21,0.0010832857806235552,0.0,0.9993100762367249,
poison/poismph/datapoismphseq/poispos_mph_3eca8b3b.csv,ok,214,6,3,modified_position,3,modified_position,0.9990358352661133,all_windows,qualified_attack_window,6,3,0.5,True,0.4786290228366852,0.9986110329627991,0.09788765013217926,0.018584929406642914,0.9990358352661133,0.9986110329627991,0.09788765013217926,0.018584929406642914,0.9990358352661133,
poison/poismph/datapoismphseq/poispos_mph_3ece97cb.csv,ok,225,7,3,modified_position,3,modified_position,0.9992592930793762,all_windows,qualified_attack_window,7,3,0.42857142857142855,True,0.5417938232421875,0.9980002045631409,0.129004567861557,0.041501596570014954,0.9992592930793762,0.9980002045631409,0.129004567861557,0.041501596570014954,0.9992592930793762,
poison/poismph/datapoismphseq/poispos_mph_3ed74cd0.csv,ok,219,6,3,modified_position,3,modified_position,0.9995395541191101,all_windows,qualified_attack_window,6,6,1.0,True,8.47355414659693e-24,1.58801376312808e-23,0.0005663515767082572,0.0,0.9995395541191101,1.58801376312808e-23,0.0005663515767082572,0.0,0.9995395541191101,
poison/poismph/datapoismphseq/poispos_mph_3edaa4e3.csv,ok,230,7,3,modified_position,3,modified_position,0.9994615316390991,all_windows,qualified_attack_window,7,6,0.8571428571428571,True,0.10039032995700836,0.7027323246002197,0.23270516097545624,0.062126338481903076,0.9994615316390991,0.7027323246002197,0.23270516097545624,0.062126338481903076,0.9994615316390991,
poison/poismph/datapoismphseq/poispos_mph_3edb145f.csv,ok,199,5,3,modified_position,3,modified_position,0.9990612864494324,all_windows,qualified_attack_window,5,5,1.0,True,2.5806686096397663e-20,6.781911670654491e-20,0.001569670857861638,0.0,0.9990612864494324,6.781911670654491e-20,0.001569670857861638,0.0,0.9990612864494324,
poison/poismph/datapoismphseq/poispos_mph_3edebc1c.csv,ok,195,5,3,modified_position,3,modified_position,0.999354898929596,all_windows,qualified_attack_window,5,5,1.0,True,6.9157214128417e-23,9.933927848677534e-23,0.0007086890400387347,0.0,0.999354898929596,9.933927848677534e-23,0.0007086890400387347,0.0,0.999354898929596,
poison/poismph/datapoismphseq/poispos_mph_3eeab179.csv,ok,229,7,3,modified_position,3,modified_position,0.9995219707489014,all_windows,qualified_attack_window,7,4,0.5714285714285714,True,0.4161655306816101,0.9965073466300964,0.057979002594947815,0.009621326811611652,0.9995219707489014,0.9965073466300964,0.057979002594947815,0.009621326811611652,0.9995219707489014,
poison/poismph/datapoismphseq/poispos_mph_3eeb5bac.csv,ok,191,4,3,modified_position,3,modified_position,0.9947066307067871,all_windows,qualified_attack_window,4,1,0.25,True,0.6761057376861572,0.9544991254806519,0.11056216061115265,0.02996227517724037,0.9947066307067871,0.9544991254806519,0.11056216061115265,0.02996227517724037,0.9947066307067871,
poison/poismph/datapoismphseq/poispos_mph_3eeeaa2c.csv,ok,225,7,3,modified_position,3,modified_position,0.9993833303451538,all_windows,qualified_attack_window,7,7,1.0,True,9.355805138943436e-23,2.218361178935035e-22,0.000781554146669805,0.0,0.9993833303451538,2.218361178935035e-22,0.000781554146669805,0.0,0.9993833303451538,
poison/poismph/datapoismphseq/poispos_mph_3eef2fac.csv,ok,222,6,3,modified_position,3,modified_position,0.9994226694107056,all_windows,qualified_attack_window,6,4,0.6666666666666666,True,0.32874923944473267,0.9995826482772827,0.012653755024075508,0.007577236276119947,0.9994226694107056,0.9995826482772827,0.012653755024075508,0.007577236276119947,0.9994226694107056,
poison/poismph/datapoismphseq/poispos_mph_3ef36878.csv,ok,237,7,3,modified_position,3,modified_position,0.9995173215866089,all_windows,qualified_attack_window,7,7,1.0,True,6.568380561677856e-11,4.597866531952377e-10,0.024329908192157745,2.4163104876442506e-21,0.9995173215866089,4.597866531952377e-10,0.024329908192157745,2.4163104876442506e-21,0.9995173215866089,
poison/poismph/datapoismphseq/poispos_mph_3ef68363.csv,ok,202,5,3,modified_position,3,modified_position,0.9992384910583496,all_windows,qualified_attack_window,5,3,0.6,True,0.3884357511997223,0.9835010766983032,0.017333734780550003,0.011074298061430454,0.9992384910583496,0.9835010766983032,0.017333734780550003,0.011074298061430454,0.9992384910583496,
poison/poismph/datapoismphseq/poispos_mph_3ef6adc6.csv,ok,163,3,3,modified_position,3,modified_position,0.9994609951972961,all_windows,qualified_attack_window,3,3,1.0,True,7.610837243529868e-23,1.490176803970982e-22,0.0007444048533216119,0.0,0.9994609951972961,1.490176803970982e-22,0.0007444048533216119,0.0,0.9994609951972961,
poison/poismph/datapoismphseq/poispos_mph_3ef6d1cd.csv,ok,233,7,3,modified_position,3,modified_position,0.9994507431983948,all_windows,qualified_attack_window,7,7,1.0,True,2.3818876173212265e-16,1.6673212527155198e-15,0.005368857178837061,1.1823645642898668e-33,0.9994507431983948,1.6673212527155198e-15,0.005368857178837061,1.1823645642898668e-33,0.9994507431983948,
poison/poismph/datapoismphseq/poispos_mph_3ef6f483.csv,ok,226,7,3,modified_position,3,modified_position,0.9993174076080322,all_windows,qualified_attack_window,7,7,1.0,True,1.4717743468395383e-08,1.0302420605512452e-07,0.046181902289390564,5.372338231695922e-16,0.9993174076080322,1.0302420605512452e-07,0.046181902289390564,5.372338231695922e-16,0.9993174076080322,
poison/poismph/datapoismphseq/poispos_mph_3efabce5.csv,ok,217,6,3,modified_position,3,modified_position,0.9992079138755798,all_windows,qualified_attack_window,6,2,0.3333333333333333,True,0.6474107503890991,0.9993434548377991,0.035366449505090714,0.01816820539534092,0.9992079138755798,0.9993434548377991,0.035366449505090714,0.01816820539534092,0.9992079138755798,
poison/poismph/datapoismphseq/poispos_mph_3efe4dcd.csv,ok,204,5,3,modified_position,3,modified_position,0.9995142221450806,all_windows,qualified_attack_window,5,5,1.0,True,7.451148603802522e-24,1.1534763599186896e-23,0.0005450417520478368,0.0,0.9995142221450806,1.1534763599186896e-23,0.0005450417520478368,0.0,0.9995142221450806,
poison/poismph/datapoismphseq/poispos_mph_3efe5fe4.csv,ok,225,7,3,modified_position,3,modified_position,0.9993540644645691,all_windows,qualified_attack_window,7,3,0.42857142857142855,True,0.5564166903495789,0.9988487958908081,0.04098176583647728,0.01904492825269699,0.9993540644645691,0.9988487958908081,0.04098176583647728,0.01904492825269699,0.9993540644645691,
poison/poismph/datapoismphseq/poispos_mph_3efe7d81.csv,ok,215,6,3,modified_position,3,modified_position,0.9795176386833191,all_windows,qualified_attack_window,6,6,1.0,True,9.320758609376867e-10,4.394506980531787e-09,0.031831175088882446,4.069128132334971e-19,0.9795176386833191,4.394506980531787e-09,0.031831175088882446,4.069128132334971e-19,0.9795176386833191,
poison/poismph/datapoismphseq/poispos_mph_3efea136.csv,ok,230,7,3,modified_position,3,modified_position,0.9993564486503601,all_windows,qualified_attack_window,7,6,0.8571428571428571,True,0.14273060858249664,0.9991142153739929,0.003830854780972004,9.253817552234977e-06,0.9993564486503601,0.9991142153739929,0.003830854780972004,9.253817552234977e-06,0.9993564486503601,
poison/poismph/datapoismphseq/poispos_mph_3f0239cf.csv,ok,222,6,3,modified_position,3,modified_position,0.9993653893470764,all_windows,qualified_attack_window,6,6,1.0,True,6.530905132390026e-16,3.918542550038423e-15,0.005954906344413757,8.102758232666862e-33,0.9993653893470764,3.918542550038423e-15,0.005954906344413757,8.102758232666862e-33,0.9993653893470764,
poison/poismph/datapoismphseq/poispos_mph_3f02444d.csv,ok,214,6,3,modified_position,3,modified_position,0.9994590282440186,all_windows,qualified_attack_window,6,6,1.0,True,1.6851602612387016e-19,1.0110132318868125e-18,0.0021807916928082705,0.0,0.9994590282440186,1.0110132318868125e-18,0.0021807916928082705,0.0,0.9994590282440186,
poison/poismph/datapoismphseq/poispos_mph_3f061c0f.csv,ok,197,5,3,modified_position,3,modified_position,0.9992547035217285,all_windows,qualified_attack_window,5,5,1.0,True,1.4652408981351714e-21,5.1588556774418735e-21,0.0011463281698524952,0.0,0.9992547035217285,5.1588556774418735e-21,0.0011463281698524952,0.0,0.9992547035217285,
poison/poismph/datapoismphseq/poispos_mph_3f06490c.csv,ok,203,5,3,modified_position,3,modified_position,0.998211145401001,all_windows,qualified_attack_window,5,1,0.2,True,0.6612969040870667,0.9916750192642212,0.19485291838645935,0.16375420987606049,0.998211145401001,0.9916750192642212,0.19485291838645935,0.16375420987606049,0.998211145401001,
poison/poismph/datapoismphseq/poispos_mph_3f067464.csv,ok,218,6,3,modified_position,3,modified_position,0.9995712041854858,all_windows,qualified_attack_window,6,6,1.0,True,2.996623043696806e-24,4.993505701697562e-24,0.0004920538049191236,0.0,0.9995712041854858,4.993505701697562e-24,0.0004920538049191236,0.0,0.9995712041854858,
poison/poismph/datapoismphseq/poispos_mph_3f09cfd8.csv,ok,233,7,3,modified_position,3,modified_position,0.9993457198143005,all_windows,qualified_attack_window,7,4,0.5714285714285714,True,0.42404040694236755,0.9981576204299927,0.10637196898460388,0.0004581699031405151,0.9993457198143005,0.9981576204299927,0.10637196898460388,0.0004581699031405151,0.9993457198143005,
poison/poismph/datapoismphseq/poispos_mph_3f0a1418.csv,ok,230,7,3,modified_position,3,modified_position,0.9993168115615845,all_windows,qualified_attack_window,7,7,1.0,True,0.00011634199472609907,0.0008143939776346087,0.10288414359092712,1.0510092351978528e-07,0.9993168115615845,0.0008143939776346087,0.10288414359092712,1.0510092351978528e-07,0.9993168115615845,
poison/poismph/datapoismphseq/poispos_mph_3f11b99b.csv,ok,255,8,3,modified_position,3,modified_position,0.9991483688354492,all_windows,qualified_attack_window,8,4,0.5,True,0.5116681456565857,0.9974379539489746,0.07139703631401062,0.0009449178469367325,0.9991483688354492,0.9974379539489746,0.07139703631401062,0.0009449178469367325,0.9991483688354492,
poison/poismph/datapoismphseq/poispos_mph_3f147d2b.csv,ok,206,5,3,modified_position,3,modified_position,0.9995564818382263,all_windows,qualified_attack_window,5,5,1.0,True,0.06869511306285858,0.3434755802154541,0.3694181442260742,0.18172740936279297,0.9995564818382263,0.3434755802154541,0.3694181442260742,0.18172740936279297,0.9995564818382263,
poison/poismph/datapoismphseq/poispos_mph_3f14d941.csv,ok,200,5,3,modified_position,3,modified_position,0.999441385269165,all_windows,qualified_attack_window,5,4,0.8,True,0.1997850239276886,0.9989251494407654,0.007001099176704884,3.072122126468457e-05,0.999441385269165,0.9989251494407654,0.007001099176704884,3.072122126468457e-05,0.999441385269165,
poison/poismph/datapoismphseq/poispos_mph_3f18df2b.csv,ok,196,5,3,modified_position,3,modified_position,0.9991618990898132,all_windows,qualified_attack_window,5,5,1.0,True,4.107066719430927e-18,2.0532965379060897e-17,0.0031463471241295338,5.669943935700018e-38,0.9991618990898132,2.0532965379060897e-17,0.0031463471241295338,5.669943935700018e-38,0.9991618990898132,
poison/poismph/datapoismphseq/poispos_mph_3f1908f0.csv,ok,216,6,3,modified_position,3,modified_position,0.9993922710418701,all_windows,qualified_attack_window,6,6,1.0,True,1.2447014656214595e-22,2.291769166895792e-22,0.0007844581268727779,0.0,0.9993922710418701,2.291769166895792e-22,0.0007844581268727779,0.0,0.9993922710418701,
poison/poismph/datapoismphseq/poispos_mph_3f192ee1.csv,ok,186,4,3,modified_position,3,modified_position,0.9993506073951721,all_windows,qualified_attack_window,4,4,1.0,True,1.3673830284842866e-20,5.430060089081882e-20,0.001527639338746667,0.0,0.9993506073951721,5.430060089081882e-20,0.001527639338746667,0.0,0.9993506073951721,
poison/poismph/datapoismphseq/poispos_mph_3f1d4c27.csv,ok,188,4,3,modified_position,3,modified_position,0.9985830783843994,all_windows,qualified_attack_window,4,2,0.5,True,0.46857306361198425,0.9991418123245239,0.2730758488178253,0.14576101303100586,0.9985830783843994,0.9991418123245239,0.2730758488178253,0.14576101303100586,0.9985830783843994,
poison/poismph/datapoismphseq/poispos_mph_3f1d787f.csv,ok,200,5,3,modified_position,3,modified_position,0.9993584752082825,all_windows,qualified_attack_window,5,4,0.8,True,0.19691810011863708,0.984590470790863,0.00541260652244091,0.0023938671220093966,0.9993584752082825,0.984590470790863,0.00541260652244091,0.0023938671220093966,0.9993584752082825,
poison/poismph/datapoismphseq/poispos_mph_3f1dc2f5.csv,ok,364,15,3,modified_position,3,modified_position,0.9990082383155823,all_windows,qualified_attack_window,15,7,0.4666666666666667,True,0.48085451126098633,0.9930449724197388,0.18572434782981873,0.09828176349401474,0.9990082383155823,0.9930449724197388,0.18572434782981873,0.09828176349401474,0.9990082383155823,
poison/poismph/datapoismphseq/poispos_mph_3f1dcdbf.csv,ok,245,8,3,modified_position,3,modified_position,0.9994876980781555,all_windows,qualified_attack_window,8,5,0.625,True,0.26066213846206665,0.9952923059463501,0.2567393481731415,0.3608769178390503,0.9994876980781555,0.9952923059463501,0.2567393481731415,0.3608769178390503,0.9994876980781555,
poison/poismph/datapoismphseq/poispos_mph_3f21e566.csv,ok,231,7,3,modified_position,3,modified_position,0.9992812275886536,all_windows,qualified_attack_window,7,6,0.8571428571428571,True,0.141581729054451,0.9910720586776733,0.001140813808888197,0.0001389441022183746,0.9992812275886536,0.9910720586776733,0.001140813808888197,0.0001389441022183746,0.9992812275886536,
poison/poismph/datapoismphseq/poispos_mph_3f221fe2.csv,ok,173,3,3,modified_position,3,modified_position,0.9993471503257751,all_windows,qualified_attack_window,3,3,1.0,True,1.8931468009588575e-15,5.679440614634809e-15,0.00623074546456337,1.911144576442593e-32,0.9993471503257751,5.679440614634809e-15,0.00623074546456337,1.911144576442593e-32,0.9993471503257751,
poison/poismph/datapoismphseq/poispos_mph_3f2601d9.csv,ok,235,7,3,modified_position,3,modified_position,0.999347984790802,all_windows,qualified_attack_window,7,3,0.42857142857142855,True,0.5180389285087585,0.995071291923523,0.05186740309000015,0.02629740536212921,0.999347984790802,0.995071291923523,0.05186740309000015,0.02629740536212921,0.999347984790802,
poison/poismph/datapoismphseq/poispos_mph_3f26b37b.csv,ok,194,5,3,modified_position,3,modified_position,0.9994394183158875,all_windows,qualified_attack_window,5,5,1.0,True,1.889831472149096e-23,3.3715312399414456e-23,0.000620686390902847,0.0,0.9994394183158875,3.3715312399414456e-23,0.000620686390902847,0.0,0.9994394183158875,
poison/poismph/datapoismphseq/poispos_mph_3f26dfa5.csv,ok,224,7,3,modified_position,3,modified_position,0.999242901802063,all_windows,qualified_attack_window,7,5,0.7142857142857143,True,0.27142995595932007,0.9983985424041748,0.025179333984851837,0.030731789767742157,0.999242901802063,0.9983985424041748,0.025179333984851837,0.030731789767742157,0.999242901802063,
poison/poismph/datapoismphseq/poispos_mph_3f2ac3b2.csv,ok,176,4,3,modified_position,3,modified_position,0.9993496537208557,all_windows,qualified_attack_window,4,4,1.0,True,3.071496097819852e-21,1.2060453274149399e-20,0.0012715135235339403,0.0,0.9993496537208557,1.2060453274149399e-20,0.0012715135235339403,0.0,0.9993496537208557,
poison/poismph/datapoismphseq/poispos_mph_3f2b37cf.csv,ok,218,6,3,modified_position,3,modified_position,0.9993643164634705,all_windows,qualified_attack_window,6,5,0.8333333333333334,True,0.16586486995220184,0.9951891899108887,0.001133100362494588,0.00023718620650470257,0.9993643164634705,0.9951891899108887,0.001133100362494588,0.00023718620650470257,0.9993643164634705,
poison/poismph/datapoismphseq/poispos_mph_3f2e7614.csv,ok,208,6,3,modified_position,3,modified_position,0.9593154191970825,all_windows,qualified_attack_window,6,2,0.3333333333333333,True,0.572303831577301,0.9973278045654297,0.2820223867893219,0.0521584153175354,0.9593154191970825,0.9973278045654297,0.2820223867893219,0.0521584153175354,0.9593154191970825,
poison/poismph/datapoismphseq/poispos_mph_3f2e8f41.csv,ok,205,5,3,modified_position,3,modified_position,0.999320387840271,all_windows,qualified_attack_window,5,3,0.6,True,0.3958575129508972,0.9919884204864502,0.002176830777898431,0.0006299024680629373,0.999320387840271,0.9919884204864502,0.002176830777898431,0.0006299024680629373,0.999320387840271,
poison/poismph/datapoismphseq/poispos_mph_3f325ccc.csv,ok,205,5,3,modified_position,3,modified_position,0.9993412494659424,all_windows,qualified_attack_window,5,5,1.0,True,1.0342550603170563e-21,4.7645579049247386e-21,0.001135174767114222,0.0,0.9993412494659424,4.7645579049247386e-21,0.001135174767114222,0.0,0.9993412494659424,
poison/poismph/datapoismphseq/poispos_mph_3f35c134.csv,ok,215,6,3,modified_position,3,modified_position,0.9993504881858826,all_windows,qualified_attack_window,6,3,0.5,True,0.4955766499042511,0.998774528503418,0.017588216811418533,0.0009535924764350057,0.9993504881858826,0.998774528503418,0.017588216811418533,0.0009535924764350057,0.9993504881858826,
poison/poismph/datapoismphseq/poispos_mph_3f360050.csv,ok,227,7,3,modified_position,3,modified_position,0.9994159936904907,all_windows,qualified_attack_window,7,5,0.7142857142857143,True,0.28181442618370056,0.9916921257972717,0.05530868470668793,0.008542858995497227,0.9994159936904907,0.9916921257972717,0.05530868470668793,0.008542858995497227,0.9994159936904907,
poison/poismph/datapoismphseq/poispos_mph_3f3a3ec1.csv,ok,289,11,3,modified_position,3,modified_position,0.9991934895515442,all_windows,qualified_attack_window,11,4,0.36363636363636365,True,0.6148462891578674,0.9999716877937317,0.04894508793950081,0.04308383911848068,0.9991934895515442,0.9999716877937317,0.04894508793950081,0.04308383911848068,0.9991934895515442,
poison/poismph/datapoismphseq/poispos_mph_3f3a49a0.csv,ok,223,6,3,modified_position,3,modified_position,0.9993019104003906,all_windows,qualified_attack_window,6,3,0.5,True,0.4879755675792694,0.9952463507652283,0.045018505305051804,0.015060573816299438,0.9993019104003906,0.9952463507652283,0.045018505305051804,0.015060573816299438,0.9993019104003906,
poison/poismph/datapoismphseq/poispos_mph_3f3e624f.csv,ok,219,6,3,modified_position,3,modified_position,0.9994075894355774,all_windows,qualified_attack_window,6,6,1.0,True,1.2109953450293127e-21,6.93455961320677e-21,0.0011884374544024467,0.0,0.9994075894355774,6.93455961320677e-21,0.0011884374544024467,0.0,0.9994075894355774,
poison/poismph/datapoismphseq/poispos_mph_3f421169.csv,ok,253,8,3,modified_position,3,modified_position,0.9991706013679504,all_windows,qualified_attack_window,8,3,0.375,True,0.5969066619873047,0.9942626357078552,0.04447995498776436,0.024129988625645638,0.9991706013679504,0.9942626357078552,0.04447995498776436,0.024129988625645638,0.9991706013679504,
poison/poismph/datapoismphseq/poispos_mph_3f42884e.csv,ok,195,5,3,modified_position,3,modified_position,0.9993686079978943,all_windows,qualified_attack_window,5,4,0.8,True,0.1997174769639969,0.9985873699188232,0.0023712394759058952,0.00012522784527391195,0.9993686079978943,0.9985873699188232,0.0023712394759058952,0.00012522784527391195,0.9993686079978943,
poison/poismph/datapoismphseq/poispos_mph_3f42c0c7.csv,ok,207,5,3,modified_position,3,modified_position,0.9995033740997314,all_windows,qualified_attack_window,5,5,1.0,True,9.833777539138658e-24,1.3673026303051814e-23,0.0005562023725360632,0.0,0.9995033740997314,1.3673026303051814e-23,0.0005562023725360632,0.0,0.9995033740997314,
poison/poismph/datapoismphseq/poispos_mph_3f46c72a.csv,ok,233,7,3,modified_position,3,modified_position,0.9992374181747437,all_windows,qualified_attack_window,7,4,0.5714285714285714,True,0.42480823397636414,0.9992908835411072,0.004864619579166174,0.004488720092922449,0.9992374181747437,0.9992908835411072,0.004864619579166174,0.004488720092922449,0.9992374181747437,
poison/poismph/datapoismphseq/poispos_mph_3f46ee35.csv,ok,199,5,3,modified_position,3,modified_position,0.9993618130683899,all_windows,qualified_attack_window,5,3,0.6,True,0.3790270984172821,0.9999949932098389,0.007994312793016434,0.006896479520946741,0.9993618130683899,0.9999949932098389,0.007994312793016434,0.006896479520946741,0.9993618130683899,
poison/poismph/datapoismphseq/poispos_mph_3f4ac1e4.csv,ok,192,5,3,modified_position,3,modified_position,0.9992806911468506,all_windows,qualified_attack_window,5,4,0.8,True,0.19974884390830994,0.9987441897392273,0.0012052023084834218,0.00011665526835713536,0.9992806911468506,0.9987441897392273,0.0012052023084834218,0.00011665526835713536,0.9992806911468506,
poison/poismph/datapoismphseq/poispos_mph_3f4dc55d.csv,ok,225,7,3,modified_position,3,modified_position,0.9992502331733704,all_windows,qualified_attack_window,7,4,0.5714285714285714,True,0.4089350700378418,0.9997352957725525,0.04747304320335388,0.01819128915667534,0.9992502331733704,0.9997352957725525,0.04747304320335388,0.01819128915667534,0.9992502331733704,
poison/poismph/datapoismphseq/poispos_mph_3f4ddd02.csv,ok,212,6,3,modified_position,3,modified_position,0.9985673427581787,all_windows,qualified_attack_window,6,2,0.3333333333333333,True,0.562998354434967,0.9997997879981995,0.14620059728622437,0.01673024706542492,0.9985673427581787,0.9997997879981995,0.14620059728622437,0.01673024706542492,0.9985673427581787,
poison/poismph/datapoismphseq/poispos_mph_3f5229d9.csv,ok,295,11,3,modified_position,3,modified_position,0.9995470643043518,all_windows,qualified_attack_window,11,7,0.6363636363636364,True,0.333242267370224,0.998111367225647,0.09038913995027542,0.10357210040092468,0.9995470643043518,0.998111367225647,0.09038913995027542,0.10357210040092468,0.9995470643043518,
poison/poismph/datapoismphseq/poispos_mph_3f52687e.csv,ok,231,7,3,modified_position,3,modified_position,0.9994213581085205,all_windows,qualified_attack_window,7,6,0.8571428571428571,True,0.14273293316364288,0.9991304874420166,0.0026883804239332676,0.00010371443931944668,0.9994213581085205,0.9991304874420166,0.0026883804239332676,0.00010371443931944668,0.9994213581085205,
poison/poismph/datapoismphseq/poispos_mph_3f5af0e7.csv,ok,200,5,3,modified_position,3,modified_position,0.9994928240776062,all_windows,qualified_attack_window,5,5,1.0,True,3.106706847526407e-23,6.283182446776733e-23,0.0006697579519823194,0.0,0.9994928240776062,6.283182446776733e-23,0.0006697579519823194,0.0,0.9994928240776062,
poison/poismph/datapoismphseq/poispos_mph_3f5f1cea.csv,ok,219,6,3,modified_position,3,modified_position,0.999189555644989,all_windows,qualified_attack_window,6,6,1.0,True,6.401185250114709e-19,3.8384877919798596e-18,0.0025653911288827658,0.0,0.999189555644989,3.8384877919798596e-18,0.0025653911288827658,0.0,0.999189555644989,
poison/poismph/datapoismphseq/poispos_mph_3f5f4746.csv,ok,193,5,3,modified_position,3,modified_position,0.9993914365768433,all_windows,qualified_attack_window,5,5,1.0,True,3.967855179569527e-23,5.922243241669566e-23,0.0006651233416050673,0.0,0.9993914365768433,5.922243241669566e-23,0.0006651233416050673,0.0,0.9993914365768433,
poison/poismph/datapoismphseq/poispos_mph_3f5f559d.csv,ok,168,3,3,modified_position,3,modified_position,0.9993568062782288,all_windows,qualified_attack_window,3,3,1.0,True,1.697299365939342e-22,4.0107877037131685e-22,0.0008399616344831884,0.0,0.9993568062782288,4.0107877037131685e-22,0.0008399616344831884,0.0,0.9993568062782288,
poison/poismph/datapoismphseq/poispos_mph_3f66d87a.csv,ok,211,6,3,modified_position,3,modified_position,0.9993470311164856,all_windows,qualified_attack_window,6,6,1.0,True,6.304470775907126e-19,3.782309820678321e-18,0.002561241155490279,0.0,0.9993470311164856,3.782309820678321e-18,0.002561241155490279,0.0,0.9993470311164856,
poison/poismph/datapoismphseq/poispos_mph_3f67096a.csv,ok,427,19,3,modified_position,3,modified_position,0.9994730353355408,all_windows,qualified_attack_window,19,8,0.42105263157894735,True,0.5575324892997742,0.9995694756507874,0.03696645796298981,0.007698001805692911,0.9994730353355408,0.9995694756507874,0.03696645796298981,0.007698001805692911,0.9994730353355408,
poison/poismph/datapoismphseq/poispos_mph_3f6a9c9b.csv,ok,194,5,3,modified_position,3,modified_position,0.999403715133667,all_windows,qualified_attack_window,5,4,0.8,True,0.19630646705627441,0.9815323352813721,0.005343172233551741,0.0030067700427025557,0.999403715133667,0.9815323352813721,0.005343172233551741,0.0030067700427025557,0.999403715133667,
poison/poismph/datapoismphseq/poispos_mph_3f6b0792.csv,ok,240,8,3,modified_position,3,modified_position,0.9995405077934265,all_windows,qualified_attack_window,8,8,1.0,True,0.00022702266869600862,0.001816181349568069,0.46854209899902344,2.2369542307387746e-07,0.9995405077934265,0.001816181349568069,0.46854209899902344,2.2369542307387746e-07,0.9995405077934265,
poison/poismph/datapoismphseq/poispos_mph_3f6e8fbb.csv,ok,238,7,3,modified_position,3,modified_position,0.999336302280426,all_windows,qualified_attack_window,7,4,0.5714285714285714,True,0.37675902247428894,0.9983709454536438,0.19191119074821472,0.024704139679670334,0.999336302280426,0.9983709454536438,0.19191119074821472,0.024704139679670334,0.999336302280426,
poison/poismph/datapoismphseq/poispos_mph_3f6ed9ff.csv,ok,331,13,3,modified_position,3,modified_position,0.9991611838340759,all_windows,qualified_attack_window,13,9,0.6923076923076923,True,0.2837575376033783,0.9812586903572083,0.20453651249408722,0.008385979570448399,0.9991611838340759,0.9812586903572083,0.20453651249408722,0.008385979570448399,0.9991611838340759,
poison/poismph/datapoismphseq/poispos_mph_3f72dde5.csv,ok,180,4,3,modified_position,3,modified_position,0.9993221759796143,all_windows,qualified_attack_window,4,4,1.0,True,1.838604293880053e-05,7.354417175520211e-05,0.09795532375574112,1.5774044292982126e-09,0.9993221759796143,7.354417175520211e-05,0.09795532375574112,1.5774044292982126e-09,0.9993221759796143,
poison/poismph/datapoismphseq/poispos_mph_3f7ba01a.csv,ok,182,4,3,modified_position,3,modified_position,0.999118983745575,all_windows,qualified_attack_window,4,3,0.75,True,0.24853266775608063,0.9941306710243225,0.0037210937589406967,0.0009894435061141849,0.999118983745575,0.9941306710243225,0.0037210937589406967,0.0009894435061141849,0.999118983745575,
poison/poismph/datapoismphseq/poispos_mph_3f7f9dd0.csv,ok,215,6,3,modified_position,3,modified_position,0.9992077946662903,all_windows,qualified_attack_window,6,3,0.5,True,0.4971919357776642,0.9998998045921326,0.011895916424691677,0.00368275074288249,0.9992077946662903,0.9998998045921326,0.011895916424691677,0.00368275074288249,0.9992077946662903,
poison/poismph/datapoismphseq/poispos_mph_3f836cd3.csv,ok,212,6,3,modified_position,3,modified_position,0.9993508458137512,all_windows,qualified_attack_window,6,6,1.0,True,8.700127978045202e-07,5.220076673140284e-06,0.07268405705690384,3.835063343282652e-12,0.9993508458137512,5.220076673140284e-06,0.07268405705690384,3.835063343282652e-12,0.9993508458137512,
poison/poismph/datapoismphseq/poispos_mph_3f86beca.csv,ok,215,6,3,modified_position,3,modified_position,0.9995073080062866,all_windows,qualified_attack_window,6,6,1.0,True,8.97975514542458e-24,1.3497100854856665e-23,0.0005554098170250654,0.0,0.9995073080062866,1.3497100854856665e-23,0.0005554098170250654,0.0,0.9995073080062866,
poison/poismph/datapoismphseq/poispos_mph_3f871473.csv,ok,210,6,3,modified_position,3,modified_position,0.9993884563446045,all_windows,qualified_attack_window,6,5,0.8333333333333334,True,0.16539838910102844,0.9923903346061707,0.0018895099638029933,8.54598474688828e-05,0.9993884563446045,0.9923903346061707,0.0018895099638029933,8.54598474688828e-05,0.9993884563446045,
poison/poismph/datapoismphseq/poispos_mph_3f873ddb.csv,ok,283,10,3,modified_position,3,modified_position,0.9994370937347412,all_windows,qualified_attack_window,10,9,0.9,True,0.09742773324251175,0.9740834832191467,0.15549220144748688,0.0015267526032403111,0.9994370937347412,0.9740834832191467,0.15549220144748688,0.0015267526032403111,0.9994370937347412,
poison/poismph/datapoismphseq/poispos_mph_3f873f36.csv,ok,174,3,3,modified_position,3,modified_position,0.8315685987472534,all_windows,qualified_attack_window,3,1,0.3333333333333333,True,0.4723000228404999,0.7456353306770325,0.16835671663284302,0.12059811502695084,0.8315685987472534,0.7456353306770325,0.16835671663284302,0.12059811502695084,0.8315685987472534,
poison/poismph/datapoismphseq/poispos_mph_3f8aa6b7.csv,ok,238,7,3,modified_position,3,modified_position,0.9994143843650818,all_windows,qualified_attack_window,7,7,1.0,True,1.0914386621152516e-05,7.640070543857291e-05,0.0983939990401268,1.7521706308087914e-09,0.9994143843650818,7.640070543857291e-05,0.0983939990401268,1.7521706308087914e-09,0.9994143843650818,
poison/poismph/datapoismphseq/poispos_mph_3f8b1603.csv,ok,231,7,3,modified_position,3,modified_position,0.9994966983795166,all_windows,qualified_attack_window,7,7,1.0,True,1.9339573535157196e-23,5.600636010207994e-23,0.0006606605602428317,0.0,0.9994966983795166,5.600636010207994e-23,0.0006606605602428317,0.0,0.9994966983795166,
poison/poismph/datapoismphseq/poispos_mph_3f8b7bb1.csv,ok,195,5,3,modified_position,3,modified_position,0.9994290471076965,all_windows,qualified_attack_window,5,5,1.0,True,5.881038827779338e-23,9.800212138710228e-23,0.0007070875144563615,0.0,0.9994290471076965,9.800212138710228e-23,0.0007070875144563615,0.0,0.9994290471076965,
poison/poismph/datapoismphseq/poispos_mph_3f8f1c63.csv,ok,153,2,3,modified_position,3,modified_position,0.9994663596153259,all_windows,qualified_attack_window,2,2,1.0,True,2.4813225343274316e-23,3.9909460848984324e-23,0.0006338912644423544,0.0,0.9994663596153259,3.9909460848984324e-23,0.0006338912644423544,0.0,0.9994663596153259,
poison/poismph/datapoismphseq/poisspd_mph_3e39f7cd.csv,ok,272,10,2,modified_speed,2,modified_speed,0.9994461536407471,all_windows,qualified_attack_window,10,7,0.7,True,0.2764808237552643,0.9883274435997009,0.07365760952234268,0.9994461536407471,0.08128057420253754,0.9883274435997009,0.07365760952234268,0.9994461536407471,0.08128057420253754,
poison/poismph/datapoismphseq/poisspd_mph_3e3a3689.csv,ok,411,18,2,modified_speed,2,modified_speed,0.9980859160423279,all_windows,qualified_attack_window,18,9,0.5,True,0.5047082901000977,0.9991124272346497,0.315865159034729,0.9980859160423279,0.32230183482170105,0.9991124272346497,0.315865159034729,0.9980859160423279,0.32230183482170105,
poison/poismph/datapoismphseq/poisspd_mph_3e3a8fd0.csv,ok,246,8,2,modified_speed,2,modified_speed,0.9993621706962585,all_windows,qualified_attack_window,8,8,1.0,True,1.1320449630147777e-05,9.054931433638558e-05,0.023859316483139992,0.9993621706962585,4.6782176973152485e-21,9.054931433638558e-05,0.023859316483139992,0.9993621706962585,4.6782176973152485e-21,
poison/poismph/datapoismphseq/poisspd_mph_3e3d86b8.csv,ok,253,8,2,modified_speed,2,modified_speed,0.9992064237594604,all_windows,qualified_attack_window,8,7,0.875,True,0.08016716688871384,0.6413373351097107,0.22082950174808502,0.9992064237594604,0.024002423509955406,0.6413373351097107,0.22082950174808502,0.9992064237594604,0.024002423509955406,
poison/poismph/datapoismphseq/poisspd_mph_3e44d6af.csv,ok,221,6,2,modified_speed,2,modified_speed,0.9629958271980286,all_windows,qualified_attack_window,6,5,0.8333333333333334,True,0.16699229180812836,0.9997279047966003,0.04034985601902008,0.9629958271980286,0.0002542771690059453,0.9997279047966003,0.04034985601902008,0.9629958271980286,0.0002542771690059453,
poison/poismph/datapoismphseq/poisspd_mph_3e44f206.csv,ok,186,4,2,modified_speed,2,modified_speed,0.9936714172363281,all_windows,qualified_attack_window,4,4,1.0,True,1.3666312952409498e-06,1.5800900428075693e-06,0.007006494328379631,0.9936714172363281,1.6012687490404073e-30,1.5800900428075693e-06,0.007006494328379631,0.9936714172363281,1.6012687490404073e-30,
poison/poismph/datapoismphseq/poisspd_mph_3e47f111.csv,ok,218,6,2,modified_speed,2,modified_speed,0.9991889595985413,all_windows,qualified_attack_window,6,5,0.8333333333333334,True,0.16486404836177826,0.9891842603683472,0.005431541707366705,0.9991889595985413,0.004685770720243454,0.9891842603683472,0.005431541707366705,0.9991889595985413,0.004685770720243454,
poison/poismph/datapoismphseq/poisspd_mph_3e488bea.csv,ok,201,5,2,modified_speed,2,modified_speed,0.9990647435188293,all_windows,qualified_attack_window,5,5,1.0,True,2.518346864377463e-09,2.952764477370806e-09,0.0010503997327759862,0.9990647435188293,0.0,2.952764477370806e-09,0.0010503997327759862,0.9990647435188293,0.0,
poison/poismph/datapoismphseq/poisspd_mph_3e4c8398.csv,ok,265,9,2,modified_speed,2,modified_speed,0.9991274476051331,all_windows,qualified_attack_window,9,8,0.8888888888888888,True,0.09777871519327164,0.8800083994865417,0.009856678545475006,0.9991274476051331,0.10633131861686707,0.8800083994865417,0.009856678545475006,0.9991274476051331,0.10633131861686707,
poison/poismph/datapoismphseq/poisspd_mph_3e500481.csv,ok,251,8,2,modified_speed,2,modified_speed,0.9668616056442261,all_windows,qualified_attack_window,8,3,0.375,True,0.5959364175796509,0.9973199367523193,0.2945212721824646,0.9668616056442261,0.019083665683865547,0.9973199367523193,0.2945212721824646,0.9668616056442261,0.019083665683865547,
poison/poismph/datapoismphseq/poisspd_mph_3e503efe.csv,ok,238,7,2,modified_speed,2,modified_speed,0.9992029070854187,all_windows,qualified_attack_window,7,7,1.0,True,0.0018865432357415557,0.01165800727903843,0.30306124687194824,0.9992029070854187,7.375969973688612e-11,0.01165800727903843,0.30306124687194824,0.9992029070854187,7.375969973688612e-11,
poison/poismph/datapoismphseq/poisspd_mph_3e543f08.csv,ok,192,5,2,modified_speed,2,modified_speed,0.9990952014923096,all_windows,qualified_attack_window,5,5,1.0,True,1.8981775156134972e-06,9.472648343944456e-06,0.012166365049779415,0.9990952014923096,2.870915359066428e-26,9.472648343944456e-06,0.012166365049779415,0.9990952014923096,2.870915359066428e-26,
poison/poismph/datapoismphseq/poisspd_mph_3e57a9b1.csv,ok,211,6,2,modified_speed,2,modified_speed,0.9988743662834167,all_windows,qualified_attack_window,6,6,1.0,True,8.251014982363358e-09,1.484149692032588e-08,0.001728424453176558,0.9988743662834167,0.0,1.484149692032588e-08,0.001728424453176558,0.9988743662834167,0.0,
poison/poismph/datapoismphseq/poisspd_mph_3e5e15b4.csv,ok,242,8,2,modified_speed,2,modified_speed,0.9579773545265198,all_windows,qualified_attack_window,8,3,0.375,True,0.5234166383743286,0.9981069564819336,0.23692676424980164,0.9579773545265198,0.012291454710066319,0.9981069564819336,0.23692676424980164,0.9579773545265198,0.012291454710066319,
poison/poismph/datapoismphseq/poisspd_mph_3e5ea18c.csv,ok,216,6,2,modified_speed,2,modified_speed,0.9987775087356567,all_windows,qualified_attack_window,6,5,0.8333333333333334,True,0.19164113700389862,0.8231089115142822,0.2977270483970642,0.9987775087356567,0.09232334047555923,0.8231089115142822,0.2977270483970642,0.9987775087356567,0.09232334047555923,
poison/poismph/datapoismphseq/poisspd_mph_3e61b514.csv,ok,269,9,2,modified_speed,2,modified_speed,0.9992063045501709,all_windows,qualified_attack_window,9,4,0.4444444444444444,True,0.5374433994293213,0.9994485378265381,0.06850019097328186,0.9992063045501709,0.0003942838229704648,0.9994485378265381,0.06850019097328186,0.9992063045501709,0.0003942838229704648,
poison/poismph/datapoismphseq/poisspd_mph_3e61de69.csv,ok,217,6,2,modified_speed,2,modified_speed,0.9993547797203064,all_windows,qualified_attack_window,6,6,1.0,True,2.148878621710537e-07,1.2848971664425335e-06,0.006671374198049307,0.9993547797203064,6.97667793215858e-31,1.2848971664425335e-06,0.006671374198049307,0.9993547797203064,6.97667793215858e-31,
poison/poismph/datapoismphseq/poisspd_mph_3e622608.csv,ok,181,4,2,modified_speed,2,modified_speed,0.9932316541671753,all_windows,qualified_attack_window,4,2,0.5,True,0.4717307388782501,0.9536283612251282,0.03497913479804993,0.9932316541671753,0.006475282832980156,0.9536283612251282,0.03497913479804993,0.9932316541671753,0.006475282832980156,
poison/poismph/datapoismphseq/poisspd_mph_3e656a7d.csv,ok,204,5,2,modified_speed,2,modified_speed,0.9990196228027344,all_windows,qualified_attack_window,5,5,1.0,True,3.5368299400317937e-09,4.2737697825145915e-09,0.001176642719656229,0.9990196228027344,0.0,4.2737697825145915e-09,0.001176642719656229,0.9990196228027344,0.0,
poison/poismph/datapoismphseq/poisspd_mph_3e696d81.csv,ok,205,5,2,modified_speed,2,modified_speed,0.9985337257385254,all_windows,qualified_attack_window,5,5,1.0,True,1.1925179066452074e-08,1.7476024183338268e-08,0.0018213599687442183,0.9985337257385254,0.0,1.7476024183338268e-08,0.0018213599687442183,0.9985337257385254,0.0,
poison/poismph/datapoismphseq/poisspd_mph_3e73fb1c.csv,ok,234,7,2,modified_speed,2,modified_speed,0.9994489550590515,all_windows,qualified_attack_window,7,3,0.42857142857142855,True,0.5336865782737732,0.9986453056335449,0.1669776439666748,0.9994489550590515,0.004931892268359661,0.9986453056335449,0.1669776439666748,0.9994489550590515,0.004931892268359661,
poison/poismph/datapoismphseq/poisspd_mph_3e743eea.csv,ok,187,4,2,modified_speed,2,modified_speed,0.9995148181915283,all_windows,qualified_attack_window,4,3,0.75,True,0.2442125529050827,0.9768502116203308,0.0059599182568490505,0.9995148181915283,0.014266517013311386,0.9768502116203308,0.0059599182568490505,0.9995148181915283,0.014266517013311386,
poison/poismph/datapoismphseq/poisspd_mph_3e77a028.csv,ok,191,4,2,modified_speed,2,modified_speed,0.9994573593139648,all_windows,qualified_attack_window,4,4,1.0,True,4.787888974178145e-10,6.164559973598216e-10,0.0006608067196793854,0.9994573593139648,0.0,6.164559973598216e-10,0.0006608067196793854,0.9994573593139648,0.0,
poison/poismph/datapoismphseq/poisspd_mph_3e77f289.csv,ok,201,5,2,modified_speed,2,modified_speed,0.9645000696182251,all_windows,qualified_attack_window,5,4,0.8,True,0.14142517745494843,0.508370041847229,0.46671101450920105,0.9645000696182251,0.33544525504112244,0.508370041847229,0.46671101450920105,0.9645000696182251,0.33544525504112244,
poison/poismph/datapoismphseq/poisspd_mph_3e7b8676.csv,ok,205,5,2,modified_speed,2,modified_speed,0.9930024743080139,all_windows,qualified_attack_window,5,2,0.4,True,0.4994332194328308,0.9274802803993225,0.2320568710565567,0.9930024743080139,0.02634556032717228,0.9274802803993225,0.2320568710565567,0.9930024743080139,0.02634556032717228,
poison/poismph/datapoismphseq/poisspd_mph_3e7b8fcb.csv,ok,211,6,2,modified_speed,2,modified_speed,0.9884905815124512,all_windows,qualified_attack_window,6,5,0.8333333333333334,True,0.13545358180999756,0.8123669028282166,0.15152370929718018,0.9884905815124512,0.00013135008339304477,0.8123669028282166,0.15152370929718018,0.9884905815124512,0.00013135008339304477,
poison/poismph/datapoismphseq/poisspd_mph_3e7b9bb4.csv,ok,196,5,2,modified_speed,2,modified_speed,0.9993373155593872,all_windows,qualified_attack_window,5,3,0.6,True,0.3981175720691681,0.9999017119407654,0.0055920835584402084,0.9993373155593872,0.0009614488226361573,0.9999017119407654,0.0055920835584402084,0.9993373155593872,0.0009614488226361573,
poison/poismph/datapoismphseq/poisspd_mph_3e7f3fd9.csv,ok,195,5,2,modified_speed,2,modified_speed,0.9993975162506104,all_windows,qualified_attack_window,5,5,1.0,True,6.172756195077511e-10,1.0075014156285533e-09,0.0007577691576443613,0.9993975162506104,0.0,1.0075014156285533e-09,0.0007577691576443613,0.9993975162506104,0.0,
poison/poismph/datapoismphseq/poisspd_mph_3e83ff63.csv,ok,176,4,2,modified_speed,2,modified_speed,0.9990150928497314,all_windows,qualified_attack_window,4,4,1.0,True,3.001632276067312e-09,4.6105479434288554e-09,0.0011966844322159886,0.9990150928497314,0.0,4.6105479434288554e-09,0.0011966844322159886,0.9990150928497314,0.0,
poison/poismph/datapoismphseq/poisspd_mph_3e881f6e.csv,ok,193,5,2,modified_speed,2,modified_speed,0.9971546530723572,all_windows,qualified_attack_window,5,5,1.0,True,8.395494432988926e-07,2.1351545456127496e-06,0.044331394135951996,0.9971546530723572,4.221596943146237e-33,2.1351545456127496e-06,0.044331394135951996,0.9971546530723572,4.221596943146237e-33,
poison/poismph/datapoismphseq/poisspd_mph_3e9de1d5.csv,ok,250,8,2,modified_speed,2,modified_speed,0.9994208216667175,all_windows,qualified_attack_window,8,5,0.625,True,0.3732230067253113,0.9995744228363037,0.003810024354606867,0.9994208216667175,0.005468327086418867,0.9995744228363037,0.003810024354606867,0.9994208216667175,0.005468327086418867,
poison/poismph/datapoismphseq/poisspd_mph_3e9e281c.csv,ok,241,8,2,modified_speed,2,modified_speed,0.9914641976356506,all_windows,qualified_attack_window,8,7,0.875,True,0.12480151653289795,0.9983518123626709,0.016344642266631126,0.9914641976356506,0.0015065973857417703,0.9983518123626709,0.016344642266631126,0.9914641976356506,0.0015065973857417703,
poison/poismph/datapoismphseq/poisspd_mph_3e9e7954.csv,ok,197,5,2,modified_speed,2,modified_speed,0.9970176219940186,all_windows,qualified_attack_window,5,2,0.4,True,0.47922483086586,0.9995213747024536,0.24689704179763794,0.9970176219940186,0.0029814578592777252,0.9995213747024536,0.24689704179763794,0.9970176219940186,0.0029814578592777252,
poison/poismph/datapoismphseq/poisspd_mph_3e9e8545.csv,ok,196,5,2,modified_speed,2,modified_speed,0.9991781115531921,all_windows,qualified_attack_window,5,2,0.4,True,0.5905168652534485,0.9979389309883118,0.02347923442721367,0.9991781115531921,0.008567876182496548,0.9979389309883118,0.02347923442721367,0.9991781115531921,0.008567876182496548,
poison/poismph/datapoismphseq/poisspd_mph_3ea21b8b.csv,ok,231,7,2,modified_speed,2,modified_speed,0.9968255758285522,all_windows,qualified_attack_window,7,7,1.0,True,1.8220233641841332e-06,1.0928456504188944e-05,0.012784467078745365,0.9968255758285522,7.034691774211661e-26,1.0928456504188944e-05,0.012784467078745365,0.9968255758285522,7.034691774211661e-26,
poison/poismph/datapoismphseq/poisspd_mph_3ea230f5.csv,ok,367,15,2,modified_speed,2,modified_speed,0.9855965971946716,all_windows,qualified_attack_window,15,1,0.06666666666666667,True,0.80071622133255,0.9998726844787598,0.3069016933441162,0.9855965971946716,0.10464387387037277,0.9998726844787598,0.3069016933441162,0.9855965971946716,0.10464387387037277,
poison/poismph/datapoismphseq/poisspd_mph_3ea262ed.csv,ok,194,5,2,modified_speed,2,modified_speed,0.9976063370704651,all_windows,qualified_attack_window,5,2,0.4,True,0.5983730554580688,0.9983283877372742,0.002643824554979801,0.9976063370704651,0.0025543454103171825,0.9983283877372742,0.002643824554979801,0.9976063370704651,0.0025543454103171825,
poison/poismph/datapoismphseq/poisspd_mph_3ea5338f.csv,ok,213,6,2,modified_speed,2,modified_speed,0.9995194673538208,all_windows,qualified_attack_window,6,5,0.8333333333333334,True,0.14858287572860718,0.8914972543716431,0.05318000540137291,0.9995194673538208,0.03481096401810646,0.8914972543716431,0.05318000540137291,0.9995194673538208,0.03481096401810646,
poison/poismph/datapoismphseq/poisspd_mph_3ea57789.csv,ok,206,5,2,modified_speed,2,modified_speed,0.9985533356666565,all_windows,qualified_attack_window,5,4,0.8,True,0.19653227925300598,0.9826613664627075,0.0063256616704165936,0.9985533356666565,0.009072980843484402,0.9826613664627075,0.0063256616704165936,0.9985533356666565,0.009072980843484402,
poison/poismph/datapoismphseq/poisspd_mph_3ea59d67.csv,ok,193,5,2,modified_speed,2,modified_speed,0.9972774386405945,all_windows,qualified_attack_window,5,2,0.4,True,0.4550014138221741,0.9232354164123535,0.4192739427089691,0.9972774386405945,0.040129099041223526,0.9232354164123535,0.4192739427089691,0.9972774386405945,0.040129099041223526,
poison/poismph/datapoismphseq/poisspd_mph_3ea867d9.csv,ok,361,15,2,modified_speed,2,modified_speed,0.9985859394073486,all_windows,qualified_attack_window,15,10,0.6666666666666666,True,0.28469064831733704,0.994199275970459,0.2592323124408722,0.9985859394073486,0.008570864796638489,0.994199275970459,0.2592323124408722,0.9985859394073486,0.008570864796638489,
poison/poismph/datapoismphseq/poisspd_mph_3eac32b0.csv,ok,293,11,2,modified_speed,2,modified_speed,0.9992271065711975,all_windows,qualified_attack_window,11,7,0.6363636363636364,True,0.36916831135749817,0.9991536140441895,0.14356477558612823,0.9992271065711975,0.47878772020339966,0.9991536140441895,0.14356477558612823,0.9992271065711975,0.47878772020339966,
poison/poismph/datapoismphseq/poisspd_mph_3eac72f8.csv,ok,194,5,2,modified_speed,2,modified_speed,0.9988372921943665,all_windows,qualified_attack_window,5,2,0.4,True,0.5995246171951294,0.9991960525512695,0.05766279622912407,0.9988372921943665,0.0011467903386801481,0.9991960525512695,0.05766279622912407,0.9988372921943665,0.0011467903386801481,
poison/poismph/datapoismphseq/poisspd_mph_3eaca993.csv,ok,229,7,2,modified_speed,2,modified_speed,0.9989389777183533,all_windows,qualified_attack_window,7,3,0.42857142857142855,True,0.5443581938743591,0.9924665689468384,0.038723256438970566,0.9989389777183533,0.01116928830742836,0.9924665689468384,0.038723256438970566,0.9989389777183533,0.01116928830742836,
poison/poismph/datapoismphseq/poisspd_mph_3eb0a8e3.csv,ok,207,5,2,modified_speed,2,modified_speed,0.997130811214447,all_windows,qualified_attack_window,5,1,0.2,True,0.6252155303955078,0.9836753606796265,0.2431396096944809,0.997130811214447,0.038520731031894684,0.9836753606796265,0.2431396096944809,0.997130811214447,0.038520731031894684,
poison/poismph/datapoismphseq/poisspd_mph_3eb0e146.csv,ok,287,10,2,modified_speed,2,modified_speed,0.9994587898254395,all_windows,qualified_attack_window,10,6,0.6,True,0.34064140915870667,0.9990800619125366,0.23246626555919647,0.9994587898254395,0.16750843822956085,0.9990800619125366,0.23246626555919647,0.9994587898254395,0.16750843822956085,
poison/poismph/datapoismphseq/poisspd_mph_3eb3f86a.csv,ok,204,5,2,modified_speed,2,modified_speed,0.9947580695152283,all_windows,qualified_attack_window,5,4,0.8,True,0.26141202449798584,0.9519286751747131,0.4105048179626465,0.9947580695152283,0.2670108377933502,0.9519286751747131,0.4105048179626465,0.9947580695152283,0.2670108377933502,
poison/poismph/datapoismphseq/poisspd_mph_3eb85606.csv,ok,214,6,2,modified_speed,2,modified_speed,0.9993105530738831,all_windows,qualified_attack_window,6,6,1.0,True,1.1192266002879592e-09,1.7654723238891279e-09,0.0008993706433102489,0.9993105530738831,0.0,1.7654723238891279e-09,0.0008993706433102489,0.9993105530738831,0.0,
poison/poismph/datapoismphseq/poisspd_mph_3ebc2471.csv,ok,257,9,2,modified_speed,2,modified_speed,0.998845100402832,all_windows,qualified_attack_window,9,6,0.6666666666666666,True,0.322445809841156,0.9957808256149292,0.07581908255815506,0.998845100402832,0.05397818610072136,0.9957808256149292,0.07581908255815506,0.998845100402832,0.05397818610072136,
poison/poismph/datapoismphseq/poisspd_mph_3ebf64ae.csv,ok,187,4,2,modified_speed,2,modified_speed,0.9994825720787048,all_windows,qualified_attack_window,4,4,1.0,True,6.897585280718488e-10,1.4525186609049001e-09,0.0008585838950239122,0.9994825720787048,0.0,1.4525186609049001e-09,0.0008585838950239122,0.9994825720787048,0.0,
poison/poismph/datapoismphseq/poisspd_mph_3ebfcb91.csv,ok,167,3,2,modified_speed,2,modified_speed,0.9981141090393066,all_windows,qualified_attack_window,3,3,1.0,True,2.3844199503741947e-08,3.050644181712414e-08,0.0021297165658324957,0.9981141090393066,0.0,3.050644181712414e-08,0.0021297165658324957,0.9981141090393066,0.0,
poison/poismph/datapoismphseq/poisspd_mph_3ebff749.csv,ok,268,9,2,modified_speed,2,modified_speed,0.9994710087776184,all_windows,qualified_attack_window,9,5,0.5555555555555556,True,0.42654693126678467,0.997604489326477,0.05112530291080475,0.9994710087776184,0.010891961865127087,0.997604489326477,0.05112530291080475,0.9994710087776184,0.010891961865127087,
poison/poismph/datapoismphseq/poisspd_mph_3eca8b3b.csv,ok,214,6,2,modified_speed,2,modified_speed,0.9989240765571594,all_windows,qualified_attack_window,6,5,0.8333333333333334,True,0.16635383665561676,0.9981229901313782,0.0013851606054231524,0.9989240765571594,0.001126535120420158,0.9981229901313782,0.0013851606054231524,0.9989240765571594,0.001126535120420158,
poison/poismph/datapoismphseq/poisspd_mph_3ece97cb.csv,ok,225,7,2,modified_speed,2,modified_speed,0.9989245533943176,all_windows,qualified_attack_window,7,4,0.5714285714285714,True,0.42420119047164917,0.9980002045631409,0.007334315218031406,0.9989245533943176,0.008405483327805996,0.9980002045631409,0.007334315218031406,0.9989245533943176,0.008405483327805996,
poison/poismph/datapoismphseq/poisspd_mph_3ed74cd0.csv,ok,219,6,2,modified_speed,2,modified_speed,0.9985094666481018,all_windows,qualified_attack_window,6,6,1.0,True,1.5933695252101643e-08,2.3115040548304933e-08,0.001958300592377782,0.9985094666481018,0.0,2.3115040548304933e-08,0.001958300592377782,0.9985094666481018,0.0,
poison/poismph/datapoismphseq/poisspd_mph_3edaa4e3.csv,ok,230,7,2,modified_speed,2,modified_speed,0.9995343089103699,all_windows,qualified_attack_window,7,6,0.8571428571428571,True,0.13334041833877563,0.9333829283714294,0.020932557061314583,0.9995343089103699,0.03218008950352669,0.9333829283714294,0.020932557061314583,0.9995343089103699,0.03218008950352669,
poison/poismph/datapoismphseq/poisspd_mph_3edb145f.csv,ok,199,5,2,modified_speed,2,modified_speed,0.997665286064148,all_windows,qualified_attack_window,5,5,1.0,True,5.14236617732422e-08,6.494375526244767e-08,0.00266921310685575,0.997665286064148,6.663200542275634e-38,6.494375526244767e-08,0.00266921310685575,0.997665286064148,6.663200542275634e-38,
poison/poismph/datapoismphseq/poisspd_mph_3edebc1c.csv,ok,195,5,2,modified_speed,2,modified_speed,0.9994741082191467,all_windows,qualified_attack_window,5,5,1.0,True,4.802570563455788e-10,8.335691026317704e-10,0.0007136964704841375,0.9994741082191467,0.0,8.335691026317704e-10,0.0007136964704841375,0.9994741082191467,0.0,
poison/poismph/datapoismphseq/poisspd_mph_3eeab179.csv,ok,229,7,2,modified_speed,2,modified_speed,0.9994509220123291,all_windows,qualified_attack_window,7,7,1.0,True,1.082280043362971e-09,3.5156950684012145e-09,0.001111702062189579,0.9994509220123291,0.0,3.5156950684012145e-09,0.001111702062189579,0.9994509220123291,0.0,
poison/poismph/datapoismphseq/poisspd_mph_3eeb5bac.csv,ok,191,4,2,modified_speed,2,modified_speed,0.9993280172348022,all_windows,qualified_attack_window,4,4,1.0,True,1.1395802079761097e-09,1.6273891123574913e-09,0.0008740045013837516,0.9993280172348022,0.0,1.6273891123574913e-09,0.0008740045013837516,0.9993280172348022,0.0,
poison/poismph/datapoismphseq/poisspd_mph_3eeeaa2c.csv,ok,225,7,2,modified_speed,2,modified_speed,0.9821122884750366,all_windows,qualified_attack_window,7,7,1.0,True,7.958181231515482e-05,0.00021421730343718082,0.03058764897286892,0.9821122884750366,4.016899948458373e-19,0.00021421730343718082,0.03058764897286892,0.9821122884750366,4.016899948458373e-19,
poison/poismph/datapoismphseq/poisspd_mph_3eef2fac.csv,ok,222,6,2,modified_speed,2,modified_speed,0.9994128942489624,all_windows,qualified_attack_window,6,3,0.5,True,0.4763546288013458,0.9995826482772827,0.07563936710357666,0.9994128942489624,0.006856183987110853,0.9995826482772827,0.07563936710357666,0.9994128942489624,0.006856183987110853,
poison/poismph/datapoismphseq/poisspd_mph_3eef42f2.csv,ok,204,5,2,modified_speed,2,modified_speed,0.9993844032287598,all_windows,qualified_attack_window,5,3,0.6,True,0.39504966139793396,0.9989064931869507,0.007106770761311054,0.9993844032287598,0.011875875294208527,0.9989064931869507,0.007106770761311054,0.9993844032287598,0.011875875294208527,
poison/poismph/datapoismphseq/poisspd_mph_3ef36878.csv,ok,237,7,2,modified_speed,2,modified_speed,0.9987164735794067,all_windows,qualified_attack_window,7,6,0.8571428571428571,True,0.1418408900499344,0.9928861856460571,0.002607551636174321,0.9987164735794067,0.005498803686350584,0.9928861856460571,0.002607551636174321,0.9987164735794067,0.005498803686350584,
poison/poismph/datapoismphseq/poisspd_mph_3ef68363.csv,ok,202,5,2,modified_speed,2,modified_speed,0.9968100786209106,all_windows,qualified_attack_window,5,5,1.0,True,1.750027820435207e-07,2.416850577446894e-07,0.0039728726260364056,0.9968100786209106,7.275740077541929e-35,2.416850577446894e-07,0.0039728726260364056,0.9968100786209106,7.275740077541929e-35,
poison/poismph/datapoismphseq/poisspd_mph_3ef6adc6.csv,ok,163,3,2,modified_speed,2,modified_speed,0.9957056641578674,all_windows,qualified_attack_window,3,2,0.6666666666666666,True,0.33285990357398987,0.9985779523849487,0.0067320894449949265,0.9957056641578674,0.0005645134951919317,0.9985779523849487,0.0067320894449949265,0.9957056641578674,0.0005645134951919317,
poison/poismph/datapoismphseq/poisspd_mph_3ef6d1cd.csv,ok,233,7,2,modified_speed,2,modified_speed,0.9991881251335144,all_windows,qualified_attack_window,7,7,1.0,True,3.517636404382074e-09,6.47782094631566e-09,0.0013365778140723705,0.9991881251335144,0.0,6.47782094631566e-09,0.0013365778140723705,0.9991881251335144,0.0,
poison/poismph/datapoismphseq/poisspd_mph_3ef6f483.csv,ok,226,7,2,modified_speed,2,modified_speed,0.9752992987632751,all_windows,qualified_attack_window,7,7,1.0,True,0.0015216654865071177,0.008494256995618343,0.11771180480718613,0.9752992987632751,3.727766706429492e-11,0.008494256995618343,0.11771180480718613,0.9752992987632751,3.727766706429492e-11,
poison/poismph/datapoismphseq/poisspd_mph_3efabce5.csv,ok,217,6,2,modified_speed,2,modified_speed,0.9994527101516724,all_windows,qualified_attack_window,6,6,1.0,True,7.390226208769946e-10,1.5024193000812147e-09,0.0008601323352195323,0.9994527101516724,0.0,1.5024193000812147e-09,0.0008601323352195323,0.9994527101516724,0.0,
poison/poismph/datapoismphseq/poisspd_mph_3efe4dcd.csv,ok,204,5,2,modified_speed,2,modified_speed,0.9993063807487488,all_windows,qualified_attack_window,5,4,0.8,True,0.19967855513095856,0.9983429908752441,0.019896792247891426,0.9993063807487488,0.0008450404857285321,0.9983429908752441,0.019896792247891426,0.9993063807487488,0.0008450404857285321,
poison/poismph/datapoismphseq/poisspd_mph_3efe5fe4.csv,ok,225,7,2,modified_speed,2,modified_speed,0.9994259476661682,all_windows,qualified_attack_window,7,4,0.5714285714285714,True,0.4255490303039551,0.9988487958908081,0.006169009022414684,0.9994259476661682,0.00822236854583025,0.9988487958908081,0.006169009022414684,0.9994259476661682,0.00822236854583025,
poison/poismph/datapoismphseq/poisspd_mph_3efe7d81.csv,ok,215,6,2,modified_speed,2,modified_speed,0.9972372055053711,all_windows,qualified_attack_window,6,4,0.6666666666666666,True,0.32967332005500793,0.9974064826965332,0.12101691961288452,0.9972372055053711,0.046244408935308456,0.9974064826965332,0.12101691961288452,0.9972372055053711,0.046244408935308456,
poison/poismph/datapoismphseq/poisspd_mph_3efea136.csv,ok,230,7,2,modified_speed,2,modified_speed,0.9993630051612854,all_windows,qualified_attack_window,7,7,1.0,True,1.1573945135623376e-09,2.031599999341438e-09,0.0009339503012597561,0.9993630051612854,0.0,2.031599999341438e-09,0.0009339503012597561,0.9993630051612854,0.0,
poison/poismph/datapoismphseq/poisspd_mph_3f0239cf.csv,ok,222,6,2,modified_speed,2,modified_speed,0.9991286396980286,all_windows,qualified_attack_window,6,5,0.8333333333333334,True,0.17459528148174286,0.9940987825393677,0.42438194155693054,0.9991286396980286,0.0007577319629490376,0.9940987825393677,0.42438194155693054,0.9991286396980286,0.0007577319629490376,
poison/poismph/datapoismphseq/poisspd_mph_3f02444d.csv,ok,214,6,2,modified_speed,2,modified_speed,0.9994497299194336,all_windows,qualified_attack_window,6,4,0.6666666666666666,True,0.3263944089412689,0.9849315285682678,0.0019427259685471654,0.9994497299194336,0.023195402696728706,0.9849315285682678,0.0019427259685471654,0.9994497299194336,0.023195402696728706,
poison/poismph/datapoismphseq/poisspd_mph_3f061c0f.csv,ok,197,5,2,modified_speed,2,modified_speed,0.9986134171485901,all_windows,qualified_attack_window,5,3,0.6,True,0.3783552050590515,0.9988932609558105,0.0399894192814827,0.9986134171485901,0.05992506816983223,0.9988932609558105,0.0399894192814827,0.9986134171485901,0.05992506816983223,
poison/poismph/datapoismphseq/poisspd_mph_3f06490c.csv,ok,203,5,2,modified_speed,2,modified_speed,0.9993382692337036,all_windows,qualified_attack_window,5,5,1.0,True,9.68695235137318e-10,1.3127653408773199e-09,0.0008275979780592024,0.9993382692337036,0.0,1.3127653408773199e-09,0.0008275979780592024,0.9993382692337036,0.0,
poison/poismph/datapoismphseq/poisspd_mph_3f067464.csv,ok,218,6,2,modified_speed,2,modified_speed,0.9994906783103943,all_windows,qualified_attack_window,6,5,0.8333333333333334,True,0.14555072784423828,0.8730349540710449,0.04040488973259926,0.9994906783103943,0.050631213933229446,0.8730349540710449,0.04040488973259926,0.9994906783103943,0.050631213933229446,
poison/poismph/datapoismphseq/poisspd_mph_3f09cfd8.csv,ok,233,7,2,modified_speed,2,modified_speed,0.9993170499801636,all_windows,qualified_attack_window,7,7,1.0,True,2.3754351818894293e-09,3.572723450417925e-09,0.0011112340725958347,0.9993170499801636,0.0,3.572723450417925e-09,0.0011112340725958347,0.9993170499801636,0.0,
poison/poismph/datapoismphseq/poisspd_mph_3f0a1418.csv,ok,230,7,2,modified_speed,2,modified_speed,0.9989023208618164,all_windows,qualified_attack_window,7,5,0.7142857142857143,True,0.2800188362598419,0.9896414875984192,0.052395861595869064,0.9989023208618164,0.020352639257907867,0.9896414875984192,0.052395861595869064,0.9989023208618164,0.020352639257907867,
poison/poismph/datapoismphseq/poisspd_mph_3f11b99b.csv,ok,255,8,2,modified_speed,2,modified_speed,0.9881136417388916,all_windows,qualified_attack_window,8,6,0.75,True,0.2509891092777252,0.9974379539489746,0.14989988505840302,0.9881136417388916,0.013420951552689075,0.9974379539489746,0.14989988505840302,0.9881136417388916,0.013420951552689075,
poison/poismph/datapoismphseq/poisspd_mph_3f147d2b.csv,ok,206,5,2,modified_speed,2,modified_speed,0.9995704889297485,all_windows,qualified_attack_window,5,5,1.0,True,6.290384879648059e-10,1.960830164904337e-09,0.0009358779643662274,0.9995704889297485,0.0,1.960830164904337e-09,0.0009358779643662274,0.9995704889297485,0.0,
poison/poismph/datapoismphseq/poisspd_mph_3f14d941.csv,ok,200,5,2,modified_speed,2,modified_speed,0.9991114735603333,all_windows,qualified_attack_window,5,3,0.6,True,0.3965241014957428,0.9989251494407654,0.0012801705161109567,0.9991114735603333,0.014340033754706383,0.9989251494407654,0.0012801705161109567,0.9991114735603333,0.014340033754706383,
poison/poismph/datapoismphseq/poisspd_mph_3f18df2b.csv,ok,196,5,2,modified_speed,2,modified_speed,0.9991962909698486,all_windows,qualified_attack_window,5,5,1.0,True,2.2512509634253774e-09,5.0962434272605606e-09,0.0012345538707450032,0.9991962909698486,0.0,5.0962434272605606e-09,0.0012345538707450032,0.9991962909698486,0.0,
poison/poismph/datapoismphseq/poisspd_mph_3f1908f0.csv,ok,216,6,2,modified_speed,2,modified_speed,0.9993141889572144,all_windows,qualified_attack_window,6,5,0.8333333333333334,True,0.16666579246520996,0.9999947547912598,0.0012366368900984526,0.9993141889572144,5.1682964112842456e-06,0.9999947547912598,0.0012366368900984526,0.9993141889572144,5.1682964112842456e-06,
poison/poismph/datapoismphseq/poisspd_mph_3f192ee1.csv,ok,186,4,2,modified_speed,2,modified_speed,0.988408088684082,all_windows,qualified_attack_window,4,4,1.0,True,1.2207870895508677e-05,1.6218438759096898e-05,0.01420509908348322,0.988408088684082,4.419246122702421e-25,1.6218438759096898e-05,0.01420509908348322,0.988408088684082,4.419246122702421e-25,
poison/poismph/datapoismphseq/poisspd_mph_3f1d4c27.csv,ok,188,4,2,modified_speed,2,modified_speed,0.9993721842765808,all_windows,qualified_attack_window,4,4,1.0,True,0.00019575475016608834,0.0007830167305655777,0.04509805515408516,0.9993721842765808,4.784653008605495e-16,0.0007830167305655777,0.04509805515408516,0.9993721842765808,4.784653008605495e-16,
poison/poismph/datapoismphseq/poisspd_mph_3f1d787f.csv,ok,200,5,2,modified_speed,2,modified_speed,0.9965574741363525,all_windows,qualified_attack_window,5,2,0.4,True,0.5918945074081421,0.9978681802749634,0.011444784700870514,0.9965574741363525,0.00813661515712738,0.9978681802749634,0.011444784700870514,0.9965574741363525,0.00813661515712738,
poison/poismph/datapoismphseq/poisspd_mph_3f1dc2f5.csv,ok,364,15,2,modified_speed,2,modified_speed,0.9972327947616577,all_windows,qualified_attack_window,15,9,0.6,True,0.38630416989326477,0.9996829032897949,0.05493927001953125,0.9972327947616577,0.026983294636011124,0.9996829032897949,0.05493927001953125,0.9972327947616577,0.026983294636011124,
poison/poismph/datapoismphseq/poisspd_mph_3f1dcdbf.csv,ok,245,8,2,modified_speed,2,modified_speed,0.9990066885948181,all_windows,qualified_attack_window,8,6,0.75,True,0.21380940079689026,0.9952923059463501,0.13127878308296204,0.9990066885948181,0.002975977025926113,0.9952923059463501,0.13127878308296204,0.9990066885948181,0.002975977025926113,
poison/poismph/datapoismphseq/poisspd_mph_3f21e566.csv,ok,231,7,2,modified_speed,2,modified_speed,0.9993627667427063,all_windows,qualified_attack_window,7,7,1.0,True,0.0008275388972833753,0.005792767275124788,0.08073987066745758,0.9993627667427063,2.7172292194066472e-11,0.005792767275124788,0.08073987066745758,0.9993627667427063,2.7172292194066472e-11,
poison/poismph/datapoismphseq/poisspd_mph_3f221fe2.csv,ok,173,3,2,modified_speed,2,modified_speed,0.9987826943397522,all_windows,qualified_attack_window,3,1,0.3333333333333333,True,0.5125308036804199,0.9207759499549866,0.1882248967885971,0.9987826943397522,0.06461378931999207,0.9207759499549866,0.1882248967885971,0.9987826943397522,0.06461378931999207,
poison/poismph/datapoismphseq/poisspd_mph_3f2601d9.csv,ok,235,7,2,modified_speed,2,modified_speed,0.9994366765022278,all_windows,qualified_attack_window,7,3,0.42857142857142855,True,0.5180389285087585,0.995071291923523,0.05186740309000015,0.9994366765022278,0.13132569193840027,0.995071291923523,0.05186740309000015,0.9994366765022278,0.13132569193840027,
poison/poismph/datapoismphseq/poisspd_mph_3f26b37b.csv,ok,194,5,2,modified_speed,2,modified_speed,0.9986218810081482,all_windows,qualified_attack_window,5,5,1.0,True,2.1528657612179813e-07,1.0285507414664607e-06,0.006285552401095629,0.9986218810081482,2.4866231173142047e-31,1.0285507414664607e-06,0.006285552401095629,0.9986218810081482,2.4866231173142047e-31,
poison/poismph/datapoismphseq/poisspd_mph_3f26dfa5.csv,ok,224,7,2,modified_speed,2,modified_speed,0.9975415468215942,all_windows,qualified_attack_window,7,6,0.8571428571428571,True,0.1426285356283188,0.9983985424041748,0.004890114068984985,0.9975415468215942,0.001379027497023344,0.9983985424041748,0.004890114068984985,0.9975415468215942,0.001379027497023344,
poison/poismph/datapoismphseq/poisspd_mph_3f2ac3b2.csv,ok,176,4,2,modified_speed,2,modified_speed,0.9992479681968689,all_windows,qualified_attack_window,4,4,1.0,True,8.61387690065385e-08,3.3999788229266414e-07,0.004425621125847101,0.9992479681968689,4.922973096308625e-34,3.3999788229266414e-07,0.004425621125847101,0.9992479681968689,4.922973096308625e-34,
poison/poismph/datapoismphseq/poisspd_mph_3f2b37cf.csv,ok,218,6,2,modified_speed,2,modified_speed,0.9984925389289856,all_windows,qualified_attack_window,6,5,0.8333333333333334,True,0.16821305453777313,0.9951281547546387,0.10510258376598358,0.9984925389289856,0.0035617437679320574,0.9951281547546387,0.10510258376598358,0.9984925389289856,0.0035617437679320574,
poison/poismph/datapoismphseq/poisspd_mph_3f2e7614.csv,ok,208,6,2,modified_speed,2,modified_speed,0.9992520809173584,all_windows,qualified_attack_window,6,6,1.0,True,1.3741173754411307e-09,1.7979183697391932e-09,0.0008994520176202059,0.9992520809173584,0.0,1.7979183697391932e-09,0.0008994520176202059,0.9992520809173584,0.0,
poison/poismph/datapoismphseq/poisspd_mph_3f2e8f41.csv,ok,205,5,2,modified_speed,2,modified_speed,0.9493376016616821,all_windows,qualified_attack_window,5,1,0.2,True,0.7324985861778259,0.9919884204864502,0.1340007185935974,0.9493376016616821,0.05759270489215851,0.9919884204864502,0.1340007185935974,0.9493376016616821,0.05759270489215851,
poison/poismph/datapoismphseq/poisspd_mph_3f325ccc.csv,ok,205,5,2,modified_speed,2,modified_speed,0.9982960224151611,all_windows,qualified_attack_window,5,4,0.8,True,0.18215778470039368,0.910706102848053,0.054035384207963943,0.9982960224151611,0.0042721484787762165,0.910706102848053,0.054035384207963943,0.9982960224151611,0.0042721484787762165,
poison/poismph/datapoismphseq/poisspd_mph_3f35c134.csv,ok,215,6,2,modified_speed,2,modified_speed,0.9982681274414062,all_windows,qualified_attack_window,6,3,0.5,True,0.4971064627170563,0.998774528503418,0.09912830591201782,0.9982681274414062,0.009981010109186172,0.998774528503418,0.09912830591201782,0.9982681274414062,0.009981010109186172,
poison/poismph/datapoismphseq/poisspd_mph_3f360050.csv,ok,227,7,2,modified_speed,2,modified_speed,0.9993946552276611,all_windows,qualified_attack_window,7,7,1.0,True,4.545142473943997e-06,3.180982093908824e-05,0.01742805913090706,0.9993946552276611,1.694047397298095e-23,3.180982093908824e-05,0.01742805913090706,0.9993946552276611,1.694047397298095e-23,
poison/poismph/datapoismphseq/poisspd_mph_3f3a49a0.csv,ok,223,6,2,modified_speed,2,modified_speed,0.9988916516304016,all_windows,qualified_attack_window,6,2,0.3333333333333333,True,0.6544763445854187,0.9989944100379944,0.045018505305051804,0.9988916516304016,0.002389216097071767,0.9989944100379944,0.045018505305051804,0.9988916516304016,0.002389216097071767,
poison/poismph/datapoismphseq/poisspd_mph_3f3e624f.csv,ok,219,6,2,modified_speed,2,modified_speed,0.9981154203414917,all_windows,qualified_attack_window,6,5,0.8333333333333334,True,0.15677255392074585,0.9404231905937195,0.030400734394788742,0.9981154203414917,0.04267876595258713,0.9404231905937195,0.030400734394788742,0.9981154203414917,0.04267876595258713,
poison/poismph/datapoismphseq/poisspd_mph_3f421169.csv,ok,253,8,2,modified_speed,2,modified_speed,0.9993610978126526,all_windows,qualified_attack_window,8,6,0.75,True,0.2465507686138153,0.9942626357078552,0.0839286595582962,0.9993610978126526,0.025209994986653328,0.9942626357078552,0.0839286595582962,0.9993610978126526,0.025209994986653328,
poison/poismph/datapoismphseq/poisspd_mph_3f42884e.csv,ok,195,5,2,modified_speed,2,modified_speed,0.9986273646354675,all_windows,qualified_attack_window,5,5,1.0,True,4.366150818668757e-08,1.5287399435237603e-07,0.0034725572913885117,0.9986273646354675,6.880300305395613e-36,1.5287399435237603e-07,0.0034725572913885117,0.9986273646354675,6.880300305395613e-36,
poison/poismph/datapoismphseq/poisspd_mph_3f42c0c7.csv,ok,207,5,2,modified_speed,2,modified_speed,0.9981824159622192,all_windows,qualified_attack_window,5,5,1.0,True,0.0007878178730607033,0.00393900740891695,0.08003867417573929,0.9981824159622192,2.0639527413546244e-12,0.00393900740891695,0.08003867417573929,0.9981824159622192,2.0639527413546244e-12,
poison/poismph/datapoismphseq/poisspd_mph_3f46c72a.csv,ok,233,7,2,modified_speed,2,modified_speed,0.9825140237808228,all_windows,qualified_attack_window,7,6,0.8571428571428571,True,0.14171454310417175,0.9908175468444824,0.04763185977935791,0.9825140237808228,0.0012731626629829407,0.9908175468444824,0.04763185977935791,0.9825140237808228,0.0012731626629829407,
poison/poismph/datapoismphseq/poisspd_mph_3f46ee35.csv,ok,199,5,2,modified_speed,2,modified_speed,0.999283492565155,all_windows,qualified_attack_window,5,5,1.0,True,2.4025492706414298e-09,7.788538702868664e-09,0.0014241590397432446,0.999283492565155,0.0,7.788538702868664e-09,0.0014241590397432446,0.999283492565155,0.0,
poison/poismph/datapoismphseq/poisspd_mph_3f4ac1e4.csv,ok,192,5,2,modified_speed,2,modified_speed,0.9991370439529419,all_windows,qualified_attack_window,5,5,1.0,True,2.6712174694409896e-09,4.129640629457754e-09,0.0011540140258148313,0.9991370439529419,0.0,4.129640629457754e-09,0.0011540140258148313,0.9991370439529419,0.0,
poison/poismph/datapoismphseq/poisspd_mph_3f4dc55d.csv,ok,225,7,2,modified_speed,2,modified_speed,0.9992655515670776,all_windows,qualified_attack_window,7,7,1.0,True,6.5474314858704474e-09,3.729541120378599e-08,0.0022773686796426773,0.9992655515670776,0.0,3.729541120378599e-08,0.0022773686796426773,0.9992655515670776,0.0,
poison/poismph/datapoismphseq/poisspd_mph_3f4ddd02.csv,ok,212,6,2,modified_speed,2,modified_speed,0.9981847405433655,all_windows,qualified_attack_window,6,2,0.3333333333333333,True,0.5638846755027771,0.9997997879981995,0.14620059728622437,0.9981847405433655,0.23280610144138336,0.9997997879981995,0.14620059728622437,0.9981847405433655,0.23280610144138336,
poison/poismph/datapoismphseq/poisspd_mph_3f5229d9.csv,ok,295,11,2,modified_speed,2,modified_speed,0.9990757703781128,all_windows,qualified_attack_window,11,9,0.8181818181818182,True,0.1733238697052002,0.998111367225647,0.046250127255916595,0.9990757703781128,0.03610605373978615,0.998111367225647,0.046250127255916595,0.9990757703781128,0.03610605373978615,
poison/poismph/datapoismphseq/poisspd_mph_3f5af0e7.csv,ok,200,5,2,modified_speed,2,modified_speed,0.999250590801239,all_windows,qualified_attack_window,5,5,1.0,True,2.181767655429212e-09,3.980064278152895e-09,0.0011756154708564281,0.999250590801239,0.0,3.980064278152895e-09,0.0011756154708564281,0.999250590801239,0.0,
poison/poismph/datapoismphseq/poisspd_mph_3f5f1cea.csv,ok,219,6,2,modified_speed,2,modified_speed,0.9993610978126526,all_windows,qualified_attack_window,6,6,1.0,True,1.471424426746637e-09,2.420724953822173e-09,0.000987549195997417,0.9993610978126526,0.0,2.420724953822173e-09,0.000987549195997417,0.9993610978126526,0.0,
poison/poismph/datapoismphseq/poisspd_mph_3f5f4746.csv,ok,193,5,2,modified_speed,2,modified_speed,0.9989573955535889,all_windows,qualified_attack_window,5,5,1.0,True,8.506072290970224e-09,2.3911203683724125e-08,0.001996006118133664,0.9989573955535889,0.0,2.3911203683724125e-08,0.001996006118133664,0.9989573955535889,0.0,
poison/poismph/datapoismphseq/poisspd_mph_3f5f559d.csv,ok,168,3,2,modified_speed,2,modified_speed,0.9991313815116882,all_windows,qualified_attack_window,3,3,1.0,True,2.6090640758980044e-09,4.4957233491516035e-09,0.001196015626192093,0.9991313815116882,0.0,4.4957233491516035e-09,0.001196015626192093,0.9991313815116882,0.0,
poison/poismph/datapoismphseq/poisspd_mph_3f66d87a.csv,ok,211,6,2,modified_speed,2,modified_speed,0.9987303614616394,all_windows,qualified_attack_window,6,6,1.0,True,0.00022060098126530647,0.0004341815074440092,0.7500720024108887,0.9987303614616394,9.558804646815455e-21,0.0004341815074440092,0.7500720024108887,0.9987303614616394,9.558804646815455e-21,
poison/poismph/datapoismphseq/poisspd_mph_3f67096a.csv,ok,427,19,2,modified_speed,2,modified_speed,0.9984490275382996,all_windows,qualified_attack_window,19,9,0.47368421052631576,True,0.5208076238632202,0.9996424913406372,0.014007476158440113,0.9984490275382996,0.04623152315616608,0.9996424913406372,0.014007476158440113,0.9984490275382996,0.04623152315616608,
poison/poismph/datapoismphseq/poisspd_mph_3f6a9c9b.csv,ok,194,5,2,modified_speed,2,modified_speed,0.9989132881164551,all_windows,qualified_attack_window,5,3,0.6,True,0.36995556950569153,0.9815323352813721,0.02033887803554535,0.9989132881164551,0.0937734916806221,0.9815323352813721,0.02033887803554535,0.9989132881164551,0.0937734916806221,
poison/poismph/datapoismphseq/poisspd_mph_3f6b0792.csv,ok,240,8,2,modified_speed,2,modified_speed,0.9849667549133301,all_windows,qualified_attack_window,8,7,0.875,True,0.07910285890102386,0.6119177937507629,0.19351962208747864,0.9849667549133301,0.00034823850728571415,0.6119177937507629,0.19351962208747864,0.9849667549133301,0.00034823850728571415,
poison/poismph/datapoismphseq/poisspd_mph_3f6e8fbb.csv,ok,238,7,2,modified_speed,2,modified_speed,0.9994326233863831,all_windows,qualified_attack_window,7,5,0.7142857142857143,True,0.28419896960258484,0.9983709454536438,0.004152075853198767,0.9994326233863831,0.002341489540413022,0.9983709454536438,0.004152075853198767,0.9994326233863831,0.002341489540413022,
poison/poismph/datapoismphseq/poisspd_mph_3f6ed9ff.csv,ok,331,13,2,modified_speed,2,modified_speed,0.9992755651473999,all_windows,qualified_attack_window,13,9,0.6923076923076923,True,0.22907575964927673,0.8779484629631042,0.16268301010131836,0.9992755651473999,0.21628229320049286,0.8779484629631042,0.16268301010131836,0.9992755651473999,0.21628229320049286,
poison/poismph/datapoismphseq/poisspd_mph_3f72dde5.csv,ok,180,4,2,modified_speed,2,modified_speed,0.9992358088493347,all_windows,qualified_attack_window,4,3,0.75,True,0.22234731912612915,0.8893890976905823,0.05644039437174797,0.9992358088493347,0.008967605419456959,0.8893890976905823,0.05644039437174797,0.9992358088493347,0.008967605419456959,
poison/poismph/datapoismphseq/poisspd_mph_3f7ba01a.csv,ok,182,4,2,modified_speed,2,modified_speed,0.994502067565918,all_windows,qualified_attack_window,4,4,1.0,True,2.430528866170789e-06,7.087858648446854e-06,0.01734999567270279,0.994502067565918,3.3796059774886803e-28,7.087858648446854e-06,0.01734999567270279,0.994502067565918,3.3796059774886803e-28,
poison/poismph/datapoismphseq/poisspd_mph_3f7f9dd0.csv,ok,215,6,2,modified_speed,2,modified_speed,0.9923821091651917,all_windows,qualified_attack_window,6,6,1.0,True,3.644749813247472e-05,0.00017550015763845295,0.02910342440009117,0.9923821091651917,1.6766123835837318e-19,0.00017550015763845295,0.02910342440009117,0.9923821091651917,1.6766123835837318e-19,
poison/poismph/datapoismphseq/poisspd_mph_3f86beca.csv,ok,215,6,2,modified_speed,2,modified_speed,0.9993018507957458,all_windows,qualified_attack_window,6,6,1.0,True,1.617984524138194e-09,2.478806493400043e-09,0.0010007007513195276,0.9993018507957458,0.0,2.478806493400043e-09,0.0010007007513195276,0.9993018507957458,0.0,
poison/poismph/datapoismphseq/poisspd_mph_3f871473.csv,ok,210,6,2,modified_speed,2,modified_speed,0.9992591142654419,all_windows,qualified_attack_window,6,6,1.0,True,2.235960749885635e-09,5.051962848057201e-09,0.0012392099015414715,0.9992591142654419,0.0,5.051962848057201e-09,0.0012392099015414715,0.9992591142654419,0.0,
poison/poismph/datapoismphseq/poisspd_mph_3f873f36.csv,ok,174,3,2,modified_speed,2,modified_speed,0.9994257688522339,all_windows,qualified_attack_window,3,2,0.6666666666666666,True,0.24955330789089203,0.7456353306770325,0.14135873317718506,0.9994257688522339,0.030184322968125343,0.7456353306770325,0.14135873317718506,0.9994257688522339,0.030184322968125343,
poison/poismph/datapoismphseq/poisspd_mph_3f8aa6b7.csv,ok,238,7,2,modified_speed,2,modified_speed,0.9667906761169434,all_windows,qualified_attack_window,7,2,0.2857142857142857,True,0.6550024747848511,0.9998859167098999,0.1793133020401001,0.9667906761169434,0.013695470988750458,0.9998859167098999,0.1793133020401001,0.9667906761169434,0.013695470988750458,
poison/poismph/datapoismphseq/poisspd_mph_3f8b1603.csv,ok,231,7,2,modified_speed,1,modified_altitude,0.9493322372436523,all_windows,qualified_attack_window,7,7,1.0,False,0.09047819674015045,0.3934754729270935,0.9493322372436523,0.8979229927062988,0.0029072370380163193,0.3934754729270935,0.9493322372436523,0.8979229927062988,0.0029072370380163193,
poison/poismph/datapoismphseq/poisspd_mph_3f8b7bb1.csv,ok,195,5,2,modified_speed,2,modified_speed,0.9983274340629578,all_windows,qualified_attack_window,5,5,1.0,True,2.9002743318073954e-08,5.8260656743414074e-08,0.002569892443716526,0.9983274340629578,3.3776225560822515e-38,5.8260656743414074e-08,0.002569892443716526,0.9983274340629578,3.3776225560822515e-38,
poison/poismph/datapoismphseq/poisspd_mph_3f8f1c63.csv,ok,153,2,2,modified_speed,2,modified_speed,0.9962922930717468,all_windows,qualified_attack_window,2,2,1.0,True,2.1359238644436118e-07,2.3909353785711573e-07,0.0039653959684073925,0.9962922930717468,7.063196005233874e-35,2.3909353785711573e-07,0.0039653959684073925,0.9962922930717468,7.063196005233874e-35,
