csv_path,window_index,start_row,end_row_exclusive,predicted_label,predicted_label_name,prob_authentic,prob_modified_altitude,prob_modified_speed,prob_modified_position
poison/poismph/datapoismphseq/poisalt_mph_3e39f7cd.csv,0,0,128,0,authentic,0.8901399970054626,0.020487891510128975,0.008091595023870468,0.08128057420253754
poison/poismph/datapoismphseq/poisalt_mph_3e39f7cd.csv,1,16,144,0,authentic,0.9883274435997009,0.0010930437128990889,0.00020128197502344847,0.010378311388194561
poison/poismph/datapoismphseq/poisalt_mph_3e39f7cd.csv,2,32,160,0,authentic,0.88206547498703,0.0450146459043026,0.021659070625901222,0.05126073583960533
poison/poismph/datapoismphseq/poisalt_mph_3e39f7cd.csv,3,48,176,1,modified_altitude,0.00021677766926586628,0.9997830986976624,7.79040547627119e-08,1.0276350437266046e-08
poison/poismph/datapoismphseq/poisalt_mph_3e39f7cd.csv,4,64,192,1,modified_altitude,5.425262133940123e-05,0.9999457597732544,3.0602576028826434e-11,2.167054919842079e-13
poison/poismph/datapoismphseq/poisalt_mph_3e39f7cd.csv,5,80,208,1,modified_altitude,1.717816667223815e-05,0.9999828934669495,4.257054778133984e-12,7.302073984534474e-13
poison/poismph/datapoismphseq/poisalt_mph_3e39f7cd.csv,6,96,224,1,modified_altitude,2.4143584596458822e-05,0.999975860118866,5.763237977129965e-12,2.7097462728525867e-12
poison/poismph/datapoismphseq/poisalt_mph_3e39f7cd.csv,7,112,240,1,modified_altitude,5.029673775425181e-05,0.9999496936798096,6.64606703004722e-11,4.662158246265813e-13
poison/poismph/datapoismphseq/poisalt_mph_3e39f7cd.csv,8,128,256,1,modified_altitude,4.104186882614158e-05,0.9999589920043945,4.1272575634909714e-11,1.0082339694031384e-12
poison/poismph/datapoismphseq/poisalt_mph_3e39f7cd.csv,9,144,272,1,modified_altitude,4.826070289709605e-05,0.9999517202377319,4.537734424325812e-11,6.650718170631009e-12
poison/poismph/datapoismphseq/poisalt_mph_3e3a3689.csv,0,0,128,1,modified_altitude,4.1339671952300705e-06,0.9999958276748657,1.9166085548066175e-13,1.192978058868607e-14
poison/poismph/datapoismphseq/poisalt_mph_3e3a3689.csv,1,16,144,1,modified_altitude,8.56664792081574e-06,0.9999914169311523,2.34963388806228e-13,1.0882552590194342e-13
poison/poismph/datapoismphseq/poisalt_mph_3e3a3689.csv,2,32,160,1,modified_altitude,1.4282111806096509e-05,0.9999856948852539,1.5620004205005311e-12,2.751765930733823e-14
poison/poismph/datapoismphseq/poisalt_mph_3e3a3689.csv,3,48,176,1,modified_altitude,1.6974721802398562e-05,0.9999831318855286,1.5991272542259516e-11,3.2051516659931806e-14
poison/poismph/datapoismphseq/poisalt_mph_3e3a3689.csv,4,64,192,1,modified_altitude,3.065907003474422e-05,0.9999694228172302,7.916285682529889e-11,1.5601420234379916e-14
poison/poismph/datapoismphseq/poisalt_mph_3e3a3689.csv,5,80,208,1,modified_altitude,3.064240809180774e-05,0.9999694228172302,1.431088442194195e-10,7.41571161980625e-15
poison/poismph/datapoismphseq/poisalt_mph_3e3a3689.csv,6,96,224,1,modified_altitude,0.00014603974705096334,0.9998540282249451,1.1852017145486116e-08,1.2373754813813542e-15
poison/poismph/datapoismphseq/poisalt_mph_3e3a3689.csv,7,112,240,1,modified_altitude,0.03383110836148262,0.9641574025154114,0.0020107501186430454,7.560167887277203e-07
poison/poismph/datapoismphseq/poisalt_mph_3e3a3689.csv,8,128,256,0,authentic,0.9710315465927124,0.0015199210029095411,0.0007299479912035167,0.02671864628791809
poison/poismph/datapoismphseq/poisalt_mph_3e3a3689.csv,9,144,272,0,authentic,0.8996860384941101,0.062359943985939026,0.034583937376737595,0.003370047314092517
poison/poismph/datapoismphseq/poisalt_mph_3e3a3689.csv,10,160,288,3,modified_position,0.29087141156196594,0.315865159034729,0.07096163928508759,0.32230183482170105
poison/poismph/datapoismphseq/poisalt_mph_3e3a3689.csv,11,176,304,0,authentic,0.990893542766571,0.007314753253012896,0.00137048726901412,0.00042121222941204906
poison/poismph/datapoismphseq/poisalt_mph_3e3a3689.csv,12,192,320,0,authentic,0.9973960518836975,0.0019210310420021415,0.00030547191272489727,0.00037752397474832833
poison/poismph/datapoismphseq/poisalt_mph_3e3a3689.csv,13,208,336,0,authentic,0.9464031457901001,0.04015300050377846,0.012525415979325771,0.0009184145019389689
poison/poismph/datapoismphseq/poisalt_mph_3e3a3689.csv,14,224,352,0,authentic,0.9922171831130981,0.006217600777745247,0.0012937409337610006,0.00027145567582920194
poison/poismph/datapoismphseq/poisalt_mph_3e3a3689.csv,15,240,368,0,authentic,0.9991124272346497,0.0005929593462496996,7.509714487241581e-05,0.00021945901971776038
poison/poismph/datapoismphseq/poisalt_mph_3e3a3689.csv,16,256,384,0,authentic,0.9983029365539551,0.000847380724735558,0.00016822801262605935,0.000681527832057327
poison/poismph/datapoismphseq/poisalt_mph_3e3a3689.csv,17,272,400,0,authentic,0.9988133907318115,0.0005512786447070539,0.00013162274262867868,0.0005037341616116464
poison/poismph/datapoismphseq/poisalt_mph_3e3a8fd0.csv,0,0,128,1,modified_altitude,0.00010016740998253226,0.9998999238014221,8.973112808341455e-10,2.4913873741816417e-10
poison/poismph/datapoismphseq/poisalt_mph_3e3a8fd0.csv,1,16,144,1,modified_altitude,3.4264408895978704e-05,0.9999658465385437,3.065863188322915e-11,8.673330608409413e-13
poison/poismph/datapoismphseq/poisalt_mph_3e3a8fd0.csv,2,32,160,1,modified_altitude,1.8078817447531037e-05,0.9999819397926331,1.3242834780158308e-11,7.825028602512218e-13
poison/poismph/datapoismphseq/poisalt_mph_3e3a8fd0.csv,3,48,176,1,modified_altitude,2.112565744027961e-05,0.9999789595603943,1.0218222101787688e-11,9.3181940028636e-13
poison/poismph/datapoismphseq/poisalt_mph_3e3a8fd0.csv,4,64,192,1,modified_altitude,2.7269927159068175e-05,0.9999727606773376,1.2660289483434894e-11,1.3947126873553595e-12
poison/poismph/datapoismphseq/poisalt_mph_3e3a8fd0.csv,5,80,208,1,modified_altitude,2.942522223747801e-05,0.9999706149101257,1.607458784136373e-11,1.0123231463168847e-12
poison/poismph/datapoismphseq/poisalt_mph_3e3a8fd0.csv,6,96,224,1,modified_altitude,5.069714825367555e-05,0.9999493360519409,3.709711704491525e-11,5.130097735506212e-12
poison/poismph/datapoismphseq/poisalt_mph_3e3a8fd0.csv,7,112,240,1,modified_altitude,0.0001012653301586397,0.9998987317085266,1.2407841865069713e-08,4.08963295628513e-14
poison/poismph/datapoismphseq/poisalt_mph_3e3d86b8.csv,0,0,128,1,modified_altitude,1.0552829508014838e-06,0.999998927116394,1.2312642868976802e-14,7.696863030823634e-14
poison/poismph/datapoismphseq/poisalt_mph_3e3d86b8.csv,1,16,144,1,modified_altitude,1.7675176877673948e-06,0.9999982118606567,4.35908430120209e-14,6.805083027031783e-14
poison/poismph/datapoismphseq/poisalt_mph_3e3d86b8.csv,2,32,160,1,modified_altitude,1.0871179938476416e-06,0.999998927116394,6.410466047015529e-15,3.935509551708169e-14
poison/poismph/datapoismphseq/poisalt_mph_3e3d86b8.csv,3,48,176,1,modified_altitude,1.4192620483299834e-06,0.9999985694885254,8.18751194771837e-15,8.208516331931204e-14
poison/poismph/datapoismphseq/poisalt_mph_3e3d86b8.csv,4,64,192,1,modified_altitude,1.832678549362754e-06,0.9999982118606567,1.5143903858249978e-14,1.0508705450967826e-13
poison/poismph/datapoismphseq/poisalt_mph_3e3d86b8.csv,5,80,208,1,modified_altitude,3.732141294676694e-06,0.9999963045120239,1.4286809853648191e-13,2.4582668122245452e-14
poison/poismph/datapoismphseq/poisalt_mph_3e3d86b8.csv,6,96,224,1,modified_altitude,6.9637044362025335e-06,0.999993085861206,3.319086542066807e-13,6.873402671678241e-14
poison/poismph/datapoismphseq/poisalt_mph_3e3d86b8.csv,7,112,240,0,authentic,0.6413373351097107,0.22082950174808502,0.1138307973742485,0.024002423509955406
poison/poismph/datapoismphseq/poisalt_mph_3e44d6af.csv,0,0,128,0,authentic,0.9997279047966003,1.5413581422762945e-05,2.3957898065418703e-06,0.0002542771690059453
poison/poismph/datapoismphseq/poisalt_mph_3e44d6af.csv,1,16,144,1,modified_altitude,0.0002853260957635939,0.9997146725654602,4.848026691206542e-08,6.176941180768836e-10
poison/poismph/datapoismphseq/poisalt_mph_3e44d6af.csv,2,32,160,1,modified_altitude,0.0004690157948061824,0.9995308518409729,1.3126077647029888e-07,8.861090750045264e-10
poison/poismph/datapoismphseq/poisalt_mph_3e44d6af.csv,3,48,176,1,modified_altitude,0.0010578518267720938,0.9989407658576965,1.3688071476281038e-06,9.054498817384626e-10
poison/poismph/datapoismphseq/poisalt_mph_3e44d6af.csv,4,64,192,1,modified_altitude,0.0010365017224103212,0.99896240234375,1.0700255188567098e-06,9.283894764067213e-10
poison/poismph/datapoismphseq/poisalt_mph_3e44d6af.csv,5,80,208,1,modified_altitude,0.0008732498972676694,0.9991257786750793,8.991731306196016e-07,4.475587955798943e-10
poison/poismph/datapoismphseq/poisalt_mph_3e44f206.csv,0,0,128,1,modified_altitude,8.87200512806885e-05,0.999911367893219,5.682603276824238e-10,2.2259966561536705e-14
poison/poismph/datapoismphseq/poisalt_mph_3e44f206.csv,1,16,144,1,modified_altitude,0.000175426626810804,0.9998245239257812,2.386270203658114e-08,3.9498747222738335e-15
poison/poismph/datapoismphseq/poisalt_mph_3e44f206.csv,2,32,160,1,modified_altitude,0.00030485764727927744,0.9996951818466187,5.9272032615353965e-08,6.1473975188726035e-15
poison/poismph/datapoismphseq/poisalt_mph_3e44f206.csv,3,48,176,1,modified_altitude,0.0002549174823798239,0.9997451305389404,5.6529966485641125e-08,8.00265293621075e-16
poison/poismph/datapoismphseq/poisalt_mph_3e47f111.csv,0,0,128,1,modified_altitude,3.075806716879015e-06,0.9999969005584717,4.5242255715437565e-14,4.0019772435187506e-14
poison/poismph/datapoismphseq/poisalt_mph_3e47f111.csv,1,16,144,1,modified_altitude,3.413403646845836e-06,0.999996542930603,4.286489173051071e-14,1.814812982238543e-14
poison/poismph/datapoismphseq/poisalt_mph_3e47f111.csv,2,32,160,1,modified_altitude,4.267190888640471e-06,0.9999957084655762,8.817974155765976e-14,3.206268055417662e-14
poison/poismph/datapoismphseq/poisalt_mph_3e47f111.csv,3,48,176,1,modified_altitude,2.7129958652949426e-06,0.9999972581863403,4.162050207517226e-14,1.148876017920391e-14
poison/poismph/datapoismphseq/poisalt_mph_3e47f111.csv,4,64,192,1,modified_altitude,2.3800241251592524e-05,0.9999761581420898,6.912840959383271e-12,2.4597558961458182e-14
poison/poismph/datapoismphseq/poisalt_mph_3e47f111.csv,5,80,208,0,authentic,0.9891842603683472,0.005431541707366705,0.0006984108476899564,0.004685770720243454
poison/poismph/datapoismphseq/poisalt_mph_3e4c8398.csv,0,0,128,0,authentic,0.8800083994865417,0.009856678545475006,0.003803601488471031,0.10633131861686707
poison/poismph/datapoismphseq/poisalt_mph_3e4c8398.csv,1,16,144,1,modified_altitude,7.488692062906921e-05,0.9999251365661621,6.121947393467053e-10,1.663573445664923e-11
poison/poismph/datapoismphseq/poisalt_mph_3e4c8398.csv,2,32,160,1,modified_altitude,1.415779934177408e-05,0.9999858140945435,2.9038414468135487e-13,1.5631956449754791e-12
poison/poismph/datapoismphseq/poisalt_mph_3e4c8398.csv,3,48,176,1,modified_altitude,1.7381216821377166e-05,0.9999826550483704,5.579992847989934e-13,2.2683412223209465e-13
poison/poismph/datapoismphseq/poisalt_mph_3e4c8398.csv,4,64,192,1,modified_altitude,2.3767990569467656e-05,0.9999763369560242,1.6335721837734685e-12,3.3533286282298735e-13
poison/poismph/datapoismphseq/poisalt_mph_3e4c8398.csv,5,80,208,1,modified_altitude,2.8581760489032604e-05,0.9999714493751526,1.7411503011946494e-12,8.429937520607056e-13
poison/poismph/datapoismphseq/poisalt_mph_3e4c8398.csv,6,96,224,1,modified_altitude,5.652385516441427e-05,0.9999434947967529,7.934972123813111e-12,1.505048798262909e-12
poison/poismph/datapoismphseq/poisalt_mph_3e4c8398.csv,7,112,240,1,modified_altitude,9.036686969920993e-05,0.9999096989631653,7.197428764094127e-11,2.8313328244433666e-12
poison/poismph/datapoismphseq/poisalt_mph_3e4c8398.csv,8,128,256,1,modified_altitude,6.399705307558179e-05,0.9999359846115112,7.606928281722602e-11,1.5644481153251344e-12
poison/poismph/datapoismphseq/poisalt_mph_3e503efe.csv,0,0,128,1,modified_altitude,0.00015918862482067198,0.9998404383659363,9.972457304385784e-10,3.810414170857257e-07
poison/poismph/datapoismphseq/poisalt_mph_3e503efe.csv,1,16,144,1,modified_altitude,0.00025721790734678507,0.9997423887252808,2.287410483248209e-09,4.6927272023822297e-07
poison/poismph/datapoismphseq/poisalt_mph_3e503efe.csv,2,32,160,1,modified_altitude,0.00039894937071949244,0.9996008276939392,1.0010372974988968e-08,2.7813263159259805e-07
poison/poismph/datapoismphseq/poisalt_mph_3e503efe.csv,3,48,176,1,modified_altitude,0.0003404858580324799,0.9996591210365295,6.32019281354701e-09,2.946417509974708e-07
poison/poismph/datapoismphseq/poisalt_mph_3e503efe.csv,4,64,192,1,modified_altitude,0.0004268064221832901,0.9995719790458679,6.2710361348194965e-09,1.1551671832421562e-06
poison/poismph/datapoismphseq/poisalt_mph_3e503efe.csv,5,80,208,1,modified_altitude,0.0001898967893794179,0.9998101592063904,1.4425100003379043e-09,3.2477796452212715e-08
poison/poismph/datapoismphseq/poisalt_mph_3e503efe.csv,6,96,224,1,modified_altitude,8.323735528392717e-05,0.9999167919158936,1.2103916480210586e-10,3.985245022875006e-09
poison/poismph/datapoismphseq/poisalt_mph_3e543f08.csv,0,0,128,1,modified_altitude,9.453107850276865e-06,0.9999905824661255,3.300071993450615e-09,5.555309630280586e-15
poison/poismph/datapoismphseq/poisalt_mph_3e543f08.csv,1,16,144,1,modified_altitude,7.427146192640066e-05,0.9999257326126099,1.4900082556668082e-10,1.0407348980279608e-14
poison/poismph/datapoismphseq/poisalt_mph_3e543f08.csv,2,32,160,1,modified_altitude,9.35970019781962e-05,0.9999064803123474,1.788654085954633e-10,2.2555438758593317e-14
poison/poismph/datapoismphseq/poisalt_mph_3e543f08.csv,3,48,176,1,modified_altitude,0.00011844118853332475,0.9998815059661865,3.1714550430272936e-10,3.090757833587414e-14
poison/poismph/datapoismphseq/poisalt_mph_3e543f08.csv,4,64,192,1,modified_altitude,0.00015030705253593624,0.9998496770858765,1.246065917115402e-09,6.078200856312558e-15
poison/poismph/datapoismphseq/poisalt_mph_3e57a9b1.csv,0,0,128,1,modified_altitude,0.0007555977790616453,0.9992442727088928,2.566144807758519e-08,4.030096434348707e-08
poison/poismph/datapoismphseq/poisalt_mph_3e57a9b1.csv,1,16,144,1,modified_altitude,2.692271300475113e-05,0.9999731183052063,2.5629601522678125e-13,2.1847476605607596e-10
poison/poismph/datapoismphseq/poisalt_mph_3e57a9b1.csv,2,32,160,1,modified_altitude,4.01921606680844e-05,0.9999598860740662,3.474265959559769e-13,2.0396158373348072e-10
poison/poismph/datapoismphseq/poisalt_mph_3e57a9b1.csv,3,48,176,1,modified_altitude,6.480487354565412e-05,0.9999351501464844,1.1161440695295344e-12,5.60704871421791e-10
poison/poismph/datapoismphseq/poisalt_mph_3e57a9b1.csv,4,64,192,1,modified_altitude,3.403578375582583e-05,0.9999659061431885,3.5378679695032e-13,6.208250025174777e-10
poison/poismph/datapoismphseq/poisalt_mph_3e57a9b1.csv,5,80,208,1,modified_altitude,5.2918156143277884e-05,0.9999470710754395,2.030435064873104e-12,1.5589653179493013e-10
poison/poismph/datapoismphseq/poisalt_mph_3e5e15b4.csv,0,0,128,0,authentic,0.9981069564819336,0.0002480096882209182,6.336861406452954e-05,0.0015817583771422505
poison/poismph/datapoismphseq/poisalt_mph_3e5e15b4.csv,1,16,144,0,authentic,0.9918426275253296,0.001151004689745605,0.00040730746695771813,0.006598997861146927
poison/poismph/datapoismphseq/poisalt_mph_3e5e15b4.csv,2,32,160,0,authentic,0.9315216541290283,0.03443107008934021,0.021755803376436234,0.012291454710066319
poison/poismph/datapoismphseq/poisalt_mph_3e5e15b4.csv,3,48,176,0,authentic,0.9482375383377075,0.02793154865503311,0.0012304015690460801,0.02260059118270874
poison/poismph/datapoismphseq/poisalt_mph_3e5e15b4.csv,4,64,192,0,authentic,0.82280033826828,0.13616102933883667,0.014566031284630299,0.026472581550478935
poison/poismph/datapoismphseq/poisalt_mph_3e5e15b4.csv,5,80,208,1,modified_altitude,0.4008467197418213,0.5054014325141907,0.032860010862350464,0.0608917661011219
poison/poismph/datapoismphseq/poisalt_mph_3e5e15b4.csv,6,96,224,1,modified_altitude,0.006178832147270441,0.9759536981582642,3.867993200401543e-06,0.01786358468234539
poison/poismph/datapoismphseq/poisalt_mph_3e5e15b4.csv,7,112,240,1,modified_altitude,0.004314258694648743,0.9956564903259277,1.963993963727262e-05,9.536898687656503e-06
poison/poismph/datapoismphseq/poisalt_mph_3e5ea18c.csv,0,0,128,0,authentic,0.8231089115142822,0.06223200634121895,0.022335831075906754,0.09232334047555923
poison/poismph/datapoismphseq/poisalt_mph_3e5ea18c.csv,1,16,144,2,modified_speed,0.2824631631374359,0.22446224093437195,0.48005837202072144,0.013016239739954472
poison/poismph/datapoismphseq/poisalt_mph_3e5ea18c.csv,2,32,160,1,modified_altitude,1.4899967027304228e-05,0.9999850988388062,2.942893758545173e-12,4.5127036872941173e-13
poison/poismph/datapoismphseq/poisalt_mph_3e5ea18c.csv,3,48,176,1,modified_altitude,9.633988520363346e-05,0.9999037384986877,1.5576368320169287e-11,5.25470118806215e-12
poison/poismph/datapoismphseq/poisalt_mph_3e5ea18c.csv,4,64,192,1,modified_altitude,0.000191540879313834,0.9998084902763367,7.89506446330357e-11,5.682781935995029e-12
poison/poismph/datapoismphseq/poisalt_mph_3e5ea18c.csv,5,80,208,1,modified_altitude,0.00023318119929172099,0.9997667670249939,2.7109450795315126e-10,1.0782766823522194e-12
poison/poismph/datapoismphseq/poisalt_mph_3e61b514.csv,0,0,128,0,authentic,0.9994485378265381,0.0002462419797666371,5.929583130637184e-05,0.0002459080424159765
poison/poismph/datapoismphseq/poisalt_mph_3e61b514.csv,1,16,144,0,authentic,0.9994001388549805,0.0002223972842330113,8.533545769751072e-05,0.0002921130508184433
poison/poismph/datapoismphseq/poisalt_mph_3e61b514.csv,2,32,160,0,authentic,0.9991787075996399,0.0005095856613479555,0.00017955618386622518,0.00013218334061093628
poison/poismph/datapoismphseq/poisalt_mph_3e61b514.csv,3,48,176,0,authentic,0.9985784888267517,0.0007630088948644698,0.0002641208120621741,0.0003942838229704648
poison/poismph/datapoismphseq/poisalt_mph_3e61b514.csv,4,64,192,1,modified_altitude,0.28636372089385986,0.6441977024078369,0.06569450348615646,0.003744120243936777
poison/poismph/datapoismphseq/poisalt_mph_3e61b514.csv,5,80,208,1,modified_altitude,6.660337385255843e-05,0.9999333620071411,2.0369882169912756e-10,1.121911867539029e-15
poison/poismph/datapoismphseq/poisalt_mph_3e61b514.csv,6,96,224,1,modified_altitude,3.906011625076644e-05,0.9999609589576721,6.692623538695486e-11,3.4553525354695394e-15
poison/poismph/datapoismphseq/poisalt_mph_3e61b514.csv,7,112,240,1,modified_altitude,5.137548942002468e-05,0.9999486207962036,5.7406596837283885e-11,4.392703377691792e-14
poison/poismph/datapoismphseq/poisalt_mph_3e61b514.csv,8,128,256,1,modified_altitude,5.67725692235399e-06,0.9999942779541016,1.3337231709667496e-13,1.0009531316865564e-13
poison/poismph/datapoismphseq/poisalt_mph_3e61de69.csv,0,0,128,1,modified_altitude,4.124314364162274e-05,0.9999588131904602,2.2393853438273936e-10,1.4868413846045453e-13
poison/poismph/datapoismphseq/poisalt_mph_3e61de69.csv,1,16,144,1,modified_altitude,0.0002622000756673515,0.9997377991676331,4.796205654855612e-10,3.305823323418444e-11
poison/poismph/datapoismphseq/poisalt_mph_3e61de69.csv,2,32,160,1,modified_altitude,0.0002158300339942798,0.9997841715812683,3.996070141454311e-10,1.9907563444943044e-11
poison/poismph/datapoismphseq/poisalt_mph_3e61de69.csv,3,48,176,1,modified_altitude,0.0002872344630304724,0.9997127652168274,4.3408676653200473e-10,1.4803890058256997e-10
poison/poismph/datapoismphseq/poisalt_mph_3e61de69.csv,4,64,192,1,modified_altitude,0.00034031382529065013,0.9996596574783325,1.1091502161164613e-09,2.921504704822553e-11
poison/poismph/datapoismphseq/poisalt_mph_3e61de69.csv,5,80,208,1,modified_altitude,0.0007311723311431706,0.9992688298225403,8.981645649441816e-09,1.6232702682028588e-11
poison/poismph/datapoismphseq/poisalt_mph_3e622608.csv,0,0,128,0,authentic,0.9332912564277649,0.03497913479804993,0.02525440789759159,0.006475282832980156
poison/poismph/datapoismphseq/poisalt_mph_3e622608.csv,1,16,144,0,authentic,0.9536283612251282,0.02970721200108528,0.015758821740746498,0.0009056146955117583
poison/poismph/datapoismphseq/poisalt_mph_3e622608.csv,2,32,160,1,modified_altitude,2.7959913495578803e-06,0.9999972581863403,3.6163438780004165e-13,1.7115111550225492e-09
poison/poismph/datapoismphseq/poisalt_mph_3e622608.csv,3,48,176,1,modified_altitude,1.5542891560471617e-05,0.9999845623970032,5.1740079234918745e-12,1.1799132634479625e-12
poison/poismph/datapoismphseq/poisalt_mph_3e656a7d.csv,0,0,128,1,modified_altitude,0.00041583439451642334,0.9995838403701782,2.548470376950718e-07,4.0506964893438635e-08
poison/poismph/datapoismphseq/poisalt_mph_3e656a7d.csv,1,16,144,1,modified_altitude,0.00037454412085935473,0.9996253252029419,1.1223540496985152e-07,6.29201792889944e-08
poison/poismph/datapoismphseq/poisalt_mph_3e656a7d.csv,2,32,160,1,modified_altitude,0.00018780387472361326,0.9998093843460083,2.7433636660134653e-06,3.2909840217559827e-12
poison/poismph/datapoismphseq/poisalt_mph_3e656a7d.csv,3,48,176,1,modified_altitude,0.0005763160879723728,0.9994226098060608,1.044715190801071e-06,2.2895416673662794e-09
poison/poismph/datapoismphseq/poisalt_mph_3e656a7d.csv,4,64,192,1,modified_altitude,0.0010318239219486713,0.9989676475524902,4.6918415819163783e-07,3.108690904696232e-08
poison/poismph/datapoismphseq/poisalt_mph_3e696d81.csv,0,0,128,1,modified_altitude,5.837080971105024e-05,0.9999415874481201,4.491017367019845e-12,9.320468702389562e-11
poison/poismph/datapoismphseq/poisalt_mph_3e696d81.csv,1,16,144,1,modified_altitude,7.956595800351351e-05,0.9999204277992249,7.156080415737787e-12,2.033513635257833e-11
poison/poismph/datapoismphseq/poisalt_mph_3e696d81.csv,2,32,160,1,modified_altitude,7.170152821345255e-05,0.9999282360076904,1.8670042942203757e-11,2.6127760979072212e-12
poison/poismph/datapoismphseq/poisalt_mph_3e696d81.csv,3,48,176,1,modified_altitude,9.290332673117518e-05,0.9999071955680847,2.8963423673311617e-11,2.381602077008993e-12
poison/poismph/datapoismphseq/poisalt_mph_3e696d81.csv,4,64,192,1,modified_altitude,0.00013693446817342192,0.9998630285263062,8.553445451919828e-11,1.5859044763186225e-12
poison/poismph/datapoismphseq/poisalt_mph_3e73fb1c.csv,0,0,128,0,authentic,0.7475206851959229,0.1669776439666748,0.0827164500951767,0.0027851383201777935
poison/poismph/datapoismphseq/poisalt_mph_3e73fb1c.csv,1,16,144,0,authentic,0.9911465048789978,0.0031263669952750206,0.0007952841115184128,0.004931892268359661
poison/poismph/datapoismphseq/poisalt_mph_3e73fb1c.csv,2,32,160,0,authentic,0.9986453056335449,0.0001712899247650057,2.1986543288221583e-05,0.001161361811682582
poison/poismph/datapoismphseq/poisalt_mph_3e73fb1c.csv,3,48,176,0,authentic,0.9981879591941833,0.0009007144835777581,8.121628343360499e-05,0.0008301158668473363
poison/poismph/datapoismphseq/poisalt_mph_3e73fb1c.csv,4,64,192,1,modified_altitude,3.3909727790160105e-05,0.9999661445617676,1.7799238645477278e-12,7.348704110510251e-12
poison/poismph/datapoismphseq/poisalt_mph_3e73fb1c.csv,5,80,208,1,modified_altitude,3.1292318453779444e-05,0.9999686479568481,1.7935669225851991e-12,3.448905223912835e-12
poison/poismph/datapoismphseq/poisalt_mph_3e73fb1c.csv,6,96,224,1,modified_altitude,7.099529466358945e-05,0.9999289512634277,2.8057669035352895e-11,9.924745487249753e-13
poison/poismph/datapoismphseq/poisalt_mph_3e743eea.csv,0,0,128,0,authentic,0.9768502116203308,0.0059599182568490505,0.0029234213288873434,0.014266517013311386
poison/poismph/datapoismphseq/poisalt_mph_3e743eea.csv,1,16,144,1,modified_altitude,6.607917748624459e-05,0.9999339580535889,6.315644535126452e-11,9.875283099938792e-13
poison/poismph/datapoismphseq/poisalt_mph_3e743eea.csv,2,32,160,1,modified_altitude,0.00011868731235153973,0.9998812675476074,1.3271750365362323e-10,2.1968375469444412e-12
poison/poismph/datapoismphseq/poisalt_mph_3e743eea.csv,3,48,176,1,modified_altitude,3.99342316086404e-05,0.9999601244926453,1.148616011331649e-11,1.1701137454800392e-11
poison/poismph/datapoismphseq/poisalt_mph_3e77a028.csv,0,0,128,1,modified_altitude,0.0002494605432730168,0.9997506141662598,4.01203692490526e-09,3.779722032321714e-13
poison/poismph/datapoismphseq/poisalt_mph_3e77a028.csv,1,16,144,1,modified_altitude,0.0002615165140014142,0.9997385144233704,1.135456351164521e-08,1.1296383750289407e-13
poison/poismph/datapoismphseq/poisalt_mph_3e77a028.csv,2,32,160,1,modified_altitude,0.0002350282302359119,0.9997649192810059,4.79819517451574e-09,9.390091785729804e-13
poison/poismph/datapoismphseq/poisalt_mph_3e77a028.csv,3,48,176,1,modified_altitude,0.0003329198807477951,0.9996669888496399,6.42595843203253e-09,2.1721864758295073e-12
poison/poismph/datapoismphseq/poisalt_mph_3e77f289.csv,0,0,128,1,modified_altitude,0.19598175585269928,0.46671101450920105,0.0018618566682562232,0.33544525504112244
poison/poismph/datapoismphseq/poisalt_mph_3e77f289.csv,1,16,144,1,modified_altitude,0.3261810839176178,0.6297584176063538,0.0025778990238904953,0.04148261994123459
poison/poismph/datapoismphseq/poisalt_mph_3e77f289.csv,2,32,160,1,modified_altitude,0.03368951380252838,0.9591937065124512,0.007096311077475548,2.047580710495822e-05
poison/poismph/datapoismphseq/poisalt_mph_3e77f289.csv,3,48,176,1,modified_altitude,2.9135801014490426e-05,0.9999709725379944,5.2351886714596674e-11,6.981568779042616e-14
poison/poismph/datapoismphseq/poisalt_mph_3e77f289.csv,4,64,192,1,modified_altitude,4.798402369488031e-05,0.999951958656311,7.866237522469177e-11,1.5706583440539684e-13
poison/poismph/datapoismphseq/poisalt_mph_3e7b8676.csv,0,0,128,0,authentic,0.9274802803993225,0.026094065979123116,0.02008017711341381,0.02634556032717228
poison/poismph/datapoismphseq/poisalt_mph_3e7b8676.csv,1,16,144,0,authentic,0.9211627840995789,0.05867711454629898,0.01342601329088211,0.006734008900821209
poison/poismph/datapoismphseq/poisalt_mph_3e7b8676.csv,2,32,160,0,authentic,0.8107088208198547,0.12587855756282806,0.05370662361383438,0.009706102311611176
poison/poismph/datapoismphseq/poisalt_mph_3e7b8676.csv,3,48,176,1,modified_altitude,0.0004166286962572485,0.99958336353302,3.5862375291628723e-09,2.274558839887586e-11
poison/poismph/datapoismphseq/poisalt_mph_3e7b8676.csv,4,64,192,1,modified_altitude,0.0006647469126619399,0.9993352293968201,3.991559083260654e-09,2.1996671845103677e-11
poison/poismph/datapoismphseq/poisalt_mph_3e7b9bb4.csv,0,0,128,0,authentic,0.9999017119407654,2.829846562235616e-05,2.0728600702568656e-06,6.801357085350901e-05
poison/poismph/datapoismphseq/poisalt_mph_3e7b9bb4.csv,1,16,144,0,authentic,0.9744117259979248,0.014323326759040356,0.009522353298962116,0.0017426757840439677
poison/poismph/datapoismphseq/poisalt_mph_3e7b9bb4.csv,2,32,160,1,modified_altitude,0.00018093232938554138,0.9998190402984619,1.3594059211641252e-10,2.1530638383282508e-11
poison/poismph/datapoismphseq/poisalt_mph_3e7b9bb4.csv,3,48,176,1,modified_altitude,0.00019382282334845513,0.9998061656951904,1.341397687371071e-10,1.1230538200790452e-11
poison/poismph/datapoismphseq/poisalt_mph_3e7b9bb4.csv,4,64,192,1,modified_altitude,9.951883839676157e-05,0.9999004602432251,3.9119069095150394e-11,6.406886739890316e-12
poison/poismph/datapoismphseq/poisalt_mph_3e7f3fd9.csv,0,0,128,1,modified_altitude,0.00013992932508699596,0.9998601078987122,1.5708460920915712e-10,7.196958307087442e-12
poison/poismph/datapoismphseq/poisalt_mph_3e7f3fd9.csv,1,16,144,1,modified_altitude,0.0003034781548194587,0.9996964931488037,4.3182449283030166e-10,2.7420947457112987e-11
poison/poismph/datapoismphseq/poisalt_mph_3e7f3fd9.csv,2,32,160,1,modified_altitude,0.00027888291515409946,0.999721109867096,4.809995179932969e-10,1.029482488840161e-11
poison/poismph/datapoismphseq/poisalt_mph_3e7f3fd9.csv,3,48,176,1,modified_altitude,0.0002892011252697557,0.999710738658905,1.3097650741755729e-09,5.917862554161157e-12
poison/poismph/datapoismphseq/poisalt_mph_3e7f3fd9.csv,4,64,192,1,modified_altitude,0.00028607872081920505,0.9997139573097229,1.876136357381597e-09,4.317113506957515e-12
poison/poismph/datapoismphseq/poisalt_mph_3e881f6e.csv,0,0,128,1,modified_altitude,2.4049027160799596e-06,0.999997615814209,2.080825112216189e-08,3.5024596203406804e-22
poison/poismph/datapoismphseq/poisalt_mph_3e881f6e.csv,1,16,144,1,modified_altitude,2.308508555870503e-06,0.9999977350234985,8.360585113109664e-09,1.5815946757245519e-21
poison/poismph/datapoismphseq/poisalt_mph_3e881f6e.csv,2,32,160,1,modified_altitude,7.140532034100033e-06,0.999992847442627,4.626803828955417e-08,5.566123787366682e-21
poison/poismph/datapoismphseq/poisalt_mph_3e881f6e.csv,3,48,176,1,modified_altitude,1.0277118235535454e-05,0.9999897480010986,9.15022013714406e-09,1.625780997569006e-18
poison/poismph/datapoismphseq/poisalt_mph_3e881f6e.csv,4,64,192,1,modified_altitude,1.3802761714032385e-05,0.9999861717224121,1.5035809042274195e-08,1.8161618888244903e-18
poison/poismph/datapoismphseq/poisalt_mph_3e9de1d5.csv,0,0,128,0,authentic,0.9884157776832581,0.003810024354606867,0.002305837580934167,0.005468327086418867
poison/poismph/datapoismphseq/poisalt_mph_3e9de1d5.csv,1,16,144,0,authentic,0.9995744228363037,3.173822915414348e-05,5.702226189896464e-06,0.0003882796154357493
poison/poismph/datapoismphseq/poisalt_mph_3e9de1d5.csv,2,32,160,0,authentic,0.9977937936782837,0.0006735467468388379,0.00025153139722533524,0.0012810947373509407
poison/poismph/datapoismphseq/poisalt_mph_3e9de1d5.csv,3,48,176,1,modified_altitude,0.0001374960265820846,0.9998624324798584,1.6593187934788034e-10,3.128207979111175e-12
poison/poismph/datapoismphseq/poisalt_mph_3e9de1d5.csv,4,64,192,1,modified_altitude,8.900060493033379e-05,0.9999110102653503,3.3322584275241596e-11,9.248882909540512e-12
poison/poismph/datapoismphseq/poisalt_mph_3e9de1d5.csv,5,80,208,1,modified_altitude,4.699306009570137e-05,0.999953031539917,2.092258137575964e-11,5.285743023830669e-11
poison/poismph/datapoismphseq/poisalt_mph_3e9de1d5.csv,6,96,224,1,modified_altitude,7.643645949428901e-05,0.999923586845398,7.469827534301032e-11,5.374232656119027e-11
poison/poismph/datapoismphseq/poisalt_mph_3e9de1d5.csv,7,112,240,1,modified_altitude,0.00012348969175945967,0.9998764991760254,1.9454662880669105e-10,5.8585206130779e-11
poison/poismph/datapoismphseq/poisalt_mph_3e9e281c.csv,0,0,128,0,authentic,0.998353123664856,0.00011510715557960793,2.6025469196611084e-05,0.0015057906275615096
poison/poismph/datapoismphseq/poisalt_mph_3e9e281c.csv,1,16,144,1,modified_altitude,0.005750717129558325,0.9941798448562622,5.29915741935838e-05,1.649261685088277e-05
poison/poismph/datapoismphseq/poisalt_mph_3e9e281c.csv,2,32,160,1,modified_altitude,0.0016741665313020349,0.9983252882957458,6.500842459900014e-07,1.9283026564398398e-10
poison/poismph/datapoismphseq/poisalt_mph_3e9e281c.csv,3,48,176,1,modified_altitude,0.0016363431932404637,0.9983633756637573,4.121686174585193e-07,3.062791409380594e-10
poison/poismph/datapoismphseq/poisalt_mph_3e9e281c.csv,4,64,192,1,modified_altitude,0.0019747016485780478,0.9980233907699585,1.854750735219568e-06,5.432116909065421e-11
poison/poismph/datapoismphseq/poisalt_mph_3e9e281c.csv,5,80,208,1,modified_altitude,0.002729562344029546,0.9972681999206543,2.2117278604127932e-06,1.3400509868422006e-10
poison/poismph/datapoismphseq/poisalt_mph_3e9e281c.csv,6,96,224,1,modified_altitude,0.0040597994811832905,0.9959362149238586,4.051398718729615e-06,1.0511388287559598e-10
poison/poismph/datapoismphseq/poisalt_mph_3e9e281c.csv,7,112,240,1,modified_altitude,0.0058145783841609955,0.9941781759262085,7.202282176876906e-06,1.3281854782665192e-10
poison/poismph/datapoismphseq/poisalt_mph_3e9e7954.csv,0,0,128,0,authentic,0.9995213747024536,3.617310358094983e-05,2.865180249500554e-06,0.00043958870810456574
poison/poismph/datapoismphseq/poisalt_mph_3e9e7954.csv,1,16,144,0,authentic,0.4103384017944336,0.24689704179763794,0.34054380655288696,0.002220727736130357
poison/poismph/datapoismphseq/poisalt_mph_3e9e7954.csv,2,32,160,0,authentic,0.986263632774353,0.007203310262411833,0.0035516968928277493,0.0029814578592777252
poison/poismph/datapoismphseq/poisalt_mph_3e9e7954.csv,3,48,176,1,modified_altitude,1.7039057638612576e-05,0.9999828934669495,3.8920967143640794e-11,8.268044382475637e-08
poison/poismph/datapoismphseq/poisalt_mph_3e9e7954.csv,4,64,192,1,modified_altitude,6.437366391764954e-05,0.9999356269836426,1.8069626350758483e-10,3.128385051009985e-11
poison/poismph/datapoismphseq/poisalt_mph_3e9e8545.csv,0,0,128,0,authentic,0.9979389309883118,0.0003241756930947304,5.335370224202052e-05,0.0016834806883707643
poison/poismph/datapoismphseq/poisalt_mph_3e9e8545.csv,1,16,144,0,authentic,0.9918931722640991,0.0021358393132686615,0.0007610009051859379,0.005209998227655888
poison/poismph/datapoismphseq/poisalt_mph_3e9e8545.csv,2,32,160,0,authentic,0.962752103805542,0.02347923442721367,0.005200790241360664,0.008567876182496548
poison/poismph/datapoismphseq/poisalt_mph_3e9e8545.csv,3,48,176,1,modified_altitude,2.570339165686164e-05,0.9999743103981018,5.122521330724883e-12,2.5032772621273736e-13
poison/poismph/datapoismphseq/poisalt_mph_3e9e8545.csv,4,64,192,1,modified_altitude,2.5622603061492555e-05,0.9999743700027466,1.8303971619643145e-12,9.934438254671774e-13
poison/poismph/datapoismphseq/poisalt_mph_3ea21b8b.csv,0,0,128,1,modified_altitude,0.02250254899263382,0.9724622368812561,0.005032611545175314,2.6668863029044587e-06
poison/poismph/datapoismphseq/poisalt_mph_3ea21b8b.csv,1,16,144,1,modified_altitude,0.0019850388634949923,0.9980027079582214,6.014416612742934e-06,6.286827101575909e-06
poison/poismph/datapoismphseq/poisalt_mph_3ea21b8b.csv,2,32,160,1,modified_altitude,0.0023271474055945873,0.9976636171340942,6.022863999533001e-06,3.29657973452413e-06
poison/poismph/datapoismphseq/poisalt_mph_3ea21b8b.csv,3,48,176,1,modified_altitude,0.0029749346431344748,0.9970130920410156,1.092778802558314e-05,1.1284488437013351e-06
poison/poismph/datapoismphseq/poisalt_mph_3ea21b8b.csv,4,64,192,1,modified_altitude,0.004060862120240927,0.9959219694137573,1.2207021427457221e-05,4.979286131856497e-06
poison/poismph/datapoismphseq/poisalt_mph_3ea21b8b.csv,5,80,208,1,modified_altitude,0.004229526501148939,0.9957420229911804,6.930345989530906e-06,2.1495383407454938e-05
poison/poismph/datapoismphseq/poisalt_mph_3ea21b8b.csv,6,96,224,1,modified_altitude,0.009329709224402905,0.99064040184021,2.4024855520110577e-05,5.83362634642981e-06
poison/poismph/datapoismphseq/poisalt_mph_3ea262ed.csv,0,0,128,0,authentic,0.9982331991195679,0.0012198404874652624,0.0002643920888658613,0.00028254007338546216
poison/poismph/datapoismphseq/poisalt_mph_3ea262ed.csv,1,16,144,0,authentic,0.9983283877372742,0.0007312753004953265,0.00018563211779110134,0.0007546611595898867
poison/poismph/datapoismphseq/poisalt_mph_3ea262ed.csv,2,32,160,0,authentic,0.9953024983406067,0.0017115165246650577,0.00043339148396626115,0.002552681602537632
poison/poismph/datapoismphseq/poisalt_mph_3ea262ed.csv,3,48,176,1,modified_altitude,0.0034469636157155037,0.9959501624107361,4.266408382136433e-07,0.0006025024340488017
poison/poismph/datapoismphseq/poisalt_mph_3ea262ed.csv,4,64,192,1,modified_altitude,0.003942710813134909,0.9960471987724304,2.970452896988718e-06,7.081528565322515e-06
poison/poismph/datapoismphseq/poisalt_mph_3ea5338f.csv,0,0,128,0,authentic,0.8914972543716431,0.05318000540137291,0.02051178552210331,0.03481096401810646
poison/poismph/datapoismphseq/poisalt_mph_3ea5338f.csv,1,16,144,1,modified_altitude,0.00016933564620558172,0.9998306035995483,6.636057814368712e-10,2.3423030550730195e-13
poison/poismph/datapoismphseq/poisalt_mph_3ea5338f.csv,2,32,160,1,modified_altitude,0.00018534270930103958,0.9998146295547485,1.0255111204671152e-09,2.966610789488511e-13
poison/poismph/datapoismphseq/poisalt_mph_3ea5338f.csv,3,48,176,1,modified_altitude,8.534357039025053e-05,0.9999147057533264,1.497784674064917e-10,1.3985573766792103e-13
poison/poismph/datapoismphseq/poisalt_mph_3ea5338f.csv,4,64,192,1,modified_altitude,8.400221122428775e-05,0.9999159574508667,1.3761067285678052e-10,1.4897866198061022e-13
poison/poismph/datapoismphseq/poisalt_mph_3ea5338f.csv,5,80,208,1,modified_altitude,0.0001452649012207985,0.9998546838760376,4.834480038518052e-10,2.78120706803317e-13
poison/poismph/datapoismphseq/poisalt_mph_3ea57789.csv,0,0,128,0,authentic,0.9814176559448242,0.007220281753689051,0.0023468725848942995,0.009015270508825779
poison/poismph/datapoismphseq/poisalt_mph_3ea57789.csv,1,16,144,1,modified_altitude,1.1619681572483387e-05,0.9999884366989136,1.380848452074701e-12,8.439398476287237e-16
poison/poismph/datapoismphseq/poisalt_mph_3ea57789.csv,2,32,160,1,modified_altitude,1.544386577734258e-05,0.9999845623970032,1.8417411692950303e-12,8.644015695959866e-16
poison/poismph/datapoismphseq/poisalt_mph_3ea57789.csv,3,48,176,1,modified_altitude,2.6128751414944418e-05,0.9999739527702332,2.1436073402436584e-11,4.313568223451728e-16
poison/poismph/datapoismphseq/poisalt_mph_3ea57789.csv,4,64,192,1,modified_altitude,3.3207510568900034e-05,0.9999667406082153,2.6730657617934916e-11,5.562257312151321e-16
poison/poismph/datapoismphseq/poisalt_mph_3ea59d67.csv,0,0,128,0,authentic,0.8861189484596252,0.05943845584988594,0.014313548803329468,0.040129099041223526
poison/poismph/datapoismphseq/poisalt_mph_3ea59d67.csv,1,16,144,0,authentic,0.9232354164123535,0.04608512297272682,0.025509707629680634,0.0051696631126105785
poison/poismph/datapoismphseq/poisalt_mph_3ea59d67.csv,2,32,160,0,authentic,0.46565183997154236,0.4192739427089691,0.1085856705904007,0.0064885178580880165
poison/poismph/datapoismphseq/poisalt_mph_3ea59d67.csv,3,48,176,1,modified_altitude,5.0122980610467494e-05,0.9999499320983887,1.2242049041155667e-10,1.1332988769652275e-08
poison/poismph/datapoismphseq/poisalt_mph_3ea59d67.csv,4,64,192,1,modified_altitude,9.579033212503418e-05,0.9999041557312012,1.245843872510477e-09,4.105505380103125e-10
poison/poismph/datapoismphseq/poisalt_mph_3ea867d9.csv,0,0,128,1,modified_altitude,2.412896901660133e-05,0.9999759793281555,3.797692021967336e-11,2.0655537081638344e-14
poison/poismph/datapoismphseq/poisalt_mph_3ea867d9.csv,1,16,144,1,modified_altitude,3.2001553336158395e-05,0.9999681115150452,3.112387084169832e-11,1.821865141388157e-13
poison/poismph/datapoismphseq/poisalt_mph_3ea867d9.csv,2,32,160,1,modified_altitude,5.0361824833089486e-05,0.9999496936798096,1.0100387887179707e-10,5.6173415799529863e-14
poison/poismph/datapoismphseq/poisalt_mph_3ea867d9.csv,3,48,176,1,modified_altitude,5.266452717478387e-05,0.9999473094940186,1.4986595298083216e-10,9.283709461989711e-14
poison/poismph/datapoismphseq/poisalt_mph_3ea867d9.csv,4,64,192,1,modified_altitude,6.810507329646498e-05,0.9999319314956665,2.1748375322871993e-10,7.063077065491002e-14
poison/poismph/datapoismphseq/poisalt_mph_3ea867d9.csv,5,80,208,1,modified_altitude,6.970120739424601e-05,0.9999302625656128,2.1122197046974378e-10,1.928146092225122e-13
poison/poismph/datapoismphseq/poisalt_mph_3ea867d9.csv,6,96,224,1,modified_altitude,4.3805503082694486e-05,0.9999563097953796,3.54242954414552e-11,2.4597097362383247e-12
poison/poismph/datapoismphseq/poisalt_mph_3ea867d9.csv,7,112,240,1,modified_altitude,0.06532583385705948,0.9332342743873596,0.001041732612065971,0.0003980458714067936
poison/poismph/datapoismphseq/poisalt_mph_3ea867d9.csv,8,128,256,0,authentic,0.9830334782600403,0.00735598336905241,0.0011161089641973376,0.0084944823756814
poison/poismph/datapoismphseq/poisalt_mph_3ea867d9.csv,9,144,272,0,authentic,0.994199275970459,0.0005853523616679013,0.00018972516409121454,0.005025680176913738
poison/poismph/datapoismphseq/poisalt_mph_3ea867d9.csv,10,160,288,2,modified_speed,0.3562651574611664,0.255161315202713,0.38000261783599854,0.008570864796638489
poison/poismph/datapoismphseq/poisalt_mph_3ea867d9.csv,11,176,304,0,authentic,0.5489249229431152,0.23576554656028748,0.21466150879859924,0.0006480260635726154
poison/poismph/datapoismphseq/poisalt_mph_3ea867d9.csv,12,192,320,0,authentic,0.41527989506721497,0.2592323124408722,0.3244746923446655,0.001013119355775416
poison/poismph/datapoismphseq/poisalt_mph_3ea867d9.csv,13,208,336,0,authentic,0.9862374067306519,0.010196060873568058,0.0032865817192941904,0.0002800193033181131
poison/poismph/datapoismphseq/poisalt_mph_3ea867d9.csv,14,224,352,0,authentic,0.9685870409011841,0.020900938659906387,0.006702573969960213,0.0038094776682555676
poison/poismph/datapoismphseq/poisalt_mph_3eac32b0.csv,0,0,128,0,authentic,0.9991536140441895,0.00011038694356102496,3.119668463114067e-06,0.0007328509818762541
poison/poismph/datapoismphseq/poisalt_mph_3eac32b0.csv,1,16,144,0,authentic,0.9707341194152832,0.004729211796075106,0.0001964732800843194,0.024340065196156502
poison/poismph/datapoismphseq/poisalt_mph_3eac32b0.csv,2,32,160,0,authentic,0.7414883971214294,0.14356477558612823,0.0598321370780468,0.05511471629142761
poison/poismph/datapoismphseq/poisalt_mph_3eac32b0.csv,3,48,176,0,authentic,0.9512463808059692,0.004314564634114504,0.00022496606106869876,0.0442141517996788
poison/poismph/datapoismphseq/poisalt_mph_3eac32b0.csv,4,64,192,3,modified_position,0.39822903275489807,0.11563892662525177,0.007344292476773262,0.47878772020339966
poison/poismph/datapoismphseq/poisalt_mph_3eac32b0.csv,5,80,208,1,modified_altitude,9.485400369158015e-06,0.9999904632568359,9.113457601420127e-13,7.148033792474251e-14
poison/poismph/datapoismphseq/poisalt_mph_3eac32b0.csv,6,96,224,1,modified_altitude,2.3405023966915905e-05,0.9999766945838928,7.392334140654544e-12,2.4371227692193687e-13
poison/poismph/datapoismphseq/poisalt_mph_3eac32b0.csv,7,112,240,1,modified_altitude,2.6858220735448413e-05,0.9999732375144958,1.0478691699067344e-11,6.53276315421697e-13
poison/poismph/datapoismphseq/poisalt_mph_3eac32b0.csv,8,128,256,1,modified_altitude,4.251833524904214e-05,0.9999574422836304,3.5405761655837864e-11,7.810641781784422e-13
poison/poismph/datapoismphseq/poisalt_mph_3eac32b0.csv,9,144,272,1,modified_altitude,6.786615995224565e-05,0.9999321699142456,1.1328108590058505e-10,9.835265197752352e-13
poison/poismph/datapoismphseq/poisalt_mph_3eac32b0.csv,10,160,288,1,modified_altitude,7.962903328007087e-05,0.9999203681945801,1.5081851045817274e-10,4.4834570626407777e-13
poison/poismph/datapoismphseq/poisalt_mph_3eac72f8.csv,0,0,128,0,authentic,0.9977046251296997,0.0010170463938266039,0.00013155690976418555,0.0011467903386801481
poison/poismph/datapoismphseq/poisalt_mph_3eac72f8.csv,1,16,144,0,authentic,0.9991960525512695,0.00017718122398946434,2.7319989385432564e-05,0.0005994878010824323
poison/poismph/datapoismphseq/poisalt_mph_3eac72f8.csv,2,32,160,0,authentic,0.9988681674003601,0.00043952857959084213,7.25471181795001e-05,0.0006197787588462234
poison/poismph/datapoismphseq/poisalt_mph_3eac72f8.csv,3,48,176,1,modified_altitude,4.855380211665761e-06,0.9999951124191284,2.4164372759705177e-12,3.222745681430439e-11
poison/poismph/datapoismphseq/poisalt_mph_3eac72f8.csv,4,64,192,1,modified_altitude,2.542340735089965e-05,0.9999746084213257,3.9549998692711696e-11,1.699484194865597e-14
poison/poismph/datapoismphseq/poisalt_mph_3eaca993.csv,0,0,128,0,authentic,0.9924665689468384,0.003529308130964637,0.0005046983133070171,0.003499372396618128
poison/poismph/datapoismphseq/poisalt_mph_3eaca993.csv,1,16,144,0,authentic,0.9602016806602478,0.021898211911320686,0.012877273373305798,0.005022891331464052
poison/poismph/datapoismphseq/poisalt_mph_3eaca993.csv,2,32,160,0,authentic,0.9200071692466736,0.03674430400133133,0.03276315703988075,0.010485329665243626
poison/poismph/datapoismphseq/poisalt_mph_3eaca993.csv,3,48,176,0,authentic,0.9378317594528198,0.038723256438970566,0.01227574609220028,0.01116928830742836
poison/poismph/datapoismphseq/poisalt_mph_3eaca993.csv,4,64,192,1,modified_altitude,6.649917850154452e-06,0.9999933242797852,1.6128220178650288e-13,3.968658301295447e-12
poison/poismph/datapoismphseq/poisalt_mph_3eaca993.csv,5,80,208,1,modified_altitude,1.5063384125824086e-05,0.9999849796295166,7.125403240527961e-13,9.331896366759906e-12
poison/poismph/datapoismphseq/poisalt_mph_3eaca993.csv,6,96,224,1,modified_altitude,1.592440457898192e-05,0.9999840259552002,1.6806764313592737e-12,4.345379958636819e-12
poison/poismph/datapoismphseq/poisalt_mph_3eb0a8e3.csv,0,0,128,0,authentic,0.7785851955413818,0.13021019101142883,0.05268391966819763,0.038520731031894684
poison/poismph/datapoismphseq/poisalt_mph_3eb0a8e3.csv,1,16,144,0,authentic,0.9836753606796265,0.008230217732489109,0.0016551774460822344,0.006439261604100466
poison/poismph/datapoismphseq/poisalt_mph_3eb0a8e3.csv,2,32,160,0,authentic,0.6817971467971802,0.1793384999036789,0.10560384392738342,0.033260490745306015
poison/poismph/datapoismphseq/poisalt_mph_3eb0a8e3.csv,3,48,176,0,authentic,0.6820200681686401,0.2431396096944809,0.07130648195743561,0.0035338387824594975
poison/poismph/datapoismphseq/poisalt_mph_3eb0a8e3.csv,4,64,192,1,modified_altitude,7.463660040230025e-06,0.9999924898147583,1.8120604300918275e-13,2.5223928501461046e-10
poison/poismph/datapoismphseq/poisalt_mph_3eb0e146.csv,0,0,128,1,modified_altitude,3.550769906723872e-05,0.9999645352363586,5.607509942495703e-11,1.4985313879535556e-13
poison/poismph/datapoismphseq/poisalt_mph_3eb0e146.csv,1,16,144,1,modified_altitude,4.986277053831145e-05,0.9999501705169678,1.666874693828646e-10,4.6737685607551455e-14
poison/poismph/datapoismphseq/poisalt_mph_3eb0e146.csv,2,32,160,1,modified_altitude,6.491292151622474e-05,0.9999350309371948,2.8436389354347114e-10,3.2392474526255974e-14
poison/poismph/datapoismphseq/poisalt_mph_3eb0e146.csv,3,48,176,1,modified_altitude,9.075037814909592e-05,0.9999093413352966,5.385302759286503e-10,1.1034378841418349e-13
poison/poismph/datapoismphseq/poisalt_mph_3eb0e146.csv,4,64,192,1,modified_altitude,9.518818114884198e-05,0.9999048113822937,6.957114884187376e-10,1.5514279856458646e-13
poison/poismph/datapoismphseq/poisalt_mph_3eb0e146.csv,5,80,208,2,modified_speed,9.544610657385988e-10,0.0007433146238327026,0.9992567300796509,0.0
poison/poismph/datapoismphseq/poisalt_mph_3eb0e146.csv,6,96,224,3,modified_position,0.4125105142593384,0.1234179437160492,0.02537424862384796,0.43869727849960327
poison/poismph/datapoismphseq/poisalt_mph_3eb0e146.csv,7,112,240,0,authentic,0.9947947859764099,0.0005313939764164388,0.00014591428043786436,0.004527893848717213
poison/poismph/datapoismphseq/poisalt_mph_3eb0e146.csv,8,128,256,0,authentic,0.9585061073303223,0.00988311879336834,0.0038395747542381287,0.02777114138007164
poison/poismph/datapoismphseq/poisalt_mph_3eb0e146.csv,9,144,272,0,authentic,0.9990800619125366,0.0004399219178594649,3.065652708755806e-05,0.00044932172750122845
poison/poismph/datapoismphseq/poisalt_mph_3eb3f86a.csv,0,0,128,0,authentic,0.9519286751747131,0.014162326231598854,0.004322648514062166,0.02958630584180355
poison/poismph/datapoismphseq/poisalt_mph_3eb3f86a.csv,1,16,144,1,modified_altitude,0.28009033203125,0.4105048179626465,0.042394135147333145,0.2670108377933502
poison/poismph/datapoismphseq/poisalt_mph_3eb3f86a.csv,2,32,160,1,modified_altitude,0.024207791313529015,0.9725800156593323,0.0010887149255722761,0.002123472513630986
poison/poismph/datapoismphseq/poisalt_mph_3eb3f86a.csv,3,48,176,1,modified_altitude,4.3897081923205405e-05,0.9999561905860901,6.715685646474512e-11,3.9925688081164645e-13
poison/poismph/datapoismphseq/poisalt_mph_3eb3f86a.csv,4,64,192,1,modified_altitude,8.709400572115555e-05,0.9999128580093384,3.646840607274271e-09,2.7216154541631274e-14
poison/poismph/datapoismphseq/poisalt_mph_3eb85606.csv,0,0,128,1,modified_altitude,8.835361222736537e-05,0.9999114871025085,2.247088843887468e-07,2.2853065468654565e-13
poison/poismph/datapoismphseq/poisalt_mph_3eb85606.csv,1,16,144,1,modified_altitude,0.00011032184556825086,0.9998890161514282,5.807573302263336e-07,2.597125802177719e-13
poison/poismph/datapoismphseq/poisalt_mph_3eb85606.csv,2,32,160,1,modified_altitude,0.00010762675810838118,0.9998917579650879,6.259459723878535e-07,1.3675674904577856e-13
poison/poismph/datapoismphseq/poisalt_mph_3eb85606.csv,3,48,176,1,modified_altitude,0.00011994739907095209,0.9998792409896851,8.153501198648883e-07,2.0392150153810545e-13
poison/poismph/datapoismphseq/poisalt_mph_3eb85606.csv,4,64,192,1,modified_altitude,0.0006033821846358478,0.9993568062782288,3.976743755629286e-05,5.0658516417096885e-14
poison/poismph/datapoismphseq/poisalt_mph_3eb85606.csv,5,80,208,1,modified_altitude,0.0004032587166875601,0.9995909333229065,5.788027010567021e-06,1.14079546590512e-12
poison/poismph/datapoismphseq/poisalt_mph_3ebc2471.csv,0,0,128,0,authentic,0.9957808256149292,0.0008504738216288388,0.00029152934439480305,0.0030770970042794943
poison/poismph/datapoismphseq/poisalt_mph_3ebc2471.csv,1,16,144,0,authentic,0.9911197423934937,0.0013339242432266474,0.0005724845104850829,0.006973936688154936
poison/poismph/datapoismphseq/poisalt_mph_3ebc2471.csv,2,32,160,0,authentic,0.9103726148605347,0.023085230961441994,0.012564069591462612,0.05397818610072136
poison/poismph/datapoismphseq/poisalt_mph_3ebc2471.csv,3,48,176,1,modified_altitude,9.126688382821158e-05,0.9999083876609802,1.951394157373443e-09,3.707777693762182e-07
poison/poismph/datapoismphseq/poisalt_mph_3ebc2471.csv,4,64,192,1,modified_altitude,1.6327663615811616e-05,0.9999837279319763,1.3977452008318014e-12,9.217098438651927e-12
poison/poismph/datapoismphseq/poisalt_mph_3ebc2471.csv,5,80,208,1,modified_altitude,1.537976822874043e-05,0.9999846816062927,9.741682287234266e-13,5.5039466040351925e-11
poison/poismph/datapoismphseq/poisalt_mph_3ebc2471.csv,6,96,224,1,modified_altitude,2.571170261944644e-05,0.9999743103981018,1.0373090407467256e-11,4.101359009356376e-12
poison/poismph/datapoismphseq/poisalt_mph_3ebc2471.csv,7,112,240,1,modified_altitude,2.382840284553822e-05,0.9999762177467346,4.560950575549505e-12,4.654859137032119e-11
poison/poismph/datapoismphseq/poisalt_mph_3ebc2471.csv,8,128,256,1,modified_altitude,6.184851372381672e-05,0.9999381303787231,3.873343867866197e-10,4.139546344594791e-12
poison/poismph/datapoismphseq/poisalt_mph_3ebf64ae.csv,0,0,128,1,modified_altitude,3.378210749360733e-05,0.9999663233757019,4.754503735160398e-11,8.322566268960385e-13
poison/poismph/datapoismphseq/poisalt_mph_3ebf64ae.csv,1,16,144,1,modified_altitude,6.968152592889965e-05,0.9999302625656128,6.472856278749717e-11,1.4024799117190456e-12
poison/poismph/datapoismphseq/poisalt_mph_3ebf64ae.csv,2,32,160,1,modified_altitude,6.209424464032054e-05,0.999937891960144,4.570139058857059e-11,1.5217998302480273e-12
poison/poismph/datapoismphseq/poisalt_mph_3ebf64ae.csv,3,48,176,1,modified_altitude,2.111331014020834e-05,0.9999789595603943,4.3484170257623855e-12,1.096503964015394e-11
poison/poismph/datapoismphseq/poisalt_mph_3ebfcb91.csv,0,0,128,1,modified_altitude,1.0682563697628211e-05,0.9999892711639404,2.070582247326591e-11,3.6925086740417085e-14
poison/poismph/datapoismphseq/poisalt_mph_3ebfcb91.csv,1,16,144,1,modified_altitude,1.5749184967717156e-05,0.9999842643737793,4.0077156870932384e-11,3.1965959555995543e-14
poison/poismph/datapoismphseq/poisalt_mph_3ebfcb91.csv,2,32,160,1,modified_altitude,1.9110248103970662e-05,0.9999809265136719,3.625197364520716e-11,5.0661545406916267e-14
poison/poismph/datapoismphseq/poisalt_mph_3ebff749.csv,0,0,128,0,authentic,0.9055103063583374,0.05112530291080475,0.038238950073719025,0.005125423893332481
poison/poismph/datapoismphseq/poisalt_mph_3ebff749.csv,1,16,144,0,authentic,0.997604489326477,0.0003920512390322983,0.00017465608834754676,0.0018287183484062552
poison/poismph/datapoismphseq/poisalt_mph_3ebff749.csv,2,32,160,0,authentic,0.9959816932678223,0.0006420635036192834,0.0003113094426225871,0.0030649499967694283
poison/poismph/datapoismphseq/poisalt_mph_3ebff749.csv,3,48,176,0,authentic,0.9398260712623596,0.02644304558634758,0.0228388961404562,0.010891961865127087
poison/poismph/datapoismphseq/poisalt_mph_3ebff749.csv,4,64,192,1,modified_altitude,3.346789162606001e-05,0.999966561794281,2.6168376493496126e-11,1.74905125105429e-11
poison/poismph/datapoismphseq/poisalt_mph_3ebff749.csv,5,80,208,1,modified_altitude,4.7839421313256025e-05,0.9999521970748901,3.5971017831037955e-11,6.061347712811582e-13
poison/poismph/datapoismphseq/poisalt_mph_3ebff749.csv,6,96,224,1,modified_altitude,9.034323738887906e-06,0.9999909400939941,3.5274653207087447e-13,7.436534027460695e-12
poison/poismph/datapoismphseq/poisalt_mph_3ebff749.csv,7,112,240,1,modified_altitude,4.3919986637774855e-05,0.9999561905860901,1.4463864134173221e-11,1.8331981765928873e-11
poison/poismph/datapoismphseq/poisalt_mph_3ebff749.csv,8,128,256,1,modified_altitude,3.1771538488101214e-05,0.9999681711196899,3.855934235102998e-12,2.242931708418272e-11
poison/poismph/datapoismphseq/poisalt_mph_3eca8b3b.csv,0,0,128,0,authentic,0.99870765209198,0.0004340563318692148,7.648233440704644e-05,0.0007817750447429717
poison/poismph/datapoismphseq/poisalt_mph_3eca8b3b.csv,1,16,144,1,modified_altitude,1.6684531146893278e-05,0.9999833703041077,1.147108937785829e-13,2.4964363909418807e-11
poison/poismph/datapoismphseq/poisalt_mph_3eca8b3b.csv,2,32,160,1,modified_altitude,3.09334609482903e-05,0.9999691843986511,2.941391975905955e-13,3.239109327979328e-11
poison/poismph/datapoismphseq/poisalt_mph_3eca8b3b.csv,3,48,176,1,modified_altitude,5.885530117666349e-05,0.9999411106109619,7.886909875187698e-12,2.7067337086961185e-12
poison/poismph/datapoismphseq/poisalt_mph_3eca8b3b.csv,4,64,192,1,modified_altitude,8.074473589658737e-05,0.9999192953109741,2.466074219831249e-11,4.0971770247366646e-12
poison/poismph/datapoismphseq/poisalt_mph_3eca8b3b.csv,5,80,208,1,modified_altitude,7.540005026385188e-05,0.9999245405197144,1.5663149596778503e-11,2.9966602116404673e-12
poison/poismph/datapoismphseq/poisalt_mph_3ece97cb.csv,0,0,128,0,authentic,0.9820269346237183,0.007334315218031406,0.0022332193329930305,0.008405483327805996
poison/poismph/datapoismphseq/poisalt_mph_3ece97cb.csv,1,16,144,0,authentic,0.9980002045631409,0.00015873416850809008,3.7014324334450066e-05,0.001804081373848021
poison/poismph/datapoismphseq/poisalt_mph_3ece97cb.csv,2,32,160,0,authentic,0.9893810153007507,0.004991564899682999,0.0024595963768661022,0.003167814342305064
poison/poismph/datapoismphseq/poisalt_mph_3ece97cb.csv,3,48,176,1,modified_altitude,2.3071363841609127e-07,0.9999997615814209,4.783303579241401e-16,4.7705496982754746e-15
poison/poismph/datapoismphseq/poisalt_mph_3ece97cb.csv,4,64,192,1,modified_altitude,1.4432396255870117e-06,0.9999985694885254,1.3126850748426157e-14,1.474363843902496e-14
poison/poismph/datapoismphseq/poisalt_mph_3ece97cb.csv,5,80,208,1,modified_altitude,1.3396896747508436e-06,0.9999986886978149,8.011285048976219e-15,1.1976460574409254e-14
poison/poismph/datapoismphseq/poisalt_mph_3ece97cb.csv,6,96,224,1,modified_altitude,1.7477104847785085e-06,0.9999982118606567,1.472553226274445e-14,3.3526329770109525e-14
poison/poismph/datapoismphseq/poisalt_mph_3ed74cd0.csv,0,0,128,1,modified_altitude,3.260686298744986e-06,0.9999967813491821,1.9017350628286467e-13,1.236071927321683e-13
poison/poismph/datapoismphseq/poisalt_mph_3ed74cd0.csv,1,16,144,1,modified_altitude,3.352881549290032e-06,0.9999966621398926,2.0017710091520952e-13,2.476628385879309e-13
poison/poismph/datapoismphseq/poisalt_mph_3ed74cd0.csv,2,32,160,1,modified_altitude,8.936218364397064e-06,0.9999910593032837,1.5662062575680369e-12,1.2788037569524437e-14
poison/poismph/datapoismphseq/poisalt_mph_3ed74cd0.csv,3,48,176,1,modified_altitude,1.834035720094107e-05,0.999981701374054,7.572238842901147e-12,2.912270034502451e-14
poison/poismph/datapoismphseq/poisalt_mph_3ed74cd0.csv,4,64,192,1,modified_altitude,2.2174866899149492e-05,0.9999778270721436,6.940809038624707e-12,8.696985324832887e-14
poison/poismph/datapoismphseq/poisalt_mph_3ed74cd0.csv,5,80,208,1,modified_altitude,2.5714080038596876e-05,0.999974250793457,6.2830825611759344e-12,2.7775102096755377e-13
poison/poismph/datapoismphseq/poisalt_mph_3edaa4e3.csv,0,0,128,0,authentic,0.9333829283714294,0.020932557061314583,0.013504434376955032,0.03218008950352669
poison/poismph/datapoismphseq/poisalt_mph_3edaa4e3.csv,1,16,144,1,modified_altitude,0.00020364084048196673,0.9997963309288025,2.491681527772016e-09,1.2128854507114512e-13
poison/poismph/datapoismphseq/poisalt_mph_3edaa4e3.csv,2,32,160,1,modified_altitude,0.0002416588831692934,0.999758243560791,5.3447295478292745e-09,2.39405527737227e-14
poison/poismph/datapoismphseq/poisalt_mph_3edaa4e3.csv,3,48,176,1,modified_altitude,0.0002725430822465569,0.9997274279594421,7.319547190576259e-09,1.5217594030595208e-14
poison/poismph/datapoismphseq/poisalt_mph_3edaa4e3.csv,4,64,192,1,modified_altitude,2.891584881581366e-05,0.9999710321426392,2.2939523544596163e-11,7.729307780835262e-14
poison/poismph/datapoismphseq/poisalt_mph_3edaa4e3.csv,5,80,208,1,modified_altitude,4.853911741520278e-05,0.9999514818191528,7.207373586837207e-11,1.878547908592057e-13
poison/poismph/datapoismphseq/poisalt_mph_3edaa4e3.csv,6,96,224,1,modified_altitude,5.2228308049961925e-05,0.9999477863311768,1.403375610165014e-10,1.4167506957093318e-13
poison/poismph/datapoismphseq/poisalt_mph_3edb145f.csv,0,0,128,1,modified_altitude,2.155593756469898e-05,0.9999784827232361,4.297330546965128e-11,1.862817233799774e-09
poison/poismph/datapoismphseq/poisalt_mph_3edb145f.csv,1,16,144,1,modified_altitude,1.770201743056532e-05,0.9999824166297913,5.02975577854059e-11,7.931551526674241e-10
poison/poismph/datapoismphseq/poisalt_mph_3edb145f.csv,2,32,160,1,modified_altitude,2.5310919227194972e-05,0.99997478723526,7.541633983976226e-11,6.191690493650981e-10
poison/poismph/datapoismphseq/poisalt_mph_3edb145f.csv,3,48,176,1,modified_altitude,3.7152076401980594e-05,0.9999628663063049,9.855182642182214e-11,2.4960735700574332e-09
poison/poismph/datapoismphseq/poisalt_mph_3edb145f.csv,4,64,192,1,modified_altitude,8.81277010194026e-05,0.999911904335022,5.125910251813082e-10,7.492621634241914e-09
poison/poismph/datapoismphseq/poisalt_mph_3edebc1c.csv,0,0,128,1,modified_altitude,1.7746553567121737e-05,0.9999822974205017,1.4306476142644797e-11,1.1593323008410664e-14
poison/poismph/datapoismphseq/poisalt_mph_3edebc1c.csv,1,16,144,1,modified_altitude,2.577543637016788e-05,0.9999743103981018,1.0584427084792125e-10,5.685241202136725e-16
poison/poismph/datapoismphseq/poisalt_mph_3edebc1c.csv,2,32,160,1,modified_altitude,1.570681342855096e-05,0.9999843239784241,2.2951820999317363e-11,3.0686633603231117e-15
poison/poismph/datapoismphseq/poisalt_mph_3edebc1c.csv,3,48,176,1,modified_altitude,3.077363362535834e-05,0.9999693036079407,7.349321151650656e-11,7.226069413245485e-15
poison/poismph/datapoismphseq/poisalt_mph_3edebc1c.csv,4,64,192,1,modified_altitude,4.735113907372579e-05,0.9999526739120483,1.507989288995759e-10,1.7786050342488528e-14
poison/poismph/datapoismphseq/poisalt_mph_3eeab179.csv,0,0,128,1,modified_altitude,1.7008684153552167e-05,0.999983012676239,2.368125010324129e-12,9.049668132921074e-12
poison/poismph/datapoismphseq/poisalt_mph_3eeab179.csv,1,16,144,1,modified_altitude,5.5670036090305075e-05,0.9999443292617798,1.2174518337904061e-11,5.521427932919654e-12
poison/poismph/datapoismphseq/poisalt_mph_3eeab179.csv,2,32,160,1,modified_altitude,0.00015403742145281285,0.9998460412025452,4.5425368327967064e-11,2.0953409146651225e-11
poison/poismph/datapoismphseq/poisalt_mph_3eeab179.csv,3,48,176,1,modified_altitude,0.00012830588093493134,0.9998717308044434,3.1384405491108325e-11,5.4649777758708495e-11
poison/poismph/datapoismphseq/poisalt_mph_3eeab179.csv,4,64,192,1,modified_altitude,0.00017110249609686434,0.9998288154602051,7.191686829388644e-11,6.46749806487712e-11
poison/poismph/datapoismphseq/poisalt_mph_3eeab179.csv,5,80,208,1,modified_altitude,0.00015520404849667102,0.9998447895050049,3.1438074366008095e-11,2.740793147992804e-10
poison/poismph/datapoismphseq/poisalt_mph_3eeab179.csv,6,96,224,1,modified_altitude,0.00016993153258226812,0.9998300075531006,9.063319539315273e-10,4.309726533979763e-11
poison/poismph/datapoismphseq/poisalt_mph_3eeb5bac.csv,0,0,128,1,modified_altitude,2.354334355914034e-05,0.9999764561653137,2.7881670930374192e-11,6.561433787995847e-16
poison/poismph/datapoismphseq/poisalt_mph_3eeb5bac.csv,1,16,144,1,modified_altitude,6.106257933424786e-05,0.99993896484375,1.3597427350742208e-10,9.44922745023467e-16
poison/poismph/datapoismphseq/poisalt_mph_3eeb5bac.csv,2,32,160,1,modified_altitude,6.253045285120606e-05,0.9999374151229858,1.288504164476123e-10,1.126664040010481e-15
poison/poismph/datapoismphseq/poisalt_mph_3eeb5bac.csv,3,48,176,1,modified_altitude,3.616424510255456e-05,0.9999639391899109,2.4843894302906122e-11,6.595332258303201e-15
poison/poismph/datapoismphseq/poisalt_mph_3eeeaa2c.csv,0,0,128,1,modified_altitude,0.00013103714445605874,0.9998048543930054,3.016749294815213e-09,6.411712092813104e-05
poison/poismph/datapoismphseq/poisalt_mph_3eeeaa2c.csv,1,16,144,1,modified_altitude,0.00039508563349954784,0.9995390772819519,3.281978422364773e-08,6.575836596312001e-05
poison/poismph/datapoismphseq/poisalt_mph_3eeeaa2c.csv,2,32,160,1,modified_altitude,0.000476543529657647,0.9994723200798035,8.366227177702967e-08,5.1000846724491566e-05
poison/poismph/datapoismphseq/poisalt_mph_3eeeaa2c.csv,3,48,176,1,modified_altitude,0.0009231328731402755,0.9989979863166809,3.933973289349524e-07,7.844949141144753e-05
poison/poismph/datapoismphseq/poisalt_mph_3eeeaa2c.csv,4,64,192,1,modified_altitude,0.0013601266546174884,0.9986146688461304,6.264845637815597e-07,2.4615397705929354e-05
poison/poismph/datapoismphseq/poisalt_mph_3eeeaa2c.csv,5,80,208,1,modified_altitude,0.0028498307801783085,0.9969360828399658,1.9625733784778276e-06,0.00021204455697443336
poison/poismph/datapoismphseq/poisalt_mph_3eeeaa2c.csv,6,96,224,1,modified_altitude,0.009382164105772972,0.9898895621299744,5.1865234127035365e-05,0.0006764621357433498
poison/poismph/datapoismphseq/poisalt_mph_3eef2fac.csv,0,0,128,0,authentic,0.9995826482772827,2.0846433471888304e-05,3.176775635438389e-06,0.000393269641790539
poison/poismph/datapoismphseq/poisalt_mph_3eef2fac.csv,1,16,144,0,authentic,0.9729127883911133,0.012653755024075508,0.007577236276119947,0.006856183987110853
poison/poismph/datapoismphseq/poisalt_mph_3eef2fac.csv,2,32,160,0,authentic,0.8856299519538879,0.07563936710357666,0.036703482270240784,0.002027272479608655
poison/poismph/datapoismphseq/poisalt_mph_3eef2fac.csv,3,48,176,1,modified_altitude,0.0001506538683315739,0.9998493790626526,7.754780845248277e-11,2.1180152076638592e-10
poison/poismph/datapoismphseq/poisalt_mph_3eef2fac.csv,4,64,192,1,modified_altitude,0.00018292528693564236,0.9998170733451843,1.4712930873628238e-10,7.46439889065531e-12
poison/poismph/datapoismphseq/poisalt_mph_3eef2fac.csv,5,80,208,1,modified_altitude,9.294815390603617e-05,0.9999070167541504,2.865838295840195e-11,2.5295709971118185e-11
poison/poismph/datapoismphseq/poisalt_mph_3eef42f2.csv,0,0,128,0,authentic,0.9989064931869507,4.4082917156629264e-05,1.0830153769347817e-05,0.001038668560795486
poison/poismph/datapoismphseq/poisalt_mph_3eef42f2.csv,1,16,144,0,authentic,0.9763417840003967,0.007106770761311054,0.004675732459872961,0.011875875294208527
poison/poismph/datapoismphseq/poisalt_mph_3eef42f2.csv,2,32,160,1,modified_altitude,3.369202886460698e-06,0.9999966621398926,5.39216783203289e-13,1.5016488080126303e-14
poison/poismph/datapoismphseq/poisalt_mph_3eef42f2.csv,3,48,176,1,modified_altitude,6.985320851526922e-06,0.9999929666519165,1.5125538625412882e-12,4.108242947762665e-14
poison/poismph/datapoismphseq/poisalt_mph_3eef42f2.csv,4,64,192,1,modified_altitude,6.409152774722315e-06,0.9999935626983643,1.65072068427502e-12,3.1160908949738955e-14
poison/poismph/datapoismphseq/poisalt_mph_3ef36878.csv,0,0,128,0,authentic,0.9928861856460571,0.0011939526302739978,0.0004212019848637283,0.005498803686350584
poison/poismph/datapoismphseq/poisalt_mph_3ef36878.csv,1,16,144,1,modified_altitude,8.535972710888018e-07,0.9999991655349731,1.60604646579467e-14,1.114015834875054e-13
poison/poismph/datapoismphseq/poisalt_mph_3ef36878.csv,2,32,160,1,modified_altitude,1.1351488865329884e-05,0.9999886751174927,5.277645182856505e-13,1.7816037002887225e-13
poison/poismph/datapoismphseq/poisalt_mph_3ef36878.csv,3,48,176,1,modified_altitude,2.5706503947731107e-05,0.9999743103981018,2.8155977549459976e-11,3.6897642872926045e-14
poison/poismph/datapoismphseq/poisalt_mph_3ef36878.csv,4,64,192,1,modified_altitude,3.055000343010761e-05,0.999969482421875,3.512964918961359e-11,7.730917821061403e-14
poison/poismph/datapoismphseq/poisalt_mph_3ef36878.csv,5,80,208,1,modified_altitude,3.918304355465807e-05,0.9999607801437378,8.617920960185543e-11,1.527477553079845e-14
poison/poismph/datapoismphseq/poisalt_mph_3ef36878.csv,6,96,224,1,modified_altitude,2.8462460250011645e-05,0.9999715089797974,2.5296521821704943e-11,5.1195318465221615e-14
poison/poismph/datapoismphseq/poisalt_mph_3ef68363.csv,0,0,128,1,modified_altitude,0.09101688861846924,0.8906527161598206,0.005869387183338404,0.012461039237678051
poison/poismph/datapoismphseq/poisalt_mph_3ef68363.csv,1,16,144,1,modified_altitude,0.1147964745759964,0.8578615784645081,0.02524854801595211,0.0020934990607202053
poison/poismph/datapoismphseq/poisalt_mph_3ef68363.csv,2,32,160,1,modified_altitude,0.08270830661058426,0.8964138627052307,0.0034421123564243317,0.017435763031244278
poison/poismph/datapoismphseq/poisalt_mph_3ef68363.csv,3,48,176,1,modified_altitude,0.10600923746824265,0.8861674666404724,0.0062142726965248585,0.0016091158613562584
poison/poismph/datapoismphseq/poisalt_mph_3ef68363.csv,4,64,192,1,modified_altitude,0.17726539075374603,0.8106446862220764,0.008046948350965977,0.0040429094806313515
poison/poismph/datapoismphseq/poisalt_mph_3ef6d1cd.csv,0,0,128,1,modified_altitude,4.5353004679782316e-05,0.9999547600746155,1.9106227017173794e-11,8.05995895025724e-12
poison/poismph/datapoismphseq/poisalt_mph_3ef6d1cd.csv,1,16,144,1,modified_altitude,2.0529529138002545e-05,0.999979555606842,1.7916956980557064e-12,1.5899398117524832e-11
poison/poismph/datapoismphseq/poisalt_mph_3ef6d1cd.csv,2,32,160,1,modified_altitude,2.2202440959517844e-05,0.9999778866767883,6.324863809775705e-12,5.659455651514655e-13
poison/poismph/datapoismphseq/poisalt_mph_3ef6d1cd.csv,3,48,176,1,modified_altitude,3.288813604740426e-05,0.9999671578407288,9.112397468535871e-12,3.0563490106827462e-12
poison/poismph/datapoismphseq/poisalt_mph_3ef6d1cd.csv,4,64,192,1,modified_altitude,5.2504117775242776e-05,0.9999475479125977,2.5124685318345108e-11,2.5663887247978634e-12
poison/poismph/datapoismphseq/poisalt_mph_3ef6d1cd.csv,5,80,208,1,modified_altitude,0.0001323658216279,0.9998675584793091,1.1879535133374475e-09,7.34106005151336e-12
poison/poismph/datapoismphseq/poisalt_mph_3ef6d1cd.csv,6,96,224,1,modified_altitude,0.00010634152567945421,0.9998936653137207,8.167552745241835e-10,1.1892792523351958e-12
poison/poismph/datapoismphseq/poisalt_mph_3ef6f483.csv,0,0,128,2,modified_speed,0.002341700019314885,0.06148851290345192,0.9361697435379028,1.4695986398291505e-13
poison/poismph/datapoismphseq/poisalt_mph_3ef6f483.csv,1,16,144,2,modified_speed,0.002214639214798808,0.06171880662441254,0.9360665082931519,1.6569949893522479e-13
poison/poismph/datapoismphseq/poisalt_mph_3ef6f483.csv,2,32,160,2,modified_speed,0.0028435674030333757,0.06605006009340286,0.9311063885688782,5.878553394934871e-13
poison/poismph/datapoismphseq/poisalt_mph_3ef6f483.csv,3,48,176,2,modified_speed,0.0029851957224309444,0.06688439100980759,0.9301304817199707,7.426529009812999e-13
poison/poismph/datapoismphseq/poisalt_mph_3ef6f483.csv,4,64,192,2,modified_speed,0.0029253161046653986,0.06622225791215897,0.9308523535728455,6.090533893193806e-13
poison/poismph/datapoismphseq/poisalt_mph_3ef6f483.csv,5,80,208,2,modified_speed,0.004992288537323475,0.07722467184066772,0.9177829623222351,1.1437103000777604e-11
poison/poismph/datapoismphseq/poisalt_mph_3ef6f483.csv,6,96,224,0,authentic,0.997620165348053,0.00147076859138906,0.0006397314718924463,0.00026939003146253526
poison/poismph/datapoismphseq/poisalt_mph_3efabce5.csv,0,0,128,1,modified_altitude,2.9352186174946837e-05,0.9999707341194153,1.690807975400499e-12,2.1201859712327575e-12
poison/poismph/datapoismphseq/poisalt_mph_3efabce5.csv,1,16,144,1,modified_altitude,4.6278659283416346e-05,0.9999537467956543,2.006004737320488e-12,1.1868655364066782e-11
poison/poismph/datapoismphseq/poisalt_mph_3efabce5.csv,2,32,160,1,modified_altitude,7.181129331002012e-05,0.9999282360076904,1.2764640906770541e-11,1.5919633233191233e-12
poison/poismph/datapoismphseq/poisalt_mph_3efabce5.csv,3,48,176,1,modified_altitude,9.245736146112904e-05,0.9999075531959534,1.3128731608802457e-11,2.332111934122416e-11
poison/poismph/datapoismphseq/poisalt_mph_3efabce5.csv,4,64,192,1,modified_altitude,0.00012201450590509921,0.9998779296875,2.1296115912394775e-11,1.8635022344670737e-11
poison/poismph/datapoismphseq/poisalt_mph_3efabce5.csv,5,80,208,1,modified_altitude,9.74633076111786e-05,0.9999024868011475,1.08887378280631e-11,2.7009167472002993e-11
poison/poismph/datapoismphseq/poisalt_mph_3efe4dcd.csv,0,0,128,0,authentic,0.9983429908752441,0.0006595419836230576,0.0001524295803392306,0.0008450404857285321
poison/poismph/datapoismphseq/poisalt_mph_3efe4dcd.csv,1,16,144,1,modified_altitude,6.67555577820167e-05,0.9999316930770874,2.939655630029847e-09,1.5053312836244004e-06
poison/poismph/datapoismphseq/poisalt_mph_3efe4dcd.csv,2,32,160,1,modified_altitude,2.8792382522624393e-07,0.9999997615814209,3.132924732476421e-16,8.21781539843934e-14
poison/poismph/datapoismphseq/poisalt_mph_3efe4dcd.csv,3,48,176,1,modified_altitude,4.2011720324808266e-07,0.9999995231628418,8.196422310807012e-16,2.7951438432154314e-14
poison/poismph/datapoismphseq/poisalt_mph_3efe4dcd.csv,4,64,192,1,modified_altitude,3.767508758301119e-07,0.9999996423721313,7.861942764221682e-16,1.6380548244318734e-14
poison/poismph/datapoismphseq/poisalt_mph_3efe5fe4.csv,0,0,128,0,authentic,0.9833025932312012,0.006169009022414684,0.002306085079908371,0.00822236854583025
poison/poismph/datapoismphseq/poisalt_mph_3efe5fe4.csv,1,16,144,0,authentic,0.9988487958908081,0.00010503885278012604,2.1843081412953325e-05,0.0010243101278319955
poison/poismph/datapoismphseq/poisalt_mph_3efe5fe4.csv,2,32,160,0,authentic,0.9966918230056763,0.0011266376823186874,0.0004425529041327536,0.001739033148624003
poison/poismph/datapoismphseq/poisalt_mph_3efe5fe4.csv,3,48,176,1,modified_altitude,3.751683107111603e-05,0.9999625086784363,1.63093531735381e-11,6.272109025727557e-13
poison/poismph/datapoismphseq/poisalt_mph_3efe5fe4.csv,4,64,192,1,modified_altitude,0.00010080864740302786,0.99989914894104,6.500480015381171e-11,3.846809155938491e-12
poison/poismph/datapoismphseq/poisalt_mph_3efe5fe4.csv,5,80,208,1,modified_altitude,3.0362374673131853e-05,0.9999696016311646,5.602125967979488e-12,4.167055155795962e-12
poison/poismph/datapoismphseq/poisalt_mph_3efe5fe4.csv,6,96,224,1,modified_altitude,4.632280979421921e-05,0.9999536275863647,1.7957794973266772e-11,2.6336066574067507e-12
poison/poismph/datapoismphseq/poisalt_mph_3efe7d81.csv,0,0,128,0,authentic,0.9974064826965332,0.00038338007288984954,0.0001180423641926609,0.0020921723917126656
poison/poismph/datapoismphseq/poisalt_mph_3efe7d81.csv,1,16,144,0,authentic,0.9425722360610962,0.007210081908851862,0.003973294049501419,0.046244408935308456
poison/poismph/datapoismphseq/poisalt_mph_3efe7d81.csv,2,32,160,1,modified_altitude,0.0006944002816453576,0.9991376399993896,1.6927121038179394e-08,0.00016789790242910385
poison/poismph/datapoismphseq/poisalt_mph_3efe7d81.csv,3,48,176,1,modified_altitude,0.0007012291462160647,0.9984756708145142,8.375498516954849e-09,0.0008232326945289969
poison/poismph/datapoismphseq/poisalt_mph_3efe7d81.csv,4,64,192,1,modified_altitude,8.712992212167592e-07,0.9999991655349731,1.9398387721982456e-14,2.8726672152146193e-09
poison/poismph/datapoismphseq/poisalt_mph_3efe7d81.csv,5,80,208,1,modified_altitude,1.5647118516426417e-06,0.9999984502792358,5.087847393283988e-14,1.0860795596201456e-09
poison/poismph/datapoismphseq/poisalt_mph_3efea136.csv,0,0,128,1,modified_altitude,4.801267550647026e-06,0.999995231628418,2.2619148849940818e-13,1.1339219053465004e-14
poison/poismph/datapoismphseq/poisalt_mph_3efea136.csv,1,16,144,1,modified_altitude,5.977557975711534e-06,0.9999940395355225,5.461326378110309e-13,6.5788460325343166e-15
poison/poismph/datapoismphseq/poisalt_mph_3efea136.csv,2,32,160,1,modified_altitude,4.718813670478994e-06,0.999995231628418,1.1480397253509078e-13,2.2771987813756563e-14
poison/poismph/datapoismphseq/poisalt_mph_3efea136.csv,3,48,176,1,modified_altitude,5.858968961547362e-06,0.999994158744812,4.359301819262945e-13,1.6915168335571336e-14
poison/poismph/datapoismphseq/poisalt_mph_3efea136.csv,4,64,192,1,modified_altitude,8.57142913446296e-06,0.9999914169311523,8.46188950073129e-13,3.144905600586771e-14
poison/poismph/datapoismphseq/poisalt_mph_3efea136.csv,5,80,208,1,modified_altitude,9.902686542773154e-06,0.9999901056289673,1.252386757667756e-12,2.223982072991921e-14
poison/poismph/datapoismphseq/poisalt_mph_3efea136.csv,6,96,224,1,modified_altitude,3.5148757888237014e-05,0.9999648332595825,4.415798629531231e-11,2.8399977106076304e-15
poison/poismph/datapoismphseq/poisalt_mph_3f02444d.csv,0,0,128,0,authentic,0.9849315285682678,0.0015625257510691881,0.0006452052039094269,0.012860741466283798
poison/poismph/datapoismphseq/poisalt_mph_3f02444d.csv,1,16,144,0,authentic,0.9734348058700562,0.0019427259685471654,0.0014269256498664618,0.023195402696728706
poison/poismph/datapoismphseq/poisalt_mph_3f02444d.csv,2,32,160,1,modified_altitude,1.7499722162028775e-05,0.9999825358390808,3.667157289638512e-12,1.0087309676790057e-12
poison/poismph/datapoismphseq/poisalt_mph_3f02444d.csv,3,48,176,1,modified_altitude,4.643585634767078e-05,0.9999535083770752,2.3475225235936037e-11,1.1430217666461018e-12
poison/poismph/datapoismphseq/poisalt_mph_3f02444d.csv,4,64,192,1,modified_altitude,3.0050206987652928e-05,0.9999699592590332,6.832691964303583e-12,3.027221485638054e-12
poison/poismph/datapoismphseq/poisalt_mph_3f02444d.csv,5,80,208,1,modified_altitude,1.773141229932662e-05,0.9999822378158569,1.9697318862782476e-12,6.884829078374066e-12
poison/poismph/datapoismphseq/poisalt_mph_3f061c0f.csv,0,0,128,0,authentic,0.9988932609558105,0.0005271480767987669,5.3968222346156836e-05,0.0005255219875834882
poison/poismph/datapoismphseq/poisalt_mph_3f061c0f.csv,1,16,144,0,authentic,0.89263916015625,0.04003126174211502,0.007263194303959608,0.06006636843085289
poison/poismph/datapoismphseq/poisalt_mph_3f061c0f.csv,2,32,160,1,modified_altitude,8.96734491107054e-05,0.9999104142189026,7.760640741150127e-11,5.432312377706694e-09
poison/poismph/datapoismphseq/poisalt_mph_3f061c0f.csv,3,48,176,1,modified_altitude,5.561076613957994e-05,0.9999443292617798,1.5014493121023875e-11,1.959138268281535e-10
poison/poismph/datapoismphseq/poisalt_mph_3f061c0f.csv,4,64,192,1,modified_altitude,0.0001186789377243258,0.9998812675476074,1.913429831246205e-10,2.465327941791884e-10
poison/poismph/datapoismphseq/poisalt_mph_3f06490c.csv,0,0,128,1,modified_altitude,3.3011328923748806e-06,0.9999966621398926,4.889000987905179e-13,2.7842741658648485e-15
poison/poismph/datapoismphseq/poisalt_mph_3f06490c.csv,1,16,144,1,modified_altitude,1.4471812392002903e-05,0.9999855756759644,3.670058180971214e-12,1.8462714470863888e-14
poison/poismph/datapoismphseq/poisalt_mph_3f06490c.csv,2,32,160,1,modified_altitude,2.56994208029937e-05,0.9999743103981018,1.4376085391565319e-11,1.567852056137079e-14
poison/poismph/datapoismphseq/poisalt_mph_3f06490c.csv,3,48,176,1,modified_altitude,2.621008206915576e-05,0.9999738335609436,1.412501712816372e-11,7.215359528660401e-15
poison/poismph/datapoismphseq/poisalt_mph_3f06490c.csv,4,64,192,1,modified_altitude,3.337861198815517e-05,0.9999666213989258,2.273617578929521e-11,1.7689976477479157e-14
poison/poismph/datapoismphseq/poisalt_mph_3f067464.csv,0,0,128,0,authentic,0.8730349540710449,0.04040488973259926,0.035928938537836075,0.050631213933229446
poison/poismph/datapoismphseq/poisalt_mph_3f067464.csv,1,16,144,1,modified_altitude,6.556105745403329e-06,0.9999934434890747,3.718905825650376e-12,1.4373043553950193e-11
poison/poismph/datapoismphseq/poisalt_mph_3f067464.csv,2,32,160,1,modified_altitude,3.007916711794678e-05,0.999970018863678,3.0668644707132486e-11,3.931672407753812e-15
poison/poismph/datapoismphseq/poisalt_mph_3f067464.csv,3,48,176,1,modified_altitude,2.1805679352837615e-05,0.999978244304657,1.7910209773597252e-11,2.1498902376231033e-14
poison/poismph/datapoismphseq/poisalt_mph_3f067464.csv,4,64,192,1,modified_altitude,2.988316919072531e-05,0.9999700784683228,2.6858720109101952e-11,4.015655809177371e-14
poison/poismph/datapoismphseq/poisalt_mph_3f067464.csv,5,80,208,1,modified_altitude,3.5811473935609683e-05,0.9999642372131348,3.623436273247904e-11,2.089375154552646e-14
poison/poismph/datapoismphseq/poisalt_mph_3f09cfd8.csv,0,0,128,1,modified_altitude,2.865468559321016e-05,0.9999714493751526,6.941002893973147e-12,2.6355328509863885e-12
poison/poismph/datapoismphseq/poisalt_mph_3f09cfd8.csv,1,16,144,1,modified_altitude,8.96990968612954e-05,0.999910295009613,3.318860117285105e-11,1.3581296677556143e-11
poison/poismph/datapoismphseq/poisalt_mph_3f09cfd8.csv,2,32,160,1,modified_altitude,0.00011701157927745953,0.9998829364776611,1.0331316357969911e-10,1.0340359644922525e-11
poison/poismph/datapoismphseq/poisalt_mph_3f09cfd8.csv,3,48,176,1,modified_altitude,0.00013827953080181032,0.9998617768287659,1.1023794377340579e-10,1.679283101463369e-11
poison/poismph/datapoismphseq/poisalt_mph_3f09cfd8.csv,4,64,192,1,modified_altitude,0.00017416795890312642,0.9998258948326111,1.983842812247616e-10,1.6828812648972402e-11
poison/poismph/datapoismphseq/poisalt_mph_3f09cfd8.csv,5,80,208,1,modified_altitude,0.0001636343658901751,0.9998363256454468,2.389001219071929e-10,5.1056524459636154e-12
poison/poismph/datapoismphseq/poisalt_mph_3f09cfd8.csv,6,96,224,1,modified_altitude,0.00010558238864177838,0.999894380569458,2.6866215849241648e-11,1.0217245799415409e-10
poison/poismph/datapoismphseq/poisalt_mph_3f0a1418.csv,0,0,128,0,authentic,0.9691905975341797,0.006129490211606026,0.0043273260816931725,0.020352639257907867
poison/poismph/datapoismphseq/poisalt_mph_3f0a1418.csv,1,16,144,0,authentic,0.9896414875984192,0.0018966264324262738,0.0007986371056176722,0.007663206197321415
poison/poismph/datapoismphseq/poisalt_mph_3f0a1418.csv,2,32,160,1,modified_altitude,0.07713386416435242,0.7804858684539795,0.14237862825393677,1.6693433053660556e-06
poison/poismph/datapoismphseq/poisalt_mph_3f0a1418.csv,3,48,176,1,modified_altitude,8.167698251781985e-05,0.9999184012413025,3.916516416735405e-11,1.1124162978574589e-13
poison/poismph/datapoismphseq/poisalt_mph_3f0a1418.csv,4,64,192,1,modified_altitude,0.00023931876057758927,0.9997606873512268,3.277678684021623e-10,3.409899316034193e-13
poison/poismph/datapoismphseq/poisalt_mph_3f0a1418.csv,5,80,208,1,modified_altitude,0.000258527958067134,0.9997414946556091,3.9261230377896084e-10,1.087779904129435e-13
poison/poismph/datapoismphseq/poisalt_mph_3f0a1418.csv,6,96,224,1,modified_altitude,0.0003464963228907436,0.9996534585952759,6.676698638408141e-10,5.334768542718249e-13
poison/poismph/datapoismphseq/poisalt_mph_3f11b99b.csv,0,0,128,0,authentic,0.9808201193809509,0.004814114887267351,0.0009449178469367325,0.013420951552689075
poison/poismph/datapoismphseq/poisalt_mph_3f11b99b.csv,1,16,144,0,authentic,0.9974379539489746,0.00038189528277143836,5.445208080345765e-05,0.0021256625186651945
poison/poismph/datapoismphseq/poisalt_mph_3f11b99b.csv,2,32,160,1,modified_altitude,0.04448903724551201,0.9317082166671753,0.00040323002031072974,0.02339945361018181
poison/poismph/datapoismphseq/poisalt_mph_3f11b99b.csv,3,48,176,1,modified_altitude,7.856822776375338e-05,0.9999215006828308,2.1713995879135695e-10,2.9381080679513616e-08
poison/poismph/datapoismphseq/poisalt_mph_3f11b99b.csv,4,64,192,1,modified_altitude,5.714020153391175e-05,0.9999425411224365,1.1110432018845984e-10,3.0484861213153636e-07
poison/poismph/datapoismphseq/poisalt_mph_3f11b99b.csv,5,80,208,1,modified_altitude,7.566726708319038e-05,0.9999241828918457,2.4765989259378784e-10,7.296038972981478e-08
poison/poismph/datapoismphseq/poisalt_mph_3f11b99b.csv,6,96,224,1,modified_altitude,6.743380799889565e-05,0.9999325275421143,2.3304502771992475e-10,5.8557191096042516e-08
poison/poismph/datapoismphseq/poisalt_mph_3f11b99b.csv,7,112,240,1,modified_altitude,8.964275184553117e-05,0.9999104142189026,5.009712089609764e-10,3.2482539324973914e-08
poison/poismph/datapoismphseq/poisalt_mph_3f147d2b.csv,0,0,128,1,modified_altitude,2.2696649466524832e-05,0.9999774098396301,1.6195302043886528e-11,1.590127508832584e-11
poison/poismph/datapoismphseq/poisalt_mph_3f147d2b.csv,1,16,144,1,modified_altitude,7.504389941459522e-05,0.999924898147583,9.65266686026034e-11,1.7534274379671366e-11
poison/poismph/datapoismphseq/poisalt_mph_3f147d2b.csv,2,32,160,1,modified_altitude,7.676956738578156e-05,0.9999232888221741,1.0683756657137167e-10,1.1710105975171192e-11
poison/poismph/datapoismphseq/poisalt_mph_3f147d2b.csv,3,48,176,1,modified_altitude,6.394142110366374e-05,0.9999361038208008,6.004299141215697e-11,3.0863422928462114e-11
poison/poismph/datapoismphseq/poisalt_mph_3f147d2b.csv,4,64,192,1,modified_altitude,9.956754365703091e-05,0.9999004602432251,2.0207110984493681e-10,3.474792328872489e-11
poison/poismph/datapoismphseq/poisalt_mph_3f14d941.csv,0,0,128,0,authentic,0.9989251494407654,0.0001513252209406346,3.072122126468457e-05,0.0008927115704864264
poison/poismph/datapoismphseq/poisalt_mph_3f14d941.csv,1,16,144,0,authentic,0.9836952686309814,0.0012801705161109567,0.0006845195312052965,0.014340033754706383
poison/poismph/datapoismphseq/poisalt_mph_3f14d941.csv,2,32,160,1,modified_altitude,6.389272311935201e-05,0.9999361038208008,9.656343433195325e-12,6.692920107020939e-10
poison/poismph/datapoismphseq/poisalt_mph_3f14d941.csv,3,48,176,1,modified_altitude,0.00011064240970881656,0.9998893737792969,2.6430194838278354e-11,5.081512988169834e-10
poison/poismph/datapoismphseq/poisalt_mph_3f14d941.csv,4,64,192,1,modified_altitude,7.441367779392749e-05,0.9999256134033203,1.7706594870880998e-11,6.802070018352424e-11
poison/poismph/datapoismphseq/poisalt_mph_3f18df2b.csv,0,0,128,1,modified_altitude,5.4333650041371584e-05,0.9999456405639648,3.2725790827248247e-11,3.198155851475218e-14
poison/poismph/datapoismphseq/poisalt_mph_3f18df2b.csv,1,16,144,1,modified_altitude,4.096686825505458e-05,0.9999590516090393,6.213389611847697e-12,7.317985193516785e-14
poison/poismph/datapoismphseq/poisalt_mph_3f18df2b.csv,2,32,160,1,modified_altitude,5.4078289394965395e-05,0.999945878982544,2.365356868705426e-11,3.617618425416809e-14
poison/poismph/datapoismphseq/poisalt_mph_3f18df2b.csv,3,48,176,1,modified_altitude,7.035517774056643e-05,0.999929666519165,7.711786070840887e-11,1.7039809233759806e-14
poison/poismph/datapoismphseq/poisalt_mph_3f18df2b.csv,4,64,192,1,modified_altitude,6.751050386810675e-05,0.9999325275421143,2.6442645295610134e-10,3.8014449567012854e-16
poison/poismph/datapoismphseq/poisalt_mph_3f1908f0.csv,0,0,128,0,authentic,0.9999947547912598,1.295035474413453e-07,5.0814312757552216e-09,5.1682964112842456e-06
poison/poismph/datapoismphseq/poisalt_mph_3f1908f0.csv,1,16,144,1,modified_altitude,1.5041746337374207e-06,0.9999984502792358,3.197104514181086e-14,2.3591829309338105e-14
poison/poismph/datapoismphseq/poisalt_mph_3f1908f0.csv,2,32,160,1,modified_altitude,2.4452647267025895e-05,0.9999756217002869,2.6598953074830067e-12,5.334059965776553e-15
poison/poismph/datapoismphseq/poisalt_mph_3f1908f0.csv,3,48,176,1,modified_altitude,3.448795177973807e-05,0.9999656081199646,1.5403369552080548e-11,2.914488752604489e-15
poison/poismph/datapoismphseq/poisalt_mph_3f1908f0.csv,4,64,192,1,modified_altitude,3.7384616007329896e-05,0.999962568283081,1.6721167853117613e-11,6.319789052429588e-15
poison/poismph/datapoismphseq/poisalt_mph_3f1908f0.csv,5,80,208,1,modified_altitude,3.2711563108023256e-05,0.9999673366546631,1.3356232786421174e-11,3.5249506916465835e-15
poison/poismph/datapoismphseq/poisalt_mph_3f192ee1.csv,0,0,128,1,modified_altitude,0.00031256661168299615,0.9996873140335083,1.6467419072796474e-07,3.531455997855121e-13
poison/poismph/datapoismphseq/poisalt_mph_3f192ee1.csv,1,16,144,1,modified_altitude,0.0002326535468455404,0.9997673034667969,2.7302268890139203e-08,6.999792238893132e-12
poison/poismph/datapoismphseq/poisalt_mph_3f192ee1.csv,2,32,160,1,modified_altitude,0.0004251337959431112,0.9995744228363037,4.905966193291533e-07,1.8231915272209215e-13
poison/poismph/datapoismphseq/poisalt_mph_3f192ee1.csv,3,48,176,1,modified_altitude,0.00046916428254917264,0.9995307326316833,1.561984817044504e-07,1.4547137799914012e-11
poison/poismph/datapoismphseq/poisalt_mph_3f1d4c27.csv,0,0,128,1,modified_altitude,3.7914667245786404e-06,0.9999961853027344,7.226850411504171e-13,4.333544970352293e-13
poison/poismph/datapoismphseq/poisalt_mph_3f1d4c27.csv,1,16,144,1,modified_altitude,7.574352639494464e-05,0.9999243021011353,4.209477558192454e-11,7.852674240027557e-12
poison/poismph/datapoismphseq/poisalt_mph_3f1d4c27.csv,2,32,160,1,modified_altitude,0.00012487870117183775,0.9998750686645508,1.322946197035435e-10,7.31497761669031e-12
poison/poismph/datapoismphseq/poisalt_mph_3f1d4c27.csv,3,48,176,1,modified_altitude,5.593973764916882e-05,0.9999440908432007,1.708877310491186e-11,7.939442506210703e-12
poison/poismph/datapoismphseq/poisalt_mph_3f1d787f.csv,0,0,128,0,authentic,0.984590470790863,0.00541260652244091,0.0023938671220093966,0.007603070233017206
poison/poismph/datapoismphseq/poisalt_mph_3f1d787f.csv,1,16,144,0,authentic,0.9978681802749634,0.0004093424940947443,7.299806748051196e-05,0.001649441896006465
poison/poismph/datapoismphseq/poisalt_mph_3f1d787f.csv,2,32,160,0,authentic,0.977013349533081,0.011444784700870514,0.0034052173141390085,0.00813661515712738
poison/poismph/datapoismphseq/poisalt_mph_3f1d787f.csv,3,48,176,1,modified_altitude,2.4195398509618826e-05,0.999975860118866,1.041420161912443e-11,3.153618521878343e-08
poison/poismph/datapoismphseq/poisalt_mph_3f1d787f.csv,4,64,192,1,modified_altitude,0.00023131913621909916,0.9997686743736267,9.960444968815096e-11,1.3018159883415592e-09
poison/poismph/datapoismphseq/poisalt_mph_3f1dc2f5.csv,0,0,128,1,modified_altitude,0.00021413661306723952,0.9997788071632385,9.16961562236196e-10,6.984670562815154e-06
poison/poismph/datapoismphseq/poisalt_mph_3f1dc2f5.csv,1,16,144,1,modified_altitude,1.1153728110002703e-06,0.999998927116394,1.7303694089905648e-15,1.9473062485425574e-12
poison/poismph/datapoismphseq/poisalt_mph_3f1dc2f5.csv,2,32,160,1,modified_altitude,2.5326355626020813e-06,0.9999974966049194,5.534576381314169e-15,2.228467844284099e-12
poison/poismph/datapoismphseq/poisalt_mph_3f1dc2f5.csv,3,48,176,1,modified_altitude,1.506688477093121e-06,0.9999984502792358,7.811828589292973e-16,1.7486132333766058e-11
poison/poismph/datapoismphseq/poisalt_mph_3f1dc2f5.csv,4,64,192,1,modified_altitude,2.584225285318098e-06,0.9999973773956299,8.53111340387092e-15,4.832437922042132e-11
poison/poismph/datapoismphseq/poisalt_mph_3f1dc2f5.csv,5,80,208,1,modified_altitude,4.279302629583981e-06,0.9999957084655762,3.4082020652958026e-14,2.0367412617572356e-11
poison/poismph/datapoismphseq/poisalt_mph_3f1dc2f5.csv,6,96,224,1,modified_altitude,1.3346625564736314e-05,0.9999866485595703,3.4311447997051325e-13,5.927520280168963e-11
poison/poismph/datapoismphseq/poisalt_mph_3f1dc2f5.csv,7,112,240,1,modified_altitude,0.00020308472448959947,0.9997969269752502,2.853906277966445e-10,1.2226696322059638e-09
poison/poismph/datapoismphseq/poisalt_mph_3f1dc2f5.csv,8,128,256,1,modified_altitude,0.006394337862730026,0.9935795664787292,1.7270829630433582e-05,8.86034013092285e-06
poison/poismph/datapoismphseq/poisalt_mph_3f1dc2f5.csv,9,144,272,0,authentic,0.9996829032897949,5.506265733856708e-05,3.838543761958135e-06,0.0002582656452432275
poison/poismph/datapoismphseq/poisalt_mph_3f1dc2f5.csv,10,160,288,0,authentic,0.9898263216018677,0.0015173428691923618,0.00034698471426963806,0.008309369906783104
poison/poismph/datapoismphseq/poisalt_mph_3f1dc2f5.csv,11,176,304,0,authentic,0.8978478312492371,0.05493927001953125,0.020229501649737358,0.026983294636011124
poison/poismph/datapoismphseq/poisalt_mph_3f1dc2f5.csv,12,192,320,0,authentic,0.9453351497650146,0.0401875264942646,0.012401819229125977,0.0020754949655383825
poison/poismph/datapoismphseq/poisalt_mph_3f1dc2f5.csv,13,208,336,0,authentic,0.9868289828300476,0.010931078344583511,0.002080320380628109,0.0001596072397660464
poison/poismph/datapoismphseq/poisalt_mph_3f1dc2f5.csv,14,224,352,0,authentic,0.9750354290008545,0.01902857981622219,0.005253273993730545,0.0006827479228377342
poison/poismph/datapoismphseq/poisalt_mph_3f1dcdbf.csv,0,0,128,0,authentic,0.9952923059463501,0.003269784850999713,0.0009716185159049928,0.0004662354476749897
poison/poismph/datapoismphseq/poisalt_mph_3f1dcdbf.csv,1,16,144,0,authentic,0.7101498246192932,0.13127878308296204,0.15559540688991547,0.002975977025926113
poison/poismph/datapoismphseq/poisalt_mph_3f1dcdbf.csv,2,32,160,1,modified_altitude,0.09999997168779373,0.7596955299377441,0.14027610421180725,2.8475922590587288e-05
poison/poismph/datapoismphseq/poisalt_mph_3f1dcdbf.csv,3,48,176,1,modified_altitude,5.217960278969258e-06,0.9999947547912598,7.91131591661165e-13,2.731944392930785e-10
poison/poismph/datapoismphseq/poisalt_mph_3f1dcdbf.csv,4,64,192,1,modified_altitude,1.2649989002966322e-05,0.9999873638153076,1.4464280467807455e-12,3.884152656626061e-13
poison/poismph/datapoismphseq/poisalt_mph_3f1dcdbf.csv,5,80,208,1,modified_altitude,7.446171366609633e-06,0.9999926090240479,2.6540504819913546e-13,1.1860306573657775e-12
poison/poismph/datapoismphseq/poisalt_mph_3f1dcdbf.csv,6,96,224,1,modified_altitude,1.1475498240542947e-06,0.9999988079071045,2.5495859001361523e-15,3.537232659556189e-11
poison/poismph/datapoismphseq/poisalt_mph_3f1dcdbf.csv,7,112,240,1,modified_altitude,1.2174259609309956e-06,0.9999988079071045,1.825905937474022e-15,4.4429671747225896e-11
poison/poismph/datapoismphseq/poisalt_mph_3f21e566.csv,0,0,128,1,modified_altitude,0.019392801448702812,0.9779103398323059,0.0009465517359785736,0.0017503144918009639
poison/poismph/datapoismphseq/poisalt_mph_3f21e566.csv,1,16,144,1,modified_altitude,1.0749266039056238e-05,0.9999892711639404,2.2702055079565353e-12,6.437629546601027e-15
poison/poismph/datapoismphseq/poisalt_mph_3f21e566.csv,2,32,160,1,modified_altitude,1.9026289010071196e-05,0.9999809861183167,4.005361580600164e-12,8.262166043557576e-15
poison/poismph/datapoismphseq/poisalt_mph_3f21e566.csv,3,48,176,1,modified_altitude,2.266009869344998e-05,0.9999774098396301,7.1763628026189075e-12,4.5461410243946565e-15
poison/poismph/datapoismphseq/poisalt_mph_3f21e566.csv,4,64,192,1,modified_altitude,3.862020093947649e-05,0.9999613761901855,2.4020061981100405e-11,8.417728726518511e-15
poison/poismph/datapoismphseq/poisalt_mph_3f21e566.csv,5,80,208,1,modified_altitude,4.867729512625374e-05,0.9999513626098633,5.0876639706709526e-11,2.3781582900731435e-15
poison/poismph/datapoismphseq/poisalt_mph_3f21e566.csv,6,96,224,1,modified_altitude,7.265341264428571e-05,0.999927282333374,2.413558242153613e-10,5.891851596213362e-16
poison/poismph/datapoismphseq/poisalt_mph_3f2601d9.csv,0,0,128,0,authentic,0.995071291923523,0.001976167783141136,0.0008082957938313484,0.002144342754036188
poison/poismph/datapoismphseq/poisalt_mph_3f2601d9.csv,1,16,144,0,authentic,0.9638093709945679,0.005239331163465977,0.001971807796508074,0.028979388996958733
poison/poismph/datapoismphseq/poisalt_mph_3f2601d9.csv,2,32,160,0,authentic,0.871634840965271,0.05186740309000015,0.021754294633865356,0.054743386805057526
poison/poismph/datapoismphseq/poisalt_mph_3f2601d9.csv,3,48,176,0,authentic,0.7957574129104614,0.04661940783262253,0.02629740536212921,0.13132569193840027
poison/poismph/datapoismphseq/poisalt_mph_3f2601d9.csv,4,64,192,1,modified_altitude,2.2590835214941762e-05,0.9999773502349854,1.4170583109707202e-12,1.4276801095503e-11
poison/poismph/datapoismphseq/poisalt_mph_3f2601d9.csv,5,80,208,1,modified_altitude,4.9151167331729084e-05,0.9999508857727051,7.598525107732623e-12,7.602004095663695e-12
poison/poismph/datapoismphseq/poisalt_mph_3f2601d9.csv,6,96,224,1,modified_altitude,2.098049662890844e-05,0.9999790191650391,1.0418499830217032e-12,1.8024411824191233e-11
poison/poismph/datapoismphseq/poisalt_mph_3f26b37b.csv,0,0,128,1,modified_altitude,1.8600572730065323e-05,0.9999814629554749,8.122894717965679e-12,3.0664359940146824e-12
poison/poismph/datapoismphseq/poisalt_mph_3f26b37b.csv,1,16,144,1,modified_altitude,0.0001839951437432319,0.9998159408569336,1.6305790051518443e-10,8.074939328306385e-11
poison/poismph/datapoismphseq/poisalt_mph_3f26b37b.csv,2,32,160,1,modified_altitude,0.00012546773359645158,0.999874472618103,5.881068548818646e-11,2.383143959949763e-10
poison/poismph/datapoismphseq/poisalt_mph_3f26b37b.csv,3,48,176,1,modified_altitude,0.00021864112932235003,0.9997814297676086,1.7770937499328454e-10,1.2795825510281134e-10
poison/poismph/datapoismphseq/poisalt_mph_3f26b37b.csv,4,64,192,1,modified_altitude,0.00016965858230832964,0.9998303651809692,6.557639847803998e-11,2.1285287421513033e-10
poison/poismph/datapoismphseq/poisalt_mph_3f26dfa5.csv,0,0,128,0,authentic,0.9983985424041748,0.0001525325933471322,6.988680979702622e-05,0.001379027497023344
poison/poismph/datapoismphseq/poisalt_mph_3f26dfa5.csv,1,16,144,1,modified_altitude,2.1417625362118997e-07,0.9999997615814209,2.7118301907432668e-14,2.0906522261272212e-15
poison/poismph/datapoismphseq/poisalt_mph_3f26dfa5.csv,2,32,160,1,modified_altitude,1.0309974641131703e-05,0.9999897480010986,6.887425200476083e-13,6.416082722488772e-15
poison/poismph/datapoismphseq/poisalt_mph_3f26dfa5.csv,3,48,176,1,modified_altitude,1.4479846868198365e-05,0.9999855756759644,3.7204375864796635e-12,2.0688135991646373e-15
poison/poismph/datapoismphseq/poisalt_mph_3f26dfa5.csv,4,64,192,1,modified_altitude,2.305372981936671e-05,0.9999769926071167,1.609972571925411e-11,1.4624755459053686e-15
poison/poismph/datapoismphseq/poisalt_mph_3f26dfa5.csv,5,80,208,1,modified_altitude,2.0982077330700122e-05,0.9999790191650391,7.955394155934048e-12,5.075678494447259e-15
poison/poismph/datapoismphseq/poisalt_mph_3f26dfa5.csv,6,96,224,1,modified_altitude,2.498855064914096e-05,0.9999749660491943,1.4397526573728392e-11,7.086375214925e-14
poison/poismph/datapoismphseq/poisalt_mph_3f2ac3b2.csv,0,0,128,1,modified_altitude,2.661925577740476e-07,0.9999997615814209,1.6629526802900557e-14,1.746726513429664e-10
poison/poismph/datapoismphseq/poisalt_mph_3f2ac3b2.csv,1,16,144,1,modified_altitude,9.356400454407776e-08,0.9999998807907104,2.5824754086195385e-17,7.772992658056956e-15
poison/poismph/datapoismphseq/poisalt_mph_3f2ac3b2.csv,2,32,160,1,modified_altitude,1.8384240263458196e-07,0.9999997615814209,1.382400253915279e-16,2.5786188014362407e-15
poison/poismph/datapoismphseq/poisalt_mph_3f2ac3b2.csv,3,48,176,1,modified_altitude,1.485523739575001e-07,0.9999998807907104,5.626375323978307e-17,6.0048990485736444e-15
poison/poismph/datapoismphseq/poisalt_mph_3f2b37cf.csv,0,0,128,0,authentic,0.9951281547546387,0.0010659456020221114,0.00024404168652836233,0.0035617437679320574
poison/poismph/datapoismphseq/poisalt_mph_3f2b37cf.csv,1,16,144,1,modified_altitude,0.16046111285686493,0.7723710536956787,0.03506118804216385,0.032106753438711166
poison/poismph/datapoismphseq/poisalt_mph_3f2b37cf.csv,2,32,160,1,modified_altitude,1.9359809812158346e-05,0.9999807476997375,3.482846389762928e-12,4.276381332379842e-12
poison/poismph/datapoismphseq/poisalt_mph_3f2b37cf.csv,3,48,176,1,modified_altitude,8.266286022262648e-05,0.9999174475669861,6.206584551859962e-11,8.045757636521156e-12
poison/poismph/datapoismphseq/poisalt_mph_3f2b37cf.csv,4,64,192,1,modified_altitude,0.00017426097474526614,0.9998257756233215,1.1806500221922533e-10,3.532393821892299e-11
poison/poismph/datapoismphseq/poisalt_mph_3f2b37cf.csv,5,80,208,1,modified_altitude,0.00010656698577804491,0.9998934268951416,5.6721238816948016e-11,4.210164335216593e-12
poison/poismph/datapoismphseq/poisalt_mph_3f2e7614.csv,0,0,128,1,modified_altitude,2.2123733742773766e-06,0.9999977350234985,1.719287994578992e-14,1.5858913574723355e-12
poison/poismph/datapoismphseq/poisalt_mph_3f2e7614.csv,1,16,144,1,modified_altitude,4.051396899740212e-06,0.9999959468841553,6.950306487025354e-14,2.4910726693222474e-12
poison/poismph/datapoismphseq/poisalt_mph_3f2e7614.csv,2,32,160,1,modified_altitude,4.991793502995279e-06,0.9999949932098389,6.424593794246078e-14,7.88888399050336e-12
poison/poismph/datapoismphseq/poisalt_mph_3f2e7614.csv,3,48,176,1,modified_altitude,7.115379958122503e-06,0.999992847442627,1.5866450406125387e-13,7.85295786731588e-12
poison/poismph/datapoismphseq/poisalt_mph_3f2e7614.csv,4,64,192,1,modified_altitude,1.0292301340086851e-05,0.9999897480010986,3.0144422656815106e-13,1.2297341096811909e-11
poison/poismph/datapoismphseq/poisalt_mph_3f2e7614.csv,5,80,208,1,modified_altitude,1.5572977645206265e-05,0.9999843835830688,9.916514224356243e-13,8.436403485523325e-12
poison/poismph/datapoismphseq/poisalt_mph_3f325ccc.csv,0,0,128,0,authentic,0.910706102848053,0.054035384207963943,0.030986279249191284,0.0042721484787762165
poison/poismph/datapoismphseq/poisalt_mph_3f325ccc.csv,1,16,144,1,modified_altitude,0.008021344430744648,0.9918200969696045,0.00012050038640154526,3.806459062616341e-05
poison/poismph/datapoismphseq/poisalt_mph_3f325ccc.csv,2,32,160,1,modified_altitude,8.242435433203354e-05,0.9999176859855652,2.3378521341044234e-09,3.10621250942944e-10
poison/poismph/datapoismphseq/poisalt_mph_3f325ccc.csv,3,48,176,1,modified_altitude,1.271997405183356e-07,0.9999998807907104,4.1047094201212737e-17,6.631626359165921e-10
poison/poismph/datapoismphseq/poisalt_mph_3f325ccc.csv,4,64,192,1,modified_altitude,3.0083296564953343e-07,0.9999996423721313,2.765207348343036e-16,1.0819746210088965e-09
poison/poismph/datapoismphseq/poisalt_mph_3f35c134.csv,0,0,128,0,authentic,0.998774528503418,0.00011919795360881835,2.3687614884693176e-05,0.0010826261714100838
poison/poismph/datapoismphseq/poisalt_mph_3f35c134.csv,1,16,144,0,authentic,0.9866238236427307,0.002441564342007041,0.0009535924764350057,0.009981010109186172
poison/poismph/datapoismphseq/poisalt_mph_3f35c134.csv,2,32,160,0,authentic,0.9880617260932922,0.0026811326388269663,0.0002867401053663343,0.00897026527673006
poison/poismph/datapoismphseq/poisalt_mph_3f35c134.csv,3,48,176,1,modified_altitude,0.058776505291461945,0.93440181016922,0.005380508955568075,0.001441148342564702
poison/poismph/datapoismphseq/poisalt_mph_3f35c134.csv,4,64,192,1,modified_altitude,0.0002576516999397427,0.999742329120636,5.030855732002237e-09,3.3454407863744984e-13
poison/poismph/datapoismphseq/poisalt_mph_3f35c134.csv,5,80,208,1,modified_altitude,0.00016653284546919167,0.9998334646224976,1.1684592182703568e-09,7.922300510922187e-13
poison/poismph/datapoismphseq/poisalt_mph_3f360050.csv,0,0,128,2,modified_speed,0.0617278516292572,0.41052255034446716,0.5277485847473145,9.540591463519377e-07
poison/poismph/datapoismphseq/poisalt_mph_3f360050.csv,1,16,144,1,modified_altitude,0.000162618380272761,0.9998374581336975,9.563428937653384e-10,2.4156460252250378e-12
poison/poismph/datapoismphseq/poisalt_mph_3f360050.csv,2,32,160,1,modified_altitude,0.0005586844054050744,0.999441385269165,9.825866342794143e-09,2.0966099949920602e-12
poison/poismph/datapoismphseq/poisalt_mph_3f360050.csv,3,48,176,1,modified_altitude,0.000609994400292635,0.9993900060653687,8.630129499920258e-09,9.33072195896667e-12
poison/poismph/datapoismphseq/poisalt_mph_3f360050.csv,4,64,192,1,modified_altitude,0.0005545050371438265,0.9994454979896545,4.540063436309083e-09,1.1728265927879455e-11
poison/poismph/datapoismphseq/poisalt_mph_3f360050.csv,5,80,208,1,modified_altitude,0.0006721507525071502,0.9993278980255127,6.996446089146957e-09,7.216558080280766e-12
poison/poismph/datapoismphseq/poisalt_mph_3f360050.csv,6,96,224,1,modified_altitude,0.000428908271715045,0.9995711445808411,4.596331315553925e-09,9.893458448317904e-12
poison/poismph/datapoismphseq/poisalt_mph_3f3a49a0.csv,0,0,128,0,authentic,0.9375317096710205,0.045018505305051804,0.015060573816299438,0.002389216097071767
poison/poismph/datapoismphseq/poisalt_mph_3f3a49a0.csv,1,16,144,0,authentic,0.9950752258300781,0.0032182238064706326,0.0009003212326206267,0.0008062480483204126
poison/poismph/datapoismphseq/poisalt_mph_3f3a49a0.csv,2,32,160,0,authentic,0.9952463507652283,0.0020855828188359737,0.0006211385480128229,0.0020469510927796364
poison/poismph/datapoismphseq/poisalt_mph_3f3a49a0.csv,3,48,176,0,authentic,0.9989944100379944,0.00024480020510964096,4.4791653635911644e-05,0.0007159140077419579
poison/poismph/datapoismphseq/poisalt_mph_3f3a49a0.csv,4,64,192,1,modified_altitude,0.00024257531913463026,0.9997572302818298,2.04361711553247e-07,1.9093524470639636e-15
poison/poismph/datapoismphseq/poisalt_mph_3f3a49a0.csv,5,80,208,1,modified_altitude,0.00019507951219566166,0.9998049139976501,3.3600418447576885e-08,3.849844684005192e-16
poison/poismph/datapoismphseq/poisalt_mph_3f3e624f.csv,0,0,128,0,authentic,0.9404231905937195,0.009873480536043644,0.007024480029940605,0.04267876595258713
poison/poismph/datapoismphseq/poisalt_mph_3f3e624f.csv,1,16,144,1,modified_altitude,0.06617210060358047,0.8856534957885742,0.048154786229133606,1.9556176994228736e-05
poison/poismph/datapoismphseq/poisalt_mph_3f3e624f.csv,2,32,160,1,modified_altitude,5.12876758875791e-05,0.9999487400054932,9.685729995823067e-10,2.9674515882732733e-12
poison/poismph/datapoismphseq/poisalt_mph_3f3e624f.csv,3,48,176,1,modified_altitude,0.00011185279436176643,0.9998881816864014,9.018052082865324e-09,7.479377902609718e-13
poison/poismph/datapoismphseq/poisalt_mph_3f3e624f.csv,4,64,192,1,modified_altitude,0.00014861172530800104,0.9998513460159302,3.085353750265085e-09,2.0976552092544232e-11
poison/poismph/datapoismphseq/poisalt_mph_3f3e624f.csv,5,80,208,1,modified_altitude,0.0003212062001693994,0.9996788501739502,3.619817690037053e-08,5.926871493588948e-11
poison/poismph/datapoismphseq/poisalt_mph_3f421169.csv,0,0,128,0,authentic,0.9942626357078552,0.0021113937254995108,0.000996440532617271,0.002629490802064538
poison/poismph/datapoismphseq/poisalt_mph_3f421169.csv,1,16,144,0,authentic,0.9716036319732666,0.0019666492007672787,0.0012196911266073585,0.025209994986653328
poison/poismph/datapoismphseq/poisalt_mph_3f421169.csv,2,32,160,1,modified_altitude,0.00032678659772500396,0.9996709227561951,2.1571770503214793e-06,1.1221440132658245e-07
poison/poismph/datapoismphseq/poisalt_mph_3f421169.csv,3,48,176,1,modified_altitude,0.00015806804003659636,0.9998419880867004,2.1874964339918535e-10,1.7737663768335743e-11
poison/poismph/datapoismphseq/poisalt_mph_3f421169.csv,4,64,192,1,modified_altitude,0.00021465674217324704,0.9997853636741638,7.462746531849973e-10,4.687009027420919e-12
poison/poismph/datapoismphseq/poisalt_mph_3f421169.csv,5,80,208,1,modified_altitude,0.00013662574929185212,0.9998633861541748,1.9244195126333352e-10,2.474095928128861e-11
poison/poismph/datapoismphseq/poisalt_mph_3f421169.csv,6,96,224,1,modified_altitude,0.00012976933794561774,0.9998701810836792,2.0870918882032186e-10,2.5604858511218964e-11
poison/poismph/datapoismphseq/poisalt_mph_3f421169.csv,7,112,240,1,modified_altitude,0.0002394858602201566,0.9997605085372925,1.4108664236900381e-09,1.548346520441335e-12
poison/poismph/datapoismphseq/poisalt_mph_3f42884e.csv,0,0,128,1,modified_altitude,1.1225813068449497e-05,0.9999887943267822,1.0155169890765925e-12,1.5333192614902513e-12
poison/poismph/datapoismphseq/poisalt_mph_3f42884e.csv,1,16,144,1,modified_altitude,1.4428320355364121e-05,0.9999855756759644,1.3810551010087768e-12,2.2757245306953555e-12
poison/poismph/datapoismphseq/poisalt_mph_3f42884e.csv,2,32,160,1,modified_altitude,2.0649600628530607e-05,0.9999794363975525,2.1102594498223493e-12,5.596350206166223e-12
poison/poismph/datapoismphseq/poisalt_mph_3f42884e.csv,3,48,176,1,modified_altitude,2.1292478777468204e-05,0.9999787211418152,1.0817108927335672e-12,1.5533267380685167e-11
poison/poismph/datapoismphseq/poisalt_mph_3f42884e.csv,4,64,192,1,modified_altitude,4.612634074874222e-05,0.9999538660049438,3.848737301082039e-12,2.6084972723494637e-11
poison/poismph/datapoismphseq/poisalt_mph_3f42c0c7.csv,0,0,128,1,modified_altitude,0.006595158018171787,0.993127703666687,4.025745511171408e-05,0.00023689723457209766
poison/poismph/datapoismphseq/poisalt_mph_3f42c0c7.csv,1,16,144,1,modified_altitude,1.3912755093770102e-05,0.9999860525131226,9.647725326966672e-13,5.846853001756358e-10
poison/poismph/datapoismphseq/poisalt_mph_3f42c0c7.csv,2,32,160,1,modified_altitude,1.1477433872641996e-05,0.9999885559082031,2.4971086938670173e-13,6.865916724052568e-10
poison/poismph/datapoismphseq/poisalt_mph_3f42c0c7.csv,3,48,176,1,modified_altitude,2.091992246278096e-05,0.9999791979789734,2.2384804513470025e-12,7.215716912867265e-11
poison/poismph/datapoismphseq/poisalt_mph_3f42c0c7.csv,4,64,192,1,modified_altitude,2.4531334929633886e-05,0.9999754428863525,3.118772818125337e-12,1.8537572518684264e-11
poison/poismph/datapoismphseq/poisalt_mph_3f46c72a.csv,0,0,128,0,authentic,0.9674721360206604,0.009182433597743511,0.0013213835190981627,0.022024014964699745
poison/poismph/datapoismphseq/poisalt_mph_3f46c72a.csv,1,16,144,0,authentic,0.9981432557106018,0.0009735972853377461,0.0002982278820127249,0.0005848609725944698
poison/poismph/datapoismphseq/poisalt_mph_3f46c72a.csv,2,32,160,0,authentic,0.9795008301734924,0.01129339262843132,0.007879935204982758,0.0013259198749437928
poison/poismph/datapoismphseq/poisalt_mph_3f46c72a.csv,3,48,176,0,authentic,0.9993381500244141,0.0002946332679130137,9.61328114499338e-05,0.0002711256965994835
poison/poismph/datapoismphseq/poisalt_mph_3f46c72a.csv,4,64,192,0,authentic,0.99739670753479,0.001713245059363544,0.0003035412519238889,0.0005865548155270517
poison/poismph/datapoismphseq/poisalt_mph_3f46c72a.csv,5,80,208,0,authentic,0.9950182437896729,0.0031249364838004112,0.0006585250957868993,0.0011983121512457728
poison/poismph/datapoismphseq/poisalt_mph_3f46c72a.csv,6,96,224,0,authentic,0.7670750617980957,0.19945330917835236,0.004895420279353857,0.028576144948601723
poison/poismph/datapoismphseq/poisalt_mph_3f46ee35.csv,0,0,128,1,modified_altitude,1.3837062624588725e-06,0.9999985694885254,1.795221415100412e-13,8.256513792700548e-15
poison/poismph/datapoismphseq/poisalt_mph_3f46ee35.csv,1,16,144,1,modified_altitude,2.685591607587412e-05,0.9999732375144958,6.872408458286072e-12,2.03506330710701e-12
poison/poismph/datapoismphseq/poisalt_mph_3f46ee35.csv,2,32,160,1,modified_altitude,2.8132591978646815e-05,0.9999719262123108,8.44331722593683e-12,2.3181963618688906e-13
poison/poismph/datapoismphseq/poisalt_mph_3f46ee35.csv,3,48,176,1,modified_altitude,3.385689706192352e-05,0.9999662041664124,1.2566093131327616e-11,1.1148931577205021e-13
poison/poismph/datapoismphseq/poisalt_mph_3f46ee35.csv,4,64,192,1,modified_altitude,8.505019650328904e-05,0.9999148845672607,3.3969724255733524e-10,1.5689166071451884e-14
poison/poismph/datapoismphseq/poisalt_mph_3f4dc55d.csv,0,0,128,1,modified_altitude,1.0856657354452182e-05,0.9999891519546509,2.455168880699521e-12,6.105060033900767e-13
poison/poismph/datapoismphseq/poisalt_mph_3f4dc55d.csv,1,16,144,1,modified_altitude,0.0001412902056472376,0.9998587965965271,1.2109496738688108e-10,4.862923431991906e-12
poison/poismph/datapoismphseq/poisalt_mph_3f4dc55d.csv,2,32,160,1,modified_altitude,0.0002882624394260347,0.9997116923332214,8.712485177753138e-10,1.940785639836795e-12
poison/poismph/datapoismphseq/poisalt_mph_3f4dc55d.csv,3,48,176,1,modified_altitude,0.00040944162174127996,0.9995905756950378,1.3932724973741983e-09,6.146342115820325e-12
poison/poismph/datapoismphseq/poisalt_mph_3f4dc55d.csv,4,64,192,1,modified_altitude,0.0003701570094563067,0.9996298551559448,1.8199260987117327e-09,4.289844521276898e-12
poison/poismph/datapoismphseq/poisalt_mph_3f4dc55d.csv,5,80,208,1,modified_altitude,0.00030929496278986335,0.9996907711029053,1.1738631178204173e-09,1.8140558499801784e-12
poison/poismph/datapoismphseq/poisalt_mph_3f4dc55d.csv,6,96,224,1,modified_altitude,0.0004487898258958012,0.9995512366294861,1.9002028839310015e-09,4.096317469254318e-12
poison/poismph/datapoismphseq/poisalt_mph_3f5229d9.csv,0,0,128,1,modified_altitude,2.5501036361674778e-05,0.9999745488166809,8.98156965467578e-11,4.609464784014914e-15
poison/poismph/datapoismphseq/poisalt_mph_3f5229d9.csv,1,16,144,1,modified_altitude,8.495042129652575e-05,0.9999150633811951,1.0236456127188376e-10,3.7936269251838406e-13
poison/poismph/datapoismphseq/poisalt_mph_3f5229d9.csv,2,32,160,1,modified_altitude,3.0360522941919044e-05,0.9999696612358093,1.6016727874546e-11,4.885659951148029e-14
poison/poismph/datapoismphseq/poisalt_mph_3f5229d9.csv,3,48,176,1,modified_altitude,4.06362560170237e-05,0.999959409236908,3.5985280727457436e-11,4.270433494129276e-14
poison/poismph/datapoismphseq/poisalt_mph_3f5229d9.csv,4,64,192,1,modified_altitude,6.26792898401618e-05,0.9999372959136963,7.83200379550486e-11,4.206123025828762e-14
poison/poismph/datapoismphseq/poisalt_mph_3f5229d9.csv,5,80,208,1,modified_altitude,7.693270163144916e-05,0.9999231696128845,1.1536151200974842e-10,8.9010443709691e-14
poison/poismph/datapoismphseq/poisalt_mph_3f5229d9.csv,6,96,224,1,modified_altitude,0.00010337965795770288,0.9998967051506042,1.7826151665900625e-10,2.1876462230271954e-13
poison/poismph/datapoismphseq/poisalt_mph_3f5229d9.csv,7,112,240,1,modified_altitude,0.0001345807104371488,0.9998654127120972,2.69135602692927e-10,8.58528038157752e-13
poison/poismph/datapoismphseq/poisalt_mph_3f5229d9.csv,8,128,256,1,modified_altitude,0.0007175656501203775,0.9992814660072327,1.1403854216496256e-07,8.465024734505278e-07
poison/poismph/datapoismphseq/poisalt_mph_3f5229d9.csv,9,144,272,0,authentic,0.998111367225647,0.0008642914472147822,0.00024256104370579123,0.0007817961159162223
poison/poismph/datapoismphseq/poisalt_mph_3f5229d9.csv,10,160,288,0,authentic,0.908341109752655,0.046250127255916595,0.009302702732384205,0.03610605373978615
poison/poismph/datapoismphseq/poisalt_mph_3f5af0e7.csv,0,0,128,1,modified_altitude,1.7330597756881616e-06,0.9999982118606567,1.2854309088504434e-13,4.827215884809432e-16
poison/poismph/datapoismphseq/poisalt_mph_3f5af0e7.csv,1,16,144,1,modified_altitude,8.997515578812454e-06,0.9999910593032837,7.172119885837103e-13,3.65828765358804e-16
poison/poismph/datapoismphseq/poisalt_mph_3f5af0e7.csv,2,32,160,1,modified_altitude,1.1897317563125398e-05,0.9999880790710449,2.0486151837417754e-12,5.211334738477417e-16
poison/poismph/datapoismphseq/poisalt_mph_3f5af0e7.csv,3,48,176,1,modified_altitude,1.855797745520249e-05,0.9999814629554749,4.515728502935135e-12,2.3418946920188187e-15
poison/poismph/datapoismphseq/poisalt_mph_3f5af0e7.csv,4,64,192,1,modified_altitude,1.635780427022837e-05,0.9999836683273315,6.16792901475538e-12,1.9296903010506024e-14
poison/poismph/datapoismphseq/poisalt_mph_3f5f1cea.csv,0,0,128,1,modified_altitude,5.497864208336978e-07,0.9999994039535522,9.831367158481835e-17,7.926933415225434e-11
poison/poismph/datapoismphseq/poisalt_mph_3f5f1cea.csv,1,16,144,1,modified_altitude,4.54038854513783e-07,0.9999995231628418,8.025782097277815e-17,1.0974324747559105e-11
poison/poismph/datapoismphseq/poisalt_mph_3f5f1cea.csv,2,32,160,1,modified_altitude,1.7666599205767852e-06,0.9999982118606567,7.53776472646174e-16,8.728086309250926e-11
poison/poismph/datapoismphseq/poisalt_mph_3f5f1cea.csv,3,48,176,1,modified_altitude,2.68213307208498e-06,0.9999973773956299,3.1310670304044146e-15,4.487802490737991e-11
poison/poismph/datapoismphseq/poisalt_mph_3f5f1cea.csv,4,64,192,1,modified_altitude,5.67880579183111e-06,0.9999942779541016,1.9557709537163306e-14,5.700832167443437e-11
poison/poismph/datapoismphseq/poisalt_mph_3f5f1cea.csv,5,80,208,1,modified_altitude,7.71389932197053e-06,0.9999922513961792,3.627625950282029e-14,3.1934087318941096e-11
poison/poismph/datapoismphseq/poisalt_mph_3f5f4746.csv,0,0,128,1,modified_altitude,0.0014979897532612085,0.9984994530677795,1.566349737913697e-06,9.70297037383716e-07
poison/poismph/datapoismphseq/poisalt_mph_3f5f4746.csv,1,16,144,1,modified_altitude,5.249330206424929e-05,0.9999475479125977,3.5229963391003594e-09,1.6557293036623122e-10
poison/poismph/datapoismphseq/poisalt_mph_3f5f4746.csv,2,32,160,1,modified_altitude,7.38385715521872e-05,0.9999262094497681,5.798773017318126e-09,2.3554655448343453e-10
poison/poismph/datapoismphseq/poisalt_mph_3f5f4746.csv,3,48,176,1,modified_altitude,0.00012705732660833746,0.9998729228973389,1.3313790070412779e-08,3.06991598808537e-10
poison/poismph/datapoismphseq/poisalt_mph_3f5f4746.csv,4,64,192,1,modified_altitude,0.00019799590518232435,0.9998020529747009,4.7606622644025265e-08,1.0950190754144273e-10
poison/poismph/datapoismphseq/poisalt_mph_3f5f559d.csv,0,0,128,1,modified_altitude,2.5026996809174307e-05,0.9999749660491943,1.5199445434904701e-12,2.473587524046139e-12
poison/poismph/datapoismphseq/poisalt_mph_3f5f559d.csv,1,16,144,1,modified_altitude,3.678097345982678e-05,0.9999631643295288,2.918903400234152e-12,1.2177620023479108e-12
poison/poismph/datapoismphseq/poisalt_mph_3f5f559d.csv,2,32,160,1,modified_altitude,3.3621920010773465e-05,0.9999663829803467,4.684907843610642e-12,1.7340425970124862e-12
poison/poismph/datapoismphseq/poisalt_mph_3f66d87a.csv,0,0,128,1,modified_altitude,0.00024533530813641846,0.9997546672821045,1.1457558235505871e-09,2.9627023490769178e-12
poison/poismph/datapoismphseq/poisalt_mph_3f66d87a.csv,1,16,144,1,modified_altitude,0.0004825964570045471,0.9995174407958984,1.5085502846901022e-09,1.3240648161216839e-11
poison/poismph/datapoismphseq/poisalt_mph_3f66d87a.csv,2,32,160,1,modified_altitude,0.0006451535155065358,0.999354898929596,3.493548339505992e-09,1.4514151165656575e-11
poison/poismph/datapoismphseq/poisalt_mph_3f66d87a.csv,3,48,176,1,modified_altitude,0.0006197672337293625,0.9993802309036255,2.2042585534620684e-09,5.841323258426456e-11
poison/poismph/datapoismphseq/poisalt_mph_3f66d87a.csv,4,64,192,1,modified_altitude,0.0003678131615743041,0.9996321201324463,2.7096302979146003e-09,1.7210238442699755e-11
poison/poismph/datapoismphseq/poisalt_mph_3f66d87a.csv,5,80,208,1,modified_altitude,0.000284699781332165,0.9997144341468811,8.434952292191156e-07,3.623994333790126e-12
poison/poismph/datapoismphseq/poisalt_mph_3f67096a.csv,0,0,128,0,authentic,0.9996424913406372,9.936885180650279e-05,2.0635357941500843e-05,0.00023752047854941338
poison/poismph/datapoismphseq/poisalt_mph_3f67096a.csv,1,16,144,0,authentic,0.9840811491012573,0.002651596674695611,0.0017536769155412912,0.011513552628457546
poison/poismph/datapoismphseq/poisalt_mph_3f67096a.csv,2,32,160,1,modified_altitude,8.678147423779592e-05,0.9999132752418518,1.5920900708898955e-10,2.1711558332443426e-12
poison/poismph/datapoismphseq/poisalt_mph_3f67096a.csv,3,48,176,1,modified_altitude,9.373910870635882e-05,0.9999063611030579,8.523686617634141e-11,4.03362716491773e-12
poison/poismph/datapoismphseq/poisalt_mph_3f67096a.csv,4,64,192,1,modified_altitude,1.4398616258404218e-05,0.9999855756759644,6.43262895207164e-13,8.11014588819603e-11
poison/poismph/datapoismphseq/poisalt_mph_3f67096a.csv,5,80,208,1,modified_altitude,1.80741299118381e-05,0.9999819397926331,6.303208822944217e-13,3.856624186671098e-10
poison/poismph/datapoismphseq/poisalt_mph_3f67096a.csv,6,96,224,1,modified_altitude,2.190860868722666e-05,0.9999781250953674,1.599737811837365e-12,4.909950918063899e-11
poison/poismph/datapoismphseq/poisalt_mph_3f67096a.csv,7,112,240,1,modified_altitude,4.8909580073086545e-05,0.9999511241912842,1.1404673212755956e-11,2.150942791934174e-11
poison/poismph/datapoismphseq/poisalt_mph_3f67096a.csv,8,128,256,1,modified_altitude,9.446847252547741e-05,0.999905526638031,5.524366381015611e-11,8.926199362990772e-11
poison/poismph/datapoismphseq/poisalt_mph_3f67096a.csv,9,144,272,1,modified_altitude,9.841676364885643e-05,0.9999015927314758,5.746041836784954e-11,8.705364207273192e-11
poison/poismph/datapoismphseq/poisalt_mph_3f67096a.csv,10,160,288,1,modified_altitude,0.0007395651773549616,0.999260425567627,2.5785308110926053e-08,1.9132294706847297e-11
poison/poismph/datapoismphseq/poisalt_mph_3f67096a.csv,11,176,304,0,authentic,0.9430187344551086,0.009471764788031578,0.0012779505923390388,0.04623152315616608
poison/poismph/datapoismphseq/poisalt_mph_3f67096a.csv,12,192,320,0,authentic,0.986447811126709,0.01019373070448637,0.002485110657289624,0.0008733830763958395
poison/poismph/datapoismphseq/poisalt_mph_3f67096a.csv,13,208,336,0,authentic,0.9949275255203247,0.0026100059039890766,0.00034701585536822677,0.0021154298447072506
poison/poismph/datapoismphseq/poisalt_mph_3f67096a.csv,14,224,352,0,authentic,0.9910690784454346,0.005578329320997,0.0006310673197731376,0.00272157764993608
poison/poismph/datapoismphseq/poisalt_mph_3f67096a.csv,15,240,368,0,authentic,0.9991000294685364,0.000716641778126359,7.561175880255178e-05,0.0001076697080861777
poison/poismph/datapoismphseq/poisalt_mph_3f67096a.csv,16,256,384,0,authentic,0.9994813799858093,0.0002359475620323792,3.156425373163074e-05,0.0002511332568246871
poison/poismph/datapoismphseq/poisalt_mph_3f67096a.csv,17,272,400,0,authentic,0.9979919195175171,0.0005885097780264914,0.00013103376841172576,0.0012884686002507806
poison/poismph/datapoismphseq/poisalt_mph_3f67096a.csv,18,288,416,0,authentic,0.9995694756507874,3.158992331009358e-05,3.908086455339799e-06,0.00039503228617832065
poison/poismph/datapoismphseq/poisalt_mph_3f6a9c9b.csv,0,0,128,0,authentic,0.9815323352813721,0.005343172233551741,0.0030067700427025557,0.010117709636688232
poison/poismph/datapoismphseq/poisalt_mph_3f6a9c9b.csv,1,16,144,0,authentic,0.8682449460029602,0.02033887803554535,0.017642714083194733,0.0937734916806221
poison/poismph/datapoismphseq/poisalt_mph_3f6a9c9b.csv,2,32,160,1,modified_altitude,8.81442247191444e-06,0.9999911785125732,8.355335520682239e-12,5.9557492271267165e-09
poison/poismph/datapoismphseq/poisalt_mph_3f6a9c9b.csv,3,48,176,1,modified_altitude,0.00017765600932762027,0.9998222589492798,1.4430001638032763e-10,8.392109056287733e-12
poison/poismph/datapoismphseq/poisalt_mph_3f6a9c9b.csv,4,64,192,1,modified_altitude,6.87327774357982e-05,0.9999312162399292,9.415441516724687e-12,9.259029654096196e-11
poison/poismph/datapoismphseq/poisalt_mph_3f6b0792.csv,0,0,128,0,authentic,0.965255081653595,0.020845025777816772,0.012174651026725769,0.0017252183752134442
poison/poismph/datapoismphseq/poisalt_mph_3f6b0792.csv,1,16,144,0,authentic,0.9976703524589539,0.0004074665775988251,0.00010402285261079669,0.001818202086724341
poison/poismph/datapoismphseq/poisalt_mph_3f6b0792.csv,2,32,160,1,modified_altitude,0.00039456470403820276,0.9996053576469421,5.03940711382711e-08,4.9291518422478475e-08
poison/poismph/datapoismphseq/poisalt_mph_3f6b0792.csv,3,48,176,1,modified_altitude,0.000420207972638309,0.9995794296264648,4.230968997376294e-08,3.149797294099699e-07
poison/poismph/datapoismphseq/poisalt_mph_3f6b0792.csv,4,64,192,1,modified_altitude,0.0008199636358767748,0.9991794228553772,1.1179741932210163e-07,5.21381764428952e-07
poison/poismph/datapoismphseq/poisalt_mph_3f6b0792.csv,5,80,208,1,modified_altitude,0.00061848817858845,0.9993810653686523,7.366362098082391e-08,3.601039111345017e-07
poison/poismph/datapoismphseq/poisalt_mph_3f6b0792.csv,6,96,224,1,modified_altitude,0.0009840299608185887,0.9990149736404419,1.4855702090699197e-07,8.359532444046636e-07
poison/poismph/datapoismphseq/poisalt_mph_3f6b0792.csv,7,112,240,1,modified_altitude,0.001097661443054676,0.9986142516136169,2.3440334118163264e-08,0.0002880698593799025
poison/poismph/datapoismphseq/poisalt_mph_3f6e8fbb.csv,0,0,128,0,authentic,0.9910218715667725,0.004152075853198767,0.002484465716406703,0.002341489540413022
poison/poismph/datapoismphseq/poisalt_mph_3f6e8fbb.csv,1,16,144,0,authentic,0.9983709454536438,0.0003134864673484117,7.853165152482688e-05,0.001237112795934081
poison/poismph/datapoismphseq/poisalt_mph_3f6e8fbb.csv,2,32,160,1,modified_altitude,1.693885315035004e-05,0.9999831318855286,3.61486882094475e-11,1.9043058247642224e-15
poison/poismph/datapoismphseq/poisalt_mph_3f6e8fbb.csv,3,48,176,1,modified_altitude,3.650328653748147e-05,0.9999635815620422,8.139752760705221e-11,1.2628295626001748e-14
poison/poismph/datapoismphseq/poisalt_mph_3f6e8fbb.csv,4,64,192,1,modified_altitude,1.5058199096529279e-05,0.9999849796295166,9.721089384850945e-12,1.2492543349611196e-13
poison/poismph/datapoismphseq/poisalt_mph_3f6e8fbb.csv,5,80,208,1,modified_altitude,2.4163024136214517e-05,0.9999758005142212,3.729817843467487e-11,2.6010533584288655e-14
poison/poismph/datapoismphseq/poisalt_mph_3f6e8fbb.csv,6,96,224,1,modified_altitude,4.434970105648972e-05,0.9999556541442871,1.378436392807103e-10,9.563954717160122e-14
poison/poismph/datapoismphseq/poisalt_mph_3f6ed9ff.csv,0,0,128,1,modified_altitude,0.1513882726430893,0.7972184419631958,0.04625992104411125,0.005133350845426321
poison/poismph/datapoismphseq/poisalt_mph_3f6ed9ff.csv,1,16,144,1,modified_altitude,8.083102147793397e-05,0.9999192357063293,2.364122231313104e-10,1.2917759310143717e-13
poison/poismph/datapoismphseq/poisalt_mph_3f6ed9ff.csv,2,32,160,1,modified_altitude,3.8473201129818335e-05,0.9999615550041199,3.359915817791048e-11,2.320481317947404e-13
poison/poismph/datapoismphseq/poisalt_mph_3f6ed9ff.csv,3,48,176,1,modified_altitude,6.144290091469884e-05,0.9999386072158813,4.4403722365693454e-10,6.469213728078904e-13
poison/poismph/datapoismphseq/poisalt_mph_3f6ed9ff.csv,4,64,192,1,modified_altitude,0.0001151296091848053,0.999884843826294,1.9552153229795977e-09,5.101000459702132e-13
poison/poismph/datapoismphseq/poisalt_mph_3f6ed9ff.csv,5,80,208,1,modified_altitude,0.0002727749233599752,0.999727189540863,1.3661676234733022e-08,1.606190224226478e-12
poison/poismph/datapoismphseq/poisalt_mph_3f6ed9ff.csv,6,96,224,1,modified_altitude,0.00034648156724870205,0.9996533989906311,6.258549234416932e-08,1.8058769540515995e-14
poison/poismph/datapoismphseq/poisalt_mph_3f6ed9ff.csv,7,112,240,1,modified_altitude,0.0010906434617936611,0.9989060163497925,3.297510374977719e-06,3.191150465484951e-15
poison/poismph/datapoismphseq/poisalt_mph_3f6ed9ff.csv,8,128,256,2,modified_speed,0.055831197649240494,0.30789098143577576,0.6362777352333069,1.0804703265421267e-07
poison/poismph/datapoismphseq/poisalt_mph_3f6ed9ff.csv,9,144,272,0,authentic,0.8009189367294312,0.06540143489837646,0.038769155740737915,0.09491050243377686
poison/poismph/datapoismphseq/poisalt_mph_3f6ed9ff.csv,10,160,288,0,authentic,0.5634542107582092,0.10343225300312042,0.1168312355875969,0.21628229320049286
poison/poismph/datapoismphseq/poisalt_mph_3f6ed9ff.csv,11,176,304,0,authentic,0.6086152791976929,0.12132127583026886,0.20236629247665405,0.06769713759422302
poison/poismph/datapoismphseq/poisalt_mph_3f6ed9ff.csv,12,192,320,0,authentic,0.8779484629631042,0.06139393150806427,0.052729442715644836,0.007928128354251385
poison/poismph/datapoismphseq/poisalt_mph_3f72dde5.csv,0,0,128,0,authentic,0.8893890976905823,0.05644039437174797,0.045202821493148804,0.008967605419456959
poison/poismph/datapoismphseq/poisalt_mph_3f72dde5.csv,1,16,144,1,modified_altitude,2.4840886908350512e-05,0.9999752640724182,3.8550669601011833e-11,1.0400789689484968e-16
poison/poismph/datapoismphseq/poisalt_mph_3f72dde5.csv,2,32,160,1,modified_altitude,1.9298167899250984e-05,0.9999807476997375,6.6666342585230964e-12,2.9694995191221563e-16
poison/poismph/datapoismphseq/poisalt_mph_3f72dde5.csv,3,48,176,1,modified_altitude,2.024559216806665e-05,0.9999797940254211,5.928528501453201e-12,2.0194280578590245e-16
poison/poismph/datapoismphseq/poisalt_mph_3f7ba01a.csv,0,0,128,1,modified_altitude,3.1105392395147646e-07,0.9999996423721313,1.1836118120598412e-16,1.0324075307762554e-13
poison/poismph/datapoismphseq/poisalt_mph_3f7ba01a.csv,1,16,144,1,modified_altitude,5.790549266748712e-07,0.9999994039535522,4.3334364400207616e-16,1.1604478771139182e-13
poison/poismph/datapoismphseq/poisalt_mph_3f7ba01a.csv,2,32,160,1,modified_altitude,6.451223839576414e-07,0.9999994039535522,7.890122491585648e-16,2.3545056149990723e-14
poison/poismph/datapoismphseq/poisalt_mph_3f7ba01a.csv,3,48,176,1,modified_altitude,1.0246360488963546e-06,0.999998927116394,4.584567944596269e-16,6.89522982981472e-13
poison/poismph/datapoismphseq/poisalt_mph_3f7f9dd0.csv,0,0,128,1,modified_altitude,0.0005590669461525977,0.9994401931762695,8.167451142071513e-07,4.6979280909908994e-08
poison/poismph/datapoismphseq/poisalt_mph_3f7f9dd0.csv,1,16,144,1,modified_altitude,0.0010444639483466744,0.9989553689956665,9.35099677690232e-08,2.9345199881181117e-11
poison/poismph/datapoismphseq/poisalt_mph_3f7f9dd0.csv,2,32,160,1,modified_altitude,0.0012893490493297577,0.9987105131149292,7.891852504826602e-08,1.4555591107412447e-11
poison/poismph/datapoismphseq/poisalt_mph_3f7f9dd0.csv,3,48,176,1,modified_altitude,0.001169418916106224,0.9988305568695068,1.8946371582728716e-08,2.727917003397806e-09
poison/poismph/datapoismphseq/poisalt_mph_3f7f9dd0.csv,4,64,192,1,modified_altitude,0.0007716652471572161,0.9992283582687378,4.025052291467546e-09,1.1421733780991872e-08
poison/poismph/datapoismphseq/poisalt_mph_3f7f9dd0.csv,5,80,208,1,modified_altitude,0.0008174217073246837,0.9991825222969055,4.347596949116905e-09,1.347961831044131e-08
poison/poismph/datapoismphseq/poisalt_mph_3f86beca.csv,0,0,128,1,modified_altitude,8.581039764976595e-06,0.9999914169311523,9.482169389951611e-12,5.599830495139901e-13
poison/poismph/datapoismphseq/poisalt_mph_3f86beca.csv,1,16,144,1,modified_altitude,3.818925324594602e-05,0.9999619126319885,8.146262137076477e-11,9.857267996640773e-13
poison/poismph/datapoismphseq/poisalt_mph_3f86beca.csv,2,32,160,1,modified_altitude,5.0283168093301356e-05,0.9999496936798096,1.361989548920306e-10,3.127532304317282e-12
poison/poismph/datapoismphseq/poisalt_mph_3f86beca.csv,3,48,176,1,modified_altitude,0.00013463283539749682,0.9998652935028076,3.785500524156049e-10,3.267432852060992e-11
poison/poismph/datapoismphseq/poisalt_mph_3f86beca.csv,4,64,192,1,modified_altitude,2.861173197743483e-05,0.9999713897705078,5.275747547162091e-11,2.078687699400006e-12
poison/poismph/datapoismphseq/poisalt_mph_3f86beca.csv,5,80,208,1,modified_altitude,6.278349610511214e-05,0.9999371767044067,3.5778563445276745e-10,1.471022782750797e-11
poison/poismph/datapoismphseq/poisalt_mph_3f871473.csv,0,0,128,1,modified_altitude,9.155979569186457e-06,0.9999908208847046,3.348494441793304e-13,4.175475937229223e-11
poison/poismph/datapoismphseq/poisalt_mph_3f871473.csv,1,16,144,1,modified_altitude,3.158020990667865e-05,0.9999684691429138,2.334144162674523e-12,5.022246854502477e-11
poison/poismph/datapoismphseq/poisalt_mph_3f871473.csv,2,32,160,1,modified_altitude,5.236270953901112e-05,0.9999476671218872,1.665753993074226e-11,2.5084944538233955e-11
poison/poismph/datapoismphseq/poisalt_mph_3f871473.csv,3,48,176,1,modified_altitude,7.658187678316608e-05,0.9999235272407532,2.3730946027700206e-11,2.6010802886555773e-11
poison/poismph/datapoismphseq/poisalt_mph_3f871473.csv,4,64,192,1,modified_altitude,6.0844198742415756e-05,0.9999392032623291,1.4757752311855832e-11,5.759754825862551e-11
poison/poismph/datapoismphseq/poisalt_mph_3f871473.csv,5,80,208,1,modified_altitude,8.97335703484714e-05,0.9999102354049683,4.471886749790599e-11,2.9820677177605504e-11
poison/poismph/datapoismphseq/poisalt_mph_3f873f36.csv,0,0,128,0,authentic,0.7456353306770325,0.10358218848705292,0.12059811502695084,0.030184322968125343
poison/poismph/datapoismphseq/poisalt_mph_3f873f36.csv,1,16,144,1,modified_altitude,1.7055699572665617e-06,0.9999983310699463,2.9106206919475575e-13,4.931534000607307e-11
poison/poismph/datapoismphseq/poisalt_mph_3f873f36.csv,2,32,160,1,modified_altitude,5.3872816351940855e-05,0.999946117401123,1.2938710866605696e-11,3.350569604751441e-12
poison/poismph/datapoismphseq/poisalt_mph_3f8b1603.csv,0,0,128,1,modified_altitude,2.7129648515256122e-05,0.9999728798866272,8.784380861603935e-11,1.7816122188651917e-10
poison/poismph/datapoismphseq/poisalt_mph_3f8b1603.csv,1,16,144,1,modified_altitude,4.6960449253674597e-05,0.999953031539917,8.169611653841002e-10,1.3049841762757808e-10
poison/poismph/datapoismphseq/poisalt_mph_3f8b1603.csv,2,32,160,1,modified_altitude,4.836653533857316e-05,0.9999516010284424,3.2401667460213446e-10,2.8962807707699767e-09
poison/poismph/datapoismphseq/poisalt_mph_3f8b1603.csv,3,48,176,1,modified_altitude,0.00022634760534856468,0.9997736811637878,2.0157109759111336e-08,8.354439806623759e-09
poison/poismph/datapoismphseq/poisalt_mph_3f8b1603.csv,4,64,192,1,modified_altitude,0.0011137212859466672,0.9988625049591064,2.38655320572434e-05,5.394810709269393e-10
poison/poismph/datapoismphseq/poisalt_mph_3f8b1603.csv,5,80,208,1,modified_altitude,4.554591214400716e-05,0.9999544620513916,2.958667977281948e-09,2.433029472337367e-12
poison/poismph/datapoismphseq/poisalt_mph_3f8b1603.csv,6,96,224,0,authentic,0.6287220120429993,0.1805311143398285,0.16501423716545105,0.025732675567269325
poison/poismph/datapoismphseq/poisalt_mph_3f8b7bb1.csv,0,0,128,1,modified_altitude,1.975205350390752e-06,0.9999979734420776,2.6246137492633333e-14,5.50180213887419e-12
poison/poismph/datapoismphseq/poisalt_mph_3f8b7bb1.csv,1,16,144,1,modified_altitude,4.73632007924607e-06,0.999995231628418,4.523055378586466e-13,8.821524240254508e-13
poison/poismph/datapoismphseq/poisalt_mph_3f8b7bb1.csv,2,32,160,1,modified_altitude,5.526674158318201e-06,0.9999945163726807,6.72439480400161e-13,8.515134127320967e-13
poison/poismph/datapoismphseq/poisalt_mph_3f8b7bb1.csv,3,48,176,1,modified_altitude,7.354867193498649e-06,0.9999926090240479,3.4388917494881932e-12,8.18191001061841e-14
poison/poismph/datapoismphseq/poisalt_mph_3f8b7bb1.csv,4,64,192,1,modified_altitude,1.6235213479376398e-05,0.9999837875366211,4.872798345378904e-12,1.2184369724103916e-13
poison/poismph/datapoismphseq/poisauth_mph_3e39f7cd.csv,0,0,128,0,authentic,0.8901399970054626,0.020487891510128975,0.008091595023870468,0.08128057420253754
poison/poismph/datapoismphseq/poisauth_mph_3e39f7cd.csv,1,16,144,0,authentic,0.9883274435997009,0.0010930437128990889,0.00020128197502344847,0.010378311388194561
poison/poismph/datapoismphseq/poisauth_mph_3e39f7cd.csv,2,32,160,0,authentic,0.88206547498703,0.0450146459043026,0.021659070625901222,0.05126073583960533
poison/poismph/datapoismphseq/poisauth_mph_3e39f7cd.csv,3,48,176,0,authentic,0.8113635778427124,0.062089111655950546,0.03698492422699928,0.08956234157085419
poison/poismph/datapoismphseq/poisauth_mph_3e39f7cd.csv,4,64,192,0,authentic,0.9902060627937317,0.0017601512372493744,0.0004389773530419916,0.007594787050038576
poison/poismph/datapoismphseq/poisauth_mph_3e39f7cd.csv,5,80,208,0,authentic,0.9159196019172668,0.019701944664120674,0.003569171763956547,0.06080927327275276
poison/poismph/datapoismphseq/poisauth_mph_3e39f7cd.csv,6,96,224,0,authentic,0.9368035197257996,0.004492016974836588,0.0008339356281794608,0.057870544493198395
poison/poismph/datapoismphseq/poisauth_mph_3e39f7cd.csv,7,112,240,0,authentic,0.6827314496040344,0.14301639795303345,0.08044001460075378,0.09381216764450073
poison/poismph/datapoismphseq/poisauth_mph_3e39f7cd.csv,8,128,256,0,authentic,0.5136284232139587,0.3001589775085449,0.1779714971780777,0.008241144008934498
poison/poismph/datapoismphseq/poisauth_mph_3e39f7cd.csv,9,144,272,0,authentic,0.7062162756919861,0.11777940392494202,0.10839953273534775,0.06760482490062714
poison/poismph/datapoismphseq/poisauth_mph_3e3a3689.csv,0,0,128,0,authentic,0.9843864440917969,0.009865052066743374,0.004779331851750612,0.0009690411970950663
poison/poismph/datapoismphseq/poisauth_mph_3e3a3689.csv,1,16,144,0,authentic,0.8386586308479309,0.06013818457722664,0.07368685305118561,0.027516329661011696
poison/poismph/datapoismphseq/poisauth_mph_3e3a3689.csv,2,32,160,0,authentic,0.9982901811599731,0.0008063975255936384,0.00026257280842401087,0.0006408825283870101
poison/poismph/datapoismphseq/poisauth_mph_3e3a3689.csv,3,48,176,0,authentic,0.9990712404251099,0.0002175589179387316,8.41770161059685e-05,0.0006269629229791462
poison/poismph/datapoismphseq/poisauth_mph_3e3a3689.csv,4,64,192,0,authentic,0.9991629719734192,0.0002138060372089967,5.576016701525077e-05,0.0005673814448527992
poison/poismph/datapoismphseq/poisauth_mph_3e3a3689.csv,5,80,208,0,authentic,0.9471839666366577,0.02681192010641098,0.01924029551446438,0.006763794459402561
poison/poismph/datapoismphseq/poisauth_mph_3e3a3689.csv,6,96,224,0,authentic,0.9887949228286743,0.007748212665319443,0.0027798733208328485,0.000677027739584446
poison/poismph/datapoismphseq/poisauth_mph_3e3a3689.csv,7,112,240,0,authentic,0.9929771423339844,0.002080232137814164,0.0007613194175064564,0.0041812714189291
poison/poismph/datapoismphseq/poisauth_mph_3e3a3689.csv,8,128,256,0,authentic,0.9710315465927124,0.0015199210029095411,0.0007299479912035167,0.02671864628791809
poison/poismph/datapoismphseq/poisauth_mph_3e3a3689.csv,9,144,272,0,authentic,0.8996860384941101,0.062359943985939026,0.034583937376737595,0.003370047314092517
poison/poismph/datapoismphseq/poisauth_mph_3e3a3689.csv,10,160,288,3,modified_position,0.29087141156196594,0.315865159034729,0.07096163928508759,0.32230183482170105
poison/poismph/datapoismphseq/poisauth_mph_3e3a3689.csv,11,176,304,0,authentic,0.990893542766571,0.007314753253012896,0.00137048726901412,0.00042121222941204906
poison/poismph/datapoismphseq/poisauth_mph_3e3a3689.csv,12,192,320,0,authentic,0.9973960518836975,0.0019210310420021415,0.00030547191272489727,0.00037752397474832833
poison/poismph/datapoismphseq/poisauth_mph_3e3a3689.csv,13,208,336,0,authentic,0.9464031457901001,0.04015300050377846,0.012525415979325771,0.0009184145019389689
poison/poismph/datapoismphseq/poisauth_mph_3e3a3689.csv,14,224,352,0,authentic,0.9922171831130981,0.006217600777745247,0.0012937409337610006,0.00027145567582920194
poison/poismph/datapoismphseq/poisauth_mph_3e3a3689.csv,15,240,368,0,authentic,0.9991124272346497,0.0005929593462496996,7.509714487241581e-05,0.00021945901971776038
poison/poismph/datapoismphseq/poisauth_mph_3e3a3689.csv,16,256,384,0,authentic,0.9983029365539551,0.000847380724735558,0.00016822801262605935,0.000681527832057327
poison/poismph/datapoismphseq/poisauth_mph_3e3a3689.csv,17,272,400,0,authentic,0.9988133907318115,0.0005512786447070539,0.00013162274262867868,0.0005037341616116464
poison/poismph/datapoismphseq/poisauth_mph_3e3a8fd0.csv,0,0,128,0,authentic,0.9994247555732727,4.5913835492683575e-05,7.058023129502544e-06,0.000522310147061944
poison/poismph/datapoismphseq/poisauth_mph_3e3a8fd0.csv,1,16,144,0,authentic,0.9904958605766296,0.0017809458076953888,0.0006992718554101884,0.007023924961686134
poison/poismph/datapoismphseq/poisauth_mph_3e3a8fd0.csv,2,32,160,0,authentic,0.8003745675086975,0.11580374836921692,0.062397558242082596,0.02142408676445484
poison/poismph/datapoismphseq/poisauth_mph_3e3a8fd0.csv,3,48,176,0,authentic,0.96800297498703,0.020228983834385872,0.006143593229353428,0.005624531302601099
poison/poismph/datapoismphseq/poisauth_mph_3e3a8fd0.csv,4,64,192,0,authentic,0.995587170124054,0.00286175892688334,0.0007909511914476752,0.0007601419929414988
poison/poismph/datapoismphseq/poisauth_mph_3e3a8fd0.csv,5,80,208,0,authentic,0.9707983732223511,0.020519647747278214,0.005547623615711927,0.0031342506408691406
poison/poismph/datapoismphseq/poisauth_mph_3e3a8fd0.csv,6,96,224,0,authentic,0.9943004846572876,0.0034826919436454773,0.0009572769049555063,0.0012596031883731484
poison/poismph/datapoismphseq/poisauth_mph_3e3a8fd0.csv,7,112,240,0,authentic,0.9570615887641907,0.022804995998740196,0.010406970977783203,0.009726524353027344
poison/poismph/datapoismphseq/poisauth_mph_3e3d86b8.csv,0,0,128,0,authentic,0.9996020197868347,5.141046494827606e-05,1.1351326065778267e-06,0.0003454976831562817
poison/poismph/datapoismphseq/poisauth_mph_3e3d86b8.csv,1,16,144,0,authentic,0.9986642599105835,0.0002569694188423455,9.740644600242376e-06,0.0010690836934372783
poison/poismph/datapoismphseq/poisauth_mph_3e3d86b8.csv,2,32,160,0,authentic,0.9364778995513916,0.036492910236120224,0.019350610673427582,0.007678535301238298
poison/poismph/datapoismphseq/poisauth_mph_3e3d86b8.csv,3,48,176,0,authentic,0.9689404368400574,0.017374953255057335,0.008043583482503891,0.005640934221446514
poison/poismph/datapoismphseq/poisauth_mph_3e3d86b8.csv,4,64,192,0,authentic,0.7686678171157837,0.13126128911972046,0.05747608840465546,0.042594730854034424
poison/poismph/datapoismphseq/poisauth_mph_3e3d86b8.csv,5,80,208,0,authentic,0.7712128758430481,0.10319019109010696,0.02162269316613674,0.10397427529096603
poison/poismph/datapoismphseq/poisauth_mph_3e3d86b8.csv,6,96,224,0,authentic,0.7029466032981873,0.2075222283601761,0.07742590457201004,0.012105192057788372
poison/poismph/datapoismphseq/poisauth_mph_3e3d86b8.csv,7,112,240,0,authentic,0.6413373351097107,0.22082950174808502,0.1138307973742485,0.024002423509955406
poison/poismph/datapoismphseq/poisauth_mph_3e4459f6.csv,0,0,128,0,authentic,0.9686633348464966,0.015269159339368343,0.010287557728588581,0.005779950879514217
poison/poismph/datapoismphseq/poisauth_mph_3e4459f6.csv,1,16,144,0,authentic,0.9992950558662415,4.191903644823469e-05,8.766276550886687e-06,0.0006542564369738102
poison/poismph/datapoismphseq/poisauth_mph_3e4459f6.csv,2,32,160,0,authentic,0.9951674342155457,0.0004066387773491442,9.055245027411729e-05,0.00433526374399662
poison/poismph/datapoismphseq/poisauth_mph_3e4459f6.csv,3,48,176,0,authentic,0.9866105318069458,0.003393921535462141,0.000631560746114701,0.00936391856521368
poison/poismph/datapoismphseq/poisauth_mph_3e4459f6.csv,4,64,192,0,authentic,0.9989914298057556,6.771514017600566e-05,1.373949180560885e-05,0.000927048793528229
poison/poismph/datapoismphseq/poisauth_mph_3e4459f6.csv,5,80,208,0,authentic,0.9982007741928101,0.00028781796572729945,7.515881588915363e-05,0.0014361360808834434
poison/poismph/datapoismphseq/poisauth_mph_3e4459f6.csv,6,96,224,0,authentic,0.9869484901428223,0.0027077598497271538,0.0002962210855912417,0.010047518648207188
poison/poismph/datapoismphseq/poisauth_mph_3e4459f6.csv,7,112,240,0,authentic,0.9802491664886475,0.010592512786388397,0.00526475952938199,0.0038934743497520685
poison/poismph/datapoismphseq/poisauth_mph_3e44d6af.csv,0,0,128,0,authentic,0.9997279047966003,1.5413581422762945e-05,2.3957898065418703e-06,0.0002542771690059453
poison/poismph/datapoismphseq/poisauth_mph_3e44d6af.csv,1,16,144,0,authentic,0.9819737076759338,0.010421054437756538,0.006586180534213781,0.0010189611930400133
poison/poismph/datapoismphseq/poisauth_mph_3e44d6af.csv,2,32,160,0,authentic,0.9714412093162537,0.019085541367530823,0.008177394047379494,0.0012959170853719115
poison/poismph/datapoismphseq/poisauth_mph_3e44d6af.csv,3,48,176,0,authentic,0.9867467284202576,0.007883463054895401,0.003917511086910963,0.001452233991585672
poison/poismph/datapoismphseq/poisauth_mph_3e44d6af.csv,4,64,192,0,authentic,0.9919680953025818,0.004667924717068672,0.0014460583915933967,0.0019179170485585928
poison/poismph/datapoismphseq/poisauth_mph_3e44d6af.csv,5,80,208,0,authentic,0.9901485443115234,0.005347908474504948,0.001586860977113247,0.0029166473541408777
poison/poismph/datapoismphseq/poisauth_mph_3e44f206.csv,0,0,128,0,authentic,0.9996916055679321,0.0001492248848080635,1.9632148905657232e-05,0.00013956218026578426
poison/poismph/datapoismphseq/poisauth_mph_3e44f206.csv,1,16,144,0,authentic,0.9536359906196594,0.028297780081629753,0.016158096492290497,0.0019081586506217718
poison/poismph/datapoismphseq/poisauth_mph_3e44f206.csv,2,32,160,0,authentic,0.9703805446624756,0.01728864386677742,0.00825558416545391,0.004075260832905769
poison/poismph/datapoismphseq/poisauth_mph_3e44f206.csv,3,48,176,0,authentic,0.8253315687179565,0.10716428607702255,0.0668259784579277,0.0006781912525184453
poison/poismph/datapoismphseq/poisauth_mph_3e47f111.csv,0,0,128,0,authentic,0.9634463787078857,0.00748214777559042,0.0023441181983798742,0.026727354153990746
poison/poismph/datapoismphseq/poisauth_mph_3e47f111.csv,1,16,144,0,authentic,0.9960204362869263,0.0006941241445019841,9.706713171908632e-05,0.0031882927287369967
poison/poismph/datapoismphseq/poisauth_mph_3e47f111.csv,2,32,160,0,authentic,0.5986378192901611,0.3331066071987152,0.03904008865356445,0.02921542525291443
poison/poismph/datapoismphseq/poisauth_mph_3e47f111.csv,3,48,176,0,authentic,0.8338412046432495,0.05605112388730049,0.0023274661507457495,0.10778025537729263
poison/poismph/datapoismphseq/poisauth_mph_3e47f111.csv,4,64,192,0,authentic,0.9227700233459473,0.04057879000902176,0.00996892899274826,0.026682283729314804
poison/poismph/datapoismphseq/poisauth_mph_3e47f111.csv,5,80,208,0,authentic,0.9891842603683472,0.005431541707366705,0.0006984108476899564,0.004685770720243454
poison/poismph/datapoismphseq/poisauth_mph_3e488bea.csv,0,0,128,0,authentic,0.9602983593940735,0.011589474976062775,0.004522053524851799,0.023590220138430595
poison/poismph/datapoismphseq/poisauth_mph_3e488bea.csv,1,16,144,0,authentic,0.7839607000350952,0.09843625873327255,0.09362396597862244,0.02397911436855793
poison/poismph/datapoismphseq/poisauth_mph_3e488bea.csv,2,32,160,0,authentic,0.939382016658783,0.04048025980591774,0.014580128714442253,0.005557612981647253
poison/poismph/datapoismphseq/poisauth_mph_3e488bea.csv,3,48,176,0,authentic,0.8806800246238708,0.08031947910785675,0.012922868132591248,0.026077676564455032
poison/poismph/datapoismphseq/poisauth_mph_3e488bea.csv,4,64,192,0,authentic,0.9570449590682983,0.025958487764000893,0.006876382511109114,0.010120147839188576
poison/poismph/datapoismphseq/poisauth_mph_3e4c00ce.csv,0,0,128,0,authentic,0.9999218583106995,3.126547017018311e-05,6.479267540271394e-06,4.045049354317598e-05
poison/poismph/datapoismphseq/poisauth_mph_3e4c00ce.csv,1,16,144,0,authentic,0.8824954628944397,0.02490566298365593,0.031760625541210175,0.06083817034959793
poison/poismph/datapoismphseq/poisauth_mph_3e4c00ce.csv,2,32,160,0,authentic,0.99314284324646,0.0014239692827686667,0.00020429764117579907,0.005228872410953045
poison/poismph/datapoismphseq/poisauth_mph_3e4c00ce.csv,3,48,176,0,authentic,0.9717299938201904,0.019347824156284332,0.005930284969508648,0.002991905901581049
poison/poismph/datapoismphseq/poisauth_mph_3e4c00ce.csv,4,64,192,0,authentic,0.9154844880104065,0.048196930438280106,0.030128130689263344,0.006190408952534199
poison/poismph/datapoismphseq/poisauth_mph_3e4c8398.csv,0,0,128,0,authentic,0.8800083994865417,0.009856678545475006,0.003803601488471031,0.10633131861686707
poison/poismph/datapoismphseq/poisauth_mph_3e4c8398.csv,1,16,144,0,authentic,0.981996476650238,0.001190950395539403,0.00034480917383916676,0.016467701643705368
poison/poismph/datapoismphseq/poisauth_mph_3e4c8398.csv,2,32,160,0,authentic,0.7502539753913879,0.03638030216097832,0.004694349132478237,0.2086714506149292
poison/poismph/datapoismphseq/poisauth_mph_3e4c8398.csv,3,48,176,0,authentic,0.9433249831199646,0.03438330069184303,0.003931156359612942,0.018360547721385956
poison/poismph/datapoismphseq/poisauth_mph_3e4c8398.csv,4,64,192,0,authentic,0.7131797671318054,0.11404024809598923,0.0063036344945430756,0.16647650301456451
poison/poismph/datapoismphseq/poisauth_mph_3e4c8398.csv,5,80,208,0,authentic,0.8122314214706421,0.07194480299949646,0.007466618902981281,0.1083570271730423
poison/poismph/datapoismphseq/poisauth_mph_3e4c8398.csv,6,96,224,0,authentic,0.779699981212616,0.1419580727815628,0.030730675905942917,0.04761131480336189
poison/poismph/datapoismphseq/poisauth_mph_3e4c8398.csv,7,112,240,0,authentic,0.5466963052749634,0.21656940877437592,0.2164841741323471,0.020250139757990837
poison/poismph/datapoismphseq/poisauth_mph_3e4c8398.csv,8,128,256,0,authentic,0.9328338503837585,0.03318987041711807,0.015214774757623672,0.01876159757375717
poison/poismph/datapoismphseq/poisauth_mph_3e500481.csv,0,0,128,0,authentic,0.47079306840896606,0.2553718090057373,0.25475141406059265,0.019083665683865547
poison/poismph/datapoismphseq/poisauth_mph_3e500481.csv,1,16,144,0,authentic,0.9257482886314392,0.04489735886454582,0.02550518698990345,0.0038492644671350718
poison/poismph/datapoismphseq/poisauth_mph_3e500481.csv,2,32,160,0,authentic,0.9973199367523193,0.001850290223956108,0.00045486108865588903,0.00037483801133930683
poison/poismph/datapoismphseq/poisauth_mph_3e500481.csv,3,48,176,2,modified_speed,0.31436842679977417,0.2945212721824646,0.38796642422676086,0.0031438274309039116
poison/poismph/datapoismphseq/poisauth_mph_3e500481.csv,4,64,192,0,authentic,0.9604347348213196,0.02243155799806118,0.015213794074952602,0.0019198994850739837
poison/poismph/datapoismphseq/poisauth_mph_3e500481.csv,5,80,208,0,authentic,0.9309609532356262,0.03915942460298538,0.027441853657364845,0.0024377082008868456
poison/poismph/datapoismphseq/poisauth_mph_3e500481.csv,6,96,224,0,authentic,0.9353565573692322,0.02841847948729992,0.022487301379442215,0.01373767014592886
poison/poismph/datapoismphseq/poisauth_mph_3e500481.csv,7,112,240,0,authentic,0.988569438457489,0.0031225024722516537,0.0006323079578578472,0.007675716653466225
poison/poismph/datapoismphseq/poisauth_mph_3e503efe.csv,0,0,128,0,authentic,0.9943549036979675,0.001998762134462595,0.0006544367060996592,0.002991855377331376
poison/poismph/datapoismphseq/poisauth_mph_3e503efe.csv,1,16,144,0,authentic,0.998909592628479,0.0003065265773329884,9.451813821215183e-05,0.0006894161342643201
poison/poismph/datapoismphseq/poisauth_mph_3e503efe.csv,2,32,160,0,authentic,0.9901107549667358,0.002843210706487298,0.00170696631539613,0.005339120514690876
poison/poismph/datapoismphseq/poisauth_mph_3e503efe.csv,3,48,176,0,authentic,0.8916735053062439,0.04372032359242439,0.043055806308984756,0.02155032381415367
poison/poismph/datapoismphseq/poisauth_mph_3e503efe.csv,4,64,192,0,authentic,0.9888323545455933,0.00519999023526907,0.002345599001273513,0.0036220343317836523
poison/poismph/datapoismphseq/poisauth_mph_3e503efe.csv,5,80,208,0,authentic,0.8984723091125488,0.05065871775150299,0.027003580704331398,0.02386547066271305
poison/poismph/datapoismphseq/poisauth_mph_3e503efe.csv,6,96,224,0,authentic,0.9986664056777954,0.0008589319186285138,0.00018021634605247527,0.00029440352227538824
poison/poismph/datapoismphseq/poisauth_mph_3e543f08.csv,0,0,128,0,authentic,0.9893906712532043,0.006122660357505083,0.0034495783038437366,0.0010371172102168202
poison/poismph/datapoismphseq/poisauth_mph_3e543f08.csv,1,16,144,0,authentic,0.9968701601028442,0.0011152151273563504,0.0004120568628422916,0.0016026005614548922
poison/poismph/datapoismphseq/poisauth_mph_3e543f08.csv,2,32,160,0,authentic,0.9408838152885437,0.03015895187854767,0.015675414353609085,0.013281970284879208
poison/poismph/datapoismphseq/poisauth_mph_3e543f08.csv,3,48,176,0,authentic,0.8737220168113708,0.09422465413808823,0.01894609071314335,0.013107255101203918
poison/poismph/datapoismphseq/poisauth_mph_3e543f08.csv,4,64,192,0,authentic,0.9999608993530273,2.953615694423206e-05,1.507941419731651e-06,7.995555279194377e-06
poison/poismph/datapoismphseq/poisauth_mph_3e57a9b1.csv,0,0,128,0,authentic,0.9986729025840759,4.9898768338607624e-05,1.392781086906325e-05,0.0012632596772164106
poison/poismph/datapoismphseq/poisauth_mph_3e57a9b1.csv,1,16,144,0,authentic,0.9985984563827515,0.0008667078800499439,0.0003114437568001449,0.00022341949807014316
poison/poismph/datapoismphseq/poisauth_mph_3e57a9b1.csv,2,32,160,0,authentic,0.9981741905212402,0.0011334653245285153,0.00042586750350892544,0.00026647336198948324
poison/poismph/datapoismphseq/poisauth_mph_3e57a9b1.csv,3,48,176,0,authentic,0.9981431365013123,0.0008555497624911368,0.0004191480402369052,0.0005821927916258574
poison/poismph/datapoismphseq/poisauth_mph_3e57a9b1.csv,4,64,192,0,authentic,0.9940181970596313,0.0035549441818147898,0.0008810952422209084,0.001545795239508152
poison/poismph/datapoismphseq/poisauth_mph_3e57a9b1.csv,5,80,208,0,authentic,0.9877196550369263,0.008413502015173435,0.0032776447478681803,0.0005892503540962934
poison/poismph/datapoismphseq/poisauth_mph_3e5e15b4.csv,0,0,128,0,authentic,0.9981069564819336,0.0002480096882209182,6.336861406452954e-05,0.0015817583771422505
poison/poismph/datapoismphseq/poisauth_mph_3e5e15b4.csv,1,16,144,0,authentic,0.9918426275253296,0.001151004689745605,0.00040730746695771813,0.006598997861146927
poison/poismph/datapoismphseq/poisauth_mph_3e5e15b4.csv,2,32,160,0,authentic,0.9315216541290283,0.03443107008934021,0.021755803376436234,0.012291454710066319
poison/poismph/datapoismphseq/poisauth_mph_3e5e15b4.csv,3,48,176,0,authentic,0.9703519344329834,0.019304879009723663,0.0015709074214100838,0.008772244676947594
poison/poismph/datapoismphseq/poisauth_mph_3e5e15b4.csv,4,64,192,0,authentic,0.8951539397239685,0.07561787962913513,0.019900135695934296,0.009328082203865051
poison/poismph/datapoismphseq/poisauth_mph_3e5e15b4.csv,5,80,208,0,authentic,0.8349031209945679,0.1130693182349205,0.033738862723112106,0.018288714811205864
poison/poismph/datapoismphseq/poisauth_mph_3e5e15b4.csv,6,96,224,0,authentic,0.9384627342224121,0.04117260128259659,0.017372868955135345,0.00299182184971869
poison/poismph/datapoismphseq/poisauth_mph_3e5e15b4.csv,7,112,240,1,modified_altitude,0.1667632907629013,0.45636701583862305,0.37685105204582214,1.8709695723373443e-05
poison/poismph/datapoismphseq/poisauth_mph_3e5ea18c.csv,0,0,128,0,authentic,0.8231089115142822,0.06223200634121895,0.022335831075906754,0.09232334047555923
poison/poismph/datapoismphseq/poisauth_mph_3e5ea18c.csv,1,16,144,2,modified_speed,0.3570459187030792,0.2351706176996231,0.3759481906890869,0.03183526173233986
poison/poismph/datapoismphseq/poisauth_mph_3e5ea18c.csv,2,32,160,0,authentic,0.9891987442970276,0.008126415312290192,0.0020591451320797205,0.0006157134776003659
poison/poismph/datapoismphseq/poisauth_mph_3e5ea18c.csv,3,48,176,0,authentic,0.9371594190597534,0.03743948042392731,0.01072120200842619,0.014679930172860622
poison/poismph/datapoismphseq/poisauth_mph_3e5ea18c.csv,4,64,192,0,authentic,0.9678077101707458,0.016611557453870773,0.003980710171163082,0.011600054800510406
poison/poismph/datapoismphseq/poisauth_mph_3e5ea18c.csv,5,80,208,0,authentic,0.9401798248291016,0.042916927486658096,0.011295496486127377,0.005607728846371174
poison/poismph/datapoismphseq/poisauth_mph_3e61b514.csv,0,0,128,0,authentic,0.9994485378265381,0.0002462419797666371,5.929583130637184e-05,0.0002459080424159765
poison/poismph/datapoismphseq/poisauth_mph_3e61b514.csv,1,16,144,0,authentic,0.9994001388549805,0.0002223972842330113,8.533545769751072e-05,0.0002921130508184433
poison/poismph/datapoismphseq/poisauth_mph_3e61b514.csv,2,32,160,0,authentic,0.9991787075996399,0.0005095856613479555,0.00017955618386622518,0.00013218334061093628
poison/poismph/datapoismphseq/poisauth_mph_3e61b514.csv,3,48,176,0,authentic,0.9985784888267517,0.0007630088948644698,0.0002641208120621741,0.0003942838229704648
poison/poismph/datapoismphseq/poisauth_mph_3e61b514.csv,4,64,192,0,authentic,0.9949908256530762,0.0028221490792930126,0.0011203770991414785,0.001066701952368021
poison/poismph/datapoismphseq/poisauth_mph_3e61b514.csv,5,80,208,0,authentic,0.9585649967193604,0.027298465371131897,0.013698620721697807,0.0004378642770461738
poison/poismph/datapoismphseq/poisauth_mph_3e61b514.csv,6,96,224,0,authentic,0.8552646636962891,0.09428542852401733,0.04844680801033974,0.002003216650336981
poison/poismph/datapoismphseq/poisauth_mph_3e61b514.csv,7,112,240,0,authentic,0.9522096514701843,0.031228793784976006,0.0048783826641738415,0.01168313343077898
poison/poismph/datapoismphseq/poisauth_mph_3e61b514.csv,8,128,256,0,authentic,0.9977295994758606,0.00041543805855326355,7.714055391261354e-05,0.0017778099281713367
poison/poismph/datapoismphseq/poisauth_mph_3e61de69.csv,0,0,128,0,authentic,0.9115914702415466,0.04543444514274597,0.03816034272313118,0.004813664127141237
poison/poismph/datapoismphseq/poisauth_mph_3e61de69.csv,1,16,144,0,authentic,0.99921715259552,9.66398511081934e-05,1.162033458967926e-05,0.0006745603168383241
poison/poismph/datapoismphseq/poisauth_mph_3e61de69.csv,2,32,160,0,authentic,0.9934452772140503,0.0006787754828110337,5.973306906525977e-05,0.005816173739731312
poison/poismph/datapoismphseq/poisauth_mph_3e61de69.csv,3,48,176,0,authentic,0.9686946272850037,0.006626875139772892,0.0009528713417239487,0.02372558042407036
poison/poismph/datapoismphseq/poisauth_mph_3e61de69.csv,4,64,192,0,authentic,0.9670586585998535,0.017637884244322777,0.0030785331036895514,0.012224993668496609
poison/poismph/datapoismphseq/poisauth_mph_3e61de69.csv,5,80,208,0,authentic,0.997134804725647,0.0013614288764074445,0.00033111998345702887,0.0011726533994078636
poison/poismph/datapoismphseq/poisauth_mph_3e622608.csv,0,0,128,0,authentic,0.9332912564277649,0.03497913479804993,0.02525440789759159,0.006475282832980156
poison/poismph/datapoismphseq/poisauth_mph_3e622608.csv,1,16,144,0,authentic,0.9536283612251282,0.02970721200108528,0.015758821740746498,0.0009056146955117583
poison/poismph/datapoismphseq/poisauth_mph_3e622608.csv,2,32,160,0,authentic,0.9773511290550232,0.005142129026353359,0.0005886709550395608,0.016917981207370758
poison/poismph/datapoismphseq/poisauth_mph_3e622608.csv,3,48,176,0,authentic,0.9586217403411865,0.011766349896788597,0.0031635966151952744,0.026448357850313187
poison/poismph/datapoismphseq/poisauth_mph_3e656a7d.csv,0,0,128,0,authentic,0.9099321961402893,0.044427499175071716,0.017479250207543373,0.02816108427941799
poison/poismph/datapoismphseq/poisauth_mph_3e656a7d.csv,1,16,144,0,authentic,0.9891209602355957,0.004766701254993677,0.000971550471149385,0.005140849854797125
poison/poismph/datapoismphseq/poisauth_mph_3e656a7d.csv,2,32,160,0,authentic,0.9683889150619507,0.022451303899288177,0.007883764803409576,0.0012760061072185636
poison/poismph/datapoismphseq/poisauth_mph_3e656a7d.csv,3,48,176,0,authentic,0.8655397295951843,0.07130927592515945,0.06256173551082611,0.0005893012857995927
poison/poismph/datapoismphseq/poisauth_mph_3e656a7d.csv,4,64,192,0,authentic,0.9663019180297852,0.021998871117830276,0.011070520617067814,0.0006287051946856081
poison/poismph/datapoismphseq/poisauth_mph_3e696d81.csv,0,0,128,0,authentic,0.957266628742218,0.004787280224263668,0.0031788365449756384,0.034767307341098785
poison/poismph/datapoismphseq/poisauth_mph_3e696d81.csv,1,16,144,0,authentic,0.9726109504699707,0.0040451702661812305,0.0005630057421512902,0.022780900821089745
poison/poismph/datapoismphseq/poisauth_mph_3e696d81.csv,2,32,160,0,authentic,0.6430847644805908,0.26979219913482666,0.022120701149106026,0.06500229984521866
poison/poismph/datapoismphseq/poisauth_mph_3e696d81.csv,3,48,176,0,authentic,0.8521268367767334,0.09987088292837143,0.034063950181007385,0.01393827609717846
poison/poismph/datapoismphseq/poisauth_mph_3e696d81.csv,4,64,192,0,authentic,0.6736086010932922,0.2575762867927551,0.05109767988324165,0.017717454582452774
poison/poismph/datapoismphseq/poisauth_mph_3e6caa8e.csv,0,0,128,0,authentic,0.9910513758659363,0.005237191915512085,0.002246083924546838,0.0014653712278231978
poison/poismph/datapoismphseq/poisauth_mph_3e6caa8e.csv,1,16,144,0,authentic,0.9944124817848206,0.0010118316859006882,0.0004936865880154073,0.004081949591636658
poison/poismph/datapoismphseq/poisauth_mph_3e6caa8e.csv,2,32,160,0,authentic,0.9841521382331848,0.004006701055914164,0.0022252178750932217,0.009615913033485413
poison/poismph/datapoismphseq/poisauth_mph_3e6caa8e.csv,3,48,176,0,authentic,0.98524409532547,0.007544329389929771,0.003112886566668749,0.004098846111446619
poison/poismph/datapoismphseq/poisauth_mph_3e6caa8e.csv,4,64,192,0,authentic,0.9626222848892212,0.01984669826924801,0.002409842098131776,0.015121112577617168
poison/poismph/datapoismphseq/poisauth_mph_3e6caa8e.csv,5,80,208,0,authentic,0.7467710971832275,0.052128102630376816,0.0045042457059025764,0.19659651815891266
poison/poismph/datapoismphseq/poisauth_mph_3e6caa8e.csv,6,96,224,0,authentic,0.7775817513465881,0.027224773541092873,0.0018342399271205068,0.19335933029651642
poison/poismph/datapoismphseq/poisauth_mph_3e6caa8e.csv,7,112,240,0,authentic,0.9950144290924072,0.0010439058532938361,0.00014015487977303565,0.0038015751633793116
poison/poismph/datapoismphseq/poisauth_mph_3e73fb1c.csv,0,0,128,0,authentic,0.7475206851959229,0.1669776439666748,0.0827164500951767,0.0027851383201777935
poison/poismph/datapoismphseq/poisauth_mph_3e73fb1c.csv,1,16,144,0,authentic,0.9911465048789978,0.0031263669952750206,0.0007952841115184128,0.004931892268359661
poison/poismph/datapoismphseq/poisauth_mph_3e73fb1c.csv,2,32,160,0,authentic,0.9986453056335449,0.0001712899247650057,2.1986543288221583e-05,0.001161361811682582
poison/poismph/datapoismphseq/poisauth_mph_3e73fb1c.csv,3,48,176,0,authentic,0.99836266040802,0.0007754251128062606,7.114272011676803e-05,0.0007908461266197264
poison/poismph/datapoismphseq/poisauth_mph_3e73fb1c.csv,4,64,192,0,authentic,0.9855734705924988,0.007736039347946644,0.0014050542376935482,0.005285415332764387
poison/poismph/datapoismphseq/poisauth_mph_3e73fb1c.csv,5,80,208,0,authentic,0.997031569480896,0.0009903934551402926,0.0001260772260138765,0.0018519475124776363
poison/poismph/datapoismphseq/poisauth_mph_3e73fb1c.csv,6,96,224,0,authentic,0.9471054077148438,0.014461423270404339,0.004009225871413946,0.034424036741256714
poison/poismph/datapoismphseq/poisauth_mph_3e743eea.csv,0,0,128,0,authentic,0.9768502116203308,0.0059599182568490505,0.0029234213288873434,0.014266517013311386
poison/poismph/datapoismphseq/poisauth_mph_3e743eea.csv,1,16,144,0,authentic,0.9963904023170471,0.0011025886051356792,0.00045288505498319864,0.002054101089015603
poison/poismph/datapoismphseq/poisauth_mph_3e743eea.csv,2,32,160,0,authentic,0.9792124629020691,0.012668143957853317,0.007020823657512665,0.0010985358385369182
poison/poismph/datapoismphseq/poisauth_mph_3e743eea.csv,3,48,176,0,authentic,0.9836164712905884,0.010418145917356014,0.0023279469460248947,0.0036374866031110287
poison/poismph/datapoismphseq/poisauth_mph_3e77a028.csv,0,0,128,0,authentic,0.999199390411377,5.553129449253902e-05,9.123456948145758e-06,0.0007359133451245725
poison/poismph/datapoismphseq/poisauth_mph_3e77a028.csv,1,16,144,0,authentic,0.973171055316925,0.010812186636030674,0.006273866631090641,0.0097427973523736
poison/poismph/datapoismphseq/poisauth_mph_3e77a028.csv,2,32,160,0,authentic,0.9210857152938843,0.03427928686141968,0.02187230996787548,0.02276262268424034
poison/poismph/datapoismphseq/poisauth_mph_3e77a028.csv,3,48,176,0,authentic,0.9099216461181641,0.0410032719373703,0.0404389351606369,0.008636051788926125
poison/poismph/datapoismphseq/poisauth_mph_3e77f289.csv,0,0,128,1,modified_altitude,0.19598175585269928,0.46671101450920105,0.0018618566682562232,0.33544525504112244
poison/poismph/datapoismphseq/poisauth_mph_3e77f289.csv,1,16,144,0,authentic,0.49081483483314514,0.4590722322463989,0.0023374431766569614,0.04777538403868675
poison/poismph/datapoismphseq/poisauth_mph_3e77f289.csv,2,32,160,0,authentic,0.836276650428772,0.13151933252811432,0.00042632207623682916,0.031777795404195786
poison/poismph/datapoismphseq/poisauth_mph_3e77f289.csv,3,48,176,1,modified_altitude,0.02887674979865551,0.9685665369033813,0.0005116577376611531,0.002045142464339733
poison/poismph/datapoismphseq/poisauth_mph_3e77f289.csv,4,64,192,0,authentic,0.8342193961143494,0.134122833609581,0.02508733794093132,0.006570378318428993
poison/poismph/datapoismphseq/poisauth_mph_3e7b8676.csv,0,0,128,0,authentic,0.9274802803993225,0.026094065979123116,0.02008017711341381,0.02634556032717228
poison/poismph/datapoismphseq/poisauth_mph_3e7b8676.csv,1,16,144,0,authentic,0.9211627840995789,0.05867711454629898,0.01342601329088211,0.006734008900821209
poison/poismph/datapoismphseq/poisauth_mph_3e7b8676.csv,2,32,160,0,authentic,0.7911504507064819,0.14106734097003937,0.05753043293952942,0.010251753963530064
poison/poismph/datapoismphseq/poisauth_mph_3e7b8676.csv,3,48,176,0,authentic,0.9262229204177856,0.02575114369392395,0.006221836432814598,0.04180409386754036
poison/poismph/datapoismphseq/poisauth_mph_3e7b8676.csv,4,64,192,1,modified_altitude,0.36148062348365784,0.5776047706604004,0.04032605141401291,0.020588533952832222
poison/poismph/datapoismphseq/poisauth_mph_3e7b8fcb.csv,0,0,128,0,authentic,0.9974117279052734,0.0010236058151349425,0.000302773027215153,0.0012618580367416143
poison/poismph/datapoismphseq/poisauth_mph_3e7b8fcb.csv,1,16,144,0,authentic,0.9465158581733704,0.03262975066900253,0.019102811813354492,0.0017515479121357203
poison/poismph/datapoismphseq/poisauth_mph_3e7b8fcb.csv,2,32,160,0,authentic,0.9678877592086792,0.019620491191744804,0.008876396343111992,0.0036155045963823795
poison/poismph/datapoismphseq/poisauth_mph_3e7b8fcb.csv,3,48,176,0,authentic,0.9973596334457397,0.0007400520262308419,0.00021801960247103125,0.001682407222688198
poison/poismph/datapoismphseq/poisauth_mph_3e7b8fcb.csv,4,64,192,0,authentic,0.995396077632904,0.003605016740038991,0.0004915896570309997,0.0005073276115581393
poison/poismph/datapoismphseq/poisauth_mph_3e7b8fcb.csv,5,80,208,0,authentic,0.9977076053619385,0.0017725853249430656,0.00034110646811313927,0.00017868686700239778
poison/poismph/datapoismphseq/poisauth_mph_3e7b9bb4.csv,0,0,128,0,authentic,0.9999017119407654,2.829846562235616e-05,2.0728600702568656e-06,6.801357085350901e-05
poison/poismph/datapoismphseq/poisauth_mph_3e7b9bb4.csv,1,16,144,0,authentic,0.9921675324440002,0.004640957806259394,0.0021354525815695524,0.001055945293046534
poison/poismph/datapoismphseq/poisauth_mph_3e7b9bb4.csv,2,32,160,0,authentic,0.9972498416900635,0.001283777761273086,0.0005714028957299888,0.0008950587944127619
poison/poismph/datapoismphseq/poisauth_mph_3e7b9bb4.csv,3,48,176,0,authentic,0.9828187823295593,0.011794336140155792,0.004191468469798565,0.001195308635942638
poison/poismph/datapoismphseq/poisauth_mph_3e7b9bb4.csv,4,64,192,0,authentic,0.8486542105674744,0.10839346796274185,0.04243558272719383,0.0005168080097064376
poison/poismph/datapoismphseq/poisauth_mph_3e7f3fd9.csv,0,0,128,0,authentic,0.9927949905395508,0.002022310858592391,0.0012701146770268679,0.003912724554538727
poison/poismph/datapoismphseq/poisauth_mph_3e7f3fd9.csv,1,16,144,0,authentic,0.9548056125640869,0.004295285325497389,0.005000683944672346,0.0358983650803566
poison/poismph/datapoismphseq/poisauth_mph_3e7f3fd9.csv,2,32,160,0,authentic,0.9472395777702332,0.020181873813271523,0.007003669161349535,0.025574859231710434
poison/poismph/datapoismphseq/poisauth_mph_3e7f3fd9.csv,3,48,176,0,authentic,0.974282443523407,0.018147416412830353,0.005500749219208956,0.00206932844594121
poison/poismph/datapoismphseq/poisauth_mph_3e7f3fd9.csv,4,64,192,0,authentic,0.9939735531806946,0.002962577622383833,0.0011486574076116085,0.0019151164451614022
poison/poismph/datapoismphseq/poisauth_mph_3e83ff63.csv,0,0,128,0,authentic,0.5013375282287598,0.3413982391357422,0.08270338922739029,0.07456088811159134
poison/poismph/datapoismphseq/poisauth_mph_3e83ff63.csv,1,16,144,0,authentic,0.8925197720527649,0.04281807318329811,0.037555940449237823,0.02710614539682865
poison/poismph/datapoismphseq/poisauth_mph_3e83ff63.csv,2,32,160,0,authentic,0.8439132571220398,0.11370197683572769,0.04143586382269859,0.0009489497751928866
poison/poismph/datapoismphseq/poisauth_mph_3e83ff63.csv,3,48,176,0,authentic,0.9859812259674072,0.01098288968205452,0.0025248494930565357,0.0005110962665639818
poison/poismph/datapoismphseq/poisauth_mph_3e881f6e.csv,0,0,128,0,authentic,0.807277500629425,0.15143240988254547,0.02267901413142681,0.018611177802085876
poison/poismph/datapoismphseq/poisauth_mph_3e881f6e.csv,1,16,144,1,modified_altitude,0.4539751708507538,0.4841104745864868,0.02752622589468956,0.03438813239336014
poison/poismph/datapoismphseq/poisauth_mph_3e881f6e.csv,2,32,160,0,authentic,0.8550129532814026,0.1036292016506195,0.009753245860338211,0.03160450980067253
poison/poismph/datapoismphseq/poisauth_mph_3e881f6e.csv,3,48,176,0,authentic,0.9999936819076538,2.9644783694493526e-07,9.862086147727211e-11,6.078780643292703e-06
poison/poismph/datapoismphseq/poisauth_mph_3e881f6e.csv,4,64,192,0,authentic,0.999996542930603,1.4683868698739388e-07,7.312188354813287e-11,3.32073136632971e-06
poison/poismph/datapoismphseq/poisauth_mph_3e9de1d5.csv,0,0,128,0,authentic,0.9884157776832581,0.003810024354606867,0.002305837580934167,0.005468327086418867
poison/poismph/datapoismphseq/poisauth_mph_3e9de1d5.csv,1,16,144,0,authentic,0.9995744228363037,3.173822915414348e-05,5.702226189896464e-06,0.0003882796154357493
poison/poismph/datapoismphseq/poisauth_mph_3e9de1d5.csv,2,32,160,0,authentic,0.9977937936782837,0.0006735467468388379,0.00025153139722533524,0.0012810947373509407
poison/poismph/datapoismphseq/poisauth_mph_3e9de1d5.csv,3,48,176,0,authentic,0.9682860970497131,0.016467519104480743,0.0074373516254127026,0.007809023838490248
poison/poismph/datapoismphseq/poisauth_mph_3e9de1d5.csv,4,64,192,0,authentic,0.990608811378479,0.0017644939944148064,0.0004500723152887076,0.007176606450229883
poison/poismph/datapoismphseq/poisauth_mph_3e9de1d5.csv,5,80,208,0,authentic,0.9084377884864807,0.04174426198005676,0.008207207545638084,0.04161077365279198
poison/poismph/datapoismphseq/poisauth_mph_3e9de1d5.csv,6,96,224,0,authentic,0.9137868881225586,0.037895843386650085,0.03793860226869583,0.010378625243902206
poison/poismph/datapoismphseq/poisauth_mph_3e9de1d5.csv,7,112,240,0,authentic,0.8726218938827515,0.04996336251497269,0.03335673362016678,0.044058024883270264
poison/poismph/datapoismphseq/poisauth_mph_3e9e281c.csv,0,0,128,0,authentic,0.9983620643615723,0.00011435311171226203,2.581282751634717e-05,0.001497817924246192
poison/poismph/datapoismphseq/poisauth_mph_3e9e281c.csv,1,16,144,0,authentic,0.9927427172660828,0.0014194280374795198,0.0005010981112718582,0.005336850881576538
poison/poismph/datapoismphseq/poisauth_mph_3e9e281c.csv,2,32,160,0,authentic,0.8157958984375,0.08343186229467392,0.019394081085920334,0.08137817680835724
poison/poismph/datapoismphseq/poisauth_mph_3e9e281c.csv,3,48,176,0,authentic,0.9236328601837158,0.027175987139344215,0.002204165095463395,0.046987004578113556
poison/poismph/datapoismphseq/poisauth_mph_3e9e281c.csv,4,64,192,0,authentic,0.4515925347805023,0.4047236740589142,0.1266658902168274,0.017017893493175507
poison/poismph/datapoismphseq/poisauth_mph_3e9e281c.csv,5,80,208,0,authentic,0.8813819885253906,0.07384363561868668,0.012521008960902691,0.03225332871079445
poison/poismph/datapoismphseq/poisauth_mph_3e9e281c.csv,6,96,224,0,authentic,0.9531655311584473,0.016289573162794113,0.002871523145586252,0.027673380449414253
poison/poismph/datapoismphseq/poisauth_mph_3e9e281c.csv,7,112,240,0,authentic,0.9872527718544006,0.006485997699201107,0.0015752536710351706,0.004686005413532257
poison/poismph/datapoismphseq/poisauth_mph_3e9e7954.csv,0,0,128,0,authentic,0.9995213747024536,3.617310358094983e-05,2.865180249500554e-06,0.00043958870810456574
poison/poismph/datapoismphseq/poisauth_mph_3e9e7954.csv,1,16,144,0,authentic,0.4103384017944336,0.24689704179763794,0.34054380655288696,0.002220727736130357
poison/poismph/datapoismphseq/poisauth_mph_3e9e7954.csv,2,32,160,0,authentic,0.986263632774353,0.007203310262411833,0.0035516968928277493,0.0029814578592777252
poison/poismph/datapoismphseq/poisauth_mph_3e9e7954.csv,3,48,176,0,authentic,0.8863592743873596,0.08994334936141968,0.012360259890556335,0.01133719366043806
poison/poismph/datapoismphseq/poisauth_mph_3e9e7954.csv,4,64,192,0,authentic,0.9565103054046631,0.03012303076684475,0.0059365080669522285,0.007430195342749357
poison/poismph/datapoismphseq/poisauth_mph_3e9e8545.csv,0,0,128,0,authentic,0.9979389309883118,0.0003241756930947304,5.335370224202052e-05,0.0016834806883707643
poison/poismph/datapoismphseq/poisauth_mph_3e9e8545.csv,1,16,144,0,authentic,0.9918931722640991,0.0021358393132686615,0.0007610009051859379,0.005209998227655888
poison/poismph/datapoismphseq/poisauth_mph_3e9e8545.csv,2,32,160,0,authentic,0.962752103805542,0.02347923442721367,0.005200790241360664,0.008567876182496548
poison/poismph/datapoismphseq/poisauth_mph_3e9e8545.csv,3,48,176,0,authentic,0.9700316786766052,0.01791713945567608,0.006494070868939161,0.005557115655392408
poison/poismph/datapoismphseq/poisauth_mph_3e9e8545.csv,4,64,192,0,authentic,0.9980304837226868,0.0008932727505452931,0.00012650334974750876,0.0009497102000750601
poison/poismph/datapoismphseq/poisauth_mph_3ea21b8b.csv,0,0,128,0,authentic,0.9990137815475464,0.00018392731726635247,7.102407107595354e-05,0.0007312464877031744
poison/poismph/datapoismphseq/poisauth_mph_3ea21b8b.csv,1,16,144,0,authentic,0.7364298105239868,0.07336780428886414,0.15928763151168823,0.030914753675460815
poison/poismph/datapoismphseq/poisauth_mph_3ea21b8b.csv,2,32,160,0,authentic,0.9090408086776733,0.03843885287642479,0.047180671244859695,0.0053395736031234264
poison/poismph/datapoismphseq/poisauth_mph_3ea21b8b.csv,3,48,176,0,authentic,0.7418549656867981,0.15780994296073914,0.09681667387485504,0.003518369048833847
poison/poismph/datapoismphseq/poisauth_mph_3ea21b8b.csv,4,64,192,0,authentic,0.9849628806114197,0.007157595362514257,0.004847007803618908,0.0030324526596814394
poison/poismph/datapoismphseq/poisauth_mph_3ea21b8b.csv,5,80,208,0,authentic,0.9856416583061218,0.005060549825429916,0.0019266426097601652,0.007371168117970228
poison/poismph/datapoismphseq/poisauth_mph_3ea21b8b.csv,6,96,224,0,authentic,0.998766303062439,0.0008205960039049387,7.171949982875958e-05,0.0003414045786485076
poison/poismph/datapoismphseq/poisauth_mph_3ea230f5.csv,0,0,128,0,authentic,0.9239171147346497,0.03101574443280697,0.009958943352103233,0.03510822728276253
poison/poismph/datapoismphseq/poisauth_mph_3ea230f5.csv,1,16,144,0,authentic,0.9351226687431335,0.017506781965494156,0.003140748478472233,0.0442299023270607
poison/poismph/datapoismphseq/poisauth_mph_3ea230f5.csv,2,32,160,0,authentic,0.8287255167961121,0.06141497194766998,0.005215666722506285,0.10464387387037277
poison/poismph/datapoismphseq/poisauth_mph_3ea230f5.csv,3,48,176,0,authentic,0.9820271730422974,0.005737180355936289,0.007254333235323429,0.0049813007935881615
poison/poismph/datapoismphseq/poisauth_mph_3ea230f5.csv,4,64,192,0,authentic,0.9881284832954407,0.005333703476935625,0.005890245083719492,0.000647519831545651
poison/poismph/datapoismphseq/poisauth_mph_3ea230f5.csv,5,80,208,0,authentic,0.7346959710121155,0.07985007017850876,0.18275107443332672,0.0027027823962271214
poison/poismph/datapoismphseq/poisauth_mph_3ea230f5.csv,6,96,224,0,authentic,0.7538866400718689,0.11338832229375839,0.11407320201396942,0.01865183562040329
poison/poismph/datapoismphseq/poisauth_mph_3ea230f5.csv,7,112,240,0,authentic,0.809553325176239,0.09645083546638489,0.07507958263158798,0.01891622506082058
poison/poismph/datapoismphseq/poisauth_mph_3ea230f5.csv,8,128,256,0,authentic,0.9758152365684509,0.014006363227963448,0.005905120633542538,0.004273135680705309
poison/poismph/datapoismphseq/poisauth_mph_3ea230f5.csv,9,144,272,0,authentic,0.7672109007835388,0.069383405148983,0.16314944624900818,0.00025631830794736743
poison/poismph/datapoismphseq/poisauth_mph_3ea230f5.csv,10,160,288,0,authentic,0.9031071662902832,0.03303489461541176,0.058163758367300034,0.005694217514246702
poison/poismph/datapoismphseq/poisauth_mph_3ea230f5.csv,11,176,304,0,authentic,0.9647663831710815,0.025931570678949356,0.009100917726755142,0.00020118984684813768
poison/poismph/datapoismphseq/poisauth_mph_3ea230f5.csv,12,192,320,0,authentic,0.9998726844787598,9.779930405784398e-05,5.233983301877743e-06,2.426157152513042e-05
poison/poismph/datapoismphseq/poisauth_mph_3ea230f5.csv,13,208,336,0,authentic,0.9343161582946777,0.04527192562818527,0.019901299849152565,0.0005106300814077258
poison/poismph/datapoismphseq/poisauth_mph_3ea230f5.csv,14,224,352,0,authentic,0.9168844819068909,0.050805989652872086,0.0024319288786500692,0.029877550899982452
poison/poismph/datapoismphseq/poisauth_mph_3ea262ed.csv,0,0,128,0,authentic,0.9982331991195679,0.0012198404874652624,0.0002643920888658613,0.00028254007338546216
poison/poismph/datapoismphseq/poisauth_mph_3ea262ed.csv,1,16,144,0,authentic,0.9983283877372742,0.0007312753004953265,0.00018563211779110134,0.0007546611595898867
poison/poismph/datapoismphseq/poisauth_mph_3ea262ed.csv,2,32,160,0,authentic,0.9952530860900879,0.001728914910927415,0.00043699642992578447,0.002581025706604123
poison/poismph/datapoismphseq/poisauth_mph_3ea262ed.csv,3,48,176,0,authentic,0.7669482827186584,0.09446179121732712,0.1066114753484726,0.031978387385606766
poison/poismph/datapoismphseq/poisauth_mph_3ea262ed.csv,4,64,192,0,authentic,0.9974965453147888,0.001034873304888606,0.0003045349149033427,0.0011639742879197001
poison/poismph/datapoismphseq/poisauth_mph_3ea5338f.csv,0,0,128,0,authentic,0.8914972543716431,0.05318000540137291,0.02051178552210331,0.03481096401810646
poison/poismph/datapoismphseq/poisauth_mph_3ea5338f.csv,1,16,144,0,authentic,0.984520435333252,0.006003090646117926,0.0028599228244274855,0.006616644095629454
poison/poismph/datapoismphseq/poisauth_mph_3ea5338f.csv,2,32,160,0,authentic,0.9848611950874329,0.006770523730665445,0.0019927925895899534,0.006375397555530071
poison/poismph/datapoismphseq/poisauth_mph_3ea5338f.csv,3,48,176,0,authentic,0.9816368222236633,0.012871822342276573,0.005198216997087002,0.00029311791877262294
poison/poismph/datapoismphseq/poisauth_mph_3ea5338f.csv,4,64,192,0,authentic,0.9881724715232849,0.008410478942096233,0.0028396279085427523,0.0005774012533947825
poison/poismph/datapoismphseq/poisauth_mph_3ea5338f.csv,5,80,208,0,authentic,0.8837004899978638,0.07267967611551285,0.026729455217719078,0.016890473663806915
poison/poismph/datapoismphseq/poisauth_mph_3ea57789.csv,0,0,128,0,authentic,0.9826788306236267,0.006611155346035957,0.002136003691703081,0.008574064821004868
poison/poismph/datapoismphseq/poisauth_mph_3ea57789.csv,1,16,144,0,authentic,0.9870084524154663,0.008250130340456963,0.0021999834571033716,0.002541515976190567
poison/poismph/datapoismphseq/poisauth_mph_3ea57789.csv,2,32,160,0,authentic,0.9993817806243896,0.00024205585941672325,3.2081734389066696e-05,0.0003440397558733821
poison/poismph/datapoismphseq/poisauth_mph_3ea57789.csv,3,48,176,0,authentic,0.9960286617279053,0.001967962831258774,0.00048186664935201406,0.0015215449966490269
poison/poismph/datapoismphseq/poisauth_mph_3ea57789.csv,4,64,192,0,authentic,0.9856107234954834,0.007536225952208042,0.003210265887901187,0.0036428042221814394
poison/poismph/datapoismphseq/poisauth_mph_3ea59d67.csv,0,0,128,0,authentic,0.8861189484596252,0.05943845584988594,0.014313548803329468,0.040129099041223526
poison/poismph/datapoismphseq/poisauth_mph_3ea59d67.csv,1,16,144,0,authentic,0.9232354164123535,0.04608512297272682,0.025509707629680634,0.0051696631126105785
poison/poismph/datapoismphseq/poisauth_mph_3ea59d67.csv,2,32,160,0,authentic,0.46565183997154236,0.4192739427089691,0.1085856705904007,0.0064885178580880165
poison/poismph/datapoismphseq/poisauth_mph_3ea59d67.csv,3,48,176,0,authentic,0.6073880791664124,0.2570779621601105,0.015102176927030087,0.12043172866106033
poison/poismph/datapoismphseq/poisauth_mph_3ea59d67.csv,4,64,192,0,authentic,0.5943217277526855,0.22035665810108185,0.007344424724578857,0.17797720432281494
poison/poismph/datapoismphseq/poisauth_mph_3ea867d9.csv,0,0,128,0,authentic,0.9999575018882751,2.1598470993922092e-05,1.3446929187921342e-06,1.9606306523201056e-05
poison/poismph/datapoismphseq/poisauth_mph_3ea867d9.csv,1,16,144,0,authentic,0.9997870326042175,1.9926692402805202e-05,2.2607252958550816e-06,0.00019075947056990117
poison/poismph/datapoismphseq/poisauth_mph_3ea867d9.csv,2,32,160,0,authentic,0.9991971254348755,0.0003139236941933632,3.013703098986298e-05,0.0004588302399497479
poison/poismph/datapoismphseq/poisauth_mph_3ea867d9.csv,3,48,176,0,authentic,0.9988375902175903,0.0003448573115747422,8.398230420425534e-05,0.0007334990077652037
poison/poismph/datapoismphseq/poisauth_mph_3ea867d9.csv,4,64,192,0,authentic,0.9993246793746948,0.0003529083915054798,5.9690381021937355e-05,0.0002627922804094851
poison/poismph/datapoismphseq/poisauth_mph_3ea867d9.csv,5,80,208,0,authentic,0.9987574219703674,0.00017499056411907077,2.6283365514245816e-05,0.0010411777766421437
poison/poismph/datapoismphseq/poisauth_mph_3ea867d9.csv,6,96,224,0,authentic,0.9973238706588745,0.0008080530678853393,0.00015732327301520854,0.0017106481827795506
poison/poismph/datapoismphseq/poisauth_mph_3ea867d9.csv,7,112,240,0,authentic,0.9872326850891113,0.005150093697011471,0.0011431449092924595,0.006474084220826626
poison/poismph/datapoismphseq/poisauth_mph_3ea867d9.csv,8,128,256,0,authentic,0.9823266863822937,0.0077982558868825436,0.0011883075349032879,0.008686770685017109
poison/poismph/datapoismphseq/poisauth_mph_3ea867d9.csv,9,144,272,0,authentic,0.994199275970459,0.0005853523616679013,0.00018972516409121454,0.005025680176913738
poison/poismph/datapoismphseq/poisauth_mph_3ea867d9.csv,10,160,288,2,modified_speed,0.3562651574611664,0.255161315202713,0.38000261783599854,0.008570864796638489
poison/poismph/datapoismphseq/poisauth_mph_3ea867d9.csv,11,176,304,0,authentic,0.5489249229431152,0.23576554656028748,0.21466150879859924,0.0006480260635726154
poison/poismph/datapoismphseq/poisauth_mph_3ea867d9.csv,12,192,320,0,authentic,0.41527989506721497,0.2592323124408722,0.3244746923446655,0.001013119355775416
poison/poismph/datapoismphseq/poisauth_mph_3ea867d9.csv,13,208,336,0,authentic,0.9862374067306519,0.010196060873568058,0.0032865817192941904,0.0002800193033181131
poison/poismph/datapoismphseq/poisauth_mph_3ea867d9.csv,14,224,352,0,authentic,0.9685870409011841,0.020900938659906387,0.006702573969960213,0.0038094776682555676
poison/poismph/datapoismphseq/poisauth_mph_3eac32b0.csv,0,0,128,0,authentic,0.9991536140441895,0.00011038694356102496,3.119668463114067e-06,0.0007328509818762541
poison/poismph/datapoismphseq/poisauth_mph_3eac32b0.csv,1,16,144,0,authentic,0.9707341194152832,0.004729211796075106,0.0001964732800843194,0.024340065196156502
poison/poismph/datapoismphseq/poisauth_mph_3eac32b0.csv,2,32,160,0,authentic,0.7414883971214294,0.14356477558612823,0.0598321370780468,0.05511471629142761
poison/poismph/datapoismphseq/poisauth_mph_3eac32b0.csv,3,48,176,0,authentic,0.9512463808059692,0.004314564634114504,0.00022496606106869876,0.0442141517996788
poison/poismph/datapoismphseq/poisauth_mph_3eac32b0.csv,4,64,192,3,modified_position,0.39822903275489807,0.11563892662525177,0.007344292476773262,0.47878772020339966
poison/poismph/datapoismphseq/poisauth_mph_3eac32b0.csv,5,80,208,0,authentic,0.8820459246635437,0.09652426093816757,0.013771220110356808,0.007658540271222591
poison/poismph/datapoismphseq/poisauth_mph_3eac32b0.csv,6,96,224,0,authentic,0.6701061129570007,0.16969820857048035,0.14891864359378815,0.011277019046247005
poison/poismph/datapoismphseq/poisauth_mph_3eac32b0.csv,7,112,240,0,authentic,0.7974657416343689,0.03875020146369934,0.012959165498614311,0.15082478523254395
poison/poismph/datapoismphseq/poisauth_mph_3eac32b0.csv,8,128,256,0,authentic,0.49334606528282166,0.12147078663110733,0.1131003201007843,0.2720828652381897
poison/poismph/datapoismphseq/poisauth_mph_3eac32b0.csv,9,144,272,0,authentic,0.44734543561935425,0.08795676380395889,0.13750362396240234,0.3271941840648651
poison/poismph/datapoismphseq/poisauth_mph_3eac32b0.csv,10,160,288,0,authentic,0.7673552632331848,0.07141881436109543,0.07971781492233276,0.0815080925822258
poison/poismph/datapoismphseq/poisauth_mph_3eac72f8.csv,0,0,128,0,authentic,0.9977046251296997,0.0010170463938266039,0.00013155690976418555,0.0011467903386801481
poison/poismph/datapoismphseq/poisauth_mph_3eac72f8.csv,1,16,144,0,authentic,0.9991960525512695,0.00017718122398946434,2.7319989385432564e-05,0.0005994878010824323
poison/poismph/datapoismphseq/poisauth_mph_3eac72f8.csv,2,32,160,0,authentic,0.9988681674003601,0.00043952857959084213,7.25471181795001e-05,0.0006197787588462234
poison/poismph/datapoismphseq/poisauth_mph_3eac72f8.csv,3,48,176,0,authentic,0.9988160729408264,0.0006619779742322862,0.00013017031596973538,0.00039167332579381764
poison/poismph/datapoismphseq/poisauth_mph_3eac72f8.csv,4,64,192,0,authentic,0.9832967519760132,0.00977451354265213,0.0011359539348632097,0.005792779382318258
poison/poismph/datapoismphseq/poisauth_mph_3eaca993.csv,0,0,128,0,authentic,0.9924665689468384,0.003529308130964637,0.0005046983133070171,0.003499372396618128
poison/poismph/datapoismphseq/poisauth_mph_3eaca993.csv,1,16,144,0,authentic,0.9602016806602478,0.021898211911320686,0.012877273373305798,0.005022891331464052
poison/poismph/datapoismphseq/poisauth_mph_3eaca993.csv,2,32,160,0,authentic,0.9200071692466736,0.03674430400133133,0.03276315703988075,0.010485329665243626
poison/poismph/datapoismphseq/poisauth_mph_3eaca993.csv,3,48,176,0,authentic,0.9378317594528198,0.038723256438970566,0.01227574609220028,0.01116928830742836
poison/poismph/datapoismphseq/poisauth_mph_3eaca993.csv,4,64,192,0,authentic,0.7664347887039185,0.18797695636749268,0.04349583759903908,0.0020923747215420008
poison/poismph/datapoismphseq/poisauth_mph_3eaca993.csv,5,80,208,0,authentic,0.8176971673965454,0.11471054702997208,0.06723210960626602,0.00036017311504110694
poison/poismph/datapoismphseq/poisauth_mph_3eaca993.csv,6,96,224,0,authentic,0.7743456959724426,0.15355154871940613,0.07163449376821518,0.0004682131693698466
poison/poismph/datapoismphseq/poisauth_mph_3eb0a8e3.csv,0,0,128,0,authentic,0.7785851955413818,0.13021019101142883,0.05268391966819763,0.038520731031894684
poison/poismph/datapoismphseq/poisauth_mph_3eb0a8e3.csv,1,16,144,0,authentic,0.9836753606796265,0.008230217732489109,0.0016551774460822344,0.006439261604100466
poison/poismph/datapoismphseq/poisauth_mph_3eb0a8e3.csv,2,32,160,0,authentic,0.6817971467971802,0.1793384999036789,0.10560384392738342,0.033260490745306015
poison/poismph/datapoismphseq/poisauth_mph_3eb0a8e3.csv,3,48,176,0,authentic,0.6820200681686401,0.2431396096944809,0.07130648195743561,0.0035338387824594975
poison/poismph/datapoismphseq/poisauth_mph_3eb0a8e3.csv,4,64,192,0,authentic,0.8725634813308716,0.07980075478553772,0.03555139899253845,0.012084320187568665
poison/poismph/datapoismphseq/poisauth_mph_3eb0e146.csv,0,0,128,0,authentic,0.9985229969024658,6.035981641616672e-05,1.1109139450127259e-05,0.0014054644852876663
poison/poismph/datapoismphseq/poisauth_mph_3eb0e146.csv,1,16,144,0,authentic,0.9185020327568054,0.043880607932806015,0.026833679527044296,0.010783710516989231
poison/poismph/datapoismphseq/poisauth_mph_3eb0e146.csv,2,32,160,0,authentic,0.9321766495704651,0.03779475390911102,0.027531763538718224,0.0024968557991087437
poison/poismph/datapoismphseq/poisauth_mph_3eb0e146.csv,3,48,176,0,authentic,0.9757239818572998,0.008005660027265549,0.004142282996326685,0.012127983383834362
poison/poismph/datapoismphseq/poisauth_mph_3eb0e146.csv,4,64,192,0,authentic,0.8518243432044983,0.05277252197265625,0.015451480634510517,0.07995173335075378
poison/poismph/datapoismphseq/poisauth_mph_3eb0e146.csv,5,80,208,0,authentic,0.9739639163017273,0.015129133127629757,0.008246983401477337,0.0026599483098834753
poison/poismph/datapoismphseq/poisauth_mph_3eb0e146.csv,6,96,224,0,authentic,0.4858631193637848,0.12337952107191086,0.03553425893187523,0.3552229702472687
poison/poismph/datapoismphseq/poisauth_mph_3eb0e146.csv,7,112,240,0,authentic,0.9947947859764099,0.0005313939764164388,0.00014591428043786436,0.004527893848717213
poison/poismph/datapoismphseq/poisauth_mph_3eb0e146.csv,8,128,256,0,authentic,0.9585061073303223,0.00988311879336834,0.0038395747542381287,0.02777114138007164
poison/poismph/datapoismphseq/poisauth_mph_3eb0e146.csv,9,144,272,0,authentic,0.9990800619125366,0.0004399219178594649,3.065652708755806e-05,0.00044932172750122845
poison/poismph/datapoismphseq/poisauth_mph_3eb3f86a.csv,0,0,128,0,authentic,0.9519286751747131,0.014162326231598854,0.004322648514062166,0.02958630584180355
poison/poismph/datapoismphseq/poisauth_mph_3eb3f86a.csv,1,16,144,1,modified_altitude,0.28009033203125,0.4105048179626465,0.042394135147333145,0.2670108377933502
poison/poismph/datapoismphseq/poisauth_mph_3eb3f86a.csv,2,32,160,1,modified_altitude,0.2985328137874603,0.42547157406806946,0.020840365439653397,0.2551552355289459
poison/poismph/datapoismphseq/poisauth_mph_3eb3f86a.csv,3,48,176,1,modified_altitude,0.03844202309846878,0.9533848762512207,0.0003472975513432175,0.007825900800526142
poison/poismph/datapoismphseq/poisauth_mph_3eb3f86a.csv,4,64,192,1,modified_altitude,0.06176401302218437,0.7529908418655396,0.1852409839630127,4.174579771643039e-06
poison/poismph/datapoismphseq/poisauth_mph_3eb46d81.csv,0,0,128,0,authentic,0.9575696587562561,0.013744311407208443,0.002557675587013364,0.026128439232707024
poison/poismph/datapoismphseq/poisauth_mph_3eb46d81.csv,1,16,144,0,authentic,0.9607746601104736,0.028633955866098404,0.0072553097270429134,0.00333604053594172
poison/poismph/datapoismphseq/poisauth_mph_3eb46d81.csv,2,32,160,0,authentic,0.9738816022872925,0.017783625051379204,0.007138699758797884,0.0011960443807765841
poison/poismph/datapoismphseq/poisauth_mph_3eb85606.csv,0,0,128,0,authentic,0.9653651118278503,0.01498211920261383,0.004456102382391691,0.015196610242128372
poison/poismph/datapoismphseq/poisauth_mph_3eb85606.csv,1,16,144,0,authentic,0.9970227479934692,0.0011616586707532406,0.000750254257582128,0.0010653494391590357
poison/poismph/datapoismphseq/poisauth_mph_3eb85606.csv,2,32,160,0,authentic,0.9902704954147339,0.004866861738264561,0.003407343290746212,0.0014553888468071818
poison/poismph/datapoismphseq/poisauth_mph_3eb85606.csv,3,48,176,0,authentic,0.9838414788246155,0.008923795074224472,0.005728042684495449,0.0015067106578499079
poison/poismph/datapoismphseq/poisauth_mph_3eb85606.csv,4,64,192,2,modified_speed,0.02923363447189331,0.28610846400260925,0.6846579313278198,1.3205653237591264e-09
poison/poismph/datapoismphseq/poisauth_mph_3eb85606.csv,5,80,208,2,modified_speed,0.036521121859550476,0.34218570590019226,0.6212932467460632,2.2095918428277628e-09
poison/poismph/datapoismphseq/poisauth_mph_3ebc2471.csv,0,0,128,0,authentic,0.9957808256149292,0.0008504738216288388,0.00029152934439480305,0.0030770970042794943
poison/poismph/datapoismphseq/poisauth_mph_3ebc2471.csv,1,16,144,0,authentic,0.9911197423934937,0.0013339242432266474,0.0005724845104850829,0.006973936688154936
poison/poismph/datapoismphseq/poisauth_mph_3ebc2471.csv,2,32,160,0,authentic,0.9103726148605347,0.023085230961441994,0.012564069591462612,0.05397818610072136
poison/poismph/datapoismphseq/poisauth_mph_3ebc2471.csv,3,48,176,0,authentic,0.991457462310791,0.0023293362464755774,0.0008442510152235627,0.005369030404835939
poison/poismph/datapoismphseq/poisauth_mph_3ebc2471.csv,4,64,192,0,authentic,0.9575905203819275,0.0169137641787529,0.01515965722501278,0.010336041450500488
poison/poismph/datapoismphseq/poisauth_mph_3ebc2471.csv,5,80,208,0,authentic,0.9736672043800354,0.00605170801281929,0.0030867697205394506,0.017194418236613274
poison/poismph/datapoismphseq/poisauth_mph_3ebc2471.csv,6,96,224,2,modified_speed,0.25284361839294434,0.21923179924488068,0.5211294889450073,0.006795085500925779
poison/poismph/datapoismphseq/poisauth_mph_3ebc2471.csv,7,112,240,0,authentic,0.9929888248443604,0.002363848965615034,0.0005782862426713109,0.004069013986736536
poison/poismph/datapoismphseq/poisauth_mph_3ebc2471.csv,8,128,256,0,authentic,0.9377917051315308,0.02844054065644741,0.01329120434820652,0.020476534962654114
poison/poismph/datapoismphseq/poisauth_mph_3ebf64ae.csv,0,0,128,0,authentic,0.9691276550292969,0.012718445621430874,0.007768222596496344,0.010385661385953426
poison/poismph/datapoismphseq/poisauth_mph_3ebf64ae.csv,1,16,144,0,authentic,0.9853983521461487,0.008583161979913712,0.003534877672791481,0.0024836224038153887
poison/poismph/datapoismphseq/poisauth_mph_3ebf64ae.csv,2,32,160,0,authentic,0.9833133816719055,0.011387602426111698,0.0017935085343196988,0.003505540080368519
poison/poismph/datapoismphseq/poisauth_mph_3ebf64ae.csv,3,48,176,0,authentic,0.9155499339103699,0.05802411213517189,0.00311148795299232,0.023314543068408966
poison/poismph/datapoismphseq/poisauth_mph_3ebfcb91.csv,0,0,128,0,authentic,0.7259224653244019,0.13419286906719208,0.03498771786689758,0.10489693284034729
poison/poismph/datapoismphseq/poisauth_mph_3ebfcb91.csv,1,16,144,0,authentic,0.8563743233680725,0.08365225046873093,0.031142961233854294,0.028830410912632942
poison/poismph/datapoismphseq/poisauth_mph_3ebfcb91.csv,2,32,160,0,authentic,0.9896962642669678,0.00821632519364357,0.0013918665936216712,0.0006955620483495295
poison/poismph/datapoismphseq/poisauth_mph_3ebff749.csv,0,0,128,0,authentic,0.9055103063583374,0.05112530291080475,0.038238950073719025,0.005125423893332481
poison/poismph/datapoismphseq/poisauth_mph_3ebff749.csv,1,16,144,0,authentic,0.997604489326477,0.0003920512390322983,0.00017465608834754676,0.0018287183484062552
poison/poismph/datapoismphseq/poisauth_mph_3ebff749.csv,2,32,160,0,authentic,0.9959816932678223,0.0006420635036192834,0.0003113094426225871,0.0030649499967694283
poison/poismph/datapoismphseq/poisauth_mph_3ebff749.csv,3,48,176,0,authentic,0.9398260712623596,0.02644304558634758,0.0228388961404562,0.010891961865127087
poison/poismph/datapoismphseq/poisauth_mph_3ebff749.csv,4,64,192,0,authentic,0.9764969944953918,0.008456822484731674,0.005565817002207041,0.009480481967329979
poison/poismph/datapoismphseq/poisauth_mph_3ebff749.csv,5,80,208,0,authentic,0.8919743299484253,0.030106574296951294,0.02637699618935585,0.05154219642281532
poison/poismph/datapoismphseq/poisauth_mph_3ebff749.csv,6,96,224,0,authentic,0.7574741840362549,0.12285791337490082,0.11107753217220306,0.008590398356318474
poison/poismph/datapoismphseq/poisauth_mph_3ebff749.csv,7,112,240,0,authentic,0.8597514629364014,0.049701184034347534,0.04976348206400871,0.04078385978937149
poison/poismph/datapoismphseq/poisauth_mph_3ebff749.csv,8,128,256,0,authentic,0.9939854741096497,0.0023764977231621742,0.0004223746946081519,0.0032157020177692175
poison/poismph/datapoismphseq/poisauth_mph_3ec33d32.csv,0,0,128,0,authentic,0.9995378851890564,9.487108764005825e-05,1.0301886504748836e-05,0.00035688342177309096
poison/poismph/datapoismphseq/poisauth_mph_3ec33d32.csv,1,16,144,0,authentic,0.9706586599349976,0.018657540902495384,0.0072431256994605064,0.0034405894111841917
poison/poismph/datapoismphseq/poisauth_mph_3ec33d32.csv,2,32,160,0,authentic,0.8920304775238037,0.06861843913793564,0.035692185163497925,0.0036588506773114204
poison/poismph/datapoismphseq/poisauth_mph_3ec33d32.csv,3,48,176,0,authentic,0.9068816304206848,0.04952501133084297,0.029857086017727852,0.013736273162066936
poison/poismph/datapoismphseq/poisauth_mph_3eca8b3b.csv,0,0,128,0,authentic,0.9986110329627991,0.00042295121238566935,7.5033116445411e-05,0.0008909754105843604
poison/poismph/datapoismphseq/poisauth_mph_3eca8b3b.csv,1,16,144,0,authentic,0.7994508147239685,0.044873274862766266,0.018584929406642914,0.1370910108089447
poison/poismph/datapoismphseq/poisauth_mph_3eca8b3b.csv,2,32,160,0,authentic,0.9839571118354797,0.0007230905466713011,0.00015387237363029271,0.015165897086262703
poison/poismph/datapoismphseq/poisauth_mph_3eca8b3b.csv,3,48,176,0,authentic,0.9749771952629089,0.005394975189119577,0.002313806675374508,0.017314083874225616
poison/poismph/datapoismphseq/poisauth_mph_3eca8b3b.csv,4,64,192,0,authentic,0.6255368590354919,0.15887027978897095,0.057614874094724655,0.15797799825668335
poison/poismph/datapoismphseq/poisauth_mph_3eca8b3b.csv,5,80,208,0,authentic,0.7650295495986938,0.07397148013114929,0.00670609949156642,0.15429285168647766
poison/poismph/datapoismphseq/poisauth_mph_3ece97cb.csv,0,0,128,0,authentic,0.9820269346237183,0.007334315218031406,0.0022332193329930305,0.008405483327805996
poison/poismph/datapoismphseq/poisauth_mph_3ece97cb.csv,1,16,144,0,authentic,0.9980002045631409,0.00015873416850809008,3.7014324334450066e-05,0.001804081373848021
poison/poismph/datapoismphseq/poisauth_mph_3ece97cb.csv,2,32,160,0,authentic,0.9893810153007507,0.004991564899682999,0.0024595963768661022,0.003167814342305064
poison/poismph/datapoismphseq/poisauth_mph_3ece97cb.csv,3,48,176,0,authentic,0.8231485486030579,0.129004567861557,0.041501596570014954,0.006345336325466633
poison/poismph/datapoismphseq/poisauth_mph_3ece97cb.csv,4,64,192,0,authentic,0.8403089046478271,0.1118152067065239,0.031484656035900116,0.01639123074710369
poison/poismph/datapoismphseq/poisauth_mph_3ece97cb.csv,5,80,208,0,authentic,0.9229442477226257,0.06649607419967651,0.008320876397192478,0.002238827757537365
poison/poismph/datapoismphseq/poisauth_mph_3ece97cb.csv,6,96,224,0,authentic,0.9997410178184509,0.0002243397175334394,3.909465704055037e-06,3.0750328733120114e-05
poison/poismph/datapoismphseq/poisauth_mph_3ed74cd0.csv,0,0,128,0,authentic,0.9978305101394653,0.0001797335280571133,2.6050996893900447e-05,0.0019637104123830795
poison/poismph/datapoismphseq/poisauth_mph_3ed74cd0.csv,1,16,144,0,authentic,0.9480451941490173,0.009370178915560246,0.005761794745922089,0.03682276979088783
poison/poismph/datapoismphseq/poisauth_mph_3ed74cd0.csv,2,32,160,0,authentic,0.9972062110900879,0.0012328840093687177,8.651516691315919e-05,0.0014744288055226207
poison/poismph/datapoismphseq/poisauth_mph_3ed74cd0.csv,3,48,176,0,authentic,0.9800258874893188,0.00769556500017643,0.003124505514279008,0.0091540003195405
poison/poismph/datapoismphseq/poisauth_mph_3ed74cd0.csv,4,64,192,0,authentic,0.9834015369415283,0.007076463662087917,0.0034211843740195036,0.0061007472686469555
poison/poismph/datapoismphseq/poisauth_mph_3ed74cd0.csv,5,80,208,0,authentic,0.9943374991416931,0.000837131985463202,0.00015784605056978762,0.00466756708920002
poison/poismph/datapoismphseq/poisauth_mph_3edaa4e3.csv,0,0,128,0,authentic,0.9333829283714294,0.020932557061314583,0.013504434376955032,0.03218008950352669
poison/poismph/datapoismphseq/poisauth_mph_3edaa4e3.csv,1,16,144,0,authentic,0.9371286630630493,0.03406073525547981,0.024268250912427902,0.004542299546301365
poison/poismph/datapoismphseq/poisauth_mph_3edaa4e3.csv,2,32,160,0,authentic,0.9373879432678223,0.03000255487859249,0.029625145718455315,0.002984334249049425
poison/poismph/datapoismphseq/poisauth_mph_3edaa4e3.csv,3,48,176,0,authentic,0.8497585654258728,0.06819123774766922,0.07836809009313583,0.0036820187233388424
poison/poismph/datapoismphseq/poisauth_mph_3edaa4e3.csv,4,64,192,0,authentic,0.9947308301925659,0.0039186421781778336,0.0012424977030605078,0.00010798379662446678
poison/poismph/datapoismphseq/poisauth_mph_3edaa4e3.csv,5,80,208,0,authentic,0.9382050633430481,0.03713947534561157,0.02096533216536045,0.0036900374107062817
poison/poismph/datapoismphseq/poisauth_mph_3edaa4e3.csv,6,96,224,0,authentic,0.7027323246002197,0.23270516097545624,0.062126338481903076,0.002436181763187051
poison/poismph/datapoismphseq/poisauth_mph_3edb145f.csv,0,0,128,0,authentic,0.792019784450531,0.09059721976518631,0.012308560311794281,0.105074442923069
poison/poismph/datapoismphseq/poisauth_mph_3edb145f.csv,1,16,144,1,modified_altitude,0.12892253696918488,0.816817045211792,0.016912154853343964,0.037348270416259766
poison/poismph/datapoismphseq/poisauth_mph_3edb145f.csv,2,32,160,1,modified_altitude,0.2219856083393097,0.7305859923362732,0.01252470351755619,0.034903645515441895
poison/poismph/datapoismphseq/poisauth_mph_3edb145f.csv,3,48,176,0,authentic,0.6855751276016235,0.19652323424816132,0.0018998810555785894,0.11600175499916077
poison/poismph/datapoismphseq/poisauth_mph_3edb145f.csv,4,64,192,0,authentic,0.8331026434898376,0.09366530179977417,0.00286360876634717,0.07036847621202469
poison/poismph/datapoismphseq/poisauth_mph_3edebc1c.csv,0,0,128,0,authentic,0.979557454586029,0.007822839543223381,0.001930791768245399,0.010688970796763897
poison/poismph/datapoismphseq/poisauth_mph_3edebc1c.csv,1,16,144,0,authentic,0.9481072425842285,0.03728023171424866,0.01359637826681137,0.0010161558166146278
poison/poismph/datapoismphseq/poisauth_mph_3edebc1c.csv,2,32,160,0,authentic,0.9206421375274658,0.06117147207260132,0.015963559970259666,0.002222765004262328
poison/poismph/datapoismphseq/poisauth_mph_3edebc1c.csv,3,48,176,0,authentic,0.9886484146118164,0.006373904645442963,0.0013965617399662733,0.003581186756491661
poison/poismph/datapoismphseq/poisauth_mph_3edebc1c.csv,4,64,192,0,authentic,0.9727572202682495,0.016015982255339622,0.004243218339979649,0.006983631756156683
poison/poismph/datapoismphseq/poisauth_mph_3eeab179.csv,0,0,128,0,authentic,0.9857792258262634,0.005646460223942995,0.002309826435521245,0.00626450264826417
poison/poismph/datapoismphseq/poisauth_mph_3eeab179.csv,1,16,144,0,authentic,0.9418925046920776,0.025109516456723213,0.01589689962565899,0.017101040109992027
poison/poismph/datapoismphseq/poisauth_mph_3eeab179.csv,2,32,160,0,authentic,0.9992152452468872,0.0004158664378337562,0.00010176536306971684,0.00026714487466961145
poison/poismph/datapoismphseq/poisauth_mph_3eeab179.csv,3,48,176,0,authentic,0.9545105695724487,0.02882510982453823,0.012611091136932373,0.004053161945194006
poison/poismph/datapoismphseq/poisauth_mph_3eeab179.csv,4,64,192,0,authentic,0.9459455013275146,0.035833653062582016,0.011404144577682018,0.006816730368882418
poison/poismph/datapoismphseq/poisauth_mph_3eeab179.csv,5,80,208,0,authentic,0.996317982673645,0.0009286602144129574,7.011542766122147e-05,0.0026831855066120625
poison/poismph/datapoismphseq/poisauth_mph_3eeab179.csv,6,96,224,0,authentic,0.9965073466300964,0.0005974438390694559,0.00042196965659968555,0.0024732451420277357
poison/poismph/datapoismphseq/poisauth_mph_3eeb5bac.csv,0,0,128,0,authentic,0.9025140404701233,0.05770624801516533,0.02840885892510414,0.011370882391929626
poison/poismph/datapoismphseq/poisauth_mph_3eeb5bac.csv,1,16,144,0,authentic,0.9544991254806519,0.023775124922394753,0.009171898476779461,0.012553841806948185
poison/poismph/datapoismphseq/poisauth_mph_3eeb5bac.csv,2,32,160,0,authentic,0.8656300902366638,0.09568525105714798,0.030722135677933693,0.00796255748718977
poison/poismph/datapoismphseq/poisauth_mph_3eeb5bac.csv,3,48,176,0,authentic,0.9940620064735413,0.004485090263187885,0.00073400535620749,0.0007189440075308084
poison/poismph/datapoismphseq/poisauth_mph_3eeeaa2c.csv,0,0,128,0,authentic,0.7159964442253113,0.20335374772548676,0.017881710082292557,0.06276814639568329
poison/poismph/datapoismphseq/poisauth_mph_3eeeaa2c.csv,1,16,144,0,authentic,0.4564507007598877,0.35220369696617126,0.1682579666376114,0.023087693378329277
poison/poismph/datapoismphseq/poisauth_mph_3eeeaa2c.csv,2,32,160,0,authentic,0.3906252384185791,0.3087422847747803,0.27669963240623474,0.023932939395308495
poison/poismph/datapoismphseq/poisauth_mph_3eeeaa2c.csv,3,48,176,2,modified_speed,0.23600539565086365,0.2811851501464844,0.47378724813461304,0.009022190235555172
poison/poismph/datapoismphseq/poisauth_mph_3eeeaa2c.csv,4,64,192,0,authentic,0.5051745772361755,0.3541586995124817,0.12574182450771332,0.014924897812306881
poison/poismph/datapoismphseq/poisauth_mph_3eeeaa2c.csv,5,80,208,0,authentic,0.6403070688247681,0.197523295879364,0.0679924413561821,0.09417719393968582
poison/poismph/datapoismphseq/poisauth_mph_3eeeaa2c.csv,6,96,224,0,authentic,0.9437146782875061,0.018916724249720573,0.028095854446291924,0.009272832423448563
poison/poismph/datapoismphseq/poisauth_mph_3eef2fac.csv,0,0,128,0,authentic,0.9995826482772827,2.0846433471888304e-05,3.176775635438389e-06,0.000393269641790539
poison/poismph/datapoismphseq/poisauth_mph_3eef2fac.csv,1,16,144,0,authentic,0.9729127883911133,0.012653755024075508,0.007577236276119947,0.006856183987110853
poison/poismph/datapoismphseq/poisauth_mph_3eef2fac.csv,2,32,160,0,authentic,0.8856299519538879,0.07563936710357666,0.036703482270240784,0.002027272479608655
poison/poismph/datapoismphseq/poisauth_mph_3eef2fac.csv,3,48,176,0,authentic,0.9870910048484802,0.00250126700848341,0.0006239380454644561,0.00978374108672142
poison/poismph/datapoismphseq/poisauth_mph_3eef2fac.csv,4,64,192,0,authentic,0.9864104390144348,0.003718628780916333,0.00037819103454239666,0.009492682293057442
poison/poismph/datapoismphseq/poisauth_mph_3eef2fac.csv,5,80,208,0,authentic,0.99436354637146,0.0009093150147236884,0.00015219731722027063,0.004574961960315704
poison/poismph/datapoismphseq/poisauth_mph_3eef42f2.csv,0,0,128,0,authentic,0.9989064931869507,4.4082917156629264e-05,1.0830153769347817e-05,0.001038668560795486
poison/poismph/datapoismphseq/poisauth_mph_3eef42f2.csv,1,16,144,0,authentic,0.9763417840003967,0.007106770761311054,0.004675732459872961,0.011875875294208527
poison/poismph/datapoismphseq/poisauth_mph_3eef42f2.csv,2,32,160,0,authentic,0.9476802945137024,0.032515961676836014,0.012601541355252266,0.007202266249805689
poison/poismph/datapoismphseq/poisauth_mph_3eef42f2.csv,3,48,176,0,authentic,0.99297034740448,0.0031274082139134407,0.00067403435241431,0.003228365210816264
poison/poismph/datapoismphseq/poisauth_mph_3eef42f2.csv,4,64,192,0,authentic,0.9981366395950317,0.0006108516827225685,4.409925531945191e-05,0.00120841758325696
poison/poismph/datapoismphseq/poisauth_mph_3ef36878.csv,0,0,128,0,authentic,0.9928861856460571,0.0011939526302739978,0.0004212019848637283,0.005498803686350584
poison/poismph/datapoismphseq/poisauth_mph_3ef36878.csv,1,16,144,0,authentic,0.8467608094215393,0.013505787588655949,0.0033818772062659264,0.13635149598121643
poison/poismph/datapoismphseq/poisauth_mph_3ef36878.csv,2,32,160,0,authentic,0.8276638984680176,0.08741216361522675,0.05221237987279892,0.032711561769247055
poison/poismph/datapoismphseq/poisauth_mph_3ef36878.csv,3,48,176,0,authentic,0.9655836820602417,0.007104065734893084,0.004244305659085512,0.023067936301231384
poison/poismph/datapoismphseq/poisauth_mph_3ef36878.csv,4,64,192,0,authentic,0.6263639330863953,0.044870734214782715,0.002768466481938958,0.32599690556526184
poison/poismph/datapoismphseq/poisauth_mph_3ef36878.csv,5,80,208,0,authentic,0.9366438984870911,0.012827017344534397,0.0030521785374730825,0.04747689887881279
poison/poismph/datapoismphseq/poisauth_mph_3ef36878.csv,6,96,224,0,authentic,0.7996366024017334,0.1208183541893959,0.023044252768158913,0.05650073289871216
poison/poismph/datapoismphseq/poisauth_mph_3ef68363.csv,0,0,128,0,authentic,0.9835010766983032,0.0015648811822757125,0.00027371340547688305,0.014660356566309929
poison/poismph/datapoismphseq/poisauth_mph_3ef68363.csv,1,16,144,0,authentic,0.9586776494979858,0.017333734780550003,0.011074298061430454,0.012914301827549934
poison/poismph/datapoismphseq/poisauth_mph_3ef68363.csv,2,32,160,0,authentic,0.6809083223342896,0.20331403613090515,0.015146386809647083,0.10063135623931885
poison/poismph/datapoismphseq/poisauth_mph_3ef68363.csv,3,48,176,0,authentic,0.9500967264175415,0.04246938228607178,0.005228186026215553,0.002205673838034272
poison/poismph/datapoismphseq/poisauth_mph_3ef68363.csv,4,64,192,0,authentic,0.939903974533081,0.048556696623563766,0.0070441183634102345,0.00449523376300931
poison/poismph/datapoismphseq/poisauth_mph_3ef6adc6.csv,0,0,128,0,authentic,0.9985779523849487,0.0006503911572508514,0.0002070838527288288,0.0005645134951919317
poison/poismph/datapoismphseq/poisauth_mph_3ef6adc6.csv,1,16,144,0,authentic,0.9368798136711121,0.04189663752913475,0.002205729018896818,0.01901780068874359
poison/poismph/datapoismphseq/poisauth_mph_3ef6adc6.csv,2,32,160,0,authentic,0.9956479668617249,0.0033991325180977583,0.00039634478162042797,0.0005565042374655604
poison/poismph/datapoismphseq/poisauth_mph_3ef6d1cd.csv,0,0,128,0,authentic,0.8174362182617188,0.06611864268779755,0.10093056410551071,0.015514587983489037
poison/poismph/datapoismphseq/poisauth_mph_3ef6d1cd.csv,1,16,144,0,authentic,0.9939665794372559,0.0021787642035633326,0.0011535899247974157,0.0027009884361177683
poison/poismph/datapoismphseq/poisauth_mph_3ef6d1cd.csv,2,32,160,0,authentic,0.9972212314605713,0.0014145870227366686,0.00036056575481779873,0.0010037076426669955
poison/poismph/datapoismphseq/poisauth_mph_3ef6d1cd.csv,3,48,176,0,authentic,0.9918249249458313,0.004713983274996281,0.0008629150688648224,0.0025981252547353506
poison/poismph/datapoismphseq/poisauth_mph_3ef6d1cd.csv,4,64,192,0,authentic,0.9990513920783997,0.0005324867670424283,0.00014399844803847373,0.00027212718850933015
poison/poismph/datapoismphseq/poisauth_mph_3ef6d1cd.csv,5,80,208,0,authentic,0.9983237385749817,0.0007154972408898175,0.0007154992199502885,0.00024523830506950617
poison/poismph/datapoismphseq/poisauth_mph_3ef6d1cd.csv,6,96,224,0,authentic,0.9944356679916382,0.0019083296647295356,0.0017521906411275268,0.0019037217134609818
poison/poismph/datapoismphseq/poisauth_mph_3ef6f483.csv,0,0,128,0,authentic,0.9995232820510864,0.00011733963765436783,2.0074790882063098e-05,0.00033924757735803723
poison/poismph/datapoismphseq/poisauth_mph_3ef6f483.csv,1,16,144,0,authentic,0.9990513920783997,0.0001523178070783615,2.6330471882829443e-05,0.0007699222187511623
poison/poismph/datapoismphseq/poisauth_mph_3ef6f483.csv,2,32,160,0,authentic,0.9999232888221741,2.7801640953839524e-06,2.2744711714040022e-07,7.376740541076288e-05
poison/poismph/datapoismphseq/poisauth_mph_3ef6f483.csv,3,48,176,0,authentic,0.9995893836021423,2.9771883419016376e-05,3.6614187592931557e-06,0.0003771468182094395
poison/poismph/datapoismphseq/poisauth_mph_3ef6f483.csv,4,64,192,0,authentic,0.9954588413238525,0.002915736986324191,0.000648674787953496,0.0009767705341801047
poison/poismph/datapoismphseq/poisauth_mph_3ef6f483.csv,5,80,208,0,authentic,0.9976842403411865,0.0003173425793647766,5.869861342944205e-05,0.001939722802489996
poison/poismph/datapoismphseq/poisauth_mph_3ef6f483.csv,6,96,224,0,authentic,0.9995866417884827,7.044649828458205e-05,5.171431894268608e-06,0.0003378062101546675
poison/poismph/datapoismphseq/poisauth_mph_3efabce5.csv,0,0,128,0,authentic,0.9822959303855896,0.011990249156951904,0.004830775782465935,0.0008830307051539421
poison/poismph/datapoismphseq/poisauth_mph_3efabce5.csv,1,16,144,0,authentic,0.9993434548377991,0.0002579759166110307,4.9456510168965906e-05,0.00034915789728984237
poison/poismph/datapoismphseq/poisauth_mph_3efabce5.csv,2,32,160,0,authentic,0.9991970062255859,0.0004966702545061707,0.00011656421702355146,0.0001896891335491091
poison/poismph/datapoismphseq/poisauth_mph_3efabce5.csv,3,48,176,0,authentic,0.9696527719497681,0.013354218564927578,0.007917433977127075,0.009075664915144444
poison/poismph/datapoismphseq/poisauth_mph_3efabce5.csv,4,64,192,0,authentic,0.982488214969635,0.010186533443629742,0.00451483391225338,0.0028104311786592007
poison/poismph/datapoismphseq/poisauth_mph_3efabce5.csv,5,80,208,0,authentic,0.9786238670349121,0.01570107601583004,0.0025474668946117163,0.003127636853605509
poison/poismph/datapoismphseq/poisauth_mph_3efe4dcd.csv,0,0,128,0,authentic,0.9983429908752441,0.0006595419836230576,0.0001524295803392306,0.0008450404857285321
poison/poismph/datapoismphseq/poisauth_mph_3efe4dcd.csv,1,16,144,0,authentic,0.9644743204116821,0.010179371573030949,0.005684618838131428,0.019661638885736465
poison/poismph/datapoismphseq/poisauth_mph_3efe4dcd.csv,2,32,160,0,authentic,0.9323248267173767,0.012157836928963661,0.0062652272172272205,0.04925213009119034
poison/poismph/datapoismphseq/poisauth_mph_3efe4dcd.csv,3,48,176,0,authentic,0.7180395722389221,0.1323491632938385,0.1490960270166397,0.0005150659708306193
poison/poismph/datapoismphseq/poisauth_mph_3efe4dcd.csv,4,64,192,0,authentic,0.9280251860618591,0.04391265660524368,0.027429893612861633,0.000632315466646105
poison/poismph/datapoismphseq/poisauth_mph_3efe5fe4.csv,0,0,128,0,authentic,0.9833025932312012,0.006169009022414684,0.002306085079908371,0.00822236854583025
poison/poismph/datapoismphseq/poisauth_mph_3efe5fe4.csv,1,16,144,0,authentic,0.9988487958908081,0.00010503885278012604,2.1843081412953325e-05,0.0010243101278319955
poison/poismph/datapoismphseq/poisauth_mph_3efe5fe4.csv,2,32,160,0,authentic,0.9966918230056763,0.0011266376823186874,0.0004425529041327536,0.001739033148624003
poison/poismph/datapoismphseq/poisauth_mph_3efe5fe4.csv,3,48,176,0,authentic,0.916073739528656,0.04098176583647728,0.01904492825269699,0.023899614810943604
poison/poismph/datapoismphseq/poisauth_mph_3efe5fe4.csv,4,64,192,0,authentic,0.9811858534812927,0.0026253059040755033,0.0012201014906167984,0.014968710951507092
poison/poismph/datapoismphseq/poisauth_mph_3efe5fe4.csv,5,80,208,0,authentic,0.9947110414505005,0.0013294370146468282,0.0001758414291543886,0.003783708205446601
poison/poismph/datapoismphseq/poisauth_mph_3efe5fe4.csv,6,96,224,0,authentic,0.9957005381584167,0.0006373792421072721,7.712439401075244e-05,0.003584882477298379
poison/poismph/datapoismphseq/poisauth_mph_3efe7d81.csv,0,0,128,0,authentic,0.9974064826965332,0.00038338007288984954,0.0001180423641926609,0.0020921723917126656
poison/poismph/datapoismphseq/poisauth_mph_3efe7d81.csv,1,16,144,0,authentic,0.9425722360610962,0.007210081908851862,0.003973294049501419,0.046244408935308456
poison/poismph/datapoismphseq/poisauth_mph_3efe7d81.csv,2,32,160,0,authentic,0.9640859365463257,0.020874330773949623,0.011548053473234177,0.003491600975394249
poison/poismph/datapoismphseq/poisauth_mph_3efe7d81.csv,3,48,176,0,authentic,0.9477788805961609,0.0060007330030202866,0.0014335921732708812,0.04478687793016434
poison/poismph/datapoismphseq/poisauth_mph_3efe7d81.csv,4,64,192,0,authentic,0.9789872765541077,0.0037749477196484804,0.0018392204074189067,0.015398619696497917
poison/poismph/datapoismphseq/poisauth_mph_3efe7d81.csv,5,80,208,0,authentic,0.9472814202308655,0.01774337887763977,0.004604531452059746,0.030370645225048065
poison/poismph/datapoismphseq/poisauth_mph_3efea136.csv,0,0,128,0,authentic,0.9991142153739929,3.8539048546226695e-05,9.253817552234977e-06,0.000837962084915489
poison/poismph/datapoismphseq/poisauth_mph_3efea136.csv,1,16,144,0,authentic,0.9456372261047363,0.014261343516409397,0.009559111669659615,0.030542299151420593
poison/poismph/datapoismphseq/poisauth_mph_3efea136.csv,2,32,160,0,authentic,0.9884514212608337,0.006698473356664181,0.0010664426954463124,0.0037836162373423576
poison/poismph/datapoismphseq/poisauth_mph_3efea136.csv,3,48,176,0,authentic,0.8070504665374756,0.1334032118320465,0.04700899124145508,0.012537293136119843
poison/poismph/datapoismphseq/poisauth_mph_3efea136.csv,4,64,192,0,authentic,0.8906078934669495,0.01647964119911194,0.002242747927084565,0.09066973626613617
poison/poismph/datapoismphseq/poisauth_mph_3efea136.csv,5,80,208,0,authentic,0.9150344729423523,0.020852385088801384,0.01134578138589859,0.05276736617088318
poison/poismph/datapoismphseq/poisauth_mph_3efea136.csv,6,96,224,0,authentic,0.9571018218994141,0.018143773078918457,0.012215331196784973,0.012539061717689037
poison/poismph/datapoismphseq/poisauth_mph_3f0239cf.csv,0,0,128,0,authentic,0.94353187084198,0.009115176275372505,0.006955541670322418,0.04039742425084114
poison/poismph/datapoismphseq/poisauth_mph_3f0239cf.csv,1,16,144,0,authentic,0.8999001383781433,0.057115714997053146,0.014602551236748695,0.028381595388054848
poison/poismph/datapoismphseq/poisauth_mph_3f0239cf.csv,2,32,160,1,modified_altitude,0.3958389461040497,0.4723886549472809,0.040057260543107986,0.09171509742736816
poison/poismph/datapoismphseq/poisauth_mph_3f0239cf.csv,3,48,176,0,authentic,0.9825161695480347,0.010554424487054348,0.00174277916084975,0.005186693277209997
poison/poismph/datapoismphseq/poisauth_mph_3f0239cf.csv,4,64,192,0,authentic,0.9320573210716248,0.049572430551052094,0.010024339891970158,0.008345955982804298
poison/poismph/datapoismphseq/poisauth_mph_3f0239cf.csv,5,80,208,0,authentic,0.9938549399375916,0.0049988701939582825,0.00038297794526442885,0.0007631934713572264
poison/poismph/datapoismphseq/poisauth_mph_3f02444d.csv,0,0,128,0,authentic,0.9849315285682678,0.0015625257510691881,0.0006452052039094269,0.012860741466283798
poison/poismph/datapoismphseq/poisauth_mph_3f02444d.csv,1,16,144,0,authentic,0.9734348058700562,0.0019427259685471654,0.0014269256498664618,0.023195402696728706
poison/poismph/datapoismphseq/poisauth_mph_3f02444d.csv,2,32,160,0,authentic,0.9423646330833435,0.02976430580019951,0.021072857081890106,0.00679812440648675
poison/poismph/datapoismphseq/poisauth_mph_3f02444d.csv,3,48,176,0,authentic,0.8841331601142883,0.05130131170153618,0.025278007611632347,0.03928745910525322
poison/poismph/datapoismphseq/poisauth_mph_3f02444d.csv,4,64,192,0,authentic,0.7930446863174438,0.11210890859365463,0.08518251031637192,0.009663891978561878
poison/poismph/datapoismphseq/poisauth_mph_3f02444d.csv,5,80,208,0,authentic,0.9953855872154236,0.0031517939642071724,0.0008832046878524125,0.0005793829914182425
poison/poismph/datapoismphseq/poisauth_mph_3f061c0f.csv,0,0,128,0,authentic,0.9988932609558105,0.0005271480767987669,5.3968222346156836e-05,0.0005255219875834882
poison/poismph/datapoismphseq/poisauth_mph_3f061c0f.csv,1,16,144,0,authentic,0.8928455114364624,0.03998102620244026,0.007263415027409792,0.059910088777542114
poison/poismph/datapoismphseq/poisauth_mph_3f061c0f.csv,2,32,160,0,authentic,0.8289176821708679,0.10817482322454453,0.029613405466079712,0.033294081687927246
poison/poismph/datapoismphseq/poisauth_mph_3f061c0f.csv,3,48,176,0,authentic,0.701916515827179,0.23235127329826355,0.06005633994936943,0.005675834603607655
poison/poismph/datapoismphseq/poisauth_mph_3f061c0f.csv,4,64,192,0,authentic,0.7352359890937805,0.14888866245746613,0.09817998856306076,0.017695358023047447
poison/poismph/datapoismphseq/poisauth_mph_3f06490c.csv,0,0,128,0,authentic,0.6198707818984985,0.19485291838645935,0.16375420987606049,0.021522101014852524
poison/poismph/datapoismphseq/poisauth_mph_3f06490c.csv,1,16,144,0,authentic,0.9916750192642212,0.003561626886948943,0.001725239446386695,0.0030381041578948498
poison/poismph/datapoismphseq/poisauth_mph_3f06490c.csv,2,32,160,0,authentic,0.8016844987869263,0.1000366359949112,0.08896182477474213,0.009317012503743172
poison/poismph/datapoismphseq/poisauth_mph_3f06490c.csv,3,48,176,0,authentic,0.8941604495048523,0.06023075431585312,0.045141950249671936,0.0004666946770157665
poison/poismph/datapoismphseq/poisauth_mph_3f06490c.csv,4,64,192,0,authentic,0.7798801064491272,0.11086291819810867,0.10783838480710983,0.0014186609769240022
poison/poismph/datapoismphseq/poisauth_mph_3f067464.csv,0,0,128,0,authentic,0.8730349540710449,0.04040488973259926,0.035928938537836075,0.050631213933229446
poison/poismph/datapoismphseq/poisauth_mph_3f067464.csv,1,16,144,0,authentic,0.40599325299263,0.19582988321781158,0.345370352268219,0.052806556224823
poison/poismph/datapoismphseq/poisauth_mph_3f067464.csv,2,32,160,0,authentic,0.9294389486312866,0.04150337353348732,0.023709304630756378,0.005348360165953636
poison/poismph/datapoismphseq/poisauth_mph_3f067464.csv,3,48,176,0,authentic,0.7785639762878418,0.10594504326581955,0.09253857284784317,0.022952338680624962
poison/poismph/datapoismphseq/poisauth_mph_3f067464.csv,4,64,192,0,authentic,0.8798139691352844,0.05918359383940697,0.0461290143430233,0.01487348135560751
poison/poismph/datapoismphseq/poisauth_mph_3f067464.csv,5,80,208,0,authentic,0.9139519929885864,0.06015283986926079,0.01786229759454727,0.00803291890770197
poison/poismph/datapoismphseq/poisauth_mph_3f09cfd8.csv,0,0,128,0,authentic,0.9861553907394409,0.0006809275364503264,0.00018900939903687686,0.012974658980965614
poison/poismph/datapoismphseq/poisauth_mph_3f09cfd8.csv,1,16,144,0,authentic,0.9981576204299927,7.171421748353168e-05,2.2854492272017524e-05,0.0017478285590186715
poison/poismph/datapoismphseq/poisauth_mph_3f09cfd8.csv,2,32,160,0,authentic,0.9836087226867676,0.0021868154872208834,0.0004581699031405151,0.013746330514550209
poison/poismph/datapoismphseq/poisauth_mph_3f09cfd8.csv,3,48,176,0,authentic,0.9935029745101929,0.0004092484014108777,6.169258995214477e-05,0.006026146933436394
poison/poismph/datapoismphseq/poisauth_mph_3f09cfd8.csv,4,64,192,0,authentic,0.9903897643089294,0.002394335111603141,0.0010105626424774528,0.006205362267792225
poison/poismph/datapoismphseq/poisauth_mph_3f09cfd8.csv,5,80,208,0,authentic,0.9729889631271362,0.015883874148130417,0.008643372915685177,0.002483764896169305
poison/poismph/datapoismphseq/poisauth_mph_3f09cfd8.csv,6,96,224,0,authentic,0.9492858052253723,0.013675516471266747,0.007645152974873781,0.029393594712018967
poison/poismph/datapoismphseq/poisauth_mph_3f0a1418.csv,0,0,128,0,authentic,0.9691905975341797,0.006129490211606026,0.0043273260816931725,0.020352639257907867
poison/poismph/datapoismphseq/poisauth_mph_3f0a1418.csv,1,16,144,0,authentic,0.9896414875984192,0.0018966264324262738,0.0007986371056176722,0.007663206197321415
poison/poismph/datapoismphseq/poisauth_mph_3f0a1418.csv,2,32,160,0,authentic,0.9298372268676758,0.01963563822209835,0.0024097757413983345,0.04811735451221466
poison/poismph/datapoismphseq/poisauth_mph_3f0a1418.csv,3,48,176,0,authentic,0.7470250725746155,0.15708014369010925,0.07716166973114014,0.018733127042651176
poison/poismph/datapoismphseq/poisauth_mph_3f0a1418.csv,4,64,192,0,authentic,0.946776270866394,0.01773260347545147,0.005795369856059551,0.02969583123922348
poison/poismph/datapoismphseq/poisauth_mph_3f0a1418.csv,5,80,208,0,authentic,0.9510610699653625,0.030275482684373856,0.005711129866540432,0.012952235527336597
poison/poismph/datapoismphseq/poisauth_mph_3f0a1418.csv,6,96,224,0,authentic,0.9747686982154846,0.008558548986911774,0.0032105855643749237,0.013462112285196781
poison/poismph/datapoismphseq/poisauth_mph_3f11b99b.csv,0,0,128,0,authentic,0.9808201193809509,0.004814114887267351,0.0009449178469367325,0.013420951552689075
poison/poismph/datapoismphseq/poisauth_mph_3f11b99b.csv,1,16,144,0,authentic,0.9974379539489746,0.00038189528277143836,5.445208080345765e-05,0.0021256625186651945
poison/poismph/datapoismphseq/poisauth_mph_3f11b99b.csv,2,32,160,0,authentic,0.9925724864006042,0.0008113677031360567,4.477054244489409e-05,0.006571420468389988
poison/poismph/datapoismphseq/poisauth_mph_3f11b99b.csv,3,48,176,0,authentic,0.9969184398651123,0.001145590445958078,0.00013424217468127608,0.0018016353715211153
poison/poismph/datapoismphseq/poisauth_mph_3f11b99b.csv,4,64,192,0,authentic,0.9893245100975037,0.0005327650578692555,3.178551560267806e-05,0.010110992006957531
poison/poismph/datapoismphseq/poisauth_mph_3f11b99b.csv,5,80,208,0,authentic,0.9833727478981018,0.0015850516501814127,0.00011595118849072605,0.014926259405910969
poison/poismph/datapoismphseq/poisauth_mph_3f11b99b.csv,6,96,224,0,authentic,0.872136116027832,0.019649645313620567,0.00046686953282915056,0.1077473908662796
poison/poismph/datapoismphseq/poisauth_mph_3f11b99b.csv,7,112,240,0,authentic,0.946690022945404,0.012514728121459484,0.00045569223584607244,0.040339499711990356
poison/poismph/datapoismphseq/poisauth_mph_3f147d2b.csv,0,0,128,0,authentic,0.8394778370857239,0.05843332037329674,0.07588605582714081,0.026202816516160965
poison/poismph/datapoismphseq/poisauth_mph_3f147d2b.csv,1,16,144,0,authentic,0.46658095717430115,0.24776554107666016,0.2757682800292969,0.009885142557322979
poison/poismph/datapoismphseq/poisauth_mph_3f147d2b.csv,2,32,160,0,authentic,0.7989920377731323,0.1008974015712738,0.06608465313911438,0.0340258814394474
poison/poismph/datapoismphseq/poisauth_mph_3f147d2b.csv,3,48,176,0,authentic,0.6223154664039612,0.1979672759771347,0.06455309689044952,0.11516423523426056
poison/poismph/datapoismphseq/poisauth_mph_3f147d2b.csv,4,64,192,1,modified_altitude,0.35834988951683044,0.3694697916507721,0.20516975224018097,0.06701058149337769
poison/poismph/datapoismphseq/poisauth_mph_3f14d941.csv,0,0,128,0,authentic,0.9989251494407654,0.0001513252209406346,3.072122126468457e-05,0.0008927115704864264
poison/poismph/datapoismphseq/poisauth_mph_3f14d941.csv,1,16,144,0,authentic,0.9836952686309814,0.0012801705161109567,0.0006845195312052965,0.014340033754706383
poison/poismph/datapoismphseq/poisauth_mph_3f14d941.csv,2,32,160,0,authentic,0.9454257488250732,0.006060212384909391,0.002252722391858697,0.04626140743494034
poison/poismph/datapoismphseq/poisauth_mph_3f14d941.csv,3,48,176,0,authentic,0.9668211936950684,0.005973814055323601,0.0026337136514484882,0.024571221321821213
poison/poismph/datapoismphseq/poisauth_mph_3f14d941.csv,4,64,192,0,authentic,0.9594355821609497,0.029612138867378235,0.0066709741950035095,0.004281306639313698
poison/poismph/datapoismphseq/poisauth_mph_3f18df2b.csv,0,0,128,0,authentic,0.9863138198852539,0.002179196570068598,0.0011694577988237143,0.010337564162909985
poison/poismph/datapoismphseq/poisauth_mph_3f18df2b.csv,1,16,144,0,authentic,0.9991782307624817,8.619583968538791e-05,1.2652067198359873e-05,0.0007228461909107864
poison/poismph/datapoismphseq/poisauth_mph_3f18df2b.csv,2,32,160,0,authentic,0.9977482557296753,0.0010236792732030153,0.00017628820205572993,0.0010517342016100883
poison/poismph/datapoismphseq/poisauth_mph_3f18df2b.csv,3,48,176,0,authentic,0.9769788384437561,0.014545561745762825,0.007935883477330208,0.0005397368222475052
poison/poismph/datapoismphseq/poisauth_mph_3f18df2b.csv,4,64,192,0,authentic,0.9964753985404968,0.0015882052248343825,0.00022238536621443927,0.0017139657866209745
poison/poismph/datapoismphseq/poisauth_mph_3f1908f0.csv,0,0,128,0,authentic,0.9999947547912598,1.295035474413453e-07,5.0814312757552216e-09,5.1682964112842456e-06
poison/poismph/datapoismphseq/poisauth_mph_3f1908f0.csv,1,16,144,0,authentic,0.9712267518043518,0.002400126773864031,0.001097006956115365,0.025276103988289833
poison/poismph/datapoismphseq/poisauth_mph_3f1908f0.csv,2,32,160,0,authentic,0.9955045580863953,0.0013195708161219954,0.00020327861420810223,0.0029726552311331034
poison/poismph/datapoismphseq/poisauth_mph_3f1908f0.csv,3,48,176,0,authentic,0.9827907681465149,0.008352533914148808,0.0037669797893613577,0.005089716985821724
poison/poismph/datapoismphseq/poisauth_mph_3f1908f0.csv,4,64,192,0,authentic,0.9104297757148743,0.0408526211977005,0.04369547218084335,0.005022143479436636
poison/poismph/datapoismphseq/poisauth_mph_3f1908f0.csv,5,80,208,0,authentic,0.8214901685714722,0.08991585671901703,0.07252354919910431,0.01607036590576172
poison/poismph/datapoismphseq/poisauth_mph_3f192ee1.csv,0,0,128,0,authentic,0.9959888458251953,0.00027177800075151026,9.168839460471645e-05,0.003647717647254467
poison/poismph/datapoismphseq/poisauth_mph_3f192ee1.csv,1,16,144,0,authentic,0.9766833186149597,0.000864113331772387,0.00025531803839839995,0.022197166457772255
poison/poismph/datapoismphseq/poisauth_mph_3f192ee1.csv,2,32,160,0,authentic,0.9177429676055908,0.041981376707553864,0.03919181227684021,0.0010837538866326213
poison/poismph/datapoismphseq/poisauth_mph_3f192ee1.csv,3,48,176,0,authentic,0.9611196517944336,0.023378856480121613,0.012600721791386604,0.0029006944969296455
poison/poismph/datapoismphseq/poisauth_mph_3f1d4c27.csv,0,0,128,0,authentic,0.9991418123245239,8.420977974310517e-05,6.073601980460808e-06,0.0007679323316551745
poison/poismph/datapoismphseq/poisauth_mph_3f1d4c27.csv,1,16,144,0,authentic,0.7413131594657898,0.10718556493520737,0.1457609236240387,0.005740408785641193
poison/poismph/datapoismphseq/poisauth_mph_3f1d4c27.csv,2,32,160,0,authentic,0.9847606420516968,0.007192641496658325,0.005219363607466221,0.002827277174219489
poison/poismph/datapoismphseq/poisauth_mph_3f1d4c27.csv,3,48,176,0,authentic,0.9422777891159058,0.029930543154478073,0.02509211003780365,0.002699637319892645
poison/poismph/datapoismphseq/poisauth_mph_3f1d787f.csv,0,0,128,0,authentic,0.984590470790863,0.00541260652244091,0.0023938671220093966,0.007603070233017206
poison/poismph/datapoismphseq/poisauth_mph_3f1d787f.csv,1,16,144,0,authentic,0.9978681802749634,0.0004093424940947443,7.299806748051196e-05,0.001649441896006465
poison/poismph/datapoismphseq/poisauth_mph_3f1d787f.csv,2,32,160,0,authentic,0.977013349533081,0.011444784700870514,0.0034052173141390085,0.00813661515712738
poison/poismph/datapoismphseq/poisauth_mph_3f1d787f.csv,3,48,176,0,authentic,0.9857774376869202,0.00641615130007267,0.003357939189299941,0.004448514897376299
poison/poismph/datapoismphseq/poisauth_mph_3f1d787f.csv,4,64,192,0,authentic,0.9978916049003601,0.0005536262760870159,0.00015546116628684103,0.0013993426691740751
poison/poismph/datapoismphseq/poisauth_mph_3f1dc2f5.csv,0,0,128,0,authentic,0.9589689373970032,0.008951641619205475,0.003222667844966054,0.028856666758656502
poison/poismph/datapoismphseq/poisauth_mph_3f1dc2f5.csv,1,16,144,0,authentic,0.9136432409286499,0.034623920917510986,0.029429582878947258,0.022303292527794838
poison/poismph/datapoismphseq/poisauth_mph_3f1dc2f5.csv,2,32,160,0,authentic,0.7290136814117432,0.18572434782981873,0.061614859849214554,0.023647107183933258
poison/poismph/datapoismphseq/poisauth_mph_3f1dc2f5.csv,3,48,176,0,authentic,0.8902251124382019,0.06685761362314224,0.03264326602220535,0.010273957625031471
poison/poismph/datapoismphseq/poisauth_mph_3f1dc2f5.csv,4,64,192,0,authentic,0.9390583634376526,0.02452705055475235,0.02288464456796646,0.013529999181628227
poison/poismph/datapoismphseq/poisauth_mph_3f1dc2f5.csv,5,80,208,0,authentic,0.8034662008285522,0.09694725275039673,0.09828176349401474,0.001304773730225861
poison/poismph/datapoismphseq/poisauth_mph_3f1dc2f5.csv,6,96,224,0,authentic,0.9799079298973083,0.004294668789952993,0.0017224352341145277,0.014074875973165035
poison/poismph/datapoismphseq/poisauth_mph_3f1dc2f5.csv,7,112,240,0,authentic,0.9929791688919067,0.002647912595421076,0.001776585471816361,0.002596460748463869
poison/poismph/datapoismphseq/poisauth_mph_3f1dc2f5.csv,8,128,256,0,authentic,0.9893520474433899,0.0039664022624492645,0.0015550306998193264,0.005126485135406256
poison/poismph/datapoismphseq/poisauth_mph_3f1dc2f5.csv,9,144,272,0,authentic,0.9996829032897949,5.506265733856708e-05,3.838543761958135e-06,0.0002582656452432275
poison/poismph/datapoismphseq/poisauth_mph_3f1dc2f5.csv,10,160,288,0,authentic,0.9898263216018677,0.0015173428691923618,0.00034698471426963806,0.008309369906783104
poison/poismph/datapoismphseq/poisauth_mph_3f1dc2f5.csv,11,176,304,0,authentic,0.8978478312492371,0.05493927001953125,0.020229501649737358,0.026983294636011124
poison/poismph/datapoismphseq/poisauth_mph_3f1dc2f5.csv,12,192,320,0,authentic,0.9453351497650146,0.0401875264942646,0.012401819229125977,0.0020754949655383825
poison/poismph/datapoismphseq/poisauth_mph_3f1dc2f5.csv,13,208,336,0,authentic,0.9868289828300476,0.010931078344583511,0.002080320380628109,0.0001596072397660464
poison/poismph/datapoismphseq/poisauth_mph_3f1dc2f5.csv,14,224,352,0,authentic,0.9750354290008545,0.01902857981622219,0.005253273993730545,0.0006827479228377342
poison/poismph/datapoismphseq/poisauth_mph_3f1dcdbf.csv,0,0,128,0,authentic,0.9952923059463501,0.003269784850999713,0.0009716185159049928,0.0004662354476749897
poison/poismph/datapoismphseq/poisauth_mph_3f1dcdbf.csv,1,16,144,0,authentic,0.7101498246192932,0.13127878308296204,0.15559540688991547,0.002975977025926113
poison/poismph/datapoismphseq/poisauth_mph_3f1dcdbf.csv,2,32,160,0,authentic,0.37985479831695557,0.2567393481731415,0.3608769178390503,0.002529010409489274
poison/poismph/datapoismphseq/poisauth_mph_3f1dcdbf.csv,3,48,176,0,authentic,0.6142536997795105,0.1705024093389511,0.2130030393600464,0.002240819623693824
poison/poismph/datapoismphseq/poisauth_mph_3f1dcdbf.csv,4,64,192,0,authentic,0.7988302111625671,0.09648481011390686,0.10140225291252136,0.003282703459262848
poison/poismph/datapoismphseq/poisauth_mph_3f1dcdbf.csv,5,80,208,0,authentic,0.5729655027389526,0.3532242476940155,0.06878143548965454,0.005028775427490473
poison/poismph/datapoismphseq/poisauth_mph_3f1dcdbf.csv,6,96,224,2,modified_speed,0.23344604671001434,0.1648629754781723,0.6015300154685974,0.00016092925216071308
poison/poismph/datapoismphseq/poisauth_mph_3f1dcdbf.csv,7,112,240,0,authentic,0.9336563944816589,0.03925420343875885,0.019196169450879097,0.007893179543316364
poison/poismph/datapoismphseq/poisauth_mph_3f21e566.csv,0,0,128,0,authentic,0.9910720586776733,0.00026840678765438497,0.0001389441022183746,0.008520555682480335
poison/poismph/datapoismphseq/poisauth_mph_3f21e566.csv,1,16,144,0,authentic,0.6946803331375122,0.10710983723402023,0.18537652492523193,0.012833315879106522
poison/poismph/datapoismphseq/poisauth_mph_3f21e566.csv,2,32,160,0,authentic,0.9653158187866211,0.019071901217103004,0.01437488105148077,0.001237352262251079
poison/poismph/datapoismphseq/poisauth_mph_3f21e566.csv,3,48,176,0,authentic,0.9493507146835327,0.03620230779051781,0.00855821929872036,0.005888741463422775
poison/poismph/datapoismphseq/poisauth_mph_3f21e566.csv,4,64,192,0,authentic,0.9604734778404236,0.024358732625842094,0.006522246636450291,0.008645568042993546
poison/poismph/datapoismphseq/poisauth_mph_3f21e566.csv,5,80,208,0,authentic,0.8198102116584778,0.09135710448026657,0.08609122037887573,0.002741537755355239
poison/poismph/datapoismphseq/poisauth_mph_3f21e566.csv,6,96,224,0,authentic,0.8759756088256836,0.07399562001228333,0.04818166792392731,0.0018471109215170145
poison/poismph/datapoismphseq/poisauth_mph_3f221fe2.csv,0,0,128,0,authentic,0.9207759499549866,0.012320896610617638,0.0022892924025654793,0.06461378931999207
poison/poismph/datapoismphseq/poisauth_mph_3f221fe2.csv,1,16,144,0,authentic,0.616816520690918,0.1882248967885971,0.19466200470924377,0.00029656884726136923
poison/poismph/datapoismphseq/poisauth_mph_3f221fe2.csv,2,32,160,0,authentic,0.9705064296722412,0.018401876091957092,0.010949265211820602,0.00014246892533265054
poison/poismph/datapoismphseq/poisauth_mph_3f2601d9.csv,0,0,128,0,authentic,0.995071291923523,0.001976167783141136,0.0008082957938313484,0.002144342754036188
poison/poismph/datapoismphseq/poisauth_mph_3f2601d9.csv,1,16,144,0,authentic,0.9638093709945679,0.005239331163465977,0.001971807796508074,0.028979388996958733
poison/poismph/datapoismphseq/poisauth_mph_3f2601d9.csv,2,32,160,0,authentic,0.871634840965271,0.05186740309000015,0.021754294633865356,0.054743386805057526
poison/poismph/datapoismphseq/poisauth_mph_3f2601d9.csv,3,48,176,0,authentic,0.7957574129104614,0.04661940783262253,0.02629740536212921,0.13132569193840027
poison/poismph/datapoismphseq/poisauth_mph_3f2601d9.csv,4,64,192,0,authentic,0.952381432056427,0.010866385884582996,0.003649420104920864,0.03310271352529526
poison/poismph/datapoismphseq/poisauth_mph_3f2601d9.csv,5,80,208,0,authentic,0.9191240668296814,0.047177597880363464,0.027608487755060196,0.0060898857191205025
poison/poismph/datapoismphseq/poisauth_mph_3f2601d9.csv,6,96,224,0,authentic,0.9754535555839539,0.013958415947854519,0.008240701630711555,0.00234732567332685
poison/poismph/datapoismphseq/poisauth_mph_3f26b37b.csv,0,0,128,0,authentic,0.9968423843383789,0.00045783279347233474,0.00015763621195219457,0.002542093163356185
poison/poismph/datapoismphseq/poisauth_mph_3f26b37b.csv,1,16,144,0,authentic,0.9865108728408813,0.003475720062851906,0.0018252027221024036,0.008188248611986637
poison/poismph/datapoismphseq/poisauth_mph_3f26b37b.csv,2,32,160,0,authentic,0.9810997843742371,0.004341254476457834,0.0031430076342076063,0.011415963992476463
poison/poismph/datapoismphseq/poisauth_mph_3f26b37b.csv,3,48,176,0,authentic,0.994163453578949,0.002175962319597602,0.0012436771066859365,0.0024170083925127983
poison/poismph/datapoismphseq/poisauth_mph_3f26b37b.csv,4,64,192,0,authentic,0.9889784455299377,0.002929948503151536,0.0004993563634343445,0.007592283189296722
poison/poismph/datapoismphseq/poisauth_mph_3f26dfa5.csv,0,0,128,0,authentic,0.9983985424041748,0.0001525325933471322,6.988680979702622e-05,0.001379027497023344
poison/poismph/datapoismphseq/poisauth_mph_3f26dfa5.csv,1,16,144,0,authentic,0.9016111493110657,0.025179333984851837,0.030731789767742157,0.04247774928808212
poison/poismph/datapoismphseq/poisauth_mph_3f26dfa5.csv,2,32,160,0,authentic,0.9205679893493652,0.022217176854610443,0.002623255830258131,0.05459154397249222
poison/poismph/datapoismphseq/poisauth_mph_3f26dfa5.csv,3,48,176,0,authentic,0.9375566840171814,0.008746984414756298,0.0008656047284603119,0.05283065140247345
poison/poismph/datapoismphseq/poisauth_mph_3f26dfa5.csv,4,64,192,0,authentic,0.9370248317718506,0.007350181695073843,0.0014422102831304073,0.05418269708752632
poison/poismph/datapoismphseq/poisauth_mph_3f26dfa5.csv,5,80,208,0,authentic,0.5561820268630981,0.05493568256497383,0.002560610882937908,0.3863216042518616
poison/poismph/datapoismphseq/poisauth_mph_3f26dfa5.csv,6,96,224,0,authentic,0.9381880760192871,0.002325599081814289,0.00023261223395820707,0.059253718703985214
poison/poismph/datapoismphseq/poisauth_mph_3f2ac3b2.csv,0,0,128,0,authentic,0.9285469651222229,0.00941341184079647,0.006815909408032894,0.05522366613149643
poison/poismph/datapoismphseq/poisauth_mph_3f2ac3b2.csv,1,16,144,0,authentic,0.7967054843902588,0.1073862835764885,0.061753515154123306,0.034154802560806274
poison/poismph/datapoismphseq/poisauth_mph_3f2ac3b2.csv,2,32,160,0,authentic,0.720120370388031,0.19964846968650818,0.07714022696018219,0.0030911024659872055
poison/poismph/datapoismphseq/poisauth_mph_3f2ac3b2.csv,3,48,176,0,authentic,0.9906508326530457,0.0067607625387609005,0.0014827196719124913,0.0011056383373215795
poison/poismph/datapoismphseq/poisauth_mph_3f2b37cf.csv,0,0,128,0,authentic,0.9951281547546387,0.0010659456020221114,0.00024404168652836233,0.0035617437679320574
poison/poismph/datapoismphseq/poisauth_mph_3f2b37cf.csv,1,16,144,0,authentic,0.5336924195289612,0.2472941130399704,0.12700927257537842,0.09200413525104523
poison/poismph/datapoismphseq/poisauth_mph_3f2b37cf.csv,2,32,160,0,authentic,0.961760938167572,0.01796497404575348,0.0042491634376347065,0.0160248763859272
poison/poismph/datapoismphseq/poisauth_mph_3f2b37cf.csv,3,48,176,0,authentic,0.6819201111793518,0.12891028821468353,0.08612455427646637,0.10304500162601471
poison/poismph/datapoismphseq/poisauth_mph_3f2b37cf.csv,4,64,192,0,authentic,0.9782756567001343,0.00837340671569109,0.005211974494159222,0.00813897792249918
poison/poismph/datapoismphseq/poisauth_mph_3f2b37cf.csv,5,80,208,0,authentic,0.870506763458252,0.08895038068294525,0.03560236841440201,0.0049404907040297985
poison/poismph/datapoismphseq/poisauth_mph_3f2e7614.csv,0,0,128,0,authentic,0.9973278045654297,0.001244903076440096,0.00037924916250631213,0.0010480456985533237
poison/poismph/datapoismphseq/poisauth_mph_3f2e7614.csv,1,16,144,0,authentic,0.6446304321289062,0.2820223867893219,0.0521584153175354,0.021188747137784958
poison/poismph/datapoismphseq/poisauth_mph_3f2e7614.csv,2,32,160,0,authentic,0.8338027596473694,0.050717663019895554,0.0019120604265481234,0.1135675460100174
poison/poismph/datapoismphseq/poisauth_mph_3f2e7614.csv,3,48,176,0,authentic,0.917820155620575,0.031171320006251335,0.009843645617365837,0.0411648266017437
poison/poismph/datapoismphseq/poisauth_mph_3f2e7614.csv,4,64,192,0,authentic,0.9605752825737,0.010901156812906265,0.0077505698427557945,0.020772937685251236
poison/poismph/datapoismphseq/poisauth_mph_3f2e7614.csv,5,80,208,0,authentic,0.6417214870452881,0.15407271683216095,0.1471685767173767,0.057037267833948135
poison/poismph/datapoismphseq/poisauth_mph_3f2e8f41.csv,0,0,128,0,authentic,0.9919884204864502,0.002156313508749008,0.0005818846402689815,0.005273318849503994
poison/poismph/datapoismphseq/poisauth_mph_3f2e8f41.csv,1,16,144,0,authentic,0.9872992038726807,0.002176830777898431,0.0006299024680629373,0.009894176386296749
poison/poismph/datapoismphseq/poisauth_mph_3f2e8f41.csv,2,32,160,0,authentic,0.9211753606796265,0.014514114707708359,0.006717798765748739,0.05759270489215851
poison/poismph/datapoismphseq/poisauth_mph_3f2e8f41.csv,3,48,176,0,authentic,0.7609291672706604,0.1340007185935974,0.07263219356536865,0.03243785724043846
poison/poismph/datapoismphseq/poisauth_mph_3f2e8f41.csv,4,64,192,2,modified_speed,0.07310079038143158,0.1841908097267151,0.7426947355270386,1.364259787806077e-05
poison/poismph/datapoismphseq/poisauth_mph_3f325ccc.csv,0,0,128,0,authentic,0.910706102848053,0.054035384207963943,0.030986279249191284,0.0042721484787762165
poison/poismph/datapoismphseq/poisauth_mph_3f325ccc.csv,1,16,144,0,authentic,0.9860868453979492,0.0060411966405808926,0.001038812566548586,0.006833260878920555
poison/poismph/datapoismphseq/poisauth_mph_3f325ccc.csv,2,32,160,0,authentic,0.9981942772865295,0.0007672504871152341,0.00010868951358133927,0.0009297545184381306
poison/poismph/datapoismphseq/poisauth_mph_3f325ccc.csv,3,48,176,0,authentic,0.9952635169029236,0.003311477368697524,0.0010697519173845649,0.00035524374106898904
poison/poismph/datapoismphseq/poisauth_mph_3f325ccc.csv,4,64,192,0,authentic,0.8057882785797119,0.06112475320696831,0.016380326822400093,0.11670669168233871
poison/poismph/datapoismphseq/poisauth_mph_3f35c134.csv,0,0,128,0,authentic,0.998774528503418,0.00011919795360881835,2.3687614884693176e-05,0.0010826261714100838
poison/poismph/datapoismphseq/poisauth_mph_3f35c134.csv,1,16,144,0,authentic,0.9866238236427307,0.002441564342007041,0.0009535924764350057,0.009981010109186172
poison/poismph/datapoismphseq/poisauth_mph_3f35c134.csv,2,32,160,0,authentic,0.9880617260932922,0.0026811326388269663,0.0002867401053663343,0.00897026527673006
poison/poismph/datapoismphseq/poisauth_mph_3f35c134.csv,3,48,176,0,authentic,0.9670291543006897,0.006514523644000292,0.0011804375099018216,0.025275876745581627
poison/poismph/datapoismphseq/poisauth_mph_3f35c134.csv,4,64,192,0,authentic,0.883694589138031,0.07661740481853485,0.031533464789390564,0.008154518902301788
poison/poismph/datapoismphseq/poisauth_mph_3f35c134.csv,5,80,208,0,authentic,0.9726783633232117,0.013609548099339008,0.005738695617765188,0.007973372004926205
poison/poismph/datapoismphseq/poisauth_mph_3f360050.csv,0,0,128,0,authentic,0.9810084700584412,0.00886957161128521,0.008542858995497227,0.0015790782636031508
poison/poismph/datapoismphseq/poisauth_mph_3f360050.csv,1,16,144,0,authentic,0.9916921257972717,0.003292638109996915,0.002703739097341895,0.002311432035639882
poison/poismph/datapoismphseq/poisauth_mph_3f360050.csv,2,32,160,0,authentic,0.9486989378929138,0.023640884086489677,0.019319448620080948,0.008340778760612011
poison/poismph/datapoismphseq/poisauth_mph_3f360050.csv,3,48,176,0,authentic,0.9569016098976135,0.0066283331252634525,0.0036828601732850075,0.032787151634693146
poison/poismph/datapoismphseq/poisauth_mph_3f360050.csv,4,64,192,0,authentic,0.9442919492721558,0.03758903965353966,0.01109152752906084,0.007027480751276016
poison/poismph/datapoismphseq/poisauth_mph_3f360050.csv,5,80,208,0,authentic,0.9696834087371826,0.021264389157295227,0.007228444330394268,0.0018237507902085781
poison/poismph/datapoismphseq/poisauth_mph_3f360050.csv,6,96,224,0,authentic,0.9379668235778809,0.035227298736572266,0.020481690764427185,0.00632407097145915
poison/poismph/datapoismphseq/poisauth_mph_3f3a3ec1.csv,0,0,128,0,authentic,0.9999716877937317,7.394319254672155e-07,3.461074626898153e-08,2.7639382096822374e-05
poison/poismph/datapoismphseq/poisauth_mph_3f3a3ec1.csv,1,16,144,0,authentic,0.9978759288787842,0.00032955524511635303,6.94359841872938e-05,0.001725152600556612
poison/poismph/datapoismphseq/poisauth_mph_3f3a3ec1.csv,2,32,160,0,authentic,0.9588561654090881,0.007220906671136618,0.004896881524473429,0.029025988653302193
poison/poismph/datapoismphseq/poisauth_mph_3f3a3ec1.csv,3,48,176,0,authentic,0.9931530952453613,0.003040876006707549,0.0013406567741185427,0.0024653258733451366
poison/poismph/datapoismphseq/poisauth_mph_3f3a3ec1.csv,4,64,192,0,authentic,0.8848293423652649,0.04894508793950081,0.04308383911848068,0.02314172498881817
poison/poismph/datapoismphseq/poisauth_mph_3f3a3ec1.csv,5,80,208,0,authentic,0.9595623016357422,0.009613300673663616,0.0022448203526437283,0.02857952192425728
poison/poismph/datapoismphseq/poisauth_mph_3f3a3ec1.csv,6,96,224,0,authentic,0.9733566641807556,0.004768271930515766,0.0021943349856883287,0.019680757075548172
poison/poismph/datapoismphseq/poisauth_mph_3f3a3ec1.csv,7,112,240,0,authentic,0.8451479077339172,0.02623699977993965,0.026500161737203598,0.10211504250764847
poison/poismph/datapoismphseq/poisauth_mph_3f3a3ec1.csv,8,128,256,0,authentic,0.9762016534805298,0.002390786539763212,0.0012900290312245488,0.02011760137975216
poison/poismph/datapoismphseq/poisauth_mph_3f3a3ec1.csv,9,144,272,0,authentic,0.6288571357727051,0.038934238255023956,0.015578321181237698,0.3166303038597107
poison/poismph/datapoismphseq/poisauth_mph_3f3a3ec1.csv,10,160,288,0,authentic,0.9331428408622742,0.016440322622656822,0.0009403614676557481,0.04947645962238312
poison/poismph/datapoismphseq/poisauth_mph_3f3a49a0.csv,0,0,128,0,authentic,0.9375317096710205,0.045018505305051804,0.015060573816299438,0.002389216097071767
poison/poismph/datapoismphseq/poisauth_mph_3f3a49a0.csv,1,16,144,0,authentic,0.9950752258300781,0.0032182238064706326,0.0009003212326206267,0.0008062480483204126
poison/poismph/datapoismphseq/poisauth_mph_3f3a49a0.csv,2,32,160,0,authentic,0.9952463507652283,0.0020855828188359737,0.0006211385480128229,0.0020469510927796364
poison/poismph/datapoismphseq/poisauth_mph_3f3a49a0.csv,3,48,176,0,authentic,0.9989944100379944,0.00024480020510964096,4.4791653635911644e-05,0.0007159140077419579
poison/poismph/datapoismphseq/poisauth_mph_3f3a49a0.csv,4,64,192,0,authentic,0.9925002455711365,0.004853764548897743,0.0016997287748381495,0.0009463257738389075
poison/poismph/datapoismphseq/poisauth_mph_3f3a49a0.csv,5,80,208,0,authentic,0.9977425336837769,0.0015778352972120047,0.00047508245916105807,0.0002045505534624681
poison/poismph/datapoismphseq/poisauth_mph_3f3e624f.csv,0,0,128,0,authentic,0.9404231905937195,0.009873480536043644,0.007024480029940605,0.04267876595258713
poison/poismph/datapoismphseq/poisauth_mph_3f3e624f.csv,1,16,144,0,authentic,0.9858755469322205,0.00721703702583909,0.003924855031073093,0.002982603618875146
poison/poismph/datapoismphseq/poisauth_mph_3f3e624f.csv,2,32,160,0,authentic,0.9784478545188904,0.01259264349937439,0.007008280139416456,0.0019511485006660223
poison/poismph/datapoismphseq/poisauth_mph_3f3e624f.csv,3,48,176,0,authentic,0.958389163017273,0.027603618800640106,0.01255468837916851,0.0014524218859151006
poison/poismph/datapoismphseq/poisauth_mph_3f3e624f.csv,4,64,192,0,authentic,0.9999594688415527,5.326119662640849e-06,7.468938889587662e-08,3.511312388582155e-05
poison/poismph/datapoismphseq/poisauth_mph_3f3e624f.csv,5,80,208,0,authentic,0.9997629523277283,2.053132811852265e-05,2.1118846689205384e-06,0.00021438558178488165
poison/poismph/datapoismphseq/poisauth_mph_3f421169.csv,0,0,128,0,authentic,0.9942626357078552,0.0021113937254995108,0.000996440532617271,0.002629490802064538
poison/poismph/datapoismphseq/poisauth_mph_3f421169.csv,1,16,144,0,authentic,0.9716036319732666,0.0019666492007672787,0.0012196911266073585,0.025209994986653328
poison/poismph/datapoismphseq/poisauth_mph_3f421169.csv,2,32,160,0,authentic,0.9892399907112122,0.0015221730573102832,0.00028824852779507637,0.008949549868702888
poison/poismph/datapoismphseq/poisauth_mph_3f421169.csv,3,48,176,0,authentic,0.8745251893997192,0.04447995498776436,0.024129988625645638,0.05686493217945099
poison/poismph/datapoismphseq/poisauth_mph_3f421169.csv,4,64,192,0,authentic,0.9456216096878052,0.009948384016752243,0.002972058951854706,0.04145792871713638
poison/poismph/datapoismphseq/poisauth_mph_3f421169.csv,5,80,208,0,authentic,0.9629823565483093,0.017254456877708435,0.017723405733704567,0.0020397694315761328
poison/poismph/datapoismphseq/poisauth_mph_3f421169.csv,6,96,224,0,authentic,0.44722333550453186,0.21519094705581665,0.330964058637619,0.006621607579290867
poison/poismph/datapoismphseq/poisauth_mph_3f421169.csv,7,112,240,0,authentic,0.9865272045135498,0.009168202988803387,0.00396544998511672,0.00033907327451743186
poison/poismph/datapoismphseq/poisauth_mph_3f42884e.csv,0,0,128,0,authentic,0.9985873699188232,0.0008907503797672689,0.00012522784527391195,0.00039666114025749266
poison/poismph/datapoismphseq/poisauth_mph_3f42884e.csv,1,16,144,0,authentic,0.9137776494026184,0.04772505536675453,0.029192248359322548,0.00930500216782093
poison/poismph/datapoismphseq/poisauth_mph_3f42884e.csv,2,32,160,0,authentic,0.36616772413253784,0.3123372793197632,0.3174525797367096,0.004042454529553652
poison/poismph/datapoismphseq/poisauth_mph_3f42884e.csv,3,48,176,0,authentic,0.4696860611438751,0.36799782514572144,0.16204723715782166,0.00026887370040640235
poison/poismph/datapoismphseq/poisauth_mph_3f42884e.csv,4,64,192,0,authentic,0.9999924898147583,5.729177701141452e-06,1.0687712403978367e-07,1.6823732948978432e-06
poison/poismph/datapoismphseq/poisauth_mph_3f42c0c7.csv,0,0,128,0,authentic,0.9990565180778503,5.3217696404317394e-05,6.078078058635583e-06,0.0008841708768159151
poison/poismph/datapoismphseq/poisauth_mph_3f42c0c7.csv,1,16,144,0,authentic,0.9503771662712097,0.005440462380647659,0.0048007722944021225,0.03938150033354759
poison/poismph/datapoismphseq/poisauth_mph_3f42c0c7.csv,2,32,160,0,authentic,0.9303823709487915,0.02957618236541748,0.010499553754925728,0.02954176999628544
poison/poismph/datapoismphseq/poisauth_mph_3f42c0c7.csv,3,48,176,0,authentic,0.7650015354156494,0.1578243523836136,0.05298558622598648,0.024188559502363205
poison/poismph/datapoismphseq/poisauth_mph_3f42c0c7.csv,4,64,192,0,authentic,0.9272271990776062,0.061238404363393784,0.008135697804391384,0.0033986708149313927
poison/poismph/datapoismphseq/poisauth_mph_3f46c72a.csv,0,0,128,0,authentic,0.9844882488250732,0.0010290152858942747,0.00022302202705759555,0.01425966713577509
poison/poismph/datapoismphseq/poisauth_mph_3f46c72a.csv,1,16,144,0,authentic,0.9992908835411072,0.00012477193376980722,3.944892523577437e-05,0.0005450125900097191
poison/poismph/datapoismphseq/poisauth_mph_3f46c72a.csv,2,32,160,0,authentic,0.9898785352706909,0.004864619579166174,0.004488720092922449,0.0007680074195377529
poison/poismph/datapoismphseq/poisauth_mph_3f46c72a.csv,3,48,176,0,authentic,0.9996005892753601,0.00017233194375876337,6.637136539211497e-05,0.000160799638251774
poison/poismph/datapoismphseq/poisauth_mph_3f46c72a.csv,4,64,192,0,authentic,0.9991826415061951,0.00034929669345729053,0.00014433030446525663,0.0003236450138501823
poison/poismph/datapoismphseq/poisauth_mph_3f46c72a.csv,5,80,208,0,authentic,0.9989608526229858,0.00041435714229010046,0.00017382801161147654,0.0004510172875598073
poison/poismph/datapoismphseq/poisauth_mph_3f46c72a.csv,6,96,224,0,authentic,0.9932520985603333,0.0017778315814211965,0.0009916473645716906,0.003978373017162085
poison/poismph/datapoismphseq/poisauth_mph_3f46ee35.csv,0,0,128,0,authentic,0.9999949932098389,4.460958535901227e-08,1.1336975802578309e-09,4.970919690094888e-06
poison/poismph/datapoismphseq/poisauth_mph_3f46ee35.csv,1,16,144,0,authentic,0.895140528678894,0.007994312793016434,0.006896479520946741,0.0899687111377716
poison/poismph/datapoismphseq/poisauth_mph_3f46ee35.csv,2,32,160,0,authentic,0.8834805488586426,0.05104441195726395,0.01519116573035717,0.05028396472334862
poison/poismph/datapoismphseq/poisauth_mph_3f46ee35.csv,3,48,176,0,authentic,0.9049019813537598,0.0674670934677124,0.02469269186258316,0.0029382403008639812
poison/poismph/datapoismphseq/poisauth_mph_3f46ee35.csv,4,64,192,0,authentic,0.8561565279960632,0.09040749073028564,0.05246345326304436,0.0009725660202093422
poison/poismph/datapoismphseq/poisauth_mph_3f4ac1e4.csv,0,0,128,0,authentic,0.9987441897392273,0.0005870213499292731,0.00011665526835713536,0.000552217592485249
poison/poismph/datapoismphseq/poisauth_mph_3f4ac1e4.csv,1,16,144,0,authentic,0.8563387393951416,0.04883180931210518,0.04092419520020485,0.05390515178442001
poison/poismph/datapoismphseq/poisauth_mph_3f4ac1e4.csv,2,32,160,0,authentic,0.9921257495880127,0.004990579094737768,0.0012112457770854235,0.0016725604655221105
poison/poismph/datapoismphseq/poisauth_mph_3f4ac1e4.csv,3,48,176,0,authentic,0.352830708026886,0.33242833614349365,0.31411075592041016,0.0006301970570348203
poison/poismph/datapoismphseq/poisauth_mph_3f4ac1e4.csv,4,64,192,0,authentic,0.7134969830513,0.18249770998954773,0.10306457430124283,0.0009407454635947943
poison/poismph/datapoismphseq/poisauth_mph_3f4dc55d.csv,0,0,128,0,authentic,0.9997352957725525,1.2928252544952556e-05,1.2734174106299179e-06,0.000250605313340202
poison/poismph/datapoismphseq/poisauth_mph_3f4dc55d.csv,1,16,144,0,authentic,0.9363163709640503,0.024902397766709328,0.013453444465994835,0.025327779352664948
poison/poismph/datapoismphseq/poisauth_mph_3f4dc55d.csv,2,32,160,0,authentic,0.9264936447143555,0.04344306141138077,0.01819128915667534,0.011871972121298313
poison/poismph/datapoismphseq/poisauth_mph_3f4dc55d.csv,3,48,176,0,authentic,0.9217745065689087,0.014516581781208515,0.009763438254594803,0.05394547060132027
poison/poismph/datapoismphseq/poisauth_mph_3f4dc55d.csv,4,64,192,0,authentic,0.534248411655426,0.22960035502910614,0.18768827617168427,0.04846300557255745
poison/poismph/datapoismphseq/poisauth_mph_3f4dc55d.csv,5,80,208,0,authentic,0.7428704500198364,0.1424468457698822,0.09891161322593689,0.015771105885505676
poison/poismph/datapoismphseq/poisauth_mph_3f4dc55d.csv,6,96,224,0,authentic,0.66118323802948,0.19164852797985077,0.1431664228439331,0.004001843277364969
poison/poismph/datapoismphseq/poisauth_mph_3f4ddd02.csv,0,0,128,0,authentic,0.9997997879981995,7.619560165039729e-06,9.767520623427117e-07,0.00019164646801073104
poison/poismph/datapoismphseq/poisauth_mph_3f4ddd02.csv,1,16,144,0,authentic,0.9465880990028381,0.019055312499403954,0.012217908166348934,0.022138705477118492
poison/poismph/datapoismphseq/poisauth_mph_3f4ddd02.csv,2,32,160,0,authentic,0.8193714618682861,0.09502702206373215,0.01673024706542492,0.06887122988700867
poison/poismph/datapoismphseq/poisauth_mph_3f4ddd02.csv,3,48,176,0,authentic,0.6122308969497681,0.14620059728622437,0.00876232422888279,0.23280610144138336
poison/poismph/datapoismphseq/poisauth_mph_3f4ddd02.csv,4,64,192,0,authentic,0.6932350993156433,0.0331360399723053,0.000979851232841611,0.27264904975891113
poison/poismph/datapoismphseq/poisauth_mph_3f4ddd02.csv,5,80,208,0,authentic,0.823223352432251,0.0441540963947773,0.006863714661449194,0.1257588416337967
poison/poismph/datapoismphseq/poisauth_mph_3f5229d9.csv,0,0,128,0,authentic,0.9934176802635193,0.003501747502014041,0.0016798507422208786,0.0014007623540237546
poison/poismph/datapoismphseq/poisauth_mph_3f5229d9.csv,1,16,144,0,authentic,0.9991067051887512,0.00010600135283311829,3.5486813430907205e-05,0.0007518077036365867
poison/poismph/datapoismphseq/poisauth_mph_3f5229d9.csv,2,32,160,0,authentic,0.9993050694465637,0.0003955089778173715,9.927971404977143e-05,0.00020017124188598245
poison/poismph/datapoismphseq/poisauth_mph_3f5229d9.csv,3,48,176,0,authentic,0.9799723029136658,0.012413223274052143,0.005968580953776836,0.0016458717873319983
poison/poismph/datapoismphseq/poisauth_mph_3f5229d9.csv,4,64,192,0,authentic,0.9886982440948486,0.007342520169913769,0.003281783778220415,0.0006773997447453439
poison/poismph/datapoismphseq/poisauth_mph_3f5229d9.csv,5,80,208,0,authentic,0.846034049987793,0.0740080177783966,0.07231541723012924,0.0076425508596003056
poison/poismph/datapoismphseq/poisauth_mph_3f5229d9.csv,6,96,224,0,authentic,0.9741001725196838,0.013380114920437336,0.008662644773721695,0.003857068717479706
poison/poismph/datapoismphseq/poisauth_mph_3f5229d9.csv,7,112,240,0,authentic,0.7987274527549744,0.08895310014486313,0.10186786204576492,0.010451560840010643
poison/poismph/datapoismphseq/poisauth_mph_3f5229d9.csv,8,128,256,0,authentic,0.9637299180030823,0.019479351118206978,0.013666413724422455,0.0031242973636835814
poison/poismph/datapoismphseq/poisauth_mph_3f5229d9.csv,9,144,272,0,authentic,0.998111367225647,0.0008642914472147822,0.00024256104370579123,0.0007817961159162223
poison/poismph/datapoismphseq/poisauth_mph_3f5229d9.csv,10,160,288,0,authentic,0.908341109752655,0.046250127255916595,0.009302702732384205,0.03610605373978615
poison/poismph/datapoismphseq/poisauth_mph_3f52687e.csv,0,0,128,0,authentic,0.9991304874420166,0.000495785556267947,0.00010371443931944668,0.00026986043667420745
poison/poismph/datapoismphseq/poisauth_mph_3f52687e.csv,1,16,144,0,authentic,0.9960969090461731,0.0009592254646122456,0.00029218781855888665,0.0026517657097429037
poison/poismph/datapoismphseq/poisauth_mph_3f52687e.csv,2,32,160,0,authentic,0.9994755387306213,0.00021255265164654702,4.194940265733749e-05,0.0002699978940654546
poison/poismph/datapoismphseq/poisauth_mph_3f52687e.csv,3,48,176,0,authentic,0.9982559084892273,0.0009718322544358671,0.00017485783610027283,0.0005972915678285062
poison/poismph/datapoismphseq/poisauth_mph_3f52687e.csv,4,64,192,0,authentic,0.9381722211837769,0.04751463234424591,0.010207472369074821,0.004105647560209036
poison/poismph/datapoismphseq/poisauth_mph_3f52687e.csv,5,80,208,0,authentic,0.8767077326774597,0.08377087116241455,0.03935358300805092,0.00016787809727247804
poison/poismph/datapoismphseq/poisauth_mph_3f52687e.csv,6,96,224,0,authentic,0.7257398962974548,0.07596886157989502,0.19589002430438995,0.002401308622211218
poison/poismph/datapoismphseq/poisauth_mph_3f5af0e7.csv,0,0,128,0,authentic,0.8248435258865356,0.04059533029794693,0.03501506894826889,0.09954611212015152
poison/poismph/datapoismphseq/poisauth_mph_3f5af0e7.csv,1,16,144,0,authentic,0.9936943054199219,0.004318158607929945,0.0011434355983510613,0.0008441078243777156
poison/poismph/datapoismphseq/poisauth_mph_3f5af0e7.csv,2,32,160,0,authentic,0.9293609261512756,0.03888456150889397,0.01959213800728321,0.012162384577095509
poison/poismph/datapoismphseq/poisauth_mph_3f5af0e7.csv,3,48,176,0,authentic,0.8723261952400208,0.05855000019073486,0.029115643352270126,0.04000820219516754
poison/poismph/datapoismphseq/poisauth_mph_3f5af0e7.csv,4,64,192,0,authentic,0.7150062918663025,0.13631585240364075,0.1402805596590042,0.008397330529987812
poison/poismph/datapoismphseq/poisauth_mph_3f5f1cea.csv,0,0,128,0,authentic,0.9999224543571472,1.9388473901926773e-06,2.1988326182054152e-07,7.545528205810115e-05
poison/poismph/datapoismphseq/poisauth_mph_3f5f1cea.csv,1,16,144,1,modified_altitude,0.2184107005596161,0.44341617822647095,0.3337061107158661,0.004466966260224581
poison/poismph/datapoismphseq/poisauth_mph_3f5f1cea.csv,2,32,160,0,authentic,0.7692838907241821,0.14557155966758728,0.029981989413499832,0.05516265705227852
poison/poismph/datapoismphseq/poisauth_mph_3f5f1cea.csv,3,48,176,1,modified_altitude,0.27166783809661865,0.37505781650543213,0.30635884404182434,0.04691540077328682
poison/poismph/datapoismphseq/poisauth_mph_3f5f1cea.csv,4,64,192,2,modified_speed,0.20297005772590637,0.33568018674850464,0.45332643389701843,0.008023387752473354
poison/poismph/datapoismphseq/poisauth_mph_3f5f1cea.csv,5,80,208,0,authentic,0.5023635029792786,0.2259250283241272,0.26070788502693176,0.011003597639501095
poison/poismph/datapoismphseq/poisauth_mph_3f5f4746.csv,0,0,128,0,authentic,0.9919093251228333,0.0006791112828068435,0.00010416068107588217,0.00730740325525403
poison/poismph/datapoismphseq/poisauth_mph_3f5f4746.csv,1,16,144,0,authentic,0.9909851551055908,0.000931857037357986,0.0003667745040729642,0.00771629111841321
poison/poismph/datapoismphseq/poisauth_mph_3f5f4746.csv,2,32,160,0,authentic,0.935741126537323,0.01930835098028183,0.006430775858461857,0.03851970657706261
poison/poismph/datapoismphseq/poisauth_mph_3f5f4746.csv,3,48,176,0,authentic,0.9798700213432312,0.010823811404407024,0.004999733995646238,0.004306418355554342
poison/poismph/datapoismphseq/poisauth_mph_3f5f4746.csv,4,64,192,0,authentic,0.9944376945495605,0.004301152192056179,0.0009777984814718366,0.0002834537299349904
poison/poismph/datapoismphseq/poisauth_mph_3f5f559d.csv,0,0,128,0,authentic,0.9976497292518616,0.0011687083169817924,0.00034105509985238314,0.0008405031403526664
poison/poismph/datapoismphseq/poisauth_mph_3f5f559d.csv,1,16,144,0,authentic,0.997826874256134,0.0014338132459670305,0.0003619454219006002,0.00037738028913736343
poison/poismph/datapoismphseq/poisauth_mph_3f5f559d.csv,2,32,160,1,modified_altitude,0.26691919565200806,0.5203726887702942,0.001502583036199212,0.21120555698871613
poison/poismph/datapoismphseq/poisauth_mph_3f66d87a.csv,0,0,128,0,authentic,0.9888932704925537,0.0015541191678494215,0.0004913980956189334,0.009061319753527641
poison/poismph/datapoismphseq/poisauth_mph_3f66d87a.csv,1,16,144,0,authentic,0.9985864162445068,0.00021365779684856534,2.2133222955744714e-05,0.0011777437757700682
poison/poismph/datapoismphseq/poisauth_mph_3f66d87a.csv,2,32,160,0,authentic,0.9972001314163208,0.00027003060677088797,1.3185121133574285e-05,0.0025165805127471685
poison/poismph/datapoismphseq/poisauth_mph_3f66d87a.csv,3,48,176,0,authentic,0.9777681827545166,0.0034923129715025425,0.0006060331943444908,0.018133368343114853
poison/poismph/datapoismphseq/poisauth_mph_3f66d87a.csv,4,64,192,0,authentic,0.9262023568153381,0.03087787888944149,0.006074802950024605,0.03684501349925995
poison/poismph/datapoismphseq/poisauth_mph_3f66d87a.csv,5,80,208,0,authentic,0.9929975271224976,0.0025896229781210423,0.0004841191112063825,0.003928695805370808
poison/poismph/datapoismphseq/poisauth_mph_3f67096a.csv,0,0,128,0,authentic,0.9996424913406372,9.936885180650279e-05,2.0635357941500843e-05,0.00023752047854941338
poison/poismph/datapoismphseq/poisauth_mph_3f67096a.csv,1,16,144,0,authentic,0.9840811491012573,0.002651596674695611,0.0017536769155412912,0.011513552628457546
poison/poismph/datapoismphseq/poisauth_mph_3f67096a.csv,2,32,160,0,authentic,0.8288873434066772,0.036245573312044144,0.044922951608896255,0.08994407206773758
poison/poismph/datapoismphseq/poisauth_mph_3f67096a.csv,3,48,176,0,authentic,0.9671897292137146,0.008401983417570591,0.007972108200192451,0.016436157748103142
poison/poismph/datapoismphseq/poisauth_mph_3f67096a.csv,4,64,192,0,authentic,0.9214023947715759,0.022706300020217896,0.02027817629277706,0.03561323508620262
poison/poismph/datapoismphseq/poisauth_mph_3f67096a.csv,5,80,208,0,authentic,0.9826481342315674,0.003436377504840493,0.001721252454444766,0.012194257229566574
poison/poismph/datapoismphseq/poisauth_mph_3f67096a.csv,6,96,224,0,authentic,0.9389897584915161,0.033040065318346024,0.00842693168669939,0.01954323798418045
poison/poismph/datapoismphseq/poisauth_mph_3f67096a.csv,7,112,240,0,authentic,0.8315882682800293,0.1542886346578598,0.006131782196462154,0.007991298101842403
poison/poismph/datapoismphseq/poisauth_mph_3f67096a.csv,8,128,256,0,authentic,0.9099618196487427,0.01520450133830309,0.007698001805692911,0.06713557988405228
poison/poismph/datapoismphseq/poisauth_mph_3f67096a.csv,9,144,272,0,authentic,0.9079164266586304,0.03696645796298981,0.005623136181384325,0.049494028091430664
poison/poismph/datapoismphseq/poisauth_mph_3f67096a.csv,10,160,288,0,authentic,0.8636332750320435,0.034773264080286026,0.0030774371698498726,0.09851603209972382
poison/poismph/datapoismphseq/poisauth_mph_3f67096a.csv,11,176,304,0,authentic,0.9430187344551086,0.009471764788031578,0.0012779505923390388,0.04623152315616608
poison/poismph/datapoismphseq/poisauth_mph_3f67096a.csv,12,192,320,0,authentic,0.986447811126709,0.01019373070448637,0.002485110657289624,0.0008733830763958395
poison/poismph/datapoismphseq/poisauth_mph_3f67096a.csv,13,208,336,0,authentic,0.9949275255203247,0.0026100059039890766,0.00034701585536822677,0.0021154298447072506
poison/poismph/datapoismphseq/poisauth_mph_3f67096a.csv,14,224,352,0,authentic,0.9910690784454346,0.005578329320997,0.0006310673197731376,0.00272157764993608
poison/poismph/datapoismphseq/poisauth_mph_3f67096a.csv,15,240,368,0,authentic,0.9991000294685364,0.000716641778126359,7.561175880255178e-05,0.0001076697080861777
poison/poismph/datapoismphseq/poisauth_mph_3f67096a.csv,16,256,384,0,authentic,0.9994813799858093,0.0002359475620323792,3.156425373163074e-05,0.0002511332568246871
poison/poismph/datapoismphseq/poisauth_mph_3f67096a.csv,17,272,400,0,authentic,0.9979919195175171,0.0005885097780264914,0.00013103376841172576,0.0012884686002507806
poison/poismph/datapoismphseq/poisauth_mph_3f67096a.csv,18,288,416,0,authentic,0.9995694756507874,3.158992331009358e-05,3.908086455339799e-06,0.00039503228617832065
poison/poismph/datapoismphseq/poisauth_mph_3f6a9c9b.csv,0,0,128,0,authentic,0.9815323352813721,0.005343172233551741,0.0030067700427025557,0.010117709636688232
poison/poismph/datapoismphseq/poisauth_mph_3f6a9c9b.csv,1,16,144,0,authentic,0.8682449460029602,0.02033887803554535,0.017642714083194733,0.0937734916806221
poison/poismph/datapoismphseq/poisauth_mph_3f6a9c9b.csv,2,32,160,0,authentic,0.9621554017066956,0.01738903485238552,0.008015453815460205,0.012440165504813194
poison/poismph/datapoismphseq/poisauth_mph_3f6a9c9b.csv,3,48,176,0,authentic,0.8957093358039856,0.08252622932195663,0.020354606211185455,0.0014098520623520017
poison/poismph/datapoismphseq/poisauth_mph_3f6a9c9b.csv,4,64,192,0,authentic,0.7220452427864075,0.15683655440807343,0.12097978591918945,0.00013850838877260685
poison/poismph/datapoismphseq/poisauth_mph_3f6b0792.csv,0,0,128,0,authentic,0.9876781702041626,0.007351689040660858,0.0031814074609428644,0.0017887175781652331
poison/poismph/datapoismphseq/poisauth_mph_3f6b0792.csv,1,16,144,0,authentic,0.9994519948959351,3.27181005559396e-05,6.7904543357144576e-06,0.0005085153388790786
poison/poismph/datapoismphseq/poisauth_mph_3f6b0792.csv,2,32,160,0,authentic,0.9995638132095337,8.37850384414196e-05,1.3723706615564879e-05,0.00033870560582727194
poison/poismph/datapoismphseq/poisauth_mph_3f6b0792.csv,3,48,176,0,authentic,0.9906970858573914,0.0045476919040083885,0.0011800900101661682,0.0035751282703131437
poison/poismph/datapoismphseq/poisauth_mph_3f6b0792.csv,4,64,192,0,authentic,0.9987175464630127,0.00036950610228814185,7.504377572331578e-05,0.0008378946222364902
poison/poismph/datapoismphseq/poisauth_mph_3f6b0792.csv,5,80,208,0,authentic,0.9346758127212524,0.04160318151116371,0.0031823404133319855,0.020538663491606712
poison/poismph/datapoismphseq/poisauth_mph_3f6b0792.csv,6,96,224,0,authentic,0.9868119955062866,0.005009189248085022,0.0003442469460424036,0.007834517396986485
poison/poismph/datapoismphseq/poisauth_mph_3f6b0792.csv,7,112,240,3,modified_position,0.3455698490142822,0.17255555093288422,0.0014903924893587828,0.48038411140441895
poison/poismph/datapoismphseq/poisauth_mph_3f6e8fbb.csv,0,0,128,0,authentic,0.9910218715667725,0.004152075853198767,0.002484465716406703,0.002341489540413022
poison/poismph/datapoismphseq/poisauth_mph_3f6e8fbb.csv,1,16,144,0,authentic,0.9983709454536438,0.0003134864673484117,7.853165152482688e-05,0.001237112795934081
poison/poismph/datapoismphseq/poisauth_mph_3f6e8fbb.csv,2,32,160,0,authentic,0.9669985175132751,0.020641984418034554,0.007816562429070473,0.004542854148894548
poison/poismph/datapoismphseq/poisauth_mph_3f6e8fbb.csv,3,48,176,0,authentic,0.996123731136322,0.0012710372684523463,0.0004814755520783365,0.0021237297914922237
poison/poismph/datapoismphseq/poisauth_mph_3f6e8fbb.csv,4,64,192,0,authentic,0.9040237069129944,0.012059771455824375,0.007489674724638462,0.07642678916454315
poison/poismph/datapoismphseq/poisauth_mph_3f6e8fbb.csv,5,80,208,0,authentic,0.9807648062705994,0.006293467711657286,0.00318140909075737,0.009760275483131409
poison/poismph/datapoismphseq/poisauth_mph_3f6e8fbb.csv,6,96,224,0,authentic,0.8855381608009338,0.029654989019036293,0.024990009143948555,0.059816792607307434
poison/poismph/datapoismphseq/poisauth_mph_3f6ed9ff.csv,0,0,128,0,authentic,0.9812586903572083,0.0015583100030198693,0.0007743031019344926,0.016408653929829597
poison/poismph/datapoismphseq/poisauth_mph_3f6ed9ff.csv,1,16,144,0,authentic,0.9363067746162415,0.010977243073284626,0.0083927595987916,0.044323090463876724
poison/poismph/datapoismphseq/poisauth_mph_3f6ed9ff.csv,2,32,160,0,authentic,0.9947616457939148,0.002019998151808977,0.0008832523017190397,0.0023351141717284918
poison/poismph/datapoismphseq/poisauth_mph_3f6ed9ff.csv,3,48,176,0,authentic,0.969224214553833,0.00514169642701745,0.002125230384990573,0.023508915677666664
poison/poismph/datapoismphseq/poisauth_mph_3f6ed9ff.csv,4,64,192,0,authentic,0.9466373920440674,0.026280440390110016,0.005121893715113401,0.02196027711033821
poison/poismph/datapoismphseq/poisauth_mph_3f6ed9ff.csv,5,80,208,0,authentic,0.9698442220687866,0.00271087558940053,0.0016154483892023563,0.025829456746578217
poison/poismph/datapoismphseq/poisauth_mph_3f6ed9ff.csv,6,96,224,0,authentic,0.9344598650932312,0.0320766307413578,0.018576178699731827,0.014887295663356781
poison/poismph/datapoismphseq/poisauth_mph_3f6ed9ff.csv,7,112,240,0,authentic,0.7708843350410461,0.07544516772031784,0.10486795753240585,0.04880262911319733
poison/poismph/datapoismphseq/poisauth_mph_3f6ed9ff.csv,8,128,256,0,authentic,0.9864422678947449,0.002506496850401163,0.0008469392196275294,0.010204293765127659
poison/poismph/datapoismphseq/poisauth_mph_3f6ed9ff.csv,9,144,272,0,authentic,0.8009189367294312,0.06540143489837646,0.038769155740737915,0.09491050243377686
poison/poismph/datapoismphseq/poisauth_mph_3f6ed9ff.csv,10,160,288,0,authentic,0.5634542107582092,0.10343225300312042,0.1168312355875969,0.21628229320049286
poison/poismph/datapoismphseq/poisauth_mph_3f6ed9ff.csv,11,176,304,0,authentic,0.6086152791976929,0.12132127583026886,0.20236629247665405,0.06769713759422302
poison/poismph/datapoismphseq/poisauth_mph_3f6ed9ff.csv,12,192,320,0,authentic,0.8779484629631042,0.06139393150806427,0.052729442715644836,0.007928128354251385
poison/poismph/datapoismphseq/poisauth_mph_3f72dde5.csv,0,0,128,0,authentic,0.8893890976905823,0.05644039437174797,0.045202821493148804,0.008967605419456959
poison/poismph/datapoismphseq/poisauth_mph_3f72dde5.csv,1,16,144,0,authentic,0.9807714819908142,0.012336157262325287,0.006261711474508047,0.0006306875729933381
poison/poismph/datapoismphseq/poisauth_mph_3f72dde5.csv,2,32,160,0,authentic,0.9892503619194031,0.007829421199858189,0.0024597279261797667,0.0004603849083650857
poison/poismph/datapoismphseq/poisauth_mph_3f72dde5.csv,3,48,176,0,authentic,0.9989137649536133,0.0009036218980327249,0.00013141245290171355,5.1281862397445366e-05
poison/poismph/datapoismphseq/poisauth_mph_3f7ba01a.csv,0,0,128,0,authentic,0.9941306710243225,0.0022094561718404293,0.0009894435061141849,0.0026703434996306896
poison/poismph/datapoismphseq/poisauth_mph_3f7ba01a.csv,1,16,144,0,authentic,0.7335435152053833,0.14620976150035858,0.10331986099481583,0.0169268436729908
poison/poismph/datapoismphseq/poisauth_mph_3f7ba01a.csv,2,32,160,0,authentic,0.9767387509346008,0.018179213628172874,0.003819681704044342,0.001262441510334611
poison/poismph/datapoismphseq/poisauth_mph_3f7ba01a.csv,3,48,176,0,authentic,0.9999998807907104,1.3126607356639397e-08,1.2119887558836862e-11,9.668183054145629e-08
poison/poismph/datapoismphseq/poisauth_mph_3f7f9dd0.csv,0,0,128,0,authentic,0.9996242523193359,0.00020531349582597613,4.808596713701263e-05,0.00012231903383508325
poison/poismph/datapoismphseq/poisauth_mph_3f7f9dd0.csv,1,16,144,0,authentic,0.9836274981498718,0.005967458710074425,0.00368275074288249,0.006722299847751856
poison/poismph/datapoismphseq/poisauth_mph_3f7f9dd0.csv,2,32,160,0,authentic,0.9998998045921326,4.072504088981077e-05,3.478777443888248e-06,5.5986576626310125e-05
poison/poismph/datapoismphseq/poisauth_mph_3f7f9dd0.csv,3,48,176,0,authentic,0.9999991655349731,8.629742254129269e-09,3.769167269962459e-11,8.620702374173561e-07
poison/poismph/datapoismphseq/poisauth_mph_3f7f9dd0.csv,4,64,192,0,authentic,0.9999510049819946,2.5212061700585764e-06,1.1501451180340183e-10,4.651370181818493e-05
poison/poismph/datapoismphseq/poisauth_mph_3f7f9dd0.csv,5,80,208,0,authentic,0.9999793767929077,1.3946064427727833e-06,8.870372492086886e-11,1.921500552271027e-05
poison/poismph/datapoismphseq/poisauth_mph_3f836cd3.csv,0,0,128,0,authentic,0.9752233028411865,0.015080142766237259,0.004538989160209894,0.005157678388059139
poison/poismph/datapoismphseq/poisauth_mph_3f836cd3.csv,1,16,144,0,authentic,0.6274042129516602,0.15806837379932404,0.19794224202632904,0.016585219651460648
poison/poismph/datapoismphseq/poisauth_mph_3f836cd3.csv,2,32,160,0,authentic,0.8592580556869507,0.07360552251338959,0.06301453709602356,0.004121837206184864
poison/poismph/datapoismphseq/poisauth_mph_3f836cd3.csv,3,48,176,0,authentic,0.3732988238334656,0.2542564570903778,0.3683166205883026,0.004128159489482641
poison/poismph/datapoismphseq/poisauth_mph_3f836cd3.csv,4,64,192,0,authentic,0.8020014762878418,0.0956859439611435,0.09923337399959564,0.0030792506877332926
poison/poismph/datapoismphseq/poisauth_mph_3f836cd3.csv,5,80,208,1,modified_altitude,0.2144615352153778,0.6254249215126038,0.16009311378002167,2.045935434580315e-05
poison/poismph/datapoismphseq/poisauth_mph_3f86beca.csv,0,0,128,0,authentic,0.9784737229347229,0.005742602050304413,0.004542674403637648,0.01124099176377058
poison/poismph/datapoismphseq/poisauth_mph_3f86beca.csv,1,16,144,0,authentic,0.9976388812065125,0.000974441587459296,0.0002786985714919865,0.0011079030809924006
poison/poismph/datapoismphseq/poisauth_mph_3f86beca.csv,2,32,160,0,authentic,0.9887034893035889,0.006325245834887028,0.0013499571941792965,0.003621418960392475
poison/poismph/datapoismphseq/poisauth_mph_3f86beca.csv,3,48,176,0,authentic,0.8335281610488892,0.12907592952251434,0.03558456152677536,0.0018114284612238407
poison/poismph/datapoismphseq/poisauth_mph_3f86beca.csv,4,64,192,0,authentic,0.9672503471374512,0.014273324981331825,0.002611745148897171,0.015864649787545204
poison/poismph/datapoismphseq/poisauth_mph_3f86beca.csv,5,80,208,0,authentic,0.9833120107650757,0.006976095028221607,0.002349764108657837,0.007362089119851589
poison/poismph/datapoismphseq/poisauth_mph_3f871473.csv,0,0,128,0,authentic,0.9923903346061707,0.000501446018461138,8.54598474688828e-05,0.007022743579000235
poison/poismph/datapoismphseq/poisauth_mph_3f871473.csv,1,16,144,0,authentic,0.9846668243408203,0.002036353340372443,0.0006456493283621967,0.012651241384446621
poison/poismph/datapoismphseq/poisauth_mph_3f871473.csv,2,32,160,0,authentic,0.8963330388069153,0.041213929653167725,0.027618369087576866,0.03483465686440468
poison/poismph/datapoismphseq/poisauth_mph_3f871473.csv,3,48,176,0,authentic,0.9694539904594421,0.007867704145610332,0.002014355966821313,0.020663831382989883
poison/poismph/datapoismphseq/poisauth_mph_3f871473.csv,4,64,192,0,authentic,0.7156097292900085,0.1621495485305786,0.017542604357004166,0.1046980693936348
poison/poismph/datapoismphseq/poisauth_mph_3f871473.csv,5,80,208,0,authentic,0.9817647933959961,0.004056265577673912,0.001001689350232482,0.013177221640944481
poison/poismph/datapoismphseq/poisauth_mph_3f873ddb.csv,0,0,128,0,authentic,0.9986083507537842,6.945534551050514e-05,5.665292064804817e-06,0.0013165774289518595
poison/poismph/datapoismphseq/poisauth_mph_3f873ddb.csv,1,16,144,0,authentic,0.9991936683654785,2.9172881113481708e-05,4.642621661332669e-06,0.0007725076866336167
poison/poismph/datapoismphseq/poisauth_mph_3f873ddb.csv,2,32,160,0,authentic,0.9602499008178711,0.004569304175674915,0.0011174422688782215,0.03406329080462456
poison/poismph/datapoismphseq/poisauth_mph_3f873ddb.csv,3,48,176,0,authentic,0.9915863871574402,0.003498153295367956,0.0015284086111932993,0.0033869361504912376
poison/poismph/datapoismphseq/poisauth_mph_3f873ddb.csv,4,64,192,0,authentic,0.9544446468353271,0.008920997381210327,0.005167658440768719,0.03146671876311302
poison/poismph/datapoismphseq/poisauth_mph_3f873ddb.csv,5,80,208,0,authentic,0.9943984150886536,0.0021715026814490557,0.0008002313552424312,0.002629837254062295
poison/poismph/datapoismphseq/poisauth_mph_3f873ddb.csv,6,96,224,0,authentic,0.8354949951171875,0.09241995960474014,0.06812133640050888,0.00396368931978941
poison/poismph/datapoismphseq/poisauth_mph_3f873ddb.csv,7,112,240,0,authentic,0.9857202768325806,0.005129146855324507,0.005540759768337011,0.0036097553092986345
poison/poismph/datapoismphseq/poisauth_mph_3f873ddb.csv,8,128,256,0,authentic,0.99156254529953,0.00040789670310914516,0.0002236119325971231,0.007805987726897001
poison/poismph/datapoismphseq/poisauth_mph_3f873ddb.csv,9,144,272,0,authentic,0.9740834832191467,0.003053623251616955,0.0015267526032403111,0.02133617363870144
poison/poismph/datapoismphseq/poisauth_mph_3f873f36.csv,0,0,128,0,authentic,0.7456353306770325,0.10358218848705292,0.12059811502695084,0.030184322968125343
poison/poismph/datapoismphseq/poisauth_mph_3f873f36.csv,1,16,144,0,authentic,0.6711900234222412,0.16089516878128052,0.023717384785413742,0.14419741928577423
poison/poismph/datapoismphseq/poisauth_mph_3f873f36.csv,2,32,160,1,modified_altitude,0.30045372247695923,0.6610424518585205,0.028584027662873268,0.00991985946893692
poison/poismph/datapoismphseq/poisauth_mph_3f8aa6b7.csv,0,0,128,0,authentic,0.9998859167098999,1.8213095245300792e-05,2.7247997422819026e-06,9.31185859371908e-05
poison/poismph/datapoismphseq/poisauth_mph_3f8aa6b7.csv,1,16,144,0,authentic,0.9617682695388794,0.019592098891735077,0.015572542324662209,0.003067017998546362
poison/poismph/datapoismphseq/poisauth_mph_3f8aa6b7.csv,2,32,160,0,authentic,0.9744120836257935,0.00843688752502203,0.0034556169994175434,0.013695470988750458
poison/poismph/datapoismphseq/poisauth_mph_3f8aa6b7.csv,3,48,176,0,authentic,0.9809466600418091,0.007690614555031061,0.0035807474050670862,0.007781855296343565
poison/poismph/datapoismphseq/poisauth_mph_3f8aa6b7.csv,4,64,192,0,authentic,0.6630464196205139,0.17990216612815857,0.15256203711032867,0.004489387851208448
poison/poismph/datapoismphseq/poisauth_mph_3f8aa6b7.csv,5,80,208,0,authentic,0.8655437231063843,0.06498369574546814,0.03723859041929245,0.032234013080596924
poison/poismph/datapoismphseq/poisauth_mph_3f8aa6b7.csv,6,96,224,0,authentic,0.9632121920585632,0.02263493649661541,0.007479009684175253,0.006673887837678194
poison/poismph/datapoismphseq/poisauth_mph_3f8b1603.csv,0,0,128,0,authentic,0.9999772906303406,1.129020233747724e-06,7.315238548244452e-08,2.1573516278294846e-05
poison/poismph/datapoismphseq/poisauth_mph_3f8b1603.csv,1,16,144,0,authentic,0.932469367980957,0.030993347987532616,0.022548146545886993,0.013989174738526344
poison/poismph/datapoismphseq/poisauth_mph_3f8b1603.csv,2,32,160,0,authentic,0.9774217009544373,0.0029268183279782534,0.00031472547561861575,0.019336778670549393
poison/poismph/datapoismphseq/poisauth_mph_3f8b1603.csv,3,48,176,0,authentic,0.9537854790687561,0.00747522572055459,0.0023219308350235224,0.036417338997125626
poison/poismph/datapoismphseq/poisauth_mph_3f8b1603.csv,4,64,192,0,authentic,0.7570693492889404,0.10431823134422302,0.10883434861898422,0.029778102412819862
poison/poismph/datapoismphseq/poisauth_mph_3f8b1603.csv,5,80,208,2,modified_speed,0.08172725141048431,0.20064899325370789,0.717609703540802,1.4019068657944445e-05
poison/poismph/datapoismphseq/poisauth_mph_3f8b1603.csv,6,96,224,0,authentic,0.7445574402809143,0.116641104221344,0.10322558879852295,0.03557584434747696
poison/poismph/datapoismphseq/poisauth_mph_3f8b7bb1.csv,0,0,128,0,authentic,0.9998340010643005,7.324060334212845e-06,1.7850358347004658e-07,0.00015852403885219246
poison/poismph/datapoismphseq/poisauth_mph_3f8b7bb1.csv,1,16,144,0,authentic,0.9937142133712769,0.0025837458670139313,0.0009072867687791586,0.0027947959024459124
poison/poismph/datapoismphseq/poisauth_mph_3f8b7bb1.csv,2,32,160,0,authentic,0.9698699712753296,0.009817208163440228,0.0039224461652338505,0.016390344128012657
poison/poismph/datapoismphseq/poisauth_mph_3f8b7bb1.csv,3,48,176,0,authentic,0.9539705514907837,0.02958393655717373,0.014009639620780945,0.0024358690716326237
poison/poismph/datapoismphseq/poisauth_mph_3f8b7bb1.csv,4,64,192,0,authentic,0.5380340218544006,0.2384033501148224,0.21149612963199615,0.012066444382071495
poison/poismph/datapoismphseq/poisauth_mph_3f8f1c63.csv,0,0,128,0,authentic,0.5760368704795837,0.23602770268917084,0.14532428979873657,0.04261121526360512
poison/poismph/datapoismphseq/poisauth_mph_3f8f1c63.csv,1,16,144,0,authentic,0.7301868796348572,0.1483788937330246,0.10065348446369171,0.02078072912991047
poison/poismph/datapoismphseq/poispos_mph_3e39f7cd.csv,0,0,128,0,authentic,0.8901399970054626,0.020487891510128975,0.008091595023870468,0.08128057420253754
poison/poismph/datapoismphseq/poispos_mph_3e39f7cd.csv,1,16,144,0,authentic,0.9883274435997009,0.0010930437128990889,0.00020128197502344847,0.010378311388194561
poison/poismph/datapoismphseq/poispos_mph_3e39f7cd.csv,2,32,160,0,authentic,0.88206547498703,0.0450146459043026,0.021659070625901222,0.05126073583960533
poison/poismph/datapoismphseq/poispos_mph_3e39f7cd.csv,3,48,176,0,authentic,0.8113635778427124,0.062089111655950546,0.03698492422699928,0.08956234157085419
poison/poismph/datapoismphseq/poispos_mph_3e39f7cd.csv,4,64,192,3,modified_position,1.0756175470305607e-05,0.07892919331789017,2.009935447244704e-11,0.9210600256919861
poison/poismph/datapoismphseq/poispos_mph_3e39f7cd.csv,5,80,208,3,modified_position,4.6619704190855124e-23,0.0006461256998591125,0.0,0.99935382604599
poison/poismph/datapoismphseq/poispos_mph_3e39f7cd.csv,6,96,224,3,modified_position,4.714977454295295e-23,0.0006469822255894542,0.0,0.9993529915809631
poison/poismph/datapoismphseq/poispos_mph_3e39f7cd.csv,7,112,240,3,modified_position,1.2335935467694787e-22,0.0007274615345522761,0.0,0.9992724657058716
poison/poismph/datapoismphseq/poispos_mph_3e39f7cd.csv,8,128,256,3,modified_position,2.2415140571766547e-22,0.0007822351180948317,0.0,0.9992177486419678
poison/poismph/datapoismphseq/poispos_mph_3e39f7cd.csv,9,144,272,3,modified_position,1.3125552417207362e-22,0.0007330553489737213,0.0,0.9992669224739075
poison/poismph/datapoismphseq/poispos_mph_3e3a3689.csv,0,0,128,3,modified_position,8.452158156254546e-22,0.0009196732426062226,0.0,0.9990803003311157
poison/poismph/datapoismphseq/poispos_mph_3e3a3689.csv,1,16,144,3,modified_position,1.1557700834411464e-22,0.0007218609098345041,0.0,0.9992780685424805
poison/poismph/datapoismphseq/poispos_mph_3e3a3689.csv,2,32,160,3,modified_position,1.8604263348081845e-22,0.0007648001192137599,0.0,0.9992350935935974
poison/poismph/datapoismphseq/poispos_mph_3e3a3689.csv,3,48,176,3,modified_position,2.121934355977674e-22,0.0007771531818434596,0.0,0.9992229342460632
poison/poismph/datapoismphseq/poispos_mph_3e3a3689.csv,4,64,192,3,modified_position,1.1012928639395213e-22,0.0007175414357334375,0.0,0.9992825388908386
poison/poismph/datapoismphseq/poispos_mph_3e3a3689.csv,5,80,208,3,modified_position,1.8389568226294343e-22,0.000763927586376667,0.0,0.9992360472679138
poison/poismph/datapoismphseq/poispos_mph_3e3a3689.csv,6,96,224,3,modified_position,1.1233419680025555e-21,0.0009521517786197364,0.0,0.9990478157997131
poison/poismph/datapoismphseq/poispos_mph_3e3a3689.csv,7,112,240,3,modified_position,1.6190188034670427e-06,0.04847026616334915,7.654914571143812e-14,0.9515281319618225
poison/poismph/datapoismphseq/poispos_mph_3e3a3689.csv,8,128,256,0,authentic,0.9710315465927124,0.0015199210029095411,0.0007299479912035167,0.02671864628791809
poison/poismph/datapoismphseq/poispos_mph_3e3a3689.csv,9,144,272,0,authentic,0.8996860384941101,0.062359943985939026,0.034583937376737595,0.003370047314092517
poison/poismph/datapoismphseq/poispos_mph_3e3a3689.csv,10,160,288,3,modified_position,0.29087141156196594,0.315865159034729,0.07096163928508759,0.32230183482170105
poison/poismph/datapoismphseq/poispos_mph_3e3a3689.csv,11,176,304,0,authentic,0.990893542766571,0.007314753253012896,0.00137048726901412,0.00042121222941204906
poison/poismph/datapoismphseq/poispos_mph_3e3a3689.csv,12,192,320,0,authentic,0.9973960518836975,0.0019210310420021415,0.00030547191272489727,0.00037752397474832833
poison/poismph/datapoismphseq/poispos_mph_3e3a3689.csv,13,208,336,0,authentic,0.9464031457901001,0.04015300050377846,0.012525415979325771,0.0009184145019389689
poison/poismph/datapoismphseq/poispos_mph_3e3a3689.csv,14,224,352,0,authentic,0.9922171831130981,0.006217600777745247,0.0012937409337610006,0.00027145567582920194
poison/poismph/datapoismphseq/poispos_mph_3e3a3689.csv,15,240,368,0,authentic,0.9991124272346497,0.0005929593462496996,7.509714487241581e-05,0.00021945901971776038
poison/poismph/datapoismphseq/poispos_mph_3e3a3689.csv,16,256,384,0,authentic,0.9983029365539551,0.000847380724735558,0.00016822801262605935,0.000681527832057327
poison/poismph/datapoismphseq/poispos_mph_3e3a3689.csv,17,272,400,0,authentic,0.9988133907318115,0.0005512786447070539,0.00013162274262867868,0.0005037341616116464
poison/poismph/datapoismphseq/poispos_mph_3e3a8fd0.csv,0,0,128,0,authentic,0.9994247555732727,4.5913835492683575e-05,7.058023129502544e-06,0.000522310147061944
poison/poismph/datapoismphseq/poispos_mph_3e3a8fd0.csv,1,16,144,3,modified_position,3.910467669172812e-21,0.0011084197321906686,0.0,0.9988915920257568
poison/poismph/datapoismphseq/poispos_mph_3e3a8fd0.csv,2,32,160,3,modified_position,7.643528901619675e-23,0.0006860023713670671,0.0,0.9993139505386353
poison/poismph/datapoismphseq/poispos_mph_3e3a8fd0.csv,3,48,176,3,modified_position,5.1789046593895997e-23,0.0006543840863741934,0.0,0.999345600605011
poison/poismph/datapoismphseq/poispos_mph_3e3a8fd0.csv,4,64,192,3,modified_position,4.50942302158877e-23,0.0006433936068788171,0.0,0.9993565678596497
poison/poismph/datapoismphseq/poispos_mph_3e3a8fd0.csv,5,80,208,3,modified_position,1.0413789097424217e-23,0.0005381758674047887,0.0,0.9994617700576782
poison/poismph/datapoismphseq/poispos_mph_3e3a8fd0.csv,6,96,224,3,modified_position,1.4167905570167732e-23,0.0005587698542512953,0.0,0.9994412660598755
poison/poismph/datapoismphseq/poispos_mph_3e3a8fd0.csv,7,112,240,3,modified_position,4.277718796507254e-23,0.0006392886280082166,0.0,0.9993607401847839
poison/poismph/datapoismphseq/poispos_mph_3e3d86b8.csv,0,0,128,0,authentic,0.9996020197868347,5.141046494827606e-05,1.1351326065778267e-06,0.0003454976831562817
poison/poismph/datapoismphseq/poispos_mph_3e3d86b8.csv,1,16,144,0,authentic,0.9986642599105835,0.0002569694188423455,9.740644600242376e-06,0.0010690836934372783
poison/poismph/datapoismphseq/poispos_mph_3e3d86b8.csv,2,32,160,0,authentic,0.9364778995513916,0.036492910236120224,0.019350610673427582,0.007678535301238298
poison/poismph/datapoismphseq/poispos_mph_3e3d86b8.csv,3,48,176,0,authentic,0.49200424551963806,0.23455731570720673,0.0040903338231146336,0.26934802532196045
poison/poismph/datapoismphseq/poispos_mph_3e3d86b8.csv,4,64,192,3,modified_position,4.616421677368951e-16,0.0045943958684802055,6.561771326351987e-35,0.9954056143760681
poison/poismph/datapoismphseq/poispos_mph_3e3d86b8.csv,5,80,208,3,modified_position,8.699329861094656e-22,0.0009231638978235424,0.0,0.9990768432617188
poison/poismph/datapoismphseq/poispos_mph_3e3d86b8.csv,6,96,224,3,modified_position,1.4703698319272033e-22,0.0007432112470269203,0.0,0.9992568492889404
poison/poismph/datapoismphseq/poispos_mph_3e3d86b8.csv,7,112,240,3,modified_position,2.584363356440783e-22,0.000796036678366363,0.0,0.9992039203643799
poison/poismph/datapoismphseq/poispos_mph_3e4459f6.csv,0,0,128,0,authentic,0.9686633348464966,0.015269159339368343,0.010287557728588581,0.005779950879514217
poison/poismph/datapoismphseq/poispos_mph_3e4459f6.csv,1,16,144,0,authentic,0.9992950558662415,4.191903644823469e-05,8.766276550886687e-06,0.0006542564369738102
poison/poismph/datapoismphseq/poispos_mph_3e4459f6.csv,2,32,160,0,authentic,0.9951674342155457,0.0004066387773491442,9.055245027411729e-05,0.00433526374399662
poison/poismph/datapoismphseq/poispos_mph_3e4459f6.csv,3,48,176,3,modified_position,6.101877900524522e-13,0.010973459109663963,7.366365221805325e-28,0.9890265464782715
poison/poismph/datapoismphseq/poispos_mph_3e4459f6.csv,4,64,192,3,modified_position,2.261296113837603e-21,0.001036737929098308,0.0,0.9989632368087769
poison/poismph/datapoismphseq/poispos_mph_3e4459f6.csv,5,80,208,3,modified_position,3.117541946722926e-22,0.000814395840279758,0.0,0.9991856217384338
poison/poismph/datapoismphseq/poispos_mph_3e4459f6.csv,6,96,224,3,modified_position,2.5325466807825424e-22,0.0007938944036141038,0.0,0.9992060661315918
poison/poismph/datapoismphseq/poispos_mph_3e4459f6.csv,7,112,240,3,modified_position,8.695019272673039e-22,0.0009227576083503664,0.0,0.9990772008895874
poison/poismph/datapoismphseq/poispos_mph_3e44d6af.csv,0,0,128,0,authentic,0.9997279047966003,1.5413581422762945e-05,2.3957898065418703e-06,0.0002542771690059453
poison/poismph/datapoismphseq/poispos_mph_3e44d6af.csv,1,16,144,3,modified_position,0.00015473407984245569,0.10635699331760406,8.491852554470825e-09,0.8934882879257202
poison/poismph/datapoismphseq/poispos_mph_3e44d6af.csv,2,32,160,3,modified_position,5.282285726677704e-21,0.0011495387880131602,0.0,0.9988504648208618
poison/poismph/datapoismphseq/poispos_mph_3e44d6af.csv,3,48,176,3,modified_position,5.424425309909518e-23,0.0006578747415915132,0.0,0.9993422031402588
poison/poismph/datapoismphseq/poispos_mph_3e44d6af.csv,4,64,192,3,modified_position,5.889062489818522e-23,0.0006645619869232178,0.0,0.9993354678153992
poison/poismph/datapoismphseq/poispos_mph_3e44d6af.csv,5,80,208,3,modified_position,5.613168170092697e-23,0.0006607889663428068,0.0,0.9993391633033752
poison/poismph/datapoismphseq/poispos_mph_3e44f206.csv,0,0,128,0,authentic,0.9996916055679321,0.0001492248848080635,1.9632148905657232e-05,0.00013956218026578426
poison/poismph/datapoismphseq/poispos_mph_3e44f206.csv,1,16,144,0,authentic,0.9536359906196594,0.028297780081629753,0.016158096492290497,0.0019081586506217718
poison/poismph/datapoismphseq/poispos_mph_3e44f206.csv,2,32,160,0,authentic,0.9703805446624756,0.01728864386677742,0.00825558416545391,0.004075260832905769
poison/poismph/datapoismphseq/poispos_mph_3e44f206.csv,3,48,176,3,modified_position,2.7304518021575852e-11,0.017351452261209488,4.082123259412601e-24,0.982648491859436
poison/poismph/datapoismphseq/poispos_mph_3e47f111.csv,0,0,128,0,authentic,0.9634463787078857,0.00748214777559042,0.0023441181983798742,0.026727354153990746
poison/poismph/datapoismphseq/poispos_mph_3e47f111.csv,1,16,144,0,authentic,0.9960204362869263,0.0006941241445019841,9.706713171908632e-05,0.0031882927287369967
poison/poismph/datapoismphseq/poispos_mph_3e47f111.csv,2,32,160,0,authentic,0.5986378192901611,0.3331066071987152,0.03904008865356445,0.02921542525291443
poison/poismph/datapoismphseq/poispos_mph_3e47f111.csv,3,48,176,3,modified_position,0.00023420331126544625,0.11126413196325302,2.240698826483367e-08,0.8885016441345215
poison/poismph/datapoismphseq/poispos_mph_3e47f111.csv,4,64,192,3,modified_position,1.0458467588052994e-13,0.008870324119925499,1.4131956338240983e-29,0.9911296367645264
poison/poismph/datapoismphseq/poispos_mph_3e47f111.csv,5,80,208,3,modified_position,5.347658844463535e-21,0.0011519294930621982,0.0,0.9988480806350708
poison/poismph/datapoismphseq/poispos_mph_3e488bea.csv,0,0,128,0,authentic,0.9602983593940735,0.011589474976062775,0.004522053524851799,0.023590220138430595
poison/poismph/datapoismphseq/poispos_mph_3e488bea.csv,1,16,144,0,authentic,0.7839607000350952,0.09843625873327255,0.09362396597862244,0.02397911436855793
poison/poismph/datapoismphseq/poispos_mph_3e488bea.csv,2,32,160,0,authentic,0.939382016658783,0.04048025980591774,0.014580128714442253,0.005557612981647253
poison/poismph/datapoismphseq/poispos_mph_3e488bea.csv,3,48,176,3,modified_position,1.0154588843104767e-15,0.0050551011227071285,3.8494951247484034e-34,0.9949448704719543
poison/poismph/datapoismphseq/poispos_mph_3e488bea.csv,4,64,192,3,modified_position,1.0976449439218387e-21,0.0009496929706074297,0.0,0.9990503191947937
poison/poismph/datapoismphseq/poispos_mph_3e4c00ce.csv,0,0,128,0,authentic,0.9999218583106995,3.126547017018311e-05,6.479267540271394e-06,4.045049354317598e-05
poison/poismph/datapoismphseq/poispos_mph_3e4c00ce.csv,1,16,144,0,authentic,0.8824954628944397,0.02490566298365593,0.031760625541210175,0.06083817034959793
poison/poismph/datapoismphseq/poispos_mph_3e4c00ce.csv,2,32,160,0,authentic,0.99314284324646,0.0014239692827686667,0.00020429764117579907,0.005228872410953045
poison/poismph/datapoismphseq/poispos_mph_3e4c00ce.csv,3,48,176,0,authentic,0.9701011180877686,0.020391138270497322,0.0061677200719714165,0.0033400568645447493
poison/poismph/datapoismphseq/poispos_mph_3e4c00ce.csv,4,64,192,3,modified_position,9.46419318238006e-19,0.0021633985452353954,0.0,0.9978366494178772
poison/poismph/datapoismphseq/poispos_mph_3e4c8398.csv,0,0,128,0,authentic,0.8800083994865417,0.009856678545475006,0.003803601488471031,0.10633131861686707
poison/poismph/datapoismphseq/poispos_mph_3e4c8398.csv,1,16,144,0,authentic,0.981996476650238,0.001190950395539403,0.00034480917383916676,0.016467701643705368
poison/poismph/datapoismphseq/poispos_mph_3e4c8398.csv,2,32,160,0,authentic,0.7502539753913879,0.03638030216097832,0.004694349132478237,0.2086714506149292
poison/poismph/datapoismphseq/poispos_mph_3e4c8398.csv,3,48,176,0,authentic,0.9557837247848511,0.02829751931130886,0.003989563323557377,0.011929227970540524
poison/poismph/datapoismphseq/poispos_mph_3e4c8398.csv,4,64,192,3,modified_position,1.0130164936061892e-11,0.015401729382574558,4.328828857898252e-25,0.9845983386039734
poison/poismph/datapoismphseq/poispos_mph_3e4c8398.csv,5,80,208,3,modified_position,5.250869116207256e-19,0.002014108235016465,0.0,0.99798583984375
poison/poismph/datapoismphseq/poispos_mph_3e4c8398.csv,6,96,224,3,modified_position,5.209921155569952e-22,0.0008671550895087421,0.0,0.9991327524185181
poison/poismph/datapoismphseq/poispos_mph_3e4c8398.csv,7,112,240,3,modified_position,7.489496931008179e-22,0.000906408648006618,0.0,0.9990936517715454
poison/poismph/datapoismphseq/poispos_mph_3e4c8398.csv,8,128,256,3,modified_position,2.841103880952351e-22,0.000805400253739208,0.0,0.9991945624351501
poison/poismph/datapoismphseq/poispos_mph_3e500481.csv,0,0,128,2,modified_speed,0.30981922149658203,0.29640457034111023,0.35637569427490234,0.0374005027115345
poison/poismph/datapoismphseq/poispos_mph_3e500481.csv,1,16,144,3,modified_position,9.772901769122767e-20,0.0016403713962063193,0.0,0.9983596801757812
poison/poismph/datapoismphseq/poispos_mph_3e500481.csv,2,32,160,3,modified_position,5.796330943776705e-23,0.0006631409632973373,0.0,0.999336838722229
poison/poismph/datapoismphseq/poispos_mph_3e500481.csv,3,48,176,3,modified_position,8.460577384706044e-23,0.0006943902117200196,0.0,0.9993056654930115
poison/poismph/datapoismphseq/poispos_mph_3e500481.csv,4,64,192,3,modified_position,1.6574887746053308e-22,0.0007540563819929957,0.0,0.9992459416389465
poison/poismph/datapoismphseq/poispos_mph_3e500481.csv,5,80,208,3,modified_position,3.88901200308067e-23,0.0006320176762528718,0.0,0.9993680119514465
poison/poismph/datapoismphseq/poispos_mph_3e500481.csv,6,96,224,3,modified_position,2.799382416070405e-23,0.0006071485113352537,0.0,0.9993928670883179
poison/poismph/datapoismphseq/poispos_mph_3e500481.csv,7,112,240,3,modified_position,6.853870300251304e-23,0.000677363364957273,0.0,0.9993226528167725
poison/poismph/datapoismphseq/poispos_mph_3e503efe.csv,0,0,128,0,authentic,0.9941585063934326,0.0020330471452325583,0.0006732707261107862,0.003135166596621275
poison/poismph/datapoismphseq/poispos_mph_3e503efe.csv,1,16,144,3,modified_position,8.94060555299038e-15,0.006583263631910086,5.333768001036903e-32,0.9934167265892029
poison/poismph/datapoismphseq/poispos_mph_3e503efe.csv,2,32,160,3,modified_position,5.206604678301497e-20,0.001519438112154603,0.0,0.9984805583953857
poison/poismph/datapoismphseq/poispos_mph_3e503efe.csv,3,48,176,3,modified_position,7.158479156927173e-23,0.0006807895260863006,0.0,0.9993191957473755
poison/poismph/datapoismphseq/poispos_mph_3e503efe.csv,4,64,192,3,modified_position,4.0430257352280373e-23,0.0006349942414090037,0.0,0.9993650317192078
poison/poismph/datapoismphseq/poispos_mph_3e503efe.csv,5,80,208,3,modified_position,4.9608764425053577e-23,0.0006510597304441035,0.0,0.9993489384651184
poison/poismph/datapoismphseq/poispos_mph_3e503efe.csv,6,96,224,3,modified_position,3.7122509934147116e-23,0.0006283862167038023,0.0,0.9993715882301331
poison/poismph/datapoismphseq/poispos_mph_3e57a9b1.csv,0,0,128,3,modified_position,8.041978600542282e-24,0.0005214367411099374,0.0,0.9994786381721497
poison/poismph/datapoismphseq/poispos_mph_3e57a9b1.csv,1,16,144,3,modified_position,5.472810882392154e-24,0.0004974213661625981,0.0,0.9995025396347046
poison/poismph/datapoismphseq/poispos_mph_3e57a9b1.csv,2,32,160,3,modified_position,8.884606687341347e-24,0.0005277449963614345,0.0,0.9994723200798035
poison/poismph/datapoismphseq/poispos_mph_3e57a9b1.csv,3,48,176,3,modified_position,7.794123237287271e-24,0.0005193910910747945,0.0,0.999480664730072
poison/poismph/datapoismphseq/poispos_mph_3e57a9b1.csv,4,64,192,3,modified_position,9.272327089092043e-24,0.0005305755184963346,0.0,0.9994694590568542
poison/poismph/datapoismphseq/poispos_mph_3e57a9b1.csv,5,80,208,0,authentic,0.6292131543159485,0.3071015477180481,0.0013302154839038849,0.062355104833841324
poison/poismph/datapoismphseq/poispos_mph_3e5e15b4.csv,0,0,128,3,modified_position,5.221290042231154e-21,0.0011480690445750952,0.0,0.9988518953323364
poison/poismph/datapoismphseq/poispos_mph_3e5e15b4.csv,1,16,144,3,modified_position,6.531659116880695e-23,0.0006731404573656619,0.0,0.9993268251419067
poison/poismph/datapoismphseq/poispos_mph_3e5e15b4.csv,2,32,160,3,modified_position,6.020616089816798e-23,0.0006664507673121989,0.0,0.9993336200714111
poison/poismph/datapoismphseq/poispos_mph_3e5e15b4.csv,3,48,176,3,modified_position,3.8352277821070635e-23,0.0006307876319624484,0.0,0.999369204044342
poison/poismph/datapoismphseq/poispos_mph_3e5e15b4.csv,4,64,192,3,modified_position,1.0404220214643886e-23,0.0005381378578022122,0.0,0.9994617700576782
poison/poismph/datapoismphseq/poispos_mph_3e5e15b4.csv,5,80,208,3,modified_position,1.2038964046758905e-23,0.0005478188977576792,0.0,0.9994522333145142
poison/poismph/datapoismphseq/poispos_mph_3e5e15b4.csv,6,96,224,3,modified_position,2.217269963422061e-23,0.0005901712574996054,0.0,0.9994097352027893
poison/poismph/datapoismphseq/poispos_mph_3e5e15b4.csv,7,112,240,3,modified_position,1.144286161927301e-22,0.000720767886377871,0.0,0.9992791414260864
poison/poismph/datapoismphseq/poispos_mph_3e5ea18c.csv,0,0,128,3,modified_position,3.848344014605992e-23,0.0006309198797680438,0.0,0.9993690848350525
poison/poismph/datapoismphseq/poispos_mph_3e5ea18c.csv,1,16,144,3,modified_position,3.786344596165414e-23,0.0006298780790530145,0.0,0.9993701577186584
poison/poismph/datapoismphseq/poispos_mph_3e5ea18c.csv,2,32,160,3,modified_position,1.3413443733579787e-22,0.0007345910998992622,0.0,0.9992654323577881
poison/poismph/datapoismphseq/poispos_mph_3e5ea18c.csv,3,48,176,3,modified_position,1.419775070256714e-22,0.0007398757734335959,0.0,0.9992601871490479
poison/poismph/datapoismphseq/poispos_mph_3e5ea18c.csv,4,64,192,3,modified_position,3.1101677380897925e-23,0.0006150121917016804,0.0,0.9993849992752075
poison/poismph/datapoismphseq/poispos_mph_3e5ea18c.csv,5,80,208,3,modified_position,5.878714528008194e-23,0.0006646645488217473,0.0,0.9993353486061096
poison/poismph/datapoismphseq/poispos_mph_3e61b514.csv,0,0,128,3,modified_position,4.1281648009316996e-05,0.07215381413698196,1.2941935023658147e-10,0.9278048872947693
poison/poismph/datapoismphseq/poispos_mph_3e61b514.csv,1,16,144,3,modified_position,4.204971006810387e-12,0.013851619325578213,5.826658533644985e-26,0.9861483573913574
poison/poismph/datapoismphseq/poispos_mph_3e61b514.csv,2,32,160,3,modified_position,7.135554625468943e-14,0.008465384133160114,5.757795896768345e-30,0.9915346503257751
poison/poismph/datapoismphseq/poispos_mph_3e61b514.csv,3,48,176,3,modified_position,9.690027101029453e-14,0.00878690555691719,1.17054433470702e-29,0.9912130832672119
poison/poismph/datapoismphseq/poispos_mph_3e61b514.csv,4,64,192,3,modified_position,2.281245125527326e-13,0.009746389463543892,8.15126978543808e-29,0.9902536273002625
poison/poismph/datapoismphseq/poispos_mph_3e61b514.csv,5,80,208,3,modified_position,6.471012419483058e-13,0.011055267415940762,8.622552065066928e-28,0.9889447689056396
poison/poismph/datapoismphseq/poispos_mph_3e61b514.csv,6,96,224,3,modified_position,4.6637528908211046e-12,0.014031002297997475,7.581798859456707e-26,0.9859689474105835
poison/poismph/datapoismphseq/poispos_mph_3e61b514.csv,7,112,240,3,modified_position,5.956088955372252e-10,0.025094160810112953,4.357393596473283e-21,0.974905788898468
poison/poismph/datapoismphseq/poispos_mph_3e61b514.csv,8,128,256,0,authentic,0.9588635563850403,0.003093323903158307,0.0012531019747257233,0.036790020763874054
poison/poismph/datapoismphseq/poispos_mph_3e61de69.csv,0,0,128,0,authentic,0.9115914702415466,0.04543444514274597,0.03816034272313118,0.004813664127141237
poison/poismph/datapoismphseq/poispos_mph_3e61de69.csv,1,16,144,0,authentic,0.99921715259552,9.66398511081934e-05,1.162033458967926e-05,0.0006745603168383241
poison/poismph/datapoismphseq/poispos_mph_3e61de69.csv,2,32,160,0,authentic,0.9917073845863342,0.0007990131271071732,6.257136556087062e-05,0.007430934812873602
poison/poismph/datapoismphseq/poispos_mph_3e61de69.csv,3,48,176,3,modified_position,1.4352202924783342e-05,0.09489704668521881,2.8453449665843955e-11,0.9050885438919067
poison/poismph/datapoismphseq/poispos_mph_3e61de69.csv,4,64,192,3,modified_position,1.5018350978236724e-20,0.0013060246128588915,0.0,0.9986940026283264
poison/poismph/datapoismphseq/poispos_mph_3e61de69.csv,5,80,208,3,modified_position,3.431555136105184e-21,0.001090880949050188,0.0,0.9989091157913208
poison/poismph/datapoismphseq/poispos_mph_3e622608.csv,0,0,128,0,authentic,0.9332912564277649,0.03497913479804993,0.02525440789759159,0.006475282832980156
poison/poismph/datapoismphseq/poispos_mph_3e622608.csv,1,16,144,3,modified_position,0.002440105890855193,0.14321111142635345,4.737737526738783e-06,0.8543440103530884
poison/poismph/datapoismphseq/poispos_mph_3e622608.csv,2,32,160,3,modified_position,1.3737806929499839e-21,0.0009762634872458875,0.0,0.9990237951278687
poison/poismph/datapoismphseq/poispos_mph_3e622608.csv,3,48,176,3,modified_position,2.1541544645727763e-22,0.0007787766517139971,0.0,0.9992212653160095
poison/poismph/datapoismphseq/poispos_mph_3e656a7d.csv,0,0,128,3,modified_position,3.583432216402655e-23,0.0006254429463297129,0.0,0.999374508857727
poison/poismph/datapoismphseq/poispos_mph_3e656a7d.csv,1,16,144,3,modified_position,9.170041017538371e-24,0.0005299478070810437,0.0,0.999470055103302
poison/poismph/datapoismphseq/poispos_mph_3e656a7d.csv,2,32,160,3,modified_position,1.3112789909938335e-23,0.0005535347736440599,0.0,0.9994465112686157
poison/poismph/datapoismphseq/poispos_mph_3e656a7d.csv,3,48,176,3,modified_position,1.1255122663477815e-23,0.0005433528567664325,0.0,0.9994566440582275
poison/poismph/datapoismphseq/poispos_mph_3e656a7d.csv,4,64,192,3,modified_position,1.823498682983958e-23,0.0005762727814726532,0.0,0.9994237422943115
poison/poismph/datapoismphseq/poispos_mph_3e696d81.csv,0,0,128,0,authentic,0.957266628742218,0.004787280224263668,0.0031788365449756384,0.034767307341098785
poison/poismph/datapoismphseq/poispos_mph_3e696d81.csv,1,16,144,0,authentic,0.9726109504699707,0.0040451702661812305,0.0005630057421512902,0.022780900821089745
poison/poismph/datapoismphseq/poispos_mph_3e696d81.csv,2,32,160,0,authentic,0.7006497979164124,0.2254902720451355,0.020936686545610428,0.05292326211929321
poison/poismph/datapoismphseq/poispos_mph_3e696d81.csv,3,48,176,3,modified_position,3.0764613404531127e-13,0.01010358426719904,1.5838803325510664e-28,0.9898964166641235
poison/poismph/datapoismphseq/poispos_mph_3e696d81.csv,4,64,192,3,modified_position,5.461047211868656e-21,0.0011548905167728662,0.0,0.998845100402832
poison/poismph/datapoismphseq/poispos_mph_3e6caa8e.csv,0,0,128,0,authentic,0.9910513758659363,0.005237191915512085,0.002246083924546838,0.0014653712278231978
poison/poismph/datapoismphseq/poispos_mph_3e6caa8e.csv,1,16,144,0,authentic,0.9944124817848206,0.0010118316859006882,0.0004936865880154073,0.004081949591636658
poison/poismph/datapoismphseq/poispos_mph_3e6caa8e.csv,2,32,160,0,authentic,0.9841521382331848,0.004006701055914164,0.0022252178750932217,0.009615913033485413
poison/poismph/datapoismphseq/poispos_mph_3e6caa8e.csv,3,48,176,3,modified_position,1.8495834863685445e-09,0.02872590906918049,5.769477497571678e-20,0.9712740778923035
poison/poismph/datapoismphseq/poispos_mph_3e6caa8e.csv,4,64,192,3,modified_position,1.7354851865363463e-20,0.0013295226963236928,0.0,0.9986704587936401
poison/poismph/datapoismphseq/poispos_mph_3e6caa8e.csv,5,80,208,3,modified_position,2.294069106642182e-22,0.0007847691886126995,0.0,0.9992152452468872
poison/poismph/datapoismphseq/poispos_mph_3e6caa8e.csv,6,96,224,3,modified_position,2.2201554903956147e-22,0.0007816256256774068,0.0,0.9992183446884155
poison/poismph/datapoismphseq/poispos_mph_3e6caa8e.csv,7,112,240,3,modified_position,4.165424383540171e-22,0.0008436996722593904,0.0,0.9991563558578491
poison/poismph/datapoismphseq/poispos_mph_3e73fb1c.csv,0,0,128,0,authentic,0.7475206851959229,0.1669776439666748,0.0827164500951767,0.0027851383201777935
poison/poismph/datapoismphseq/poispos_mph_3e73fb1c.csv,1,16,144,0,authentic,0.9911465048789978,0.0031263669952750206,0.0007952841115184128,0.004931892268359661
poison/poismph/datapoismphseq/poispos_mph_3e73fb1c.csv,2,32,160,0,authentic,0.9986453056335449,0.0001712899247650057,2.1986543288221583e-05,0.001161361811682582
poison/poismph/datapoismphseq/poispos_mph_3e73fb1c.csv,3,48,176,0,authentic,0.99836266040802,0.0007754251128062606,7.114272011676803e-05,0.0007908461266197264
poison/poismph/datapoismphseq/poispos_mph_3e73fb1c.csv,4,64,192,0,authentic,0.9940424561500549,0.0032729231752455235,0.000890091119799763,0.0017944506835192442
poison/poismph/datapoismphseq/poispos_mph_3e73fb1c.csv,5,80,208,3,modified_position,1.935817344904179e-20,0.001347481505945325,0.0,0.9986525177955627
poison/poismph/datapoismphseq/poispos_mph_3e73fb1c.csv,6,96,224,3,modified_position,3.4416852713314743e-22,0.0008244793862104416,0.0,0.999175488948822
poison/poismph/datapoismphseq/poispos_mph_3e743eea.csv,0,0,128,0,authentic,0.9768502116203308,0.0059599182568490505,0.0029234213288873434,0.014266517013311386
poison/poismph/datapoismphseq/poispos_mph_3e743eea.csv,1,16,144,0,authentic,0.9963904023170471,0.0011025886051356792,0.00045288505498319864,0.002054101089015603
poison/poismph/datapoismphseq/poispos_mph_3e743eea.csv,2,32,160,0,authentic,0.7430525422096252,0.20124304294586182,0.014848087914288044,0.04085630923509598
poison/poismph/datapoismphseq/poispos_mph_3e743eea.csv,3,48,176,3,modified_position,2.1334819669655635e-21,0.0010300589492544532,0.0,0.9989699125289917
poison/poismph/datapoismphseq/poispos_mph_3e77a028.csv,0,0,128,0,authentic,0.999199390411377,5.553129449253902e-05,9.123456948145758e-06,0.0007359133451245725
poison/poismph/datapoismphseq/poispos_mph_3e77a028.csv,1,16,144,3,modified_position,6.536226621017054e-19,0.0020684986375272274,0.0,0.9979314804077148
poison/poismph/datapoismphseq/poispos_mph_3e77a028.csv,2,32,160,3,modified_position,7.918058807523829e-23,0.0006890636286698282,0.0,0.9993109107017517
poison/poismph/datapoismphseq/poispos_mph_3e77a028.csv,3,48,176,3,modified_position,1.7474431831619707e-23,0.0005732389981858432,0.0,0.9994267821311951
poison/poismph/datapoismphseq/poispos_mph_3e77f289.csv,0,0,128,3,modified_position,6.3282482552773356e-12,0.014555085450410843,1.5028973675056791e-25,0.9854449033737183
poison/poismph/datapoismphseq/poispos_mph_3e77f289.csv,1,16,144,3,modified_position,5.8233397270957e-11,0.019008120521903038,2.3152816710468836e-23,0.9809918999671936
poison/poismph/datapoismphseq/poispos_mph_3e77f289.csv,2,32,160,3,modified_position,9.219073421329327e-11,0.020084911957383156,6.565827522585076e-23,0.9799150228500366
poison/poismph/datapoismphseq/poispos_mph_3e77f289.csv,3,48,176,3,modified_position,7.586867245557016e-10,0.025841103866696358,7.810714326343052e-21,0.9741589426994324
poison/poismph/datapoismphseq/poispos_mph_3e77f289.csv,4,64,192,3,modified_position,2.1861951485235842e-11,0.016896970570087433,2.4984593542020002e-24,0.9831030368804932
poison/poismph/datapoismphseq/poispos_mph_3e7b8676.csv,0,0,128,3,modified_position,7.541554430123565e-24,0.0005173237295821309,0.0,0.9994826912879944
poison/poismph/datapoismphseq/poispos_mph_3e7b8676.csv,1,16,144,3,modified_position,4.440009730588744e-24,0.00048487246385775506,0.0,0.999515175819397
poison/poismph/datapoismphseq/poispos_mph_3e7b8676.csv,2,32,160,3,modified_position,1.1710235452361542e-23,0.0005458621890284121,0.0,0.999454140663147
poison/poismph/datapoismphseq/poispos_mph_3e7b8676.csv,3,48,176,3,modified_position,5.5961784727769525e-24,0.0004989827866666019,0.0,0.9995009899139404
poison/poismph/datapoismphseq/poispos_mph_3e7b8676.csv,4,64,192,3,modified_position,9.374176920565128e-24,0.0005313559668138623,0.0,0.9994686245918274
poison/poismph/datapoismphseq/poispos_mph_3e7b8fcb.csv,0,0,128,3,modified_position,2.9590721602030187e-23,0.0006111894617788494,0.0,0.9993888139724731
poison/poismph/datapoismphseq/poispos_mph_3e7b8fcb.csv,1,16,144,3,modified_position,3.21324787703066e-23,0.0006173695437610149,0.0,0.9993826150894165
poison/poismph/datapoismphseq/poispos_mph_3e7b8fcb.csv,2,32,160,3,modified_position,3.5805077512548196e-23,0.0006256338092498481,0.0,0.9993743896484375
poison/poismph/datapoismphseq/poispos_mph_3e7b8fcb.csv,3,48,176,3,modified_position,3.373279040163053e-23,0.0006211420404724777,0.0,0.9993788003921509
poison/poismph/datapoismphseq/poispos_mph_3e7b8fcb.csv,4,64,192,3,modified_position,3.3633864088672197e-23,0.0006208355189301074,0.0,0.9993791580200195
poison/poismph/datapoismphseq/poispos_mph_3e7b8fcb.csv,5,80,208,3,modified_position,1.1664839504937512e-22,0.0007224486907944083,0.0,0.9992775321006775
poison/poismph/datapoismphseq/poispos_mph_3e7b9bb4.csv,0,0,128,3,modified_position,1.6994602137309233e-22,0.0007561300881206989,0.0,0.9992437958717346
poison/poismph/datapoismphseq/poispos_mph_3e7b9bb4.csv,1,16,144,3,modified_position,6.651181641441265e-23,0.0006746137514710426,0.0,0.9993253946304321
poison/poismph/datapoismphseq/poispos_mph_3e7b9bb4.csv,2,32,160,3,modified_position,1.384437320255306e-23,0.0005573656526394188,0.0,0.9994426965713501
poison/poismph/datapoismphseq/poispos_mph_3e7b9bb4.csv,3,48,176,3,modified_position,1.58443738332817e-23,0.0005665740463882685,0.0,0.9994334578514099
poison/poismph/datapoismphseq/poispos_mph_3e7b9bb4.csv,4,64,192,3,modified_position,2.4396500103760454e-23,0.0005972172948531806,0.0,0.9994027614593506
poison/poismph/datapoismphseq/poispos_mph_3e7f3fd9.csv,0,0,128,3,modified_position,1.5324688046140203e-23,0.0005641362513415515,0.0,0.9994359016418457
poison/poismph/datapoismphseq/poispos_mph_3e7f3fd9.csv,1,16,144,3,modified_position,6.891025806659394e-24,0.0005119767738506198,0.0,0.9994880557060242
poison/poismph/datapoismphseq/poispos_mph_3e7f3fd9.csv,2,32,160,3,modified_position,6.771477880777676e-24,0.0005108380573801696,0.0,0.9994892477989197
poison/poismph/datapoismphseq/poispos_mph_3e7f3fd9.csv,3,48,176,3,modified_position,1.5998873819291046e-23,0.0005672342958860099,0.0,0.9994327425956726
poison/poismph/datapoismphseq/poispos_mph_3e7f3fd9.csv,4,64,192,3,modified_position,9.110214595347315e-24,0.0005294479196891189,0.0,0.9994705319404602
poison/poismph/datapoismphseq/poispos_mph_3e83ff63.csv,0,0,128,3,modified_position,8.762913059797428e-23,0.0006977508310228586,0.0,0.999302327632904
poison/poismph/datapoismphseq/poispos_mph_3e83ff63.csv,1,16,144,3,modified_position,1.4662365794370797e-22,0.0007430087425746024,0.0,0.9992570877075195
poison/poismph/datapoismphseq/poispos_mph_3e83ff63.csv,2,32,160,3,modified_position,3.560107492701442e-23,0.0006250854348763824,0.0,0.9993748664855957
poison/poismph/datapoismphseq/poispos_mph_3e83ff63.csv,3,48,176,3,modified_position,2.4074388947952627e-22,0.000788995239418,0.0,0.9992109537124634
poison/poismph/datapoismphseq/poispos_mph_3e881f6e.csv,0,0,128,3,modified_position,5.696444618651152e-22,0.0008765357779338956,0.0,0.9991235136985779
poison/poismph/datapoismphseq/poispos_mph_3e881f6e.csv,1,16,144,3,modified_position,7.229527756583722e-22,0.0009026045445352793,0.0,0.999097466468811
poison/poismph/datapoismphseq/poispos_mph_3e881f6e.csv,2,32,160,3,modified_position,4.4421646650789795e-21,0.0011260032188147306,0.0,0.9988740086555481
poison/poismph/datapoismphseq/poispos_mph_3e881f6e.csv,3,48,176,3,modified_position,2.5653728768909244e-20,0.0013931458815932274,0.0,0.99860680103302
poison/poismph/datapoismphseq/poispos_mph_3e881f6e.csv,4,64,192,3,modified_position,4.7703903360368044e-20,0.0015025581233203411,0.0,0.998497486114502
poison/poismph/datapoismphseq/poispos_mph_3e9de1d5.csv,0,0,128,3,modified_position,0.0020733072888106108,0.12147672474384308,1.4422200820263242e-06,0.8764485120773315
poison/poismph/datapoismphseq/poispos_mph_3e9de1d5.csv,1,16,144,3,modified_position,1.366909096644794e-17,0.002994176698848605,2.2469495774204718e-38,0.997005820274353
poison/poismph/datapoismphseq/poispos_mph_3e9de1d5.csv,2,32,160,3,modified_position,1.0015528706186201e-19,0.0016454581636935472,0.0,0.9983545541763306
poison/poismph/datapoismphseq/poispos_mph_3e9de1d5.csv,3,48,176,3,modified_position,1.1651276146077504e-22,0.0007223412394523621,0.0,0.9992775917053223
poison/poismph/datapoismphseq/poispos_mph_3e9de1d5.csv,4,64,192,3,modified_position,6.025808687839325e-23,0.0006665650871582329,0.0,0.9993335008621216
poison/poismph/datapoismphseq/poispos_mph_3e9de1d5.csv,5,80,208,3,modified_position,2.7690197909171725e-23,0.0006063100299797952,0.0,0.9993937015533447
poison/poismph/datapoismphseq/poispos_mph_3e9de1d5.csv,6,96,224,3,modified_position,3.131524096060298e-23,0.0006153768626973033,0.0,0.9993846416473389
poison/poismph/datapoismphseq/poispos_mph_3e9de1d5.csv,7,112,240,3,modified_position,7.830744527090346e-23,0.0006881593144498765,0.0,0.9993117451667786
poison/poismph/datapoismphseq/poispos_mph_3e9e281c.csv,0,0,128,0,authentic,0.9983620643615723,0.00011435311171226203,2.581282751634717e-05,0.001497817924246192
poison/poismph/datapoismphseq/poispos_mph_3e9e281c.csv,1,16,144,0,authentic,0.9927427172660828,0.0014194280374795198,0.0005010981112718582,0.005336850881576538
poison/poismph/datapoismphseq/poispos_mph_3e9e281c.csv,2,32,160,3,modified_position,1.8080255335242656e-20,0.0013357620919123292,0.0,0.9986642599105835
poison/poismph/datapoismphseq/poispos_mph_3e9e281c.csv,3,48,176,3,modified_position,5.6566180733941935e-21,0.0011597388656809926,0.0,0.9988402128219604
poison/poismph/datapoismphseq/poispos_mph_3e9e281c.csv,4,64,192,3,modified_position,9.343665390027426e-22,0.000931170885451138,0.0,0.9990687370300293
poison/poismph/datapoismphseq/poispos_mph_3e9e281c.csv,5,80,208,3,modified_position,6.814275162607726e-23,0.0006766794831492007,0.0,0.9993233680725098
poison/poismph/datapoismphseq/poispos_mph_3e9e281c.csv,6,96,224,3,modified_position,1.135797892369378e-22,0.0007201253320090473,0.0,0.9992798566818237
poison/poismph/datapoismphseq/poispos_mph_3e9e281c.csv,7,112,240,3,modified_position,2.238165247970683e-22,0.000781971262767911,0.0,0.9992179870605469
poison/poismph/datapoismphseq/poispos_mph_3e9e7954.csv,0,0,128,0,authentic,0.9995213747024536,3.617310358094983e-05,2.865180249500554e-06,0.00043958870810456574
poison/poismph/datapoismphseq/poispos_mph_3e9e7954.csv,1,16,144,3,modified_position,1.7510532620395227e-18,0.002331701572984457,0.0,0.9976683259010315
poison/poismph/datapoismphseq/poispos_mph_3e9e7954.csv,2,32,160,3,modified_position,9.897544321551293e-23,0.0007082934025675058,0.0,0.999291718006134
poison/poismph/datapoismphseq/poispos_mph_3e9e7954.csv,3,48,176,3,modified_position,7.297316782979898e-23,0.0006824394222348928,0.0,0.9993175268173218
poison/poismph/datapoismphseq/poispos_mph_3e9e7954.csv,4,64,192,3,modified_position,1.1821295234903082e-22,0.0007237276877276599,0.0,0.999276340007782
poison/poismph/datapoismphseq/poispos_mph_3e9e8545.csv,0,0,128,3,modified_position,9.287915503364275e-08,0.04559820517897606,4.060941176328725e-16,0.9544017910957336
poison/poismph/datapoismphseq/poispos_mph_3e9e8545.csv,1,16,144,3,modified_position,1.2566974675785273e-15,0.005187571980059147,6.227291526076458e-34,0.9948124885559082
poison/poismph/datapoismphseq/poispos_mph_3e9e8545.csv,2,32,160,3,modified_position,1.3768030525807135e-21,0.0009758579544723034,0.0,0.9990241527557373
poison/poismph/datapoismphseq/poispos_mph_3e9e8545.csv,3,48,176,3,modified_position,2.5303335157357268e-23,0.0005996812251396477,0.0,0.99940025806427
poison/poismph/datapoismphseq/poispos_mph_3e9e8545.csv,4,64,192,3,modified_position,1.8836191925204806e-23,0.0005784707027487457,0.0,0.9994215965270996
poison/poismph/datapoismphseq/poispos_mph_3ea21b8b.csv,0,0,128,0,authentic,0.9990137815475464,0.00018392731726635247,7.102407107595354e-05,0.0007312464877031744
poison/poismph/datapoismphseq/poispos_mph_3ea21b8b.csv,1,16,144,0,authentic,0.7302449941635132,0.07500368356704712,0.1636977195739746,0.03105364739894867
poison/poismph/datapoismphseq/poispos_mph_3ea21b8b.csv,2,32,160,3,modified_position,2.1277782375635514e-22,0.0007771856617182493,0.0,0.9992228150367737
poison/poismph/datapoismphseq/poispos_mph_3ea21b8b.csv,3,48,176,3,modified_position,1.0336161713362486e-22,0.0007119071087799966,0.0,0.9992881417274475
poison/poismph/datapoismphseq/poispos_mph_3ea21b8b.csv,4,64,192,3,modified_position,3.450319196166937e-23,0.0006228220881894231,0.0,0.9993771910667419
poison/poismph/datapoismphseq/poispos_mph_3ea21b8b.csv,5,80,208,3,modified_position,3.777371461140706e-23,0.0006297604413703084,0.0,0.999370276927948
poison/poismph/datapoismphseq/poispos_mph_3ea21b8b.csv,6,96,224,3,modified_position,6.53427687290858e-23,0.0006730776512995362,0.0,0.9993269443511963
poison/poismph/datapoismphseq/poispos_mph_3ea230f5.csv,0,0,128,3,modified_position,4.2419142653721384e-16,0.004547963850200176,5.466990045159256e-35,0.9954520463943481
poison/poismph/datapoismphseq/poispos_mph_3ea230f5.csv,1,16,144,3,modified_position,1.0146151753238905e-21,0.0009405603050254285,0.0,0.9990594983100891
poison/poismph/datapoismphseq/poispos_mph_3ea230f5.csv,2,32,160,3,modified_position,2.7181879923218824e-22,0.0008011505706235766,0.0,0.9991987943649292
poison/poismph/datapoismphseq/poispos_mph_3ea230f5.csv,3,48,176,3,modified_position,4.005191713778148e-22,0.000839921529404819,0.0,0.9991599917411804
poison/poismph/datapoismphseq/poispos_mph_3ea230f5.csv,4,64,192,3,modified_position,7.038678448456985e-22,0.000899517151992768,0.0,0.9991005063056946
poison/poismph/datapoismphseq/poispos_mph_3ea230f5.csv,5,80,208,3,modified_position,1.1798528835396148e-21,0.00095796724781394,0.0,0.9990419745445251
poison/poismph/datapoismphseq/poispos_mph_3ea230f5.csv,6,96,224,3,modified_position,6.982685227622143e-22,0.000898329948540777,0.0,0.9991015791893005
poison/poismph/datapoismphseq/poispos_mph_3ea230f5.csv,7,112,240,3,modified_position,1.4966125710494903e-21,0.0009860232239589095,0.0,0.9990139007568359
poison/poismph/datapoismphseq/poispos_mph_3ea230f5.csv,8,128,256,0,authentic,0.9758152365684509,0.014006363227963448,0.005905120633542538,0.004273135680705309
poison/poismph/datapoismphseq/poispos_mph_3ea230f5.csv,9,144,272,0,authentic,0.7672109007835388,0.069383405148983,0.16314944624900818,0.00025631830794736743
poison/poismph/datapoismphseq/poispos_mph_3ea230f5.csv,10,160,288,0,authentic,0.9031071662902832,0.03303489461541176,0.058163758367300034,0.005694217514246702
poison/poismph/datapoismphseq/poispos_mph_3ea230f5.csv,11,176,304,0,authentic,0.9647663831710815,0.025931570678949356,0.009100917726755142,0.00020118984684813768
poison/poismph/datapoismphseq/poispos_mph_3ea230f5.csv,12,192,320,0,authentic,0.9998726844787598,9.779930405784398e-05,5.233983301877743e-06,2.426157152513042e-05
poison/poismph/datapoismphseq/poispos_mph_3ea230f5.csv,13,208,336,0,authentic,0.9343161582946777,0.04527192562818527,0.019901299849152565,0.0005106300814077258
poison/poismph/datapoismphseq/poispos_mph_3ea230f5.csv,14,224,352,0,authentic,0.9168844819068909,0.050805989652872086,0.0024319288786500692,0.029877550899982452
poison/poismph/datapoismphseq/poispos_mph_3ea262ed.csv,0,0,128,0,authentic,0.9857003688812256,0.005992611404508352,0.0027570019010454416,0.005549957975745201
poison/poismph/datapoismphseq/poispos_mph_3ea262ed.csv,1,16,144,3,modified_position,3.818623459120737e-22,0.0008348817937076092,0.0,0.9991651177406311
poison/poismph/datapoismphseq/poispos_mph_3ea262ed.csv,2,32,160,3,modified_position,1.1555146187255996e-22,0.0007217040983960032,0.0,0.9992783069610596
poison/poismph/datapoismphseq/poispos_mph_3ea262ed.csv,3,48,176,3,modified_position,2.298264836915999e-22,0.0007847826345823705,0.0,0.9992152452468872
poison/poismph/datapoismphseq/poispos_mph_3ea262ed.csv,4,64,192,3,modified_position,2.2696298171452005e-22,0.0007835780852474272,0.0,0.9992164373397827
poison/poismph/datapoismphseq/poispos_mph_3ea5338f.csv,0,0,128,0,authentic,0.8914972543716431,0.05318000540137291,0.02051178552210331,0.03481096401810646
poison/poismph/datapoismphseq/poispos_mph_3ea5338f.csv,1,16,144,0,authentic,0.984520435333252,0.006003090646117926,0.0028599228244274855,0.006616644095629454
poison/poismph/datapoismphseq/poispos_mph_3ea5338f.csv,2,32,160,0,authentic,0.9848611950874329,0.006770523730665445,0.0019927925895899534,0.006375397555530071
poison/poismph/datapoismphseq/poispos_mph_3ea5338f.csv,3,48,176,3,modified_position,8.164378668804045e-22,0.0009158136672340333,0.0,0.9990842342376709
poison/poismph/datapoismphseq/poispos_mph_3ea5338f.csv,4,64,192,3,modified_position,2.039406757299328e-22,0.0007733219536021352,0.0,0.9992266893386841
poison/poismph/datapoismphseq/poispos_mph_3ea5338f.csv,5,80,208,3,modified_position,2.2125811635280447e-22,0.0007811267278157175,0.0,0.9992188215255737
poison/poismph/datapoismphseq/poispos_mph_3ea57789.csv,0,0,128,3,modified_position,1.5382010150501544e-21,0.0009891291847452521,0.0,0.9990108013153076
poison/poismph/datapoismphseq/poispos_mph_3ea57789.csv,1,16,144,3,modified_position,5.191275765431893e-22,0.0008666562498547137,0.0,0.9991333484649658
poison/poismph/datapoismphseq/poispos_mph_3ea57789.csv,2,32,160,3,modified_position,1.7788927008704168e-22,0.0007606238941662014,0.0,0.9992393851280212
poison/poismph/datapoismphseq/poispos_mph_3ea57789.csv,3,48,176,3,modified_position,3.802612801297244e-23,0.0006302347755990922,0.0,0.9993698000907898
poison/poismph/datapoismphseq/poispos_mph_3ea57789.csv,4,64,192,3,modified_position,5.104320700700212e-23,0.0006533346604555845,0.0,0.9993466734886169
poison/poismph/datapoismphseq/poispos_mph_3ea59d67.csv,0,0,128,3,modified_position,1.2245025218467396e-20,0.0012737269280478358,0.0,0.9987263679504395
poison/poismph/datapoismphseq/poispos_mph_3ea59d67.csv,1,16,144,3,modified_position,3.452056898968958e-23,0.000622836290858686,0.0,0.9993771314620972
poison/poismph/datapoismphseq/poispos_mph_3ea59d67.csv,2,32,160,3,modified_position,3.0388676495766586e-23,0.0006133602582849562,0.0,0.9993866682052612
poison/poismph/datapoismphseq/poispos_mph_3ea59d67.csv,3,48,176,3,modified_position,4.434421913252701e-23,0.0006421770667657256,0.0,0.9993578791618347
poison/poismph/datapoismphseq/poispos_mph_3ea59d67.csv,4,64,192,3,modified_position,7.804443904510278e-23,0.0006880019791424274,0.0,0.9993120431900024
poison/poismph/datapoismphseq/poispos_mph_3eac32b0.csv,0,0,128,0,authentic,0.9991536140441895,0.00011038694356102496,3.119668463114067e-06,0.0007328509818762541
poison/poismph/datapoismphseq/poispos_mph_3eac32b0.csv,1,16,144,0,authentic,0.9707341194152832,0.004729211796075106,0.0001964732800843194,0.024340065196156502
poison/poismph/datapoismphseq/poispos_mph_3eac32b0.csv,2,32,160,0,authentic,0.7414883971214294,0.14356477558612823,0.0598321370780468,0.05511471629142761
poison/poismph/datapoismphseq/poispos_mph_3eac32b0.csv,3,48,176,0,authentic,0.9512463808059692,0.004314564634114504,0.00022496606106869876,0.0442141517996788
poison/poismph/datapoismphseq/poispos_mph_3eac32b0.csv,4,64,192,3,modified_position,0.39822903275489807,0.11563892662525177,0.007344292476773262,0.47878772020339966
poison/poismph/datapoismphseq/poispos_mph_3eac32b0.csv,5,80,208,3,modified_position,1.9991147967300637e-21,0.0010212959023192525,0.0,0.9989786744117737
poison/poismph/datapoismphseq/poispos_mph_3eac32b0.csv,6,96,224,3,modified_position,7.975622303322168e-23,0.0006896221311762929,0.0,0.9993104338645935
poison/poismph/datapoismphseq/poispos_mph_3eac32b0.csv,7,112,240,3,modified_position,2.0165214291223232e-23,0.000583367480430752,0.0,0.9994166493415833
poison/poismph/datapoismphseq/poispos_mph_3eac32b0.csv,8,128,256,3,modified_position,4.347829913864039e-23,0.0006406328757293522,0.0,0.9993594288825989
poison/poismph/datapoismphseq/poispos_mph_3eac32b0.csv,9,144,272,3,modified_position,9.094491493100993e-23,0.0007008551037870347,0.0,0.999299168586731
poison/poismph/datapoismphseq/poispos_mph_3eac32b0.csv,10,160,288,3,modified_position,9.442721833480687e-23,0.0007040657219476998,0.0,0.9992959499359131
poison/poismph/datapoismphseq/poispos_mph_3eac72f8.csv,0,0,128,3,modified_position,2.5848003208303605e-14,0.007488809991627932,5.968619115876457e-31,0.9925112128257751
poison/poismph/datapoismphseq/poispos_mph_3eac72f8.csv,1,16,144,3,modified_position,3.354383234019241e-22,0.00082211330300197,0.0,0.999177873134613
poison/poismph/datapoismphseq/poispos_mph_3eac72f8.csv,2,32,160,3,modified_position,2.8603821268630147e-22,0.0008063125424087048,0.0,0.9991936683654785
poison/poismph/datapoismphseq/poispos_mph_3eac72f8.csv,3,48,176,3,modified_position,9.995847118850142e-23,0.0007091566803865135,0.0,0.9992908835411072
poison/poismph/datapoismphseq/poispos_mph_3eac72f8.csv,4,64,192,3,modified_position,2.126641520553564e-22,0.0007774464320391417,0.0,0.9992225170135498
poison/poismph/datapoismphseq/poispos_mph_3eaca993.csv,0,0,128,0,authentic,0.9924665689468384,0.003529308130964637,0.0005046983133070171,0.003499372396618128
poison/poismph/datapoismphseq/poispos_mph_3eaca993.csv,1,16,144,0,authentic,0.3839467167854309,0.24263520538806915,0.006225832737982273,0.3671922981739044
poison/poismph/datapoismphseq/poispos_mph_3eaca993.csv,2,32,160,3,modified_position,2.8193115778489043e-16,0.004326026886701584,2.1083108201737538e-35,0.9956739544868469
poison/poismph/datapoismphseq/poispos_mph_3eaca993.csv,3,48,176,3,modified_position,5.556822044443295e-22,0.0008738471660763025,0.0,0.999126136302948
poison/poismph/datapoismphseq/poispos_mph_3eaca993.csv,4,64,192,3,modified_position,1.2245176073916023e-22,0.0007267215405590832,0.0,0.9992732405662537
poison/poismph/datapoismphseq/poispos_mph_3eaca993.csv,5,80,208,3,modified_position,1.36332866460904e-23,0.0005561694852076471,0.0,0.9994438290596008
poison/poismph/datapoismphseq/poispos_mph_3eaca993.csv,6,96,224,3,modified_position,3.5802076685664736e-23,0.000625590851996094,0.0,0.9993744492530823
poison/poismph/datapoismphseq/poispos_mph_3eb0a8e3.csv,0,0,128,0,authentic,0.7785851955413818,0.13021019101142883,0.05268391966819763,0.038520731031894684
poison/poismph/datapoismphseq/poispos_mph_3eb0a8e3.csv,1,16,144,0,authentic,0.9836753606796265,0.008230217732489109,0.0016551774460822344,0.006439261604100466
poison/poismph/datapoismphseq/poispos_mph_3eb0a8e3.csv,2,32,160,0,authentic,0.6817971467971802,0.1793384999036789,0.10560384392738342,0.033260490745306015
poison/poismph/datapoismphseq/poispos_mph_3eb0a8e3.csv,3,48,176,0,authentic,0.6820200681686401,0.2431396096944809,0.07130648195743561,0.0035338387824594975
poison/poismph/datapoismphseq/poispos_mph_3eb0a8e3.csv,4,64,192,3,modified_position,3.9504491694307496e-16,0.004509232006967068,4.686704012334374e-35,0.9954907298088074
poison/poismph/datapoismphseq/poispos_mph_3eb0e146.csv,0,0,128,0,authentic,0.9985229969024658,6.035981641616672e-05,1.1109139450127259e-05,0.0014054644852876663
poison/poismph/datapoismphseq/poispos_mph_3eb0e146.csv,1,16,144,3,modified_position,1.80564092691464e-20,0.0013356386916711926,0.0,0.998664379119873
poison/poismph/datapoismphseq/poispos_mph_3eb0e146.csv,2,32,160,3,modified_position,7.320626676096093e-23,0.0006823679432272911,0.0,0.9993176460266113
poison/poismph/datapoismphseq/poispos_mph_3eb0e146.csv,3,48,176,3,modified_position,9.35456820504405e-24,0.0005311918794177473,0.0,0.9994688630104065
poison/poismph/datapoismphseq/poispos_mph_3eb0e146.csv,4,64,192,3,modified_position,9.859123640023409e-24,0.000534628692548722,0.0,0.9994654059410095
poison/poismph/datapoismphseq/poispos_mph_3eb0e146.csv,5,80,208,3,modified_position,2.5252138084608424e-23,0.0005995418759994209,0.0,0.9994004964828491
poison/poismph/datapoismphseq/poispos_mph_3eb0e146.csv,6,96,224,3,modified_position,3.915596615586618e-23,0.0006325262947939336,0.0,0.9993675351142883
poison/poismph/datapoismphseq/poispos_mph_3eb0e146.csv,7,112,240,3,modified_position,3.839340902866886e-23,0.0006309680175036192,0.0,0.9993690848350525
poison/poismph/datapoismphseq/poispos_mph_3eb0e146.csv,8,128,256,3,modified_position,4.8923985827667425e-23,0.0006500169401988387,0.0,0.9993500113487244
poison/poismph/datapoismphseq/poispos_mph_3eb0e146.csv,9,144,272,0,authentic,0.9990800619125366,0.0004399219178594649,3.065652708755806e-05,0.00044932172750122845
poison/poismph/datapoismphseq/poispos_mph_3eb3f86a.csv,0,0,128,3,modified_position,2.0932824836135852e-20,0.0013602284016087651,0.0,0.9986397624015808
poison/poismph/datapoismphseq/poispos_mph_3eb3f86a.csv,1,16,144,3,modified_position,4.278907161818428e-21,0.0011212443932890892,0.0,0.9988787770271301
poison/poismph/datapoismphseq/poispos_mph_3eb3f86a.csv,2,32,160,3,modified_position,3.481520601343473e-22,0.0008256161818280816,0.0,0.9991744160652161
poison/poismph/datapoismphseq/poispos_mph_3eb3f86a.csv,3,48,176,3,modified_position,2.3638341980515006e-22,0.0007875230512581766,0.0,0.9992125034332275
poison/poismph/datapoismphseq/poispos_mph_3eb3f86a.csv,4,64,192,3,modified_position,1.012064163239474e-21,0.0009401015122421086,0.0,0.9990598559379578
poison/poismph/datapoismphseq/poispos_mph_3eb46d81.csv,0,0,128,3,modified_position,1.9333956845512022e-23,0.000580431311391294,0.0,0.9994195699691772
poison/poismph/datapoismphseq/poispos_mph_3eb46d81.csv,1,16,144,3,modified_position,1.1796400362456117e-23,0.0005465254653245211,0.0,0.9994534850120544
poison/poismph/datapoismphseq/poispos_mph_3eb46d81.csv,2,32,160,3,modified_position,2.3182086605496157e-23,0.0005934914806857705,0.0,0.9994064569473267
poison/poismph/datapoismphseq/poispos_mph_3eb85606.csv,0,0,128,0,authentic,0.9653651118278503,0.01498211920261383,0.004456102382391691,0.015196610242128372
poison/poismph/datapoismphseq/poispos_mph_3eb85606.csv,1,16,144,0,authentic,0.9970227479934692,0.0011616586707532406,0.000750254257582128,0.0010653494391590357
poison/poismph/datapoismphseq/poispos_mph_3eb85606.csv,2,32,160,0,authentic,0.9902704954147339,0.004866861738264561,0.003407343290746212,0.0014553888468071818
poison/poismph/datapoismphseq/poispos_mph_3eb85606.csv,3,48,176,3,modified_position,9.229237111964966e-16,0.0049970801919698715,3.1145790412679344e-34,0.9950029253959656
poison/poismph/datapoismphseq/poispos_mph_3eb85606.csv,4,64,192,3,modified_position,2.0199665740220406e-22,0.0007725381874479353,0.0,0.9992274045944214
poison/poismph/datapoismphseq/poispos_mph_3eb85606.csv,5,80,208,3,modified_position,2.1490171499224874e-22,0.0007784427143633366,0.0,0.9992215633392334
poison/poismph/datapoismphseq/poispos_mph_3ebc2471.csv,0,0,128,0,authentic,0.9957808256149292,0.0008504738216288388,0.00029152934439480305,0.0030770970042794943
poison/poismph/datapoismphseq/poispos_mph_3ebc2471.csv,1,16,144,0,authentic,0.9911197423934937,0.0013339242432266474,0.0005724845104850829,0.006973936688154936
poison/poismph/datapoismphseq/poispos_mph_3ebc2471.csv,2,32,160,0,authentic,0.9103726148605347,0.023085230961441994,0.012564069591462612,0.05397818610072136
poison/poismph/datapoismphseq/poispos_mph_3ebc2471.csv,3,48,176,0,authentic,0.9805525541305542,0.003389503573998809,0.0009904027683660388,0.01506764255464077
poison/poismph/datapoismphseq/poispos_mph_3ebc2471.csv,4,64,192,3,modified_position,0.0005017759976908565,0.12103305757045746,1.3008283872295578e-07,0.8784651160240173
poison/poismph/datapoismphseq/poispos_mph_3ebc2471.csv,5,80,208,3,modified_position,5.859350412631623e-17,0.0035754679702222347,6.222662461034864e-37,0.9964244961738586
poison/poismph/datapoismphseq/poispos_mph_3ebc2471.csv,6,96,224,3,modified_position,1.8823685324413432e-22,0.000766018230933696,0.0,0.9992339015007019
poison/poismph/datapoismphseq/poispos_mph_3ebc2471.csv,7,112,240,3,modified_position,6.804289571942822e-22,0.000895962119102478,0.0,0.9991039633750916
poison/poismph/datapoismphseq/poispos_mph_3ebc2471.csv,8,128,256,3,modified_position,1.405357646404503e-21,0.0009789319010451436,0.0,0.999021053314209
poison/poismph/datapoismphseq/poispos_mph_3ebf64ae.csv,0,0,128,0,authentic,0.9691276550292969,0.012718445621430874,0.007768222596496344,0.010385661385953426
poison/poismph/datapoismphseq/poispos_mph_3ebf64ae.csv,1,16,144,3,modified_position,8.866476194061999e-16,0.004973210394382477,2.8615490608898887e-34,0.9950268268585205
poison/poismph/datapoismphseq/poispos_mph_3ebf64ae.csv,2,32,160,3,modified_position,4.412706150253777e-23,0.0006417891127057374,0.0,0.9993582367897034
poison/poismph/datapoismphseq/poispos_mph_3ebf64ae.csv,3,48,176,3,modified_position,4.3535213875230276e-23,0.0006407806067727506,0.0,0.9993591904640198
poison/poismph/datapoismphseq/poispos_mph_3ebfcb91.csv,0,0,128,3,modified_position,5.487874545906379e-07,0.05608595907688141,2.2922468299033973e-14,0.943913459777832
poison/poismph/datapoismphseq/poispos_mph_3ebfcb91.csv,1,16,144,3,modified_position,1.7644964626666765e-23,0.0005737845203839242,0.0,0.9994262456893921
poison/poismph/datapoismphseq/poispos_mph_3ebfcb91.csv,2,32,160,3,modified_position,1.066199077061662e-23,0.0005396296037361026,0.0,0.9994603991508484
poison/poismph/datapoismphseq/poispos_mph_3ebff749.csv,0,0,128,3,modified_position,6.8627060199977255e-18,0.0027526230551302433,0.0,0.9972474575042725
poison/poismph/datapoismphseq/poispos_mph_3ebff749.csv,1,16,144,3,modified_position,1.4501405353092053e-22,0.0007417720626108348,0.0,0.999258279800415
poison/poismph/datapoismphseq/poispos_mph_3ebff749.csv,2,32,160,3,modified_position,4.2709203932260596e-23,0.0006391155766323209,0.0,0.9993608593940735
poison/poismph/datapoismphseq/poispos_mph_3ebff749.csv,3,48,176,3,modified_position,7.43700448554409e-23,0.0006839148700237274,0.0,0.9993160963058472
poison/poismph/datapoismphseq/poispos_mph_3ebff749.csv,4,64,192,3,modified_position,7.26764993314507e-23,0.000682074052747339,0.0,0.9993178844451904
poison/poismph/datapoismphseq/poispos_mph_3ebff749.csv,5,80,208,3,modified_position,6.859991229787095e-23,0.0006773078348487616,0.0,0.9993226528167725
poison/poismph/datapoismphseq/poispos_mph_3ebff749.csv,6,96,224,3,modified_position,2.515743217749302e-23,0.0005995178944431245,0.0,0.9994004964828491
poison/poismph/datapoismphseq/poispos_mph_3ebff749.csv,7,112,240,3,modified_position,6.523838665410696e-23,0.0006732585025019944,0.0,0.9993267059326172
poison/poismph/datapoismphseq/poispos_mph_3ebff749.csv,8,128,256,0,authentic,0.9939854741096497,0.0023764977231621742,0.0004223746946081519,0.0032157020177692175
poison/poismph/datapoismphseq/poispos_mph_3ec33d32.csv,0,0,128,3,modified_position,3.2417995804680927e-21,0.0010832857806235552,0.0,0.9989166855812073
poison/poismph/datapoismphseq/poispos_mph_3ec33d32.csv,1,16,144,3,modified_position,5.766706503104142e-22,0.0008780520292930305,0.0,0.9991219639778137
poison/poismph/datapoismphseq/poispos_mph_3ec33d32.csv,2,32,160,3,modified_position,1.326638617689466e-22,0.0007340942393057048,0.0,0.9992659091949463
poison/poismph/datapoismphseq/poispos_mph_3ec33d32.csv,3,48,176,3,modified_position,7.965130453282729e-23,0.0006899797008372843,0.0,0.9993100762367249
poison/poismph/datapoismphseq/poispos_mph_3eca8b3b.csv,0,0,128,0,authentic,0.9986110329627991,0.00042295121238566935,7.5033116445411e-05,0.0008909754105843604
poison/poismph/datapoismphseq/poispos_mph_3eca8b3b.csv,1,16,144,0,authentic,0.7994508147239685,0.044873274862766266,0.018584929406642914,0.1370910108089447
poison/poismph/datapoismphseq/poispos_mph_3eca8b3b.csv,2,32,160,0,authentic,0.9837961792945862,0.0007297692354768515,0.00015335822536144406,0.015320650301873684
poison/poismph/datapoismphseq/poispos_mph_3eca8b3b.csv,3,48,176,3,modified_position,0.08991613239049911,0.09788765013217926,0.0004236755194142461,0.8117725849151611
poison/poismph/datapoismphseq/poispos_mph_3eca8b3b.csv,4,64,192,3,modified_position,6.065941665748885e-18,0.0027134495321661234,0.0,0.9972865581512451
poison/poismph/datapoismphseq/poispos_mph_3eca8b3b.csv,5,80,208,3,modified_position,1.2438714324878732e-21,0.0009641626384109259,0.0,0.9990358352661133
poison/poismph/datapoismphseq/poispos_mph_3ece97cb.csv,0,0,128,0,authentic,0.9820269346237183,0.007334315218031406,0.0022332193329930305,0.008405483327805996
poison/poismph/datapoismphseq/poispos_mph_3ece97cb.csv,1,16,144,0,authentic,0.9980002045631409,0.00015873416850809008,3.7014324334450066e-05,0.001804081373848021
poison/poismph/datapoismphseq/poispos_mph_3ece97cb.csv,2,32,160,0,authentic,0.9893810153007507,0.004991564899682999,0.0024595963768661022,0.003167814342305064
poison/poismph/datapoismphseq/poispos_mph_3ece97cb.csv,3,48,176,0,authentic,0.8231485486030579,0.129004567861557,0.041501596570014954,0.006345336325466633
poison/poismph/datapoismphseq/poispos_mph_3ece97cb.csv,4,64,192,3,modified_position,9.777025434112992e-22,0.0009361276752315462,0.0,0.9990639090538025
poison/poismph/datapoismphseq/poispos_mph_3ece97cb.csv,5,80,208,3,modified_position,1.4337395491098087e-22,0.0007407406810671091,0.0,0.9992592930793762
poison/poismph/datapoismphseq/poispos_mph_3ece97cb.csv,6,96,224,3,modified_position,2.3103156023219e-22,0.0007849098183214664,0.0,0.9992151260375977
poison/poismph/datapoismphseq/poispos_mph_3ed74cd0.csv,0,0,128,3,modified_position,8.676624298540733e-24,0.0005260063335299492,0.0,0.9994739890098572
poison/poismph/datapoismphseq/poispos_mph_3ed74cd0.csv,1,16,144,3,modified_position,2.911711830795853e-24,0.0004604700661730021,0.0,0.9995395541191101
poison/poismph/datapoismphseq/poispos_mph_3ed74cd0.csv,2,32,160,3,modified_position,6.956819961598448e-24,0.0005118342814967036,0.0,0.9994881749153137
poison/poismph/datapoismphseq/poispos_mph_3ed74cd0.csv,3,48,176,3,modified_position,1.58801376312808e-23,0.0005663515767082572,0.0,0.9994335770606995
poison/poismph/datapoismphseq/poispos_mph_3ed74cd0.csv,4,64,192,3,modified_position,7.669256811182553e-24,0.0005182733293622732,0.0,0.999481737613678
poison/poismph/datapoismphseq/poispos_mph_3ed74cd0.csv,5,80,208,3,modified_position,8.746772176815701e-24,0.0005267569795250893,0.0,0.9994732737541199
poison/poismph/datapoismphseq/poispos_mph_3edaa4e3.csv,0,0,128,3,modified_position,3.061299382733161e-23,0.0006136093288660049,0.0,0.9993864297866821
poison/poismph/datapoismphseq/poispos_mph_3edaa4e3.csv,1,16,144,3,modified_position,2.4403582496967528e-23,0.000596859899815172,0.0,0.9994031190872192
poison/poismph/datapoismphseq/poispos_mph_3edaa4e3.csv,2,32,160,3,modified_position,3.5178548404403564e-23,0.0006243815878406167,0.0,0.999375581741333
poison/poismph/datapoismphseq/poispos_mph_3edaa4e3.csv,3,48,176,3,modified_position,1.0436812791803997e-23,0.0005384426913224161,0.0,0.9994615316390991
poison/poismph/datapoismphseq/poispos_mph_3edaa4e3.csv,4,64,192,3,modified_position,1.82291429482537e-23,0.000576257414650172,0.0,0.9994237422943115
poison/poismph/datapoismphseq/poispos_mph_3edaa4e3.csv,5,80,208,3,modified_position,3.392596034921381e-23,0.0006216348265297711,0.0,0.9993783235549927
poison/poismph/datapoismphseq/poispos_mph_3edaa4e3.csv,6,96,224,0,authentic,0.7027323246002197,0.23270516097545624,0.062126338481903076,0.002436181763187051
poison/poismph/datapoismphseq/poispos_mph_3edb145f.csv,0,0,128,3,modified_position,6.781911670654491e-20,0.001569670857861638,0.0,0.9984303116798401
poison/poismph/datapoismphseq/poispos_mph_3edb145f.csv,1,16,144,3,modified_position,4.950362865343322e-20,0.0015105374623090029,0.0,0.9984895586967468
poison/poismph/datapoismphseq/poispos_mph_3edb145f.csv,2,32,160,3,modified_position,9.466200807887863e-21,0.0012347903102636337,0.0,0.998765230178833
poison/poismph/datapoismphseq/poispos_mph_3edb145f.csv,3,48,176,3,modified_position,1.2438619409134616e-21,0.000964212289545685,0.0,0.9990358352661133
poison/poismph/datapoismphseq/poispos_mph_3edb145f.csv,4,64,192,3,modified_position,1.000622070286267e-21,0.0009387804311700165,0.0,0.9990612864494324
poison/poismph/datapoismphseq/poispos_mph_3edebc1c.csv,0,0,128,3,modified_position,6.775578064218653e-23,0.0006762591074220836,0.0,0.9993237257003784
poison/poismph/datapoismphseq/poispos_mph_3edebc1c.csv,1,16,144,3,modified_position,5.898210751964189e-23,0.0006648812559433281,0.0,0.9993351697921753
poison/poismph/datapoismphseq/poispos_mph_3edebc1c.csv,2,32,160,3,modified_position,4.6006715091287706e-23,0.0006450870423577726,0.0,0.999354898929596
poison/poismph/datapoismphseq/poispos_mph_3edebc1c.csv,3,48,176,3,modified_position,7.370217628041907e-23,0.000683122780174017,0.0,0.999316930770874
poison/poismph/datapoismphseq/poispos_mph_3edebc1c.csv,4,64,192,3,modified_position,9.933927848677534e-23,0.0007086890400387347,0.0,0.9992913007736206
poison/poismph/datapoismphseq/poispos_mph_3eeab179.csv,0,0,128,3,modified_position,3.949548466053443e-10,0.023894445970654488,1.723496237533156e-21,0.9761055707931519
poison/poismph/datapoismphseq/poispos_mph_3eeab179.csv,1,16,144,3,modified_position,3.6959793558999365e-10,0.02370537631213665,1.4808901819334265e-21,0.9762945175170898
poison/poismph/datapoismphseq/poispos_mph_3eeab179.csv,2,32,160,3,modified_position,7.558597497903108e-11,0.01960224285721779,4.0279991971610254e-23,0.9803977608680725
poison/poismph/datapoismphseq/poispos_mph_3eeab179.csv,3,48,176,3,modified_position,3.954661480929706e-24,0.0004780527378898114,0.0,0.9995219707489014
poison/poismph/datapoismphseq/poispos_mph_3eeab179.csv,4,64,192,0,authentic,0.9203333854675293,0.057979002594947815,0.009621326811611652,0.012066224589943886
poison/poismph/datapoismphseq/poispos_mph_3eeab179.csv,5,80,208,0,authentic,0.996317982673645,0.0009286602144129574,7.011542766122147e-05,0.0026831855066120625
poison/poismph/datapoismphseq/poispos_mph_3eeab179.csv,6,96,224,0,authentic,0.9965073466300964,0.0005974438390694559,0.00042196965659968555,0.0024732451420277357
poison/poismph/datapoismphseq/poispos_mph_3eeb5bac.csv,0,0,128,0,authentic,0.9025140404701233,0.05770624801516533,0.02840885892510414,0.011370882391929626
poison/poismph/datapoismphseq/poispos_mph_3eeb5bac.csv,1,16,144,0,authentic,0.9544991254806519,0.023775124922394753,0.009171898476779461,0.012553841806948185
poison/poismph/datapoismphseq/poispos_mph_3eeb5bac.csv,2,32,160,0,authentic,0.8474096655845642,0.11056216061115265,0.02996227517724037,0.012065870687365532
poison/poismph/datapoismphseq/poispos_mph_3eeb5bac.csv,3,48,176,3,modified_position,1.4836584634876594e-15,0.005293351598083973,9.083916367662355e-34,0.9947066307067871
poison/poismph/datapoismphseq/poispos_mph_3eeeaa2c.csv,0,0,128,3,modified_position,8.375102096814813e-23,0.0006938213482499123,0.0,0.9993062615394592
poison/poismph/datapoismphseq/poispos_mph_3eeeaa2c.csv,1,16,144,3,modified_position,5.805025453129689e-23,0.0006635442841798067,0.0,0.9993364810943604
poison/poismph/datapoismphseq/poispos_mph_3eeeaa2c.csv,2,32,160,3,modified_position,3.1821569754897274e-23,0.000616630888544023,0.0,0.9993833303451538
poison/poismph/datapoismphseq/poispos_mph_3eeeaa2c.csv,3,48,176,3,modified_position,4.68607548399417e-23,0.0006464694160968065,0.0,0.9993535876274109
poison/poismph/datapoismphseq/poispos_mph_3eeeaa2c.csv,4,64,192,3,modified_position,6.898776049508829e-23,0.0006776449154131114,0.0,0.9993224143981934
poison/poismph/datapoismphseq/poispos_mph_3eeeaa2c.csv,5,80,208,3,modified_position,1.4359887493227749e-22,0.0007409270037896931,0.0,0.9992590546607971
poison/poismph/datapoismphseq/poispos_mph_3eeeaa2c.csv,6,96,224,3,modified_position,2.218361178935035e-22,0.000781554146669805,0.0,0.9992184638977051
poison/poismph/datapoismphseq/poispos_mph_3eef2fac.csv,0,0,128,0,authentic,0.9995826482772827,2.0846433471888304e-05,3.176775635438389e-06,0.000393269641790539
poison/poismph/datapoismphseq/poispos_mph_3eef2fac.csv,1,16,144,0,authentic,0.9729127883911133,0.012653755024075508,0.007577236276119947,0.006856183987110853
poison/poismph/datapoismphseq/poispos_mph_3eef2fac.csv,2,32,160,3,modified_position,1.9918882674022262e-19,0.0017891761381179094,0.0,0.9982107281684875
poison/poismph/datapoismphseq/poispos_mph_3eef2fac.csv,3,48,176,3,modified_position,4.699535659847775e-23,0.0006467516650445759,0.0,0.9993532299995422
poison/poismph/datapoismphseq/poispos_mph_3eef2fac.csv,4,64,192,3,modified_position,1.8543264205269087e-23,0.00057738006580621,0.0,0.9994226694107056
poison/poismph/datapoismphseq/poispos_mph_3eef2fac.csv,5,80,208,3,modified_position,3.229491785246609e-23,0.0006178203620947897,0.0,0.9993821382522583
poison/poismph/datapoismphseq/poispos_mph_3ef36878.csv,0,0,128,3,modified_position,9.855929542218169e-24,0.0005344860255718231,0.0,0.9994655251502991
poison/poismph/datapoismphseq/poispos_mph_3ef36878.csv,1,16,144,3,modified_position,5.279127386359576e-24,0.0004953970783390105,0.0,0.999504566192627
poison/poismph/datapoismphseq/poispos_mph_3ef36878.csv,2,32,160,3,modified_position,4.273102145831629e-24,0.00048272620188072324,0.0,0.9995173215866089
poison/poismph/datapoismphseq/poispos_mph_3ef36878.csv,3,48,176,3,modified_position,5.3551013968500535e-24,0.0004963310202583671,0.0,0.9995036125183105
poison/poismph/datapoismphseq/poispos_mph_3ef36878.csv,4,64,192,3,modified_position,5.5936387350925935e-24,0.000498906709253788,0.0,0.99950110912323
poison/poismph/datapoismphseq/poispos_mph_3ef36878.csv,5,80,208,3,modified_position,1.1009398013527806e-23,0.0005418209475465119,0.0,0.9994581341743469
poison/poismph/datapoismphseq/poispos_mph_3ef36878.csv,6,96,224,3,modified_position,4.597866531952377e-10,0.024329908192157745,2.4163104876442506e-21,0.9756701588630676
poison/poismph/datapoismphseq/poispos_mph_3ef68363.csv,0,0,128,0,authentic,0.9835010766983032,0.0015648811822757125,0.00027371340547688305,0.014660356566309929
poison/poismph/datapoismphseq/poispos_mph_3ef68363.csv,1,16,144,0,authentic,0.9586776494979858,0.017333734780550003,0.011074298061430454,0.012914301827549934
poison/poismph/datapoismphseq/poispos_mph_3ef68363.csv,2,32,160,3,modified_position,2.4409187069709197e-21,0.0010468163527548313,0.0,0.998953104019165
poison/poismph/datapoismphseq/poispos_mph_3ef68363.csv,3,48,176,3,modified_position,1.9393323677339697e-22,0.0007687663892284036,0.0,0.9992311596870422
poison/poismph/datapoismphseq/poispos_mph_3ef68363.csv,4,64,192,3,modified_position,1.794218311883816e-22,0.0007614840287715197,0.0,0.9992384910583496
poison/poismph/datapoismphseq/poispos_mph_3ef6adc6.csv,0,0,128,3,modified_position,1.490176803970982e-22,0.0007444048533216119,0.0,0.9992555975914001
poison/poismph/datapoismphseq/poispos_mph_3ef6adc6.csv,1,16,144,3,modified_position,1.0554275758313217e-23,0.0005390291335061193,0.0,0.9994609951972961
poison/poismph/datapoismphseq/poispos_mph_3ef6adc6.csv,2,32,160,3,modified_position,6.875317850542453e-23,0.0006772885099053383,0.0,0.999322772026062
poison/poismph/datapoismphseq/poispos_mph_3ef6d1cd.csv,0,0,128,3,modified_position,1.6673212527155198e-15,0.005368857178837061,1.1823645642898668e-33,0.9946311712265015
poison/poismph/datapoismphseq/poispos_mph_3ef6d1cd.csv,1,16,144,3,modified_position,4.335525577008764e-23,0.0006401946302503347,0.0,0.9993597865104675
poison/poismph/datapoismphseq/poispos_mph_3ef6d1cd.csv,2,32,160,3,modified_position,2.0967645181735856e-23,0.0005861083045601845,0.0,0.999413788318634
poison/poismph/datapoismphseq/poispos_mph_3ef6d1cd.csv,3,48,176,3,modified_position,3.257975028179243e-23,0.0006183387595228851,0.0,0.9993816614151001
poison/poismph/datapoismphseq/poispos_mph_3ef6d1cd.csv,4,64,192,3,modified_position,1.230213041132335e-23,0.0005492430063895881,0.0,0.9994507431983948
poison/poismph/datapoismphseq/poispos_mph_3ef6d1cd.csv,5,80,208,3,modified_position,3.0857537552506505e-23,0.000614460208453238,0.0,0.9993854761123657
poison/poismph/datapoismphseq/poispos_mph_3ef6d1cd.csv,6,96,224,3,modified_position,5.397283446060122e-23,0.0006576839950866997,0.0,0.9993422627449036
poison/poismph/datapoismphseq/poispos_mph_3ef6f483.csv,0,0,128,3,modified_position,1.0302420605512452e-07,0.046181902289390564,5.372338231695922e-16,0.9538180232048035
poison/poismph/datapoismphseq/poispos_mph_3ef6f483.csv,1,16,144,3,modified_position,2.03799829348471e-22,0.0007737450650893152,0.0,0.9992262721061707
poison/poismph/datapoismphseq/poispos_mph_3ef6f483.csv,2,32,160,3,modified_position,7.29898664374407e-23,0.0006825539167039096,0.0,0.9993174076080322
poison/poismph/datapoismphseq/poispos_mph_3ef6f483.csv,3,48,176,3,modified_position,7.414881039229348e-23,0.0006839070119895041,0.0,0.9993160963058472
poison/poismph/datapoismphseq/poispos_mph_3ef6f483.csv,4,64,192,3,modified_position,1.474430130560812e-22,0.0007435653824359179,0.0,0.999256432056427
poison/poismph/datapoismphseq/poispos_mph_3ef6f483.csv,5,80,208,3,modified_position,1.4967156404599229e-22,0.0007451727287843823,0.0,0.9992547631263733
poison/poismph/datapoismphseq/poispos_mph_3ef6f483.csv,6,96,224,3,modified_position,4.37075339135442e-22,0.0008488378371112049,0.0,0.9991511106491089
poison/poismph/datapoismphseq/poispos_mph_3efabce5.csv,0,0,128,0,authentic,0.9822959303855896,0.011990249156951904,0.004830775782465935,0.0008830307051539421
poison/poismph/datapoismphseq/poispos_mph_3efabce5.csv,1,16,144,0,authentic,0.9993434548377991,0.0002579759166110307,4.9456510168965906e-05,0.00034915789728984237
poison/poismph/datapoismphseq/poispos_mph_3efabce5.csv,2,32,160,0,authentic,0.9991970062255859,0.0004966702545061707,0.00011656421702355146,0.0001896891335491091
poison/poismph/datapoismphseq/poispos_mph_3efabce5.csv,3,48,176,0,authentic,0.9036281108856201,0.035366449505090714,0.01816820539534092,0.04283720999956131
poison/poismph/datapoismphseq/poispos_mph_3efabce5.csv,4,64,192,3,modified_position,1.5684645931000469e-19,0.001738731050863862,0.0,0.9982612729072571
poison/poismph/datapoismphseq/poispos_mph_3efabce5.csv,5,80,208,3,modified_position,2.4784755037660527e-22,0.0007920839125290513,0.0,0.9992079138755798
poison/poismph/datapoismphseq/poispos_mph_3efe4dcd.csv,0,0,128,3,modified_position,4.4904755292784474e-24,0.0004857559979427606,0.0,0.9995142221450806
poison/poismph/datapoismphseq/poispos_mph_3efe4dcd.csv,1,16,144,3,modified_position,4.812341033800388e-24,0.0004898394108749926,0.0,0.9995101690292358
poison/poismph/datapoismphseq/poispos_mph_3efe4dcd.csv,2,32,160,3,modified_position,7.18360563893591e-24,0.0005144980968907475,0.0,0.9994855523109436
poison/poismph/datapoismphseq/poispos_mph_3efe4dcd.csv,3,48,176,3,modified_position,9.234557217810967e-24,0.000530435994733125,0.0,0.9994695782661438
poison/poismph/datapoismphseq/poispos_mph_3efe4dcd.csv,4,64,192,3,modified_position,1.1534763599186896e-23,0.0005450417520478368,0.0,0.999454915523529
poison/poismph/datapoismphseq/poispos_mph_3efe5fe4.csv,0,0,128,0,authentic,0.9833025932312012,0.006169009022414684,0.002306085079908371,0.00822236854583025
poison/poismph/datapoismphseq/poispos_mph_3efe5fe4.csv,1,16,144,0,authentic,0.9988487958908081,0.00010503885278012604,2.1843081412953325e-05,0.0010243101278319955
poison/poismph/datapoismphseq/poispos_mph_3efe5fe4.csv,2,32,160,0,authentic,0.9966918230056763,0.0011266376823186874,0.0004425529041327536,0.001739033148624003
poison/poismph/datapoismphseq/poispos_mph_3efe5fe4.csv,3,48,176,0,authentic,0.916073739528656,0.04098176583647728,0.01904492825269699,0.023899614810943604
poison/poismph/datapoismphseq/poispos_mph_3efe5fe4.csv,4,64,192,3,modified_position,3.946601363449169e-15,0.005961221642792225,8.353029796164558e-33,0.9940388202667236
poison/poismph/datapoismphseq/poispos_mph_3efe5fe4.csv,5,80,208,3,modified_position,4.64679115754725e-23,0.000645889260340482,0.0,0.9993540644645691
poison/poismph/datapoismphseq/poispos_mph_3efe5fe4.csv,6,96,224,3,modified_position,1.336828681101004e-22,0.0007345938356593251,0.0,0.9992653727531433
poison/poismph/datapoismphseq/poispos_mph_3efe7d81.csv,0,0,128,3,modified_position,1.1640045871619265e-10,0.02065150812268257,1.1038957262735162e-22,0.9793485999107361
poison/poismph/datapoismphseq/poispos_mph_3efe7d81.csv,1,16,144,3,modified_position,1.0874898898061147e-10,0.02048235386610031,9.407399166499787e-23,0.9795176386833191
poison/poismph/datapoismphseq/poispos_mph_3efe7d81.csv,2,32,160,3,modified_position,2.0910445597266403e-10,0.022145483642816544,4.0784227444606456e-22,0.9778545498847961
poison/poismph/datapoismphseq/poispos_mph_3efe7d81.csv,3,48,176,3,modified_position,1.6955276072039283e-10,0.021601198241114616,2.57465216315315e-22,0.9783987402915955
poison/poismph/datapoismphseq/poispos_mph_3efe7d81.csv,4,64,192,3,modified_position,5.94141735810183e-10,0.025085005909204483,4.3103505264118135e-21,0.9749149680137634
poison/poismph/datapoismphseq/poispos_mph_3efe7d81.csv,5,80,208,3,modified_position,4.394506980531787e-09,0.031831175088882446,4.069128132334971e-19,0.9681688547134399
poison/poismph/datapoismphseq/poispos_mph_3efea136.csv,0,0,128,0,authentic,0.9991142153739929,3.8539048546226695e-05,9.253817552234977e-06,0.000837962084915489
poison/poismph/datapoismphseq/poispos_mph_3efea136.csv,1,16,144,3,modified_position,1.0339092603700353e-16,0.003830854780972004,2.239215934510128e-36,0.9961692094802856
poison/poismph/datapoismphseq/poispos_mph_3efea136.csv,2,32,160,3,modified_position,1.5891164960102704e-22,0.0007500101928599179,0.0,0.9992499947547913
poison/poismph/datapoismphseq/poispos_mph_3efea136.csv,3,48,176,3,modified_position,3.2720546807245e-22,0.0008191449451260269,0.0,0.9991808533668518
poison/poismph/datapoismphseq/poispos_mph_3efea136.csv,4,64,192,3,modified_position,4.5167562725637044e-23,0.0006436034454964101,0.0,0.9993564486503601
poison/poismph/datapoismphseq/poispos_mph_3efea136.csv,5,80,208,3,modified_position,8.131640688801883e-23,0.0006914701079949737,0.0,0.9993085861206055
poison/poismph/datapoismphseq/poispos_mph_3efea136.csv,6,96,224,3,modified_position,1.4318046310814826e-22,0.0007406502845697105,0.0,0.9992592930793762
poison/poismph/datapoismphseq/poispos_mph_3f0239cf.csv,0,0,128,3,modified_position,3.918542550038423e-15,0.005954906344413757,8.102758232666862e-33,0.9940450191497803
poison/poismph/datapoismphseq/poispos_mph_3f0239cf.csv,1,16,144,3,modified_position,2.8117703721816337e-22,0.0008039924432523549,0.0,0.99919593334198
poison/poismph/datapoismphseq/poispos_mph_3f0239cf.csv,2,32,160,3,modified_position,9.559451159348051e-23,0.0007051777211017907,0.0,0.9992948174476624
poison/poismph/datapoismphseq/poispos_mph_3f0239cf.csv,3,48,176,3,modified_position,4.0262356197213133e-23,0.000634604599326849,0.0,0.9993653893470764
poison/poismph/datapoismphseq/poispos_mph_3f0239cf.csv,4,64,192,3,modified_position,6.189694225354628e-23,0.000668817781843245,0.0,0.9993312358856201
poison/poismph/datapoismphseq/poispos_mph_3f0239cf.csv,5,80,208,3,modified_position,8.466611223997898e-23,0.0006947794463485479,0.0,0.999305248260498
poison/poismph/datapoismphseq/poispos_mph_3f02444d.csv,0,0,128,3,modified_position,1.0110132318868125e-18,0.0021807916928082705,0.0,0.9978191256523132
poison/poismph/datapoismphseq/poispos_mph_3f02444d.csv,1,16,144,3,modified_position,1.0861445573031795e-23,0.000540926237590611,0.0,0.9994590282440186
poison/poismph/datapoismphseq/poispos_mph_3f02444d.csv,2,32,160,3,modified_position,2.6013155355318755e-23,0.0006015038816258311,0.0,0.9993984699249268
poison/poismph/datapoismphseq/poispos_mph_3f02444d.csv,3,48,176,3,modified_position,1.6668615150101875e-23,0.0005698961904272437,0.0,0.9994301199913025
poison/poismph/datapoismphseq/poispos_mph_3f02444d.csv,4,64,192,3,modified_position,1.1890095738751933e-23,0.0005469016614370048,0.0,0.9994531273841858
poison/poismph/datapoismphseq/poispos_mph_3f02444d.csv,5,80,208,3,modified_position,1.750131463354783e-23,0.0005732564604841173,0.0,0.9994267225265503
poison/poismph/datapoismphseq/poispos_mph_3f061c0f.csv,0,0,128,3,modified_position,2.681865049713162e-22,0.000799713539890945,0.0,0.9992002248764038
poison/poismph/datapoismphseq/poispos_mph_3f061c0f.csv,1,16,144,3,modified_position,1.5061201246276057e-22,0.0007453262805938721,0.0,0.9992547035217285
poison/poismph/datapoismphseq/poispos_mph_3f061c0f.csv,2,32,160,3,modified_position,3.441778167591673e-22,0.0008242877665907145,0.0,0.9991757273674011
poison/poismph/datapoismphseq/poispos_mph_3f061c0f.csv,3,48,176,3,modified_position,1.404372542149612e-21,0.0009782746201381087,0.0,0.9990217685699463
poison/poismph/datapoismphseq/poispos_mph_3f061c0f.csv,4,64,192,3,modified_position,5.1588556774418735e-21,0.0011463281698524952,0.0,0.9988536834716797
poison/poismph/datapoismphseq/poispos_mph_3f06490c.csv,0,0,128,0,authentic,0.6198707818984985,0.19485291838645935,0.16375420987606049,0.021522101014852524
poison/poismph/datapoismphseq/poispos_mph_3f06490c.csv,1,16,144,0,authentic,0.9916750192642212,0.003561626886948943,0.001725239446386695,0.0030381041578948498
poison/poismph/datapoismphseq/poispos_mph_3f06490c.csv,2,32,160,0,authentic,0.8016844987869263,0.1000366359949112,0.08896182477474213,0.009317012503743172
poison/poismph/datapoismphseq/poispos_mph_3f06490c.csv,3,48,176,0,authentic,0.8932541012763977,0.06073058769106865,0.045528724789619446,0.0004865661321673542
poison/poismph/datapoismphseq/poispos_mph_3f06490c.csv,4,64,192,3,modified_position,1.9762751040933171e-19,0.001788844121620059,0.0,0.998211145401001
poison/poismph/datapoismphseq/poispos_mph_3f067464.csv,0,0,128,3,modified_position,1.8411954363290524e-24,0.00043551725684665143,0.0,0.999564528465271
poison/poismph/datapoismphseq/poispos_mph_3f067464.csv,1,16,144,3,modified_position,1.621652290962424e-24,0.0004288571944925934,0.0,0.9995712041854858
poison/poismph/datapoismphseq/poispos_mph_3f067464.csv,2,32,160,3,modified_position,3.359062425587432e-24,0.0004687767359428108,0.0,0.9995312094688416
poison/poismph/datapoismphseq/poispos_mph_3f067464.csv,3,48,176,3,modified_position,2.541431960368236e-24,0.0004531494341790676,0.0,0.9995468258857727
poison/poismph/datapoismphseq/poispos_mph_3f067464.csv,4,64,192,3,modified_position,3.6228914333122626e-24,0.00047315022675320506,0.0,0.999526858329773
poison/poismph/datapoismphseq/poispos_mph_3f067464.csv,5,80,208,3,modified_position,4.993505701697562e-24,0.0004920538049191236,0.0,0.9995079040527344
poison/poismph/datapoismphseq/poispos_mph_3f09cfd8.csv,0,0,128,0,authentic,0.9861553907394409,0.0006809275364503264,0.00018900939903687686,0.012974658980965614
poison/poismph/datapoismphseq/poispos_mph_3f09cfd8.csv,1,16,144,0,authentic,0.9981576204299927,7.171421748353168e-05,2.2854492272017524e-05,0.0017478285590186715
poison/poismph/datapoismphseq/poispos_mph_3f09cfd8.csv,2,32,160,0,authentic,0.9836087226867676,0.0021868154872208834,0.0004581699031405151,0.013746330514550209
poison/poismph/datapoismphseq/poispos_mph_3f09cfd8.csv,3,48,176,3,modified_position,0.0003612790897022933,0.10637196898460388,3.462325182113091e-08,0.8932666778564453
poison/poismph/datapoismphseq/poispos_mph_3f09cfd8.csv,4,64,192,3,modified_position,5.159895320384308e-23,0.0006542119663208723,0.0,0.9993457198143005
poison/poismph/datapoismphseq/poispos_mph_3f09cfd8.csv,5,80,208,3,modified_position,5.96163390656651e-23,0.0006657486665062606,0.0,0.9993342757225037
poison/poismph/datapoismphseq/poispos_mph_3f09cfd8.csv,6,96,224,3,modified_position,6.196119339655472e-23,0.0006688827415928245,0.0,0.9993311166763306
poison/poismph/datapoismphseq/poispos_mph_3f0a1418.csv,0,0,128,3,modified_position,0.0008143939776346087,0.10288414359092712,1.0510092351978528e-07,0.8963013291358948
poison/poismph/datapoismphseq/poispos_mph_3f0a1418.csv,1,16,144,3,modified_position,1.631528706623822e-13,0.009359855204820633,3.839801159910177e-29,0.9906401038169861
poison/poismph/datapoismphseq/poispos_mph_3f0a1418.csv,2,32,160,3,modified_position,1.7259500367105e-22,0.0007577848737128079,0.0,0.9992421269416809
poison/poismph/datapoismphseq/poispos_mph_3f0a1418.csv,3,48,176,3,modified_position,4.1443942353311925e-22,0.000842995650600642,0.0,0.9991569519042969
poison/poismph/datapoismphseq/poispos_mph_3f0a1418.csv,4,64,192,3,modified_position,8.616280856912395e-23,0.0006963477935642004,0.0,0.9993036985397339
poison/poismph/datapoismphseq/poispos_mph_3f0a1418.csv,5,80,208,3,modified_position,7.387499992753488e-23,0.0006832099752500653,0.0,0.9993168115615845
poison/poismph/datapoismphseq/poispos_mph_3f0a1418.csv,6,96,224,3,modified_position,1.1915640474812618e-22,0.0007244273438118398,0.0,0.9992756247520447
poison/poismph/datapoismphseq/poispos_mph_3f11b99b.csv,0,0,128,0,authentic,0.9808201193809509,0.004814114887267351,0.0009449178469367325,0.013420951552689075
poison/poismph/datapoismphseq/poispos_mph_3f11b99b.csv,1,16,144,0,authentic,0.9974379539489746,0.00038189528277143836,5.445208080345765e-05,0.0021256625186651945
poison/poismph/datapoismphseq/poispos_mph_3f11b99b.csv,2,32,160,0,authentic,0.9925724864006042,0.0008113677031360567,4.477054244489409e-05,0.006571420468389988
poison/poismph/datapoismphseq/poispos_mph_3f11b99b.csv,3,48,176,0,authentic,0.9969184398651123,0.001145590445958078,0.00013424217468127608,0.0018016353715211153
poison/poismph/datapoismphseq/poispos_mph_3f11b99b.csv,4,64,192,3,modified_position,0.1255960315465927,0.07139703631401062,9.76234587142244e-05,0.802909255027771
poison/poismph/datapoismphseq/poispos_mph_3f11b99b.csv,5,80,208,3,modified_position,1.9818956671086442e-21,0.00102017552126199,0.0,0.9989797472953796
poison/poismph/datapoismphseq/poispos_mph_3f11b99b.csv,6,96,224,3,modified_position,4.499414206858815e-22,0.0008515988592989743,0.0,0.9991483688354492
poison/poismph/datapoismphseq/poispos_mph_3f11b99b.csv,7,112,240,3,modified_position,4.693341208475617e-22,0.0008560474961996078,0.0,0.9991439580917358
poison/poismph/datapoismphseq/poispos_mph_3f147d2b.csv,0,0,128,3,modified_position,2.1271472592799013e-24,0.0004434846923686564,0.0,0.9995564818382263
poison/poismph/datapoismphseq/poispos_mph_3f147d2b.csv,1,16,144,3,modified_position,7.555114949084314e-24,0.0005175812402740121,0.0,0.9994824528694153
poison/poismph/datapoismphseq/poispos_mph_3f147d2b.csv,2,32,160,3,modified_position,1.2334880760664506e-23,0.0005494923098012805,0.0,0.9994505643844604
poison/poismph/datapoismphseq/poispos_mph_3f147d2b.csv,3,48,176,3,modified_position,4.7480855520569684e-24,0.0004890444688498974,0.0,0.9995110034942627
poison/poismph/datapoismphseq/poispos_mph_3f147d2b.csv,4,64,192,1,modified_altitude,0.3434755802154541,0.3694181442260742,0.18172740936279297,0.1053788959980011
poison/poismph/datapoismphseq/poispos_mph_3f14d941.csv,0,0,128,0,authentic,0.9989251494407654,0.0001513252209406346,3.072122126468457e-05,0.0008927115704864264
poison/poismph/datapoismphseq/poispos_mph_3f14d941.csv,1,16,144,3,modified_position,1.4828983784724407e-14,0.007001099176704884,1.6986263650102564e-31,0.9929988384246826
poison/poismph/datapoismphseq/poispos_mph_3f14d941.csv,2,32,160,3,modified_position,1.4147707575550453e-23,0.0005586697370745242,0.0,0.999441385269165
poison/poismph/datapoismphseq/poispos_mph_3f14d941.csv,3,48,176,3,modified_position,1.8164730877620595e-23,0.0005759147461503744,0.0,0.9994240403175354
poison/poismph/datapoismphseq/poispos_mph_3f14d941.csv,4,64,192,3,modified_position,3.250551847061113e-23,0.0006182032520882785,0.0,0.9993817806243896
poison/poismph/datapoismphseq/poispos_mph_3f18df2b.csv,0,0,128,3,modified_position,2.0532965379060897e-17,0.0031463471241295338,5.669943935700018e-38,0.9968535900115967
poison/poismph/datapoismphseq/poispos_mph_3f18df2b.csv,1,16,144,3,modified_position,1.0271690951478032e-21,0.0009418659610673785,0.0,0.999058187007904
poison/poismph/datapoismphseq/poispos_mph_3f18df2b.csv,2,32,160,3,modified_position,3.9396162941908943e-22,0.0008380284998565912,0.0,0.9991618990898132
poison/poismph/datapoismphseq/poispos_mph_3f18df2b.csv,3,48,176,3,modified_position,4.473556734780864e-22,0.0008510001935064793,0.0,0.999148964881897
poison/poismph/datapoismphseq/poispos_mph_3f18df2b.csv,4,64,192,3,modified_position,5.013604599607927e-22,0.0008628232171759009,0.0,0.9991372227668762
poison/poismph/datapoismphseq/poispos_mph_3f1908f0.csv,0,0,128,3,modified_position,8.224758461142896e-23,0.0006920989835634828,0.0,0.9993079304695129
poison/poismph/datapoismphseq/poispos_mph_3f1908f0.csv,1,16,144,3,modified_position,5.399157779570927e-23,0.0006576627492904663,0.0,0.9993423223495483
poison/poismph/datapoismphseq/poispos_mph_3f1908f0.csv,2,32,160,3,modified_position,1.6297043362169777e-22,0.0007523351814597845,0.0,0.9992476105690002
poison/poismph/datapoismphseq/poispos_mph_3f1908f0.csv,3,48,176,3,modified_position,2.291769166895792e-22,0.0007844581268727779,0.0,0.9992154836654663
poison/poismph/datapoismphseq/poispos_mph_3f1908f0.csv,4,64,192,3,modified_position,2.8169058566746225e-23,0.0006077053840272129,0.0,0.9993922710418701
poison/poismph/datapoismphseq/poispos_mph_3f1908f0.csv,5,80,208,3,modified_position,1.9026529862138342e-22,0.0007670160848647356,0.0,0.9992330074310303
poison/poismph/datapoismphseq/poispos_mph_3f192ee1.csv,0,0,128,3,modified_position,5.430060089081882e-20,0.001527639338746667,0.0,0.9984724521636963
poison/poismph/datapoismphseq/poispos_mph_3f192ee1.csv,1,16,144,3,modified_position,9.751921229536218e-23,0.0007067588157951832,0.0,0.9992932677268982
poison/poismph/datapoismphseq/poispos_mph_3f192ee1.csv,2,32,160,3,modified_position,4.8708002022705154e-23,0.0006494398112408817,0.0,0.9993506073951721
poison/poismph/datapoismphseq/poispos_mph_3f192ee1.csv,3,48,176,3,modified_position,2.484988591835047e-22,0.0007922680815681815,0.0,0.9992077350616455
poison/poismph/datapoismphseq/poispos_mph_3f1d4c27.csv,0,0,128,0,authentic,0.9991418123245239,8.420977974310517e-05,6.073601980460808e-06,0.0007679323316551745
poison/poismph/datapoismphseq/poispos_mph_3f1d4c27.csv,1,16,144,0,authentic,0.741313099861145,0.10718561708927155,0.14576101303100586,0.00574041111394763
poison/poismph/datapoismphseq/poispos_mph_3f1d4c27.csv,2,32,160,3,modified_position,0.13383738696575165,0.2730758488178253,0.0009836553363129497,0.5921030044555664
poison/poismph/datapoismphseq/poispos_mph_3f1d4c27.csv,3,48,176,3,modified_position,2.927387987298617e-20,0.0014169849455356598,0.0,0.9985830783843994
poison/poismph/datapoismphseq/poispos_mph_3f1d787f.csv,0,0,128,0,authentic,0.984590470790863,0.00541260652244091,0.0023938671220093966,0.007603070233017206
poison/poismph/datapoismphseq/poispos_mph_3f1d787f.csv,1,16,144,3,modified_position,4.358297355915982e-20,0.0014865912962704897,0.0,0.998513400554657
poison/poismph/datapoismphseq/poispos_mph_3f1d787f.csv,2,32,160,3,modified_position,2.6429622164000067e-22,0.0007978410576470196,0.0,0.9992021322250366
poison/poismph/datapoismphseq/poispos_mph_3f1d787f.csv,3,48,176,3,modified_position,4.4016277032452153e-23,0.0006415506359189749,0.0,0.9993584752082825
poison/poismph/datapoismphseq/poispos_mph_3f1d787f.csv,4,64,192,3,modified_position,6.075636929145429e-23,0.0006672120653092861,0.0,0.9993327260017395
poison/poismph/datapoismphseq/poispos_mph_3f1dc2f5.csv,0,0,128,0,authentic,0.9589689373970032,0.008951641619205475,0.003222667844966054,0.028856666758656502
poison/poismph/datapoismphseq/poispos_mph_3f1dc2f5.csv,1,16,144,0,authentic,0.9136432409286499,0.034623920917510986,0.029429582878947258,0.022303292527794838
poison/poismph/datapoismphseq/poispos_mph_3f1dc2f5.csv,2,32,160,0,authentic,0.7290136814117432,0.18572434782981873,0.061614859849214554,0.023647107183933258
poison/poismph/datapoismphseq/poispos_mph_3f1dc2f5.csv,3,48,176,0,authentic,0.8902251124382019,0.06685761362314224,0.03264326602220535,0.010273957625031471
poison/poismph/datapoismphseq/poispos_mph_3f1dc2f5.csv,4,64,192,0,authentic,0.9390583634376526,0.02452705055475235,0.02288464456796646,0.013529999181628227
poison/poismph/datapoismphseq/poispos_mph_3f1dc2f5.csv,5,80,208,0,authentic,0.8034662008285522,0.09694725275039673,0.09828176349401474,0.001304773730225861
poison/poismph/datapoismphseq/poispos_mph_3f1dc2f5.csv,6,96,224,0,authentic,0.9834991097450256,0.003583710640668869,0.0014614226529374719,0.011455702595412731
poison/poismph/datapoismphseq/poispos_mph_3f1dc2f5.csv,7,112,240,0,authentic,0.9930449724197388,0.0033129968214780092,0.0015711840242147446,0.002070874674245715
poison/poismph/datapoismphseq/poispos_mph_3f1dc2f5.csv,8,128,256,3,modified_position,0.0018977983854711056,0.1151621863245964,8.806323421595152e-07,0.8829391598701477
poison/poismph/datapoismphseq/poispos_mph_3f1dc2f5.csv,9,144,272,3,modified_position,9.924211763319359e-16,0.005042817443609238,3.7505979381133435e-34,0.9949571490287781
poison/poismph/datapoismphseq/poispos_mph_3f1dc2f5.csv,10,160,288,3,modified_position,6.940033222416398e-21,0.0011890307068824768,0.0,0.9988109469413757
poison/poismph/datapoismphseq/poispos_mph_3f1dc2f5.csv,11,176,304,3,modified_position,2.6489679596218608e-21,0.0010574774350970984,0.0,0.9989425539970398
poison/poismph/datapoismphseq/poispos_mph_3f1dc2f5.csv,12,192,320,3,modified_position,1.949706911001359e-21,0.0010185810970142484,0.0,0.9989814162254333
poison/poismph/datapoismphseq/poispos_mph_3f1dc2f5.csv,13,208,336,3,modified_position,1.9440557891553945e-21,0.0010181792313233018,0.0,0.998981773853302
poison/poismph/datapoismphseq/poispos_mph_3f1dc2f5.csv,14,224,352,3,modified_position,1.5678592568347843e-21,0.0009918281575664878,0.0,0.9990082383155823
poison/poismph/datapoismphseq/poispos_mph_3f1dcdbf.csv,0,0,128,0,authentic,0.9952923059463501,0.003269784850999713,0.0009716185159049928,0.0004662354476749897
poison/poismph/datapoismphseq/poispos_mph_3f1dcdbf.csv,1,16,144,0,authentic,0.7101498246192932,0.13127878308296204,0.15559540688991547,0.002975977025926113
poison/poismph/datapoismphseq/poispos_mph_3f1dcdbf.csv,2,32,160,0,authentic,0.37985479831695557,0.2567393481731415,0.3608769178390503,0.002529010409489274
poison/poismph/datapoismphseq/poispos_mph_3f1dcdbf.csv,3,48,176,3,modified_position,2.3899230483149137e-16,0.004240530077368021,1.463320427612893e-35,0.9957594871520996
poison/poismph/datapoismphseq/poispos_mph_3f1dcdbf.csv,4,64,192,3,modified_position,6.951033666858652e-24,0.0005123702576383948,0.0,0.9994876980781555
poison/poismph/datapoismphseq/poispos_mph_3f1dcdbf.csv,5,80,208,3,modified_position,1.0806523499088498e-23,0.000540690089110285,0.0,0.9994592666625977
poison/poismph/datapoismphseq/poispos_mph_3f1dcdbf.csv,6,96,224,3,modified_position,7.587462979363807e-23,0.0006857657572254539,0.0,0.9993141889572144
poison/poismph/datapoismphseq/poispos_mph_3f1dcdbf.csv,7,112,240,3,modified_position,3.8369976704340173e-23,0.0006310184835456312,0.0,0.9993689656257629
poison/poismph/datapoismphseq/poispos_mph_3f21e566.csv,0,0,128,0,authentic,0.9910720586776733,0.00026840678765438497,0.0001389441022183746,0.008520555682480335
poison/poismph/datapoismphseq/poispos_mph_3f21e566.csv,1,16,144,3,modified_position,4.9605496268986555e-21,0.001140813808888197,0.0,0.9988591074943542
poison/poismph/datapoismphseq/poispos_mph_3f21e566.csv,2,32,160,3,modified_position,7.57673207291565e-22,0.000907386711332947,0.0,0.9990925788879395
poison/poismph/datapoismphseq/poispos_mph_3f21e566.csv,3,48,176,3,modified_position,1.6354957112210035e-22,0.0007527539855800569,0.0,0.9992472529411316
poison/poismph/datapoismphseq/poispos_mph_3f21e566.csv,4,64,192,3,modified_position,1.1197186352015668e-22,0.0007188500603660941,0.0,0.9992812275886536
poison/poismph/datapoismphseq/poispos_mph_3f21e566.csv,5,80,208,3,modified_position,2.0926923550719623e-22,0.0007758404244668782,0.0,0.9992241859436035
poison/poismph/datapoismphseq/poispos_mph_3f21e566.csv,6,96,224,3,modified_position,6.134585286040102e-22,0.0008843206451274455,0.0,0.9991156458854675
poison/poismph/datapoismphseq/poispos_mph_3f221fe2.csv,0,0,128,3,modified_position,5.679440614634809e-15,0.00623074546456337,1.911144576442593e-32,0.9937692284584045
poison/poismph/datapoismphseq/poispos_mph_3f221fe2.csv,1,16,144,3,modified_position,6.117028145298014e-23,0.0006677884375676513,0.0,0.9993321299552917
poison/poismph/datapoismphseq/poispos_mph_3f221fe2.csv,2,32,160,3,modified_position,5.080603755356923e-23,0.0006528192898258567,0.0,0.9993471503257751
poison/poismph/datapoismphseq/poispos_mph_3f2601d9.csv,0,0,128,0,authentic,0.995071291923523,0.001976167783141136,0.0008082957938313484,0.002144342754036188
poison/poismph/datapoismphseq/poispos_mph_3f2601d9.csv,1,16,144,0,authentic,0.9638093709945679,0.005239331163465977,0.001971807796508074,0.028979388996958733
poison/poismph/datapoismphseq/poispos_mph_3f2601d9.csv,2,32,160,0,authentic,0.871634840965271,0.05186740309000015,0.021754294633865356,0.054743386805057526
poison/poismph/datapoismphseq/poispos_mph_3f2601d9.csv,3,48,176,0,authentic,0.7957574129104614,0.04661940783262253,0.02629740536212921,0.13132569193840027
poison/poismph/datapoismphseq/poispos_mph_3f2601d9.csv,4,64,192,3,modified_position,1.6550714630595087e-18,0.002316064666956663,0.0,0.9976838827133179
poison/poismph/datapoismphseq/poispos_mph_3f2601d9.csv,5,80,208,3,modified_position,5.0294495966413235e-23,0.0006520022870972753,0.0,0.999347984790802
poison/poismph/datapoismphseq/poispos_mph_3f2601d9.csv,6,96,224,3,modified_position,8.24976661401585e-23,0.0006925766356289387,0.0,0.99930739402771
poison/poismph/datapoismphseq/poispos_mph_3f26b37b.csv,0,0,128,3,modified_position,3.3715312399414456e-23,0.000620686390902847,0.0,0.9993792772293091
poison/poismph/datapoismphseq/poispos_mph_3f26b37b.csv,1,16,144,3,modified_position,1.489282929902058e-23,0.0005619895528070629,0.0,0.9994380474090576
poison/poismph/datapoismphseq/poispos_mph_3f26b37b.csv,2,32,160,3,modified_position,1.5280679073959733e-23,0.0005637041758745909,0.0,0.9994363784790039
poison/poismph/datapoismphseq/poispos_mph_3f26b37b.csv,3,48,176,3,modified_position,1.6007363540353035e-23,0.0005669899983331561,0.0,0.9994329810142517
poison/poismph/datapoismphseq/poispos_mph_3f26b37b.csv,4,64,192,3,modified_position,1.4595382983819756e-23,0.000560612475965172,0.0,0.9994394183158875
poison/poismph/datapoismphseq/poispos_mph_3f26dfa5.csv,0,0,128,0,authentic,0.9983985424041748,0.0001525325933471322,6.988680979702622e-05,0.001379027497023344
poison/poismph/datapoismphseq/poispos_mph_3f26dfa5.csv,1,16,144,0,authentic,0.9016111493110657,0.025179333984851837,0.030731789767742157,0.04247774928808212
poison/poismph/datapoismphseq/poispos_mph_3f26dfa5.csv,2,32,160,3,modified_position,1.2583474728705277e-19,0.0016921688802540302,0.0,0.9983078837394714
poison/poismph/datapoismphseq/poispos_mph_3f26dfa5.csv,3,48,176,3,modified_position,5.6064907465199275e-22,0.0008749168482609093,0.0,0.999125063419342
poison/poismph/datapoismphseq/poispos_mph_3f26dfa5.csv,4,64,192,3,modified_position,1.7399499827498936e-22,0.0007586766150780022,0.0,0.9992413520812988
poison/poismph/datapoismphseq/poispos_mph_3f26dfa5.csv,5,80,208,3,modified_position,1.715004055225143e-22,0.000757180096115917,0.0,0.999242901802063
poison/poismph/datapoismphseq/poispos_mph_3f26dfa5.csv,6,96,224,3,modified_position,4.6741384407763655e-22,0.0008552354411222041,0.0,0.9991447925567627
poison/poismph/datapoismphseq/poispos_mph_3f2ac3b2.csv,0,0,128,3,modified_position,1.2060453274149399e-20,0.0012715135235339403,0.0,0.9987285137176514
poison/poismph/datapoismphseq/poispos_mph_3f2ac3b2.csv,1,16,144,3,modified_position,8.919046303424943e-23,0.0006990726687945426,0.0,0.999301016330719
poison/poismph/datapoismphseq/poispos_mph_3f2ac3b2.csv,2,32,160,3,modified_position,4.9237012145746364e-23,0.0006503738695755601,0.0,0.9993496537208557
poison/poismph/datapoismphseq/poispos_mph_3f2ac3b2.csv,3,48,176,3,modified_position,8.7104582272213e-23,0.000697316019795835,0.0,0.9993026852607727
poison/poismph/datapoismphseq/poispos_mph_3f2b37cf.csv,0,0,128,0,authentic,0.9951891899108887,0.0010398158337920904,0.00023718620650470257,0.0035337810404598713
poison/poismph/datapoismphseq/poispos_mph_3f2b37cf.csv,1,16,144,3,modified_position,4.6826726788369575e-21,0.001133100362494588,0.0,0.998866856098175
poison/poismph/datapoismphseq/poispos_mph_3f2b37cf.csv,2,32,160,3,modified_position,4.088590341113603e-23,0.0006356554222293198,0.0,0.9993643164634705
poison/poismph/datapoismphseq/poispos_mph_3f2b37cf.csv,3,48,176,3,modified_position,5.331642645681044e-23,0.0006566531374119222,0.0,0.9993433356285095
poison/poismph/datapoismphseq/poispos_mph_3f2b37cf.csv,4,64,192,3,modified_position,6.323043272773188e-23,0.0006704374100081623,0.0,0.9993295669555664
poison/poismph/datapoismphseq/poispos_mph_3f2b37cf.csv,5,80,208,3,modified_position,5.518484035538278e-23,0.0006594829028472304,0.0,0.9993404746055603
poison/poismph/datapoismphseq/poispos_mph_3f2e7614.csv,0,0,128,0,authentic,0.9973278045654297,0.001244903076440096,0.00037924916250631213,0.0010480456985533237
poison/poismph/datapoismphseq/poispos_mph_3f2e7614.csv,1,16,144,0,authentic,0.6446304321289062,0.2820223867893219,0.0521584153175354,0.021188747137784958
poison/poismph/datapoismphseq/poispos_mph_3f2e7614.csv,2,32,160,0,authentic,0.8338027596473694,0.050717663019895554,0.0019120604265481234,0.1135675460100174
poison/poismph/datapoismphseq/poispos_mph_3f2e7614.csv,3,48,176,0,authentic,0.917820155620575,0.031171320006251335,0.009843645617365837,0.0411648266017437
poison/poismph/datapoismphseq/poispos_mph_3f2e7614.csv,4,64,192,3,modified_position,0.04024169221520424,0.17390114068984985,0.0002694718132261187,0.785587728023529
poison/poismph/datapoismphseq/poispos_mph_3f2e7614.csv,5,80,208,3,modified_position,3.5071156645472e-08,0.04068455845117569,4.548802176921803e-17,0.9593154191970825
poison/poismph/datapoismphseq/poispos_mph_3f2e8f41.csv,0,0,128,0,authentic,0.9919884204864502,0.002156313508749008,0.0005818846402689815,0.005273318849503994
poison/poismph/datapoismphseq/poispos_mph_3f2e8f41.csv,1,16,144,0,authentic,0.9872992038726807,0.002176830777898431,0.0006299024680629373,0.009894176386296749
poison/poismph/datapoismphseq/poispos_mph_3f2e8f41.csv,2,32,160,3,modified_position,1.4170752898602989e-19,0.0017165469471365213,0.0,0.9982835054397583
poison/poismph/datapoismphseq/poispos_mph_3f2e8f41.csv,3,48,176,3,modified_position,7.84060844384923e-23,0.0006882524467073381,0.0,0.9993117451667786
poison/poismph/datapoismphseq/poispos_mph_3f2e8f41.csv,4,64,192,3,modified_position,7.065352549344022e-23,0.0006796084344387054,0.0,0.999320387840271
poison/poismph/datapoismphseq/poispos_mph_3f325ccc.csv,0,0,128,3,modified_position,4.7645579049247386e-21,0.001135174767114222,0.0,0.9988648295402527
poison/poismph/datapoismphseq/poispos_mph_3f325ccc.csv,1,16,144,3,modified_position,1.8219217184799849e-22,0.000762667681556195,0.0,0.9992372393608093
poison/poismph/datapoismphseq/poispos_mph_3f325ccc.csv,2,32,160,3,modified_position,8.980631727662461e-23,0.0006996779120527208,0.0,0.9993004202842712
poison/poismph/datapoismphseq/poispos_mph_3f325ccc.csv,3,48,176,3,modified_position,5.481059843105869e-23,0.0006587731186300516,0.0,0.9993412494659424
poison/poismph/datapoismphseq/poispos_mph_3f325ccc.csv,4,64,192,3,modified_position,7.990847949881658e-23,0.0006897482671774924,0.0,0.9993102550506592
poison/poismph/datapoismphseq/poispos_mph_3f35c134.csv,0,0,128,0,authentic,0.998774528503418,0.00011919795360881835,2.3687614884693176e-05,0.0010826261714100838
poison/poismph/datapoismphseq/poispos_mph_3f35c134.csv,1,16,144,0,authentic,0.9866238236427307,0.002441564342007041,0.0009535924764350057,0.009981010109186172
poison/poismph/datapoismphseq/poispos_mph_3f35c134.csv,2,32,160,0,authentic,0.9880617260932922,0.0026811326388269663,0.0002867401053663343,0.00897026527673006
poison/poismph/datapoismphseq/poispos_mph_3f35c134.csv,3,48,176,3,modified_position,3.0594814875994913e-11,0.017588216811418533,5.23747000853757e-24,0.982411801815033
poison/poismph/datapoismphseq/poispos_mph_3f35c134.csv,4,64,192,3,modified_position,1.5376168793270564e-22,0.0007469104020856321,0.0,0.9992530941963196
poison/poismph/datapoismphseq/poispos_mph_3f35c134.csv,5,80,208,3,modified_position,4.8758189353495315e-23,0.0006495400448329747,0.0,0.9993504881858826
poison/poismph/datapoismphseq/poispos_mph_3f360050.csv,0,0,128,0,authentic,0.9810084700584412,0.00886957161128521,0.008542858995497227,0.0015790782636031508
poison/poismph/datapoismphseq/poispos_mph_3f360050.csv,1,16,144,0,authentic,0.9916921257972717,0.003292638109996915,0.002703739097341895,0.002311432035639882
poison/poismph/datapoismphseq/poispos_mph_3f360050.csv,2,32,160,3,modified_position,4.850859340876923e-07,0.05530868470668793,1.7801429072678877e-14,0.9446908831596375
poison/poismph/datapoismphseq/poispos_mph_3f360050.csv,3,48,176,3,modified_position,1.772058767294051e-22,0.0007605658611282706,0.0,0.9992393851280212
poison/poismph/datapoismphseq/poispos_mph_3f360050.csv,4,64,192,3,modified_position,2.2854947565822813e-23,0.0005922788404859602,0.0,0.9994077682495117
poison/poismph/datapoismphseq/poispos_mph_3f360050.csv,5,80,208,3,modified_position,2.0376534350513837e-23,0.0005840596277266741,0.0,0.9994159936904907
poison/poismph/datapoismphseq/poispos_mph_3f360050.csv,6,96,224,3,modified_position,2.697246070316544e-23,0.0006044290494173765,0.0,0.9993956089019775
poison/poismph/datapoismphseq/poispos_mph_3f3a3ec1.csv,0,0,128,0,authentic,0.9999716877937317,7.394319254672155e-07,3.461074626898153e-08,2.7639382096822374e-05
poison/poismph/datapoismphseq/poispos_mph_3f3a3ec1.csv,1,16,144,0,authentic,0.9978759288787842,0.00032955524511635303,6.94359841872938e-05,0.001725152600556612
poison/poismph/datapoismphseq/poispos_mph_3f3a3ec1.csv,2,32,160,0,authentic,0.9588561654090881,0.007220906671136618,0.004896881524473429,0.029025988653302193
poison/poismph/datapoismphseq/poispos_mph_3f3a3ec1.csv,3,48,176,0,authentic,0.9931530952453613,0.003040876006707549,0.0013406567741185427,0.0024653258733451366
poison/poismph/datapoismphseq/poispos_mph_3f3a3ec1.csv,4,64,192,0,authentic,0.8848293423652649,0.04894508793950081,0.04308383911848068,0.02314172498881817
poison/poismph/datapoismphseq/poispos_mph_3f3a3ec1.csv,5,80,208,0,authentic,0.9595623016357422,0.009613300673663616,0.0022448203526437283,0.02857952192425728
poison/poismph/datapoismphseq/poispos_mph_3f3a3ec1.csv,6,96,224,0,authentic,0.9690605401992798,0.005235971882939339,0.0023234018590301275,0.023379985243082047
poison/poismph/datapoismphseq/poispos_mph_3f3a3ec1.csv,7,112,240,3,modified_position,7.231374069755174e-22,0.0009027334162965417,0.0,0.9990972280502319
poison/poismph/datapoismphseq/poispos_mph_3f3a3ec1.csv,8,128,256,3,modified_position,4.494747179525783e-22,0.0008518926915712655,0.0,0.9991481304168701
poison/poismph/datapoismphseq/poispos_mph_3f3a3ec1.csv,9,144,272,3,modified_position,4.390319666158798e-22,0.0008492634515278041,0.0,0.9991507530212402
poison/poismph/datapoismphseq/poispos_mph_3f3a3ec1.csv,10,160,288,3,modified_position,2.8761813068550363e-22,0.0008065077709034085,0.0,0.9991934895515442
poison/poismph/datapoismphseq/poispos_mph_3f3a49a0.csv,0,0,128,0,authentic,0.9375317096710205,0.045018505305051804,0.015060573816299438,0.002389216097071767
poison/poismph/datapoismphseq/poispos_mph_3f3a49a0.csv,1,16,144,0,authentic,0.9950752258300781,0.0032182238064706326,0.0009003212326206267,0.0008062480483204126
poison/poismph/datapoismphseq/poispos_mph_3f3a49a0.csv,2,32,160,0,authentic,0.9952463507652283,0.0020855828188359737,0.0006211385480128229,0.0020469510927796364
poison/poismph/datapoismphseq/poispos_mph_3f3a49a0.csv,3,48,176,3,modified_position,1.087098752195512e-18,0.002199932001531124,0.0,0.9978001117706299
poison/poismph/datapoismphseq/poispos_mph_3f3a49a0.csv,4,64,192,3,modified_position,6.493602573546661e-22,0.0008903166744858027,0.0,0.99910968542099
poison/poismph/datapoismphseq/poispos_mph_3f3a49a0.csv,5,80,208,3,modified_position,8.818911455559809e-23,0.000698124582413584,0.0,0.9993019104003906
poison/poismph/datapoismphseq/poispos_mph_3f3e624f.csv,0,0,128,3,modified_position,6.93455961320677e-21,0.0011884374544024467,0.0,0.9988115429878235
poison/poismph/datapoismphseq/poispos_mph_3f3e624f.csv,1,16,144,3,modified_position,2.2881898209788784e-23,0.000592344265896827,0.0,0.9994075894355774
poison/poismph/datapoismphseq/poispos_mph_3f3e624f.csv,2,32,160,3,modified_position,3.163567310486013e-23,0.000616231351159513,0.0,0.9993836879730225
poison/poismph/datapoismphseq/poispos_mph_3f3e624f.csv,3,48,176,3,modified_position,5.154663594860882e-23,0.0006540050380863249,0.0,0.9993459582328796
poison/poismph/datapoismphseq/poispos_mph_3f3e624f.csv,4,64,192,3,modified_position,6.537939711863703e-23,0.0006733291083946824,0.0,0.9993267059326172
poison/poismph/datapoismphseq/poispos_mph_3f3e624f.csv,5,80,208,3,modified_position,1.599685717527294e-22,0.0007509498973377049,0.0,0.9992490410804749
poison/poismph/datapoismphseq/poispos_mph_3f421169.csv,0,0,128,0,authentic,0.9942626357078552,0.0021113937254995108,0.000996440532617271,0.002629490802064538
poison/poismph/datapoismphseq/poispos_mph_3f421169.csv,1,16,144,0,authentic,0.9716036319732666,0.0019666492007672787,0.0012196911266073585,0.025209994986653328
poison/poismph/datapoismphseq/poispos_mph_3f421169.csv,2,32,160,0,authentic,0.9892399907112122,0.0015221730573102832,0.00028824852779507637,0.008949549868702888
poison/poismph/datapoismphseq/poispos_mph_3f421169.csv,3,48,176,0,authentic,0.8745251893997192,0.04447995498776436,0.024129988625645638,0.05686493217945099
poison/poismph/datapoismphseq/poispos_mph_3f421169.csv,4,64,192,0,authentic,0.9456216096878052,0.009948384016752243,0.002972058951854706,0.04145792871713638
poison/poismph/datapoismphseq/poispos_mph_3f421169.csv,5,80,208,3,modified_position,1.9670286304057808e-21,0.001019792864099145,0.0,0.9989802241325378
poison/poismph/datapoismphseq/poispos_mph_3f421169.csv,6,96,224,3,modified_position,3.6033858534659325e-22,0.0008293362334370613,0.0,0.9991706013679504
poison/poismph/datapoismphseq/poispos_mph_3f421169.csv,7,112,240,3,modified_position,9.31782710304669e-22,0.0009309456218034029,0.0,0.9990689754486084
poison/poismph/datapoismphseq/poispos_mph_3f42884e.csv,0,0,128,0,authentic,0.9985873699188232,0.0008907503797672689,0.00012522784527391195,0.00039666114025749266
poison/poismph/datapoismphseq/poispos_mph_3f42884e.csv,1,16,144,3,modified_position,2.008853405723565e-18,0.0023712394759058952,0.0,0.9976286888122559
poison/poismph/datapoismphseq/poispos_mph_3f42884e.csv,2,32,160,3,modified_position,3.8617833645316994e-23,0.0006314601050689816,0.0,0.9993686079978943
poison/poismph/datapoismphseq/poispos_mph_3f42884e.csv,3,48,176,3,modified_position,5.966729948014237e-23,0.0006658603670075536,0.0,0.9993342161178589
poison/poismph/datapoismphseq/poispos_mph_3f42884e.csv,4,64,192,3,modified_position,1.4766875349271925e-22,0.0007433740538544953,0.0,0.9992565512657166
poison/poismph/datapoismphseq/poispos_mph_3f42c0c7.csv,0,0,128,3,modified_position,1.1954812309694454e-23,0.0005471060867421329,0.0,0.9994529485702515
poison/poismph/datapoismphseq/poispos_mph_3f42c0c7.csv,1,16,144,3,modified_position,5.395268616422097e-24,0.0004966699634678662,0.0,0.9995033740997314
poison/poismph/datapoismphseq/poispos_mph_3f42c0c7.csv,2,32,160,3,modified_position,7.803643210691479e-24,0.0005193653050810099,0.0,0.999480664730072
poison/poismph/datapoismphseq/poispos_mph_3f42c0c7.csv,3,48,176,3,modified_position,1.3673026303051814e-23,0.0005562023725360632,0.0,0.9994438886642456
poison/poismph/datapoismphseq/poispos_mph_3f42c0c7.csv,4,64,192,3,modified_position,1.0342139227985708e-23,0.0005376467597670853,0.0,0.9994623064994812
poison/poismph/datapoismphseq/poispos_mph_3f46c72a.csv,0,0,128,0,authentic,0.9844882488250732,0.0010290152858942747,0.00022302202705759555,0.01425966713577509
poison/poismph/datapoismphseq/poispos_mph_3f46c72a.csv,1,16,144,0,authentic,0.9992908835411072,0.00012477193376980722,3.944892523577437e-05,0.0005450125900097191
poison/poismph/datapoismphseq/poispos_mph_3f46c72a.csv,2,32,160,0,authentic,0.9898785352706909,0.004864619579166174,0.004488720092922449,0.0007680074195377529
poison/poismph/datapoismphseq/poispos_mph_3f46c72a.csv,3,48,176,3,modified_position,4.126797209781736e-21,0.0011158038396388292,0.0,0.9988842606544495
poison/poismph/datapoismphseq/poispos_mph_3f46c72a.csv,4,64,192,3,modified_position,1.816148771266705e-22,0.0007626547594554722,0.0,0.9992374181747437
poison/poismph/datapoismphseq/poispos_mph_3f46c72a.csv,5,80,208,3,modified_position,1.9308146894415001e-22,0.000768439844250679,0.0,0.9992315769195557
poison/poismph/datapoismphseq/poispos_mph_3f46c72a.csv,6,96,224,3,modified_position,3.422167716576603e-22,0.0008239186136052012,0.0,0.9991760849952698
poison/poismph/datapoismphseq/poispos_mph_3f46ee35.csv,0,0,128,0,authentic,0.9999949932098389,4.460958535901227e-08,1.1336975802578309e-09,4.970919690094888e-06
poison/poismph/datapoismphseq/poispos_mph_3f46ee35.csv,1,16,144,0,authentic,0.895140528678894,0.007994312793016434,0.006896479520946741,0.0899687111377716
poison/poismph/datapoismphseq/poispos_mph_3f46ee35.csv,2,32,160,3,modified_position,1.60839410231128e-14,0.0070694261230528355,2.0210039274817425e-31,0.99293053150177
poison/poismph/datapoismphseq/poispos_mph_3f46ee35.csv,3,48,176,3,modified_position,4.2177057298260227e-23,0.0006382061983458698,0.0,0.9993618130683899
poison/poismph/datapoismphseq/poispos_mph_3f46ee35.csv,4,64,192,3,modified_position,2.137033532356839e-22,0.0007780097075738013,0.0,0.9992220401763916
poison/poismph/datapoismphseq/poispos_mph_3f4ac1e4.csv,0,0,128,0,authentic,0.9987441897392273,0.0005870213499292731,0.00011665526835713536,0.000552217592485249
poison/poismph/datapoismphseq/poispos_mph_3f4ac1e4.csv,1,16,144,3,modified_position,7.771603385212212e-21,0.0012052023084834218,0.0,0.9987948536872864
poison/poismph/datapoismphseq/poispos_mph_3f4ac1e4.csv,2,32,160,3,modified_position,1.1252675459177638e-22,0.0007192817283794284,0.0,0.9992806911468506
poison/poismph/datapoismphseq/poispos_mph_3f4ac1e4.csv,3,48,176,3,modified_position,2.0429490583081324e-22,0.0007736330153420568,0.0,0.9992263913154602
poison/poismph/datapoismphseq/poispos_mph_3f4ac1e4.csv,4,64,192,3,modified_position,1.41769664265251e-22,0.0007398023153655231,0.0,0.9992601275444031
poison/poismph/datapoismphseq/poispos_mph_3f4dc55d.csv,0,0,128,0,authentic,0.9997352957725525,1.2928252544952556e-05,1.2734174106299179e-06,0.000250605313340202
poison/poismph/datapoismphseq/poispos_mph_3f4dc55d.csv,1,16,144,0,authentic,0.9363163709640503,0.024902397766709328,0.013453444465994835,0.025327779352664948
poison/poismph/datapoismphseq/poispos_mph_3f4dc55d.csv,2,32,160,0,authentic,0.9264936447143555,0.04344306141138077,0.01819128915667534,0.011871972121298313
poison/poismph/datapoismphseq/poispos_mph_3f4dc55d.csv,3,48,176,3,modified_position,1.3084175520816643e-07,0.04747304320335388,8.977735030475035e-16,0.9525267481803894
poison/poismph/datapoismphseq/poispos_mph_3f4dc55d.csv,4,64,192,3,modified_position,1.5802608065971318e-22,0.0007497557671740651,0.0,0.9992502331733704
poison/poismph/datapoismphseq/poispos_mph_3f4dc55d.csv,5,80,208,3,modified_position,1.9266065898286892e-22,0.0007682216237299144,0.0,0.9992318153381348
poison/poismph/datapoismphseq/poispos_mph_3f4dc55d.csv,6,96,224,3,modified_position,3.97762171933827e-22,0.0008389648864977062,0.0,0.9991610050201416
poison/poismph/datapoismphseq/poispos_mph_3f4ddd02.csv,0,0,128,0,authentic,0.9997997879981995,7.619560165039729e-06,9.767520623427117e-07,0.00019164646801073104
poison/poismph/datapoismphseq/poispos_mph_3f4ddd02.csv,1,16,144,0,authentic,0.9465880990028381,0.019055312499403954,0.012217908166348934,0.022138705477118492
poison/poismph/datapoismphseq/poispos_mph_3f4ddd02.csv,2,32,160,0,authentic,0.8193714618682861,0.09502702206373215,0.01673024706542492,0.06887122988700867
poison/poismph/datapoismphseq/poispos_mph_3f4ddd02.csv,3,48,176,0,authentic,0.6122308969497681,0.14620059728622437,0.00876232422888279,0.23280610144138336
poison/poismph/datapoismphseq/poispos_mph_3f4ddd02.csv,4,64,192,3,modified_position,1.0894999569188712e-08,0.03544268384575844,3.1859057747875342e-18,0.9645572900772095
poison/poismph/datapoismphseq/poispos_mph_3f4ddd02.csv,5,80,208,3,modified_position,3.2046359872890904e-20,0.0014326197560876608,0.0,0.9985673427581787
poison/poismph/datapoismphseq/poispos_mph_3f5229d9.csv,0,0,128,3,modified_position,1.5528760051433637e-23,0.0005647302023135126,0.0,0.999435305595398
poison/poismph/datapoismphseq/poispos_mph_3f5229d9.csv,1,16,144,3,modified_position,4.1698568194172086e-24,0.0004811981343664229,0.0,0.9995187520980835
poison/poismph/datapoismphseq/poispos_mph_3f5229d9.csv,2,32,160,3,modified_position,2.5424022592816578e-24,0.00045295769814401865,0.0,0.9995470643043518
poison/poismph/datapoismphseq/poispos_mph_3f5229d9.csv,3,48,176,3,modified_position,2.767930492336198e-24,0.0004577200161293149,0.0,0.9995422959327698
poison/poismph/datapoismphseq/poispos_mph_3f5229d9.csv,4,64,192,3,modified_position,6.149495766890738e-24,0.0005045701400376856,0.0,0.9994954466819763
poison/poismph/datapoismphseq/poispos_mph_3f5229d9.csv,5,80,208,3,modified_position,6.191201659658415e-24,0.0005050782929174602,0.0,0.9994949698448181
poison/poismph/datapoismphseq/poispos_mph_3f5229d9.csv,6,96,224,3,modified_position,8.248643591631177e-24,0.0005232210969552398,0.0,0.9994768500328064
poison/poismph/datapoismphseq/poispos_mph_3f5229d9.csv,7,112,240,0,authentic,0.7954822778701782,0.09038913995027542,0.10357210040092468,0.010556463152170181
poison/poismph/datapoismphseq/poispos_mph_3f5229d9.csv,8,128,256,0,authentic,0.9637299180030823,0.019479351118206978,0.013666413724422455,0.0031242973636835814
poison/poismph/datapoismphseq/poispos_mph_3f5229d9.csv,9,144,272,0,authentic,0.998111367225647,0.0008642914472147822,0.00024256104370579123,0.0007817961159162223
poison/poismph/datapoismphseq/poispos_mph_3f5229d9.csv,10,160,288,0,authentic,0.908341109752655,0.046250127255916595,0.009302702732384205,0.03610605373978615
poison/poismph/datapoismphseq/poispos_mph_3f52687e.csv,0,0,128,0,authentic,0.9991304874420166,0.000495785556267947,0.00010371443931944668,0.00026986043667420745
poison/poismph/datapoismphseq/poispos_mph_3f52687e.csv,1,16,144,3,modified_position,5.642887172493846e-18,0.0026883804239332676,0.0,0.9973115921020508
poison/poismph/datapoismphseq/poispos_mph_3f52687e.csv,2,32,160,3,modified_position,4.93381598910138e-23,0.0006504779448732734,0.0,0.9993495345115662
poison/poismph/datapoismphseq/poispos_mph_3f52687e.csv,3,48,176,3,modified_position,3.0145312906505904e-23,0.000612471136264503,0.0,0.9993875026702881
poison/poismph/datapoismphseq/poispos_mph_3f52687e.csv,4,64,192,3,modified_position,1.88878496927223e-23,0.0005786946276202798,0.0,0.9994213581085205
poison/poismph/datapoismphseq/poispos_mph_3f52687e.csv,5,80,208,3,modified_position,4.550460196967091e-23,0.0006441077566705644,0.0,0.9993558526039124
poison/poismph/datapoismphseq/poispos_mph_3f52687e.csv,6,96,224,3,modified_position,1.3163256181944582e-22,0.0007332845125347376,0.0,0.9992666840553284
poison/poismph/datapoismphseq/poispos_mph_3f5af0e7.csv,0,0,128,3,modified_position,6.004172442019647e-23,0.0006663402891717851,0.0,0.9993337392807007
poison/poismph/datapoismphseq/poispos_mph_3f5af0e7.csv,1,16,144,3,modified_position,6.283182446776733e-23,0.0006697579519823194,0.0,0.9993302822113037
poison/poismph/datapoismphseq/poispos_mph_3f5af0e7.csv,2,32,160,3,modified_position,6.859060373918934e-24,0.0005113563383929431,0.0,0.9994886517524719
poison/poismph/datapoismphseq/poispos_mph_3f5af0e7.csv,3,48,176,3,modified_position,6.417760145055174e-24,0.0005072106723673642,0.0,0.9994928240776062
poison/poismph/datapoismphseq/poispos_mph_3f5af0e7.csv,4,64,192,3,modified_position,1.9184974152673793e-23,0.0005798650672659278,0.0,0.999420166015625
poison/poismph/datapoismphseq/poispos_mph_3f5f1cea.csv,0,0,128,3,modified_position,3.8384877919798596e-18,0.0025653911288827658,0.0,0.9974346160888672
poison/poismph/datapoismphseq/poispos_mph_3f5f1cea.csv,1,16,144,3,modified_position,5.379285174299834e-22,0.0008702939958311617,0.0,0.9991296529769897
poison/poismph/datapoismphseq/poispos_mph_3f5f1cea.csv,2,32,160,3,modified_position,3.4496781362409185e-22,0.0008242987678386271,0.0,0.9991757273674011
poison/poismph/datapoismphseq/poispos_mph_3f5f1cea.csv,3,48,176,3,modified_position,5.399039261108527e-22,0.0008706124499440193,0.0,0.9991292953491211
poison/poismph/datapoismphseq/poispos_mph_3f5f1cea.csv,4,64,192,3,modified_position,2.9988546049799315e-22,0.0008104522712528706,0.0,0.999189555644989
poison/poismph/datapoismphseq/poispos_mph_3f5f1cea.csv,5,80,208,3,modified_position,5.010258819627831e-22,0.0008627244969829917,0.0,0.999137282371521
poison/poismph/datapoismphseq/poispos_mph_3f5f4746.csv,0,0,128,3,modified_position,2.9939051023339577e-23,0.0006119214813224971,0.0,0.9993880987167358
poison/poismph/datapoismphseq/poispos_mph_3f5f4746.csv,1,16,144,3,modified_position,4.704810614948807e-23,0.0006465594051405787,0.0,0.9993534684181213
poison/poismph/datapoismphseq/poispos_mph_3f5f4746.csv,2,32,160,3,modified_position,5.922243241669566e-23,0.0006651233416050673,0.0,0.9993349313735962
poison/poismph/datapoismphseq/poispos_mph_3f5f4746.csv,3,48,176,3,modified_position,3.3694470694298517e-23,0.0006210118299350142,0.0,0.9993789196014404
poison/poismph/datapoismphseq/poispos_mph_3f5f4746.csv,4,64,192,3,modified_position,2.8488692383767296e-23,0.0006085249478928745,0.0,0.9993914365768433
poison/poismph/datapoismphseq/poispos_mph_3f5f559d.csv,0,0,128,3,modified_position,4.0107877037131685e-22,0.0008399616344831884,0.0,0.9991600513458252
poison/poismph/datapoismphseq/poispos_mph_3f5f559d.csv,1,16,144,3,modified_position,6.323162548542058e-23,0.0006706546409986913,0.0,0.9993293285369873
poison/poismph/datapoismphseq/poispos_mph_3f5f559d.csv,2,32,160,3,modified_position,4.4879382370628946e-23,0.000643186445813626,0.0,0.9993568062782288
poison/poismph/datapoismphseq/poispos_mph_3f66d87a.csv,0,0,128,3,modified_position,3.782309820678321e-18,0.002561241155490279,0.0,0.9974387884140015
poison/poismph/datapoismphseq/poispos_mph_3f66d87a.csv,1,16,144,3,modified_position,5.0959565662943345e-23,0.0006530135287903249,0.0,0.9993470311164856
poison/poismph/datapoismphseq/poispos_mph_3f66d87a.csv,2,32,160,3,modified_position,5.925904187358515e-23,0.0006651220610365272,0.0,0.9993349313735962
poison/poismph/datapoismphseq/poispos_mph_3f66d87a.csv,3,48,176,3,modified_position,7.734652433592289e-23,0.00068712915526703,0.0,0.9993128776550293
poison/poismph/datapoismphseq/poispos_mph_3f66d87a.csv,4,64,192,3,modified_position,7.263550380792818e-23,0.0006818634574301541,0.0,0.9993181228637695
poison/poismph/datapoismphseq/poispos_mph_3f66d87a.csv,5,80,208,3,modified_position,1.1267107196122114e-22,0.0007193790515884757,0.0,0.9992806315422058
poison/poismph/datapoismphseq/poispos_mph_3f67096a.csv,0,0,128,3,modified_position,6.253533090721339e-21,0.0011735075386241078,0.0,0.9988265037536621
poison/poismph/datapoismphseq/poispos_mph_3f67096a.csv,1,16,144,3,modified_position,9.535457166054848e-24,0.0005323596997186542,0.0,0.999467670917511
poison/poismph/datapoismphseq/poispos_mph_3f67096a.csv,2,32,160,3,modified_position,8.753579257566853e-24,0.0005269396933726966,0.0,0.9994730353355408
poison/poismph/datapoismphseq/poispos_mph_3f67096a.csv,3,48,176,3,modified_position,1.271442225254987e-23,0.0005513610667549074,0.0,0.9994486570358276
poison/poismph/datapoismphseq/poispos_mph_3f67096a.csv,4,64,192,3,modified_position,2.4327831339682775e-23,0.0005968803889118135,0.0,0.9994031190872192
poison/poismph/datapoismphseq/poispos_mph_3f67096a.csv,5,80,208,3,modified_position,1.6808181999175387e-23,0.0005705211660824716,0.0,0.9994294047355652
poison/poismph/datapoismphseq/poispos_mph_3f67096a.csv,6,96,224,3,modified_position,5.360925793571572e-23,0.0006572292186319828,0.0,0.9993427991867065
poison/poismph/datapoismphseq/poispos_mph_3f67096a.csv,7,112,240,3,modified_position,5.175083038511475e-22,0.0008663572953082621,0.0,0.9991335868835449
poison/poismph/datapoismphseq/poispos_mph_3f67096a.csv,8,128,256,0,authentic,0.9099618196487427,0.01520450133830309,0.007698001805692911,0.06713557988405228
poison/poismph/datapoismphseq/poispos_mph_3f67096a.csv,9,144,272,0,authentic,0.9079164266586304,0.03696645796298981,0.005623136181384325,0.049494028091430664
poison/poismph/datapoismphseq/poispos_mph_3f67096a.csv,10,160,288,0,authentic,0.8636332750320435,0.034773264080286026,0.0030774371698498726,0.09851603209972382
poison/poismph/datapoismphseq/poispos_mph_3f67096a.csv,11,176,304,0,authentic,0.9430187344551086,0.009471764788031578,0.0012779505923390388,0.04623152315616608
poison/poismph/datapoismphseq/poispos_mph_3f67096a.csv,12,192,320,0,authentic,0.986447811126709,0.01019373070448637,0.002485110657289624,0.0008733830763958395
poison/poismph/datapoismphseq/poispos_mph_3f67096a.csv,13,208,336,0,authentic,0.9949275255203247,0.0026100059039890766,0.00034701585536822677,0.0021154298447072506
poison/poismph/datapoismphseq/poispos_mph_3f67096a.csv,14,224,352,0,authentic,0.9910690784454346,0.005578329320997,0.0006310673197731376,0.00272157764993608
poison/poismph/datapoismphseq/poispos_mph_3f67096a.csv,15,240,368,0,authentic,0.9991000294685364,0.000716641778126359,7.561175880255178e-05,0.0001076697080861777
poison/poismph/datapoismphseq/poispos_mph_3f67096a.csv,16,256,384,0,authentic,0.9994813799858093,0.0002359475620323792,3.156425373163074e-05,0.0002511332568246871
poison/poismph/datapoismphseq/poispos_mph_3f67096a.csv,17,272,400,0,authentic,0.9979919195175171,0.0005885097780264914,0.00013103376841172576,0.0012884686002507806
poison/poismph/datapoismphseq/poispos_mph_3f67096a.csv,18,288,416,0,authentic,0.9995694756507874,3.158992331009358e-05,3.908086455339799e-06,0.00039503228617832065
poison/poismph/datapoismphseq/poispos_mph_3f6a9c9b.csv,0,0,128,0,authentic,0.9815323352813721,0.005343172233551741,0.0030067700427025557,0.010117709636688232
poison/poismph/datapoismphseq/poispos_mph_3f6a9c9b.csv,1,16,144,3,modified_position,1.3324006394947527e-20,0.0012872031657025218,0.0,0.9987127780914307
poison/poismph/datapoismphseq/poispos_mph_3f6a9c9b.csv,2,32,160,3,modified_position,2.4148195089789467e-23,0.0005962480790913105,0.0,0.999403715133667
poison/poismph/datapoismphseq/poispos_mph_3f6a9c9b.csv,3,48,176,3,modified_position,5.0974134346140966e-23,0.0006531603285111487,0.0,0.9993467926979065
poison/poismph/datapoismphseq/poispos_mph_3f6a9c9b.csv,4,64,192,3,modified_position,9.004846602009126e-23,0.0006999552715569735,0.0,0.9993000030517578
poison/poismph/datapoismphseq/poispos_mph_3f6b0792.csv,0,0,128,3,modified_position,4.07104646901194e-24,0.0004798295849468559,0.0,0.9995201826095581
poison/poismph/datapoismphseq/poispos_mph_3f6b0792.csv,1,16,144,3,modified_position,3.448409600573669e-24,0.00047017476754263043,0.0,0.9995297789573669
poison/poismph/datapoismphseq/poispos_mph_3f6b0792.csv,2,32,160,3,modified_position,2.8591028942418902e-24,0.0004594826023094356,0.0,0.9995405077934265
poison/poismph/datapoismphseq/poispos_mph_3f6b0792.csv,3,48,176,3,modified_position,2.8909054272054227e-24,0.0004601496912073344,0.0,0.9995397925376892
poison/poismph/datapoismphseq/poispos_mph_3f6b0792.csv,4,64,192,3,modified_position,5.248528260706958e-24,0.0004949760623276234,0.0,0.9995050430297852
poison/poismph/datapoismphseq/poispos_mph_3f6b0792.csv,5,80,208,3,modified_position,5.264568169492817e-24,0.0004951818264089525,0.0,0.999504804611206
poison/poismph/datapoismphseq/poispos_mph_3f6b0792.csv,6,96,224,3,modified_position,9.579788782345554e-24,0.0005326612154021859,0.0,0.9994673132896423
poison/poismph/datapoismphseq/poispos_mph_3f6b0792.csv,7,112,240,3,modified_position,0.001816181349568069,0.46854209899902344,2.2369542307387746e-07,0.5296414494514465
poison/poismph/datapoismphseq/poispos_mph_3f6e8fbb.csv,0,0,128,0,authentic,0.9910218715667725,0.004152075853198767,0.002484465716406703,0.002341489540413022
poison/poismph/datapoismphseq/poispos_mph_3f6e8fbb.csv,1,16,144,0,authentic,0.9983709454536438,0.0003134864673484117,7.853165152482688e-05,0.001237112795934081
poison/poismph/datapoismphseq/poispos_mph_3f6e8fbb.csv,2,32,160,0,authentic,0.6479204297065735,0.19191119074821472,0.024704139679670334,0.135464146733284
poison/poismph/datapoismphseq/poispos_mph_3f6e8fbb.csv,3,48,176,3,modified_position,7.971529061857157e-22,0.0009133422281593084,0.0,0.9990866184234619
poison/poismph/datapoismphseq/poispos_mph_3f6e8fbb.csv,4,64,192,3,modified_position,1.2072467284948004e-22,0.0007254622178152204,0.0,0.9992745518684387
poison/poismph/datapoismphseq/poispos_mph_3f6e8fbb.csv,5,80,208,3,modified_position,5.819236309020703e-23,0.0006637036567553878,0.0,0.999336302280426
poison/poismph/datapoismphseq/poispos_mph_3f6e8fbb.csv,6,96,224,3,modified_position,7.281858895769911e-23,0.0006820817943662405,0.0,0.9993178844451904
poison/poismph/datapoismphseq/poispos_mph_3f6ed9ff.csv,0,0,128,0,authentic,0.9812586903572083,0.0015583100030198693,0.0007743031019344926,0.016408653929829597
poison/poismph/datapoismphseq/poispos_mph_3f6ed9ff.csv,1,16,144,0,authentic,0.9363359212875366,0.010970504954457283,0.008385979570448399,0.044307708740234375
poison/poismph/datapoismphseq/poispos_mph_3f6ed9ff.csv,2,32,160,0,authentic,0.9466963410377502,0.007481873966753483,0.0008290264522656798,0.044992800801992416
poison/poismph/datapoismphseq/poispos_mph_3f6ed9ff.csv,3,48,176,0,authentic,0.8238766193389893,0.02729334868490696,0.0028577554039657116,0.1459723263978958
poison/poismph/datapoismphseq/poispos_mph_3f6ed9ff.csv,4,64,192,3,modified_position,0.00022298145631793886,0.1107788011431694,2.0383357224318388e-08,0.88899827003479
poison/poismph/datapoismphseq/poispos_mph_3f6ed9ff.csv,5,80,208,3,modified_position,1.8197856416213298e-13,0.009488482028245926,5.077525316501154e-29,0.990511417388916
poison/poismph/datapoismphseq/poispos_mph_3f6ed9ff.csv,6,96,224,3,modified_position,9.570680020043133e-21,0.0012368466705083847,0.0,0.9987632036209106
poison/poismph/datapoismphseq/poispos_mph_3f6ed9ff.csv,7,112,240,3,modified_position,1.0691442703186429e-20,0.0012533668195828795,0.0,0.9987466931343079
poison/poismph/datapoismphseq/poispos_mph_3f6ed9ff.csv,8,128,256,3,modified_position,2.6188935627863794e-20,0.0013977839844301343,0.0,0.9986021518707275
poison/poismph/datapoismphseq/poispos_mph_3f6ed9ff.csv,9,144,272,3,modified_position,2.7756100280385e-06,0.06764084845781326,9.382553328024512e-13,0.9323562979698181
poison/poismph/datapoismphseq/poispos_mph_3f6ed9ff.csv,10,160,288,3,modified_position,7.764043245219161e-21,0.001205538515932858,0.0,0.9987944960594177
poison/poismph/datapoismphseq/poispos_mph_3f6ed9ff.csv,11,176,304,3,modified_position,3.9580062196134066e-22,0.0008387218113057315,0.0,0.9991611838340759
poison/poismph/datapoismphseq/poispos_mph_3f6ed9ff.csv,12,192,320,3,modified_position,0.0004547801800072193,0.20453651249408722,3.8088892040377686e-08,0.7950087785720825
poison/poismph/datapoismphseq/poispos_mph_3f72dde5.csv,0,0,128,3,modified_position,7.354417175520211e-05,0.09795532375574112,1.5774044292982126e-09,0.901971161365509
poison/poismph/datapoismphseq/poispos_mph_3f72dde5.csv,1,16,144,3,modified_position,1.0807685964518431e-22,0.0007157234358601272,0.0,0.9992843270301819
poison/poismph/datapoismphseq/poispos_mph_3f72dde5.csv,2,32,160,3,modified_position,6.912947146810219e-23,0.000677847710903734,0.0,0.9993221759796143
poison/poismph/datapoismphseq/poispos_mph_3f72dde5.csv,3,48,176,3,modified_position,8.542259829364973e-23,0.0006954935961402953,0.0,0.9993045926094055
poison/poismph/datapoismphseq/poispos_mph_3f7ba01a.csv,0,0,128,0,authentic,0.9941306710243225,0.0022094561718404293,0.0009894435061141849,0.0026703434996306896
poison/poismph/datapoismphseq/poispos_mph_3f7ba01a.csv,1,16,144,3,modified_position,8.168446268397081e-17,0.0037210937589406967,1.2741979582759538e-36,0.9962790012359619
poison/poismph/datapoismphseq/poispos_mph_3f7ba01a.csv,2,32,160,3,modified_position,1.114775216250894e-21,0.0009514245321042836,0.0,0.9990485310554504
poison/poismph/datapoismphseq/poispos_mph_3f7ba01a.csv,3,48,176,3,modified_position,5.958056643242386e-22,0.000880968349520117,0.0,0.999118983745575
poison/poismph/datapoismphseq/poispos_mph_3f7f9dd0.csv,0,0,128,0,authentic,0.9996242523193359,0.00020531349582597613,4.808596713701263e-05,0.00012231903383508325
poison/poismph/datapoismphseq/poispos_mph_3f7f9dd0.csv,1,16,144,0,authentic,0.9836274981498718,0.005967458710074425,0.00368275074288249,0.006722299847751856
poison/poismph/datapoismphseq/poispos_mph_3f7f9dd0.csv,2,32,160,0,authentic,0.9998998045921326,4.072504088981077e-05,3.478777443888248e-06,5.5986576626310125e-05
poison/poismph/datapoismphseq/poispos_mph_3f7f9dd0.csv,3,48,176,3,modified_position,1.1914736775323065e-12,0.011895916424691677,3.3270073862600066e-27,0.9881040453910828
poison/poismph/datapoismphseq/poispos_mph_3f7f9dd0.csv,4,64,192,3,modified_position,2.4901317125015984e-22,0.0007921880460344255,0.0,0.9992077946662903
poison/poismph/datapoismphseq/poispos_mph_3f7f9dd0.csv,5,80,208,3,modified_position,3.048469538297264e-22,0.0008121096761897206,0.0,0.9991878867149353
poison/poismph/datapoismphseq/poispos_mph_3f836cd3.csv,0,0,128,3,modified_position,5.220076673140284e-06,0.07268405705690384,3.835063343282652e-12,0.9273107647895813
poison/poismph/datapoismphseq/poispos_mph_3f836cd3.csv,1,16,144,3,modified_position,2.7284999182592396e-17,0.0032568301539868116,1.0732400324262256e-37,0.9967430830001831
poison/poismph/datapoismphseq/poispos_mph_3f836cd3.csv,2,32,160,3,modified_position,1.2231173477303988e-22,0.000726512458641082,0.0,0.999273419380188
poison/poismph/datapoismphseq/poispos_mph_3f836cd3.csv,3,48,176,3,modified_position,2.0478647345984904e-22,0.000773638894315809,0.0,0.9992263913154602
poison/poismph/datapoismphseq/poispos_mph_3f836cd3.csv,4,64,192,3,modified_position,4.849739193822925e-23,0.0006491043022833765,0.0,0.9993508458137512
poison/poismph/datapoismphseq/poispos_mph_3f836cd3.csv,5,80,208,3,modified_position,3.5012320265544117e-22,0.0008255406282842159,0.0,0.9991744160652161
poison/poismph/datapoismphseq/poispos_mph_3f86beca.csv,0,0,128,3,modified_position,1.3497100854856665e-23,0.0005554098170250654,0.0,0.9994446039199829
poison/poismph/datapoismphseq/poispos_mph_3f86beca.csv,1,16,144,3,modified_position,1.2690731181844273e-23,0.000550985976587981,0.0,0.9994490146636963
poison/poismph/datapoismphseq/poispos_mph_3f86beca.csv,2,32,160,3,modified_position,5.889254892993305e-24,0.0005017930525355041,0.0,0.9994982481002808
poison/poismph/datapoismphseq/poispos_mph_3f86beca.csv,3,48,176,3,modified_position,6.4234174610369666e-24,0.0005071990890428424,0.0,0.9994928240776062
poison/poismph/datapoismphseq/poispos_mph_3f86beca.csv,4,64,192,3,modified_position,5.062087691075666e-24,0.0004926827386952937,0.0,0.9995073080062866
poison/poismph/datapoismphseq/poispos_mph_3f86beca.csv,5,80,208,3,modified_position,1.0315939579601508e-23,0.000537328131031245,0.0,0.9994626641273499
poison/poismph/datapoismphseq/poispos_mph_3f871473.csv,0,0,128,0,authentic,0.9923903346061707,0.000501446018461138,8.54598474688828e-05,0.007022743579000235
poison/poismph/datapoismphseq/poispos_mph_3f871473.csv,1,16,144,3,modified_position,3.116652662940946e-19,0.0018895099638029933,0.0,0.9981105327606201
poison/poismph/datapoismphseq/poispos_mph_3f871473.csv,2,32,160,3,modified_position,2.0042340369992921e-22,0.0007714994717389345,0.0,0.9992285370826721
poison/poismph/datapoismphseq/poispos_mph_3f871473.csv,3,48,176,3,modified_position,6.985842943162434e-23,0.0006786867743358016,0.0,0.9993213415145874
poison/poismph/datapoismphseq/poispos_mph_3f871473.csv,4,64,192,3,modified_position,2.970720480329512e-23,0.0006115168798714876,0.0,0.9993884563446045
poison/poismph/datapoismphseq/poispos_mph_3f871473.csv,5,80,208,3,modified_position,8.500912158334356e-23,0.0006951860268600285,0.0,0.9993047714233398
poison/poismph/datapoismphseq/poispos_mph_3f873ddb.csv,0,0,128,3,modified_position,0.0001938283530762419,0.15549220144748688,4.383225782333966e-09,0.8443139791488647
poison/poismph/datapoismphseq/poispos_mph_3f873ddb.csv,1,16,144,3,modified_position,1.6886880896160123e-20,0.0013245845912024379,0.0,0.9986754059791565
poison/poismph/datapoismphseq/poispos_mph_3f873ddb.csv,2,32,160,3,modified_position,1.1561319497155894e-22,0.0007216642261482775,0.0,0.9992783069610596
poison/poismph/datapoismphseq/poispos_mph_3f873ddb.csv,3,48,176,3,modified_position,7.404256660557831e-23,0.0006834770319983363,0.0,0.9993165731430054
poison/poismph/datapoismphseq/poispos_mph_3f873ddb.csv,4,64,192,3,modified_position,5.97857611445576e-23,0.0006659377831965685,0.0,0.9993340969085693
poison/poismph/datapoismphseq/poispos_mph_3f873ddb.csv,5,80,208,3,modified_position,1.5057104849367425e-23,0.0005630007362924516,0.0,0.9994370937347412
poison/poismph/datapoismphseq/poispos_mph_3f873ddb.csv,6,96,224,3,modified_position,2.6109175504702257e-23,0.0006021601147949696,0.0,0.999397873878479
poison/poismph/datapoismphseq/poispos_mph_3f873ddb.csv,7,112,240,3,modified_position,3.946485253191452e-23,0.0006330533651635051,0.0,0.9993669390678406
poison/poismph/datapoismphseq/poispos_mph_3f873ddb.csv,8,128,256,3,modified_position,1.7100328431270574e-22,0.0007570199086330831,0.0,0.9992430210113525
poison/poismph/datapoismphseq/poispos_mph_3f873ddb.csv,9,144,272,0,authentic,0.9740834832191467,0.003053623251616955,0.0015267526032403111,0.02133617363870144
poison/poismph/datapoismphseq/poispos_mph_3f873f36.csv,0,0,128,0,authentic,0.7456353306770325,0.10358218848705292,0.12059811502695084,0.030184322968125343
poison/poismph/datapoismphseq/poispos_mph_3f873f36.csv,1,16,144,0,authentic,0.6711900234222412,0.16089516878128052,0.023717384785413742,0.14419741928577423
poison/poismph/datapoismphseq/poispos_mph_3f873f36.csv,2,32,160,3,modified_position,7.471626304322854e-05,0.16835671663284302,1.0117532367459603e-09,0.8315685987472534
poison/poismph/datapoismphseq/poispos_mph_3f8aa6b7.csv,0,0,128,3,modified_position,7.640070543857291e-05,0.0983939990401268,1.7521706308087914e-09,0.9015296697616577
poison/poismph/datapoismphseq/poispos_mph_3f8aa6b7.csv,1,16,144,3,modified_position,1.4859992490524213e-22,0.0007441013003699481,0.0,0.999255895614624
poison/poismph/datapoismphseq/poispos_mph_3f8aa6b7.csv,2,32,160,3,modified_position,3.953113893605843e-23,0.0006333249039016664,0.0,0.9993667006492615
poison/poismph/datapoismphseq/poispos_mph_3f8aa6b7.csv,3,48,176,3,modified_position,2.0813615356826022e-23,0.0005856080679222941,0.0,0.9994143843650818
poison/poismph/datapoismphseq/poispos_mph_3f8aa6b7.csv,4,64,192,3,modified_position,3.041082455454157e-23,0.000613309966865927,0.0,0.9993866682052612
poison/poismph/datapoismphseq/poispos_mph_3f8aa6b7.csv,5,80,208,3,modified_position,3.217835260966701e-23,0.000617454235907644,0.0,0.999382495880127
poison/poismph/datapoismphseq/poispos_mph_3f8aa6b7.csv,6,96,224,3,modified_position,3.486875326059241e-23,0.0006235205801203847,0.0,0.9993764758110046
poison/poismph/datapoismphseq/poispos_mph_3f8b1603.csv,0,0,128,3,modified_position,1.7709895767775506e-23,0.0005741072236560285,0.0,0.9994258284568787
poison/poismph/datapoismphseq/poispos_mph_3f8b1603.csv,1,16,144,3,modified_position,1.3960831160269027e-23,0.0005577068077400327,0.0,0.9994423389434814
poison/poismph/datapoismphseq/poispos_mph_3f8b1603.csv,2,32,160,3,modified_position,2.2407278468440752e-23,0.000590869109146297,0.0,0.999409019947052
poison/poismph/datapoismphseq/poispos_mph_3f8b1603.csv,3,48,176,3,modified_position,6.006133313571755e-24,0.0005032818298786879,0.0,0.9994966983795166
poison/poismph/datapoismphseq/poispos_mph_3f8b1603.csv,4,64,192,3,modified_position,9.312734122379274e-24,0.0005309124826453626,0.0,0.9994691014289856
poison/poismph/datapoismphseq/poispos_mph_3f8b1603.csv,5,80,208,3,modified_position,5.600636010207994e-23,0.0006606605602428317,0.0,0.9993392825126648
poison/poismph/datapoismphseq/poispos_mph_3f8b1603.csv,6,96,224,3,modified_position,9.973772739683704e-24,0.0005353732267394662,0.0,0.9994646906852722
poison/poismph/datapoismphseq/poispos_mph_3f8b7bb1.csv,0,0,128,3,modified_position,9.800212138710228e-23,0.0007070875144563615,0.0,0.9992929100990295
poison/poismph/datapoismphseq/poispos_mph_3f8b7bb1.csv,1,16,144,3,modified_position,4.775340144129721e-23,0.0006479337462224066,0.0,0.9993520379066467
poison/poismph/datapoismphseq/poispos_mph_3f8b7bb1.csv,2,32,160,3,modified_position,1.690153264325562e-23,0.0005709454999305308,0.0,0.9994290471076965
poison/poismph/datapoismphseq/poispos_mph_3f8b7bb1.csv,3,48,176,3,modified_position,6.658162744908109e-23,0.0006747076404280961,0.0,0.9993252754211426
poison/poismph/datapoismphseq/poispos_mph_3f8b7bb1.csv,4,64,192,3,modified_position,6.481327266772698e-23,0.0006725671701133251,0.0,0.9993274211883545
poison/poismph/datapoismphseq/poispos_mph_3f8f1c63.csv,0,0,128,3,modified_position,3.9909460848984324e-23,0.0006338912644423544,0.0,0.9993661046028137
poison/poismph/datapoismphseq/poispos_mph_3f8f1c63.csv,1,16,144,3,modified_position,9.716988259842497e-24,0.0005336196045391262,0.0,0.9994663596153259
poison/poismph/datapoismphseq/poisspd_mph_3e39f7cd.csv,0,0,128,0,authentic,0.8901399970054626,0.020487891510128975,0.008091595023870468,0.08128057420253754
poison/poismph/datapoismphseq/poisspd_mph_3e39f7cd.csv,1,16,144,0,authentic,0.9883274435997009,0.0010930437128990889,0.00020128197502344847,0.010378311388194561
poison/poismph/datapoismphseq/poisspd_mph_3e39f7cd.csv,2,32,160,0,authentic,0.88206547498703,0.0450146459043026,0.021659070625901222,0.05126073583960533
poison/poismph/datapoismphseq/poisspd_mph_3e39f7cd.csv,3,48,176,2,modified_speed,0.004275131970643997,0.07365760952234268,0.9220672249794006,4.579922378844525e-12
poison/poismph/datapoismphseq/poisspd_mph_3e39f7cd.csv,4,64,192,2,modified_speed,4.801619657435197e-10,0.0006062671891413629,0.9993937015533447,0.0
poison/poismph/datapoismphseq/poisspd_mph_3e39f7cd.csv,5,80,208,2,modified_speed,3.5843966683657413e-10,0.0005539095145650208,0.9994461536407471,0.0
poison/poismph/datapoismphseq/poisspd_mph_3e39f7cd.csv,6,96,224,2,modified_speed,5.602988628616856e-10,0.0006364264991134405,0.9993636012077332,0.0
poison/poismph/datapoismphseq/poisspd_mph_3e39f7cd.csv,7,112,240,2,modified_speed,7.609946561792924e-10,0.000695663271471858,0.9993043541908264,0.0
poison/poismph/datapoismphseq/poisspd_mph_3e39f7cd.csv,8,128,256,2,modified_speed,8.396644490815675e-10,0.0007197363302111626,0.9992802739143372,0.0
poison/poismph/datapoismphseq/poisspd_mph_3e39f7cd.csv,9,144,272,2,modified_speed,1.3848815427763839e-09,0.0008288669632747769,0.9991711378097534,0.0
poison/poismph/datapoismphseq/poisspd_mph_3e3a3689.csv,0,0,128,2,modified_speed,2.052658842899291e-08,0.0019140252843499184,0.9980859160423279,0.0
poison/poismph/datapoismphseq/poisspd_mph_3e3a3689.csv,1,16,144,2,modified_speed,2.4277142074424773e-08,0.0020016978960484266,0.9979982972145081,0.0
poison/poismph/datapoismphseq/poisspd_mph_3e3a3689.csv,2,32,160,2,modified_speed,2.853848890538302e-08,0.002100626239553094,0.9978992938995361,0.0
poison/poismph/datapoismphseq/poisspd_mph_3e3a3689.csv,3,48,176,2,modified_speed,3.8139901903377904e-08,0.0022788727656006813,0.9977210760116577,0.0
poison/poismph/datapoismphseq/poisspd_mph_3e3a3689.csv,4,64,192,2,modified_speed,4.755324312100129e-08,0.0024345347192138433,0.9975653886795044,1.329614340733049e-38
poison/poismph/datapoismphseq/poisspd_mph_3e3a3689.csv,5,80,208,2,modified_speed,5.7809216968962573e-08,0.0025895130820572376,0.9974104166030884,3.9598654311255273e-38
poison/poismph/datapoismphseq/poisspd_mph_3e3a3689.csv,6,96,224,2,modified_speed,2.7892731679912686e-08,0.002063924912363291,0.9979361295700073,0.0
poison/poismph/datapoismphseq/poisspd_mph_3e3a3689.csv,7,112,240,2,modified_speed,2.2058455215301365e-05,0.015681883320212364,0.9842960238456726,2.6105330202219757e-24
poison/poismph/datapoismphseq/poisspd_mph_3e3a3689.csv,8,128,256,0,authentic,0.9710315465927124,0.0015199210029095411,0.0007299479912035167,0.02671864628791809
poison/poismph/datapoismphseq/poisspd_mph_3e3a3689.csv,9,144,272,0,authentic,0.8996860384941101,0.062359943985939026,0.034583937376737595,0.003370047314092517
poison/poismph/datapoismphseq/poisspd_mph_3e3a3689.csv,10,160,288,3,modified_position,0.29087141156196594,0.315865159034729,0.07096163928508759,0.32230183482170105
poison/poismph/datapoismphseq/poisspd_mph_3e3a3689.csv,11,176,304,0,authentic,0.990893542766571,0.007314753253012896,0.00137048726901412,0.00042121222941204906
poison/poismph/datapoismphseq/poisspd_mph_3e3a3689.csv,12,192,320,0,authentic,0.9973960518836975,0.0019210310420021415,0.00030547191272489727,0.00037752397474832833
poison/poismph/datapoismphseq/poisspd_mph_3e3a3689.csv,13,208,336,0,authentic,0.9464031457901001,0.04015300050377846,0.012525415979325771,0.0009184145019389689
poison/poismph/datapoismphseq/poisspd_mph_3e3a3689.csv,14,224,352,0,authentic,0.9922171831130981,0.006217600777745247,0.0012937409337610006,0.00027145567582920194
poison/poismph/datapoismphseq/poisspd_mph_3e3a3689.csv,15,240,368,0,authentic,0.9991124272346497,0.0005929593462496996,7.509714487241581e-05,0.00021945901971776038
poison/poismph/datapoismphseq/poisspd_mph_3e3a3689.csv,16,256,384,0,authentic,0.9983029365539551,0.000847380724735558,0.00016822801262605935,0.000681527832057327
poison/poismph/datapoismphseq/poisspd_mph_3e3a3689.csv,17,272,400,0,authentic,0.9988133907318115,0.0005512786447070539,0.00013162274262867868,0.0005037341616116464
poison/poismph/datapoismphseq/poisspd_mph_3e3a8fd0.csv,0,0,128,2,modified_speed,9.054931433638558e-05,0.023859316483139992,0.9760501384735107,4.6782176973152485e-21
poison/poismph/datapoismphseq/poisspd_mph_3e3a8fd0.csv,1,16,144,2,modified_speed,5.695591220877816e-10,0.0006377872778102756,0.9993621706962585,0.0
poison/poismph/datapoismphseq/poisspd_mph_3e3a8fd0.csv,2,32,160,2,modified_speed,8.246318072835379e-10,0.0007148386212065816,0.9992851614952087,0.0
poison/poismph/datapoismphseq/poisspd_mph_3e3a8fd0.csv,3,48,176,2,modified_speed,9.369145459459105e-10,0.0007433819118887186,0.9992566108703613,0.0
poison/poismph/datapoismphseq/poisspd_mph_3e3a8fd0.csv,4,64,192,2,modified_speed,1.0855257803754625e-09,0.0007744554313831031,0.9992255568504333,0.0
poison/poismph/datapoismphseq/poisspd_mph_3e3a8fd0.csv,5,80,208,2,modified_speed,1.240832547821924e-09,0.0008072874625213444,0.9991927146911621,0.0
poison/poismph/datapoismphseq/poisspd_mph_3e3a8fd0.csv,6,96,224,2,modified_speed,2.4932971243174507e-09,0.0009951541433110833,0.9990049004554749,0.0
poison/poismph/datapoismphseq/poisspd_mph_3e3a8fd0.csv,7,112,240,2,modified_speed,7.13395609253098e-09,0.0013665283331647515,0.9986334443092346,0.0
poison/poismph/datapoismphseq/poisspd_mph_3e3d86b8.csv,0,0,128,2,modified_speed,3.286367622479247e-09,0.0010917438194155693,0.998908281326294,0.0
poison/poismph/datapoismphseq/poisspd_mph_3e3d86b8.csv,1,16,144,2,modified_speed,3.2144182871007843e-09,0.001080075977370143,0.9989199042320251,0.0
poison/poismph/datapoismphseq/poisspd_mph_3e3d86b8.csv,2,32,160,2,modified_speed,1.1679024414235073e-09,0.0007935820613056421,0.9992064237594604,0.0
poison/poismph/datapoismphseq/poisspd_mph_3e3d86b8.csv,3,48,176,2,modified_speed,1.6374627209714276e-09,0.0008809163700789213,0.9991191029548645,0.0
poison/poismph/datapoismphseq/poisspd_mph_3e3d86b8.csv,4,64,192,2,modified_speed,1.6735093311126548e-09,0.000889837509021163,0.9991101622581482,0.0
poison/poismph/datapoismphseq/poisspd_mph_3e3d86b8.csv,5,80,208,2,modified_speed,2.35489228117558e-09,0.0009867121698334813,0.9990133047103882,0.0
poison/poismph/datapoismphseq/poisspd_mph_3e3d86b8.csv,6,96,224,2,modified_speed,2.499999096627903e-09,0.0009942756732925773,0.9990057349205017,0.0
poison/poismph/datapoismphseq/poisspd_mph_3e3d86b8.csv,7,112,240,0,authentic,0.6413373351097107,0.22082950174808502,0.1138307973742485,0.024002423509955406
poison/poismph/datapoismphseq/poisspd_mph_3e44d6af.csv,0,0,128,0,authentic,0.9997279047966003,1.5413581422762945e-05,2.3957898065418703e-06,0.0002542771690059453
poison/poismph/datapoismphseq/poisspd_mph_3e44d6af.csv,1,16,144,2,modified_speed,0.000334860582370311,0.03784745931625366,0.9618175625801086,4.3409065426966054e-18
poison/poismph/datapoismphseq/poisspd_mph_3e44d6af.csv,2,32,160,2,modified_speed,0.00038993501220829785,0.03661428391933441,0.9629958271980286,1.0531940664530354e-17
poison/poismph/datapoismphseq/poisspd_mph_3e44d6af.csv,3,48,176,2,modified_speed,0.0004235600645188242,0.037507571280002594,0.9620689153671265,1.631720299123744e-17
poison/poismph/datapoismphseq/poisspd_mph_3e44d6af.csv,4,64,192,2,modified_speed,0.0005380245856940746,0.04034985601902008,0.9591120481491089,6.222182931288413e-17
poison/poismph/datapoismphseq/poisspd_mph_3e44d6af.csv,5,80,208,2,modified_speed,0.0005394318723119795,0.04017406329512596,0.9592864513397217,5.669591871389508e-17
poison/poismph/datapoismphseq/poisspd_mph_3e44f206.csv,0,0,128,2,modified_speed,1.5800900428075693e-06,0.007006494328379631,0.9929919242858887,1.6012687490404073e-30
poison/poismph/datapoismphseq/poisspd_mph_3e44f206.csv,1,16,144,2,modified_speed,1.1110478226328269e-06,0.006327487528324127,0.9936714172363281,2.6798837925441953e-31
poison/poismph/datapoismphseq/poisspd_mph_3e44f206.csv,2,32,160,2,modified_speed,1.368724610983918e-06,0.006715074647217989,0.9932835102081299,7.581969595854616e-31
poison/poismph/datapoismphseq/poisspd_mph_3e44f206.csv,3,48,176,2,modified_speed,1.4066625908526476e-06,0.0067297019995749,0.9932689666748047,7.757513220229013e-31
poison/poismph/datapoismphseq/poisspd_mph_3e47f111.csv,0,0,128,2,modified_speed,1.2243828173552629e-09,0.00081104866694659,0.9991889595985413,0.0
poison/poismph/datapoismphseq/poisspd_mph_3e47f111.csv,1,16,144,2,modified_speed,1.295501927955911e-09,0.000820529239717871,0.9991794228553772,0.0
poison/poismph/datapoismphseq/poisspd_mph_3e47f111.csv,2,32,160,2,modified_speed,1.3703240764328939e-09,0.0008332969737239182,0.9991666674613953,0.0
poison/poismph/datapoismphseq/poisspd_mph_3e47f111.csv,3,48,176,2,modified_speed,2.053731185114316e-09,0.0009407296311110258,0.99905925989151,0.0
poison/poismph/datapoismphseq/poisspd_mph_3e47f111.csv,4,64,192,2,modified_speed,1.8315230443377573e-09,0.0009109513484872878,0.9990890026092529,0.0
poison/poismph/datapoismphseq/poisspd_mph_3e47f111.csv,5,80,208,0,authentic,0.9891842603683472,0.005431541707366705,0.0006984108476899564,0.004685770720243454
poison/poismph/datapoismphseq/poisspd_mph_3e488bea.csv,0,0,128,2,modified_speed,2.703257839797857e-09,0.0010320963338017464,0.9989678859710693,0.0
poison/poismph/datapoismphseq/poisspd_mph_3e488bea.csv,1,16,144,2,modified_speed,2.1439814368306997e-09,0.0009621116914786398,0.9990378022193909,0.0
poison/poismph/datapoismphseq/poisspd_mph_3e488bea.csv,2,32,160,2,modified_speed,1.9906125636737215e-09,0.0009353217319585383,0.9990647435188293,0.0
poison/poismph/datapoismphseq/poisspd_mph_3e488bea.csv,3,48,176,2,modified_speed,2.952764477370806e-09,0.0010503997327759862,0.9989495277404785,0.0
poison/poismph/datapoismphseq/poisspd_mph_3e488bea.csv,4,64,192,2,modified_speed,2.801118670348046e-09,0.001031500636599958,0.9989684820175171,0.0
poison/poismph/datapoismphseq/poisspd_mph_3e4c8398.csv,0,0,128,0,authentic,0.8800083994865417,0.009856678545475006,0.003803601488471031,0.10633131861686707
poison/poismph/datapoismphseq/poisspd_mph_3e4c8398.csv,1,16,144,2,modified_speed,8.398329498504609e-08,0.0029078545048832893,0.997092068195343,3.063116922411224e-37
poison/poismph/datapoismphseq/poisspd_mph_3e4c8398.csv,2,32,160,2,modified_speed,6.2345941742592e-09,0.0013266588794067502,0.9986732602119446,0.0
poison/poismph/datapoismphseq/poisspd_mph_3e4c8398.csv,3,48,176,2,modified_speed,1.5812589015951062e-09,0.0008725441875867546,0.9991274476051331,0.0
poison/poismph/datapoismphseq/poisspd_mph_3e4c8398.csv,4,64,192,2,modified_speed,2.2146491307495353e-09,0.0009673353051766753,0.999032735824585,0.0
poison/poismph/datapoismphseq/poisspd_mph_3e4c8398.csv,5,80,208,2,modified_speed,2.395567522128772e-09,0.0009933231631293893,0.9990066885948181,0.0
poison/poismph/datapoismphseq/poisspd_mph_3e4c8398.csv,6,96,224,2,modified_speed,3.5632943262697836e-09,0.00111032510176301,0.998889684677124,0.0
poison/poismph/datapoismphseq/poisspd_mph_3e4c8398.csv,7,112,240,2,modified_speed,6.9505956545867775e-09,0.001354487263597548,0.9986454248428345,0.0
poison/poismph/datapoismphseq/poisspd_mph_3e4c8398.csv,8,128,256,2,modified_speed,9.25062870749116e-09,0.001487637753598392,0.998512327671051,0.0
poison/poismph/datapoismphseq/poisspd_mph_3e500481.csv,0,0,128,0,authentic,0.47079306840896606,0.2553718090057373,0.25475141406059265,0.019083665683865547
poison/poismph/datapoismphseq/poisspd_mph_3e500481.csv,1,16,144,0,authentic,0.9257482886314392,0.04489735886454582,0.02550518698990345,0.0038492644671350718
poison/poismph/datapoismphseq/poisspd_mph_3e500481.csv,2,32,160,0,authentic,0.9973199367523193,0.001850290223956108,0.00045486108865588903,0.00037483801133930683
poison/poismph/datapoismphseq/poisspd_mph_3e500481.csv,3,48,176,2,modified_speed,0.31436842679977417,0.2945212721824646,0.38796642422676086,0.0031438274309039116
poison/poismph/datapoismphseq/poisspd_mph_3e500481.csv,4,64,192,0,authentic,0.9604347348213196,0.02243155799806118,0.015213794074952602,0.0019198994850739837
poison/poismph/datapoismphseq/poisspd_mph_3e500481.csv,5,80,208,0,authentic,0.9309609532356262,0.03915942460298538,0.027441853657364845,0.0024377082008868456
poison/poismph/datapoismphseq/poisspd_mph_3e500481.csv,6,96,224,2,modified_speed,0.1675960272550583,0.236651211977005,0.5955286622047424,0.0002240383910248056
poison/poismph/datapoismphseq/poisspd_mph_3e500481.csv,7,112,240,2,modified_speed,0.00026966442237608135,0.03286873549222946,0.9668616056442261,1.4899182363183963e-18
poison/poismph/datapoismphseq/poisspd_mph_3e503efe.csv,0,0,128,2,modified_speed,0.00010155090421903878,0.024566199630498886,0.9753322601318359,7.800577324871442e-21
poison/poismph/datapoismphseq/poisspd_mph_3e503efe.csv,1,16,144,2,modified_speed,0.00011848565191030502,0.025796057656407356,0.9740854501724243,1.890588659973428e-20
poison/poismph/datapoismphseq/poisspd_mph_3e503efe.csv,2,32,160,2,modified_speed,0.00019923080981243402,0.03004799596965313,0.969752848148346,2.9404303637365906e-19
poison/poismph/datapoismphseq/poisspd_mph_3e503efe.csv,3,48,176,2,modified_speed,0.0005299907061271369,0.04023829847574234,0.9592317342758179,5.940776086897873e-17
poison/poismph/datapoismphseq/poisspd_mph_3e503efe.csv,4,64,192,2,modified_speed,0.0005985370953567326,0.049838192760944366,0.9495632648468018,5.794472982827864e-17
poison/poismph/datapoismphseq/poisspd_mph_3e503efe.csv,5,80,208,2,modified_speed,0.01165800727903843,0.30306124687194824,0.6852807402610779,7.375969973688612e-11
poison/poismph/datapoismphseq/poisspd_mph_3e503efe.csv,6,96,224,2,modified_speed,1.1868558358330006e-09,0.0007971571758389473,0.9992029070854187,0.0
poison/poismph/datapoismphseq/poisspd_mph_3e543f08.csv,0,0,128,2,modified_speed,9.472648343944456e-06,0.012166365049779415,0.9878242611885071,2.870915359066428e-26
poison/poismph/datapoismphseq/poisspd_mph_3e543f08.csv,1,16,144,2,modified_speed,2.9752587060727365e-09,0.0010620416142046452,0.9989379048347473,0.0
poison/poismph/datapoismphseq/poisspd_mph_3e543f08.csv,2,32,160,2,modified_speed,1.7818191366814062e-09,0.0009048053761944175,0.9990952014923096,0.0
poison/poismph/datapoismphseq/poisspd_mph_3e543f08.csv,3,48,176,2,modified_speed,3.009247295793216e-09,0.0010594568448141217,0.9989405274391174,0.0
poison/poismph/datapoismphseq/poisspd_mph_3e543f08.csv,4,64,192,2,modified_speed,1.047303399559496e-08,0.0015226883115246892,0.9984772801399231,0.0
poison/poismph/datapoismphseq/poisspd_mph_3e57a9b1.csv,0,0,128,2,modified_speed,1.484149692032588e-08,0.001728424453176558,0.998271644115448,0.0
poison/poismph/datapoismphseq/poisspd_mph_3e57a9b1.csv,1,16,144,2,modified_speed,3.6523690738476944e-09,0.0011255656136199832,0.9988743662834167,0.0
poison/poismph/datapoismphseq/poisspd_mph_3e57a9b1.csv,2,32,160,2,modified_speed,4.643052164965411e-09,0.0012094872072339058,0.9987905025482178,0.0
poison/poismph/datapoismphseq/poisspd_mph_3e57a9b1.csv,3,48,176,2,modified_speed,7.247476840888112e-09,0.00138719636015594,0.9986128211021423,0.0
poison/poismph/datapoismphseq/poisspd_mph_3e57a9b1.csv,4,64,192,2,modified_speed,8.485005587033356e-09,0.0014472868060693145,0.9985527396202087,0.0
poison/poismph/datapoismphseq/poisspd_mph_3e57a9b1.csv,5,80,208,2,modified_speed,1.0636690639387325e-08,0.0015466624172404408,0.9984532594680786,0.0
poison/poismph/datapoismphseq/poisspd_mph_3e5e15b4.csv,0,0,128,0,authentic,0.9981069564819336,0.0002480096882209182,6.336861406452954e-05,0.0015817583771422505
poison/poismph/datapoismphseq/poisspd_mph_3e5e15b4.csv,1,16,144,0,authentic,0.9918426275253296,0.001151004689745605,0.00040730746695771813,0.006598997861146927
poison/poismph/datapoismphseq/poisspd_mph_3e5e15b4.csv,2,32,160,0,authentic,0.9315216541290283,0.03443107008934021,0.021755803376436234,0.012291454710066319
poison/poismph/datapoismphseq/poisspd_mph_3e5e15b4.csv,3,48,176,0,authentic,0.8062408566474915,0.13532838225364685,0.05582055076956749,0.002610164461657405
poison/poismph/datapoismphseq/poisspd_mph_3e5e15b4.csv,4,64,192,0,authentic,0.4544162452220917,0.23692676424980164,0.30806878209114075,0.0005882728146389127
poison/poismph/datapoismphseq/poisspd_mph_3e5e15b4.csv,5,80,208,2,modified_speed,0.002454587956890464,0.06267504394054413,0.9348704218864441,2.133649024604542e-13
poison/poismph/datapoismphseq/poisspd_mph_3e5e15b4.csv,6,96,224,2,modified_speed,0.002128512365743518,0.060044705867767334,0.9378267526626587,9.504112855876143e-14
poison/poismph/datapoismphseq/poisspd_mph_3e5e15b4.csv,7,112,240,2,modified_speed,0.0006213766755536199,0.04140127822756767,0.9579773545265198,9.53772598195939e-17
poison/poismph/datapoismphseq/poisspd_mph_3e5ea18c.csv,0,0,128,0,authentic,0.8231089115142822,0.06223200634121895,0.022335831075906754,0.09232334047555923
poison/poismph/datapoismphseq/poisspd_mph_3e5ea18c.csv,1,16,144,2,modified_speed,0.32673773169517517,0.2977270483970642,0.35366398096084595,0.021871238946914673
poison/poismph/datapoismphseq/poisspd_mph_3e5ea18c.csv,2,32,160,2,modified_speed,7.32206615339237e-08,0.0027651856653392315,0.9972347021102905,1.2367970107930439e-37
poison/poismph/datapoismphseq/poisspd_mph_3e5ea18c.csv,3,48,176,2,modified_speed,4.778649920211819e-09,0.001222531427629292,0.9987775087356567,0.0
poison/poismph/datapoismphseq/poisspd_mph_3e5ea18c.csv,4,64,192,2,modified_speed,8.770107307043418e-09,0.0014663354959338903,0.9985336065292358,0.0
poison/poismph/datapoismphseq/poisspd_mph_3e5ea18c.csv,5,80,208,2,modified_speed,8.685948849063152e-09,0.0014499727403745055,0.9985499978065491,0.0
poison/poismph/datapoismphseq/poisspd_mph_3e61b514.csv,0,0,128,0,authentic,0.9994485378265381,0.0002462419797666371,5.929583130637184e-05,0.0002459080424159765
poison/poismph/datapoismphseq/poisspd_mph_3e61b514.csv,1,16,144,0,authentic,0.9994001388549805,0.0002223972842330113,8.533545769751072e-05,0.0002921130508184433
poison/poismph/datapoismphseq/poisspd_mph_3e61b514.csv,2,32,160,0,authentic,0.9991787075996399,0.0005095856613479555,0.00017955618386622518,0.00013218334061093628
poison/poismph/datapoismphseq/poisspd_mph_3e61b514.csv,3,48,176,0,authentic,0.9985784888267517,0.0007630088948644698,0.0002641208120621741,0.0003942838229704648
poison/poismph/datapoismphseq/poisspd_mph_3e61b514.csv,4,64,192,0,authentic,0.8403846025466919,0.06850019097328186,0.09078294038772583,0.00033221818739548326
poison/poismph/datapoismphseq/poisspd_mph_3e61b514.csv,5,80,208,2,modified_speed,1.1543134226243978e-09,0.0007937053451314569,0.9992063045501709,0.0
poison/poismph/datapoismphseq/poisspd_mph_3e61b514.csv,6,96,224,2,modified_speed,1.3170721180344458e-09,0.0008233504486270249,0.9991766810417175,0.0
poison/poismph/datapoismphseq/poisspd_mph_3e61b514.csv,7,112,240,2,modified_speed,5.746028985953444e-09,0.001292916596867144,0.9987070560455322,0.0
poison/poismph/datapoismphseq/poisspd_mph_3e61b514.csv,8,128,256,2,modified_speed,1.0419439533393415e-08,0.0015435641398653388,0.9984564781188965,0.0
poison/poismph/datapoismphseq/poisspd_mph_3e61de69.csv,0,0,128,2,modified_speed,1.2848971664425335e-06,0.006671374198049307,0.9933273792266846,6.97667793215858e-31
poison/poismph/datapoismphseq/poisspd_mph_3e61de69.csv,1,16,144,2,modified_speed,1.0151672835689851e-09,0.000766979472246021,0.9992329478263855,0.0
poison/poismph/datapoismphseq/poisspd_mph_3e61de69.csv,2,32,160,2,modified_speed,5.83134929232898e-10,0.00064516207203269,0.9993547797203064,0.0
poison/poismph/datapoismphseq/poisspd_mph_3e61de69.csv,3,48,176,2,modified_speed,9.30996002512785e-10,0.0007405232754535973,0.9992594718933105,0.0
poison/poismph/datapoismphseq/poisspd_mph_3e61de69.csv,4,64,192,2,modified_speed,7.951100888803353e-10,0.0007027156534604728,0.9992972612380981,0.0
poison/poismph/datapoismphseq/poisspd_mph_3e61de69.csv,5,80,208,2,modified_speed,1.1055824034045258e-09,0.0007734118262305856,0.9992265701293945,0.0
poison/poismph/datapoismphseq/poisspd_mph_3e622608.csv,0,0,128,0,authentic,0.9332912564277649,0.03497913479804993,0.02525440789759159,0.006475282832980156
poison/poismph/datapoismphseq/poisspd_mph_3e622608.csv,1,16,144,0,authentic,0.9536283612251282,0.02970721200108528,0.015758821740746498,0.0009056146955117583
poison/poismph/datapoismphseq/poisspd_mph_3e622608.csv,2,32,160,2,modified_speed,1.916355813591508e-06,0.0073130070231854916,0.992685079574585,3.278515810545083e-30
poison/poismph/datapoismphseq/poisspd_mph_3e622608.csv,3,48,176,2,modified_speed,1.4713347127326415e-06,0.006766904145479202,0.9932316541671753,8.37642886345108e-31
poison/poismph/datapoismphseq/poisspd_mph_3e656a7d.csv,0,0,128,2,modified_speed,2.3730646336872496e-09,0.0009803851135075092,0.9990196228027344,0.0
poison/poismph/datapoismphseq/poisspd_mph_3e656a7d.csv,1,16,144,2,modified_speed,3.4328606624001168e-09,0.0011055261129513383,0.998894453048706,0.0
poison/poismph/datapoismphseq/poisspd_mph_3e656a7d.csv,2,32,160,2,modified_speed,3.77162567843925e-09,0.0011342872167006135,0.9988656640052795,0.0
poison/poismph/datapoismphseq/poisspd_mph_3e656a7d.csv,3,48,176,2,modified_speed,3.832828276983946e-09,0.0011451048776507378,0.99885493516922,0.0
poison/poismph/datapoismphseq/poisspd_mph_3e656a7d.csv,4,64,192,2,modified_speed,4.2737697825145915e-09,0.001176642719656229,0.998823344707489,0.0
poison/poismph/datapoismphseq/poisspd_mph_3e696d81.csv,0,0,128,2,modified_speed,1.7476024183338268e-08,0.0018213599687442183,0.9981786012649536,0.0
poison/poismph/datapoismphseq/poisspd_mph_3e696d81.csv,1,16,144,2,modified_speed,1.046648989699861e-08,0.0015507355565205216,0.9984492659568787,0.0
poison/poismph/datapoismphseq/poisspd_mph_3e696d81.csv,2,32,160,2,modified_speed,8.584025046332044e-09,0.001466300687752664,0.9985337257385254,0.0
poison/poismph/datapoismphseq/poisspd_mph_3e696d81.csv,3,48,176,2,modified_speed,1.0357540602967674e-08,0.0015509793302044272,0.9984490275382996,0.0
poison/poismph/datapoismphseq/poisspd_mph_3e696d81.csv,4,64,192,2,modified_speed,1.2741812049910095e-08,0.0016388368094339967,0.9983611702919006,0.0
poison/poismph/datapoismphseq/poisspd_mph_3e73fb1c.csv,0,0,128,0,authentic,0.7475206851959229,0.1669776439666748,0.0827164500951767,0.0027851383201777935
poison/poismph/datapoismphseq/poisspd_mph_3e73fb1c.csv,1,16,144,0,authentic,0.9911465048789978,0.0031263669952750206,0.0007952841115184128,0.004931892268359661
poison/poismph/datapoismphseq/poisspd_mph_3e73fb1c.csv,2,32,160,0,authentic,0.9986453056335449,0.0001712899247650057,2.1986543288221583e-05,0.001161361811682582
poison/poismph/datapoismphseq/poisspd_mph_3e73fb1c.csv,3,48,176,0,authentic,0.9984933733940125,0.0006836300599388778,6.381014827638865e-05,0.0007592605543322861
poison/poismph/datapoismphseq/poisspd_mph_3e73fb1c.csv,4,64,192,2,modified_speed,9.905666331633256e-08,0.003072472056373954,0.9969274401664734,8.172432731620483e-37
poison/poismph/datapoismphseq/poisspd_mph_3e73fb1c.csv,5,80,208,2,modified_speed,3.504747880800352e-10,0.0005510889459401369,0.9994489550590515,0.0
poison/poismph/datapoismphseq/poisspd_mph_3e73fb1c.csv,6,96,224,2,modified_speed,8.704808540649367e-10,0.0007270929054357111,0.999272882938385,0.0
poison/poismph/datapoismphseq/poisspd_mph_3e743eea.csv,0,0,128,0,authentic,0.9768502116203308,0.0059599182568490505,0.0029234213288873434,0.014266517013311386
poison/poismph/datapoismphseq/poisspd_mph_3e743eea.csv,1,16,144,2,modified_speed,9.350200613766901e-10,0.0007456992170773447,0.9992543458938599,0.0
poison/poismph/datapoismphseq/poisspd_mph_3e743eea.csv,2,32,160,2,modified_speed,2.2757969120323907e-10,0.0004851460980717093,0.9995148181915283,0.0
poison/poismph/datapoismphseq/poisspd_mph_3e743eea.csv,3,48,176,2,modified_speed,3.367591205893916e-10,0.000547422154340893,0.9994525909423828,0.0
poison/poismph/datapoismphseq/poisspd_mph_3e77a028.csv,0,0,128,2,modified_speed,5.546142989309999e-10,0.0006390644703060389,0.999360978603363,0.0
poison/poismph/datapoismphseq/poisspd_mph_3e77a028.csv,1,16,144,2,modified_speed,3.2616070955171494e-10,0.000542541325557977,0.9994573593139648,0.0
poison/poismph/datapoismphseq/poisspd_mph_3e77a028.csv,2,32,160,2,modified_speed,4.1792455607314594e-10,0.0005852710455656052,0.9994147419929504,0.0
poison/poismph/datapoismphseq/poisspd_mph_3e77a028.csv,3,48,176,2,modified_speed,6.164559973598216e-10,0.0006608067196793854,0.99933922290802,0.0
poison/poismph/datapoismphseq/poisspd_mph_3e77f289.csv,0,0,128,1,modified_altitude,0.19598175585269928,0.46671101450920105,0.0018618566682562232,0.33544525504112244
poison/poismph/datapoismphseq/poisspd_mph_3e77f289.csv,1,16,144,0,authentic,0.508370041847229,0.46016040444374084,0.00479515828192234,0.02667437121272087
poison/poismph/datapoismphseq/poisspd_mph_3e77f289.csv,2,32,160,2,modified_speed,0.0016687401803210378,0.3093009889125824,0.6890302300453186,7.558254982851413e-16
poison/poismph/datapoismphseq/poisspd_mph_3e77f289.csv,3,48,176,2,modified_speed,0.0007596565410494804,0.23833845555782318,0.7609018683433533,9.133512429670655e-18
poison/poismph/datapoismphseq/poisspd_mph_3e77f289.csv,4,64,192,2,modified_speed,0.00034573604352772236,0.03515426442027092,0.9645000696182251,4.9609722968046244e-18
poison/poismph/datapoismphseq/poisspd_mph_3e7b8676.csv,0,0,128,0,authentic,0.9274802803993225,0.026094065979123116,0.02008017711341381,0.02634556032717228
poison/poismph/datapoismphseq/poisspd_mph_3e7b8676.csv,1,16,144,0,authentic,0.9211627840995789,0.05867711454629898,0.01342601329088211,0.006734008900821209
poison/poismph/datapoismphseq/poisspd_mph_3e7b8676.csv,2,32,160,0,authentic,0.6485195755958557,0.2320568710565567,0.11160380393266678,0.007819763384759426
poison/poismph/datapoismphseq/poisspd_mph_3e7b8676.csv,3,48,176,2,modified_speed,1.9123540369037073e-06,0.007467249408364296,0.992530882358551,5.007027403203244e-30
poison/poismph/datapoismphseq/poisspd_mph_3e7b8676.csv,4,64,192,2,modified_speed,1.551353193463001e-06,0.0069960057735443115,0.9930024743080139,1.5756301828139445e-30
poison/poismph/datapoismphseq/poisspd_mph_3e7b8fcb.csv,0,0,128,2,modified_speed,8.069113391684368e-06,0.011501369997859001,0.9884905815124512,1.0381427231264004e-26
poison/poismph/datapoismphseq/poisspd_mph_3e7b8fcb.csv,1,16,144,2,modified_speed,8.158430318871979e-06,0.01150791347026825,0.9884839057922363,1.0413325253374923e-26
poison/poismph/datapoismphseq/poisspd_mph_3e7b8fcb.csv,2,32,160,2,modified_speed,8.097653335426003e-06,0.011506657116115093,0.9884852170944214,1.0450108204196786e-26
poison/poismph/datapoismphseq/poisspd_mph_3e7b8fcb.csv,3,48,176,2,modified_speed,0.00012808704923372716,0.02639068104326725,0.9734811186790466,2.845484505076223e-20
poison/poismph/datapoismphseq/poisspd_mph_3e7b8fcb.csv,4,64,192,2,modified_speed,0.00020217359997332096,0.030040374025702477,0.9697574973106384,2.8923954685777535e-19
poison/poismph/datapoismphseq/poisspd_mph_3e7b8fcb.csv,5,80,208,0,authentic,0.8123669028282166,0.15152370929718018,0.035977981984615326,0.00013135008339304477
poison/poismph/datapoismphseq/poisspd_mph_3e7b9bb4.csv,0,0,128,0,authentic,0.9999017119407654,2.829846562235616e-05,2.0728600702568656e-06,6.801357085350901e-05
poison/poismph/datapoismphseq/poisspd_mph_3e7b9bb4.csv,1,16,144,0,authentic,0.9906861186027527,0.0055920835584402084,0.0027602838817983866,0.0009614488226361573
poison/poismph/datapoismphseq/poisspd_mph_3e7b9bb4.csv,2,32,160,2,modified_speed,6.360802440319446e-10,0.0006627170369029045,0.9993373155593872,0.0
poison/poismph/datapoismphseq/poisspd_mph_3e7b9bb4.csv,3,48,176,2,modified_speed,6.938747354467978e-10,0.0006747558945789933,0.9993252754211426,0.0
poison/poismph/datapoismphseq/poisspd_mph_3e7b9bb4.csv,4,64,192,2,modified_speed,7.91766985308584e-10,0.0006990680121816695,0.9993009567260742,0.0
poison/poismph/datapoismphseq/poisspd_mph_3e7f3fd9.csv,0,0,128,2,modified_speed,4.584997936873947e-10,0.000602518382947892,0.9993975162506104,0.0
poison/poismph/datapoismphseq/poisspd_mph_3e7f3fd9.csv,1,16,144,2,modified_speed,4.668626596426861e-10,0.0006071450188755989,0.9993928670883179,0.0
poison/poismph/datapoismphseq/poisspd_mph_3e7f3fd9.csv,2,32,160,2,modified_speed,5.099467514924072e-10,0.0006231878069229424,0.9993767738342285,0.0
poison/poismph/datapoismphseq/poisspd_mph_3e7f3fd9.csv,3,48,176,2,modified_speed,6.435674770877142e-10,0.0006678865174762905,0.9993321895599365,0.0
poison/poismph/datapoismphseq/poisspd_mph_3e7f3fd9.csv,4,64,192,2,modified_speed,1.0075014156285533e-09,0.0007577691576443613,0.9992423057556152,0.0
poison/poismph/datapoismphseq/poisspd_mph_3e83ff63.csv,0,0,128,2,modified_speed,2.564261025739256e-09,0.00101645034737885,0.9989835619926453,0.0
poison/poismph/datapoismphseq/poisspd_mph_3e83ff63.csv,1,16,144,2,modified_speed,2.531050036225224e-09,0.0010176546638831496,0.9989823698997498,0.0
poison/poismph/datapoismphseq/poisspd_mph_3e83ff63.csv,2,32,160,2,modified_speed,2.300670098875912e-09,0.0009848843328654766,0.9990150928497314,0.0
poison/poismph/datapoismphseq/poisspd_mph_3e83ff63.csv,3,48,176,2,modified_speed,4.6105479434288554e-09,0.0011966844322159886,0.9988033175468445,0.0
poison/poismph/datapoismphseq/poisspd_mph_3e881f6e.csv,0,0,128,2,modified_speed,7.170438465209372e-08,0.0028452882543206215,0.9971546530723572,1.1545597364924148e-37
poison/poismph/datapoismphseq/poisspd_mph_3e881f6e.csv,1,16,144,2,modified_speed,1.1035514546620107e-07,0.0051614390686154366,0.9948384165763855,3.748499848583892e-37
poison/poismph/datapoismphseq/poisspd_mph_3e881f6e.csv,2,32,160,2,modified_speed,9.5713573955436e-08,0.0029865149408578873,0.9970133304595947,4.7398218785516e-37
poison/poismph/datapoismphseq/poisspd_mph_3e881f6e.csv,3,48,176,2,modified_speed,1.784819914973923e-06,0.043234873563051224,0.9567632675170898,3.571560689427005e-33
poison/poismph/datapoismphseq/poisspd_mph_3e881f6e.csv,4,64,192,2,modified_speed,2.1351545456127496e-06,0.044331394135951996,0.9556664824485779,4.221596943146237e-33
poison/poismph/datapoismphseq/poisspd_mph_3e9de1d5.csv,0,0,128,0,authentic,0.9884157776832581,0.003810024354606867,0.002305837580934167,0.005468327086418867
poison/poismph/datapoismphseq/poisspd_mph_3e9de1d5.csv,1,16,144,0,authentic,0.9995744228363037,3.173822915414348e-05,5.702226189896464e-06,0.0003882796154357493
poison/poismph/datapoismphseq/poisspd_mph_3e9de1d5.csv,2,32,160,0,authentic,0.9977937936782837,0.0006735467468388379,0.00025153139722533524,0.0012810947373509407
poison/poismph/datapoismphseq/poisspd_mph_3e9de1d5.csv,3,48,176,2,modified_speed,5.363728905471987e-10,0.0006331836921162903,0.999366819858551,0.0
poison/poismph/datapoismphseq/poisspd_mph_3e9de1d5.csv,4,64,192,2,modified_speed,4.101314565740921e-10,0.0005791790899820626,0.9994208216667175,0.0
poison/poismph/datapoismphseq/poisspd_mph_3e9de1d5.csv,5,80,208,2,modified_speed,5.600088726076535e-10,0.0006372143398039043,0.9993627667427063,0.0
poison/poismph/datapoismphseq/poisspd_mph_3e9de1d5.csv,6,96,224,2,modified_speed,6.78801959086428e-10,0.0006717934156768024,0.9993282556533813,0.0
poison/poismph/datapoismphseq/poisspd_mph_3e9de1d5.csv,7,112,240,2,modified_speed,1.2753468281445635e-09,0.0008184286998584867,0.9991815686225891,0.0
poison/poismph/datapoismphseq/poisspd_mph_3e9e281c.csv,0,0,128,0,authentic,0.9983518123626709,0.00011554318916751072,2.609139119158499e-05,0.0015065973857417703
poison/poismph/datapoismphseq/poisspd_mph_3e9e281c.csv,1,16,144,2,modified_speed,2.4942777599790134e-05,0.016344642266631126,0.9836304187774658,5.519370636309656e-24
poison/poismph/datapoismphseq/poisspd_mph_3e9e281c.csv,2,32,160,2,modified_speed,2.831600340869045e-06,0.008532946929335594,0.9914641976356506,5.494724474026071e-29
poison/poismph/datapoismphseq/poisspd_mph_3e9e281c.csv,3,48,176,2,modified_speed,5.178873379918514e-06,0.010193247348070145,0.9898015260696411,1.2629432943960045e-27
poison/poismph/datapoismphseq/poisspd_mph_3e9e281c.csv,4,64,192,2,modified_speed,5.069322014605859e-06,0.010127352550625801,0.9898675680160522,1.1258138082747278e-27
poison/poismph/datapoismphseq/poisspd_mph_3e9e281c.csv,5,80,208,2,modified_speed,6.47154001853778e-06,0.01088417787104845,0.9891093969345093,4.0198106095747606e-27
poison/poismph/datapoismphseq/poisspd_mph_3e9e281c.csv,6,96,224,2,modified_speed,7.366280897258548e-06,0.011226139962673187,0.9887665510177612,6.813143578617042e-27
poison/poismph/datapoismphseq/poisspd_mph_3e9e281c.csv,7,112,240,2,modified_speed,8.537516805517953e-06,0.014020721428096294,0.9859707951545715,3.38553447133999e-27
poison/poismph/datapoismphseq/poisspd_mph_3e9e7954.csv,0,0,128,0,authentic,0.9995213747024536,3.617310358094983e-05,2.865180249500554e-06,0.00043958870810456574
poison/poismph/datapoismphseq/poisspd_mph_3e9e7954.csv,1,16,144,0,authentic,0.4103384017944336,0.24689704179763794,0.34054380655288696,0.002220727736130357
poison/poismph/datapoismphseq/poisspd_mph_3e9e7954.csv,2,32,160,0,authentic,0.986263632774353,0.007203310262411833,0.0035516968928277493,0.0029814578592777252
poison/poismph/datapoismphseq/poisspd_mph_3e9e7954.csv,3,48,176,2,modified_speed,6.392912155206432e-07,0.005324552301317453,0.9946748614311218,1.2600936506934106e-32
poison/poismph/datapoismphseq/poisspd_mph_3e9e7954.csv,4,64,192,2,modified_speed,9.537139078474866e-08,0.0029823596123605967,0.9970176219940186,4.621538835697328e-37
poison/poismph/datapoismphseq/poisspd_mph_3e9e8545.csv,0,0,128,0,authentic,0.9979389309883118,0.0003241756930947304,5.335370224202052e-05,0.0016834806883707643
poison/poismph/datapoismphseq/poisspd_mph_3e9e8545.csv,1,16,144,0,authentic,0.9918931722640991,0.0021358393132686615,0.0007610009051859379,0.005209998227655888
poison/poismph/datapoismphseq/poisspd_mph_3e9e8545.csv,2,32,160,0,authentic,0.962752103805542,0.02347923442721367,0.005200790241360664,0.008567876182496548
poison/poismph/datapoismphseq/poisspd_mph_3e9e8545.csv,3,48,176,2,modified_speed,2.5939996817214706e-09,0.0010138304205611348,0.9989861845970154,0.0
poison/poismph/datapoismphseq/poisspd_mph_3e9e8545.csv,4,64,192,2,modified_speed,1.3302349222144016e-09,0.0008218351867981255,0.9991781115531921,0.0
poison/poismph/datapoismphseq/poisspd_mph_3ea21b8b.csv,0,0,128,2,modified_speed,1.0928456504188944e-05,0.012784467078745365,0.9872045516967773,7.034691774211661e-26
poison/poismph/datapoismphseq/poisspd_mph_3ea21b8b.csv,1,16,144,2,modified_speed,1.0902895297704163e-07,0.0031743631698191166,0.9968255758285522,1.4638863279847259e-36
poison/poismph/datapoismphseq/poisspd_mph_3ea21b8b.csv,2,32,160,2,modified_speed,1.334414179154919e-07,0.0033513596281409264,0.9966485500335693,3.735904574412583e-36
poison/poismph/datapoismphseq/poisspd_mph_3ea21b8b.csv,3,48,176,2,modified_speed,1.5815749065950513e-07,0.0035335191059857607,0.9964662790298462,9.516269618379523e-36
poison/poismph/datapoismphseq/poisspd_mph_3ea21b8b.csv,4,64,192,2,modified_speed,2.41453051330609e-07,0.003992920275777578,0.9960069060325623,8.058142918553253e-35
poison/poismph/datapoismphseq/poisspd_mph_3ea21b8b.csv,5,80,208,2,modified_speed,2.4724849367885327e-07,0.004023266490548849,0.9959765076637268,9.216459439819188e-35
poison/poismph/datapoismphseq/poisspd_mph_3ea21b8b.csv,6,96,224,2,modified_speed,9.363774893245136e-07,0.0059404694475233555,0.9940586090087891,8.550084526348622e-32
poison/poismph/datapoismphseq/poisspd_mph_3ea230f5.csv,0,0,128,0,authentic,0.9239171147346497,0.03101574443280697,0.009958943352103233,0.03510822728276253
poison/poismph/datapoismphseq/poisspd_mph_3ea230f5.csv,1,16,144,0,authentic,0.9351226687431335,0.017506781965494156,0.003140748478472233,0.0442299023270607
poison/poismph/datapoismphseq/poisspd_mph_3ea230f5.csv,2,32,160,0,authentic,0.8287255167961121,0.06141497194766998,0.005215666722506285,0.10464387387037277
poison/poismph/datapoismphseq/poisspd_mph_3ea230f5.csv,3,48,176,0,authentic,0.9820271730422974,0.005737180355936289,0.007254333235323429,0.0049813007935881615
poison/poismph/datapoismphseq/poisspd_mph_3ea230f5.csv,4,64,192,0,authentic,0.9881284832954407,0.005333703476935625,0.005890245083719492,0.000647519831545651
poison/poismph/datapoismphseq/poisspd_mph_3ea230f5.csv,5,80,208,0,authentic,0.7346959710121155,0.07985007017850876,0.18275107443332672,0.0027027823962271214
poison/poismph/datapoismphseq/poisspd_mph_3ea230f5.csv,6,96,224,0,authentic,0.7538866400718689,0.11338832229375839,0.11407320201396942,0.01865183562040329
poison/poismph/datapoismphseq/poisspd_mph_3ea230f5.csv,7,112,240,0,authentic,0.809553325176239,0.09645083546638489,0.07507958263158798,0.01891622506082058
poison/poismph/datapoismphseq/poisspd_mph_3ea230f5.csv,8,128,256,0,authentic,0.9758152365684509,0.014006363227963448,0.005905120633542538,0.004273135680705309
poison/poismph/datapoismphseq/poisspd_mph_3ea230f5.csv,9,144,272,0,authentic,0.7672109007835388,0.069383405148983,0.16314944624900818,0.00025631830794736743
poison/poismph/datapoismphseq/poisspd_mph_3ea230f5.csv,10,160,288,0,authentic,0.9031071662902832,0.03303489461541176,0.058163758367300034,0.005694217514246702
poison/poismph/datapoismphseq/poisspd_mph_3ea230f5.csv,11,176,304,0,authentic,0.9647663831710815,0.025931570678949356,0.009100917726755142,0.00020118984684813768
poison/poismph/datapoismphseq/poisspd_mph_3ea230f5.csv,12,192,320,0,authentic,0.9998726844787598,9.779930405784398e-05,5.233983301877743e-06,2.426157152513042e-05
poison/poismph/datapoismphseq/poisspd_mph_3ea230f5.csv,13,208,336,0,authentic,0.44389528036117554,0.3069016933441162,0.24913139641284943,7.163418922573328e-05
poison/poismph/datapoismphseq/poisspd_mph_3ea230f5.csv,14,224,352,2,modified_speed,1.7643291357671842e-05,0.01438568439334631,0.9855965971946716,5.355281355744057e-25
poison/poismph/datapoismphseq/poisspd_mph_3ea262ed.csv,0,0,128,0,authentic,0.9982331991195679,0.0012198404874652624,0.0002643920888658613,0.00028254007338546216
poison/poismph/datapoismphseq/poisspd_mph_3ea262ed.csv,1,16,144,0,authentic,0.9983283877372742,0.0007312753004953265,0.00018563211779110134,0.0007546611595898867
poison/poismph/datapoismphseq/poisspd_mph_3ea262ed.csv,2,32,160,0,authentic,0.9953036904335022,0.0017096825176849961,0.00043212127638980746,0.0025543454103171825
poison/poismph/datapoismphseq/poisspd_mph_3ea262ed.csv,3,48,176,2,modified_speed,4.573599809987172e-08,0.0023937092628329992,0.9976063370704651,0.0
poison/poismph/datapoismphseq/poisspd_mph_3ea262ed.csv,4,64,192,2,modified_speed,6.443262634547864e-08,0.002643824554979801,0.9973561763763428,5.530959790891968e-38
poison/poismph/datapoismphseq/poisspd_mph_3ea5338f.csv,0,0,128,0,authentic,0.8914972543716431,0.05318000540137291,0.02051178552210331,0.03481096401810646
poison/poismph/datapoismphseq/poisspd_mph_3ea5338f.csv,1,16,144,2,modified_speed,1.1724980986116407e-09,0.0008011367754079401,0.9991987943649292,0.0
poison/poismph/datapoismphseq/poisspd_mph_3ea5338f.csv,2,32,160,2,modified_speed,6.119934004011895e-10,0.0006555089494213462,0.999344527721405,0.0
poison/poismph/datapoismphseq/poisspd_mph_3ea5338f.csv,3,48,176,2,modified_speed,2.2424397061460155e-10,0.0004805001080967486,0.9995194673538208,0.0
poison/poismph/datapoismphseq/poisspd_mph_3ea5338f.csv,4,64,192,2,modified_speed,7.505558397014056e-10,0.0006930038798600435,0.9993070363998413,0.0
poison/poismph/datapoismphseq/poisspd_mph_3ea5338f.csv,5,80,208,2,modified_speed,6.250849282629645e-10,0.0006513700354844332,0.9993485808372498,0.0
poison/poismph/datapoismphseq/poisspd_mph_3ea57789.csv,0,0,128,0,authentic,0.9826613664627075,0.0063256616704165936,0.0019398786826059222,0.009072980843484402
poison/poismph/datapoismphseq/poisspd_mph_3ea57789.csv,1,16,144,2,modified_speed,8.341903168229692e-09,0.0014466529246419668,0.9985533356666565,0.0
poison/poismph/datapoismphseq/poisspd_mph_3ea57789.csv,2,32,160,2,modified_speed,1.0328352395561069e-08,0.0015387374442070723,0.9984612464904785,0.0
poison/poismph/datapoismphseq/poisspd_mph_3ea57789.csv,3,48,176,2,modified_speed,1.4362373512710747e-08,0.0017106184968724847,0.9982894659042358,0.0
poison/poismph/datapoismphseq/poisspd_mph_3ea57789.csv,4,64,192,2,modified_speed,1.4403307879717886e-08,0.001702658599242568,0.998297393321991,0.0
poison/poismph/datapoismphseq/poisspd_mph_3ea59d67.csv,0,0,128,0,authentic,0.8861189484596252,0.05943845584988594,0.014313548803329468,0.040129099041223526
poison/poismph/datapoismphseq/poisspd_mph_3ea59d67.csv,1,16,144,0,authentic,0.9232354164123535,0.04608512297272682,0.025509707629680634,0.0051696631126105785
poison/poismph/datapoismphseq/poisspd_mph_3ea59d67.csv,2,32,160,0,authentic,0.46565183997154236,0.4192739427089691,0.1085856705904007,0.0064885178580880165
poison/poismph/datapoismphseq/poisspd_mph_3ea59d67.csv,3,48,176,2,modified_speed,8.525047974217159e-07,0.005773851647973061,0.994225263595581,5.176123629142477e-32
poison/poismph/datapoismphseq/poisspd_mph_3ea59d67.csv,4,64,192,2,modified_speed,7.187123429730491e-08,0.00272254622541368,0.9972774386405945,9.176704553060587e-38
poison/poismph/datapoismphseq/poisspd_mph_3ea867d9.csv,0,0,128,2,modified_speed,8.986720700931983e-09,0.0014852554304525256,0.998514711856842,0.0
poison/poismph/datapoismphseq/poisspd_mph_3ea867d9.csv,1,16,144,2,modified_speed,7.741016716522608e-09,0.0014140299754217267,0.9985859394073486,0.0
poison/poismph/datapoismphseq/poisspd_mph_3ea867d9.csv,2,32,160,2,modified_speed,1.1105361963359428e-08,0.0015798278618603945,0.9984201192855835,0.0
poison/poismph/datapoismphseq/poisspd_mph_3ea867d9.csv,3,48,176,2,modified_speed,1.1797514964939637e-08,0.0016085583483800292,0.9983914494514465,0.0
poison/poismph/datapoismphseq/poisspd_mph_3ea867d9.csv,4,64,192,2,modified_speed,1.5233041494866484e-08,0.0017353888833895326,0.9982646107673645,0.0
poison/poismph/datapoismphseq/poisspd_mph_3ea867d9.csv,5,80,208,2,modified_speed,1.7242262728700553e-08,0.0018009208142757416,0.9981990456581116,0.0
poison/poismph/datapoismphseq/poisspd_mph_3ea867d9.csv,6,96,224,2,modified_speed,2.862127423952643e-08,0.0020936750806868076,0.9979063272476196,0.0
poison/poismph/datapoismphseq/poisspd_mph_3ea867d9.csv,7,112,240,2,modified_speed,0.0008272708510048687,0.045803479850292206,0.9533692002296448,6.353691546143441e-16
poison/poismph/datapoismphseq/poisspd_mph_3ea867d9.csv,8,128,256,2,modified_speed,3.8539161323569715e-05,0.018498728051781654,0.9814627170562744,4.934635142265362e-23
poison/poismph/datapoismphseq/poisspd_mph_3ea867d9.csv,9,144,272,0,authentic,0.994199275970459,0.0005853523616679013,0.00018972516409121454,0.005025680176913738
poison/poismph/datapoismphseq/poisspd_mph_3ea867d9.csv,10,160,288,2,modified_speed,0.3562651574611664,0.255161315202713,0.38000261783599854,0.008570864796638489
poison/poismph/datapoismphseq/poisspd_mph_3ea867d9.csv,11,176,304,0,authentic,0.5489249229431152,0.23576554656028748,0.21466150879859924,0.0006480260635726154
poison/poismph/datapoismphseq/poisspd_mph_3ea867d9.csv,12,192,320,0,authentic,0.41527989506721497,0.2592323124408722,0.3244746923446655,0.001013119355775416
poison/poismph/datapoismphseq/poisspd_mph_3ea867d9.csv,13,208,336,0,authentic,0.9862374067306519,0.010196060873568058,0.0032865817192941904,0.0002800193033181131
poison/poismph/datapoismphseq/poisspd_mph_3ea867d9.csv,14,224,352,0,authentic,0.9685870409011841,0.020900938659906387,0.006702573969960213,0.0038094776682555676
poison/poismph/datapoismphseq/poisspd_mph_3eac32b0.csv,0,0,128,0,authentic,0.9991536140441895,0.00011038694356102496,3.119668463114067e-06,0.0007328509818762541
poison/poismph/datapoismphseq/poisspd_mph_3eac32b0.csv,1,16,144,0,authentic,0.9707341194152832,0.004729211796075106,0.0001964732800843194,0.024340065196156502
poison/poismph/datapoismphseq/poisspd_mph_3eac32b0.csv,2,32,160,0,authentic,0.7414883971214294,0.14356477558612823,0.0598321370780468,0.05511471629142761
poison/poismph/datapoismphseq/poisspd_mph_3eac32b0.csv,3,48,176,0,authentic,0.9512463808059692,0.004314564634114504,0.00022496606106869876,0.0442141517996788
poison/poismph/datapoismphseq/poisspd_mph_3eac32b0.csv,4,64,192,3,modified_position,0.39822903275489807,0.11563892662525177,0.007344292476773262,0.47878772020339966
poison/poismph/datapoismphseq/poisspd_mph_3eac32b0.csv,5,80,208,2,modified_speed,1.0679562789661645e-09,0.0007730089128017426,0.9992271065711975,0.0
poison/poismph/datapoismphseq/poisspd_mph_3eac32b0.csv,6,96,224,2,modified_speed,1.236999613851708e-09,0.0008111204952001572,0.9991888403892517,0.0
poison/poismph/datapoismphseq/poisspd_mph_3eac32b0.csv,7,112,240,2,modified_speed,1.5885972537432735e-09,0.0008773428853601217,0.999122679233551,0.0
poison/poismph/datapoismphseq/poisspd_mph_3eac32b0.csv,8,128,256,2,modified_speed,1.7399187646205405e-09,0.000905125227291137,0.9990948438644409,0.0
poison/poismph/datapoismphseq/poisspd_mph_3eac32b0.csv,9,144,272,2,modified_speed,2.5301254424903163e-09,0.0010092162992805243,0.9989908337593079,0.0
poison/poismph/datapoismphseq/poisspd_mph_3eac32b0.csv,10,160,288,2,modified_speed,3.7115492901307334e-09,0.001129243872128427,0.9988706707954407,0.0
poison/poismph/datapoismphseq/poisspd_mph_3eac72f8.csv,0,0,128,0,authentic,0.9977046251296997,0.0010170463938266039,0.00013155690976418555,0.0011467903386801481
poison/poismph/datapoismphseq/poisspd_mph_3eac72f8.csv,1,16,144,0,authentic,0.9991960525512695,0.00017718122398946434,2.7319989385432564e-05,0.0005994878010824323
poison/poismph/datapoismphseq/poisspd_mph_3eac72f8.csv,2,32,160,0,authentic,0.9988681674003601,0.00043952857959084213,7.25471181795001e-05,0.0006197787588462234
poison/poismph/datapoismphseq/poisspd_mph_3eac72f8.csv,3,48,176,2,modified_speed,0.0018542137695476413,0.05766279622912407,0.940483033657074,4.453221171267681e-14
poison/poismph/datapoismphseq/poisspd_mph_3eac72f8.csv,4,64,192,2,modified_speed,4.120745522584457e-09,0.001162702334113419,0.9988372921943665,0.0
poison/poismph/datapoismphseq/poisspd_mph_3eaca993.csv,0,0,128,0,authentic,0.9924665689468384,0.003529308130964637,0.0005046983133070171,0.003499372396618128
poison/poismph/datapoismphseq/poisspd_mph_3eaca993.csv,1,16,144,0,authentic,0.9602016806602478,0.021898211911320686,0.012877273373305798,0.005022891331464052
poison/poismph/datapoismphseq/poisspd_mph_3eaca993.csv,2,32,160,0,authentic,0.9200071692466736,0.03674430400133133,0.03276315703988075,0.010485329665243626
poison/poismph/datapoismphseq/poisspd_mph_3eaca993.csv,3,48,176,0,authentic,0.9378317594528198,0.038723256438970566,0.01227574609220028,0.01116928830742836
poison/poismph/datapoismphseq/poisspd_mph_3eaca993.csv,4,64,192,2,modified_speed,3.0146887208815087e-09,0.0010609880555421114,0.9989389777183533,0.0
poison/poismph/datapoismphseq/poisspd_mph_3eaca993.csv,5,80,208,2,modified_speed,6.314483602665177e-09,0.0013277472462505102,0.9986722469329834,0.0
poison/poismph/datapoismphseq/poisspd_mph_3eaca993.csv,6,96,224,2,modified_speed,7.762002596223283e-09,0.0014075206127017736,0.9985924363136292,0.0
poison/poismph/datapoismphseq/poisspd_mph_3eb0a8e3.csv,0,0,128,0,authentic,0.7785851955413818,0.13021019101142883,0.05268391966819763,0.038520731031894684
poison/poismph/datapoismphseq/poisspd_mph_3eb0a8e3.csv,1,16,144,0,authentic,0.9836753606796265,0.008230217732489109,0.0016551774460822344,0.006439261604100466
poison/poismph/datapoismphseq/poisspd_mph_3eb0a8e3.csv,2,32,160,0,authentic,0.6817971467971802,0.1793384999036789,0.10560384392738342,0.033260490745306015
poison/poismph/datapoismphseq/poisspd_mph_3eb0a8e3.csv,3,48,176,0,authentic,0.6820200681686401,0.2431396096944809,0.07130648195743561,0.0035338387824594975
poison/poismph/datapoismphseq/poisspd_mph_3eb0a8e3.csv,4,64,192,2,modified_speed,7.984408512129448e-08,0.0028691617771983147,0.997130811214447,2.431998102178824e-37
poison/poismph/datapoismphseq/poisspd_mph_3eb0e146.csv,0,0,128,2,modified_speed,3.579380680740485e-10,0.0005543018924072385,0.9994457960128784,0.0
poison/poismph/datapoismphseq/poisspd_mph_3eb0e146.csv,1,16,144,2,modified_speed,3.3027661161533217e-10,0.0005411350866779685,0.9994587898254395,0.0
poison/poismph/datapoismphseq/poisspd_mph_3eb0e146.csv,2,32,160,2,modified_speed,3.578752572064303e-10,0.0005543013103306293,0.9994457960128784,0.0
poison/poismph/datapoismphseq/poisspd_mph_3eb0e146.csv,3,48,176,2,modified_speed,4.1870404365873526e-10,0.0005834486219100654,0.9994165301322937,0.0
poison/poismph/datapoismphseq/poisspd_mph_3eb0e146.csv,4,64,192,2,modified_speed,5.591129781379323e-10,0.0006379538681358099,0.999362051486969,0.0
poison/poismph/datapoismphseq/poisspd_mph_3eb0e146.csv,5,80,208,2,modified_speed,3.0124490422167582e-06,0.008543424308300018,0.9914535880088806,5.370576622398439e-29
poison/poismph/datapoismphseq/poisspd_mph_3eb0e146.csv,6,96,224,0,authentic,0.45403000712394714,0.23246626555919647,0.14599518477916718,0.16750843822956085
poison/poismph/datapoismphseq/poisspd_mph_3eb0e146.csv,7,112,240,0,authentic,0.9947947859764099,0.0005313939764164388,0.00014591428043786436,0.004527893848717213
poison/poismph/datapoismphseq/poisspd_mph_3eb0e146.csv,8,128,256,0,authentic,0.9585061073303223,0.00988311879336834,0.0038395747542381287,0.02777114138007164
poison/poismph/datapoismphseq/poisspd_mph_3eb0e146.csv,9,144,272,0,authentic,0.9990800619125366,0.0004399219178594649,3.065652708755806e-05,0.00044932172750122845
poison/poismph/datapoismphseq/poisspd_mph_3eb3f86a.csv,0,0,128,0,authentic,0.9519286751747131,0.014162326231598854,0.004322648514062166,0.02958630584180355
poison/poismph/datapoismphseq/poisspd_mph_3eb3f86a.csv,1,16,144,1,modified_altitude,0.28009033203125,0.4105048179626465,0.042394135147333145,0.2670108377933502
poison/poismph/datapoismphseq/poisspd_mph_3eb3f86a.csv,2,32,160,2,modified_speed,0.07503951340913773,0.3702777624130249,0.5546742677688599,8.446982064924669e-06
poison/poismph/datapoismphseq/poisspd_mph_3eb3f86a.csv,3,48,176,2,modified_speed,1.1092884051322471e-06,0.006314049940556288,0.9936848878860474,2.570420348002403e-31
poison/poismph/datapoismphseq/poisspd_mph_3eb3f86a.csv,4,64,192,2,modified_speed,6.110148547122662e-07,0.0052412813529372215,0.9947580695152283,9.493703800263582e-33
poison/poismph/datapoismphseq/poisspd_mph_3eb85606.csv,0,0,128,2,modified_speed,9.685134916281868e-10,0.0007513993768952787,0.9992485642433167,0.0
poison/poismph/datapoismphseq/poisspd_mph_3eb85606.csv,1,16,144,2,modified_speed,8.215206848127821e-10,0.0007163081900216639,0.9992837309837341,0.0
poison/poismph/datapoismphseq/poisspd_mph_3eb85606.csv,2,32,160,2,modified_speed,7.176360061755815e-10,0.0006894604302942753,0.9993105530738831,0.0
poison/poismph/datapoismphseq/poisspd_mph_3eb85606.csv,3,48,176,2,modified_speed,7.570042925841847e-10,0.0006963723571971059,0.9993036389350891,0.0
poison/poismph/datapoismphseq/poisspd_mph_3eb85606.csv,4,64,192,2,modified_speed,1.6852129691713458e-09,0.0008882135152816772,0.9991117119789124,0.0
poison/poismph/datapoismphseq/poisspd_mph_3eb85606.csv,5,80,208,2,modified_speed,1.7654723238891279e-09,0.0008993706433102489,0.9991006851196289,0.0
poison/poismph/datapoismphseq/poisspd_mph_3ebc2471.csv,0,0,128,0,authentic,0.9957808256149292,0.0008504738216288388,0.00029152934439480305,0.0030770970042794943
poison/poismph/datapoismphseq/poisspd_mph_3ebc2471.csv,1,16,144,0,authentic,0.9911197423934937,0.0013339242432266474,0.0005724845104850829,0.006973936688154936
poison/poismph/datapoismphseq/poisspd_mph_3ebc2471.csv,2,32,160,0,authentic,0.9103726148605347,0.023085230961441994,0.012564069591462612,0.05397818610072136
poison/poismph/datapoismphseq/poisspd_mph_3ebc2471.csv,3,48,176,2,modified_speed,0.004739244002848864,0.07581908255815506,0.9194416999816895,7.965472031967735e-12
poison/poismph/datapoismphseq/poisspd_mph_3ebc2471.csv,4,64,192,2,modified_speed,3.9597773948685244e-09,0.0011548453476279974,0.998845100402832,0.0
poison/poismph/datapoismphseq/poisspd_mph_3ebc2471.csv,5,80,208,2,modified_speed,5.729162033674129e-09,0.0012914828257635236,0.9987084865570068,0.0
poison/poismph/datapoismphseq/poisspd_mph_3ebc2471.csv,6,96,224,2,modified_speed,6.004159835981682e-09,0.0013118039350956678,0.9986881613731384,0.0
poison/poismph/datapoismphseq/poisspd_mph_3ebc2471.csv,7,112,240,2,modified_speed,2.2697188128972812e-08,0.001974232727661729,0.9980257749557495,0.0
poison/poismph/datapoismphseq/poisspd_mph_3ebc2471.csv,8,128,256,2,modified_speed,3.500833756220345e-08,0.0022813179530203342,0.9977186918258667,0.0
poison/poismph/datapoismphseq/poisspd_mph_3ebf64ae.csv,0,0,128,2,modified_speed,1.4525186609049001e-09,0.0008585838950239122,0.9991413354873657,0.0
poison/poismph/datapoismphseq/poisspd_mph_3ebf64ae.csv,1,16,144,2,modified_speed,2.744214300243186e-10,0.000517458887770772,0.9994825720787048,0.0
poison/poismph/datapoismphseq/poisspd_mph_3ebf64ae.csv,2,32,160,2,modified_speed,4.298442712880046e-10,0.000590797106269747,0.9994091391563416,0.0
poison/poismph/datapoismphseq/poisspd_mph_3ebf64ae.csv,3,48,176,2,modified_speed,6.022495280255669e-10,0.0006547715165652335,0.9993452429771423,0.0
poison/poismph/datapoismphseq/poisspd_mph_3ebfcb91.csv,0,0,128,2,modified_speed,2.0301802905464683e-08,0.001885835314169526,0.9981141090393066,0.0
poison/poismph/datapoismphseq/poisspd_mph_3ebfcb91.csv,1,16,144,2,modified_speed,2.0724355564993857e-08,0.0019004931673407555,0.9980995059013367,0.0
poison/poismph/datapoismphseq/poisspd_mph_3ebfcb91.csv,2,32,160,2,modified_speed,3.050644181712414e-08,0.0021297165658324957,0.9978702068328857,0.0
poison/poismph/datapoismphseq/poisspd_mph_3ebff749.csv,0,0,128,0,authentic,0.9055103063583374,0.05112530291080475,0.038238950073719025,0.005125423893332481
poison/poismph/datapoismphseq/poisspd_mph_3ebff749.csv,1,16,144,0,authentic,0.997604489326477,0.0003920512390322983,0.00017465608834754676,0.0018287183484062552
poison/poismph/datapoismphseq/poisspd_mph_3ebff749.csv,2,32,160,0,authentic,0.9959816932678223,0.0006420635036192834,0.0003113094426225871,0.0030649499967694283
poison/poismph/datapoismphseq/poisspd_mph_3ebff749.csv,3,48,176,0,authentic,0.9398260712623596,0.02644304558634758,0.0228388961404562,0.010891961865127087
poison/poismph/datapoismphseq/poisspd_mph_3ebff749.csv,4,64,192,2,modified_speed,1.1528252485959456e-07,0.003218341851606965,0.9967814683914185,1.8500061604541518e-36
poison/poismph/datapoismphseq/poisspd_mph_3ebff749.csv,5,80,208,2,modified_speed,3.003324533512597e-10,0.0005289757973514497,0.9994710087776184,0.0
poison/poismph/datapoismphseq/poisspd_mph_3ebff749.csv,6,96,224,2,modified_speed,6.099348248689296e-10,0.0006545250653289258,0.9993454813957214,0.0
poison/poismph/datapoismphseq/poisspd_mph_3ebff749.csv,7,112,240,2,modified_speed,8.645223426029247e-10,0.0007310496876016259,0.9992688894271851,0.0
poison/poismph/datapoismphseq/poisspd_mph_3ebff749.csv,8,128,256,2,modified_speed,2.29149521580041e-09,0.000979210832156241,0.9990208148956299,0.0
poison/poismph/datapoismphseq/poisspd_mph_3eca8b3b.csv,0,0,128,0,authentic,0.9981229901313782,0.0006404003943316638,0.00011007407010765746,0.001126535120420158
poison/poismph/datapoismphseq/poisspd_mph_3eca8b3b.csv,1,16,144,2,modified_speed,3.0569879960751223e-09,0.00107592495623976,0.9989240765571594,0.0
poison/poismph/datapoismphseq/poisspd_mph_3eca8b3b.csv,2,32,160,2,modified_speed,3.782484547798504e-09,0.0011433574836701155,0.9988566040992737,0.0
poison/poismph/datapoismphseq/poisspd_mph_3eca8b3b.csv,3,48,176,2,modified_speed,4.388303498359392e-09,0.0012004291638731956,0.9987996220588684,0.0
poison/poismph/datapoismphseq/poisspd_mph_3eca8b3b.csv,4,64,192,2,modified_speed,4.909906259342733e-09,0.0012385807931423187,0.9987614154815674,0.0
poison/poismph/datapoismphseq/poisspd_mph_3eca8b3b.csv,5,80,208,2,modified_speed,7.189033812693424e-09,0.0013851606054231524,0.9986147880554199,0.0
poison/poismph/datapoismphseq/poisspd_mph_3ece97cb.csv,0,0,128,0,authentic,0.9820269346237183,0.007334315218031406,0.0022332193329930305,0.008405483327805996
poison/poismph/datapoismphseq/poisspd_mph_3ece97cb.csv,1,16,144,0,authentic,0.9980002045631409,0.00015873416850809008,3.7014324334450066e-05,0.001804081373848021
poison/poismph/datapoismphseq/poisspd_mph_3ece97cb.csv,2,32,160,0,authentic,0.9893810153007507,0.004991564899682999,0.0024595963768661022,0.003167814342305064
poison/poismph/datapoismphseq/poisspd_mph_3ece97cb.csv,3,48,176,2,modified_speed,5.26246921594975e-08,0.002550728153437376,0.9974492788314819,3.1421601330442095e-38
poison/poismph/datapoismphseq/poisspd_mph_3ece97cb.csv,4,64,192,2,modified_speed,3.078668875389212e-09,0.0010753859532997012,0.9989245533943176,0.0
poison/poismph/datapoismphseq/poisspd_mph_3ece97cb.csv,5,80,208,2,modified_speed,3.56124685296777e-09,0.0011204626644030213,0.9988794922828674,0.0
poison/poismph/datapoismphseq/poisspd_mph_3ece97cb.csv,6,96,224,2,modified_speed,6.946736075263971e-09,0.0013512368313968182,0.9986488223075867,0.0
poison/poismph/datapoismphseq/poisspd_mph_3ed74cd0.csv,0,0,128,2,modified_speed,1.121867487796635e-08,0.0015866237226873636,0.9984133243560791,0.0
poison/poismph/datapoismphseq/poisspd_mph_3ed74cd0.csv,1,16,144,2,modified_speed,9.334223172174916e-09,0.0014905589632689953,0.9985094666481018,0.0
poison/poismph/datapoismphseq/poisspd_mph_3ed74cd0.csv,2,32,160,2,modified_speed,1.224444723391116e-08,0.001606676960363984,0.9983932375907898,0.0
poison/poismph/datapoismphseq/poisspd_mph_3ed74cd0.csv,3,48,176,2,modified_speed,1.668182925129713e-08,0.0017787488177418709,0.9982212781906128,0.0
poison/poismph/datapoismphseq/poisspd_mph_3ed74cd0.csv,4,64,192,2,modified_speed,2.3115040548304933e-08,0.001958300592377782,0.9980416297912598,0.0
poison/poismph/datapoismphseq/poisspd_mph_3ed74cd0.csv,5,80,208,2,modified_speed,2.3007959981669046e-08,0.001955298474058509,0.9980446100234985,0.0
poison/poismph/datapoismphseq/poisspd_mph_3edaa4e3.csv,0,0,128,0,authentic,0.9333829283714294,0.020932557061314583,0.013504434376955032,0.03218008950352669
poison/poismph/datapoismphseq/poisspd_mph_3edaa4e3.csv,1,16,144,2,modified_speed,3.913980806125039e-10,0.0005730581469833851,0.9994269013404846,0.0
poison/poismph/datapoismphseq/poisspd_mph_3edaa4e3.csv,2,32,160,2,modified_speed,1.9522038152697263e-10,0.00046567426761612296,0.9995343089103699,0.0
poison/poismph/datapoismphseq/poisspd_mph_3edaa4e3.csv,3,48,176,2,modified_speed,1.9965364084217896e-10,0.0004677661054302007,0.999532163143158,0.0
poison/poismph/datapoismphseq/poisspd_mph_3edaa4e3.csv,4,64,192,2,modified_speed,3.1752908635773736e-10,0.000536589534021914,0.9994633793830872,0.0
poison/poismph/datapoismphseq/poisspd_mph_3edaa4e3.csv,5,80,208,2,modified_speed,4.2715805892434844e-10,0.0005865632556378841,0.9994134902954102,0.0
poison/poismph/datapoismphseq/poisspd_mph_3edaa4e3.csv,6,96,224,2,modified_speed,9.465964678767591e-10,0.0007470356649719179,0.99925297498703,0.0
poison/poismph/datapoismphseq/poisspd_mph_3edb145f.csv,0,0,128,2,modified_speed,5.7986746071492234e-08,0.0025923154316842556,0.9974076747894287,4.03752455123933e-38
poison/poismph/datapoismphseq/poisspd_mph_3edb145f.csv,1,16,144,2,modified_speed,4.042274071025531e-08,0.0023347116075456142,0.997665286064148,0.0
poison/poismph/datapoismphseq/poisspd_mph_3edb145f.csv,2,32,160,2,modified_speed,4.2772352770725774e-08,0.002357562305405736,0.9976423978805542,0.0
poison/poismph/datapoismphseq/poisspd_mph_3edb145f.csv,3,48,176,2,modified_speed,5.099269273500795e-08,0.0024948520585894585,0.9975050687789917,2.0616906336847165e-38
poison/poismph/datapoismphseq/poisspd_mph_3edb145f.csv,4,64,192,2,modified_speed,6.494375526244767e-08,0.00266921310685575,0.9973307847976685,6.663200542275634e-38
poison/poismph/datapoismphseq/poisspd_mph_3edebc1c.csv,0,0,128,2,modified_speed,4.5477813181982185e-10,0.0005948948091827333,0.9994050860404968,0.0
poison/poismph/datapoismphseq/poisspd_mph_3edebc1c.csv,1,16,144,2,modified_speed,2.984762992319645e-10,0.0005258794990368187,0.9994741082191467,0.0
poison/poismph/datapoismphseq/poisspd_mph_3edebc1c.csv,2,32,160,2,modified_speed,3.5521374730507205e-10,0.0005536170210689306,0.9994463920593262,0.0
poison/poismph/datapoismphseq/poisspd_mph_3edebc1c.csv,3,48,176,2,modified_speed,4.5924811176156766e-10,0.0005948698380962014,0.9994050860404968,0.0
poison/poismph/datapoismphseq/poisspd_mph_3edebc1c.csv,4,64,192,2,modified_speed,8.335691026317704e-10,0.0007136964704841375,0.9992863535881042,0.0
poison/poismph/datapoismphseq/poisspd_mph_3eeab179.csv,0,0,128,2,modified_speed,3.5156950684012145e-09,0.001111702062189579,0.9988882541656494,0.0
poison/poismph/datapoismphseq/poisspd_mph_3eeab179.csv,1,16,144,2,modified_speed,3.4282784944217326e-10,0.000549158314242959,0.9994509220123291,0.0
poison/poismph/datapoismphseq/poisspd_mph_3eeab179.csv,2,32,160,2,modified_speed,4.546064635846392e-10,0.0005968076293356717,0.9994032382965088,0.0
poison/poismph/datapoismphseq/poisspd_mph_3eeab179.csv,3,48,176,2,modified_speed,4.772523487517333e-10,0.0006075965939089656,0.9993923902511597,0.0
poison/poismph/datapoismphseq/poisspd_mph_3eeab179.csv,4,64,192,2,modified_speed,6.018103793081764e-10,0.0006536859436891973,0.9993463158607483,0.0
poison/poismph/datapoismphseq/poisspd_mph_3eeab179.csv,5,80,208,2,modified_speed,8.704980625218184e-10,0.0007263995939865708,0.9992735981941223,0.0
poison/poismph/datapoismphseq/poisspd_mph_3eeab179.csv,6,96,224,2,modified_speed,1.3132698262197096e-09,0.0008209242369048297,0.9991790652275085,0.0
poison/poismph/datapoismphseq/poisspd_mph_3eeb5bac.csv,0,0,128,2,modified_speed,6.666306395786137e-10,0.0006719751982018352,0.9993280172348022,0.0
poison/poismph/datapoismphseq/poisspd_mph_3eeb5bac.csv,1,16,144,2,modified_speed,9.768060804660195e-10,0.0007534084725193679,0.9992465376853943,0.0
poison/poismph/datapoismphseq/poisspd_mph_3eeb5bac.csv,2,32,160,2,modified_speed,1.287494888480012e-09,0.0008215541602112353,0.9991784691810608,0.0
poison/poismph/datapoismphseq/poisspd_mph_3eeb5bac.csv,3,48,176,2,modified_speed,1.6273891123574913e-09,0.0008740045013837516,0.9991260170936584,0.0
poison/poismph/datapoismphseq/poisspd_mph_3eeeaa2c.csv,0,0,128,2,modified_speed,3.4474920539651066e-05,0.017853206023573875,0.9821122884750366,2.6037493291966634e-23
poison/poismph/datapoismphseq/poisspd_mph_3eeeaa2c.csv,1,16,144,2,modified_speed,3.589026891859248e-05,0.018196960911154747,0.9817671775817871,3.725700756304368e-23
poison/poismph/datapoismphseq/poisspd_mph_3eeeaa2c.csv,2,32,160,2,modified_speed,3.69309818779584e-05,0.018313737586140633,0.9816493391990662,4.1531106434629053e-23
poison/poismph/datapoismphseq/poisspd_mph_3eeeaa2c.csv,3,48,176,2,modified_speed,5.132216028869152e-05,0.02007189206779003,0.9798767566680908,2.098355745282725e-22
poison/poismph/datapoismphseq/poisspd_mph_3eeeaa2c.csv,4,64,192,2,modified_speed,6.74525581416674e-05,0.02156401239335537,0.9783685207366943,7.376700171416651e-22
poison/poismph/datapoismphseq/poisspd_mph_3eeeaa2c.csv,5,80,208,2,modified_speed,0.00011678451846819371,0.0254548117518425,0.9744284749031067,1.4539078977031806e-20
poison/poismph/datapoismphseq/poisspd_mph_3eeeaa2c.csv,6,96,224,2,modified_speed,0.00021421730343718082,0.03058764897286892,0.9691981673240662,4.016899948458373e-19
poison/poismph/datapoismphseq/poisspd_mph_3eef2fac.csv,0,0,128,0,authentic,0.9995826482772827,2.0846433471888304e-05,3.176775635438389e-06,0.000393269641790539
poison/poismph/datapoismphseq/poisspd_mph_3eef2fac.csv,1,16,144,0,authentic,0.9729127883911133,0.012653755024075508,0.007577236276119947,0.006856183987110853
poison/poismph/datapoismphseq/poisspd_mph_3eef2fac.csv,2,32,160,0,authentic,0.8856299519538879,0.07563936710357666,0.036703482270240784,0.002027272479608655
poison/poismph/datapoismphseq/poisspd_mph_3eef2fac.csv,3,48,176,2,modified_speed,2.3102286377252312e-06,0.00795986782759428,0.9920377731323242,1.5750313765876808e-29
poison/poismph/datapoismphseq/poisspd_mph_3eef2fac.csv,4,64,192,2,modified_speed,4.3116379910834723e-10,0.000587177462875843,0.9994128942489624,0.0
poison/poismph/datapoismphseq/poisspd_mph_3eef2fac.csv,5,80,208,2,modified_speed,1.00569741423584e-09,0.0007569946465082467,0.9992430210113525,0.0
poison/poismph/datapoismphseq/poisspd_mph_3eef42f2.csv,0,0,128,0,authentic,0.9989064931869507,4.4082917156629264e-05,1.0830153769347817e-05,0.001038668560795486
poison/poismph/datapoismphseq/poisspd_mph_3eef42f2.csv,1,16,144,0,authentic,0.9763417840003967,0.007106770761311054,0.004675732459872961,0.011875875294208527
poison/poismph/datapoismphseq/poisspd_mph_3eef42f2.csv,2,32,160,2,modified_speed,5.014741399911316e-10,0.0006155915907584131,0.9993844032287598,0.0
poison/poismph/datapoismphseq/poisspd_mph_3eef42f2.csv,3,48,176,2,modified_speed,1.389596437917362e-09,0.000838582927826792,0.999161422252655,0.0
poison/poismph/datapoismphseq/poisspd_mph_3eef42f2.csv,4,64,192,2,modified_speed,1.5536701925000784e-09,0.0008594203973188996,0.9991405010223389,0.0
poison/poismph/datapoismphseq/poisspd_mph_3ef36878.csv,0,0,128,0,authentic,0.9928861856460571,0.0011939526302739978,0.0004212019848637283,0.005498803686350584
poison/poismph/datapoismphseq/poisspd_mph_3ef36878.csv,1,16,144,2,modified_speed,5.6107992918441596e-08,0.002607551636174321,0.9973924160003662,4.659516658521644e-38
poison/poismph/datapoismphseq/poisspd_mph_3ef36878.csv,2,32,160,2,modified_speed,5.51667600490191e-09,0.0012835523812100291,0.9987164735794067,0.0
poison/poismph/datapoismphseq/poisspd_mph_3ef36878.csv,3,48,176,2,modified_speed,5.670198088836287e-09,0.0012931617675349116,0.9987068176269531,0.0
poison/poismph/datapoismphseq/poisspd_mph_3ef36878.csv,4,64,192,2,modified_speed,7.209129737617559e-09,0.0013860063627362251,0.9986139535903931,0.0
poison/poismph/datapoismphseq/poisspd_mph_3ef36878.csv,5,80,208,2,modified_speed,7.242056732081892e-09,0.001391483237966895,0.9986085295677185,0.0
poison/poismph/datapoismphseq/poisspd_mph_3ef36878.csv,6,96,224,2,modified_speed,1.17622027673292e-08,0.0015983582707121968,0.9984015822410583,0.0
poison/poismph/datapoismphseq/poisspd_mph_3ef68363.csv,0,0,128,2,modified_speed,1.3924677944032737e-07,0.0033743020612746477,0.996625542640686,4.1477494665108593e-36
poison/poismph/datapoismphseq/poisspd_mph_3ef68363.csv,1,16,144,2,modified_speed,1.1111444564448902e-07,0.0031898710876703262,0.9968100786209106,1.5914110351047095e-36
poison/poismph/datapoismphseq/poisspd_mph_3ef68363.csv,2,32,160,2,modified_speed,2.064761304154672e-07,0.0038445477839559317,0.9961552619934082,4.238947423435366e-35
poison/poismph/datapoismphseq/poisspd_mph_3ef68363.csv,3,48,176,2,modified_speed,1.7649149697263056e-07,0.0036349031142890453,0.9963648915290833,1.5459713697043458e-35
poison/poismph/datapoismphseq/poisspd_mph_3ef68363.csv,4,64,192,2,modified_speed,2.416850577446894e-07,0.0039728726260364056,0.996026873588562,7.275740077541929e-35
poison/poismph/datapoismphseq/poisspd_mph_3ef6adc6.csv,0,0,128,0,authentic,0.9985779523849487,0.0006503911572508514,0.0002070838527288288,0.0005645134951919317
poison/poismph/datapoismphseq/poisspd_mph_3ef6adc6.csv,1,16,144,2,modified_speed,1.4041472695680568e-06,0.0067320894449949265,0.9932664632797241,7.82412472350819e-31
poison/poismph/datapoismphseq/poisspd_mph_3ef6adc6.csv,2,32,160,2,modified_speed,3.2618004297546577e-07,0.004294060170650482,0.9957056641578674,2.76666921803426e-34
poison/poismph/datapoismphseq/poisspd_mph_3ef6d1cd.csv,0,0,128,2,modified_speed,2.8243836158736713e-09,0.001034311018884182,0.9989657402038574,0.0
poison/poismph/datapoismphseq/poisspd_mph_3ef6d1cd.csv,1,16,144,2,modified_speed,1.2516898628689432e-09,0.000811845064163208,0.9991881251335144,0.0
poison/poismph/datapoismphseq/poisspd_mph_3ef6d1cd.csv,2,32,160,2,modified_speed,1.919550740581144e-09,0.0009265441331081092,0.9990733861923218,0.0
poison/poismph/datapoismphseq/poisspd_mph_3ef6d1cd.csv,3,48,176,2,modified_speed,2.7339934760561846e-09,0.0010273454245179892,0.9989726543426514,0.0
poison/poismph/datapoismphseq/poisspd_mph_3ef6d1cd.csv,4,64,192,2,modified_speed,3.016811911393802e-09,0.0010588645236566663,0.9989411234855652,0.0
poison/poismph/datapoismphseq/poisspd_mph_3ef6d1cd.csv,5,80,208,2,modified_speed,6.399205165763533e-09,0.001334159984253347,0.9986658096313477,0.0
poison/poismph/datapoismphseq/poisspd_mph_3ef6d1cd.csv,6,96,224,2,modified_speed,6.47782094631566e-09,0.0013365778140723705,0.9986634254455566,0.0
poison/poismph/datapoismphseq/poisspd_mph_3ef6f483.csv,0,0,128,2,modified_speed,0.00010336886043660343,0.024597331881523132,0.9752992987632751,7.897682189554059e-21
poison/poismph/datapoismphseq/poisspd_mph_3ef6f483.csv,1,16,144,2,modified_speed,0.00030095918918959796,0.03440670296549797,0.9652923345565796,3.53212656286982e-18
poison/poismph/datapoismphseq/poisspd_mph_3ef6f483.csv,2,32,160,2,modified_speed,0.00038055237382650375,0.036730051040649414,0.9628894329071045,1.1456457274123721e-17
poison/poismph/datapoismphseq/poisspd_mph_3ef6f483.csv,3,48,176,2,modified_speed,0.00045490710181184113,0.03858238086104393,0.96096271276474,2.781196948107033e-17
poison/poismph/datapoismphseq/poisspd_mph_3ef6f483.csv,4,64,192,2,modified_speed,0.000471797538921237,0.03883938863873482,0.9606888294219971,3.105873941212467e-17
poison/poismph/datapoismphseq/poisspd_mph_3ef6f483.csv,5,80,208,2,modified_speed,0.00044581605470739305,0.04037634655833244,0.9591778516769409,1.6404520176698537e-17
poison/poismph/datapoismphseq/poisspd_mph_3ef6f483.csv,6,96,224,2,modified_speed,0.008494256995618343,0.11771180480718613,0.8737939596176147,3.727766706429492e-11
poison/poismph/datapoismphseq/poisspd_mph_3efabce5.csv,0,0,128,2,modified_speed,3.4216737776482375e-10,0.0005473188357427716,0.9994527101516724,0.0
poison/poismph/datapoismphseq/poisspd_mph_3efabce5.csv,1,16,144,2,modified_speed,5.737682551298917e-10,0.0006427905755117536,0.9993571639060974,0.0
poison/poismph/datapoismphseq/poisspd_mph_3efabce5.csv,2,32,160,2,modified_speed,4.258695340819685e-10,0.0005863296100869775,0.9994136691093445,0.0
poison/poismph/datapoismphseq/poisspd_mph_3efabce5.csv,3,48,176,2,modified_speed,6.248813688713994e-10,0.0006624556262977421,0.9993375539779663,0.0
poison/poismph/datapoismphseq/poisspd_mph_3efabce5.csv,4,64,192,2,modified_speed,9.650301668884254e-10,0.0007533890893682837,0.9992465972900391,0.0
poison/poismph/datapoismphseq/poisspd_mph_3efabce5.csv,5,80,208,2,modified_speed,1.5024193000812147e-09,0.0008601323352195323,0.9991397857666016,0.0
poison/poismph/datapoismphseq/poisspd_mph_3efe4dcd.csv,0,0,128,0,authentic,0.9983429908752441,0.0006595419836230576,0.0001524295803392306,0.0008450404857285321
poison/poismph/datapoismphseq/poisspd_mph_3efe4dcd.csv,1,16,144,2,modified_speed,4.9784146540332586e-05,0.019896792247891426,0.9800533652305603,1.7957175262569705e-22
poison/poismph/datapoismphseq/poisspd_mph_3efe4dcd.csv,2,32,160,2,modified_speed,7.259648437951682e-10,0.0006936798454262316,0.9993063807487488,0.0
poison/poismph/datapoismphseq/poisspd_mph_3efe4dcd.csv,3,48,176,2,modified_speed,1.2636334201232557e-09,0.000817538530100137,0.999182403087616,0.0
poison/poismph/datapoismphseq/poisspd_mph_3efe4dcd.csv,4,64,192,2,modified_speed,1.5261244490361037e-09,0.0008627811912447214,0.9991372227668762,0.0
poison/poismph/datapoismphseq/poisspd_mph_3efe5fe4.csv,0,0,128,0,authentic,0.9833025932312012,0.006169009022414684,0.002306085079908371,0.00822236854583025
poison/poismph/datapoismphseq/poisspd_mph_3efe5fe4.csv,1,16,144,0,authentic,0.9988487958908081,0.00010503885278012604,2.1843081412953325e-05,0.0010243101278319955
poison/poismph/datapoismphseq/poisspd_mph_3efe5fe4.csv,2,32,160,0,authentic,0.9966918230056763,0.0011266376823186874,0.0004425529041327536,0.001739033148624003
poison/poismph/datapoismphseq/poisspd_mph_3efe5fe4.csv,3,48,176,2,modified_speed,3.933817438461773e-10,0.0005739835905842483,0.9994259476661682,0.0
poison/poismph/datapoismphseq/poisspd_mph_3efe5fe4.csv,4,64,192,2,modified_speed,6.691128207059194e-10,0.0006747301085852087,0.9993252754211426,0.0
poison/poismph/datapoismphseq/poisspd_mph_3efe5fe4.csv,5,80,208,2,modified_speed,8.395332207200568e-10,0.0007157984073273838,0.9992842078208923,0.0
poison/poismph/datapoismphseq/poisspd_mph_3efe5fe4.csv,6,96,224,2,modified_speed,1.403801297428231e-09,0.0008419753867201507,0.9991580247879028,0.0
poison/poismph/datapoismphseq/poisspd_mph_3efe7d81.csv,0,0,128,0,authentic,0.9974064826965332,0.00038338007288984954,0.0001180423641926609,0.0020921723917126656
poison/poismph/datapoismphseq/poisspd_mph_3efe7d81.csv,1,16,144,0,authentic,0.9425722360610962,0.007210081908851862,0.003973294049501419,0.046244408935308456
poison/poismph/datapoismphseq/poisspd_mph_3efe7d81.csv,2,32,160,2,modified_speed,0.019164733588695526,0.12101691961288452,0.8598183989524841,1.1931474475090909e-08
poison/poismph/datapoismphseq/poisspd_mph_3efe7d81.csv,3,48,176,2,modified_speed,0.018895694985985756,0.11128656566143036,0.869817852973938,1.6804207803033933e-08
poison/poismph/datapoismphseq/poisspd_mph_3efe7d81.csv,4,64,192,2,modified_speed,5.430643454928941e-07,0.005084268283098936,0.994915246963501,5.629200000378078e-33
poison/poismph/datapoismphseq/poisspd_mph_3efe7d81.csv,5,80,208,2,modified_speed,7.207741248294042e-08,0.00276268576271832,0.9972372055053711,1.2292743922210397e-37
poison/poismph/datapoismphseq/poisspd_mph_3efea136.csv,0,0,128,2,modified_speed,6.744694247551308e-10,0.0006756425718776882,0.9993243217468262,0.0
poison/poismph/datapoismphseq/poisspd_mph_3efea136.csv,1,16,144,2,modified_speed,5.46374223642232e-10,0.0006370577029883862,0.9993630051612854,0.0
poison/poismph/datapoismphseq/poisspd_mph_3efea136.csv,2,32,160,2,modified_speed,8.457778921666659e-10,0.0007265020394697785,0.999273419380188,0.0
poison/poismph/datapoismphseq/poisspd_mph_3efea136.csv,3,48,176,2,modified_speed,9.628117192406194e-10,0.000754567445255816,0.9992453455924988,0.0
poison/poismph/datapoismphseq/poisspd_mph_3efea136.csv,4,64,192,2,modified_speed,1.4673011694554816e-09,0.000857053732033819,0.9991428852081299,0.0
poison/poismph/datapoismphseq/poisspd_mph_3efea136.csv,5,80,208,2,modified_speed,1.5734276104240053e-09,0.0008687670924700797,0.9991312623023987,0.0
poison/poismph/datapoismphseq/poisspd_mph_3efea136.csv,6,96,224,2,modified_speed,2.031599999341438e-09,0.0009339503012597561,0.9990660548210144,0.0
poison/poismph/datapoismphseq/poisspd_mph_3f0239cf.csv,0,0,128,2,modified_speed,1.7324200962676173e-09,0.0009001584257930517,0.9990997910499573,0.0
poison/poismph/datapoismphseq/poisspd_mph_3f0239cf.csv,1,16,144,2,modified_speed,1.5491067317796592e-09,0.0008713793940842152,0.9991286396980286,0.0
poison/poismph/datapoismphseq/poisspd_mph_3f0239cf.csv,2,32,160,2,modified_speed,2.384576758274193e-09,0.0009952737018465996,0.9990047812461853,0.0
poison/poismph/datapoismphseq/poisspd_mph_3f0239cf.csv,3,48,176,2,modified_speed,3.321202424189096e-09,0.0010877832537516952,0.9989122152328491,0.0
poison/poismph/datapoismphseq/poisspd_mph_3f0239cf.csv,4,64,192,2,modified_speed,0.0534728467464447,0.42438194155693054,0.5221449136734009,2.2378215192020434e-07
poison/poismph/datapoismphseq/poisspd_mph_3f0239cf.csv,5,80,208,0,authentic,0.9940987825393677,0.004776005167514086,0.0003675074549391866,0.0007577319629490376
poison/poismph/datapoismphseq/poisspd_mph_3f02444d.csv,0,0,128,0,authentic,0.9849315285682678,0.0015625257510691881,0.0006452052039094269,0.012860741466283798
poison/poismph/datapoismphseq/poisspd_mph_3f02444d.csv,1,16,144,0,authentic,0.9734348058700562,0.0019427259685471654,0.0014269256498664618,0.023195402696728706
poison/poismph/datapoismphseq/poisspd_mph_3f02444d.csv,2,32,160,2,modified_speed,7.725109441025779e-10,0.0007075432222336531,0.9992924332618713,0.0
poison/poismph/datapoismphseq/poisspd_mph_3f02444d.csv,3,48,176,2,modified_speed,3.409058590975178e-10,0.0005503142019733787,0.9994497299194336,0.0
poison/poismph/datapoismphseq/poisspd_mph_3f02444d.csv,4,64,192,2,modified_speed,6.134311392180791e-10,0.0006568196695297956,0.99934321641922,0.0
poison/poismph/datapoismphseq/poisspd_mph_3f02444d.csv,5,80,208,2,modified_speed,8.010426766347223e-10,0.0007057753973640501,0.9992941617965698,0.0
poison/poismph/datapoismphseq/poisspd_mph_3f061c0f.csv,0,0,128,0,authentic,0.9988932609558105,0.0005271480767987669,5.3968222346156836e-05,0.0005255219875834882
poison/poismph/datapoismphseq/poisspd_mph_3f061c0f.csv,1,16,144,0,authentic,0.8928195834159851,0.0399894192814827,0.007265877909958363,0.05992506816983223
poison/poismph/datapoismphseq/poisspd_mph_3f061c0f.csv,2,32,160,2,modified_speed,6.311803736025468e-05,0.021265260875225067,0.9786715507507324,5.834274396011367e-22
poison/poismph/datapoismphseq/poisspd_mph_3f061c0f.csv,3,48,176,2,modified_speed,7.644594290923123e-09,0.001386656193062663,0.9986134171485901,0.0
poison/poismph/datapoismphseq/poisspd_mph_3f061c0f.csv,4,64,192,2,modified_speed,1.3552265087923843e-08,0.0016386121278628707,0.9983614087104797,0.0
poison/poismph/datapoismphseq/poisspd_mph_3f06490c.csv,0,0,128,2,modified_speed,1.1482652606531474e-09,0.0007922167424112558,0.9992077350616455,0.0
poison/poismph/datapoismphseq/poisspd_mph_3f06490c.csv,1,16,144,2,modified_speed,6.295041710124849e-10,0.0006617785547859967,0.9993382692337036,0.0
poison/poismph/datapoismphseq/poisspd_mph_3f06490c.csv,2,32,160,2,modified_speed,8.092931325087704e-10,0.0007166762370616198,0.9992833733558655,0.0
poison/poismph/datapoismphseq/poisspd_mph_3f06490c.csv,3,48,176,2,modified_speed,9.436481596125645e-10,0.0007480244385078549,0.9992519617080688,0.0
poison/poismph/datapoismphseq/poisspd_mph_3f06490c.csv,4,64,192,2,modified_speed,1.3127653408773199e-09,0.0008275979780592024,0.9991724491119385,0.0
poison/poismph/datapoismphseq/poisspd_mph_3f067464.csv,0,0,128,0,authentic,0.8730349540710449,0.04040488973259926,0.035928938537836075,0.050631213933229446
poison/poismph/datapoismphseq/poisspd_mph_3f067464.csv,1,16,144,2,modified_speed,0.00026942382100969553,0.03306158259510994,0.966668963432312,1.6828444657162829e-18
poison/poismph/datapoismphseq/poisspd_mph_3f067464.csv,2,32,160,2,modified_speed,2.6940188968538337e-10,0.0005093361251056194,0.9994906783103943,0.0
poison/poismph/datapoismphseq/poisspd_mph_3f067464.csv,3,48,176,2,modified_speed,8.670813511635345e-10,0.0007280053105205297,0.9992719888687134,0.0
poison/poismph/datapoismphseq/poisspd_mph_3f067464.csv,4,64,192,2,modified_speed,1.0127321203867723e-09,0.0007635120418854058,0.9992364645004272,0.0
poison/poismph/datapoismphseq/poisspd_mph_3f067464.csv,5,80,208,2,modified_speed,1.3174944468730132e-09,0.0008211275562644005,0.9991788268089294,0.0
poison/poismph/datapoismphseq/poisspd_mph_3f09cfd8.csv,0,0,128,2,modified_speed,3.327072395364894e-09,0.0010976556222885847,0.9989023208618164,0.0
poison/poismph/datapoismphseq/poisspd_mph_3f09cfd8.csv,1,16,144,2,modified_speed,6.808846264583224e-10,0.000682920275721699,0.9993170499801636,0.0
poison/poismph/datapoismphseq/poisspd_mph_3f09cfd8.csv,2,32,160,2,modified_speed,1.4992603825092488e-09,0.0008648890652693808,0.9991350173950195,0.0
poison/poismph/datapoismphseq/poisspd_mph_3f09cfd8.csv,3,48,176,2,modified_speed,1.903477375719831e-09,0.0009315338684245944,0.9990683794021606,0.0
poison/poismph/datapoismphseq/poisspd_mph_3f09cfd8.csv,4,64,192,2,modified_speed,2.581487024144735e-09,0.0010216452647000551,0.9989783763885498,0.0
poison/poismph/datapoismphseq/poisspd_mph_3f09cfd8.csv,5,80,208,2,modified_speed,3.063143072523644e-09,0.0010709743946790695,0.998928964138031,0.0
poison/poismph/datapoismphseq/poisspd_mph_3f09cfd8.csv,6,96,224,2,modified_speed,3.572723450417925e-09,0.0011112340725958347,0.9988887906074524,0.0
poison/poismph/datapoismphseq/poisspd_mph_3f0a1418.csv,0,0,128,0,authentic,0.9691905975341797,0.006129490211606026,0.0043273260816931725,0.020352639257907867
poison/poismph/datapoismphseq/poisspd_mph_3f0a1418.csv,1,16,144,0,authentic,0.9896414875984192,0.0018966264324262738,0.0007986371056176722,0.007663206197321415
poison/poismph/datapoismphseq/poisspd_mph_3f0a1418.csv,2,32,160,2,modified_speed,0.0012998722959309816,0.052395861595869064,0.9463043212890625,7.644373246115232e-15
poison/poismph/datapoismphseq/poisspd_mph_3f0a1418.csv,3,48,176,2,modified_speed,3.311662277738492e-09,0.001097684958949685,0.9989023208618164,0.0
poison/poismph/datapoismphseq/poisspd_mph_3f0a1418.csv,4,64,192,2,modified_speed,4.530660291379718e-09,0.0012138705933466554,0.9987861514091492,0.0
poison/poismph/datapoismphseq/poisspd_mph_3f0a1418.csv,5,80,208,2,modified_speed,5.689858806334769e-09,0.0012840867275372148,0.998715877532959,0.0
poison/poismph/datapoismphseq/poisspd_mph_3f0a1418.csv,6,96,224,2,modified_speed,7.87381981837143e-09,0.001407748437486589,0.99859219789505,0.0
poison/poismph/datapoismphseq/poisspd_mph_3f11b99b.csv,0,0,128,0,authentic,0.9808201193809509,0.004814114887267351,0.0009449178469367325,0.013420951552689075
poison/poismph/datapoismphseq/poisspd_mph_3f11b99b.csv,1,16,144,0,authentic,0.9974379539489746,0.00038189528277143836,5.445208080345765e-05,0.0021256625186651945
poison/poismph/datapoismphseq/poisspd_mph_3f11b99b.csv,2,32,160,2,modified_speed,0.029580682516098022,0.14989988505840302,0.8205192685127258,1.3773863827282185e-07
poison/poismph/datapoismphseq/poisspd_mph_3f11b99b.csv,3,48,176,2,modified_speed,8.644693480164278e-06,0.011877678334712982,0.9881136417388916,1.8920209432655853e-26
poison/poismph/datapoismphseq/poisspd_mph_3f11b99b.csv,4,64,192,2,modified_speed,1.3287287401908543e-05,0.013384217396378517,0.9866024255752563,1.5361139582937235e-25
poison/poismph/datapoismphseq/poisspd_mph_3f11b99b.csv,5,80,208,2,modified_speed,1.400537985318806e-05,0.013527827337384224,0.9864580631256104,1.832414674896844e-25
poison/poismph/datapoismphseq/poisspd_mph_3f11b99b.csv,6,96,224,2,modified_speed,1.7917656805366278e-05,0.014547483064234257,0.9854346513748169,6.6440902552198715e-25
poison/poismph/datapoismphseq/poisspd_mph_3f11b99b.csv,7,112,240,2,modified_speed,2.002013206947595e-05,0.015006275847554207,0.984973669052124,1.1475113881838609e-24
poison/poismph/datapoismphseq/poisspd_mph_3f147d2b.csv,0,0,128,2,modified_speed,1.960830164904337e-09,0.0009358779643662274,0.9990641474723816,0.0
poison/poismph/datapoismphseq/poisspd_mph_3f147d2b.csv,1,16,144,2,modified_speed,1.4939999237739698e-10,0.0004295351100154221,0.9995704889297485,0.0
poison/poismph/datapoismphseq/poisspd_mph_3f147d2b.csv,2,32,160,2,modified_speed,2.757234440764478e-10,0.0005161722074262798,0.9994838833808899,0.0
poison/poismph/datapoismphseq/poisspd_mph_3f147d2b.csv,3,48,176,2,modified_speed,3.550382210448788e-10,0.0005538714467547834,0.9994461536407471,0.0
poison/poismph/datapoismphseq/poisspd_mph_3f147d2b.csv,4,64,192,2,modified_speed,4.042006174209689e-10,0.0005772243603132665,0.9994227886199951,0.0
poison/poismph/datapoismphseq/poisspd_mph_3f14d941.csv,0,0,128,0,authentic,0.9989251494407654,0.0001513252209406346,3.072122126468457e-05,0.0008927115704864264
poison/poismph/datapoismphseq/poisspd_mph_3f14d941.csv,1,16,144,0,authentic,0.9836952686309814,0.0012801705161109567,0.0006845195312052965,0.014340033754706383
poison/poismph/datapoismphseq/poisspd_mph_3f14d941.csv,2,32,160,2,modified_speed,3.372930601486246e-09,0.0010973743628710508,0.9989025592803955,0.0
poison/poismph/datapoismphseq/poisspd_mph_3f14d941.csv,3,48,176,2,modified_speed,1.9059953615396807e-09,0.0009219236089847982,0.9990780353546143,0.0
poison/poismph/datapoismphseq/poisspd_mph_3f14d941.csv,4,64,192,2,modified_speed,1.6982937278697818e-09,0.0008885352872312069,0.9991114735603333,0.0
poison/poismph/datapoismphseq/poisspd_mph_3f18df2b.csv,0,0,128,2,modified_speed,1.1776994934820095e-09,0.0008036355138756335,0.9991962909698486,0.0
poison/poismph/datapoismphseq/poisspd_mph_3f18df2b.csv,1,16,144,2,modified_speed,1.6832044646974964e-09,0.0008963882573880255,0.9991036057472229,0.0
poison/poismph/datapoismphseq/poisspd_mph_3f18df2b.csv,2,32,160,2,modified_speed,2.05074268677663e-09,0.000953067559748888,0.9990468621253967,0.0
poison/poismph/datapoismphseq/poisspd_mph_3f18df2b.csv,3,48,176,2,modified_speed,1.2483641897986786e-09,0.0008172962698154151,0.9991826415061951,0.0
poison/poismph/datapoismphseq/poisspd_mph_3f18df2b.csv,4,64,192,2,modified_speed,5.0962434272605606e-09,0.0012345538707450032,0.9987654685974121,0.0
poison/poismph/datapoismphseq/poisspd_mph_3f1908f0.csv,0,0,128,0,authentic,0.9999947547912598,1.295035474413453e-07,5.0814312757552216e-09,5.1682964112842456e-06
poison/poismph/datapoismphseq/poisspd_mph_3f1908f0.csv,1,16,144,2,modified_speed,4.930148289616909e-09,0.0012366368900984526,0.9987633228302002,0.0
poison/poismph/datapoismphseq/poisspd_mph_3f1908f0.csv,2,32,160,2,modified_speed,7.137875845941721e-10,0.000685769715346396,0.9993141889572144,0.0
poison/poismph/datapoismphseq/poisspd_mph_3f1908f0.csv,3,48,176,2,modified_speed,8.885333580010979e-10,0.0007351891836151481,0.9992648363113403,0.0
poison/poismph/datapoismphseq/poisspd_mph_3f1908f0.csv,4,64,192,2,modified_speed,1.1485308260006377e-09,0.0007937371265143156,0.9992062449455261,0.0
poison/poismph/datapoismphseq/poisspd_mph_3f1908f0.csv,5,80,208,2,modified_speed,1.4072671916665058e-09,0.0008441580575890839,0.9991558790206909,0.0
poison/poismph/datapoismphseq/poisspd_mph_3f192ee1.csv,0,0,128,2,modified_speed,8.354479177796748e-06,0.011583487503230572,0.988408088684082,1.1676967178858254e-26
poison/poismph/datapoismphseq/poisspd_mph_3f192ee1.csv,1,16,144,2,modified_speed,1.6218438759096898e-05,0.01420509908348322,0.9857787489891052,4.419246122702421e-25
poison/poismph/datapoismphseq/poisspd_mph_3f192ee1.csv,2,32,160,2,modified_speed,1.2259319191798568e-05,0.013001960702240467,0.9869857430458069,9.070701711244249e-26
poison/poismph/datapoismphseq/poisspd_mph_3f192ee1.csv,3,48,176,2,modified_speed,1.1999248272331897e-05,0.012945836409926414,0.9870421886444092,8.445829580779131e-26
poison/poismph/datapoismphseq/poisspd_mph_3f1d4c27.csv,0,0,128,2,modified_speed,0.0007830167305655777,0.04509805515408516,0.9541189670562744,4.784653008605495e-16
poison/poismph/datapoismphseq/poisspd_mph_3f1d4c27.csv,1,16,144,2,modified_speed,1.014639150476171e-09,0.0007647083257324994,0.999235212802887,0.0
poison/poismph/datapoismphseq/poisspd_mph_3f1d4c27.csv,2,32,160,2,modified_speed,5.358399834953786e-10,0.0006278049550019205,0.9993721842765808,0.0
poison/poismph/datapoismphseq/poisspd_mph_3f1d4c27.csv,3,48,176,2,modified_speed,7.838564242135249e-10,0.0007019800250418484,0.9992980360984802,0.0
poison/poismph/datapoismphseq/poisspd_mph_3f1d787f.csv,0,0,128,0,authentic,0.984590470790863,0.00541260652244091,0.0023938671220093966,0.007603070233017206
poison/poismph/datapoismphseq/poisspd_mph_3f1d787f.csv,1,16,144,0,authentic,0.9978681802749634,0.0004093424940947443,7.299806748051196e-05,0.001649441896006465
poison/poismph/datapoismphseq/poisspd_mph_3f1d787f.csv,2,32,160,0,authentic,0.977013349533081,0.011444784700870514,0.0034052173141390085,0.00813661515712738
poison/poismph/datapoismphseq/poisspd_mph_3f1d787f.csv,3,48,176,2,modified_speed,1.4904509271218558e-07,0.0034423749893903732,0.9965574741363525,5.885031680853756e-36
poison/poismph/datapoismphseq/poisspd_mph_3f1d787f.csv,4,64,192,2,modified_speed,1.6427586047029763e-07,0.003540628356859088,0.9964591860771179,9.623822616211992e-36
poison/poismph/datapoismphseq/poisspd_mph_3f1dc2f5.csv,0,0,128,2,modified_speed,2.3865929961175425e-06,0.007996674627065659,0.992000937461853,1.6862736920285951e-29
poison/poismph/datapoismphseq/poisspd_mph_3f1dc2f5.csv,1,16,144,2,modified_speed,7.098969234675678e-08,0.002767108613625169,0.9972327947616577,1.2844548352530994e-37
poison/poismph/datapoismphseq/poisspd_mph_3f1dc2f5.csv,2,32,160,2,modified_speed,9.462848993280204e-08,0.0030240314081311226,0.9969758987426758,6.147703530957938e-37
poison/poismph/datapoismphseq/poisspd_mph_3f1dc2f5.csv,3,48,176,2,modified_speed,1.2712942520920478e-07,0.0032997862435877323,0.9967001676559448,2.837809742975307e-36
poison/poismph/datapoismphseq/poisspd_mph_3f1dc2f5.csv,4,64,192,2,modified_speed,1.614930198456932e-07,0.003537760814651847,0.9964619874954224,9.593280856556136e-36
poison/poismph/datapoismphseq/poisspd_mph_3f1dc2f5.csv,5,80,208,2,modified_speed,2.303006709780675e-07,0.003932506311684847,0.9960672855377197,6.146935466938215e-35
poison/poismph/datapoismphseq/poisspd_mph_3f1dc2f5.csv,6,96,224,2,modified_speed,3.3956516176658624e-07,0.004424081649631262,0.9955755472183228,4.8933607405724806e-34
poison/poismph/datapoismphseq/poisspd_mph_3f1dc2f5.csv,7,112,240,2,modified_speed,1.4454699339694344e-06,0.0068939197808504105,0.9931046962738037,1.2363160272061498e-30
poison/poismph/datapoismphseq/poisspd_mph_3f1dc2f5.csv,8,128,256,2,modified_speed,1.2041275567753473e-06,0.006523811724036932,0.993475079536438,4.668488979827444e-31
poison/poismph/datapoismphseq/poisspd_mph_3f1dc2f5.csv,9,144,272,0,authentic,0.9996829032897949,5.506265733856708e-05,3.838543761958135e-06,0.0002582656452432275
poison/poismph/datapoismphseq/poisspd_mph_3f1dc2f5.csv,10,160,288,0,authentic,0.9898263216018677,0.0015173428691923618,0.00034698471426963806,0.008309369906783104
poison/poismph/datapoismphseq/poisspd_mph_3f1dc2f5.csv,11,176,304,0,authentic,0.8978478312492371,0.05493927001953125,0.020229501649737358,0.026983294636011124
poison/poismph/datapoismphseq/poisspd_mph_3f1dc2f5.csv,12,192,320,0,authentic,0.9453351497650146,0.0401875264942646,0.012401819229125977,0.0020754949655383825
poison/poismph/datapoismphseq/poisspd_mph_3f1dc2f5.csv,13,208,336,0,authentic,0.9868289828300476,0.010931078344583511,0.002080320380628109,0.0001596072397660464
poison/poismph/datapoismphseq/poisspd_mph_3f1dc2f5.csv,14,224,352,0,authentic,0.9750354290008545,0.01902857981622219,0.005253273993730545,0.0006827479228377342
poison/poismph/datapoismphseq/poisspd_mph_3f1dcdbf.csv,0,0,128,0,authentic,0.9952923059463501,0.003269784850999713,0.0009716185159049928,0.0004662354476749897
poison/poismph/datapoismphseq/poisspd_mph_3f1dcdbf.csv,1,16,144,0,authentic,0.7101498246192932,0.13127878308296204,0.15559540688991547,0.002975977025926113
poison/poismph/datapoismphseq/poisspd_mph_3f1dcdbf.csv,2,32,160,2,modified_speed,0.00503300316631794,0.07704229652881622,0.917924702167511,1.0808311710908125e-11
poison/poismph/datapoismphseq/poisspd_mph_3f1dcdbf.csv,3,48,176,2,modified_speed,1.4736881936983082e-08,0.0016991443699225783,0.9983007907867432,0.0
poison/poismph/datapoismphseq/poisspd_mph_3f1dcdbf.csv,4,64,192,2,modified_speed,3.870213038936754e-09,0.0011259634047746658,0.9988740086555481,0.0
poison/poismph/datapoismphseq/poisspd_mph_3f1dcdbf.csv,5,80,208,2,modified_speed,4.364958172686784e-09,0.0011729588732123375,0.9988270998001099,0.0
poison/poismph/datapoismphseq/poisspd_mph_3f1dcdbf.csv,6,96,224,2,modified_speed,2.5619877330740337e-09,0.0010030498960986733,0.998996913433075,0.0
poison/poismph/datapoismphseq/poisspd_mph_3f1dcdbf.csv,7,112,240,2,modified_speed,2.483960148680353e-09,0.0009933534311130643,0.9990066885948181,0.0
poison/poismph/datapoismphseq/poisspd_mph_3f21e566.csv,0,0,128,2,modified_speed,0.005792767275124788,0.08073987066745758,0.9134673476219177,2.7172292194066472e-11
poison/poismph/datapoismphseq/poisspd_mph_3f21e566.csv,1,16,144,2,modified_speed,5.489186882812191e-10,0.0006372592761181295,0.9993627667427063,0.0
poison/poismph/datapoismphseq/poisspd_mph_3f21e566.csv,2,32,160,2,modified_speed,7.649708089196849e-10,0.0007047666586004198,0.9992952942848206,0.0
poison/poismph/datapoismphseq/poisspd_mph_3f21e566.csv,3,48,176,2,modified_speed,6.924705808764031e-10,0.0006862980080768466,0.9993137121200562,0.0
poison/poismph/datapoismphseq/poisspd_mph_3f21e566.csv,4,64,192,2,modified_speed,9.301178716114578e-10,0.0007456785533577204,0.9992542862892151,0.0
poison/poismph/datapoismphseq/poisspd_mph_3f21e566.csv,5,80,208,2,modified_speed,8.42431291392387e-10,0.0007182351546362042,0.9992818236351013,0.0
poison/poismph/datapoismphseq/poisspd_mph_3f21e566.csv,6,96,224,2,modified_speed,1.21797161245496e-09,0.0007986550335772336,0.9992013573646545,0.0
poison/poismph/datapoismphseq/poisspd_mph_3f221fe2.csv,0,0,128,0,authentic,0.9207759499549866,0.012320896610617638,0.0022892924025654793,0.06461378931999207
poison/poismph/datapoismphseq/poisspd_mph_3f221fe2.csv,1,16,144,0,authentic,0.616816520690918,0.1882248967885971,0.19466200470924377,0.00029656884726136923
poison/poismph/datapoismphseq/poisspd_mph_3f221fe2.csv,2,32,160,2,modified_speed,4.961108857060026e-09,0.001217363984324038,0.9987826943397522,0.0
poison/poismph/datapoismphseq/poisspd_mph_3f2601d9.csv,0,0,128,0,authentic,0.995071291923523,0.001976167783141136,0.0008082957938313484,0.002144342754036188
poison/poismph/datapoismphseq/poisspd_mph_3f2601d9.csv,1,16,144,0,authentic,0.9638093709945679,0.005239331163465977,0.001971807796508074,0.028979388996958733
poison/poismph/datapoismphseq/poisspd_mph_3f2601d9.csv,2,32,160,0,authentic,0.871634840965271,0.05186740309000015,0.021754294633865356,0.054743386805057526
poison/poismph/datapoismphseq/poisspd_mph_3f2601d9.csv,3,48,176,0,authentic,0.7957574129104614,0.04661940783262253,0.02629740536212921,0.13132569193840027
poison/poismph/datapoismphseq/poisspd_mph_3f2601d9.csv,4,64,192,2,modified_speed,1.7369858884563882e-09,0.0008964531007222831,0.9991034865379333,0.0
poison/poismph/datapoismphseq/poisspd_mph_3f2601d9.csv,5,80,208,2,modified_speed,3.815643079274622e-10,0.0005633512046188116,0.9994366765022278,0.0
poison/poismph/datapoismphseq/poisspd_mph_3f2601d9.csv,6,96,224,2,modified_speed,8.11535727507362e-10,0.000705402810126543,0.9992945194244385,0.0
poison/poismph/datapoismphseq/poisspd_mph_3f26b37b.csv,0,0,128,2,modified_speed,1.0285507414664607e-06,0.006285552401095629,0.9937134981155396,2.4866231173142047e-31
poison/poismph/datapoismphseq/poisspd_mph_3f26b37b.csv,1,16,144,2,modified_speed,6.902923121998583e-09,0.0013780224835500121,0.9986218810081482,0.0
poison/poismph/datapoismphseq/poisspd_mph_3f26b37b.csv,2,32,160,2,modified_speed,9.30225318995781e-09,0.0015091239474713802,0.9984908699989319,0.0
poison/poismph/datapoismphseq/poisspd_mph_3f26b37b.csv,3,48,176,2,modified_speed,1.1753143347448258e-08,0.0016173073090612888,0.9983826279640198,0.0
poison/poismph/datapoismphseq/poisspd_mph_3f26b37b.csv,4,64,192,2,modified_speed,1.9923890093309637e-08,0.0018848394975066185,0.9981151819229126,0.0
poison/poismph/datapoismphseq/poisspd_mph_3f26dfa5.csv,0,0,128,0,authentic,0.9983985424041748,0.0001525325933471322,6.988680979702622e-05,0.001379027497023344
poison/poismph/datapoismphseq/poisspd_mph_3f26dfa5.csv,1,16,144,2,modified_speed,4.611532347098546e-07,0.004890114068984985,0.9951094388961792,2.91161575301431e-33
poison/poismph/datapoismphseq/poisspd_mph_3f26dfa5.csv,2,32,160,2,modified_speed,4.614669535385474e-08,0.0024584655184298754,0.9975415468215942,1.6566629689322786e-38
poison/poismph/datapoismphseq/poisspd_mph_3f26dfa5.csv,3,48,176,2,modified_speed,6.474400748857079e-08,0.0027149387169629335,0.997285008430481,9.400847847623199e-38
poison/poismph/datapoismphseq/poisspd_mph_3f26dfa5.csv,4,64,192,2,modified_speed,6.884757652869666e-08,0.002763283671811223,0.9972366094589233,1.2790129767448019e-37
poison/poismph/datapoismphseq/poisspd_mph_3f26dfa5.csv,5,80,208,2,modified_speed,1.0095586588931837e-07,0.003085898933932185,0.9969140291213989,8.792742944433976e-37
poison/poismph/datapoismphseq/poisspd_mph_3f26dfa5.csv,6,96,224,2,modified_speed,4.6407640752477164e-07,0.0047858827747404575,0.9952136278152466,1.8764803867969962e-33
poison/poismph/datapoismphseq/poisspd_mph_3f2ac3b2.csv,0,0,128,2,modified_speed,3.3999788229266414e-07,0.004425621125847101,0.9955739974975586,4.922973096308625e-34
poison/poismph/datapoismphseq/poisspd_mph_3f2ac3b2.csv,1,16,144,2,modified_speed,9.414204971136542e-10,0.0007520198123529553,0.9992479681968689,0.0
poison/poismph/datapoismphseq/poisspd_mph_3f2ac3b2.csv,2,32,160,2,modified_speed,1.3166678858311798e-09,0.0008308328106068075,0.9991691708564758,0.0
poison/poismph/datapoismphseq/poisspd_mph_3f2ac3b2.csv,3,48,176,2,modified_speed,2.299124668425634e-09,0.00098162901122123,0.9990183115005493,0.0
poison/poismph/datapoismphseq/poisspd_mph_3f2b37cf.csv,0,0,128,0,authentic,0.9951281547546387,0.0010659456020221114,0.00024404168652836233,0.0035617437679320574
poison/poismph/datapoismphseq/poisspd_mph_3f2b37cf.csv,1,16,144,2,modified_speed,0.014150053262710571,0.10510258376598358,0.880747377872467,2.9657896138957085e-09
poison/poismph/datapoismphseq/poisspd_mph_3f2b37cf.csv,2,32,160,2,modified_speed,1.787486212379008e-07,0.0036435346119105816,0.9963563680648804,1.605826015283093e-35
poison/poismph/datapoismphseq/poisspd_mph_3f2b37cf.csv,3,48,176,2,modified_speed,9.528442923567582e-09,0.0015074809780344367,0.9984925389289856,0.0
poison/poismph/datapoismphseq/poisspd_mph_3f2b37cf.csv,4,64,192,2,modified_speed,3.0883381185731196e-08,0.0021423089783638716,0.9978576302528381,0.0
poison/poismph/datapoismphseq/poisspd_mph_3f2b37cf.csv,5,80,208,2,modified_speed,2.626140194195159e-08,0.0020213364623486996,0.9979786276817322,0.0
poison/poismph/datapoismphseq/poisspd_mph_3f2e7614.csv,0,0,128,2,modified_speed,9.538561052124805e-10,0.0007478960906155407,0.9992520809173584,0.0
poison/poismph/datapoismphseq/poisspd_mph_3f2e7614.csv,1,16,144,2,modified_speed,1.058534815356893e-09,0.0007781453314237297,0.9992218613624573,0.0
poison/poismph/datapoismphseq/poisspd_mph_3f2e7614.csv,2,32,160,2,modified_speed,1.3974634782698558e-09,0.0008446400170214474,0.9991554021835327,0.0
poison/poismph/datapoismphseq/poisspd_mph_3f2e7614.csv,3,48,176,2,modified_speed,1.3591420211511718e-09,0.0008386483532376587,0.9991613030433655,0.0
poison/poismph/datapoismphseq/poisspd_mph_3f2e7614.csv,4,64,192,2,modified_speed,1.6777896849617946e-09,0.0008912723860703409,0.9991087317466736,0.0
poison/poismph/datapoismphseq/poisspd_mph_3f2e7614.csv,5,80,208,2,modified_speed,1.7979183697391932e-09,0.0008994520176202059,0.9991005659103394,0.0
poison/poismph/datapoismphseq/poisspd_mph_3f2e8f41.csv,0,0,128,0,authentic,0.9919884204864502,0.002156313508749008,0.0005818846402689815,0.005273318849503994
poison/poismph/datapoismphseq/poisspd_mph_3f2e8f41.csv,1,16,144,0,authentic,0.9872992038726807,0.002176830777898431,0.0006299024680629373,0.009894176386296749
poison/poismph/datapoismphseq/poisspd_mph_3f2e8f41.csv,2,32,160,0,authentic,0.9211753606796265,0.014514114707708359,0.006717798765748739,0.05759270489215851
poison/poismph/datapoismphseq/poisspd_mph_3f2e8f41.csv,3,48,176,0,authentic,0.7609291672706604,0.1340007185935974,0.07263219356536865,0.03243785724043846
poison/poismph/datapoismphseq/poisspd_mph_3f2e8f41.csv,4,64,192,2,modified_speed,0.0011008238652721047,0.04956158250570297,0.9493376016616821,2.6831911597636517e-15
poison/poismph/datapoismphseq/poisspd_mph_3f325ccc.csv,0,0,128,0,authentic,0.910706102848053,0.054035384207963943,0.030986279249191284,0.0042721484787762165
poison/poismph/datapoismphseq/poisspd_mph_3f325ccc.csv,1,16,144,2,modified_speed,8.241034083766863e-05,0.022936031222343445,0.9769816398620605,2.238323676484e-21
poison/poismph/datapoismphseq/poisspd_mph_3f325ccc.csv,2,32,160,2,modified_speed,3.922540088296955e-07,0.004594245459884405,0.9954052567481995,9.370699336709568e-34
poison/poismph/datapoismphseq/poisspd_mph_3f325ccc.csv,3,48,176,2,modified_speed,1.4611980070355912e-08,0.0017039525555446744,0.9982960224151611,0.0
poison/poismph/datapoismphseq/poisspd_mph_3f325ccc.csv,4,64,192,2,modified_speed,2.7169033245399987e-08,0.002047903835773468,0.9979520440101624,0.0
poison/poismph/datapoismphseq/poisspd_mph_3f35c134.csv,0,0,128,0,authentic,0.998774528503418,0.00011919795360881835,2.3687614884693176e-05,0.0010826261714100838
poison/poismph/datapoismphseq/poisspd_mph_3f35c134.csv,1,16,144,0,authentic,0.9866238236427307,0.002441564342007041,0.0009535924764350057,0.009981010109186172
poison/poismph/datapoismphseq/poisspd_mph_3f35c134.csv,2,32,160,0,authentic,0.9880617260932922,0.0026811326388269663,0.0002867401053663343,0.00897026527673006
poison/poismph/datapoismphseq/poisspd_mph_3f35c134.csv,3,48,176,2,modified_speed,0.00917897280305624,0.09912830591201782,0.8916926383972168,2.2089498286081977e-10
poison/poismph/datapoismphseq/poisspd_mph_3f35c134.csv,4,64,192,2,modified_speed,2.4361813899531626e-08,0.001974371960386634,0.99802565574646,0.0
poison/poismph/datapoismphseq/poisspd_mph_3f35c134.csv,5,80,208,2,modified_speed,1.5768891969969445e-08,0.0017317991005256772,0.9982681274414062,0.0
poison/poismph/datapoismphseq/poisspd_mph_3f360050.csv,0,0,128,2,modified_speed,3.180982093908824e-05,0.01742805913090706,0.9825400710105896,1.694047397298095e-23
poison/poismph/datapoismphseq/poisspd_mph_3f360050.csv,1,16,144,2,modified_speed,4.5789108615856833e-10,0.0006053422694094479,0.9993946552276611,0.0
poison/poismph/datapoismphseq/poisspd_mph_3f360050.csv,2,32,160,2,modified_speed,5.068488406756444e-10,0.000622594146989286,0.9993773698806763,0.0
poison/poismph/datapoismphseq/poisspd_mph_3f360050.csv,3,48,176,2,modified_speed,8.625991587685178e-10,0.0007323040626943111,0.9992676973342896,0.0
poison/poismph/datapoismphseq/poisspd_mph_3f360050.csv,4,64,192,2,modified_speed,1.2032990159838164e-09,0.0008030637400224805,0.9991969466209412,0.0
poison/poismph/datapoismphseq/poisspd_mph_3f360050.csv,5,80,208,2,modified_speed,1.3212263505479882e-09,0.0008289010147564113,0.9991711378097534,0.0
poison/poismph/datapoismphseq/poisspd_mph_3f360050.csv,6,96,224,2,modified_speed,1.8250426725430202e-09,0.0009153511491604149,0.9990845918655396,0.0
poison/poismph/datapoismphseq/poisspd_mph_3f3a49a0.csv,0,0,128,0,authentic,0.9375317096710205,0.045018505305051804,0.015060573816299438,0.002389216097071767
poison/poismph/datapoismphseq/poisspd_mph_3f3a49a0.csv,1,16,144,0,authentic,0.9950752258300781,0.0032182238064706326,0.0009003212326206267,0.0008062480483204126
poison/poismph/datapoismphseq/poisspd_mph_3f3a49a0.csv,2,32,160,0,authentic,0.9952463507652283,0.0020855828188359737,0.0006211385480128229,0.0020469510927796364
poison/poismph/datapoismphseq/poisspd_mph_3f3a49a0.csv,3,48,176,0,authentic,0.9989944100379944,0.00024480020510964096,4.4791653635911644e-05,0.0007159140077419579
poison/poismph/datapoismphseq/poisspd_mph_3f3a49a0.csv,4,64,192,2,modified_speed,1.0305015166522935e-05,0.01229794230312109,0.9876917004585266,3.3473975147300253e-26
poison/poismph/datapoismphseq/poisspd_mph_3f3a49a0.csv,5,80,208,2,modified_speed,3.510534085648942e-09,0.0011083775898441672,0.9988916516304016,0.0
poison/poismph/datapoismphseq/poisspd_mph_3f3e624f.csv,0,0,128,0,authentic,0.9404231905937195,0.009873480536043644,0.007024480029940605,0.04267876595258713
poison/poismph/datapoismphseq/poisspd_mph_3f3e624f.csv,1,16,144,2,modified_speed,0.00021193080465309322,0.030400734394788742,0.9693873524665833,3.5685391051331924e-19
poison/poismph/datapoismphseq/poisspd_mph_3f3e624f.csv,2,32,160,2,modified_speed,2.1377854153570297e-08,0.0019061347702518106,0.998093843460083,0.0
poison/poismph/datapoismphseq/poisspd_mph_3f3e624f.csv,3,48,176,2,modified_speed,2.0552544555130225e-08,0.00188459362834692,0.9981154203414917,0.0
poison/poismph/datapoismphseq/poisspd_mph_3f3e624f.csv,4,64,192,2,modified_speed,6.622157400215656e-08,0.002677542855963111,0.9973223805427551,6.988670607754802e-38
poison/poismph/datapoismphseq/poisspd_mph_3f3e624f.csv,5,80,208,2,modified_speed,1.2499367585405707e-07,0.0032346174120903015,0.9967652559280396,1.924081891345371e-36
poison/poismph/datapoismphseq/poisspd_mph_3f421169.csv,0,0,128,0,authentic,0.9942626357078552,0.0021113937254995108,0.000996440532617271,0.002629490802064538
poison/poismph/datapoismphseq/poisspd_mph_3f421169.csv,1,16,144,0,authentic,0.9716036319732666,0.0019666492007672787,0.0012196911266073585,0.025209994986653328
poison/poismph/datapoismphseq/poisspd_mph_3f421169.csv,2,32,160,2,modified_speed,0.006539844907820225,0.0839286595582962,0.9095314741134644,5.828859617196258e-11
poison/poismph/datapoismphseq/poisspd_mph_3f421169.csv,3,48,176,2,modified_speed,5.459117602413244e-10,0.0006389548070728779,0.9993610978126526,0.0
poison/poismph/datapoismphseq/poisspd_mph_3f421169.csv,4,64,192,2,modified_speed,6.43172071157494e-10,0.000670091831125319,0.9993299245834351,0.0
poison/poismph/datapoismphseq/poisspd_mph_3f421169.csv,5,80,208,2,modified_speed,8.429313913538294e-10,0.0007254027295857668,0.999274492263794,0.0
poison/poismph/datapoismphseq/poisspd_mph_3f421169.csv,6,96,224,2,modified_speed,1.02228325804532e-09,0.00077227404108271,0.9992278218269348,0.0
poison/poismph/datapoismphseq/poisspd_mph_3f421169.csv,7,112,240,2,modified_speed,1.1945412436986658e-09,0.0007932009757496417,0.9992067813873291,0.0
poison/poismph/datapoismphseq/poisspd_mph_3f42884e.csv,0,0,128,2,modified_speed,1.0017794593863982e-08,0.0015282242093235254,0.9984718561172485,0.0
poison/poismph/datapoismphseq/poisspd_mph_3f42884e.csv,1,16,144,2,modified_speed,7.055737327732459e-09,0.0013725358294323087,0.9986273646354675,0.0
poison/poismph/datapoismphseq/poisspd_mph_3f42884e.csv,2,32,160,2,modified_speed,1.034067143024231e-08,0.001544608036056161,0.9984554648399353,0.0
poison/poismph/datapoismphseq/poisspd_mph_3f42884e.csv,3,48,176,2,modified_speed,3.8019351222828845e-08,0.0022802934981882572,0.9977196455001831,0.0
poison/poismph/datapoismphseq/poisspd_mph_3f42884e.csv,4,64,192,2,modified_speed,1.5287399435237603e-07,0.0034725572913885117,0.9965272545814514,6.880300305395613e-36
poison/poismph/datapoismphseq/poisspd_mph_3f42c0c7.csv,0,0,128,2,modified_speed,0.00393900740891695,0.08003867417573929,0.9160223007202148,2.0639527413546244e-12
poison/poismph/datapoismphseq/poisspd_mph_3f42c0c7.csv,1,16,144,2,modified_speed,1.8172306326391663e-08,0.0018530591623857617,0.9981468319892883,0.0
poison/poismph/datapoismphseq/poisspd_mph_3f42c0c7.csv,2,32,160,2,modified_speed,1.7317848488573873e-08,0.001817540847696364,0.9981824159622192,0.0
poison/poismph/datapoismphseq/poisspd_mph_3f42c0c7.csv,3,48,176,2,modified_speed,2.0098889663699993e-08,0.0018982421606779099,0.9981017112731934,0.0
poison/poismph/datapoismphseq/poisspd_mph_3f42c0c7.csv,4,64,192,2,modified_speed,2.652236474887104e-08,0.0020608901977539062,0.9979390501976013,0.0
poison/poismph/datapoismphseq/poisspd_mph_3f46c72a.csv,0,0,128,2,modified_speed,3.246900450903922e-05,0.017528515309095383,0.9824390411376953,1.874961128541318e-23
poison/poismph/datapoismphseq/poisspd_mph_3f46c72a.csv,1,16,144,2,modified_speed,3.2121137337526307e-05,0.017558656632900238,0.9824092388153076,1.9579989940075973e-23
poison/poismph/datapoismphseq/poisspd_mph_3f46c72a.csv,2,32,160,2,modified_speed,3.244510662625544e-05,0.017453577369451523,0.9825140237808228,1.7190126361378055e-23
poison/poismph/datapoismphseq/poisspd_mph_3f46c72a.csv,3,48,176,2,modified_speed,8.026306750252843e-05,0.02280006743967533,0.9771196842193604,2.022072289902678e-21
poison/poismph/datapoismphseq/poisspd_mph_3f46c72a.csv,4,64,192,2,modified_speed,0.0006943473126739264,0.04763185977935791,0.9516738057136536,1.3458632230376686e-16
poison/poismph/datapoismphseq/poisspd_mph_3f46c72a.csv,5,80,208,2,modified_speed,0.00031262467382475734,0.03427906334400177,0.9654083847999573,3.1765398155067494e-18
poison/poismph/datapoismphseq/poisspd_mph_3f46c72a.csv,6,96,224,0,authentic,0.9908175468444824,0.004236047621816397,0.003673223778605461,0.0012731626629829407
poison/poismph/datapoismphseq/poisspd_mph_3f46ee35.csv,0,0,128,2,modified_speed,7.788538702868664e-09,0.0014241590397432446,0.9985758662223816,0.0
poison/poismph/datapoismphseq/poisspd_mph_3f46ee35.csv,1,16,144,2,modified_speed,8.564473019667673e-10,0.0007293837261386216,0.9992705583572388,0.0
poison/poismph/datapoismphseq/poisspd_mph_3f46ee35.csv,2,32,160,2,modified_speed,8.160358500042264e-10,0.000716576527338475,0.999283492565155,0.0
poison/poismph/datapoismphseq/poisspd_mph_3f46ee35.csv,3,48,176,2,modified_speed,9.93789051051408e-10,0.0007590671302750707,0.9992409348487854,0.0
poison/poismph/datapoismphseq/poisspd_mph_3f46ee35.csv,4,64,192,2,modified_speed,1.5579346701599661e-09,0.0008631100645288825,0.9991368651390076,0.0
poison/poismph/datapoismphseq/poisspd_mph_3f4ac1e4.csv,0,0,128,2,modified_speed,2.1926804816274625e-09,0.0009706514538265765,0.9990293979644775,0.0
poison/poismph/datapoismphseq/poisspd_mph_3f4ac1e4.csv,1,16,144,2,modified_speed,1.4843225537575222e-09,0.0008629547082819045,0.9991370439529419,0.0
poison/poismph/datapoismphseq/poisspd_mph_3f4ac1e4.csv,2,32,160,2,modified_speed,2.362803508404454e-09,0.0009897890267893672,0.9990102052688599,0.0
poison/poismph/datapoismphseq/poisspd_mph_3f4ac1e4.csv,3,48,176,2,modified_speed,3.1866391747570333e-09,0.0010850116377696395,0.9989149570465088,0.0
poison/poismph/datapoismphseq/poisspd_mph_3f4ac1e4.csv,4,64,192,2,modified_speed,4.129640629457754e-09,0.0011540140258148313,0.9988459348678589,0.0
poison/poismph/datapoismphseq/poisspd_mph_3f4dc55d.csv,0,0,128,2,modified_speed,3.729541120378599e-08,0.0022773686796426773,0.9977226257324219,0.0
poison/poismph/datapoismphseq/poisspd_mph_3f4dc55d.csv,1,16,144,2,modified_speed,8.895564840294412e-10,0.0007345365593209863,0.9992655515670776,0.0
poison/poismph/datapoismphseq/poisspd_mph_3f4dc55d.csv,2,32,160,2,modified_speed,1.0100738023766098e-09,0.0007616160437464714,0.9992383122444153,0.0
poison/poismph/datapoismphseq/poisspd_mph_3f4dc55d.csv,3,48,176,2,modified_speed,1.3149028532666307e-09,0.0008276263833977282,0.9991723895072937,0.0
poison/poismph/datapoismphseq/poisspd_mph_3f4dc55d.csv,4,64,192,2,modified_speed,1.6093801846750466e-09,0.0008800530340522528,0.9991199374198914,0.0
poison/poismph/datapoismphseq/poisspd_mph_3f4dc55d.csv,5,80,208,2,modified_speed,1.6329938512527065e-09,0.0008824158576317132,0.9991175532341003,0.0
poison/poismph/datapoismphseq/poisspd_mph_3f4dc55d.csv,6,96,224,2,modified_speed,2.0797019661955574e-09,0.0009362364653497934,0.9990637898445129,0.0
poison/poismph/datapoismphseq/poisspd_mph_3f4ddd02.csv,0,0,128,0,authentic,0.9997997879981995,7.619560165039729e-06,9.767520623427117e-07,0.00019164646801073104
poison/poismph/datapoismphseq/poisspd_mph_3f4ddd02.csv,1,16,144,0,authentic,0.9465880990028381,0.019055312499403954,0.012217908166348934,0.022138705477118492
poison/poismph/datapoismphseq/poisspd_mph_3f4ddd02.csv,2,32,160,0,authentic,0.8193714618682861,0.09502702206373215,0.01673024706542492,0.06887122988700867
poison/poismph/datapoismphseq/poisspd_mph_3f4ddd02.csv,3,48,176,0,authentic,0.6122308969497681,0.14620059728622437,0.00876232422888279,0.23280610144138336
poison/poismph/datapoismphseq/poisspd_mph_3f4ddd02.csv,4,64,192,2,modified_speed,0.005317810922861099,0.0781777948141098,0.9165043830871582,1.429595851420995e-11
poison/poismph/datapoismphseq/poisspd_mph_3f4ddd02.csv,5,80,208,2,modified_speed,1.8711141080984817e-08,0.0018152117263525724,0.9981847405433655,0.0
poison/poismph/datapoismphseq/poisspd_mph_3f5229d9.csv,0,0,128,2,modified_speed,1.983224473534051e-09,0.0009360946714878082,0.9990639090538025,0.0
poison/poismph/datapoismphseq/poisspd_mph_3f5229d9.csv,1,16,144,2,modified_speed,1.9105077520009672e-09,0.0009242341038770974,0.9990757703781128,0.0
poison/poismph/datapoismphseq/poisspd_mph_3f5229d9.csv,2,32,160,2,modified_speed,2.0690453794713903e-09,0.0009502223692834377,0.999049723148346,0.0
poison/poismph/datapoismphseq/poisspd_mph_3f5229d9.csv,3,48,176,2,modified_speed,2.1798551852469927e-09,0.0009622391080483794,0.9990377426147461,0.0
poison/poismph/datapoismphseq/poisspd_mph_3f5229d9.csv,4,64,192,2,modified_speed,2.2205188798807285e-09,0.0009639100171625614,0.9990360736846924,0.0
poison/poismph/datapoismphseq/poisspd_mph_3f5229d9.csv,5,80,208,2,modified_speed,3.137159643173959e-09,0.001072859624400735,0.9989271759986877,0.0
poison/poismph/datapoismphseq/poisspd_mph_3f5229d9.csv,6,96,224,2,modified_speed,3.792933966906276e-09,0.0011350385611876845,0.9988649487495422,0.0
poison/poismph/datapoismphseq/poisspd_mph_3f5229d9.csv,7,112,240,2,modified_speed,3.813045879041965e-09,0.001135651720687747,0.9988643527030945,0.0
poison/poismph/datapoismphseq/poisspd_mph_3f5229d9.csv,8,128,256,2,modified_speed,0.00011011802416760474,0.025101695209741592,0.9747881889343262,1.141493412569266e-20
poison/poismph/datapoismphseq/poisspd_mph_3f5229d9.csv,9,144,272,0,authentic,0.998111367225647,0.0008642914472147822,0.00024256104370579123,0.0007817961159162223
poison/poismph/datapoismphseq/poisspd_mph_3f5229d9.csv,10,160,288,0,authentic,0.908341109752655,0.046250127255916595,0.009302702732384205,0.03610605373978615
poison/poismph/datapoismphseq/poisspd_mph_3f5af0e7.csv,0,0,128,2,modified_speed,3.980064278152895e-09,0.0011756154708564281,0.9988244771957397,0.0
poison/poismph/datapoismphseq/poisspd_mph_3f5af0e7.csv,1,16,144,2,modified_speed,9.418845703379475e-10,0.0007493800367228687,0.999250590801239,0.0
poison/poismph/datapoismphseq/poisspd_mph_3f5af0e7.csv,2,32,160,2,modified_speed,1.0720059284707872e-09,0.0007836063741706312,0.9992163181304932,0.0
poison/poismph/datapoismphseq/poisspd_mph_3f5af0e7.csv,3,48,176,2,modified_speed,1.3303087520455392e-09,0.0008350185817107558,0.999164879322052,0.0
poison/poismph/datapoismphseq/poisspd_mph_3f5af0e7.csv,4,64,192,2,modified_speed,3.584573970982774e-09,0.0011165342293679714,0.9988834261894226,0.0
poison/poismph/datapoismphseq/poisspd_mph_3f5f1cea.csv,0,0,128,2,modified_speed,1.0594660704299486e-09,0.0007742628804408014,0.9992257952690125,0.0
poison/poismph/datapoismphseq/poisspd_mph_3f5f1cea.csv,1,16,144,2,modified_speed,5.709997474845352e-10,0.0006389024201780558,0.9993610978126526,0.0
poison/poismph/datapoismphseq/poisspd_mph_3f5f1cea.csv,2,32,160,2,modified_speed,1.0383819359915947e-09,0.0007646136218681931,0.9992353320121765,0.0
poison/poismph/datapoismphseq/poisspd_mph_3f5f1cea.csv,3,48,176,2,modified_speed,1.3569333434659825e-09,0.0008323700749315321,0.9991676211357117,0.0
poison/poismph/datapoismphseq/poisspd_mph_3f5f1cea.csv,4,64,192,2,modified_speed,2.382040342752134e-09,0.000987549195997417,0.9990124702453613,0.0
poison/poismph/datapoismphseq/poisspd_mph_3f5f1cea.csv,5,80,208,2,modified_speed,2.420724953822173e-09,0.0009834684897214174,0.999016523361206,0.0
poison/poismph/datapoismphseq/poisspd_mph_3f5f4746.csv,0,0,128,2,modified_speed,2.3911203683724125e-08,0.001996006118133664,0.9980040192604065,0.0
poison/poismph/datapoismphseq/poisspd_mph_3f5f4746.csv,1,16,144,2,modified_speed,4.067271408558781e-09,0.0011611118679866195,0.9988389015197754,0.0
poison/poismph/datapoismphseq/poisspd_mph_3f5f4746.csv,2,32,160,2,modified_speed,2.8397222351372875e-09,0.0010426273802295327,0.9989573955535889,0.0
poison/poismph/datapoismphseq/poisspd_mph_3f5f4746.csv,3,48,176,2,modified_speed,3.8277092606620045e-09,0.0011464483104646206,0.9988535642623901,0.0
poison/poismph/datapoismphseq/poisspd_mph_3f5f4746.csv,4,64,192,2,modified_speed,7.884459307661018e-09,0.0014116672100499272,0.9985882639884949,0.0
poison/poismph/datapoismphseq/poisspd_mph_3f5f559d.csv,0,0,128,2,modified_speed,1.5352273896596103e-09,0.000868611445184797,0.9991313815116882,0.0
poison/poismph/datapoismphseq/poisspd_mph_3f5f559d.csv,1,16,144,2,modified_speed,1.7962417109274043e-09,0.0009073461405932903,0.999092698097229,0.0
poison/poismph/datapoismphseq/poisspd_mph_3f5f559d.csv,2,32,160,2,modified_speed,4.4957233491516035e-09,0.001196015626192093,0.998803973197937,0.0
poison/poismph/datapoismphseq/poisspd_mph_3f66d87a.csv,0,0,128,1,modified_altitude,0.00018423396977595985,0.7500720024108887,0.24974386394023895,7.629340133834008e-23
poison/poismph/datapoismphseq/poisspd_mph_3f66d87a.csv,1,16,144,1,modified_altitude,0.00029145964072085917,0.5034612417221069,0.496247261762619,1.8989926716136087e-22
poison/poismph/datapoismphseq/poisspd_mph_3f66d87a.csv,2,32,160,1,modified_altitude,0.00032007243135012686,0.7173064351081848,0.2823735177516937,1.5072043602992904e-21
poison/poismph/datapoismphseq/poisspd_mph_3f66d87a.csv,3,48,176,1,modified_altitude,0.0004341815074440092,0.6351395845413208,0.36442625522613525,9.558804646815455e-21
poison/poismph/datapoismphseq/poisspd_mph_3f66d87a.csv,4,64,192,2,modified_speed,9.365264850202948e-05,0.2263956516981125,0.7735106945037842,2.8706297297889796e-24
poison/poismph/datapoismphseq/poisspd_mph_3f66d87a.csv,5,80,208,2,modified_speed,5.656170642964753e-09,0.0012696378398686647,0.9987303614616394,0.0
poison/poismph/datapoismphseq/poisspd_mph_3f67096a.csv,0,0,128,0,authentic,0.9996424913406372,9.936885180650279e-05,2.0635357941500843e-05,0.00023752047854941338
poison/poismph/datapoismphseq/poisspd_mph_3f67096a.csv,1,16,144,0,authentic,0.9840811491012573,0.002651596674695611,0.0017536769155412912,0.011513552628457546
poison/poismph/datapoismphseq/poisspd_mph_3f67096a.csv,2,32,160,2,modified_speed,8.776675741728468e-08,0.0029636218678206205,0.997036337852478,4.3398935389108405e-37
poison/poismph/datapoismphseq/poisspd_mph_3f67096a.csv,3,48,176,2,modified_speed,1.0587459797761767e-08,0.001550974790006876,0.9984490275382996,0.0
poison/poismph/datapoismphseq/poisspd_mph_3f67096a.csv,4,64,192,2,modified_speed,1.714530029062189e-08,0.001794655341655016,0.9982053637504578,0.0
poison/poismph/datapoismphseq/poisspd_mph_3f67096a.csv,5,80,208,2,modified_speed,2.0575905423925178e-08,0.001892886939458549,0.9981070756912231,0.0
poison/poismph/datapoismphseq/poisspd_mph_3f67096a.csv,6,96,224,2,modified_speed,1.910748714806232e-08,0.0018406457966193557,0.9981592893600464,0.0
poison/poismph/datapoismphseq/poisspd_mph_3f67096a.csv,7,112,240,2,modified_speed,2.3463405440793395e-08,0.001974501647055149,0.9980255365371704,0.0
poison/poismph/datapoismphseq/poisspd_mph_3f67096a.csv,8,128,256,2,modified_speed,2.8940323915094268e-08,0.0021106493659317493,0.9978892803192139,0.0
poison/poismph/datapoismphseq/poisspd_mph_3f67096a.csv,9,144,272,2,modified_speed,1.0451417864487667e-07,0.0031068555545061827,0.996893048286438,9.81090353942145e-37
poison/poismph/datapoismphseq/poisspd_mph_3f67096a.csv,10,160,288,2,modified_speed,1.5241977052937727e-05,0.014007476158440113,0.985977292060852,3.4863734823336234e-25
poison/poismph/datapoismphseq/poisspd_mph_3f67096a.csv,11,176,304,0,authentic,0.9430187344551086,0.009471764788031578,0.0012779505923390388,0.04623152315616608
poison/poismph/datapoismphseq/poisspd_mph_3f67096a.csv,12,192,320,0,authentic,0.986447811126709,0.01019373070448637,0.002485110657289624,0.0008733830763958395
poison/poismph/datapoismphseq/poisspd_mph_3f67096a.csv,13,208,336,0,authentic,0.9949275255203247,0.0026100059039890766,0.00034701585536822677,0.0021154298447072506
poison/poismph/datapoismphseq/poisspd_mph_3f67096a.csv,14,224,352,0,authentic,0.9910690784454346,0.005578329320997,0.0006310673197731376,0.00272157764993608
poison/poismph/datapoismphseq/poisspd_mph_3f67096a.csv,15,240,368,0,authentic,0.9991000294685364,0.000716641778126359,7.561175880255178e-05,0.0001076697080861777
poison/poismph/datapoismphseq/poisspd_mph_3f67096a.csv,16,256,384,0,authentic,0.9994813799858093,0.0002359475620323792,3.156425373163074e-05,0.0002511332568246871
poison/poismph/datapoismphseq/poisspd_mph_3f67096a.csv,17,272,400,0,authentic,0.9979919195175171,0.0005885097780264914,0.00013103376841172576,0.0012884686002507806
poison/poismph/datapoismphseq/poisspd_mph_3f67096a.csv,18,288,416,0,authentic,0.9995694756507874,3.158992331009358e-05,3.908086455339799e-06,0.00039503228617832065
poison/poismph/datapoismphseq/poisspd_mph_3f6a9c9b.csv,0,0,128,0,authentic,0.9815323352813721,0.005343172233551741,0.0030067700427025557,0.010117709636688232
poison/poismph/datapoismphseq/poisspd_mph_3f6a9c9b.csv,1,16,144,0,authentic,0.8682449460029602,0.02033887803554535,0.017642714083194733,0.0937734916806221
poison/poismph/datapoismphseq/poisspd_mph_3f6a9c9b.csv,2,32,160,2,modified_speed,4.1327425037707144e-07,0.004673649091273546,0.9953259825706482,1.2715589634138504e-33
poison/poismph/datapoismphseq/poisspd_mph_3f6a9c9b.csv,3,48,176,2,modified_speed,1.918265866152069e-07,0.003716216655448079,0.9962835311889648,2.2639629461048958e-35
poison/poismph/datapoismphseq/poisspd_mph_3f6a9c9b.csv,4,64,192,2,modified_speed,3.3782336927856704e-09,0.0010867640376091003,0.9989132881164551,0.0
poison/poismph/datapoismphseq/poisspd_mph_3f6b0792.csv,0,0,128,0,authentic,0.6119177937507629,0.19351962208747864,0.19421429932117462,0.00034823850728571415
poison/poismph/datapoismphseq/poisspd_mph_3f6b0792.csv,1,16,144,2,modified_speed,0.020344220101833344,0.11338410526514053,0.8662716150283813,2.196419579547637e-08
poison/poismph/datapoismphseq/poisspd_mph_3f6b0792.csv,2,32,160,2,modified_speed,1.93389587366255e-05,0.015013914555311203,0.9849667549133301,1.1907682800988156e-24
poison/poismph/datapoismphseq/poisspd_mph_3f6b0792.csv,3,48,176,2,modified_speed,2.7433779905550182e-05,0.016737142577767372,0.9832354784011841,8.320198008900154e-24
poison/poismph/datapoismphseq/poisspd_mph_3f6b0792.csv,4,64,192,2,modified_speed,3.5574950743466616e-05,0.018143026158213615,0.9818214178085327,3.5305655984340016e-23
poison/poismph/datapoismphseq/poisspd_mph_3f6b0792.csv,5,80,208,2,modified_speed,3.985554940300062e-05,0.018656359985470772,0.981303870677948,5.718440080172631e-23
poison/poismph/datapoismphseq/poisspd_mph_3f6b0792.csv,6,96,224,2,modified_speed,6.263989780563861e-05,0.0211336649954319,0.9788036346435547,5.168139043061612e-22
poison/poismph/datapoismphseq/poisspd_mph_3f6b0792.csv,7,112,240,2,modified_speed,0.0003760073450393975,0.035557035356760025,0.9640670418739319,5.89362215977092e-18
poison/poismph/datapoismphseq/poisspd_mph_3f6e8fbb.csv,0,0,128,0,authentic,0.9910218715667725,0.004152075853198767,0.002484465716406703,0.002341489540413022
poison/poismph/datapoismphseq/poisspd_mph_3f6e8fbb.csv,1,16,144,0,authentic,0.9983709454536438,0.0003134864673484117,7.853165152482688e-05,0.001237112795934081
poison/poismph/datapoismphseq/poisspd_mph_3f6e8fbb.csv,2,32,160,2,modified_speed,3.813117877005112e-10,0.0005673835403285921,0.9994326233863831,0.0
poison/poismph/datapoismphseq/poisspd_mph_3f6e8fbb.csv,3,48,176,2,modified_speed,5.533855040873448e-10,0.0006351528572849929,0.9993649125099182,0.0
poison/poismph/datapoismphseq/poisspd_mph_3f6e8fbb.csv,4,64,192,2,modified_speed,6.61050270078789e-10,0.0006688037537969649,0.9993312358856201,0.0
poison/poismph/datapoismphseq/poisspd_mph_3f6e8fbb.csv,5,80,208,2,modified_speed,6.282723785666633e-10,0.0006596790626645088,0.9993403553962708,0.0
poison/poismph/datapoismphseq/poisspd_mph_3f6e8fbb.csv,6,96,224,2,modified_speed,8.240751969701421e-10,0.0007167198928073049,0.9992832541465759,0.0
poison/poismph/datapoismphseq/poisspd_mph_3f6ed9ff.csv,0,0,128,2,modified_speed,0.1254415512084961,0.16268301010131836,0.7118291854858398,4.6283439587568864e-05
poison/poismph/datapoismphseq/poisspd_mph_3f6ed9ff.csv,1,16,144,2,modified_speed,8.469080436945831e-10,0.0007244349108077586,0.9992755651473999,0.0
poison/poismph/datapoismphseq/poisspd_mph_3f6ed9ff.csv,2,32,160,2,modified_speed,8.946975382784217e-10,0.0007396135479211807,0.999260425567627,0.0
poison/poismph/datapoismphseq/poisspd_mph_3f6ed9ff.csv,3,48,176,2,modified_speed,9.6591223908149e-10,0.0007552696042694151,0.999244749546051,0.0
poison/poismph/datapoismphseq/poisspd_mph_3f6ed9ff.csv,4,64,192,2,modified_speed,9.574921966404304e-10,0.0007521789520978928,0.9992478489875793,0.0
poison/poismph/datapoismphseq/poisspd_mph_3f6ed9ff.csv,5,80,208,2,modified_speed,1.6338376207514216e-09,0.0008847345015965402,0.9991152882575989,0.0
poison/poismph/datapoismphseq/poisspd_mph_3f6ed9ff.csv,6,96,224,2,modified_speed,1.6207297726111847e-09,0.0008812588639557362,0.9991187453269958,0.0
poison/poismph/datapoismphseq/poisspd_mph_3f6ed9ff.csv,7,112,240,2,modified_speed,6.209327718664781e-09,0.0013249189360067248,0.9986750483512878,0.0
poison/poismph/datapoismphseq/poisspd_mph_3f6ed9ff.csv,8,128,256,2,modified_speed,0.0016063746297731996,0.056004565209150314,0.9423890113830566,2.6679716717673864e-14
poison/poismph/datapoismphseq/poisspd_mph_3f6ed9ff.csv,9,144,272,0,authentic,0.8009189367294312,0.06540143489837646,0.038769155740737915,0.09491050243377686
poison/poismph/datapoismphseq/poisspd_mph_3f6ed9ff.csv,10,160,288,0,authentic,0.5634542107582092,0.10343225300312042,0.1168312355875969,0.21628229320049286
poison/poismph/datapoismphseq/poisspd_mph_3f6ed9ff.csv,11,176,304,0,authentic,0.6086152791976929,0.12132127583026886,0.20236629247665405,0.06769713759422302
poison/poismph/datapoismphseq/poisspd_mph_3f6ed9ff.csv,12,192,320,0,authentic,0.8779484629631042,0.06139393150806427,0.052729442715644836,0.007928128354251385
poison/poismph/datapoismphseq/poisspd_mph_3f72dde5.csv,0,0,128,0,authentic,0.8893890976905823,0.05644039437174797,0.045202821493148804,0.008967605419456959
poison/poismph/datapoismphseq/poisspd_mph_3f72dde5.csv,1,16,144,2,modified_speed,5.1092872155322766e-08,0.0024853507056832314,0.997514545917511,1.9064065851396405e-38
poison/poismph/datapoismphseq/poisspd_mph_3f72dde5.csv,2,32,160,2,modified_speed,1.3407674259724445e-07,0.0033432275522500277,0.9966566562652588,3.5444867557703043e-36
poison/poismph/datapoismphseq/poisspd_mph_3f72dde5.csv,3,48,176,2,modified_speed,1.0423828467054364e-09,0.0007641518022865057,0.9992358088493347,0.0
poison/poismph/datapoismphseq/poisspd_mph_3f7ba01a.csv,0,0,128,2,modified_speed,6.914086156939447e-07,0.005497260484844446,0.994502067565918,2.258754712901655e-32
poison/poismph/datapoismphseq/poisspd_mph_3f7ba01a.csv,1,16,144,2,modified_speed,8.90282478849258e-07,0.00590629642829299,0.9940927624702454,7.912030894699687e-32
poison/poismph/datapoismphseq/poisspd_mph_3f7ba01a.csv,2,32,160,2,modified_speed,1.0525657216930995e-06,0.006199931725859642,0.9937990307807922,1.8519844143038441e-31
poison/poismph/datapoismphseq/poisspd_mph_3f7ba01a.csv,3,48,176,2,modified_speed,7.087858648446854e-06,0.01734999567270279,0.9826428890228271,3.3796059774886803e-28
poison/poismph/datapoismphseq/poisspd_mph_3f7f9dd0.csv,0,0,128,2,modified_speed,0.00017550015763845295,0.02910342440009117,0.9707210063934326,1.6766123835837318e-19
poison/poismph/datapoismphseq/poisspd_mph_3f7f9dd0.csv,1,16,144,2,modified_speed,1.92682682609302e-06,0.007615938782691956,0.9923821091651917,7.415694697416679e-30
poison/poismph/datapoismphseq/poisspd_mph_3f7f9dd0.csv,2,32,160,2,modified_speed,2.3096629320207285e-06,0.007970252074301243,0.9920275211334229,1.6174045437031843e-29
poison/poismph/datapoismphseq/poisspd_mph_3f7f9dd0.csv,3,48,176,2,modified_speed,7.606711733387783e-06,0.011352088302373886,0.9886403679847717,8.33467214588569e-27
poison/poismph/datapoismphseq/poisspd_mph_3f7f9dd0.csv,4,64,192,2,modified_speed,1.4718789316248149e-05,0.013829398900270462,0.9861559271812439,2.760985065103793e-25
poison/poismph/datapoismphseq/poisspd_mph_3f7f9dd0.csv,5,80,208,2,modified_speed,1.662282011238858e-05,0.014299408532679081,0.9856839179992676,4.96086618731359e-25
poison/poismph/datapoismphseq/poisspd_mph_3f86beca.csv,0,0,128,2,modified_speed,7.694345161013416e-10,0.000698251707945019,0.9993018507957458,0.0
poison/poismph/datapoismphseq/poisspd_mph_3f86beca.csv,1,16,144,2,modified_speed,1.3867561543534634e-09,0.0008398912032134831,0.99916011095047,0.0
poison/poismph/datapoismphseq/poisspd_mph_3f86beca.csv,2,32,160,2,modified_speed,1.4753623878149824e-09,0.0008580408175475895,0.9991419315338135,0.0
poison/poismph/datapoismphseq/poisspd_mph_3f86beca.csv,3,48,176,2,modified_speed,2.478806493400043e-09,0.0010007007513195276,0.998999297618866,0.0
poison/poismph/datapoismphseq/poisspd_mph_3f86beca.csv,4,64,192,2,modified_speed,2.1361474811243397e-09,0.0009550428949296474,0.9990449547767639,0.0
poison/poismph/datapoismphseq/poisspd_mph_3f86beca.csv,5,80,208,2,modified_speed,1.461399889990389e-09,0.0008453992777504027,0.9991545677185059,0.0
poison/poismph/datapoismphseq/poisspd_mph_3f871473.csv,0,0,128,2,modified_speed,9.112487986406848e-10,0.000740871939342469,0.9992591142654419,0.0
poison/poismph/datapoismphseq/poisspd_mph_3f871473.csv,1,16,144,2,modified_speed,1.1765407537112083e-09,0.0008019570959731936,0.9991979598999023,0.0
poison/poismph/datapoismphseq/poisspd_mph_3f871473.csv,2,32,160,2,modified_speed,1.4333835229862757e-09,0.0008543443400412798,0.9991456270217896,0.0
poison/poismph/datapoismphseq/poisspd_mph_3f871473.csv,3,48,176,2,modified_speed,1.983129438443143e-09,0.0009420400019735098,0.999057948589325,0.0
poison/poismph/datapoismphseq/poisspd_mph_3f871473.csv,4,64,192,2,modified_speed,2.85949974809796e-09,0.0010450060945004225,0.9989550113677979,0.0
poison/poismph/datapoismphseq/poisspd_mph_3f871473.csv,5,80,208,2,modified_speed,5.051962848057201e-09,0.0012392099015414715,0.9987608194351196,0.0
poison/poismph/datapoismphseq/poisspd_mph_3f873f36.csv,0,0,128,0,authentic,0.7456353306770325,0.10358218848705292,0.12059811502695084,0.030184322968125343
poison/poismph/datapoismphseq/poisspd_mph_3f873f36.csv,1,16,144,2,modified_speed,0.00302457925863564,0.14135873317718506,0.8556166887283325,1.669457215698611e-13
poison/poismph/datapoismphseq/poisspd_mph_3f873f36.csv,2,32,160,2,modified_speed,3.9369318916016027e-10,0.0005742419161833823,0.9994257688522339,0.0
poison/poismph/datapoismphseq/poisspd_mph_3f8aa6b7.csv,0,0,128,0,authentic,0.9998859167098999,1.8213095245300792e-05,2.7247997422819026e-06,9.31185859371908e-05
poison/poismph/datapoismphseq/poisspd_mph_3f8aa6b7.csv,1,16,144,0,authentic,0.9617682695388794,0.019592098891735077,0.015572542324662209,0.003067017998546362
poison/poismph/datapoismphseq/poisspd_mph_3f8aa6b7.csv,2,32,160,0,authentic,0.9744120836257935,0.00843688752502203,0.0034556169994175434,0.013695470988750458
poison/poismph/datapoismphseq/poisspd_mph_3f8aa6b7.csv,3,48,176,0,authentic,0.9809466600418091,0.007690614555031061,0.0035807474050670862,0.007781855296343565
poison/poismph/datapoismphseq/poisspd_mph_3f8aa6b7.csv,4,64,192,0,authentic,0.6647912859916687,0.1793133020401001,0.15139076113700867,0.004504762124270201
poison/poismph/datapoismphseq/poisspd_mph_3f8aa6b7.csv,5,80,208,2,modified_speed,0.00292916689068079,0.06553734093904495,0.9315334558486938,4.872612729966974e-13
poison/poismph/datapoismphseq/poisspd_mph_3f8aa6b7.csv,6,96,224,2,modified_speed,0.0002840872621163726,0.032925236970186234,0.9667906761169434,1.4835082069565697e-18
poison/poismph/datapoismphseq/poisspd_mph_3f8b1603.csv,0,0,128,2,modified_speed,0.0129001559689641,0.09785155206918716,0.8892483115196228,8.175430887824575e-10
poison/poismph/datapoismphseq/poisspd_mph_3f8b1603.csv,1,16,144,2,modified_speed,0.014151780866086483,0.10325346887111664,0.8825947046279907,3.572696360976124e-09
poison/poismph/datapoismphseq/poisspd_mph_3f8b1603.csv,2,32,160,2,modified_speed,0.009489620104432106,0.09258747845888138,0.8979229927062988,3.973766871112616e-10
poison/poismph/datapoismphseq/poisspd_mph_3f8b1603.csv,3,48,176,2,modified_speed,0.05516916513442993,0.14517472684383392,0.7996488809585571,7.133101007639198e-06
poison/poismph/datapoismphseq/poisspd_mph_3f8b1603.csv,4,64,192,1,modified_altitude,0.019293127581477165,0.9493322372436523,0.031374622136354446,1.1816471356951297e-07
poison/poismph/datapoismphseq/poisspd_mph_3f8b1603.csv,5,80,208,2,modified_speed,0.12886807322502136,0.15938188135623932,0.7115837931632996,0.00016622914699837565
poison/poismph/datapoismphseq/poisspd_mph_3f8b1603.csv,6,96,224,2,modified_speed,0.3934754729270935,0.202628031373024,0.400989294052124,0.0029072370380163193
poison/poismph/datapoismphseq/poisspd_mph_3f8b7bb1.csv,0,0,128,2,modified_speed,3.1416895751590346e-08,0.0021349701564759016,0.9978649616241455,0.0
poison/poismph/datapoismphseq/poisspd_mph_3f8b7bb1.csv,1,16,144,2,modified_speed,1.3700724110776719e-08,0.0016725797904655337,0.9983274340629578,0.0
poison/poismph/datapoismphseq/poisspd_mph_3f8b7bb1.csv,2,32,160,2,modified_speed,1.669370952583904e-08,0.00177635601721704,0.9982236623764038,0.0
poison/poismph/datapoismphseq/poisspd_mph_3f8b7bb1.csv,3,48,176,2,modified_speed,2.494173223510643e-08,0.0019987947307527065,0.9980011582374573,0.0
poison/poismph/datapoismphseq/poisspd_mph_3f8b7bb1.csv,4,64,192,2,modified_speed,5.8260656743414074e-08,0.002569892443716526,0.9974300265312195,3.3776225560822515e-38
poison/poismph/datapoismphseq/poisspd_mph_3f8f1c63.csv,0,0,128,2,modified_speed,1.8809123503160663e-07,0.0037074722349643707,0.9962922930717468,2.1919680784129504e-35
poison/poismph/datapoismphseq/poisspd_mph_3f8f1c63.csv,1,16,144,2,modified_speed,2.3909353785711573e-07,0.0039653959684073925,0.9960343241691589,7.063196005233874e-35
